local_time,elapsed_s,sample_source,phase,state,state_id,armed,altitude_setpoint_m,altitude_m,vertical_speed_m_s,roll_deg,pitch_deg,yaw_deg,joystick_throttle_pwm,output_throttle_pwm,output_correction_pwm,output_saturated,output_roll_pwm,output_pitch_pwm,output_yaw_pwm,TAKEOFF_ALT,TAKEOFF_RATE,ALT_KP,ALT_KI,ALT_KD,ALT_OUT_LIMIT,HOV_BASELINE
2026-08-19T12:41:48.862+03:00,0.006541,V2_CHANNEL_STATUS,Waiting for bt-app telemetry,,,0,,,,,,,1000,1000,,0,1500,1500,1500,,,,,,,
2026-08-19T12:41:48.961+03:00,0.105864,V2_CHANNEL_STATUS,Waiting for bt-app telemetry,,,0,,,,,,,1000,1000,,0,1500,1500,1500,,,,,,,
2026-08-19T12:41:49.059+03:00,0.203836,V2_CHANNEL_STATUS,Waiting for bt-app telemetry,,,0,,,,,,,1000,1000,,0,1500,1500,1500,,,,,,,
2026-08-19T12:41:49.162+03:00,0.306628,V2_CHANNEL_STATUS,Waiting for bt-app telemetry,,,0,,,,,,,1000,1000,,0,1500,1500,1500,,,,,,,
2026-08-19T12:41:49.239+03:00,0.383788,GLOBAL_POSITION_INT,Reading active takeoff parameters,IDLE,0,0,,0.0,,,,,1000,1000,,0,1500,1500,1500,,,,,,,
2026-08-19T12:41:49.239+03:00,0.384080,RC_CHANNELS,Reading active takeoff parameters,IDLE,0,0,,0.0,,0.0,0.0,12.999999792575526,1000,1000,,0,1500,1500,1500,,,,,,,
2026-08-19T12:41:49.260+03:00,0.404940,V2_CHANNEL_STATUS,Reading active takeoff parameters,IDLE,0,0,,0.0,,0.0,0.0,12.999999792575526,1000,1000,,0,1500,1500,1500,,,,0.0,35.0,,
2026-08-19T12:41:49.363+03:00,0.507963,V2_CHANNEL_STATUS,Arming in MANUAL mode,IDLE,0,0,,0.0,,0.0,0.0,12.999999792575526,1000,1000,-660,1,1500,1500,1500,10.0,1.5,20.0,0.0,35.0,150.0,1660
2026-08-19T12:41:49.461+03:00,0.605646,V2_CHANNEL_STATUS,Arming in MANUAL mode,IDLE,0,0,,0.0,,0.0,0.0,12.999999792575526,1000,1000,-660,1,1500,1500,1500,10.0,1.5,20.0,0.0,35.0,150.0,1660
2026-08-19T12:41:49.559+03:00,0.703537,V2_CHANNEL_STATUS,Arming in MANUAL mode,IDLE,0,0,,0.0,,0.0,0.0,12.999999792575526,1000,1000,-660,1,1500,1500,1500,10.0,1.5,20.0,0.0,35.0,150.0,1660
2026-08-19T12:41:49.662+03:00,0.806830,V2_CHANNEL_STATUS,Arming in MANUAL mode,IDLE,0,0,,0.0,,0.0,0.0,12.999999792575526,1000,1000,-660,1,1500,1500,1500,10.0,1.5,20.0,0.0,35.0,150.0,1660
2026-08-19T12:41:49.734+03:00,0.878779,GLOBAL_POSITION_INT,Arming in MANUAL mode,IDLE,0,0,,0.0,0.0,0.0,0.0,12.999999792575526,1000,1000,-660,1,1500,1500,1500,10.0,1.5,20.0,0.0,35.0,150.0,1660
2026-08-19T12:41:49.734+03:00,0.879059,RC_CHANNELS,Arming in MANUAL mode,IDLE,0,0,,0.0,0.0,0.0,0.0,12.999999792575526,1000,1000,-660,1,1500,1500,1500,10.0,1.5,20.0,0.0,35.0,150.0,1660
2026-08-19T12:41:49.760+03:00,0.905051,V2_CHANNEL_STATUS,Arming in MANUAL mode,IDLE,0,0,,0.0,0.0,0.0,0.0,12.999999792575526,1000,1000,-660,1,1500,1500,1500,10.0,1.5,20.0,0.0,35.0,150.0,1660
2026-08-19T12:41:49.863+03:00,1.007876,V2_CHANNEL_STATUS,Arming in MANUAL mode,IDLE,0,0,,0.0,0.0,0.0,0.0,12.999999792575526,1000,1000,-660,1,1500,1500,1500,10.0,1.5,20.0,0.0,35.0,150.0,1660
2026-08-19T12:41:49.961+03:00,1.105797,V2_CHANNEL_STATUS,Arming in MANUAL mode,IDLE,0,0,,0.0,0.0,0.0,0.0,12.999999792575526,1000,1000,-660,1,1500,1500,1500,10.0,1.5,20.0,0.0,35.0,150.0,1660
2026-08-19T12:41:50.064+03:00,1.208723,V2_CHANNEL_STATUS,Arming in MANUAL mode,IDLE,0,0,,0.0,0.0,0.0,0.0,12.999999792575526,1000,1000,-660,1,1500,1500,1500,10.0,1.5,20.0,0.0,35.0,150.0,1660
2026-08-19T12:41:50.161+03:00,1.306346,V2_CHANNEL_STATUS,Arming in MANUAL mode,IDLE,0,0,,0.0,0.0,0.0,0.0,12.999999792575526,1000,1000,-660,1,1500,1500,1500,10.0,1.5,20.0,0.0,35.0,150.0,1660
2026-08-19T12:41:50.233+03:00,1.378194,GLOBAL_POSITION_INT,Arming in MANUAL mode,6,6,0,,0.0,0.0,0.0,0.0,12.999999792575526,1000,1000,-660,1,1500,1500,1500,10.0,1.5,20.0,0.0,35.0,150.0,1660
2026-08-19T12:41:50.233+03:00,1.378423,RC_CHANNELS,Arming in MANUAL mode,6,6,0,,0.0,0.0,0.0,0.0,12.999999792575526,1000,1000,-660,1,1500,1500,1500,10.0,1.5,20.0,0.0,35.0,150.0,1660
2026-08-19T12:41:50.265+03:00,1.409570,V2_CHANNEL_STATUS,Arming in MANUAL mode,6,6,0,,0.0,0.0,0.0,0.0,12.999999792575526,1000,1000,-660,1,1500,1500,1500,10.0,1.5,20.0,0.0,35.0,150.0,1660
2026-08-19T12:41:50.362+03:00,1.507194,V2_CHANNEL_STATUS,Arming in MANUAL mode,6,6,0,,0.0,0.0,0.0,0.0,12.999999792575526,1000,1000,-660,1,1500,1500,1500,10.0,1.5,20.0,0.0,35.0,150.0,1660
2026-08-19T12:41:50.461+03:00,1.605512,V2_CHANNEL_STATUS,Arming in MANUAL mode,6,6,0,,0.0,0.0,0.0,0.0,12.999999792575526,1000,1000,-660,1,1500,1500,1500,10.0,1.5,20.0,0.0,35.0,150.0,1660
2026-08-19T12:41:50.563+03:00,1.708230,V2_CHANNEL_STATUS,Arming in MANUAL mode,6,6,0,,0.0,0.0,0.0,0.0,12.999999792575526,1000,1000,-660,1,1500,1500,1500,10.0,1.5,20.0,0.0,35.0,150.0,1660
2026-08-19T12:41:50.661+03:00,1.805972,V2_CHANNEL_STATUS,Arming in MANUAL mode,6,6,0,,0.0,0.0,0.0,0.0,12.999999792575526,1000,1000,-660,1,1500,1500,1500,10.0,1.5,20.0,0.0,35.0,150.0,1660
2026-08-19T12:41:50.733+03:00,1.877817,GLOBAL_POSITION_INT,Arming in MANUAL mode,6,6,0,,0.0,0.0,0.0,0.0,12.999999792575526,1000,1000,-660,1,1500,1500,1500,10.0,1.5,20.0,0.0,35.0,150.0,1660
2026-08-19T12:41:50.733+03:00,1.878048,RC_CHANNELS,Arming in MANUAL mode,6,6,0,,0.0,0.0,0.0,0.0,12.999999792575526,1000,1000,-660,1,1500,1500,1500,10.0,1.5,20.0,0.0,35.0,150.0,1660
2026-08-19T12:41:50.764+03:00,1.909225,V2_CHANNEL_STATUS,Arming in MANUAL mode,6,6,0,,0.0,0.0,0.0,0.0,12.999999792575526,1000,1000,-660,1,1500,1500,1500,10.0,1.5,20.0,0.0,35.0,150.0,1660
2026-08-19T12:41:50.862+03:00,2.006895,V2_CHANNEL_STATUS,Arming in MANUAL mode,6,6,0,,0.0,0.0,0.0,0.0,12.999999792575526,1000,1000,-660,1,1500,1500,1500,10.0,1.5,20.0,0.0,35.0,150.0,1660
2026-08-19T12:41:50.965+03:00,2.109989,V2_CHANNEL_STATUS,Arming in MANUAL mode,6,6,0,,0.0,0.0,0.0,0.0,12.999999792575526,1000,1000,-660,1,1500,1500,1500,10.0,1.5,20.0,0.0,35.0,150.0,1660
2026-08-19T12:41:51.063+03:00,2.207566,V2_CHANNEL_STATUS,Arming in MANUAL mode,6,6,0,,0.0,0.0,0.0,0.0,12.999999792575526,1000,1000,-660,1,1500,1500,1500,10.0,1.5,20.0,0.0,35.0,150.0,1660
2026-08-19T12:41:51.165+03:00,2.310383,V2_CHANNEL_STATUS,Arming in MANUAL mode,6,6,0,,0.0,0.0,0.0,0.0,12.999999792575526,1000,1000,-660,1,1500,1500,1500,10.0,1.5,20.0,0.0,35.0,150.0,1660
2026-08-19T12:41:51.232+03:00,2.377277,GLOBAL_POSITION_INT,Arming in MANUAL mode,6,6,0,,0.0,0.0,0.0,0.0,12.999999792575526,1000,1000,-660,1,1500,1500,1500,10.0,1.5,20.0,0.0,35.0,150.0,1660
2026-08-19T12:41:51.233+03:00,2.377498,RC_CHANNELS,Arming in MANUAL mode,6,6,0,,0.0,0.0,0.0,0.0,12.999999792575526,1000,1000,-660,1,1500,1500,1500,10.0,1.5,20.0,0.0,35.0,150.0,1660
2026-08-19T12:41:51.264+03:00,2.408493,V2_CHANNEL_STATUS,Arming in MANUAL mode,6,6,0,,0.0,0.0,0.0,0.0,12.999999792575526,1000,1000,-660,1,1500,1500,1500,10.0,1.5,20.0,0.0,35.0,150.0,1660
2026-08-19T12:41:51.366+03:00,2.511274,V2_CHANNEL_STATUS,Arming in MANUAL mode,6,6,0,,0.0,0.0,0.0,0.0,12.999999792575526,1000,1000,-660,1,1500,1500,1500,10.0,1.5,20.0,0.0,35.0,150.0,1660
2026-08-19T12:41:51.464+03:00,2.609014,V2_CHANNEL_STATUS,Arming in MANUAL mode,6,6,0,,0.0,0.0,0.0,0.0,12.999999792575526,1000,1000,-660,1,1500,1500,1500,10.0,1.5,20.0,0.0,35.0,150.0,1660
2026-08-19T12:41:51.567+03:00,2.711941,V2_CHANNEL_STATUS,Arming in MANUAL mode,6,6,0,,0.0,0.0,0.0,0.0,12.999999792575526,1000,1000,-660,1,1500,1500,1500,10.0,1.5,20.0,0.0,35.0,150.0,1660
2026-08-19T12:41:51.665+03:00,2.809633,V2_CHANNEL_STATUS,Arming in MANUAL mode,6,6,0,,0.0,0.0,0.0,0.0,12.999999792575526,1000,1000,-660,1,1500,1500,1500,10.0,1.5,20.0,0.0,35.0,150.0,1660
2026-08-19T12:41:51.731+03:00,2.876290,GLOBAL_POSITION_INT,Arming in MANUAL mode,6,6,0,,0.0,0.0,0.0,0.0,12.999999792575526,1000,1000,-660,1,1500,1500,1500,10.0,1.5,20.0,0.0,35.0,150.0,1660
2026-08-19T12:41:51.732+03:00,2.876557,RC_CHANNELS,Arming in MANUAL mode,6,6,0,,0.0,0.0,0.0,0.0,12.999999792575526,1000,1000,-660,1,1500,1500,1500,10.0,1.5,20.0,0.0,35.0,150.0,1660
2026-08-19T12:41:51.763+03:00,2.907564,V2_CHANNEL_STATUS,Arming in MANUAL mode,6,6,0,,0.0,0.0,0.0,0.0,12.999999792575526,1000,1000,-660,1,1500,1500,1500,10.0,1.5,20.0,0.0,35.0,150.0,1660
2026-08-19T12:41:51.866+03:00,3.010522,V2_CHANNEL_STATUS,Arming in MANUAL mode,6,6,0,,0.0,0.0,0.0,0.0,12.999999792575526,1000,1000,-660,1,1500,1500,1500,10.0,1.5,20.0,0.0,35.0,150.0,1660
2026-08-19T12:41:51.963+03:00,3.108254,V2_CHANNEL_STATUS,Arming in MANUAL mode,6,6,0,,0.0,0.0,0.0,0.0,12.999999792575526,1000,1000,-660,1,1500,1500,1500,10.0,1.5,20.0,0.0,35.0,150.0,1660
2026-08-19T12:41:52.066+03:00,3.211209,V2_CHANNEL_STATUS,Arming in MANUAL mode,6,6,0,,0.0,0.0,0.0,0.0,12.999999792575526,1000,1000,-660,1,1500,1500,1500,10.0,1.5,20.0,0.0,35.0,150.0,1660
2026-08-19T12:41:52.164+03:00,3.308943,V2_CHANNEL_STATUS,Arming in MANUAL mode,6,6,0,,0.0,0.0,0.0,0.0,12.999999792575526,1000,1000,-660,1,1500,1500,1500,10.0,1.5,20.0,0.0,35.0,150.0,1660
2026-08-19T12:41:52.231+03:00,3.375722,GLOBAL_POSITION_INT,Arming in MANUAL mode,6,6,0,,0.0,0.0,0.0,0.0,12.999999792575526,1000,1000,-660,1,1500,1500,1500,10.0,1.5,20.0,0.0,35.0,150.0,1660
2026-08-19T12:41:52.231+03:00,3.376003,RC_CHANNELS,Arming in MANUAL mode,6,6,0,,0.0,0.0,0.0,0.0,12.999999792575526,1000,1000,-660,1,1500,1500,1500,10.0,1.5,20.0,0.0,35.0,150.0,1660
2026-08-19T12:41:52.267+03:00,3.412127,V2_CHANNEL_STATUS,Arming in MANUAL mode,6,6,0,,0.0,0.0,0.0,0.0,12.999999792575526,1000,1000,-660,1,1500,1500,1500,10.0,1.5,20.0,0.0,35.0,150.0,1660
2026-08-19T12:41:52.365+03:00,3.510305,V2_CHANNEL_STATUS,Arming in MANUAL mode,6,6,0,,0.0,0.0,0.0,0.0,12.999999792575526,1000,1000,-660,1,1500,1500,1500,10.0,1.5,20.0,0.0,35.0,150.0,1660
2026-08-19T12:41:52.469+03:00,3.613589,V2_CHANNEL_STATUS,Arming in MANUAL mode,6,6,0,,0.0,0.0,0.0,0.0,12.999999792575526,1000,1000,-660,1,1500,1500,1500,10.0,1.5,20.0,0.0,35.0,150.0,1660
2026-08-19T12:41:52.566+03:00,3.711175,V2_CHANNEL_STATUS,Arming in MANUAL mode,6,6,0,,0.0,0.0,0.0,0.0,12.999999792575526,1000,1000,-660,1,1500,1500,1500,10.0,1.5,20.0,0.0,35.0,150.0,1660
2026-08-19T12:41:52.669+03:00,3.813966,V2_CHANNEL_STATUS,Arming in MANUAL mode,6,6,0,,0.0,0.0,0.0,0.0,12.999999792575526,1000,1000,-660,1,1500,1500,1500,10.0,1.5,20.0,0.0,35.0,150.0,1660
2026-08-19T12:41:52.736+03:00,3.880853,GLOBAL_POSITION_INT,Arming in MANUAL mode,6,6,0,,0.0,0.0,0.0,0.0,12.999999792575526,1000,1000,-660,1,1500,1500,1500,10.0,1.5,20.0,0.0,35.0,150.0,1660
2026-08-19T12:41:52.736+03:00,3.881107,RC_CHANNELS,Arming in MANUAL mode,6,6,0,,0.0,0.0,0.0,0.0,12.999999792575526,1000,1000,-660,1,1500,1500,1500,10.0,1.5,20.0,0.0,35.0,150.0,1660
2026-08-19T12:41:52.767+03:00,3.912274,V2_CHANNEL_STATUS,Arming in MANUAL mode,6,6,0,,0.0,0.0,0.0,0.0,12.999999792575526,1000,1000,-660,1,1500,1500,1500,10.0,1.5,20.0,0.0,35.0,150.0,1660
2026-08-19T12:41:52.865+03:00,4.010144,V2_CHANNEL_STATUS,Arming in MANUAL mode,6,6,0,,0.0,0.0,0.0,0.0,12.999999792575526,1000,1000,-660,1,1500,1500,1500,10.0,1.5,20.0,0.0,35.0,150.0,1660
2026-08-19T12:41:52.968+03:00,4.113284,V2_CHANNEL_STATUS,Arming in MANUAL mode,6,6,0,,0.0,0.0,0.0,0.0,12.999999792575526,1000,1000,-660,1,1500,1500,1500,10.0,1.5,20.0,0.0,35.0,150.0,1660
2026-08-19T12:41:53.066+03:00,4.211116,V2_CHANNEL_STATUS,Arming in MANUAL mode,6,6,0,,0.0,0.0,0.0,0.0,12.999999792575526,1000,1000,-660,1,1500,1500,1500,10.0,1.5,20.0,0.0,35.0,150.0,1660
2026-08-19T12:41:53.169+03:00,4.313839,V2_CHANNEL_STATUS,Arming in MANUAL mode,6,6,0,,0.0,0.0,0.0,0.0,12.999999792575526,1000,1000,-660,1,1500,1500,1500,10.0,1.5,20.0,0.0,35.0,150.0,1660
2026-08-19T12:41:53.236+03:00,4.380907,GLOBAL_POSITION_INT,Requesting automatic takeoff from MANUAL,MANUAL,1,1,,0.0,0.0,0.0,0.0,12.999999792575526,1000,1000,-660,1,1500,1500,1500,10.0,1.5,20.0,0.0,35.0,150.0,1660
2026-08-19T12:41:53.236+03:00,4.381130,RC_CHANNELS,Requesting automatic takeoff from MANUAL,MANUAL,1,1,,0.0,0.0,0.0,0.0,12.999999792575526,1000,1000,-660,1,1500,1500,1500,10.0,1.5,20.0,0.0,35.0,150.0,1660
2026-08-19T12:41:53.267+03:00,4.412270,V2_CHANNEL_STATUS,Requesting automatic takeoff from MANUAL,MANUAL,1,1,,0.0,0.0,0.0,0.0,12.999999792575526,1000,1660,0,0,1500,1500,1500,10.0,1.5,20.0,0.0,35.0,150.0,1660
2026-08-19T12:41:53.370+03:00,4.515058,V2_CHANNEL_STATUS,Requesting automatic takeoff from MANUAL,MANUAL,1,1,,0.0,0.0,0.0,0.0,12.999999792575526,1000,1662,2,0,1500,1500,1500,10.0,1.5,20.0,0.0,35.0,150.0,1660
2026-08-19T12:41:53.468+03:00,4.612845,V2_CHANNEL_STATUS,Requesting automatic takeoff from MANUAL,MANUAL,1,1,,0.0,0.0,0.0,0.0,12.999999792575526,1000,1665,5,0,1500,1500,1500,10.0,1.5,20.0,0.0,35.0,150.0,1660
2026-08-19T12:41:53.571+03:00,4.715580,V2_CHANNEL_STATUS,Requesting automatic takeoff from MANUAL,MANUAL,1,1,,0.0,0.0,0.0,0.0,12.999999792575526,1000,1668,8,0,1500,1500,1500,10.0,1.5,20.0,0.0,35.0,150.0,1660
2026-08-19T12:41:53.668+03:00,4.813278,V2_CHANNEL_STATUS,Requesting automatic takeoff from MANUAL,MANUAL,1,1,,0.0,0.0,0.0,0.0,12.999999792575526,1000,1671,11,0,1500,1500,1500,10.0,1.5,20.0,0.0,35.0,150.0,1660
2026-08-19T12:41:53.735+03:00,4.880012,GLOBAL_POSITION_INT,Requesting automatic takeoff from MANUAL,MANUAL,1,1,,0.0,0.0,0.0,0.0,12.999999792575526,1000,1671,11,0,1500,1500,1500,10.0,1.5,20.0,0.0,35.0,150.0,1660
2026-08-19T12:41:53.735+03:00,4.880248,RC_CHANNELS,Requesting automatic takeoff from MANUAL,MANUAL,1,1,,0.0,0.0,0.0,0.0,12.999999792575526,1000,1671,11,0,1500,1500,1500,10.0,1.5,20.0,0.0,35.0,150.0,1660
2026-08-19T12:41:53.766+03:00,4.911452,V2_CHANNEL_STATUS,Requesting automatic takeoff from MANUAL,MANUAL,1,1,,0.0,0.0,0.0,0.0,12.999999792575526,1000,1675,15,0,1500,1500,1500,10.0,1.5,20.0,0.0,35.0,150.0,1660
2026-08-19T12:41:53.869+03:00,5.014311,V2_CHANNEL_STATUS,Requesting automatic takeoff from MANUAL,MANUAL,1,1,,0.0,0.0,0.0,0.0,12.999999792575526,1000,1678,18,0,1500,1500,1500,10.0,1.5,20.0,0.0,35.0,150.0,1660
2026-08-19T12:41:53.968+03:00,5.112901,V2_CHANNEL_STATUS,Requesting automatic takeoff from MANUAL,MANUAL,1,1,,0.0,0.0,0.0,0.0,12.999999792575526,1000,1681,21,0,1500,1500,1500,10.0,1.5,20.0,0.0,35.0,150.0,1660
2026-08-19T12:41:54.071+03:00,5.216054,V2_CHANNEL_STATUS,Requesting automatic takeoff from MANUAL,MANUAL,1,1,,0.0,0.0,0.0,0.0,12.999999792575526,1000,1684,24,0,1500,1500,1500,10.0,1.5,20.0,0.0,35.0,150.0,1660
2026-08-19T12:41:54.169+03:00,5.313861,V2_CHANNEL_STATUS,Requesting automatic takeoff from MANUAL,MANUAL,1,1,,0.0,0.0,0.0,0.0,12.999999792575526,1000,1687,27,0,1500,1500,1500,10.0,1.5,20.0,0.0,35.0,150.0,1660
2026-08-19T12:41:54.236+03:00,5.380828,GLOBAL_POSITION_INT,Recording TAKEOFF until ALT_HOLD,TAKEOFF,5,1,,0.0,0.0,0.0,0.0,12.999999792575526,1000,1687,27,0,1500,1500,1500,10.0,1.5,20.0,0.0,35.0,150.0,1660
2026-08-19T12:41:54.236+03:00,5.381049,RC_CHANNELS,Recording TAKEOFF until ALT_HOLD,TAKEOFF,5,1,,0.0,0.0,0.0,0.0,12.999999792575526,1000,1687,27,0,1500,1500,1500,10.0,1.5,20.0,0.0,35.0,150.0,1660
2026-08-19T12:41:54.267+03:00,5.412076,V2_CHANNEL_STATUS,Recording TAKEOFF until ALT_HOLD,TAKEOFF,5,1,,0.0,0.0,0.0,0.0,12.999999792575526,1000,1688,28,0,1500,1500,1500,10.0,1.5,20.0,0.0,35.0,150.0,1660
2026-08-19T12:41:54.370+03:00,5.514839,V2_CHANNEL_STATUS,Recording TAKEOFF until ALT_HOLD,TAKEOFF,5,1,,0.0,0.0,0.0,0.0,12.999999792575526,1000,1691,31,0,1500,1500,1500,10.0,1.5,20.0,0.0,35.0,150.0,1660
2026-08-19T12:41:54.467+03:00,5.612446,V2_CHANNEL_STATUS,Recording TAKEOFF until ALT_HOLD,TAKEOFF,5,1,,0.0,0.0,0.0,0.0,12.999999792575526,1000,1686,26,0,1500,1500,1500,10.0,1.5,20.0,0.0,35.0,150.0,1660
2026-08-19T12:41:54.570+03:00,5.715268,V2_CHANNEL_STATUS,Recording TAKEOFF until ALT_HOLD,TAKEOFF,5,1,,0.0,0.0,0.0,0.0,12.999999792575526,1000,1689,29,0,1500,1500,1500,10.0,1.5,20.0,0.0,35.0,150.0,1660
2026-08-19T12:41:54.668+03:00,5.813014,V2_CHANNEL_STATUS,Recording TAKEOFF until ALT_HOLD,TAKEOFF,5,1,,0.0,0.0,0.0,0.0,12.999999792575526,1000,1692,32,0,1500,1500,1500,10.0,1.5,20.0,0.0,35.0,150.0,1660
2026-08-19T12:41:54.735+03:00,5.879653,GLOBAL_POSITION_INT,Recording TAKEOFF until ALT_HOLD,TAKEOFF,5,1,,0.17,0.340798660879541,0.0,0.0,12.999999792575526,1000,1692,32,0,1500,1500,1500,10.0,1.5,20.0,0.0,35.0,150.0,1660
2026-08-19T12:41:54.735+03:00,5.879886,RC_CHANNELS,Recording TAKEOFF until ALT_HOLD,TAKEOFF,5,1,,0.17,0.340798660879541,0.0,0.0,12.999999792575526,1000,1692,32,0,1500,1500,1500,10.0,1.5,20.0,0.0,35.0,150.0,1660
2026-08-19T12:41:54.771+03:00,5.916012,V2_CHANNEL_STATUS,Recording TAKEOFF until ALT_HOLD,TAKEOFF,5,1,,0.17,0.340798660879541,0.0,0.0,12.999999792575526,1000,1684,24,0,1500,1500,1500,10.0,1.5,20.0,0.0,35.0,150.0,1660
2026-08-19T12:41:54.868+03:00,6.013453,V2_CHANNEL_STATUS,Recording TAKEOFF until ALT_HOLD,TAKEOFF,5,1,,0.17,0.340798660879541,0.0,0.0,12.999999792575526,1000,1686,26,0,1500,1500,1500,10.0,1.5,20.0,0.0,35.0,150.0,1660
2026-08-19T12:41:54.971+03:00,6.116461,V2_CHANNEL_STATUS,Recording TAKEOFF until ALT_HOLD,TAKEOFF,5,1,,0.17,0.340798660879541,0.0,0.0,12.999999792575526,1000,1689,29,0,1500,1500,1500,10.0,1.5,20.0,0.0,35.0,150.0,1660
2026-08-19T12:41:55.069+03:00,6.214372,V2_CHANNEL_STATUS,Recording TAKEOFF until ALT_HOLD,TAKEOFF,5,1,,0.17,0.340798660879541,0.0,0.0,12.999999792575526,1000,1670,10,0,1500,1500,1500,10.0,1.5,20.0,0.0,35.0,150.0,1660
2026-08-19T12:41:55.172+03:00,6.317258,V2_CHANNEL_STATUS,Recording TAKEOFF until ALT_HOLD,TAKEOFF,5,1,,0.17,0.340798660879541,0.0,0.0,12.999999792575526,1000,1673,13,0,1500,1500,1500,10.0,1.5,20.0,0.0,35.0,150.0,1660
2026-08-19T12:41:55.234+03:00,6.378958,GLOBAL_POSITION_INT,Recording TAKEOFF until ALT_HOLD,TAKEOFF,5,1,,0.5,0.6609227660026507,0.0,0.0,12.999999792575526,1000,1673,13,0,1500,1500,1500,10.0,1.5,20.0,0.0,35.0,150.0,1660
2026-08-19T12:41:55.234+03:00,6.379208,RC_CHANNELS,Recording TAKEOFF until ALT_HOLD,TAKEOFF,5,1,,0.5,0.6609227660026507,0.0,0.0,12.999999792575526,1000,1673,13,0,1500,1500,1500,10.0,1.5,20.0,0.0,35.0,150.0,1660
2026-08-19T12:41:55.270+03:00,6.415427,V2_CHANNEL_STATUS,Recording TAKEOFF until ALT_HOLD,TAKEOFF,5,1,,0.5,0.6609227660026507,0.0,0.0,12.999999792575526,1000,1692,32,0,1500,1500,1500,10.0,1.5,20.0,0.0,35.0,150.0,1660
2026-08-19T12:41:55.373+03:00,6.518204,V2_CHANNEL_STATUS,Recording TAKEOFF until ALT_HOLD,TAKEOFF,5,1,,0.5,0.6609227660026507,0.0,0.0,12.999999792575526,1000,1673,13,0,1500,1500,1500,10.0,1.5,20.0,0.0,35.0,150.0,1660
2026-08-19T12:41:55.471+03:00,6.616011,V2_CHANNEL_STATUS,Recording TAKEOFF until ALT_HOLD,TAKEOFF,5,1,,0.5,0.6609227660026507,0.0,0.0,12.999999792575526,1000,1676,16,0,1500,1500,1500,10.0,1.5,20.0,0.0,35.0,150.0,1660
2026-08-19T12:41:55.574+03:00,6.718807,V2_CHANNEL_STATUS,Recording TAKEOFF until ALT_HOLD,TAKEOFF,5,1,,0.5,0.6609227660026507,0.0,0.0,12.999999792575526,1000,1665,5,0,1500,1500,1500,10.0,1.5,20.0,0.0,35.0,150.0,1660
2026-08-19T12:41:55.672+03:00,6.817001,V2_CHANNEL_STATUS,Recording TAKEOFF until ALT_HOLD,TAKEOFF,5,1,,0.5,0.6609227660026507,0.0,0.0,12.999999792575526,1000,1678,18,0,1500,1500,1500,10.0,1.5,20.0,0.0,35.0,150.0,1660
2026-08-19T12:41:55.734+03:00,6.878861,GLOBAL_POSITION_INT,Recording TAKEOFF until ALT_HOLD,TAKEOFF,5,1,,0.98,0.9601813435320148,0.0,0.0,12.999999792575526,1000,1678,18,0,1500,1500,1500,10.0,1.5,20.0,0.0,35.0,150.0,1660
2026-08-19T12:41:55.734+03:00,6.879070,RC_CHANNELS,Recording TAKEOFF until ALT_HOLD,TAKEOFF,5,1,,0.98,0.9601813435320148,0.0,0.0,12.999999792575526,1000,1678,18,0,1500,1500,1500,10.0,1.5,20.0,0.0,35.0,150.0,1660
2026-08-19T12:41:55.770+03:00,6.915325,V2_CHANNEL_STATUS,Recording TAKEOFF until ALT_HOLD,TAKEOFF,5,1,,0.98,0.9601813435320148,0.0,0.0,12.999999792575526,1000,1681,21,0,1500,1500,1500,10.0,1.5,20.0,0.0,35.0,150.0,1660
2026-08-19T12:41:55.873+03:00,7.018051,V2_CHANNEL_STATUS,Recording TAKEOFF until ALT_HOLD,TAKEOFF,5,1,,0.98,0.9601813435320148,0.0,0.0,12.999999792575526,1000,1664,4,0,1500,1500,1500,10.0,1.5,20.0,0.0,35.0,150.0,1660
2026-08-19T12:41:55.971+03:00,7.116040,V2_CHANNEL_STATUS,Recording TAKEOFF until ALT_HOLD,TAKEOFF,5,1,,0.98,0.9601813435320148,0.0,0.0,12.999999792575526,1000,1669,9,0,1500,1500,1500,10.0,1.5,20.0,0.0,35.0,150.0,1660
2026-08-19T12:41:56.074+03:00,7.218808,V2_CHANNEL_STATUS,Recording TAKEOFF until ALT_HOLD,TAKEOFF,5,1,,0.98,0.9601813435320148,0.0,0.0,12.999999792575526,1000,1672,12,0,1500,1500,1500,10.0,1.5,20.0,0.0,35.0,150.0,1660
2026-08-19T12:41:56.171+03:00,7.316477,V2_CHANNEL_STATUS,Recording TAKEOFF until ALT_HOLD,TAKEOFF,5,1,,0.98,0.9601813435320148,0.0,0.0,12.999999792575526,1000,1667,7,0,1500,1500,1500,10.0,1.5,20.0,0.0,35.0,150.0,1660
2026-08-19T12:41:56.233+03:00,7.378235,GLOBAL_POSITION_INT,Recording TAKEOFF until ALT_HOLD,TAKEOFF,5,1,,1.59,1.221562018554169,0.0,0.0,12.999999792575526,1000,1667,7,0,1500,1500,1500,10.0,1.5,20.0,0.0,35.0,150.0,1660
2026-08-19T12:41:56.234+03:00,7.378506,RC_CHANNELS,Recording TAKEOFF until ALT_HOLD,TAKEOFF,5,1,,1.59,1.221562018554169,0.0,0.0,12.999999792575526,1000,1667,7,0,1500,1500,1500,10.0,1.5,20.0,0.0,35.0,150.0,1660
2026-08-19T12:41:56.275+03:00,7.419822,V2_CHANNEL_STATUS,Recording TAKEOFF until ALT_HOLD,TAKEOFF,5,1,,1.59,1.221562018554169,0.0,0.0,12.999999792575526,1000,1666,6,0,1500,1500,1500,10.0,1.5,20.0,0.0,35.0,150.0,1660
2026-08-19T12:41:56.373+03:00,7.517555,V2_CHANNEL_STATUS,Recording TAKEOFF until ALT_HOLD,TAKEOFF,5,1,,1.59,1.221562018554169,0.0,0.0,12.999999792575526,1000,1669,9,0,1500,1500,1500,10.0,1.5,20.0,0.0,35.0,150.0,1660
2026-08-19T12:41:56.475+03:00,7.620373,V2_CHANNEL_STATUS,Recording TAKEOFF until ALT_HOLD,TAKEOFF,5,1,,1.59,1.221562018554169,0.0,0.0,12.999999792575526,1000,1660,0,0,1500,1500,1500,10.0,1.5,20.0,0.0,35.0,150.0,1660
2026-08-19T12:41:56.573+03:00,7.717908,V2_CHANNEL_STATUS,Recording TAKEOFF until ALT_HOLD,TAKEOFF,5,1,,1.59,1.221562018554169,0.0,0.0,12.999999792575526,1000,1675,15,0,1500,1500,1500,10.0,1.5,20.0,0.0,35.0,150.0,1660
2026-08-19T12:41:56.676+03:00,7.820813,V2_CHANNEL_STATUS,Recording TAKEOFF until ALT_HOLD,TAKEOFF,5,1,,1.59,1.221562018554169,0.0,0.0,12.999999792575526,1000,1678,18,0,1500,1500,1500,10.0,1.5,20.0,0.0,35.0,150.0,1660
2026-08-19T12:41:56.737+03:00,7.882295,GLOBAL_POSITION_INT,Recording TAKEOFF until ALT_HOLD,TAKEOFF,5,1,,2.22,1.2498198075448341,0.0,0.0,12.999999792575526,1000,1678,18,0,1500,1500,1500,10.0,1.5,20.0,0.0,35.0,150.0,1660
2026-08-19T12:41:56.738+03:00,7.882556,RC_CHANNELS,Recording TAKEOFF until ALT_HOLD,TAKEOFF,5,1,,2.22,1.2498198075448341,0.0,0.0,12.999999792575526,1000,1678,18,0,1500,1500,1500,10.0,1.5,20.0,0.0,35.0,150.0,1660
2026-08-19T12:41:56.774+03:00,7.918877,V2_CHANNEL_STATUS,Recording TAKEOFF until ALT_HOLD,TAKEOFF,5,1,,2.22,1.2498198075448341,0.0,0.0,12.999999792575526,1000,1668,8,0,1500,1500,1500,10.0,1.5,20.0,0.0,35.0,150.0,1660
2026-08-19T12:41:56.877+03:00,8.021681,V2_CHANNEL_STATUS,Recording TAKEOFF until ALT_HOLD,TAKEOFF,5,1,,2.22,1.2498198075448341,0.0,0.0,12.999999792575526,1000,1671,11,0,1500,1500,1500,10.0,1.5,20.0,0.0,35.0,150.0,1660
2026-08-19T12:41:56.974+03:00,8.119472,V2_CHANNEL_STATUS,Recording TAKEOFF until ALT_HOLD,TAKEOFF,5,1,,2.22,1.2498198075448341,0.0,0.0,12.999999792575526,1000,1670,10,0,1500,1500,1500,10.0,1.5,20.0,0.0,35.0,150.0,1660
2026-08-19T12:41:57.072+03:00,8.217179,V2_CHANNEL_STATUS,Recording TAKEOFF until ALT_HOLD,TAKEOFF,5,1,,2.22,1.2498198075448341,0.0,0.0,12.999999792575526,1000,1673,13,0,1500,1500,1500,10.0,1.5,20.0,0.0,35.0,150.0,1660
2026-08-19T12:41:57.175+03:00,8.320003,V2_CHANNEL_STATUS,Recording TAKEOFF until ALT_HOLD,TAKEOFF,5,1,,2.22,1.2498198075448341,0.0,0.0,12.999999792575526,1000,1660,0,0,1500,1500,1500,10.0,1.5,20.0,0.0,35.0,150.0,1660
2026-08-19T12:41:57.237+03:00,8.381739,GLOBAL_POSITION_INT,Recording TAKEOFF until ALT_HOLD,TAKEOFF,5,1,,3.03,1.6217980814001478,0.0,0.0,12.999999792575526,1000,1660,0,0,1500,1500,1500,10.0,1.5,20.0,0.0,35.0,150.0,1660
2026-08-19T12:41:57.237+03:00,8.381977,RC_CHANNELS,Recording TAKEOFF until ALT_HOLD,TAKEOFF,5,1,,3.03,1.6217980814001478,0.0,0.0,12.999999792575526,1000,1660,0,0,1500,1500,1500,10.0,1.5,20.0,0.0,35.0,150.0,1660
2026-08-19T12:41:57.273+03:00,8.418168,V2_CHANNEL_STATUS,Recording TAKEOFF until ALT_HOLD,TAKEOFF,5,1,,3.03,1.6217980814001478,0.0,0.0,12.999999792575526,1000,1632,-28,0,1500,1500,1500,10.0,1.5,20.0,0.0,35.0,150.0,1660
2026-08-19T12:41:57.376+03:00,8.521050,V2_CHANNEL_STATUS,Recording TAKEOFF until ALT_HOLD,TAKEOFF,5,1,,3.03,1.6217980814001478,0.0,0.0,12.999999792575526,1000,1635,-25,0,1500,1500,1500,10.0,1.5,20.0,0.0,35.0,150.0,1660
2026-08-19T12:41:57.474+03:00,8.618766,V2_CHANNEL_STATUS,Recording TAKEOFF until ALT_HOLD,TAKEOFF,5,1,,3.03,1.6217980814001478,0.0,0.0,12.999999792575526,1000,1662,2,0,1500,1500,1500,10.0,1.5,20.0,0.0,35.0,150.0,1660
2026-08-19T12:41:57.576+03:00,8.721450,V2_CHANNEL_STATUS,Recording TAKEOFF until ALT_HOLD,TAKEOFF,5,1,,3.03,1.6217980814001478,0.0,0.0,12.999999792575526,1000,1646,-14,0,1500,1500,1500,10.0,1.5,20.0,0.0,35.0,150.0,1660
2026-08-19T12:41:57.674+03:00,8.819246,V2_CHANNEL_STATUS,Recording TAKEOFF until ALT_HOLD,TAKEOFF,5,1,,3.03,1.6217980814001478,0.0,0.0,12.999999792575526,1000,1649,-11,0,1500,1500,1500,10.0,1.5,20.0,0.0,35.0,150.0,1660
2026-08-19T12:41:57.736+03:00,8.880783,GLOBAL_POSITION_INT,Recording TAKEOFF until ALT_HOLD,TAKEOFF,5,1,,4.05,2.0439150746609944,0.0,0.0,12.999999792575526,1000,1649,-11,0,1500,1500,1500,10.0,1.5,20.0,0.0,35.0,150.0,1660
2026-08-19T12:41:57.736+03:00,8.880994,RC_CHANNELS,Recording TAKEOFF until ALT_HOLD,TAKEOFF,5,1,,4.05,2.0439150746609944,0.0,0.0,12.999999792575526,1000,1649,-11,0,1500,1500,1500,10.0,1.5,20.0,0.0,35.0,150.0,1660
2026-08-19T12:41:57.777+03:00,8.922283,V2_CHANNEL_STATUS,Recording TAKEOFF until ALT_HOLD,TAKEOFF,5,1,,4.05,2.0439150746609944,0.0,0.0,12.999999792575526,1000,1663,3,0,1500,1500,1500,10.0,1.5,20.0,0.0,35.0,150.0,1660
2026-08-19T12:41:57.875+03:00,9.019907,V2_CHANNEL_STATUS,Recording TAKEOFF until ALT_HOLD,TAKEOFF,5,1,,4.05,2.0439150746609944,0.0,0.0,12.999999792575526,1000,1666,6,0,1500,1500,1500,10.0,1.5,20.0,0.0,35.0,150.0,1660
2026-08-19T12:41:57.978+03:00,9.122984,V2_CHANNEL_STATUS,Recording TAKEOFF until ALT_HOLD,TAKEOFF,5,1,,4.05,2.0439150746609944,0.0,0.0,12.999999792575526,1000,1660,0,0,1500,1500,1500,10.0,1.5,20.0,0.0,35.0,150.0,1660
2026-08-19T12:41:58.076+03:00,9.220573,V2_CHANNEL_STATUS,Recording TAKEOFF until ALT_HOLD,TAKEOFF,5,1,,4.05,2.0439150746609944,0.0,0.0,12.999999792575526,1000,1647,-13,0,1500,1500,1500,10.0,1.5,20.0,0.0,35.0,150.0,1660
2026-08-19T12:41:58.179+03:00,9.323566,V2_CHANNEL_STATUS,Recording TAKEOFF until ALT_HOLD,TAKEOFF,5,1,,4.05,2.0439150746609944,0.0,0.0,12.999999792575526,1000,1650,-10,0,1500,1500,1500,10.0,1.5,20.0,0.0,35.0,150.0,1660
2026-08-19T12:41:58.235+03:00,9.380163,GLOBAL_POSITION_INT,Recording TAKEOFF until ALT_HOLD,TAKEOFF,5,1,,4.92,1.742163494728561,0.0,0.0,12.999999792575526,1000,1650,-10,0,1500,1500,1500,10.0,1.5,20.0,0.0,35.0,150.0,1660
2026-08-19T12:41:58.236+03:00,9.380517,RC_CHANNELS,Recording TAKEOFF until ALT_HOLD,TAKEOFF,5,1,,4.92,1.742163494728561,0.0,0.0,12.999999792575526,1000,1650,-10,0,1500,1500,1500,10.0,1.5,20.0,0.0,35.0,150.0,1660
2026-08-19T12:41:58.277+03:00,9.421912,V2_CHANNEL_STATUS,Recording TAKEOFF until ALT_HOLD,TAKEOFF,5,1,,4.92,1.742163494728561,0.0,0.0,12.999999792575526,1000,1658,-2,0,1500,1500,1500,10.0,1.5,20.0,0.0,35.0,150.0,1660
2026-08-19T12:41:58.374+03:00,9.519460,V2_CHANNEL_STATUS,Recording TAKEOFF until ALT_HOLD,TAKEOFF,5,1,,4.92,1.742163494728561,0.0,0.0,12.999999792575526,1000,1660,0,0,1500,1500,1500,10.0,1.5,20.0,0.0,35.0,150.0,1660
2026-08-19T12:41:58.478+03:00,9.622783,V2_CHANNEL_STATUS,Recording TAKEOFF until ALT_HOLD,TAKEOFF,5,1,,4.92,1.742163494728561,0.0,0.0,12.999999792575526,1000,1657,-3,0,1500,1500,1500,10.0,1.5,20.0,0.0,35.0,150.0,1660
2026-08-19T12:41:58.576+03:00,9.720515,V2_CHANNEL_STATUS,Recording TAKEOFF until ALT_HOLD,TAKEOFF,5,1,,4.92,1.742163494728561,0.0,0.0,12.999999792575526,1000,1660,0,0,1500,1500,1500,10.0,1.5,20.0,0.0,35.0,150.0,1660
2026-08-19T12:41:58.678+03:00,9.823413,V2_CHANNEL_STATUS,Recording TAKEOFF until ALT_HOLD,TAKEOFF,5,1,,4.92,1.742163494728561,0.0,0.0,12.999999792575526,1000,1666,6,0,1500,1500,1500,10.0,1.5,20.0,0.0,35.0,150.0,1660
2026-08-19T12:41:58.735+03:00,9.879756,GLOBAL_POSITION_INT,Recording TAKEOFF until ALT_HOLD,TAKEOFF,5,1,,5.47,1.1008896599305833,0.0,0.0,12.999999792575526,1000,1666,6,0,1500,1500,1500,10.0,1.5,20.0,0.0,35.0,150.0,1660
2026-08-19T12:41:58.735+03:00,9.879971,RC_CHANNELS,Recording TAKEOFF until ALT_HOLD,TAKEOFF,5,1,,5.47,1.1008896599305833,0.0,0.0,12.999999792575526,1000,1666,6,0,1500,1500,1500,10.0,1.5,20.0,0.0,35.0,150.0,1660
2026-08-19T12:41:58.776+03:00,9.921306,V2_CHANNEL_STATUS,Recording TAKEOFF until ALT_HOLD,TAKEOFF,5,1,,5.47,1.1008896599305833,0.0,0.0,12.999999792575526,1000,1669,9,0,1500,1500,1500,10.0,1.5,20.0,0.0,35.0,150.0,1660
2026-08-19T12:41:58.879+03:00,10.024073,V2_CHANNEL_STATUS,Recording TAKEOFF until ALT_HOLD,TAKEOFF,5,1,,5.47,1.1008896599305833,0.0,0.0,12.999999792575526,1000,1645,-15,0,1500,1500,1500,10.0,1.5,20.0,0.0,35.0,150.0,1660
2026-08-19T12:41:58.977+03:00,10.122074,V2_CHANNEL_STATUS,Recording TAKEOFF until ALT_HOLD,TAKEOFF,5,1,,5.47,1.1008896599305833,0.0,0.0,12.999999792575526,1000,1648,-12,0,1500,1500,1500,10.0,1.5,20.0,0.0,35.0,150.0,1660
2026-08-19T12:41:59.080+03:00,10.224821,V2_CHANNEL_STATUS,Recording TAKEOFF until ALT_HOLD,TAKEOFF,5,1,,5.47,1.1008896599305833,0.0,0.0,12.999999792575526,1000,1663,3,0,1500,1500,1500,10.0,1.5,20.0,0.0,35.0,150.0,1660
2026-08-19T12:41:59.178+03:00,10.322530,V2_CHANNEL_STATUS,Recording TAKEOFF until ALT_HOLD,TAKEOFF,5,1,,5.47,1.1008896599305833,0.0,0.0,12.999999792575526,1000,1655,-5,0,1500,1500,1500,10.0,1.5,20.0,0.0,35.0,150.0,1660
2026-08-19T12:41:59.234+03:00,10.379129,GLOBAL_POSITION_INT,Recording TAKEOFF until ALT_HOLD,TAKEOFF,5,1,,6.4,1.8623805428558704,0.0,0.0,12.999999792575526,1000,1655,-5,0,1500,1500,1500,10.0,1.5,20.0,0.0,35.0,150.0,1660
2026-08-19T12:41:59.234+03:00,10.379372,RC_CHANNELS,Recording TAKEOFF until ALT_HOLD,TAKEOFF,5,1,,6.4,1.8623805428558704,0.0,0.0,12.999999792575526,1000,1655,-5,0,1500,1500,1500,10.0,1.5,20.0,0.0,35.0,150.0,1660
2026-08-19T12:41:59.281+03:00,10.426033,V2_CHANNEL_STATUS,Recording TAKEOFF until ALT_HOLD,TAKEOFF,5,1,,6.4,1.8623805428558704,0.0,0.0,12.999999792575526,1000,1658,-2,0,1500,1500,1500,10.0,1.5,20.0,0.0,35.0,150.0,1660
2026-08-19T12:41:59.379+03:00,10.523748,V2_CHANNEL_STATUS,Recording TAKEOFF until ALT_HOLD,TAKEOFF,5,1,,6.4,1.8623805428558704,0.0,0.0,12.999999792575526,1000,1663,3,0,1500,1500,1500,10.0,1.5,20.0,0.0,35.0,150.0,1660
2026-08-19T12:41:59.477+03:00,10.621741,V2_CHANNEL_STATUS,Recording TAKEOFF until ALT_HOLD,TAKEOFF,5,1,,6.4,1.8623805428558704,0.0,0.0,12.999999792575526,1000,1666,6,0,1500,1500,1500,10.0,1.5,20.0,0.0,35.0,150.0,1660
2026-08-19T12:41:59.580+03:00,10.724886,V2_CHANNEL_STATUS,Recording TAKEOFF until ALT_HOLD,TAKEOFF,5,1,,6.4,1.8623805428558704,0.0,0.0,12.999999792575526,1000,1670,10,0,1500,1500,1500,10.0,1.5,20.0,0.0,35.0,150.0,1660
2026-08-19T12:41:59.678+03:00,10.822891,V2_CHANNEL_STATUS,Recording TAKEOFF until ALT_HOLD,TAKEOFF,5,1,,6.4,1.8623805428558704,0.0,0.0,12.999999792575526,1000,1673,13,0,1500,1500,1500,10.0,1.5,20.0,0.0,35.0,150.0,1660
2026-08-19T12:41:59.734+03:00,10.879459,GLOBAL_POSITION_INT,Recording TAKEOFF until ALT_HOLD,TAKEOFF,5,1,,7.2,1.5989347737248059,0.0,0.0,12.999999792575526,1000,1673,13,0,1500,1500,1500,10.0,1.5,20.0,0.0,35.0,150.0,1660
2026-08-19T12:41:59.735+03:00,10.879740,RC_CHANNELS,Recording TAKEOFF until ALT_HOLD,TAKEOFF,5,1,,7.2,1.5989347737248059,0.0,0.0,12.999999792575526,1000,1673,13,0,1500,1500,1500,10.0,1.5,20.0,0.0,35.0,150.0,1660
2026-08-19T12:41:59.781+03:00,10.926111,V2_CHANNEL_STATUS,Recording TAKEOFF until ALT_HOLD,TAKEOFF,5,1,,7.2,1.5989347737248059,0.0,0.0,12.999999792575526,1000,1647,-13,0,1500,1500,1500,10.0,1.5,20.0,0.0,35.0,150.0,1660
2026-08-19T12:41:59.879+03:00,11.023809,V2_CHANNEL_STATUS,Recording TAKEOFF until ALT_HOLD,TAKEOFF,5,1,,7.2,1.5989347737248059,0.0,0.0,12.999999792575526,1000,1666,6,0,1500,1500,1500,10.0,1.5,20.0,0.0,35.0,150.0,1660
2026-08-19T12:41:59.982+03:00,11.126666,V2_CHANNEL_STATUS,Recording TAKEOFF until ALT_HOLD,TAKEOFF,5,1,,7.2,1.5989347737248059,0.0,0.0,12.999999792575526,1000,1668,8,0,1500,1500,1500,10.0,1.5,20.0,0.0,35.0,150.0,1660
2026-08-19T12:42:00.079+03:00,11.224279,V2_CHANNEL_STATUS,Recording TAKEOFF until ALT_HOLD,TAKEOFF,5,1,,7.2,1.5989347737248059,0.0,0.0,12.999999792575526,1000,1656,-4,0,1500,1500,1500,10.0,1.5,20.0,0.0,35.0,150.0,1660
2026-08-19T12:42:00.182+03:00,11.327214,V2_CHANNEL_STATUS,Recording TAKEOFF until ALT_HOLD,TAKEOFF,5,1,,7.2,1.5989347737248059,0.0,0.0,12.999999792575526,1000,1656,-4,0,1500,1500,1500,10.0,1.5,20.0,0.0,35.0,150.0,1660
2026-08-19T12:42:00.234+03:00,11.378628,GLOBAL_POSITION_INT,Recording TAKEOFF until ALT_HOLD,TAKEOFF,5,1,,7.9,1.402307545163754,0.0,0.0,12.999999792575526,1000,1656,-4,0,1500,1500,1500,10.0,1.5,20.0,0.0,35.0,150.0,1660
2026-08-19T12:42:00.234+03:00,11.378852,RC_CHANNELS,Recording TAKEOFF until ALT_HOLD,TAKEOFF,5,1,,7.9,1.402307545163754,0.0,0.0,12.999999792575526,1000,1656,-4,0,1500,1500,1500,10.0,1.5,20.0,0.0,35.0,150.0,1660
2026-08-19T12:42:00.280+03:00,11.425394,V2_CHANNEL_STATUS,Recording TAKEOFF until ALT_HOLD,TAKEOFF,5,1,,7.9,1.402307545163754,0.0,0.0,12.999999792575526,1000,1649,-11,0,1500,1500,1500,10.0,1.5,20.0,0.0,35.0,150.0,1660
2026-08-19T12:42:00.378+03:00,11.523328,V2_CHANNEL_STATUS,Recording TAKEOFF until ALT_HOLD,TAKEOFF,5,1,,7.9,1.402307545163754,0.0,0.0,12.999999792575526,1000,1644,-16,0,1500,1500,1500,10.0,1.5,20.0,0.0,35.0,150.0,1660
2026-08-19T12:42:00.481+03:00,11.626193,V2_CHANNEL_STATUS,Recording TAKEOFF until ALT_HOLD,TAKEOFF,5,1,,7.9,1.402307545163754,0.0,0.0,12.999999792575526,1000,1644,-16,0,1500,1500,1500,10.0,1.5,20.0,0.0,35.0,150.0,1660
2026-08-19T12:42:00.579+03:00,11.723947,V2_CHANNEL_STATUS,Recording TAKEOFF until ALT_HOLD,TAKEOFF,5,1,,7.9,1.402307545163754,0.0,0.0,12.999999792575526,1000,1645,-15,0,1500,1500,1500,10.0,1.5,20.0,0.0,35.0,150.0,1660
2026-08-19T12:42:00.682+03:00,11.826557,V2_CHANNEL_STATUS,Recording TAKEOFF until ALT_HOLD,TAKEOFF,5,1,,7.9,1.402307545163754,0.0,0.0,12.999999792575526,1000,1632,-28,0,1500,1500,1500,10.0,1.5,20.0,0.0,35.0,150.0,1660
2026-08-19T12:42:00.738+03:00,11.883084,GLOBAL_POSITION_INT,Recording TAKEOFF until ALT_HOLD,TAKEOFF,5,1,,8.59,1.367817294573371,0.0,0.0,12.999999792575526,1000,1632,-28,0,1500,1500,1500,10.0,1.5,20.0,0.0,35.0,150.0,1660
2026-08-19T12:42:00.738+03:00,11.883295,RC_CHANNELS,Recording TAKEOFF until ALT_HOLD,TAKEOFF,5,1,,8.59,1.367817294573371,0.0,0.0,12.999999792575526,1000,1632,-28,0,1500,1500,1500,10.0,1.5,20.0,0.0,35.0,150.0,1660
2026-08-19T12:42:00.780+03:00,11.924895,V2_CHANNEL_STATUS,Recording TAKEOFF until ALT_HOLD,TAKEOFF,5,1,,8.59,1.367817294573371,0.0,0.0,12.999999792575526,1000,1632,-28,0,1500,1500,1500,10.0,1.5,20.0,0.0,35.0,150.0,1660
2026-08-19T12:42:00.883+03:00,12.027679,V2_CHANNEL_STATUS,Recording TAKEOFF until ALT_HOLD,TAKEOFF,5,1,,8.59,1.367817294573371,0.0,0.0,12.999999792575526,1000,1638,-22,0,1500,1500,1500,10.0,1.5,20.0,0.0,35.0,150.0,1660
2026-08-19T12:42:00.980+03:00,12.125288,V2_CHANNEL_STATUS,Recording TAKEOFF until ALT_HOLD,TAKEOFF,5,1,,8.59,1.367817294573371,0.0,0.0,12.999999792575526,1000,1638,-22,0,1500,1500,1500,10.0,1.5,20.0,0.0,35.0,150.0,1660
2026-08-19T12:42:01.083+03:00,12.228451,V2_CHANNEL_STATUS,Recording TAKEOFF until ALT_HOLD,TAKEOFF,5,1,,8.59,1.367817294573371,0.0,0.0,12.999999792575526,1000,1638,-22,0,1500,1500,1500,10.0,1.5,20.0,0.0,35.0,150.0,1660
2026-08-19T12:42:01.181+03:00,12.326296,V2_CHANNEL_STATUS,Recording TAKEOFF until ALT_HOLD,TAKEOFF,5,1,,8.59,1.367817294573371,0.0,0.0,12.999999792575526,1000,1626,-34,0,1500,1500,1500,10.0,1.5,20.0,0.0,35.0,150.0,1660
2026-08-19T12:42:01.238+03:00,12.382909,GLOBAL_POSITION_INT,Recording TAKEOFF until ALT_HOLD,TAKEOFF,5,1,,9.18,1.1804112006782777,0.0,0.0,12.999999792575526,1000,1626,-34,0,1500,1500,1500,10.0,1.5,20.0,0.0,35.0,150.0,1660
2026-08-19T12:42:01.238+03:00,12.383166,RC_CHANNELS,Recording TAKEOFF until ALT_HOLD,TAKEOFF,5,1,,9.18,1.1804112006782777,0.0,0.0,12.999999792575526,1000,1626,-34,0,1500,1500,1500,10.0,1.5,20.0,0.0,35.0,150.0,1660
2026-08-19T12:42:01.285+03:00,12.429609,V2_CHANNEL_STATUS,Recording TAKEOFF until ALT_HOLD,TAKEOFF,5,1,,9.18,1.1804112006782777,0.0,0.0,12.999999792575526,1000,1626,-34,0,1500,1500,1500,10.0,1.5,20.0,0.0,35.0,150.0,1660
2026-08-19T12:42:01.383+03:00,12.527589,V2_CHANNEL_STATUS,Recording TAKEOFF until ALT_HOLD,TAKEOFF,5,1,,9.18,1.1804112006782777,0.0,0.0,12.999999792575526,1000,1634,-26,0,1500,1500,1500,10.0,1.5,20.0,0.0,35.0,150.0,1660
2026-08-19T12:42:01.480+03:00,12.625302,V2_CHANNEL_STATUS,Recording TAKEOFF until ALT_HOLD,TAKEOFF,5,1,,9.18,1.1804112006782777,0.0,0.0,12.999999792575526,1000,1639,-21,0,1500,1500,1500,10.0,1.5,20.0,0.0,35.0,150.0,1660
2026-08-19T12:42:01.583+03:00,12.728162,V2_CHANNEL_STATUS,Recording TAKEOFF until ALT_HOLD,TAKEOFF,5,1,,9.18,1.1804112006782777,0.0,0.0,12.999999792575526,1000,1639,-21,0,1500,1500,1500,10.0,1.5,20.0,0.0,35.0,150.0,1660
2026-08-19T12:42:01.681+03:00,12.826203,V2_CHANNEL_STATUS,Recording TAKEOFF until ALT_HOLD,TAKEOFF,5,1,,9.18,1.1804112006782777,0.0,0.0,12.999999792575526,1000,1639,-21,0,1500,1500,1500,10.0,1.5,20.0,0.0,35.0,150.0,1660
2026-08-19T12:42:01.738+03:00,12.882734,GLOBAL_POSITION_INT,Recording TAKEOFF until ALT_HOLD,TAKEOFF,5,1,,9.67,0.9803515108492664,0.0,0.0,12.999999792575526,1000,1639,-21,0,1500,1500,1500,10.0,1.5,20.0,0.0,35.0,150.0,1660
2026-08-19T12:42:01.738+03:00,12.883006,RC_CHANNELS,Recording TAKEOFF until ALT_HOLD,TAKEOFF,5,1,,9.67,0.9803515108492664,0.0,0.0,12.999999792575526,1000,1639,-21,0,1500,1500,1500,10.0,1.5,20.0,0.0,35.0,150.0,1660
2026-08-19T12:42:01.784+03:00,12.929385,V2_CHANNEL_STATUS,Recording TAKEOFF until ALT_HOLD,TAKEOFF,5,1,,9.67,0.9803515108492664,0.0,0.0,12.999999792575526,1000,1627,-33,0,1500,1500,1500,10.0,1.5,20.0,0.0,35.0,150.0,1660
2026-08-19T12:42:01.882+03:00,13.027117,V2_CHANNEL_STATUS,Recording TAKEOFF until ALT_HOLD,TAKEOFF,5,1,,9.67,0.9803515108492664,0.0,0.0,12.999999792575526,1000,1627,-33,0,1500,1500,1500,10.0,1.5,20.0,0.0,35.0,150.0,1660
2026-08-19T12:42:01.985+03:00,13.130102,V2_CHANNEL_STATUS,Recording TAKEOFF until ALT_HOLD,TAKEOFF,5,1,,9.67,0.9803515108492664,0.0,0.0,12.999999792575526,1000,1648,-12,0,1500,1500,1500,10.0,1.5,20.0,0.0,35.0,150.0,1660
2026-08-19T12:42:02.083+03:00,13.227935,V2_CHANNEL_STATUS,Recording TAKEOFF until ALT_HOLD,TAKEOFF,5,1,,9.67,0.9803515108492664,0.0,0.0,12.999999792575526,1000,1648,-12,0,1500,1500,1500,10.0,1.5,20.0,0.0,35.0,150.0,1660
2026-08-19T12:42:02.186+03:00,13.330668,V2_CHANNEL_STATUS,Recording TAKEOFF until ALT_HOLD,TAKEOFF,5,1,,9.67,0.9803515108492664,0.0,0.0,12.999999792575526,1000,1644,-16,0,1500,1500,1500,10.0,1.5,20.0,0.0,35.0,150.0,1660
2026-08-19T12:42:02.237+03:00,13.382092,GLOBAL_POSITION_INT,Recording TAKEOFF until ALT_HOLD,TAKEOFF,5,1,,9.97,0.6007798374703469,0.0,0.0,12.999999792575526,1000,1644,-16,0,1500,1500,1500,10.0,1.5,20.0,0.0,35.0,150.0,1660
2026-08-19T12:42:02.237+03:00,13.382468,RC_CHANNELS,Recording TAKEOFF until ALT_HOLD,TAKEOFF,5,1,,9.97,0.6007798374703469,0.0,0.0,12.999999792575526,1000,1644,-16,0,1500,1500,1500,10.0,1.5,20.0,0.0,35.0,150.0,1660
2026-08-19T12:42:02.284+03:00,13.428986,V2_CHANNEL_STATUS,Recording TAKEOFF until ALT_HOLD,TAKEOFF,5,1,,9.97,0.6007798374703469,0.0,0.0,12.999999792575526,1000,1644,-16,0,1500,1500,1500,10.0,1.5,20.0,0.0,35.0,150.0,1660
2026-08-19T12:42:02.387+03:00,13.531775,V2_CHANNEL_STATUS,Recording TAKEOFF until ALT_HOLD,TAKEOFF,5,1,,9.97,0.6007798374703469,0.0,0.0,12.999999792575526,1000,1642,-18,0,1500,1500,1500,10.0,1.5,20.0,0.0,35.0,150.0,1660
2026-08-19T12:42:02.484+03:00,13.629411,V2_CHANNEL_STATUS,Recording TAKEOFF until ALT_HOLD,TAKEOFF,5,1,,9.97,0.6007798374703469,0.0,0.0,12.999999792575526,1000,1641,-19,0,1500,1500,1500,10.0,1.5,20.0,0.0,35.0,150.0,1660
2026-08-19T12:42:02.587+03:00,13.732177,V2_CHANNEL_STATUS,Recording TAKEOFF until ALT_HOLD,TAKEOFF,5,1,,9.97,0.6007798374703469,0.0,0.0,12.999999792575526,1000,1641,-19,0,1500,1500,1500,10.0,1.5,20.0,0.0,35.0,150.0,1660
2026-08-19T12:42:02.686+03:00,13.830715,V2_CHANNEL_STATUS,Recording TAKEOFF until ALT_HOLD,TAKEOFF,5,1,,9.97,0.6007798374703469,0.0,0.0,12.999999792575526,1000,1654,-6,0,1500,1500,1500,10.0,1.5,20.0,0.0,35.0,150.0,1660
2026-08-19T12:42:02.737+03:00,13.882315,GLOBAL_POSITION_INT,Recording TAKEOFF until ALT_HOLD,TAKEOFF,5,1,,10.16,0.37982261520922067,0.0,0.0,12.999999792575526,1000,1654,-6,0,1500,1500,1500,10.0,1.5,20.0,0.0,35.0,150.0,1660
2026-08-19T12:42:02.738+03:00,13.882730,RC_CHANNELS,Recording TAKEOFF until ALT_HOLD,TAKEOFF,5,1,,10.16,0.37982261520922067,0.0,0.0,12.999999792575526,1000,1654,-6,0,1500,1500,1500,10.0,1.5,20.0,0.0,35.0,150.0,1660
2026-08-19T12:42:02.784+03:00,13.929104,V2_CHANNEL_STATUS,Recording TAKEOFF until ALT_HOLD,TAKEOFF,5,1,,10.16,0.37982261520922067,0.0,0.0,12.999999792575526,1000,1654,-6,0,1500,1500,1500,10.0,1.5,20.0,0.0,35.0,150.0,1660
2026-08-19T12:42:02.887+03:00,14.031883,V2_CHANNEL_STATUS,Recording TAKEOFF until ALT_HOLD,TAKEOFF,5,1,,10.16,0.37982261520922067,0.0,0.0,12.999999792575526,1000,1657,-3,0,1500,1500,1500,10.0,1.5,20.0,0.0,35.0,150.0,1660
2026-08-19T12:42:02.985+03:00,14.129482,V2_CHANNEL_STATUS,Recording TAKEOFF until ALT_HOLD,TAKEOFF,5,1,,10.16,0.37982261520922067,0.0,0.0,12.999999792575526,1000,1657,-3,0,1500,1500,1500,10.0,1.5,20.0,0.0,35.0,150.0,1660
2026-08-19T12:42:03.087+03:00,14.232315,V2_CHANNEL_STATUS,Recording TAKEOFF until ALT_HOLD,TAKEOFF,5,1,,10.16,0.37982261520922067,0.0,0.0,12.999999792575526,1000,1657,-3,0,1500,1500,1500,10.0,1.5,20.0,0.0,35.0,150.0,1660
2026-08-19T12:42:03.185+03:00,14.330148,V2_CHANNEL_STATUS,Recording TAKEOFF until ALT_HOLD,TAKEOFF,5,1,,10.16,0.37982261520922067,0.0,0.0,12.999999792575526,1000,1657,-3,0,1500,1500,1500,10.0,1.5,20.0,0.0,35.0,150.0,1660
2026-08-19T12:42:03.237+03:00,14.381763,GLOBAL_POSITION_INT,Recording TAKEOFF until ALT_HOLD,TAKEOFF,5,1,,10.16,0.0,0.0,0.0,12.999999792575526,1000,1657,-3,0,1500,1500,1500,10.0,1.5,20.0,0.0,35.0,150.0,1660
2026-08-19T12:42:03.237+03:00,14.382015,RC_CHANNELS,Recording TAKEOFF until ALT_HOLD,TAKEOFF,5,1,,10.16,0.0,0.0,0.0,12.999999792575526,1000,1657,-3,0,1500,1500,1500,10.0,1.5,20.0,0.0,35.0,150.0,1660
2026-08-19T12:42:03.288+03:00,14.433476,V2_CHANNEL_STATUS,Recording TAKEOFF until ALT_HOLD,TAKEOFF,5,1,,10.16,0.0,0.0,0.0,12.999999792575526,1000,1657,-3,0,1500,1500,1500,10.0,1.5,20.0,0.0,35.0,150.0,1660
2026-08-19T12:42:03.386+03:00,14.531219,V2_CHANNEL_STATUS,Recording TAKEOFF until ALT_HOLD,TAKEOFF,5,1,,10.16,0.0,0.0,0.0,12.999999792575526,1000,1657,-3,0,1500,1500,1500,10.0,1.5,20.0,0.0,35.0,150.0,1660
2026-08-19T12:42:03.489+03:00,14.634090,V2_CHANNEL_STATUS,Recording TAKEOFF until ALT_HOLD,TAKEOFF,5,1,,10.16,0.0,0.0,0.0,12.999999792575526,1000,1657,-3,0,1500,1500,1500,10.0,1.5,20.0,0.0,35.0,150.0,1660
2026-08-19T12:42:03.587+03:00,14.731737,V2_CHANNEL_STATUS,Recording TAKEOFF until ALT_HOLD,TAKEOFF,5,1,,10.16,0.0,0.0,0.0,12.999999792575526,1000,1657,-3,0,1500,1500,1500,10.0,1.5,20.0,0.0,35.0,150.0,1660
2026-08-19T12:42:03.690+03:00,14.834761,V2_CHANNEL_STATUS,Recording TAKEOFF until ALT_HOLD,TAKEOFF,5,1,10.0,10.16,0.0,0.0,0.0,12.999999792575526,1000,1653,-7,0,1500,1500,1500,10.0,1.5,20.0,0.0,35.0,150.0,1660
2026-08-19T12:42:03.736+03:00,14.881058,GLOBAL_POSITION_INT,Recording TAKEOFF until ALT_HOLD,TAKEOFF,5,1,10.0,10.16,0.0,0.0,0.0,12.999999792575526,1000,1653,-7,0,1500,1500,1500,10.0,1.5,20.0,0.0,35.0,150.0,1660
2026-08-19T12:42:03.736+03:00,14.881297,RC_CHANNELS,Recording TAKEOFF until ALT_HOLD,TAKEOFF,5,1,10.0,10.16,0.0,0.0,0.0,12.999999792575526,1000,1653,-7,0,1500,1500,1500,10.0,1.5,20.0,0.0,35.0,150.0,1660
2026-08-19T12:42:03.788+03:00,14.932949,V2_CHANNEL_STATUS,Recording TAKEOFF until ALT_HOLD,TAKEOFF,5,1,10.0,10.16,0.0,0.0,0.0,12.999999792575526,1000,1653,-7,0,1500,1500,1500,10.0,1.5,20.0,0.0,35.0,150.0,1660
2026-08-19T12:42:03.885+03:00,15.030362,V2_CHANNEL_STATUS,Recording TAKEOFF until ALT_HOLD,TAKEOFF,5,1,10.0,10.16,0.0,0.0,0.0,12.999999792575526,1000,1660,0,0,1500,1500,1500,10.0,1.5,20.0,0.0,35.0,150.0,1660
2026-08-19T12:42:03.988+03:00,15.133051,V2_CHANNEL_STATUS,Recording TAKEOFF until ALT_HOLD,TAKEOFF,5,1,10.0,10.16,0.0,0.0,0.0,12.999999792575526,1000,1660,0,0,1500,1500,1500,10.0,1.5,20.0,0.0,35.0,150.0,1660
2026-08-19T12:42:04.086+03:00,15.231185,V2_CHANNEL_STATUS,Recording TAKEOFF until ALT_HOLD,TAKEOFF,5,1,10.0,10.16,0.0,0.0,0.0,12.999999792575526,1000,1660,0,0,1500,1500,1500,10.0,1.5,20.0,0.0,35.0,150.0,1660
2026-08-19T12:42:04.189+03:00,15.334147,V2_CHANNEL_STATUS,Recording TAKEOFF until ALT_HOLD,TAKEOFF,5,1,10.0,10.16,0.0,0.0,0.0,12.999999792575526,1000,1660,0,0,1500,1500,1500,10.0,1.5,20.0,0.0,35.0,150.0,1660
2026-08-19T12:42:04.251+03:00,15.395850,GLOBAL_POSITION_INT,Recording ALT_HOLD response for 15.0 seconds,ALT_HOLD,7,1,10.0,10.07,-0.17482719205212707,0.0,0.0,12.999999792575526,1500,1660,0,0,1500,1500,1500,10.0,1.5,20.0,0.0,35.0,150.0,1660
2026-08-19T12:42:04.251+03:00,15.396081,RC_CHANNELS,Recording ALT_HOLD response for 15.0 seconds,ALT_HOLD,7,1,10.0,10.07,-0.17482719205212707,0.0,0.0,12.999999792575526,1500,1660,0,0,1500,1500,1500,10.0,1.5,20.0,0.0,35.0,150.0,1660
2026-08-19T12:42:04.292+03:00,15.436848,V2_CHANNEL_STATUS,Recording ALT_HOLD response for 15.0 seconds,ALT_HOLD,7,1,10.0,10.07,-0.17482719205212707,0.0,0.0,12.999999792575526,1500,1660,0,0,1500,1500,1500,10.0,1.5,20.0,0.0,35.0,150.0,1660
2026-08-19T12:42:04.393+03:00,15.538130,V2_CHANNEL_STATUS,Recording ALT_HOLD response for 15.0 seconds,ALT_HOLD,7,1,10.0,10.07,-0.17482719205212707,0.0,0.0,12.999999792575526,1500,1665,5,0,1500,1500,1500,10.0,1.5,20.0,0.0,35.0,150.0,1660
2026-08-19T12:42:04.494+03:00,15.639429,V2_CHANNEL_STATUS,Recording ALT_HOLD response for 15.0 seconds,ALT_HOLD,7,1,10.0,10.07,-0.17482719205212707,0.0,0.0,12.999999792575526,1500,1662,2,0,1500,1500,1500,10.0,1.5,20.0,0.0,35.0,150.0,1660
2026-08-19T12:42:04.596+03:00,15.740656,V2_CHANNEL_STATUS,Recording ALT_HOLD response for 15.0 seconds,ALT_HOLD,7,1,10.0,10.07,-0.17482719205212707,0.0,0.0,12.999999792575526,1500,1662,2,0,1500,1500,1500,10.0,1.5,20.0,0.0,35.0,150.0,1660
2026-08-19T12:42:04.697+03:00,15.842253,V2_CHANNEL_STATUS,Recording ALT_HOLD response for 15.0 seconds,ALT_HOLD,7,1,10.0,10.07,-0.17482719205212707,0.0,0.0,12.999999792575526,1500,1662,2,0,1500,1500,1500,10.0,1.5,20.0,0.0,35.0,150.0,1660
2026-08-19T12:42:04.738+03:00,15.882743,GLOBAL_POSITION_INT,Recording ALT_HOLD response for 15.0 seconds,ALT_HOLD,7,1,10.0,9.97,-0.20538117111375798,0.0,0.0,12.999999792575526,1500,1662,2,0,1500,1500,1500,10.0,1.5,20.0,0.0,35.0,150.0,1660
2026-08-19T12:42:04.738+03:00,15.882975,RC_CHANNELS,Recording ALT_HOLD response for 15.0 seconds,ALT_HOLD,7,1,10.0,9.97,-0.20538117111375798,0.0,0.0,12.999999792575526,1500,1662,2,0,1500,1500,1500,10.0,1.5,20.0,0.0,35.0,150.0,1660
2026-08-19T12:42:04.799+03:00,15.943877,V2_CHANNEL_STATUS,Recording ALT_HOLD response for 15.0 seconds,ALT_HOLD,7,1,10.0,9.97,-0.20538117111375798,0.0,0.0,12.999999792575526,1500,1663,3,0,1500,1500,1500,10.0,1.5,20.0,0.0,35.0,150.0,1660
2026-08-19T12:42:04.900+03:00,16.045159,V2_CHANNEL_STATUS,Recording ALT_HOLD response for 15.0 seconds,ALT_HOLD,7,1,10.0,9.97,-0.20538117111375798,0.0,0.0,12.999999792575526,1500,1667,7,0,1500,1500,1500,10.0,1.5,20.0,0.0,35.0,150.0,1660
2026-08-19T12:42:05.001+03:00,16.146470,V2_CHANNEL_STATUS,Recording ALT_HOLD response for 15.0 seconds,ALT_HOLD,7,1,10.0,9.97,-0.20538117111375798,0.0,0.0,12.999999792575526,1500,1667,7,0,1500,1500,1500,10.0,1.5,20.0,0.0,35.0,150.0,1660
2026-08-19T12:42:05.103+03:00,16.247802,V2_CHANNEL_STATUS,Recording ALT_HOLD response for 15.0 seconds,ALT_HOLD,7,1,10.0,9.97,-0.20538117111375798,0.0,0.0,12.999999792575526,1500,1666,6,0,1500,1500,1500,10.0,1.5,20.0,0.0,35.0,150.0,1660
2026-08-19T12:42:05.204+03:00,16.349116,V2_CHANNEL_STATUS,Recording ALT_HOLD response for 15.0 seconds,ALT_HOLD,7,1,10.0,9.97,-0.20538117111375798,0.0,0.0,12.999999792575526,1500,1666,6,0,1500,1500,1500,10.0,1.5,20.0,0.0,35.0,150.0,1660
2026-08-19T12:42:05.245+03:00,16.389887,GLOBAL_POSITION_INT,Recording ALT_HOLD response for 15.0 seconds,ALT_HOLD,7,1,10.0,9.9,-0.1380303967799574,0.0,0.0,12.999999792575526,1500,1666,6,0,1500,1500,1500,10.0,1.5,20.0,0.0,35.0,150.0,1660
2026-08-19T12:42:05.245+03:00,16.390150,RC_CHANNELS,Recording ALT_HOLD response for 15.0 seconds,ALT_HOLD,7,1,10.0,9.9,-0.1380303967799574,0.0,0.0,12.000000333930423,1500,1666,6,0,1500,1500,1500,10.0,1.5,20.0,0.0,35.0,150.0,1660
2026-08-19T12:42:05.306+03:00,16.451170,V2_CHANNEL_STATUS,Recording ALT_HOLD response for 15.0 seconds,ALT_HOLD,7,1,10.0,9.9,-0.1380303967799574,0.0,0.0,12.000000333930423,1500,1669,9,0,1500,1500,1500,10.0,1.5,20.0,0.0,35.0,150.0,1660
2026-08-19T12:42:05.408+03:00,16.552569,V2_CHANNEL_STATUS,Recording ALT_HOLD response for 15.0 seconds,ALT_HOLD,7,1,10.0,9.9,-0.1380303967799574,0.0,0.0,12.000000333930423,1500,1669,9,0,1500,1500,1500,10.0,1.5,20.0,0.0,35.0,150.0,1660
2026-08-19T12:42:05.489+03:00,16.633674,V2_CHANNEL_STATUS,Recording ALT_HOLD response for 15.0 seconds,ALT_HOLD,7,1,10.0,9.9,-0.1380303967799574,0.0,0.0,12.000000333930423,1500,1665,5,0,1500,1500,1500,10.0,1.5,20.0,0.0,35.0,150.0,1660
2026-08-19T12:42:05.590+03:00,16.735120,V2_CHANNEL_STATUS,Recording ALT_HOLD response for 15.0 seconds,ALT_HOLD,7,1,10.0,9.9,-0.1380303967799574,0.0,0.0,12.000000333930423,1500,1665,5,0,1500,1500,1500,10.0,1.5,20.0,0.0,35.0,150.0,1660
2026-08-19T12:42:05.692+03:00,16.836482,V2_CHANNEL_STATUS,Recording ALT_HOLD response for 15.0 seconds,ALT_HOLD,7,1,10.0,9.9,-0.1380303967799574,0.0,0.0,12.000000333930423,1500,1666,6,0,1500,1500,1500,10.0,1.5,20.0,0.0,35.0,150.0,1660
2026-08-19T12:42:05.752+03:00,16.897305,GLOBAL_POSITION_INT,Recording ALT_HOLD response for 15.0 seconds,ALT_HOLD,7,1,10.0,9.83,-0.13795186835648893,0.0,0.0,12.000000333930423,1500,1666,6,0,1500,1500,1500,10.0,1.5,20.0,0.0,35.0,150.0,1660
2026-08-19T12:42:05.753+03:00,16.897524,RC_CHANNELS,Recording ALT_HOLD response for 15.0 seconds,ALT_HOLD,7,1,10.0,9.83,-0.13795186835648893,0.0,0.0,12.000000333930423,1500,1666,6,0,1500,1500,1500,10.0,1.5,20.0,0.0,35.0,150.0,1660
2026-08-19T12:42:05.793+03:00,16.938239,V2_CHANNEL_STATUS,Recording ALT_HOLD response for 15.0 seconds,ALT_HOLD,7,1,10.0,9.83,-0.13795186835648893,0.0,0.0,12.000000333930423,1500,1666,6,0,1500,1500,1500,10.0,1.5,20.0,0.0,35.0,150.0,1660
2026-08-19T12:42:05.894+03:00,17.039463,V2_CHANNEL_STATUS,Recording ALT_HOLD response for 15.0 seconds,ALT_HOLD,7,1,10.0,9.83,-0.13795186835648893,0.0,0.0,12.000000333930423,1500,1665,5,0,1500,1500,1500,10.0,1.5,20.0,0.0,35.0,150.0,1660
2026-08-19T12:42:05.996+03:00,17.140763,V2_CHANNEL_STATUS,Recording ALT_HOLD response for 15.0 seconds,ALT_HOLD,7,1,10.0,9.83,-0.13795186835648893,0.0,0.0,12.000000333930423,1500,1665,5,0,1500,1500,1500,10.0,1.5,20.0,0.0,35.0,150.0,1660
2026-08-19T12:42:06.098+03:00,17.242705,V2_CHANNEL_STATUS,Recording ALT_HOLD response for 15.0 seconds,ALT_HOLD,7,1,10.0,9.83,-0.13795186835648893,0.0,0.0,12.000000333930423,1500,1665,5,0,1500,1500,1500,10.0,1.5,20.0,0.0,35.0,150.0,1660
2026-08-19T12:42:06.199+03:00,17.344200,V2_CHANNEL_STATUS,Recording ALT_HOLD response for 15.0 seconds,ALT_HOLD,7,1,10.0,9.83,-0.13795186835648893,0.0,0.0,12.000000333930423,1500,1665,5,0,1500,1500,1500,10.0,1.5,20.0,0.0,35.0,150.0,1660
2026-08-19T12:42:06.240+03:00,17.385166,GLOBAL_POSITION_INT,Recording ALT_HOLD response for 15.0 seconds,ALT_HOLD,7,1,10.0,9.83,0.0,0.0,0.0,12.000000333930423,1500,1665,5,0,1500,1500,1500,10.0,1.5,20.0,0.0,35.0,150.0,1660
2026-08-19T12:42:06.241+03:00,17.385780,RC_CHANNELS,Recording ALT_HOLD response for 15.0 seconds,ALT_HOLD,7,1,10.0,9.83,0.0,0.0,0.0,12.000000333930423,1500,1665,5,0,1500,1500,1500,10.0,1.5,20.0,0.0,35.0,150.0,1660
2026-08-19T12:42:06.302+03:00,17.446783,V2_CHANNEL_STATUS,Recording ALT_HOLD response for 15.0 seconds,ALT_HOLD,7,1,10.0,9.83,0.0,0.0,0.0,12.000000333930423,1500,1665,5,0,1500,1500,1500,10.0,1.5,20.0,0.0,35.0,150.0,1660
2026-08-19T12:42:06.403+03:00,17.548136,V2_CHANNEL_STATUS,Recording ALT_HOLD response for 15.0 seconds,ALT_HOLD,7,1,10.0,9.83,0.0,0.0,0.0,12.000000333930423,1500,1665,5,0,1500,1500,1500,10.0,1.5,20.0,0.0,35.0,150.0,1660
2026-08-19T12:42:06.504+03:00,17.649422,V2_CHANNEL_STATUS,Recording ALT_HOLD response for 15.0 seconds,ALT_HOLD,7,1,10.0,9.83,0.0,0.0,0.0,12.000000333930423,1500,1665,5,0,1500,1500,1500,10.0,1.5,20.0,0.0,35.0,150.0,1660
2026-08-19T12:42:06.606+03:00,17.750650,V2_CHANNEL_STATUS,Recording ALT_HOLD response for 15.0 seconds,ALT_HOLD,7,1,10.0,9.83,0.0,0.0,0.0,12.000000333930423,1500,1665,5,0,1500,1500,1500,10.0,1.5,20.0,0.0,35.0,150.0,1660
2026-08-19T12:42:06.707+03:00,17.851929,V2_CHANNEL_STATUS,Recording ALT_HOLD response for 15.0 seconds,ALT_HOLD,7,1,10.0,9.83,0.0,0.0,0.0,12.000000333930423,1500,1665,5,0,1500,1500,1500,10.0,1.5,20.0,0.0,35.0,150.0,1660
2026-08-19T12:42:06.747+03:00,17.892433,GLOBAL_POSITION_INT,Recording ALT_HOLD response for 15.0 seconds,ALT_HOLD,7,1,10.0,9.83,0.0,0.0,0.0,12.000000333930423,1500,1665,5,0,1500,1500,1500,10.0,1.5,20.0,0.0,35.0,150.0,1660
2026-08-19T12:42:06.748+03:00,17.892644,RC_CHANNELS,Recording ALT_HOLD response for 15.0 seconds,ALT_HOLD,7,1,10.0,9.83,0.0,0.0,0.0,12.000000333930423,1500,1665,5,0,1500,1500,1500,10.0,1.5,20.0,0.0,35.0,150.0,1660
2026-08-19T12:42:06.808+03:00,17.953411,V2_CHANNEL_STATUS,Recording ALT_HOLD response for 15.0 seconds,ALT_HOLD,7,1,10.0,9.83,0.0,0.0,0.0,12.000000333930423,1500,1665,5,0,1500,1500,1500,10.0,1.5,20.0,0.0,35.0,150.0,1660
2026-08-19T12:42:06.910+03:00,18.054785,V2_CHANNEL_STATUS,Recording ALT_HOLD response for 15.0 seconds,ALT_HOLD,7,1,10.0,9.83,0.0,0.0,0.0,12.000000333930423,1500,1662,2,0,1500,1500,1500,10.0,1.5,20.0,0.0,35.0,150.0,1660
2026-08-19T12:42:07.011+03:00,18.156105,V2_CHANNEL_STATUS,Recording ALT_HOLD response for 15.0 seconds,ALT_HOLD,7,1,10.0,9.83,0.0,0.0,0.0,12.000000333930423,1500,1662,2,0,1500,1500,1500,10.0,1.5,20.0,0.0,35.0,150.0,1660
2026-08-19T12:42:07.092+03:00,18.237446,V2_CHANNEL_STATUS,Recording ALT_HOLD response for 15.0 seconds,ALT_HOLD,7,1,10.0,9.83,0.0,0.0,0.0,12.000000333930423,1500,1659,-1,0,1500,1500,1500,10.0,1.5,20.0,0.0,35.0,150.0,1660
2026-08-19T12:42:07.194+03:00,18.339423,V2_CHANNEL_STATUS,Recording ALT_HOLD response for 15.0 seconds,ALT_HOLD,7,1,10.0,9.83,0.0,0.0,0.0,12.000000333930423,1500,1659,-1,0,1500,1500,1500,10.0,1.5,20.0,0.0,35.0,150.0,1660
2026-08-19T12:42:07.255+03:00,18.400453,GLOBAL_POSITION_INT,Recording ALT_HOLD response for 15.0 seconds,ALT_HOLD,7,1,10.0,9.91,0.15747437773370007,0.0,0.0,12.000000333930423,1500,1659,-1,0,1500,1500,1500,10.0,1.5,20.0,0.0,35.0,150.0,1660
2026-08-19T12:42:07.256+03:00,18.400759,RC_CHANNELS,Recording ALT_HOLD response for 15.0 seconds,ALT_HOLD,7,1,10.0,9.91,0.15747437773370007,0.0,0.0,12.999999792575526,1500,1659,-1,0,1500,1500,1500,10.0,1.5,20.0,0.0,35.0,150.0,1660
2026-08-19T12:42:07.297+03:00,18.441853,V2_CHANNEL_STATUS,Recording ALT_HOLD response for 15.0 seconds,ALT_HOLD,7,1,10.0,9.91,0.15747437773370007,0.0,0.0,12.999999792575526,1500,1659,-1,0,1500,1500,1500,10.0,1.5,20.0,0.0,35.0,150.0,1660
2026-08-19T12:42:07.398+03:00,18.543324,V2_CHANNEL_STATUS,Recording ALT_HOLD response for 15.0 seconds,ALT_HOLD,7,1,10.0,9.91,0.15747437773370007,0.0,0.0,12.999999792575526,1500,1662,2,0,1500,1500,1500,10.0,1.5,20.0,0.0,35.0,150.0,1660
2026-08-19T12:42:07.500+03:00,18.644583,V2_CHANNEL_STATUS,Recording ALT_HOLD response for 15.0 seconds,ALT_HOLD,7,1,10.0,9.91,0.15747437773370007,0.0,0.0,12.999999792575526,1500,1662,2,0,1500,1500,1500,10.0,1.5,20.0,0.0,35.0,150.0,1660
2026-08-19T12:42:07.601+03:00,18.745920,V2_CHANNEL_STATUS,Recording ALT_HOLD response for 15.0 seconds,ALT_HOLD,7,1,10.0,9.91,0.15747437773370007,0.0,0.0,12.999999792575526,1500,1655,-5,0,1500,1500,1500,10.0,1.5,20.0,0.0,35.0,150.0,1660
2026-08-19T12:42:07.702+03:00,18.847150,V2_CHANNEL_STATUS,Recording ALT_HOLD response for 15.0 seconds,ALT_HOLD,7,1,10.0,9.91,0.15747437773370007,0.0,0.0,12.999999792575526,1500,1655,-5,0,1500,1500,1500,10.0,1.5,20.0,0.0,35.0,150.0,1660
2026-08-19T12:42:07.743+03:00,18.887639,GLOBAL_POSITION_INT,Recording ALT_HOLD response for 15.0 seconds,ALT_HOLD,7,1,10.0,9.98,0.14368217855379506,0.0,0.0,12.999999792575526,1500,1655,-5,0,1500,1500,1500,10.0,1.5,20.0,0.0,35.0,150.0,1660
2026-08-19T12:42:07.743+03:00,18.887856,RC_CHANNELS,Recording ALT_HOLD response for 15.0 seconds,ALT_HOLD,7,1,10.0,9.98,0.14368217855379506,0.0,0.0,12.999999792575526,1500,1655,-5,0,1500,1500,1500,10.0,1.5,20.0,0.0,35.0,150.0,1660
2026-08-19T12:42:07.804+03:00,18.948833,V2_CHANNEL_STATUS,Recording ALT_HOLD response for 15.0 seconds,ALT_HOLD,7,1,10.0,9.98,0.14368217855379506,0.0,0.0,12.999999792575526,1500,1658,-2,0,1500,1500,1500,10.0,1.5,20.0,0.0,35.0,150.0,1660
2026-08-19T12:42:07.905+03:00,19.050145,V2_CHANNEL_STATUS,Recording ALT_HOLD response for 15.0 seconds,ALT_HOLD,7,1,10.0,9.98,0.14368217855379506,0.0,0.0,12.999999792575526,1500,1658,-2,0,1500,1500,1500,10.0,1.5,20.0,0.0,35.0,150.0,1660
2026-08-19T12:42:08.006+03:00,19.151390,V2_CHANNEL_STATUS,Recording ALT_HOLD response for 15.0 seconds,ALT_HOLD,7,1,10.0,9.98,0.14368217855379506,0.0,0.0,12.999999792575526,1500,1659,-1,0,1500,1500,1500,10.0,1.5,20.0,0.0,35.0,150.0,1660
2026-08-19T12:42:08.108+03:00,19.252684,V2_CHANNEL_STATUS,Recording ALT_HOLD response for 15.0 seconds,ALT_HOLD,7,1,10.0,9.98,0.14368217855379506,0.0,0.0,12.999999792575526,1500,1655,-5,0,1500,1500,1500,10.0,1.5,20.0,0.0,35.0,150.0,1660
2026-08-19T12:42:08.209+03:00,19.354050,V2_CHANNEL_STATUS,Recording ALT_HOLD response for 15.0 seconds,ALT_HOLD,7,1,10.0,9.98,0.14368217855379506,0.0,0.0,12.999999792575526,1500,1655,-5,0,1500,1500,1500,10.0,1.5,20.0,0.0,35.0,150.0,1660
2026-08-19T12:42:08.250+03:00,19.394726,GLOBAL_POSITION_INT,Recording ALT_HOLD response for 15.0 seconds,ALT_HOLD,7,1,10.0,10.02,0.0788865667556756,0.0,0.0,12.999999792575526,1500,1655,-5,0,1500,1500,1500,10.0,1.5,20.0,0.0,35.0,150.0,1660
2026-08-19T12:42:08.250+03:00,19.394972,RC_CHANNELS,Recording ALT_HOLD response for 15.0 seconds,ALT_HOLD,7,1,10.0,10.02,0.0788865667556756,0.0,0.0,12.999999792575526,1500,1655,-5,0,1500,1500,1500,10.0,1.5,20.0,0.0,35.0,150.0,1660
2026-08-19T12:42:08.311+03:00,19.455860,V2_CHANNEL_STATUS,Recording ALT_HOLD response for 15.0 seconds,ALT_HOLD,7,1,10.0,10.02,0.0788865667556756,0.0,0.0,12.999999792575526,1500,1654,-6,0,1500,1500,1500,10.0,1.5,20.0,0.0,35.0,150.0,1660
2026-08-19T12:42:08.412+03:00,19.557196,V2_CHANNEL_STATUS,Recording ALT_HOLD response for 15.0 seconds,ALT_HOLD,7,1,10.0,10.02,0.0788865667556756,0.0,0.0,12.999999792575526,1500,1654,-6,0,1500,1500,1500,10.0,1.5,20.0,0.0,35.0,150.0,1660
2026-08-19T12:42:08.514+03:00,19.658645,V2_CHANNEL_STATUS,Recording ALT_HOLD response for 15.0 seconds,ALT_HOLD,7,1,10.0,10.02,0.0788865667556756,0.0,0.0,12.999999792575526,1500,1654,-6,0,1500,1500,1500,10.0,1.5,20.0,0.0,35.0,150.0,1660
2026-08-19T12:42:08.595+03:00,19.739701,V2_CHANNEL_STATUS,Recording ALT_HOLD response for 15.0 seconds,ALT_HOLD,7,1,10.0,10.02,0.0788865667556756,0.0,0.0,12.999999792575526,1500,1654,-6,0,1500,1500,1500,10.0,1.5,20.0,0.0,35.0,150.0,1660
2026-08-19T12:42:08.696+03:00,19.841001,V2_CHANNEL_STATUS,Recording ALT_HOLD response for 15.0 seconds,ALT_HOLD,7,1,10.0,10.02,0.0788865667556756,0.0,0.0,12.999999792575526,1500,1657,-3,0,1500,1500,1500,10.0,1.5,20.0,0.0,35.0,150.0,1660
2026-08-19T12:42:08.736+03:00,19.881450,GLOBAL_POSITION_INT,Recording ALT_HOLD response for 15.0 seconds,ALT_HOLD,7,1,10.0,10.08,0.12326453879546334,0.0,0.0,12.999999792575526,1500,1657,-3,0,1500,1500,1500,10.0,1.5,20.0,0.0,35.0,150.0,1660
2026-08-19T12:42:08.737+03:00,19.881703,RC_CHANNELS,Recording ALT_HOLD response for 15.0 seconds,ALT_HOLD,7,1,10.0,10.08,0.12326453879546334,0.0,0.0,12.999999792575526,1500,1657,-3,0,1500,1500,1500,10.0,1.5,20.0,0.0,35.0,150.0,1660
2026-08-19T12:42:08.798+03:00,19.942603,V2_CHANNEL_STATUS,Recording ALT_HOLD response for 15.0 seconds,ALT_HOLD,7,1,10.0,10.08,0.12326453879546334,0.0,0.0,12.999999792575526,1500,1652,-8,0,1500,1500,1500,10.0,1.5,20.0,0.0,35.0,150.0,1660
2026-08-19T12:42:08.899+03:00,20.043779,V2_CHANNEL_STATUS,Recording ALT_HOLD response for 15.0 seconds,ALT_HOLD,7,1,10.0,10.08,0.12326453879546334,0.0,0.0,12.999999792575526,1500,1652,-8,0,1500,1500,1500,10.0,1.5,20.0,0.0,35.0,150.0,1660
2026-08-19T12:42:09.000+03:00,20.144979,V2_CHANNEL_STATUS,Recording ALT_HOLD response for 15.0 seconds,ALT_HOLD,7,1,10.0,10.08,0.12326453879546334,0.0,0.0,12.999999792575526,1500,1651,-9,0,1500,1500,1500,10.0,1.5,20.0,0.0,35.0,150.0,1660
2026-08-19T12:42:09.101+03:00,20.246379,V2_CHANNEL_STATUS,Recording ALT_HOLD response for 15.0 seconds,ALT_HOLD,7,1,10.0,10.08,0.12326453879546334,0.0,0.0,12.999999792575526,1500,1651,-9,0,1500,1500,1500,10.0,1.5,20.0,0.0,35.0,150.0,1660
2026-08-19T12:42:09.203+03:00,20.347644,V2_CHANNEL_STATUS,Recording ALT_HOLD response for 15.0 seconds,ALT_HOLD,7,1,10.0,10.08,0.12326453879546334,0.0,0.0,12.999999792575526,1500,1653,-7,0,1500,1500,1500,10.0,1.5,20.0,0.0,35.0,150.0,1660
2026-08-19T12:42:09.243+03:00,20.388254,GLOBAL_POSITION_INT,Recording ALT_HOLD response for 15.0 seconds,ALT_HOLD,7,1,10.0,10.16,0.15785133950512864,0.0,0.0,12.999999792575526,1500,1653,-7,0,1500,1500,1500,10.0,1.5,20.0,0.0,35.0,150.0,1660
2026-08-19T12:42:09.243+03:00,20.388461,RC_CHANNELS,Recording ALT_HOLD response for 15.0 seconds,ALT_HOLD,7,1,10.0,10.16,0.15785133950512864,0.0,0.0,12.999999792575526,1500,1653,-7,0,1500,1500,1500,10.0,1.5,20.0,0.0,35.0,150.0,1660
2026-08-19T12:42:09.305+03:00,20.449512,V2_CHANNEL_STATUS,Recording ALT_HOLD response for 15.0 seconds,ALT_HOLD,7,1,10.0,10.16,0.15785133950512864,0.0,0.0,12.999999792575526,1500,1653,-7,0,1500,1500,1500,10.0,1.5,20.0,0.0,35.0,150.0,1660
2026-08-19T12:42:09.406+03:00,20.550764,V2_CHANNEL_STATUS,Recording ALT_HOLD response for 15.0 seconds,ALT_HOLD,7,1,10.0,10.16,0.15785133950512864,0.0,0.0,12.999999792575526,1500,1657,-3,0,1500,1500,1500,10.0,1.5,20.0,0.0,35.0,150.0,1660
2026-08-19T12:42:09.507+03:00,20.651930,V2_CHANNEL_STATUS,Recording ALT_HOLD response for 15.0 seconds,ALT_HOLD,7,1,10.0,10.16,0.15785133950512864,0.0,0.0,12.999999792575526,1500,1662,2,0,1500,1500,1500,10.0,1.5,20.0,0.0,35.0,150.0,1660
2026-08-19T12:42:09.608+03:00,20.753215,V2_CHANNEL_STATUS,Recording ALT_HOLD response for 15.0 seconds,ALT_HOLD,7,1,10.0,10.16,0.15785133950512864,0.0,0.0,12.999999792575526,1500,1662,2,0,1500,1500,1500,10.0,1.5,20.0,0.0,35.0,150.0,1660
2026-08-19T12:42:09.710+03:00,20.854922,V2_CHANNEL_STATUS,Recording ALT_HOLD response for 15.0 seconds,ALT_HOLD,7,1,10.0,10.16,0.15785133950512864,0.0,0.0,12.999999792575526,1500,1658,-2,0,1500,1500,1500,10.0,1.5,20.0,0.0,35.0,150.0,1660
2026-08-19T12:42:09.751+03:00,20.895519,GLOBAL_POSITION_INT,Recording ALT_HOLD response for 15.0 seconds,ALT_HOLD,7,1,10.0,10.09,-0.13799537105794119,0.0,0.0,12.999999792575526,1500,1658,-2,0,1500,1500,1500,10.0,1.5,20.0,0.0,35.0,150.0,1660
2026-08-19T12:42:09.751+03:00,20.895739,RC_CHANNELS,Recording ALT_HOLD response for 15.0 seconds,ALT_HOLD,7,1,10.0,10.09,-0.13799537105794119,0.0,0.0,12.999999792575526,1500,1658,-2,0,1500,1500,1500,10.0,1.5,20.0,0.0,35.0,150.0,1660
2026-08-19T12:42:09.812+03:00,20.956611,V2_CHANNEL_STATUS,Recording ALT_HOLD response for 15.0 seconds,ALT_HOLD,7,1,10.0,10.09,-0.13799537105794119,0.0,0.0,12.999999792575526,1500,1658,-2,0,1500,1500,1500,10.0,1.5,20.0,0.0,35.0,150.0,1660
2026-08-19T12:42:09.913+03:00,21.057794,V2_CHANNEL_STATUS,Recording ALT_HOLD response for 15.0 seconds,ALT_HOLD,7,1,10.0,10.09,-0.13799537105794119,0.0,0.0,12.999999792575526,1500,1658,-2,0,1500,1500,1500,10.0,1.5,20.0,0.0,35.0,150.0,1660
2026-08-19T12:42:10.014+03:00,21.159066,V2_CHANNEL_STATUS,Recording ALT_HOLD response for 15.0 seconds,ALT_HOLD,7,1,10.0,10.09,-0.13799537105794119,0.0,0.0,12.999999792575526,1500,1658,-2,0,1500,1500,1500,10.0,1.5,20.0,0.0,35.0,150.0,1660
2026-08-19T12:42:10.115+03:00,21.260460,V2_CHANNEL_STATUS,Recording ALT_HOLD response for 15.0 seconds,ALT_HOLD,7,1,10.0,10.09,-0.13799537105794119,0.0,0.0,12.999999792575526,1500,1662,2,0,1500,1500,1500,10.0,1.5,20.0,0.0,35.0,150.0,1660
2026-08-19T12:42:10.217+03:00,21.361671,V2_CHANNEL_STATUS,Recording ALT_HOLD response for 15.0 seconds,ALT_HOLD,7,1,10.0,10.09,-0.13799537105794119,0.0,0.0,12.999999792575526,1500,1665,5,0,1500,1500,1500,10.0,1.5,20.0,0.0,35.0,150.0,1660
2026-08-19T12:42:10.237+03:00,21.382018,GLOBAL_POSITION_INT,Recording ALT_HOLD response for 15.0 seconds,ALT_HOLD,7,1,10.0,10.01,-0.16443957923134694,0.0,0.0,12.999999792575526,1500,1665,5,0,1500,1500,1500,10.0,1.5,20.0,0.0,35.0,150.0,1660
2026-08-19T12:42:10.237+03:00,21.382228,RC_CHANNELS,Recording ALT_HOLD response for 15.0 seconds,ALT_HOLD,7,1,10.0,10.01,-0.16443957923134694,0.0,0.0,12.999999792575526,1500,1665,5,0,1500,1500,1500,10.0,1.5,20.0,0.0,35.0,150.0,1660
2026-08-19T12:42:10.298+03:00,21.443166,V2_CHANNEL_STATUS,Recording ALT_HOLD response for 15.0 seconds,ALT_HOLD,7,1,10.0,10.01,-0.16443957923134694,0.0,0.0,12.999999792575526,1500,1665,5,0,1500,1500,1500,10.0,1.5,20.0,0.0,35.0,150.0,1660
2026-08-19T12:42:10.399+03:00,21.544426,V2_CHANNEL_STATUS,Recording ALT_HOLD response for 15.0 seconds,ALT_HOLD,7,1,10.0,10.01,-0.16443957923134694,0.0,0.0,12.999999792575526,1500,1660,0,0,1500,1500,1500,10.0,1.5,20.0,0.0,35.0,150.0,1660
2026-08-19T12:42:10.501+03:00,21.645661,V2_CHANNEL_STATUS,Recording ALT_HOLD response for 15.0 seconds,ALT_HOLD,7,1,10.0,10.01,-0.16443957923134694,0.0,0.0,12.999999792575526,1500,1660,0,0,1500,1500,1500,10.0,1.5,20.0,0.0,35.0,150.0,1660
2026-08-19T12:42:10.602+03:00,21.747089,V2_CHANNEL_STATUS,Recording ALT_HOLD response for 15.0 seconds,ALT_HOLD,7,1,10.0,10.01,-0.16443957923134694,0.0,0.0,12.999999792575526,1500,1667,7,0,1500,1500,1500,10.0,1.5,20.0,0.0,35.0,150.0,1660
2026-08-19T12:42:10.703+03:00,21.848429,V2_CHANNEL_STATUS,Recording ALT_HOLD response for 15.0 seconds,ALT_HOLD,7,1,10.0,10.01,-0.16443957923134694,0.0,0.0,12.999999792575526,1500,1664,4,0,1500,1500,1500,10.0,1.5,20.0,0.0,35.0,150.0,1660
2026-08-19T12:42:10.744+03:00,21.888960,GLOBAL_POSITION_INT,Recording ALT_HOLD response for 15.0 seconds,ALT_HOLD,7,1,10.0,9.93,-0.1578112837587868,0.0,0.0,12.999999792575526,1500,1664,4,0,1500,1500,1500,10.0,1.5,20.0,0.0,35.0,150.0,1660
2026-08-19T12:42:10.744+03:00,21.889218,RC_CHANNELS,Recording ALT_HOLD response for 15.0 seconds,ALT_HOLD,7,1,10.0,9.93,-0.1578112837587868,0.0,0.0,12.999999792575526,1500,1664,4,0,1500,1500,1500,10.0,1.5,20.0,0.0,35.0,150.0,1660
2026-08-19T12:42:10.805+03:00,21.950088,V2_CHANNEL_STATUS,Recording ALT_HOLD response for 15.0 seconds,ALT_HOLD,7,1,10.0,9.93,-0.1578112837587868,0.0,0.0,12.999999792575526,1500,1664,4,0,1500,1500,1500,10.0,1.5,20.0,0.0,35.0,150.0,1660
2026-08-19T12:42:10.906+03:00,22.051459,V2_CHANNEL_STATUS,Recording ALT_HOLD response for 15.0 seconds,ALT_HOLD,7,1,10.0,9.93,-0.1578112837587868,0.0,0.0,12.999999792575526,1500,1664,4,0,1500,1500,1500,10.0,1.5,20.0,0.0,35.0,150.0,1660
2026-08-19T12:42:11.008+03:00,22.152608,V2_CHANNEL_STATUS,Recording ALT_HOLD response for 15.0 seconds,ALT_HOLD,7,1,10.0,9.93,-0.1578112837587868,0.0,0.0,12.999999792575526,1500,1663,3,0,1500,1500,1500,10.0,1.5,20.0,0.0,35.0,150.0,1660
2026-08-19T12:42:11.109+03:00,22.253873,V2_CHANNEL_STATUS,Recording ALT_HOLD response for 15.0 seconds,ALT_HOLD,7,1,10.0,9.93,-0.1578112837587868,0.0,0.0,12.999999792575526,1500,1663,3,0,1500,1500,1500,10.0,1.5,20.0,0.0,35.0,150.0,1660
2026-08-19T12:42:11.210+03:00,22.355288,V2_CHANNEL_STATUS,Recording ALT_HOLD response for 15.0 seconds,ALT_HOLD,7,1,10.0,9.93,-0.1578112837587868,0.0,0.0,12.999999792575526,1500,1663,3,0,1500,1500,1500,10.0,1.5,20.0,0.0,35.0,150.0,1660
2026-08-19T12:42:11.251+03:00,22.395967,GLOBAL_POSITION_INT,Recording ALT_HOLD response for 15.0 seconds,ALT_HOLD,7,1,10.0,9.91,-0.03944738761649351,0.0,0.0,12.999999792575526,1500,1663,3,0,1500,1500,1500,10.0,1.5,20.0,0.0,35.0,150.0,1660
2026-08-19T12:42:11.251+03:00,22.396215,RC_CHANNELS,Recording ALT_HOLD response for 15.0 seconds,ALT_HOLD,7,1,10.0,9.91,-0.03944738761649351,0.0,0.0,12.999999792575526,1500,1663,3,0,1500,1500,1500,10.0,1.5,20.0,0.0,35.0,150.0,1660
2026-08-19T12:42:11.312+03:00,22.457113,V2_CHANNEL_STATUS,Recording ALT_HOLD response for 15.0 seconds,ALT_HOLD,7,1,10.0,9.91,-0.03944738761649351,0.0,0.0,12.999999792575526,1500,1662,2,0,1500,1500,1500,10.0,1.5,20.0,0.0,35.0,150.0,1660
2026-08-19T12:42:11.414+03:00,22.558490,V2_CHANNEL_STATUS,Recording ALT_HOLD response for 15.0 seconds,ALT_HOLD,7,1,10.0,9.91,-0.03944738761649351,0.0,0.0,12.999999792575526,1500,1662,2,0,1500,1500,1500,10.0,1.5,20.0,0.0,35.0,150.0,1660
2026-08-19T12:42:11.515+03:00,22.659705,V2_CHANNEL_STATUS,Recording ALT_HOLD response for 15.0 seconds,ALT_HOLD,7,1,10.0,9.91,-0.03944738761649351,0.0,0.0,12.999999792575526,1500,1665,5,0,1500,1500,1500,10.0,1.5,20.0,0.0,35.0,150.0,1660
2026-08-19T12:42:11.616+03:00,22.761384,V2_CHANNEL_STATUS,Recording ALT_HOLD response for 15.0 seconds,ALT_HOLD,7,1,10.0,9.91,-0.03944738761649351,0.0,0.0,12.999999792575526,1500,1670,10,0,1500,1500,1500,10.0,1.5,20.0,0.0,35.0,150.0,1660
2026-08-19T12:42:11.718+03:00,22.862679,V2_CHANNEL_STATUS,Recording ALT_HOLD response for 15.0 seconds,ALT_HOLD,7,1,10.0,9.91,-0.03944738761649351,0.0,0.0,12.999999792575526,1500,1670,10,0,1500,1500,1500,10.0,1.5,20.0,0.0,35.0,150.0,1660
2026-08-19T12:42:11.738+03:00,22.883030,GLOBAL_POSITION_INT,Recording ALT_HOLD response for 15.0 seconds,ALT_HOLD,7,1,10.0,9.85,-0.12318499180415,0.0,0.0,12.999999792575526,1500,1670,10,0,1500,1500,1500,10.0,1.5,20.0,0.0,35.0,150.0,1660
2026-08-19T12:42:11.738+03:00,22.883231,RC_CHANNELS,Recording ALT_HOLD response for 15.0 seconds,ALT_HOLD,7,1,10.0,9.85,-0.12318499180415,0.0,0.0,12.999999792575526,1500,1670,10,0,1500,1500,1500,10.0,1.5,20.0,0.0,35.0,150.0,1660
2026-08-19T12:42:11.819+03:00,22.964308,V2_CHANNEL_STATUS,Recording ALT_HOLD response for 15.0 seconds,ALT_HOLD,7,1,10.0,9.85,-0.12318499180415,0.0,0.0,12.999999792575526,1500,1665,5,0,1500,1500,1500,10.0,1.5,20.0,0.0,35.0,150.0,1660
2026-08-19T12:42:11.900+03:00,23.045466,V2_CHANNEL_STATUS,Recording ALT_HOLD response for 15.0 seconds,ALT_HOLD,7,1,10.0,9.85,-0.12318499180415,0.0,0.0,12.999999792575526,1500,1665,5,0,1500,1500,1500,10.0,1.5,20.0,0.0,35.0,150.0,1660
2026-08-19T12:42:12.002+03:00,23.146827,V2_CHANNEL_STATUS,Recording ALT_HOLD response for 15.0 seconds,ALT_HOLD,7,1,10.0,9.85,-0.12318499180415,0.0,0.0,12.999999792575526,1500,1666,6,0,1500,1500,1500,10.0,1.5,20.0,0.0,35.0,150.0,1660
2026-08-19T12:42:12.103+03:00,23.248170,V2_CHANNEL_STATUS,Recording ALT_HOLD response for 15.0 seconds,ALT_HOLD,7,1,10.0,9.85,-0.12318499180415,0.0,0.0,12.999999792575526,1500,1665,5,0,1500,1500,1500,10.0,1.5,20.0,0.0,35.0,150.0,1660
2026-08-19T12:42:12.205+03:00,23.349756,V2_CHANNEL_STATUS,Recording ALT_HOLD response for 15.0 seconds,ALT_HOLD,7,1,10.0,9.85,-0.12318499180415,0.0,0.0,12.999999792575526,1500,1665,5,0,1500,1500,1500,10.0,1.5,20.0,0.0,35.0,150.0,1660
2026-08-19T12:42:12.245+03:00,23.390417,GLOBAL_POSITION_INT,Recording ALT_HOLD response for 15.0 seconds,ALT_HOLD,7,1,10.0,9.86,0.019709274958150277,0.0,0.0,12.999999792575526,1500,1665,5,0,1500,1500,1500,10.0,1.5,20.0,0.0,35.0,150.0,1660
2026-08-19T12:42:12.246+03:00,23.390659,RC_CHANNELS,Recording ALT_HOLD response for 15.0 seconds,ALT_HOLD,7,1,10.0,9.86,0.019709274958150277,0.0,0.0,12.999999792575526,1500,1665,5,0,1500,1500,1500,10.0,1.5,20.0,0.0,35.0,150.0,1660
2026-08-19T12:42:12.307+03:00,23.451556,V2_CHANNEL_STATUS,Recording ALT_HOLD response for 15.0 seconds,ALT_HOLD,7,1,10.0,9.86,0.019709274958150277,0.0,0.0,12.999999792575526,1500,1660,0,0,1500,1500,1500,10.0,1.5,20.0,0.0,35.0,150.0,1660
2026-08-19T12:42:12.408+03:00,23.552748,V2_CHANNEL_STATUS,Recording ALT_HOLD response for 15.0 seconds,ALT_HOLD,7,1,10.0,9.86,0.019709274958150277,0.0,0.0,12.999999792575526,1500,1657,-3,0,1500,1500,1500,10.0,1.5,20.0,0.0,35.0,150.0,1660
2026-08-19T12:42:12.509+03:00,23.654216,V2_CHANNEL_STATUS,Recording ALT_HOLD response for 15.0 seconds,ALT_HOLD,7,1,10.0,9.86,0.019709274958150277,0.0,0.0,12.999999792575526,1500,1657,-3,0,1500,1500,1500,10.0,1.5,20.0,0.0,35.0,150.0,1660
2026-08-19T12:42:12.611+03:00,23.755493,V2_CHANNEL_STATUS,Recording ALT_HOLD response for 15.0 seconds,ALT_HOLD,7,1,10.0,9.86,0.019709274958150277,0.0,0.0,12.999999792575526,1500,1661,1,0,1500,1500,1500,10.0,1.5,20.0,0.0,35.0,150.0,1660
2026-08-19T12:42:12.712+03:00,23.856822,V2_CHANNEL_STATUS,Recording ALT_HOLD response for 15.0 seconds,ALT_HOLD,7,1,10.0,9.86,0.019709274958150277,0.0,0.0,12.999999792575526,1500,1661,1,0,1500,1500,1500,10.0,1.5,20.0,0.0,35.0,150.0,1660
2026-08-19T12:42:12.752+03:00,23.897330,GLOBAL_POSITION_INT,Recording ALT_HOLD response for 15.0 seconds,ALT_HOLD,7,1,10.0,9.91,0.09863457376796456,0.0,0.0,12.999999792575526,1500,1661,1,0,1500,1500,1500,10.0,1.5,20.0,0.0,35.0,150.0,1660
2026-08-19T12:42:12.753+03:00,23.897532,RC_CHANNELS,Recording ALT_HOLD response for 15.0 seconds,ALT_HOLD,7,1,10.0,9.91,0.09863457376796456,0.0,0.0,12.999999792575526,1500,1661,1,0,1500,1500,1500,10.0,1.5,20.0,0.0,35.0,150.0,1660
2026-08-19T12:42:12.814+03:00,23.958508,V2_CHANNEL_STATUS,Recording ALT_HOLD response for 15.0 seconds,ALT_HOLD,7,1,10.0,9.91,0.09863457376796456,0.0,0.0,12.999999792575526,1500,1662,2,0,1500,1500,1500,10.0,1.5,20.0,0.0,35.0,150.0,1660
2026-08-19T12:42:12.915+03:00,24.059824,V2_CHANNEL_STATUS,Recording ALT_HOLD response for 15.0 seconds,ALT_HOLD,7,1,10.0,9.91,0.09863457376796456,0.0,0.0,12.999999792575526,1500,1662,2,0,1500,1500,1500,10.0,1.5,20.0,0.0,35.0,150.0,1660
2026-08-19T12:42:13.016+03:00,24.161298,V2_CHANNEL_STATUS,Recording ALT_HOLD response for 15.0 seconds,ALT_HOLD,7,1,10.0,9.91,0.09863457376796456,0.0,0.0,12.999999792575526,1500,1662,2,0,1500,1500,1500,10.0,1.5,20.0,0.0,35.0,150.0,1660
2026-08-19T12:42:13.118+03:00,24.262967,V2_CHANNEL_STATUS,Recording ALT_HOLD response for 15.0 seconds,ALT_HOLD,7,1,10.0,9.91,0.09863457376796456,0.0,0.0,12.999999792575526,1500,1661,1,0,1500,1500,1500,10.0,1.5,20.0,0.0,35.0,150.0,1660
2026-08-19T12:42:13.219+03:00,24.364348,V2_CHANNEL_STATUS,Recording ALT_HOLD response for 15.0 seconds,ALT_HOLD,7,1,10.0,9.91,0.09863457376796456,0.0,0.0,12.999999792575526,1500,1661,1,0,1500,1500,1500,10.0,1.5,20.0,0.0,35.0,150.0,1660
2026-08-19T12:42:13.240+03:00,24.384809,GLOBAL_POSITION_INT,Recording ALT_HOLD response for 15.0 seconds,ALT_HOLD,7,1,10.0,9.92,0.020513749587925584,0.0,0.0,12.999999792575526,1500,1661,1,0,1500,1500,1500,10.0,1.5,20.0,0.0,35.0,150.0,1660
2026-08-19T12:42:13.240+03:00,24.385049,RC_CHANNELS,Recording ALT_HOLD response for 15.0 seconds,ALT_HOLD,7,1,10.0,9.92,0.020513749587925584,0.0,0.0,12.999999792575526,1500,1661,1,0,1500,1500,1500,10.0,1.5,20.0,0.0,35.0,150.0,1660
2026-08-19T12:42:13.321+03:00,24.466109,V2_CHANNEL_STATUS,Recording ALT_HOLD response for 15.0 seconds,ALT_HOLD,7,1,10.0,9.92,0.020513749587925584,0.0,0.0,12.999999792575526,1500,1657,-3,0,1500,1500,1500,10.0,1.5,20.0,0.0,35.0,150.0,1660
2026-08-19T12:42:13.423+03:00,24.567661,V2_CHANNEL_STATUS,Recording ALT_HOLD response for 15.0 seconds,ALT_HOLD,7,1,10.0,9.92,0.020513749587925584,0.0,0.0,12.999999792575526,1500,1657,-3,0,1500,1500,1500,10.0,1.5,20.0,0.0,35.0,150.0,1660
2026-08-19T12:42:13.504+03:00,24.648914,V2_CHANNEL_STATUS,Recording ALT_HOLD response for 15.0 seconds,ALT_HOLD,7,1,10.0,9.92,0.020513749587925584,0.0,0.0,12.999999792575526,1500,1657,-3,0,1500,1500,1500,10.0,1.5,20.0,0.0,35.0,150.0,1660
2026-08-19T12:42:13.605+03:00,24.750335,V2_CHANNEL_STATUS,Recording ALT_HOLD response for 15.0 seconds,ALT_HOLD,7,1,10.0,9.92,0.020513749587925584,0.0,0.0,12.999999792575526,1500,1657,-3,0,1500,1500,1500,10.0,1.5,20.0,0.0,35.0,150.0,1660
2026-08-19T12:42:13.707+03:00,24.851558,V2_CHANNEL_STATUS,Recording ALT_HOLD response for 15.0 seconds,ALT_HOLD,7,1,10.0,9.92,0.020513749587925584,0.0,0.0,12.999999792575526,1500,1659,-1,0,1500,1500,1500,10.0,1.5,20.0,0.0,35.0,150.0,1660
2026-08-19T12:42:13.747+03:00,24.892116,GLOBAL_POSITION_INT,Recording ALT_HOLD response for 15.0 seconds,ALT_HOLD,7,1,10.0,9.99,0.13798349316947695,0.0,0.0,12.999999792575526,1500,1659,-1,0,1500,1500,1500,10.0,1.5,20.0,0.0,35.0,150.0,1660
2026-08-19T12:42:13.747+03:00,24.892356,RC_CHANNELS,Recording ALT_HOLD response for 15.0 seconds,ALT_HOLD,7,1,10.0,9.99,0.13798349316947695,0.0,0.0,12.999999792575526,1500,1659,-1,0,1500,1500,1500,10.0,1.5,20.0,0.0,35.0,150.0,1660
2026-08-19T12:42:13.808+03:00,24.953239,V2_CHANNEL_STATUS,Recording ALT_HOLD response for 15.0 seconds,ALT_HOLD,7,1,10.0,9.99,0.13798349316947695,0.0,0.0,12.999999792575526,1500,1659,-1,0,1500,1500,1500,10.0,1.5,20.0,0.0,35.0,150.0,1660
2026-08-19T12:42:13.910+03:00,25.054495,V2_CHANNEL_STATUS,Recording ALT_HOLD response for 15.0 seconds,ALT_HOLD,7,1,10.0,9.99,0.13798349316947695,0.0,0.0,12.999999792575526,1500,1660,0,0,1500,1500,1500,10.0,1.5,20.0,0.0,35.0,150.0,1660
2026-08-19T12:42:14.011+03:00,25.155740,V2_CHANNEL_STATUS,Recording ALT_HOLD response for 15.0 seconds,ALT_HOLD,7,1,10.0,9.99,0.13798349316947695,0.0,0.0,12.999999792575526,1500,1660,0,0,1500,1500,1500,10.0,1.5,20.0,0.0,35.0,150.0,1660
2026-08-19T12:42:14.112+03:00,25.256971,V2_CHANNEL_STATUS,Recording ALT_HOLD response for 15.0 seconds,ALT_HOLD,7,1,10.0,9.99,0.13798349316947695,0.0,0.0,12.999999792575526,1500,1657,-3,0,1500,1500,1500,10.0,1.5,20.0,0.0,35.0,150.0,1660
2026-08-19T12:42:14.214+03:00,25.358567,V2_CHANNEL_STATUS,Recording ALT_HOLD response for 15.0 seconds,ALT_HOLD,7,1,10.0,9.99,0.13798349316947695,0.0,0.0,12.999999792575526,1500,1657,-3,0,1500,1500,1500,10.0,1.5,20.0,0.0,35.0,150.0,1660
2026-08-19T12:42:14.254+03:00,25.399180,GLOBAL_POSITION_INT,Recording ALT_HOLD response for 15.0 seconds,ALT_HOLD,7,1,10.0,10.05,0.1183332996201027,0.0,0.0,12.999999792575526,1500,1657,-3,0,1500,1500,1500,10.0,1.5,20.0,0.0,35.0,150.0,1660
2026-08-19T12:42:14.254+03:00,25.399464,RC_CHANNELS,Recording ALT_HOLD response for 15.0 seconds,ALT_HOLD,7,1,10.0,10.05,0.1183332996201027,0.0,0.0,12.999999792575526,1500,1657,-3,0,1500,1500,1500,10.0,1.5,20.0,0.0,35.0,150.0,1660
2026-08-19T12:42:14.315+03:00,25.460457,V2_CHANNEL_STATUS,Recording ALT_HOLD response for 15.0 seconds,ALT_HOLD,7,1,10.0,10.05,0.1183332996201027,0.0,0.0,12.999999792575526,1500,1653,-7,0,1500,1500,1500,10.0,1.5,20.0,0.0,35.0,150.0,1660
2026-08-19T12:42:14.417+03:00,25.561737,V2_CHANNEL_STATUS,Recording ALT_HOLD response for 15.0 seconds,ALT_HOLD,7,1,10.0,10.05,0.1183332996201027,0.0,0.0,12.999999792575526,1500,1653,-7,0,1500,1500,1500,10.0,1.5,20.0,0.0,35.0,150.0,1660
2026-08-19T12:42:14.518+03:00,25.663242,V2_CHANNEL_STATUS,Recording ALT_HOLD response for 15.0 seconds,ALT_HOLD,7,1,10.0,10.05,0.1183332996201027,0.0,0.0,12.999999792575526,1500,1655,-5,0,1500,1500,1500,10.0,1.5,20.0,0.0,35.0,150.0,1660
2026-08-19T12:42:14.620+03:00,25.764595,V2_CHANNEL_STATUS,Recording ALT_HOLD response for 15.0 seconds,ALT_HOLD,7,1,10.0,10.05,0.1183332996201027,0.0,0.0,12.999999792575526,1500,1656,-4,0,1500,1500,1500,10.0,1.5,20.0,0.0,35.0,150.0,1660
2026-08-19T12:42:14.721+03:00,25.865847,V2_CHANNEL_STATUS,Recording ALT_HOLD response for 15.0 seconds,ALT_HOLD,7,1,10.0,10.05,0.1183332996201027,0.0,0.0,12.999999792575526,1500,1656,-4,0,1500,1500,1500,10.0,1.5,20.0,0.0,35.0,150.0,1660
2026-08-19T12:42:14.741+03:00,25.886152,GLOBAL_POSITION_INT,Recording ALT_HOLD response for 15.0 seconds,ALT_HOLD,7,1,10.0,10.08,0.06160192821651655,0.0,0.0,12.999999792575526,1500,1656,-4,0,1500,1500,1500,10.0,1.5,20.0,0.0,35.0,150.0,1660
2026-08-19T12:42:14.741+03:00,25.886386,RC_CHANNELS,Recording ALT_HOLD response for 15.0 seconds,ALT_HOLD,7,1,10.0,10.08,0.06160192821651655,0.0,0.0,12.999999792575526,1500,1656,-4,0,1500,1500,1500,10.0,1.5,20.0,0.0,35.0,150.0,1660
2026-08-19T12:42:14.823+03:00,25.967496,V2_CHANNEL_STATUS,Recording ALT_HOLD response for 15.0 seconds,ALT_HOLD,7,1,10.0,10.08,0.06160192821651655,0.0,0.0,12.999999792575526,1500,1657,-3,0,1500,1500,1500,10.0,1.5,20.0,0.0,35.0,150.0,1660
2026-08-19T12:42:14.924+03:00,26.068674,V2_CHANNEL_STATUS,Recording ALT_HOLD response for 15.0 seconds,ALT_HOLD,7,1,10.0,10.08,0.06160192821651655,0.0,0.0,12.999999792575526,1500,1657,-3,0,1500,1500,1500,10.0,1.5,20.0,0.0,35.0,150.0,1660
2026-08-19T12:42:15.025+03:00,26.169884,V2_CHANNEL_STATUS,Recording ALT_HOLD response for 15.0 seconds,ALT_HOLD,7,1,10.0,10.08,0.06160192821651655,0.0,0.0,12.999999792575526,1500,1657,-3,0,1500,1500,1500,10.0,1.5,20.0,0.0,35.0,150.0,1660
2026-08-19T12:42:15.126+03:00,26.271092,V2_CHANNEL_STATUS,Recording ALT_HOLD response for 15.0 seconds,ALT_HOLD,7,1,10.0,10.08,0.06160192821651655,0.0,0.0,12.999999792575526,1500,1657,-3,0,1500,1500,1500,10.0,1.5,20.0,0.0,35.0,150.0,1660
2026-08-19T12:42:15.207+03:00,26.352366,V2_CHANNEL_STATUS,Recording ALT_HOLD response for 15.0 seconds,ALT_HOLD,7,1,10.0,10.08,0.06160192821651655,0.0,0.0,12.999999792575526,1500,1657,-3,0,1500,1500,1500,10.0,1.5,20.0,0.0,35.0,150.0,1660
2026-08-19T12:42:15.248+03:00,26.393115,GLOBAL_POSITION_INT,Recording ALT_HOLD response for 15.0 seconds,ALT_HOLD,7,1,10.0,10.08,0.0,0.0,0.0,12.999999792575526,1500,1657,-3,0,1500,1500,1500,10.0,1.5,20.0,0.0,35.0,150.0,1660
2026-08-19T12:42:15.248+03:00,26.393385,RC_CHANNELS,Recording ALT_HOLD response for 15.0 seconds,ALT_HOLD,7,1,10.0,10.08,0.0,0.0,0.0,12.999999792575526,1500,1657,-3,0,1500,1500,1500,10.0,1.5,20.0,0.0,35.0,150.0,1660
2026-08-19T12:42:15.309+03:00,26.454320,V2_CHANNEL_STATUS,Recording ALT_HOLD response for 15.0 seconds,ALT_HOLD,7,1,10.0,10.08,0.0,0.0,0.0,12.999999792575526,1500,1657,-3,0,1500,1500,1500,10.0,1.5,20.0,0.0,35.0,150.0,1660
2026-08-19T12:42:15.411+03:00,26.555539,V2_CHANNEL_STATUS,Recording ALT_HOLD response for 15.0 seconds,ALT_HOLD,7,1,10.0,10.08,0.0,0.0,0.0,12.999999792575526,1500,1657,-3,0,1500,1500,1500,10.0,1.5,20.0,0.0,35.0,150.0,1660
2026-08-19T12:42:15.512+03:00,26.656875,V2_CHANNEL_STATUS,Recording ALT_HOLD response for 15.0 seconds,ALT_HOLD,7,1,10.0,10.08,0.0,0.0,0.0,12.999999792575526,1500,1657,-3,0,1500,1500,1500,10.0,1.5,20.0,0.0,35.0,150.0,1660
2026-08-19T12:42:15.613+03:00,26.758159,V2_CHANNEL_STATUS,Recording ALT_HOLD response for 15.0 seconds,ALT_HOLD,7,1,10.0,10.08,0.0,0.0,0.0,12.999999792575526,1500,1662,2,0,1500,1500,1500,10.0,1.5,20.0,0.0,35.0,150.0,1660
2026-08-19T12:42:15.715+03:00,26.859561,V2_CHANNEL_STATUS,Recording ALT_HOLD response for 15.0 seconds,ALT_HOLD,7,1,10.0,10.08,0.0,0.0,0.0,12.999999792575526,1500,1662,2,0,1500,1500,1500,10.0,1.5,20.0,0.0,35.0,150.0,1660
2026-08-19T12:42:15.755+03:00,26.900067,GLOBAL_POSITION_INT,Recording ALT_HOLD response for 15.0 seconds,ALT_HOLD,7,1,10.0,10.05,-0.059175466931605976,0.0,0.0,12.999999792575526,1500,1662,2,0,1500,1500,1500,10.0,1.5,20.0,0.0,35.0,150.0,1660
2026-08-19T12:42:15.755+03:00,26.900277,RC_CHANNELS,Recording ALT_HOLD response for 15.0 seconds,ALT_HOLD,7,1,10.0,10.05,-0.059175466931605976,0.0,0.0,12.999999792575526,1500,1662,2,0,1500,1500,1500,10.0,1.5,20.0,0.0,35.0,150.0,1660
2026-08-19T12:42:15.816+03:00,26.961200,V2_CHANNEL_STATUS,Recording ALT_HOLD response for 15.0 seconds,ALT_HOLD,7,1,10.0,10.05,-0.059175466931605976,0.0,0.0,12.999999792575526,1500,1662,2,0,1500,1500,1500,10.0,1.5,20.0,0.0,35.0,150.0,1660
2026-08-19T12:42:15.917+03:00,27.062452,V2_CHANNEL_STATUS,Recording ALT_HOLD response for 15.0 seconds,ALT_HOLD,7,1,10.0,10.05,-0.059175466931605976,0.0,0.0,12.999999792575526,1500,1662,2,0,1500,1500,1500,10.0,1.5,20.0,0.0,35.0,150.0,1660
2026-08-19T12:42:16.019+03:00,27.163701,V2_CHANNEL_STATUS,Recording ALT_HOLD response for 15.0 seconds,ALT_HOLD,7,1,10.0,10.05,-0.059175466931605976,0.0,0.0,12.999999792575526,1500,1662,2,0,1500,1500,1500,10.0,1.5,20.0,0.0,35.0,150.0,1660
2026-08-19T12:42:16.120+03:00,27.264943,V2_CHANNEL_STATUS,Recording ALT_HOLD response for 15.0 seconds,ALT_HOLD,7,1,10.0,10.05,-0.059175466931605976,0.0,0.0,12.999999792575526,1500,1660,0,0,1500,1500,1500,10.0,1.5,20.0,0.0,35.0,150.0,1660
2026-08-19T12:42:16.221+03:00,27.366268,V2_CHANNEL_STATUS,Recording ALT_HOLD response for 15.0 seconds,ALT_HOLD,7,1,10.0,10.05,-0.059175466931605976,0.0,0.0,12.999999792575526,1500,1660,0,0,1500,1500,1500,10.0,1.5,20.0,0.0,35.0,150.0,1660
2026-08-19T12:42:16.242+03:00,27.386641,GLOBAL_POSITION_INT,Recording ALT_HOLD response for 15.0 seconds,ALT_HOLD,7,1,10.0,10.0,-0.10275867665917944,0.0,0.0,12.999999792575526,1500,1660,0,0,1500,1500,1500,10.0,1.5,20.0,0.0,35.0,150.0,1660
2026-08-19T12:42:16.242+03:00,27.386868,RC_CHANNELS,Recording ALT_HOLD response for 15.0 seconds,ALT_HOLD,7,1,10.0,10.0,-0.10275867665917944,0.0,0.0,12.999999792575526,1500,1660,0,0,1500,1500,1500,10.0,1.5,20.0,0.0,35.0,150.0,1660
2026-08-19T12:42:16.323+03:00,27.467878,V2_CHANNEL_STATUS,Recording ALT_HOLD response for 15.0 seconds,ALT_HOLD,7,1,10.0,10.0,-0.10275867665917944,0.0,0.0,12.999999792575526,1500,1666,6,0,1500,1500,1500,10.0,1.5,20.0,0.0,35.0,150.0,1660
2026-08-19T12:42:16.424+03:00,27.569189,V2_CHANNEL_STATUS,Recording ALT_HOLD response for 15.0 seconds,ALT_HOLD,7,1,10.0,10.0,-0.10275867665917944,0.0,0.0,12.999999792575526,1500,1665,5,0,1500,1500,1500,10.0,1.5,20.0,0.0,35.0,150.0,1660
2026-08-19T12:42:16.525+03:00,27.670451,V2_CHANNEL_STATUS,Recording ALT_HOLD response for 15.0 seconds,ALT_HOLD,7,1,10.0,10.0,-0.10275867665917944,0.0,0.0,12.999999792575526,1500,1665,5,0,1500,1500,1500,10.0,1.5,20.0,0.0,35.0,150.0,1660
2026-08-19T12:42:16.627+03:00,27.771662,V2_CHANNEL_STATUS,Recording ALT_HOLD response for 15.0 seconds,ALT_HOLD,7,1,10.0,10.0,-0.10275867665917944,0.0,0.0,12.999999792575526,1500,1663,3,0,1500,1500,1500,10.0,1.5,20.0,0.0,35.0,150.0,1660
2026-08-19T12:42:16.728+03:00,27.872874,V2_CHANNEL_STATUS,Recording ALT_HOLD response for 15.0 seconds,ALT_HOLD,7,1,10.0,10.0,-0.10275867665917944,0.0,0.0,12.999999792575526,1500,1663,3,0,1500,1500,1500,10.0,1.5,20.0,0.0,35.0,150.0,1660
2026-08-19T12:42:16.748+03:00,27.893289,GLOBAL_POSITION_INT,Recording ALT_HOLD response for 15.0 seconds,ALT_HOLD,7,1,10.0,9.92,-0.15790313822473423,0.0,0.0,12.999999792575526,1500,1663,3,0,1500,1500,1500,10.0,1.5,20.0,0.0,35.0,150.0,1660
2026-08-19T12:42:16.749+03:00,27.893560,RC_CHANNELS,Recording ALT_HOLD response for 15.0 seconds,ALT_HOLD,7,1,10.0,9.92,-0.15790313822473423,0.0,0.0,12.999999792575526,1500,1663,3,0,1500,1500,1500,10.0,1.5,20.0,0.0,35.0,150.0,1660
2026-08-19T12:42:16.810+03:00,27.954490,V2_CHANNEL_STATUS,Recording ALT_HOLD response for 15.0 seconds,ALT_HOLD,7,1,10.0,9.92,-0.15790313822473423,0.0,0.0,12.999999792575526,1500,1663,3,0,1500,1500,1500,10.0,1.5,20.0,0.0,35.0,150.0,1660
2026-08-19T12:42:16.912+03:00,28.056540,V2_CHANNEL_STATUS,Recording ALT_HOLD response for 15.0 seconds,ALT_HOLD,7,1,10.0,9.92,-0.15790313822473423,0.0,0.0,12.999999792575526,1500,1663,3,0,1500,1500,1500,10.0,1.5,20.0,0.0,35.0,150.0,1660
2026-08-19T12:42:17.013+03:00,28.157818,V2_CHANNEL_STATUS,Recording ALT_HOLD response for 15.0 seconds,ALT_HOLD,7,1,10.0,9.92,-0.15790313822473423,0.0,0.0,12.999999792575526,1500,1662,2,0,1500,1500,1500,10.0,1.5,20.0,0.0,35.0,150.0,1660
2026-08-19T12:42:17.114+03:00,28.259086,V2_CHANNEL_STATUS,Recording ALT_HOLD response for 15.0 seconds,ALT_HOLD,7,1,10.0,9.92,-0.15790313822473423,0.0,0.0,12.999999792575526,1500,1666,6,0,1500,1500,1500,10.0,1.5,20.0,0.0,35.0,150.0,1660
2026-08-19T12:42:17.215+03:00,28.360400,V2_CHANNEL_STATUS,Recording ALT_HOLD response for 15.0 seconds,ALT_HOLD,7,1,10.0,9.92,-0.15790313822473423,0.0,0.0,12.999999792575526,1500,1666,6,0,1500,1500,1500,10.0,1.5,20.0,0.0,35.0,150.0,1660
2026-08-19T12:42:17.256+03:00,28.401100,GLOBAL_POSITION_INT,Recording ALT_HOLD response for 15.0 seconds,ALT_HOLD,7,1,10.0,9.88,-0.07876990071702675,0.0,0.0,12.999999792575526,1500,1666,6,0,1500,1500,1500,10.0,1.5,20.0,0.0,35.0,150.0,1660
2026-08-19T12:42:17.256+03:00,28.401379,RC_CHANNELS,Recording ALT_HOLD response for 15.0 seconds,ALT_HOLD,7,1,10.0,9.88,-0.07876990071702675,0.0,0.0,12.999999792575526,1500,1666,6,0,1500,1500,1500,10.0,1.5,20.0,0.0,35.0,150.0,1660
2026-08-19T12:42:17.317+03:00,28.462400,V2_CHANNEL_STATUS,Recording ALT_HOLD response for 15.0 seconds,ALT_HOLD,7,1,10.0,9.88,-0.07876990071702675,0.0,0.0,12.999999792575526,1500,1666,6,0,1500,1500,1500,10.0,1.5,20.0,0.0,35.0,150.0,1660
2026-08-19T12:42:17.419+03:00,28.563660,V2_CHANNEL_STATUS,Recording ALT_HOLD response for 15.0 seconds,ALT_HOLD,7,1,10.0,9.88,-0.07876990071702675,0.0,0.0,12.999999792575526,1500,1668,8,0,1500,1500,1500,10.0,1.5,20.0,0.0,35.0,150.0,1660
2026-08-19T12:42:17.520+03:00,28.665134,V2_CHANNEL_STATUS,Recording ALT_HOLD response for 15.0 seconds,ALT_HOLD,7,1,10.0,9.88,-0.07876990071702675,0.0,0.0,12.999999792575526,1500,1666,6,0,1500,1500,1500,10.0,1.5,20.0,0.0,35.0,150.0,1660
2026-08-19T12:42:17.622+03:00,28.766644,V2_CHANNEL_STATUS,Recording ALT_HOLD response for 15.0 seconds,ALT_HOLD,7,1,10.0,9.88,-0.07876990071702675,0.0,0.0,12.999999792575526,1500,1666,6,0,1500,1500,1500,10.0,1.5,20.0,0.0,35.0,150.0,1660
2026-08-19T12:42:17.724+03:00,28.868676,V2_CHANNEL_STATUS,Recording ALT_HOLD response for 15.0 seconds,ALT_HOLD,7,1,10.0,9.88,-0.07876990071702675,0.0,0.0,12.999999792575526,1500,1665,5,0,1500,1500,1500,10.0,1.5,20.0,0.0,35.0,150.0,1660
2026-08-19T12:42:17.744+03:00,28.889332,GLOBAL_POSITION_INT,Recording ALT_HOLD response for 15.0 seconds,ALT_HOLD,7,1,10.0,9.83,-0.10241572165168494,0.0,0.0,12.999999792575526,1500,1665,5,0,1500,1500,1500,10.0,1.5,20.0,0.0,35.0,150.0,1660
2026-08-19T12:42:17.745+03:00,28.889847,RC_CHANNELS,Recording ALT_HOLD response for 15.0 seconds,ALT_HOLD,7,1,10.0,9.83,-0.10241572165168494,0.0,0.0,12.999999792575526,1500,1665,5,0,1500,1500,1500,10.0,1.5,20.0,0.0,35.0,150.0,1660
2026-08-19T12:42:17.826+03:00,28.971309,V2_CHANNEL_STATUS,Recording ALT_HOLD response for 15.0 seconds,ALT_HOLD,7,1,10.0,9.83,-0.10241572165168494,0.0,0.0,12.999999792575526,1500,1665,5,0,1500,1500,1500,10.0,1.5,20.0,0.0,35.0,150.0,1660
2026-08-19T12:42:17.928+03:00,29.072800,V2_CHANNEL_STATUS,Recording ALT_HOLD response for 15.0 seconds,ALT_HOLD,7,1,10.0,9.83,-0.10241572165168494,0.0,0.0,12.999999792575526,1500,1665,5,0,1500,1500,1500,10.0,1.5,20.0,0.0,35.0,150.0,1660
2026-08-19T12:42:18.029+03:00,29.174111,V2_CHANNEL_STATUS,Recording ALT_HOLD response for 15.0 seconds,ALT_HOLD,7,1,10.0,9.83,-0.10241572165168494,0.0,0.0,12.999999792575526,1500,1662,2,0,1500,1500,1500,10.0,1.5,20.0,0.0,35.0,150.0,1660
2026-08-19T12:42:18.130+03:00,29.275447,V2_CHANNEL_STATUS,Recording ALT_HOLD response for 15.0 seconds,ALT_HOLD,7,1,10.0,9.83,-0.10241572165168494,0.0,0.0,12.999999792575526,1500,1658,-2,0,1500,1500,1500,10.0,1.5,20.0,0.0,35.0,150.0,1660
2026-08-19T12:42:18.232+03:00,29.376924,V2_CHANNEL_STATUS,Recording ALT_HOLD response for 15.0 seconds,ALT_HOLD,7,1,10.0,9.83,-0.10241572165168494,0.0,0.0,12.999999792575526,1500,1658,-2,0,1500,1500,1500,10.0,1.5,20.0,0.0,35.0,150.0,1660
2026-08-19T12:42:18.252+03:00,29.397484,GLOBAL_POSITION_INT,Recording ALT_HOLD response for 15.0 seconds,ALT_HOLD,7,1,10.0,9.89,0.11807331295269287,0.0,0.0,12.999999792575526,1500,1658,-2,0,1500,1500,1500,10.0,1.5,20.0,0.0,35.0,150.0,1660
2026-08-19T12:42:18.253+03:00,29.397852,RC_CHANNELS,Recording ALT_HOLD response for 15.0 seconds,ALT_HOLD,7,1,10.0,9.89,0.11807331295269287,0.0,0.0,12.999999792575526,1500,1658,-2,0,1500,1500,1500,10.0,1.5,20.0,0.0,35.0,150.0,1660
2026-08-19T12:42:18.314+03:00,29.458771,V2_CHANNEL_STATUS,Recording ALT_HOLD response for 15.0 seconds,ALT_HOLD,7,1,10.0,9.89,0.11807331295269287,0.0,0.0,12.999999792575526,1500,1660,0,0,1500,1500,1500,10.0,1.5,20.0,0.0,35.0,150.0,1660
2026-08-19T12:42:18.415+03:00,29.560291,V2_CHANNEL_STATUS,Recording ALT_HOLD response for 15.0 seconds,ALT_HOLD,7,1,10.0,9.89,0.11807331295269287,0.0,0.0,12.999999792575526,1500,1660,0,0,1500,1500,1500,10.0,1.5,20.0,0.0,35.0,150.0,1660
2026-08-19T12:42:18.517+03:00,29.661595,V2_CHANNEL_STATUS,Recording ALT_HOLD response for 15.0 seconds,ALT_HOLD,7,1,10.0,9.89,0.11807331295269287,0.0,0.0,12.999999792575526,1500,1662,2,0,1500,1500,1500,10.0,1.5,20.0,0.0,35.0,150.0,1660
2026-08-19T12:42:18.618+03:00,29.762939,V2_CHANNEL_STATUS,Recording ALT_HOLD response for 15.0 seconds,ALT_HOLD,7,1,10.0,9.89,0.11807331295269287,0.0,0.0,12.999999792575526,1500,1662,2,0,1500,1500,1500,10.0,1.5,20.0,0.0,35.0,150.0,1660
2026-08-19T12:42:18.719+03:00,29.864288,V2_CHANNEL_STATUS,Recording ALT_HOLD response for 15.0 seconds,ALT_HOLD,7,1,10.0,9.89,0.11807331295269287,0.0,0.0,12.999999792575526,1500,1662,2,0,1500,1500,1500,10.0,1.5,20.0,0.0,35.0,150.0,1660
2026-08-19T12:42:18.760+03:00,29.904870,GLOBAL_POSITION_INT,Recording ALT_HOLD response for 15.0 seconds,ALT_HOLD,7,1,10.0,9.91,0.039415804253314535,0.0,0.0,12.999999792575526,1500,1662,2,0,1500,1500,1500,10.0,1.5,20.0,0.0,35.0,150.0,1660
2026-08-19T12:42:18.760+03:00,29.905075,RC_CHANNELS,Recording ALT_HOLD response for 15.0 seconds,ALT_HOLD,7,1,10.0,9.91,0.039415804253314535,0.0,0.0,12.999999792575526,1500,1662,2,0,1500,1500,1500,10.0,1.5,20.0,0.0,35.0,150.0,1660
2026-08-19T12:42:18.821+03:00,29.966071,V2_CHANNEL_STATUS,Recording ALT_HOLD response for 15.0 seconds,ALT_HOLD,7,1,10.0,9.91,0.039415804253314535,0.0,0.0,12.999999792575526,1500,1659,-1,0,1500,1500,1500,10.0,1.5,20.0,0.0,35.0,150.0,1660
2026-08-19T12:42:18.922+03:00,30.067474,V2_CHANNEL_STATUS,Recording ALT_HOLD response for 15.0 seconds,ALT_HOLD,7,1,10.0,9.91,0.039415804253314535,0.0,0.0,12.999999792575526,1500,1659,-1,0,1500,1500,1500,10.0,1.5,20.0,0.0,35.0,150.0,1660
2026-08-19T12:42:19.024+03:00,30.168801,V2_CHANNEL_STATUS,Recording ALT_HOLD response for 15.0 seconds,ALT_HOLD,7,1,10.0,9.91,0.039415804253314535,0.0,0.0,12.999999792575526,1500,1656,-4,0,1500,1500,1500,10.0,1.5,20.0,0.0,35.0,150.0,1660
2026-08-19T12:42:19.125+03:00,30.270114,V2_CHANNEL_STATUS,Recording ALT_HOLD response for 15.0 seconds,ALT_HOLD,7,1,10.0,9.91,0.039415804253314535,0.0,0.0,12.999999792575526,1500,1657,-3,0,1500,1500,1500,10.0,1.5,20.0,0.0,35.0,150.0,1660
2026-08-19T12:42:19.226+03:00,30.371390,V2_CHANNEL_STATUS,Recording ALT_HOLD response for 15.0 seconds,ALT_HOLD,7,1,10.0,9.91,0.039415804253314535,0.0,0.0,12.999999792575526,1500,1657,-3,0,1500,1500,1500,10.0,1.5,20.0,0.0,35.0,150.0,1660
2026-08-19T12:42:19.247+03:00,30.391956,GLOBAL_POSITION_INT,Switching to MANUAL for landing,ALT_HOLD,7,1,10.0,9.99,0.1642433582465351,0.0,0.0,12.999999792575526,1600,1657,-3,0,1500,1500,1500,10.0,1.5,20.0,0.0,35.0,150.0,1660
2026-08-19T12:42:19.247+03:00,30.392228,RC_CHANNELS,Switching to MANUAL for landing,ALT_HOLD,7,1,10.0,9.99,0.1642433582465351,0.0,0.0,12.999999792575526,1600,1657,-3,0,1500,1500,1500,10.0,1.5,20.0,0.0,35.0,150.0,1660
2026-08-19T12:42:19.314+03:00,30.459441,V2_CHANNEL_STATUS,Switching to MANUAL for landing,ALT_HOLD,7,1,10.0,9.99,0.1642433582465351,0.0,0.0,12.999999792575526,1600,1600,-60,0,1500,1500,1500,10.0,1.5,20.0,0.0,35.0,150.0,1660
2026-08-19T12:42:19.417+03:00,30.562250,V2_CHANNEL_STATUS,Switching to MANUAL for landing,ALT_HOLD,7,1,10.0,9.99,0.1642433582465351,0.0,0.0,12.999999792575526,1600,1600,-60,0,1500,1500,1500,10.0,1.5,20.0,0.0,35.0,150.0,1660
2026-08-19T12:42:19.515+03:00,30.659952,V2_CHANNEL_STATUS,Switching to MANUAL for landing,ALT_HOLD,7,1,10.0,9.99,0.1642433582465351,0.0,0.0,12.999999792575526,1600,1600,-60,0,1500,1500,1500,10.0,1.5,20.0,0.0,35.0,150.0,1660
2026-08-19T12:42:19.618+03:00,30.762891,V2_CHANNEL_STATUS,Switching to MANUAL for landing,ALT_HOLD,7,1,10.0,9.99,0.1642433582465351,0.0,0.0,12.999999792575526,1600,1600,-60,0,1500,1500,1500,10.0,1.5,20.0,0.0,35.0,150.0,1660
2026-08-19T12:42:19.716+03:00,30.860628,V2_CHANNEL_STATUS,Switching to MANUAL for landing,ALT_HOLD,7,1,10.0,9.99,0.1642433582465351,0.0,0.0,12.999999792575526,1600,1600,-60,0,1500,1500,1500,10.0,1.5,20.0,0.0,35.0,150.0,1660
2026-08-19T12:42:19.742+03:00,30.886587,GLOBAL_POSITION_INT,Switching to MANUAL for landing,ALT_HOLD,7,1,10.0,10.06,0.14152175911425932,0.0,0.0,12.999999792575526,1600,1600,-60,0,1500,1500,1500,10.0,1.5,20.0,0.0,35.0,150.0,1660
2026-08-19T12:42:19.742+03:00,30.886958,RC_CHANNELS,Switching to MANUAL for landing,ALT_HOLD,7,1,10.0,10.06,0.14152175911425932,0.0,0.0,12.999999792575526,1600,1600,-60,0,1500,1500,1500,10.0,1.5,20.0,0.0,35.0,150.0,1660
2026-08-19T12:42:19.819+03:00,30.964263,V2_CHANNEL_STATUS,Switching to MANUAL for landing,ALT_HOLD,7,1,10.0,10.06,0.14152175911425932,0.0,0.0,12.999999792575526,1600,1600,-60,0,1500,1500,1500,10.0,1.5,20.0,0.0,35.0,150.0,1660
2026-08-19T12:42:19.917+03:00,31.061842,V2_CHANNEL_STATUS,Switching to MANUAL for landing,ALT_HOLD,7,1,10.0,10.06,0.14152175911425932,0.0,0.0,12.999999792575526,1600,1600,-60,0,1500,1500,1500,10.0,1.5,20.0,0.0,35.0,150.0,1660
2026-08-19T12:42:20.020+03:00,31.165035,V2_CHANNEL_STATUS,Switching to MANUAL for landing,ALT_HOLD,7,1,10.0,10.06,0.14152175911425932,0.0,0.0,12.999999792575526,1600,1600,-60,0,1500,1500,1500,10.0,1.5,20.0,0.0,35.0,150.0,1660
2026-08-19T12:42:20.118+03:00,31.262834,V2_CHANNEL_STATUS,Switching to MANUAL for landing,ALT_HOLD,7,1,10.0,10.06,0.14152175911425932,0.0,0.0,12.999999792575526,1600,1600,-60,0,1500,1500,1500,10.0,1.5,20.0,0.0,35.0,150.0,1660
2026-08-19T12:42:20.221+03:00,31.365622,V2_CHANNEL_STATUS,Switching to MANUAL for landing,ALT_HOLD,7,1,10.0,10.06,0.14152175911425932,0.0,0.0,12.999999792575526,1600,1600,-60,0,1500,1500,1500,10.0,1.5,20.0,0.0,35.0,150.0,1660
2026-08-19T12:42:20.242+03:00,31.386614,GLOBAL_POSITION_INT,Waiting for touchdown,MANUAL,1,1,10.0,9.93,-0.25997889911655575,0.0,0.0,12.999999792575526,1600,1600,-60,0,1500,1500,1500,10.0,1.5,20.0,0.0,35.0,150.0,1660
2026-08-19T12:42:20.242+03:00,31.386920,RC_CHANNELS,Waiting for touchdown,MANUAL,1,1,10.0,9.93,-0.25997889911655575,0.0,0.0,12.999999792575526,1600,1600,-60,0,1500,1500,1500,10.0,1.5,20.0,0.0,35.0,150.0,1660
2026-08-19T12:42:20.320+03:00,31.464731,V2_CHANNEL_STATUS,Waiting for touchdown,MANUAL,1,1,10.0,9.93,-0.25997889911655575,0.0,0.0,12.999999792575526,1600,1600,-60,0,1500,1500,1500,10.0,1.5,20.0,0.0,35.0,150.0,1660
2026-08-19T12:42:20.417+03:00,31.562403,V2_CHANNEL_STATUS,Waiting for touchdown,MANUAL,1,1,10.0,9.93,-0.25997889911655575,0.0,0.0,12.999999792575526,1600,1600,-60,0,1500,1500,1500,10.0,1.5,20.0,0.0,35.0,150.0,1660
2026-08-19T12:42:20.520+03:00,31.665289,V2_CHANNEL_STATUS,Waiting for touchdown,MANUAL,1,1,10.0,9.93,-0.25997889911655575,0.0,0.0,12.999999792575526,1600,1600,-60,0,1500,1500,1500,10.0,1.5,20.0,0.0,35.0,150.0,1660
2026-08-19T12:42:20.618+03:00,31.763251,V2_CHANNEL_STATUS,Waiting for touchdown,MANUAL,1,1,10.0,9.93,-0.25997889911655575,0.0,0.0,12.999999792575526,1600,1600,-60,0,1500,1500,1500,10.0,1.5,20.0,0.0,35.0,150.0,1660
2026-08-19T12:42:20.721+03:00,31.866299,V2_CHANNEL_STATUS,Waiting for touchdown,MANUAL,1,1,10.0,9.93,-0.25997889911655575,0.0,0.0,12.999999792575526,1600,1600,-60,0,1500,1500,1500,10.0,1.5,20.0,0.0,35.0,150.0,1660
2026-08-19T12:42:20.742+03:00,31.886914,GLOBAL_POSITION_INT,Waiting for touchdown,MANUAL,1,1,10.0,9.35,-1.1593126478794857,0.0,0.0,12.999999792575526,1600,1600,-60,0,1500,1500,1500,10.0,1.5,20.0,0.0,35.0,150.0,1660
2026-08-19T12:42:20.742+03:00,31.887122,RC_CHANNELS,Waiting for touchdown,MANUAL,1,1,10.0,9.35,-1.1593126478794857,0.0,0.0,12.999999792575526,1600,1600,-60,0,1500,1500,1500,10.0,1.5,20.0,0.0,35.0,150.0,1660
2026-08-19T12:42:20.819+03:00,31.964361,V2_CHANNEL_STATUS,Waiting for touchdown,MANUAL,1,1,10.0,9.35,-1.1593126478794857,0.0,0.0,12.999999792575526,1600,1600,-60,0,1500,1500,1500,10.0,1.5,20.0,0.0,35.0,150.0,1660
2026-08-19T12:42:20.922+03:00,32.067238,V2_CHANNEL_STATUS,Waiting for touchdown,MANUAL,1,1,10.0,9.35,-1.1593126478794857,0.0,0.0,12.999999792575526,1600,1600,-60,0,1500,1500,1500,10.0,1.5,20.0,0.0,35.0,150.0,1660
2026-08-19T12:42:21.020+03:00,32.164885,V2_CHANNEL_STATUS,Waiting for touchdown,MANUAL,1,1,10.0,9.35,-1.1593126478794857,0.0,0.0,12.999999792575526,1600,1600,-60,0,1500,1500,1500,10.0,1.5,20.0,0.0,35.0,150.0,1660
2026-08-19T12:42:21.123+03:00,32.267735,V2_CHANNEL_STATUS,Waiting for touchdown,MANUAL,1,1,10.0,9.35,-1.1593126478794857,0.0,0.0,12.999999792575526,1600,1600,-60,0,1500,1500,1500,10.0,1.5,20.0,0.0,35.0,150.0,1660
2026-08-19T12:42:21.221+03:00,32.365522,V2_CHANNEL_STATUS,Waiting for touchdown,MANUAL,1,1,10.0,9.35,-1.1593126478794857,0.0,0.0,12.999999792575526,1600,1600,-60,0,1500,1500,1500,10.0,1.5,20.0,0.0,35.0,150.0,1660
2026-08-19T12:42:21.242+03:00,32.386559,GLOBAL_POSITION_INT,Waiting for touchdown,MANUAL,1,1,10.0,8.0,-2.701995369887549,0.0,0.0,12.999999792575526,1600,1600,-60,0,1500,1500,1500,10.0,1.5,20.0,0.0,35.0,150.0,1660
2026-08-19T12:42:21.242+03:00,32.386852,RC_CHANNELS,Waiting for touchdown,MANUAL,1,1,10.0,8.0,-2.701995369887549,0.0,0.0,12.999999792575526,1600,1600,-60,0,1500,1500,1500,10.0,1.5,20.0,0.0,35.0,150.0,1660
2026-08-19T12:42:21.319+03:00,32.464346,V2_CHANNEL_STATUS,Waiting for touchdown,MANUAL,1,1,10.0,8.0,-2.701995369887549,0.0,0.0,12.999999792575526,1600,1600,-60,0,1500,1500,1500,10.0,1.5,20.0,0.0,35.0,150.0,1660
2026-08-19T12:42:21.422+03:00,32.567162,V2_CHANNEL_STATUS,Waiting for touchdown,MANUAL,1,1,10.0,8.0,-2.701995369887549,0.0,0.0,12.999999792575526,1600,1600,-60,0,1500,1500,1500,10.0,1.5,20.0,0.0,35.0,150.0,1660
2026-08-19T12:42:21.520+03:00,32.664984,V2_CHANNEL_STATUS,Waiting for touchdown,MANUAL,1,1,10.0,8.0,-2.701995369887549,0.0,0.0,12.999999792575526,1600,1600,-60,0,1500,1500,1500,10.0,1.5,20.0,0.0,35.0,150.0,1660
2026-08-19T12:42:21.623+03:00,32.767715,V2_CHANNEL_STATUS,Waiting for touchdown,MANUAL,1,1,10.0,8.0,-2.701995369887549,0.0,0.0,12.999999792575526,1600,1600,-60,0,1500,1500,1500,10.0,1.5,20.0,0.0,35.0,150.0,1660
2026-08-19T12:42:21.721+03:00,32.865613,V2_CHANNEL_STATUS,Waiting for touchdown,MANUAL,1,1,10.0,8.0,-2.701995369887549,0.0,0.0,12.999999792575526,1600,1600,-60,0,1500,1500,1500,10.0,1.5,20.0,0.0,35.0,150.0,1660
2026-08-19T12:42:21.741+03:00,32.886252,GLOBAL_POSITION_INT,Waiting for touchdown,MANUAL,1,1,10.0,7.0,-2.001159531447819,0.0,0.0,12.999999792575526,1600,1600,-60,0,1500,1500,1500,10.0,1.5,20.0,0.0,35.0,150.0,1660
2026-08-19T12:42:21.741+03:00,32.886458,RC_CHANNELS,Waiting for touchdown,MANUAL,1,1,10.0,7.0,-2.001159531447819,0.0,0.0,12.999999792575526,1600,1600,-60,0,1500,1500,1500,10.0,1.5,20.0,0.0,35.0,150.0,1660
2026-08-19T12:42:21.824+03:00,32.968751,V2_CHANNEL_STATUS,Waiting for touchdown,MANUAL,1,1,10.0,7.0,-2.001159531447819,0.0,0.0,12.999999792575526,1600,1600,-60,0,1500,1500,1500,10.0,1.5,20.0,0.0,35.0,150.0,1660
2026-08-19T12:42:21.921+03:00,33.066330,V2_CHANNEL_STATUS,Waiting for touchdown,MANUAL,1,1,10.0,7.0,-2.001159531447819,0.0,0.0,12.999999792575526,1600,1600,-60,0,1500,1500,1500,10.0,1.5,20.0,0.0,35.0,150.0,1660
2026-08-19T12:42:22.024+03:00,33.169166,V2_CHANNEL_STATUS,Waiting for touchdown,MANUAL,1,1,10.0,7.0,-2.001159531447819,0.0,0.0,12.999999792575526,1600,1600,-60,0,1500,1500,1500,10.0,1.5,20.0,0.0,35.0,150.0,1660
2026-08-19T12:42:22.122+03:00,33.267127,V2_CHANNEL_STATUS,Waiting for touchdown,MANUAL,1,1,10.0,7.0,-2.001159531447819,0.0,0.0,12.999999792575526,1600,1600,-60,0,1500,1500,1500,10.0,1.5,20.0,0.0,35.0,150.0,1660
2026-08-19T12:42:22.220+03:00,33.364748,V2_CHANNEL_STATUS,Waiting for touchdown,MANUAL,1,1,10.0,7.0,-2.001159531447819,0.0,0.0,12.999999792575526,1600,1600,-60,0,1500,1500,1500,10.0,1.5,20.0,0.0,35.0,150.0,1660
2026-08-19T12:42:22.246+03:00,33.390579,GLOBAL_POSITION_INT,Waiting for touchdown,MANUAL,1,1,10.0,4.84,-4.282984819114514,0.0,0.0,12.999999792575526,1600,1600,-60,0,1500,1500,1500,10.0,1.5,20.0,0.0,35.0,150.0,1660
2026-08-19T12:42:22.246+03:00,33.390911,RC_CHANNELS,Waiting for touchdown,MANUAL,1,1,10.0,4.84,-4.282984819114514,0.0,0.0,12.999999792575526,1600,1600,-60,0,1500,1500,1500,10.0,1.5,20.0,0.0,35.0,150.0,1660
2026-08-19T12:42:22.323+03:00,33.468105,V2_CHANNEL_STATUS,Waiting for touchdown,MANUAL,1,1,10.0,4.84,-4.282984819114514,0.0,0.0,12.999999792575526,1600,1600,-60,0,1500,1500,1500,10.0,1.5,20.0,0.0,35.0,150.0,1660
2026-08-19T12:42:22.421+03:00,33.565813,V2_CHANNEL_STATUS,Waiting for touchdown,MANUAL,1,1,10.0,4.84,-4.282984819114514,0.0,0.0,12.999999792575526,1600,1600,-60,0,1500,1500,1500,10.0,1.5,20.0,0.0,35.0,150.0,1660
2026-08-19T12:42:22.524+03:00,33.668480,V2_CHANNEL_STATUS,Waiting for touchdown,MANUAL,1,1,10.0,4.84,-4.282984819114514,0.0,0.0,12.999999792575526,1600,1600,-60,0,1500,1500,1500,10.0,1.5,20.0,0.0,35.0,150.0,1660
2026-08-19T12:42:22.621+03:00,33.766066,V2_CHANNEL_STATUS,Waiting for touchdown,MANUAL,1,1,10.0,4.84,-4.282984819114514,0.0,0.0,12.999999792575526,1600,1600,-60,0,1500,1500,1500,10.0,1.5,20.0,0.0,35.0,150.0,1660
2026-08-19T12:42:22.724+03:00,33.868808,V2_CHANNEL_STATUS,Waiting for touchdown,MANUAL,1,1,10.0,4.84,-4.282984819114514,0.0,0.0,12.999999792575526,1600,1600,-60,0,1500,1500,1500,10.0,1.5,20.0,0.0,35.0,150.0,1660
2026-08-19T12:42:22.744+03:00,33.889432,GLOBAL_POSITION_INT,Waiting for touchdown,MANUAL,1,1,10.0,2.66,-4.369988745019511,0.0,0.0,12.999999792575526,1600,1600,-60,0,1500,1500,1500,10.0,1.5,20.0,0.0,35.0,150.0,1660
2026-08-19T12:42:22.745+03:00,33.889646,RC_CHANNELS,Waiting for touchdown,MANUAL,1,1,10.0,2.66,-4.369988745019511,0.0,0.0,12.999999792575526,1600,1600,-60,0,1500,1500,1500,10.0,1.5,20.0,0.0,35.0,150.0,1660
2026-08-19T12:42:22.822+03:00,33.966759,V2_CHANNEL_STATUS,Waiting for touchdown,MANUAL,1,1,10.0,2.66,-4.369988745019511,0.0,0.0,12.999999792575526,1600,1600,-60,0,1500,1500,1500,10.0,1.5,20.0,0.0,35.0,150.0,1660
2026-08-19T12:42:22.924+03:00,34.069420,V2_CHANNEL_STATUS,Waiting for touchdown,MANUAL,1,1,10.0,2.66,-4.369988745019511,0.0,0.0,12.999999792575526,1600,1600,-60,0,1500,1500,1500,10.0,1.5,20.0,0.0,35.0,150.0,1660
2026-08-19T12:42:23.023+03:00,34.167739,V2_CHANNEL_STATUS,Waiting for touchdown,MANUAL,1,1,10.0,2.66,-4.369988745019511,0.0,0.0,12.999999792575526,1600,1600,-60,0,1500,1500,1500,10.0,1.5,20.0,0.0,35.0,150.0,1660
2026-08-19T12:42:23.126+03:00,34.270764,V2_CHANNEL_STATUS,Waiting for touchdown,MANUAL,1,1,10.0,2.66,-4.369988745019511,0.0,0.0,12.999999792575526,1600,1600,-60,0,1500,1500,1500,10.0,1.5,20.0,0.0,35.0,150.0,1660
2026-08-19T12:42:23.224+03:00,34.368514,V2_CHANNEL_STATUS,Waiting for touchdown,MANUAL,1,1,10.0,2.66,-4.369988745019511,0.0,0.0,12.999999792575526,1600,1600,-60,0,1500,1500,1500,10.0,1.5,20.0,0.0,35.0,150.0,1660
2026-08-19T12:42:23.244+03:00,34.389252,GLOBAL_POSITION_INT,Waiting for touchdown,MANUAL,1,1,10.0,0.25,-4.821726745906004,0.0,0.0,12.999999792575526,1600,1600,-60,0,1500,1500,1500,10.0,1.5,20.0,0.0,35.0,150.0,1660
2026-08-19T12:42:23.244+03:00,34.389457,RC_CHANNELS,Waiting for touchdown,MANUAL,1,1,10.0,0.25,-4.821726745906004,0.0,0.0,12.999999792575526,1600,1600,-60,0,1500,1500,1500,10.0,1.5,20.0,0.0,35.0,150.0,1660
2026-08-19T12:42:23.322+03:00,34.466649,V2_CHANNEL_STATUS,Waiting for touchdown,MANUAL,1,1,10.0,0.25,-4.821726745906004,0.0,0.0,12.999999792575526,1600,1600,-60,0,1500,1500,1500,10.0,1.5,20.0,0.0,35.0,150.0,1660
2026-08-19T12:42:23.424+03:00,34.569275,V2_CHANNEL_STATUS,Waiting for touchdown,MANUAL,1,1,10.0,0.25,-4.821726745906004,0.0,0.0,12.999999792575526,1600,1600,-60,0,1500,1500,1500,10.0,1.5,20.0,0.0,35.0,150.0,1660
2026-08-19T12:42:23.522+03:00,34.666860,V2_CHANNEL_STATUS,Waiting for touchdown,MANUAL,1,1,10.0,0.25,-4.821726745906004,0.0,0.0,12.999999792575526,1600,1600,-60,0,1500,1500,1500,10.0,1.5,20.0,0.0,35.0,150.0,1660
2026-08-19T12:42:23.625+03:00,34.769895,V2_CHANNEL_STATUS,Waiting for touchdown,MANUAL,1,1,10.0,0.25,-4.821726745906004,0.0,0.0,12.999999792575526,1600,1600,-60,0,1500,1500,1500,10.0,1.5,20.0,0.0,35.0,150.0,1660
2026-08-19T12:42:23.723+03:00,34.867722,V2_CHANNEL_STATUS,Waiting for touchdown,MANUAL,1,1,10.0,0.25,-4.821726745906004,0.0,0.0,12.999999792575526,1600,1600,-60,0,1500,1500,1500,10.0,1.5,20.0,0.0,35.0,150.0,1660
2026-08-19T12:42:23.743+03:00,34.888312,GLOBAL_POSITION_INT,Waiting for touchdown,MANUAL,1,1,10.0,0.0,-0.5009408029166639,0.0,0.0,12.999999792575526,1600,1600,-60,0,1500,1500,1500,10.0,1.5,20.0,0.0,35.0,150.0,1660
2026-08-19T12:42:23.744+03:00,34.888530,RC_CHANNELS,Waiting for touchdown,MANUAL,1,1,10.0,0.0,-0.5009408029166639,0.0,0.0,12.999999792575526,1600,1600,-60,0,1500,1500,1500,10.0,1.5,20.0,0.0,35.0,150.0,1660
2026-08-19T12:42:23.826+03:00,34.970709,V2_CHANNEL_STATUS,Waiting for touchdown,MANUAL,1,1,10.0,0.0,-0.5009408029166639,0.0,0.0,12.999999792575526,1600,1600,-60,0,1500,1500,1500,10.0,1.5,20.0,0.0,35.0,150.0,1660
2026-08-19T12:42:23.924+03:00,35.068625,V2_CHANNEL_STATUS,Waiting for touchdown,MANUAL,1,1,10.0,0.0,-0.5009408029166639,0.0,0.0,12.999999792575526,1600,1600,-60,0,1500,1500,1500,10.0,1.5,20.0,0.0,35.0,150.0,1660
2026-08-19T12:42:24.027+03:00,35.171669,V2_CHANNEL_STATUS,Waiting for touchdown,MANUAL,1,1,10.0,0.0,-0.5009408029166639,0.0,0.0,12.999999792575526,1600,1600,-60,0,1500,1500,1500,10.0,1.5,20.0,0.0,35.0,150.0,1660
2026-08-19T12:42:24.124+03:00,35.269436,V2_CHANNEL_STATUS,Waiting for touchdown,MANUAL,1,1,10.0,0.0,-0.5009408029166639,0.0,0.0,12.999999792575526,1600,1600,-60,0,1500,1500,1500,10.0,1.5,20.0,0.0,35.0,150.0,1660
2026-08-19T12:42:24.227+03:00,35.372248,V2_CHANNEL_STATUS,Waiting for touchdown,MANUAL,1,1,10.0,0.0,-0.5009408029166639,0.0,0.0,12.999999792575526,1600,1600,-60,0,1500,1500,1500,10.0,1.5,20.0,0.0,35.0,150.0,1660
2026-08-19T12:42:24.243+03:00,35.387848,GLOBAL_POSITION_INT,Waiting for touchdown,MANUAL,1,1,10.0,0.0,0.0,0.0,0.0,12.999999792575526,1600,1600,-60,0,1500,1500,1500,10.0,1.5,20.0,0.0,35.0,150.0,1660
2026-08-19T12:42:24.243+03:00,35.388059,RC_CHANNELS,Waiting for touchdown,MANUAL,1,1,10.0,0.0,0.0,0.0,0.0,12.999999792575526,1600,1600,-60,0,1500,1500,1500,10.0,1.5,20.0,0.0,35.0,150.0,1660
2026-08-19T12:42:24.325+03:00,35.470415,V2_CHANNEL_STATUS,Waiting for touchdown,MANUAL,1,1,10.0,0.0,0.0,0.0,0.0,12.999999792575526,1600,1600,-60,0,1500,1500,1500,10.0,1.5,20.0,0.0,35.0,150.0,1660
2026-08-19T12:42:24.428+03:00,35.573282,V2_CHANNEL_STATUS,Waiting for touchdown,MANUAL,1,1,10.0,0.0,0.0,0.0,0.0,12.999999792575526,1600,1600,-60,0,1500,1500,1500,10.0,1.5,20.0,0.0,35.0,150.0,1660
2026-08-19T12:42:24.526+03:00,35.671104,V2_CHANNEL_STATUS,Waiting for touchdown,MANUAL,1,1,10.0,0.0,0.0,0.0,0.0,12.999999792575526,1600,1600,-60,0,1500,1500,1500,10.0,1.5,20.0,0.0,35.0,150.0,1660
2026-08-19T12:42:24.629+03:00,35.773652,V2_CHANNEL_STATUS,Waiting for touchdown,MANUAL,1,1,10.0,0.0,0.0,0.0,0.0,12.999999792575526,1600,1600,-60,0,1500,1500,1500,10.0,1.5,20.0,0.0,35.0,150.0,1660
2026-08-19T12:42:24.726+03:00,35.871318,V2_CHANNEL_STATUS,Waiting for touchdown,MANUAL,1,1,10.0,0.0,0.0,0.0,0.0,12.999999792575526,1600,1600,-60,0,1500,1500,1500,10.0,1.5,20.0,0.0,35.0,150.0,1660
2026-08-19T12:42:24.742+03:00,35.886779,GLOBAL_POSITION_INT,Waiting for touchdown,MANUAL,1,1,10.0,0.0,0.0,0.0,0.0,12.999999792575526,1600,1600,-60,0,1500,1500,1500,10.0,1.5,20.0,0.0,35.0,150.0,1660
2026-08-19T12:42:24.742+03:00,35.887023,RC_CHANNELS,Waiting for touchdown,MANUAL,1,1,10.0,0.0,0.0,0.0,0.0,12.999999792575526,1600,1600,-60,0,1500,1500,1500,10.0,1.5,20.0,0.0,35.0,150.0,1660
2026-08-19T12:42:24.825+03:00,35.969580,V2_CHANNEL_STATUS,Disarming and waiting for IDLE,MANUAL,1,1,10.0,0.0,0.0,0.0,0.0,12.999999792575526,1000,1000,-660,1,1500,1500,1500,10.0,1.5,20.0,0.0,35.0,150.0,1660
2026-08-19T12:42:24.927+03:00,36.072290,V2_CHANNEL_STATUS,Disarming and waiting for IDLE,MANUAL,1,1,10.0,0.0,0.0,0.0,0.0,12.999999792575526,1000,1000,-660,1,1500,1500,1500,10.0,1.5,20.0,0.0,35.0,150.0,1660
2026-08-19T12:42:25.025+03:00,36.169976,V2_CHANNEL_STATUS,Disarming and waiting for IDLE,MANUAL,1,1,10.0,0.0,0.0,0.0,0.0,12.999999792575526,1000,1000,-660,1,1500,1500,1500,10.0,1.5,20.0,0.0,35.0,150.0,1660
2026-08-19T12:42:25.128+03:00,36.272708,V2_CHANNEL_STATUS,Disarming and waiting for IDLE,MANUAL,1,1,10.0,0.0,0.0,0.0,0.0,12.999999792575526,1000,1000,-660,1,1500,1500,1500,10.0,1.5,20.0,0.0,35.0,150.0,1660
2026-08-19T12:42:25.225+03:00,36.370396,V2_CHANNEL_STATUS,Disarming and waiting for IDLE,MANUAL,1,1,10.0,0.0,0.0,0.0,0.0,12.999999792575526,1000,1000,-660,1,1500,1500,1500,10.0,1.5,20.0,0.0,35.0,150.0,1660
2026-08-19T12:42:25.256+03:00,36.401223,GLOBAL_POSITION_INT,Disarming and waiting for IDLE,IDLE,0,0,10.0,0.0,0.0,0.0,0.0,12.999999792575526,1000,1000,-660,1,1500,1500,1500,10.0,1.5,20.0,0.0,35.0,150.0,1660
2026-08-19T12:42:25.256+03:00,36.401447,RC_CHANNELS,Disarming and waiting for IDLE,IDLE,0,0,10.0,0.0,0.0,0.0,0.0,12.999999792575526,1000,1000,-660,1,1500,1500,1500,10.0,1.5,20.0,0.0,35.0,150.0,1660
2026-08-19T12:42:25.338+03:00,36.482605,V2_CHANNEL_STATUS,Disarming and waiting for IDLE,IDLE,0,0,10.0,0.0,0.0,0.0,0.0,12.999999792575526,1000,1000,-660,1,1500,1500,1500,10.0,1.5,20.0,0.0,35.0,150.0,1660
2026-08-19T12:42:25.439+03:00,36.583783,V2_CHANNEL_STATUS,Disarming and waiting for IDLE,IDLE,0,0,10.0,0.0,0.0,0.0,0.0,12.999999792575526,1000,1000,-660,1,1500,1500,1500,10.0,1.5,20.0,0.0,35.0,150.0,1660
2026-08-19T12:42:25.540+03:00,36.685076,V2_CHANNEL_STATUS,Disarming and waiting for IDLE,IDLE,0,0,10.0,0.0,0.0,0.0,0.0,12.999999792575526,1000,1000,-660,1,1500,1500,1500,10.0,1.5,20.0,0.0,35.0,150.0,1660
2026-08-19T12:42:25.641+03:00,36.786397,V2_CHANNEL_STATUS,Disarming and waiting for IDLE,IDLE,0,0,10.0,0.0,0.0,0.0,0.0,12.999999792575526,1000,1000,-660,1,1500,1500,1500,10.0,1.5,20.0,0.0,35.0,150.0,1660
