time_monotonic_ns,glide_phase,frame_id,control_valid,reason,abort_reason,dx_norm,dy_norm,vx_setpoint_m_s,vx_measured_m_s,vy_setpoint_m_s,vy_measured_m_s,altitude_m,distance_to_target_m,roll_deg,pitch_deg,yaw_deg,yaw_rate_setpoint_dps,yaw_rc,throttle_rc
1141060263555517,track,440811,True,,,-0.6296875,-0.42916666666666664,1.1542835173216446,,-1.7215549288996117,0.0,4.88,11.851851851851851,0.0,0.0,0.0,-7.316249999999999,1445,1639
1141060282901079,track,440811,True,,,-0.6296875,-0.42916666666666664,1.1542835173216446,,-1.7215549288996117,0.0,4.88,11.851851851851851,0.0,0.0,0.0,-7.316249999999999,1445,1639
1141060302975829,track,440812,True,,,-0.6296875,-0.42916666666666664,1.1542835173216446,-0.0,-1.7215549288996117,0.0,4.88,11.851851851851851,0.0,0.0,0.0,-7.316249999999999,1445,1639
1141060322926878,track,440813,True,,,-0.6296875,-0.42916666666666664,1.1542835173216446,-2.473154626831785,-1.7215549288996117,0.0,4.88,12.307692307692308,0.0,0.0,0.0,-7.316249999999999,1445,1639
1141060342808744,track,440813,True,,,-0.6296875,-0.42916666666666664,1.1542835173216446,-2.473154626831785,-1.7215549288996117,0.0,4.88,12.307692307692308,0.0,0.0,0.0,-7.316249999999999,1445,1639
1141060362799888,track,440814,True,,,-0.6296875,-0.42916666666666664,1.1542835173216446,-1.6075505074406604,-1.7215549288996117,0.0,4.88,12.307692307692308,0.0,0.0,0.0,-7.316249999999999,1445,1639
1141060382795118,track,440815,True,,,-0.6296875,-0.42916666666666664,1.1542835173216446,-1.0449078298364294,-1.7215549288996117,0.0,4.88,12.307692307692308,0.0,0.0,0.0,-7.316249999999999,1445,1639
1141060402796797,track,440815,True,,,-0.6296875,-0.42916666666666664,1.1542835173216446,-1.0449078298364294,-1.7215549288996117,0.02,4.9,12.307692307692308,0.0,0.0,0.0,-7.316249999999999,1445,1639
1141060422806649,track,440816,True,,,-0.628125,-0.42916666666666664,1.1608183905620337,-0.6791900893936791,-1.7215549288996117,0.02,4.9,12.307692307692308,0.0,0.0,0.0,-7.2975,1446,1639
1141060442797324,track,440816,True,,,-0.628125,-0.42916666666666664,1.1608183905620337,-0.6791900893936791,-1.7215549288996117,0.02,4.9,12.307692307692308,0.0,0.0,0.0,-7.2975,1446,1639
1141060462788225,track,440817,True,,,-0.628125,-0.42916666666666664,1.1608183905620337,-0.4414735581058914,-1.7215549288996117,0.02,4.9,12.307692307692308,0.0,0.0,0.0,-7.2975,1446,1639
1141060482803037,track,440818,True,,,-0.625,-0.4270833333333333,1.1803706197255392,-0.2869578127688294,-1.7137700483804597,0.08,4.91,12.307692307692308,0.0,0.0,0.0,-7.26,1446,1638
1141060502777808,track,440818,True,,,-0.625,-0.4270833333333333,1.1803706197255392,-0.2869578127688294,-1.7137700483804597,0.08,4.91,12.307692307692308,0.0,0.0,0.0,-7.26,1446,1638
1141060522794035,track,440819,True,,,-0.621875,-0.41875,1.2193629890820614,-0.18652257829973914,-1.68253888029925,0.08,4.91,12.307692307692308,0.0,0.0,0.0,-7.222499999999999,1446,1638
1141060542809313,track,440819,True,,,-0.621875,-0.41875,1.2193629890820614,-0.18652257829973914,-1.68253888029925,0.08,4.91,12.307692307692308,0.0,0.0,0.0,-7.222499999999999,1446,1638
1141060562799918,track,440820,True,,,-0.615625,-0.4083333333333333,1.2779279361382119,-0.12123967589483045,-1.6432955681757782,0.08,4.91,12.307692307692308,0.0,0.6,359.0,-7.147499999999999,1447,1638
1141060582888080,track,440821,True,,,-0.609375,-0.39166666666666666,1.355545498312031,-0.0788057893316398,-1.5800415807183055,0.11,4.91,12.307692307692308,0.0,0.6,359.0,-7.0725,1447,1640
1141060602783444,track,440821,True,,,-0.609375,-0.39166666666666666,1.355545498312031,-0.0788057893316398,-1.5800415807183055,0.11,4.91,12.307692307692308,0.0,0.6,359.0,-7.0725,1447,1640
1141060622849249,track,440822,True,,,-0.6,-0.3729166666666667,1.4525204196466655,-0.05122376306556587,-1.508212547020709,0.11,4.91,11.851851851851851,0.0,0.6,359.0,-6.959999999999999,1448,1640
1141060642798351,track,440822,True,,,-0.6,-0.3729166666666667,1.4525204196466655,-0.05122376306556587,-1.508212547020709,0.11,4.91,11.851851851851851,0.0,0.6,359.0,-6.959999999999999,1448,1640
1141060662794775,track,440823,True,,,-0.5890625,-0.3541666666666667,1.555966729290835,-0.033295445992617814,-1.435696392532586,0.11,4.91,12.307692307692308,0.0,0.6,359.0,-6.82875,1449,1640
1141060682800157,track,440824,True,,,-0.5765625,-0.3333333333333333,1.6720274142781906,-0.02164203989520158,-1.3543447918483316,0.1,4.91,12.307692307692308,0.0,0.6,359.0,-6.678749999999999,1450,1643
1141060702807222,track,440824,True,,,-0.5765625,-0.3333333333333333,1.6720274142781906,-0.02164203989520158,-1.3543447918483316,0.1,4.91,12.307692307692308,0.0,0.6,359.0,-6.678749999999999,1450,1643
1141060722895949,track,440825,True,,,-0.5609375,-0.32083333333333336,1.777933053358206,-0.014067325931881028,-1.305154030629533,0.1,4.91,12.307692307692308,0.0,0.6,359.0,-6.491249999999999,1452,1643
1141060742851473,track,440825,True,,,-0.5609375,-0.32083333333333336,1.777933053358206,-0.014067325931881028,-1.305154030629533,0.1,4.91,12.307692307692308,0.0,0.6,359.0,-6.491249999999999,1452,1643
1141060762828784,track,440826,True,,,-0.5453125,-0.30833333333333335,1.8840745783453139,-0.009143761855722668,-1.2556877049068258,0.1,4.91,12.307692307692308,0.0,0.6,359.0,-6.303749999999999,1453,1643
1141060782851886,track,440827,True,,,-0.528125,-0.3020833333333333,1.9795312202042503,-0.005943445206219734,-1.2308536774178827,0.08,4.91,12.307692307692308,0.0,0.6,359.0,-6.097499999999999,1454,1644
1141060802943759,track,440827,True,,,-0.528125,-0.3020833333333333,1.9795312202042503,-0.005943445206219734,-1.2308536774178827,0.08,4.91,12.307692307692308,0.0,0.6,359.0,-6.097499999999999,1454,1644
1141060822946628,track,440828,True,,,-0.509375,-0.3020833333333333,2.0635841106748787,-0.0038632393840428276,-1.2308536774178827,0.08,4.91,12.307692307692308,0.0,0.6,359.0,-5.8725000000000005,1456,1644
1141060842848079,track,440828,True,,,-0.509375,-0.3020833333333333,2.0635841106748787,-0.0038632393840428276,-1.2308536774178827,0.08,4.91,12.307692307692308,0.0,0.6,359.0,-5.8725000000000005,1456,1644
1141060862837703,track,440829,True,,,-0.4890625,-0.30625,2.140867658479004,-0.002511105599627838,-1.247417080004065,0.08,4.91,12.8,0.0,0.6,359.0,-5.632578585706652,1458,1644
1141060882819584,track,440830,True,,,-0.46875,-0.31666666666666665,2.195890567054654,-0.0016322186397580948,-1.2886954873128114,0.05,4.91,12.8,0.0,0.6,359.0,-5.392825161516667,1460,1644
1141060902815152,track,440830,True,,,-0.46875,-0.31666666666666665,2.195890567054654,-0.0016322186397580948,-1.2886954873128114,0.05,4.91,12.8,0.0,0.6,359.0,-5.385,1460,1644
1141060922828211,track,440831,True,,,-0.4484375,-0.32916666666666666,2.2397791537315124,-0.0010609421158427616,-1.3379789680360428,0.05,4.91,12.8,0.0,0.6,359.0,-5.144905057959258,1462,1644
1141060942896141,track,440832,True,,,-0.425,-0.3458333333333333,2.276126380642792,-0.000689612375297795,-1.4032523403620507,0.05,4.91,12.307692307692308,0.0,0.6,359.0,-4.9040751487389205,1463,1644
1141060962813963,track,440832,True,,,-0.425,-0.3458333333333333,2.276126380642792,-0.000689612375297795,-1.4032523403620507,0.05,4.91,12.307692307692308,0.0,0.6,359.0,-4.859999999999999,1464,1644
1141060982843508,track,440833,True,,,-0.403125,-0.35833333333333334,2.3148647921719103,-0.00044824804394356677,-1.4518693310626816,0.02,4.91,12.307692307692308,0.0,0.6,359.0,-4.619686019271612,1466,1642
1141061002847622,track,440833,True,,,-0.403125,-0.35833333333333334,2.3148647921719103,-0.00044824804394356677,-1.4518693310626816,0.02,4.91,12.307692307692308,0.0,0.6,359.0,-4.5975,1466,1642
1141061022911947,track,440834,True,,,-0.38125,-0.37083333333333335,2.34783035779848,-0.0002913612285633184,-1.5001887248815926,0.02,4.91,12.307692307692308,0.0,0.6,359.0,-4.356784378029406,1467,1642
1141061042929748,track,440835,True,,,-0.35625,-0.3770833333333333,2.412021735307731,-0.00018938479856615698,-1.5242347075078202,0.02,4.91,12.307692307692308,0.0,0.6,359.0,-4.116706954166293,1469,1642
1141061062813115,track,440835,True,,,-0.35625,-0.3770833333333333,2.412021735307731,-0.00018938479856615698,-1.5242347075078202,0.02,4.91,12.307692307692308,0.0,0.6,359.0,-4.035,1470,1642
1141061082848272,track,440836,True,,,-0.334375,-0.3770833333333333,2.4876284177411208,-0.00012310011906800205,-1.5242347075078202,0.0,4.91,12.307692307692308,0.0,0.6,359.0,-3.7946558751538397,1472,1642
1141061102866600,track,440836,True,,,-0.334375,-0.3770833333333333,2.4876284177411208,-0.00012310011906800205,-1.5242347075078202,0.0,4.91,12.307692307692308,0.0,0.6,359.0,-3.7724999999999995,1472,1642
1141061122851768,track,440837,True,,,-0.3125,-0.37083333333333335,2.58821275461949,-8.001507739420133e-05,-1.5001887248815926,0.0,4.91,12.307692307692308,0.0,0.6,359.0,-3.5326586496457453,1474,1642
1141061142859798,track,440838,True,,,-0.2890625,-0.35833333333333334,2.720534241456178,-5.200980030623087e-05,-1.4518693310626816,0.0,4.91,12.307692307692308,-0.3,1.0,349.0,-3.2925908258557315,1475,1642
1141061162774481,track,440838,True,,,-0.2890625,-0.35833333333333334,2.720534241456178,-5.200980030623087e-05,-1.4518693310626816,0.0,4.91,12.307692307692308,-0.3,1.0,349.0,-3.22875,1476,1642
1141061182790544,track,440839,True,,,-0.2671875,-0.33958333333333335,2.8757760357611546,-3.3806370199050066e-05,-1.378834433904149,0.0,4.91,12.8,-0.3,1.0,349.0,-2.988619429282844,1478,1643
1141061202857570,track,440839,True,,,-0.2671875,-0.33958333333333335,2.8757760357611546,-3.3806370199050066e-05,-1.378834433904149,0.0,4.91,12.8,-0.3,1.0,349.0,-2.9662500000000005,1478,1643
1141061222809032,track,440840,True,,,-0.2484375,-0.31666666666666665,3.040473528528488,-2.1974140629382542e-05,-1.2886954873128116,0.0,4.91,12.307692307692308,-0.3,1.0,349.0,-2.74125,1480,1643
1141061242808120,track,440841,True,,,-0.2296875,-0.29375,3.2056358472392,-1.4283191409098653e-05,-1.1976393281220312,0.0,4.91,12.307692307692308,-0.3,1.0,349.0,-2.51625,1481,1643
1141061262747821,track,440841,True,,,-0.2296875,-0.29375,3.2056358472392,-1.4283191409098653e-05,-1.1976393281220312,0.0,4.91,12.307692307692308,-0.3,1.0,349.0,-2.51625,1481,1643
1141061282801032,track,440842,True,,,-0.2140625,-0.26875,3.370600224562684,-9.284074415914125e-06,-1.097318489534052,0.0,4.91,12.8,-0.3,1.0,349.0,-2.32875,1483,1647
1141061302897871,track,440842,True,,,-0.2140625,-0.26875,3.370600224562684,-9.284074415914125e-06,-1.097318489534052,0.0,4.91,12.8,-0.3,1.0,349.0,-2.32875,1483,1647
1141061322795053,track,440843,True,,,-0.2015625,-0.24583333333333332,3.515733367164274,-6.034648370344181e-06,-1.004510997116081,0.0,4.91,12.8,-0.3,1.0,349.0,-2.17875,1484,1647
1141061342822024,track,440844,True,,,-0.1890625,-0.22708333333333333,3.641788037181656,-3.922521440723718e-06,-0.9280161529506901,0.0,4.91,12.8,-0.3,1.0,349.0,-2.02875,1485,1647
1141061362805858,track,440844,True,,,-0.1890625,-0.22708333333333333,3.641788037181656,-3.922521440723718e-06,-0.9280161529506901,0.0,4.91,12.8,-0.3,1.0,349.0,-2.02875,1485,1647
1141061383044476,track,440845,True,,,-0.18125,-0.21041666666666667,3.742423789143931,-2.5496389364704166e-06,-0.8596249200199103,0.0,4.91,12.8,-0.3,1.0,349.0,-1.935,1486,1647
1141061402864705,track,440845,True,,,-0.18125,-0.21041666666666667,3.742423789143931,-2.5496389364704166e-06,-0.8596249200199103,0.0,4.91,12.8,-0.3,1.0,349.0,-1.935,1486,1647
1141061422846259,track,440846,True,,,-0.1734375,-0.19791666666666666,3.824284510669607,-1.6572653087057709e-06,-0.8081019540083645,0.0,4.91,12.8,-0.3,1.0,349.0,-1.84125,1486,1650
1141061442823266,track,440847,True,,,-0.16875,-0.18958333333333333,3.876921610138857,-1.077222450658751e-06,-0.7736497199315174,0.0,4.91,12.8,-0.3,1.0,349.0,-1.7850000000000001,1487,1650
1141061462788083,track,440847,True,,,-0.16875,-0.18958333333333333,3.876921610138857,-1.077222450658751e-06,-0.7736497199315174,0.0,4.91,12.8,-0.3,1.0,349.0,-1.7850000000000001,1487,1650
1141061483079972,track,440848,True,,,-0.165625,-0.18125,3.923877350720066,-7.001945929281882e-07,-0.7391182428025169,0.0,4.91,12.8,-0.3,1.0,349.0,-1.7475,1487,1650
1141061502928539,track,440848,True,,,-0.165625,-0.18125,3.923877350720066,-7.001945929281882e-07,-0.7391182428025169,0.0,4.91,12.8,-0.3,1.0,349.0,-1.7475,1487,1650
1141061522856585,track,440849,True,,,-0.165625,-0.17708333333333334,3.941628893155021,-4.5512648540332234e-07,-0.7218237738013069,0.0,4.91,12.8,-0.3,1.0,349.0,-1.7475,1487,1650
1141061542864600,track,440850,True,,,-0.1671875,-0.17708333333333334,3.9359869925852036,-2.9583221551215954e-07,-0.7218237738013069,0.0,4.91,12.8,-0.3,1.0,349.0,-1.7662499999999999,1487,1650
1141061562812708,track,440850,True,,,-0.1671875,-0.17708333333333334,3.9359869925852036,-2.9583221551215954e-07,-0.7218237738013069,0.0,4.91,12.8,-0.3,1.0,349.0,-1.7662499999999999,1487,1651
1141061582837236,track,440851,True,,,-0.1703125,-0.17291666666666666,3.941953260047683,-1.922909400829037e-07,-0.7045106821823838,0.0,4.91,12.8,-0.3,1.0,349.0,-1.8037500000000002,1487,1651
1141061602933285,track,440851,True,,,-0.1703125,-0.17291666666666666,3.941953260047683,-1.922909400829037e-07,-0.7045106821823838,0.0,4.91,12.8,-0.3,1.0,349.0,-1.8037500000000002,1487,1651
1141061622856680,track,440852,True,,,-0.1765625,-0.17291666666666666,3.9186068642193335,-1.249891110538874e-07,-0.7045106821823838,0.0,4.91,12.8,-0.3,1.0,349.0,-1.8787500000000001,1486,1651
1141061642841170,track,440853,True,,,-0.1828125,-0.16875,3.9113988758535245,-8.124292218502682e-08,-0.687179369427901,0.0,4.9,12.8,-0.3,1.0,349.0,-1.9537499999999999,1485,1652
1141061662828855,track,440853,True,,,-0.1828125,-0.16875,3.9113988758535245,-8.124292218502682e-08,-0.687179369427901,0.0,4.9,12.8,0.1,5.7,346.0,-1.9537499999999999,1485,1652
1141061682814467,track,440854,True,,,-0.1921875,-0.16875,3.8746291945849713,-5.280789942026744e-08,-0.687179369427901,0.0,4.9,12.8,0.1,5.7,346.0,-2.06625,1485,1652
1141061702862333,track,440855,True,,,-0.203125,-0.16458333333333333,3.846163218634842,-3.4325134623173833e-08,-0.6698302395435624,0.0,4.9,12.8,0.1,5.7,346.0,-2.1975000000000002,1484,1652
1141061722792134,track,440855,True,,,-0.203125,-0.16458333333333333,3.846163218634842,-3.4325134623173833e-08,-0.6698302395435624,0.0,4.9,12.8,0.1,5.7,346.0,-2.1975000000000002,1484,1652
1141061742857776,track,440856,True,,,-0.2140625,-0.16041666666666668,3.815568849627126,-2.231133750506299e-08,-0.6524636990092567,-0.01,4.86,12.8,0.1,5.7,346.0,-2.32875,1483,1652
1141061762888316,track,440856,True,,,-0.2140625,-0.16041666666666668,3.815568849627126,-2.231133750506299e-08,-0.6524636990092567,-0.01,4.86,12.8,0.1,5.7,346.0,-2.32875,1483,1652
1141061782839168,track,440857,True,,,-0.2265625,-0.15625,3.776194339402915,-1.4502369378290944e-08,-0.6350801567289133,-0.01,4.86,12.8,0.1,5.7,346.0,-2.4787500000000002,1482,1652
1141061802931746,track,440858,True,,,-0.2390625,-0.15416666666666667,3.7280278174751,-9.426540095889114e-09,-0.6263821383667637,-0.01,4.86,12.8,0.1,5.7,346.0,-2.62875,1480,1652
1141061822813190,track,440858,True,,,-0.2390625,-0.15416666666666667,3.7280278174751,-9.426540095889114e-09,-0.6263821383667637,-0.01,4.86,12.8,0.1,5.7,346.0,-2.62875,1480,1652
1141061842835957,track,440859,True,,,-0.2515625,-0.15208333333333332,3.678483773154856,-6.127251062327924e-09,-0.6176800239795833,-0.01,4.86,12.8,0.1,5.7,346.0,-2.7787500000000005,1479,1652
1141061862850365,track,440859,True,,,-0.2515625,-0.15208333333333332,3.678483773154856,-6.127251062327924e-09,-0.6176800239795833,-0.09,4.84,12.8,0.1,5.7,346.0,-2.7787500000000005,1479,1654
1141061882842024,track,440860,True,,,-0.2640625,-0.15208333333333332,3.6215881392129634,-3.982713190513151e-09,-0.6176800239795833,-0.09,4.84,12.8,0.1,5.7,346.0,-2.92875,1478,1654
1141061902907577,track,440861,True,,,-0.2765625,-0.15208333333333332,3.5640167484923944,-2.5887635738335483e-09,-0.6176800239795833,-0.09,4.84,12.8,0.1,5.7,346.0,-3.0787499999999994,1477,1654
1141061922813939,track,440861,True,,,-0.2765625,-0.15208333333333332,3.5640167484923944,-2.5887635738335483e-09,-0.6176800239795833,-0.09,4.84,12.8,0.1,5.7,346.0,-3.0787499999999994,1477,1654
1141061942841979,track,440862,True,,,-0.2875,-0.15208333333333332,3.5131408079051454,-1.6826963229918065e-09,-0.6176800239795833,-0.09,4.84,12.8,0.1,5.7,346.0,-3.2099999999999995,1476,1654
1141061962882105,track,440862,True,,,-0.2875,-0.15208333333333332,3.5131408079051454,-1.6826963229918065e-09,-0.6176800239795833,-0.13,4.84,12.8,0.1,5.7,346.0,-3.2099999999999995,1476,1654
1141061982818787,track,440863,True,,,-0.2984375,-0.15625,3.4505027042682395,-1.0937526099446744e-09,-0.6350801567289133,-0.13,4.84,12.8,0.1,5.7,346.0,-3.34125,1475,1654
1141062002910126,track,440864,True,,,-0.30625,-0.16041666666666668,3.402482189771064,-7.109391964640384e-10,-0.6524636990092567,-0.13,4.84,12.8,0.1,5.7,346.0,-3.435,1474,1654
1141062022811415,track,440864,True,,,-0.30625,-0.16041666666666668,3.402482189771064,-7.109391964640384e-10,-0.6524636990092567,-0.13,4.84,12.8,0.1,5.7,346.0,-3.435,1474,1654
1141062042832689,track,440865,True,,,-0.315625,-0.16458333333333333,3.347154886000061,-4.62110477701625e-10,-0.6698302395435624,-0.13,4.84,12.8,0.1,5.7,346.0,-3.5474999999999994,1474,1654
1141062062950488,track,440865,True,,,-0.315625,-0.16458333333333333,3.347154886000061,-4.62110477701625e-10,-0.6698302395435624,-0.13,4.84,12.8,0.1,5.7,346.0,-3.5474999999999994,1474,1654
1141062082825412,track,440866,True,,,-0.321875,-0.17083333333333334,3.3006765393134803,-3.0037181050605624e-10,-0.695847278255302,-0.13,4.84,12.8,0.1,5.7,346.0,-3.6225,1473,1654
1141062102849607,track,440867,True,,,-0.325,-0.17916666666666667,3.262621924992732,-1.9524167682893656e-10,-0.730473361121851,-0.13,4.84,12.8,0.1,5.7,346.0,-3.66,1473,1654
1141062122805299,track,440867,True,,,-0.325,-0.17916666666666667,3.262621924992732,-1.9524167682893656e-10,-0.730473361121851,-0.14,4.83,12.8,0.1,5.7,346.0,-3.66,1473,1653
1141062142824759,track,440868,True,,,-0.325,-0.18541666666666667,3.2444622043400435,-1.2690708993880876e-10,-0.7563936902759751,-0.14,4.83,12.8,0.1,5.7,346.0,-3.66,1473,1653
1141062162924760,track,440868,True,,,-0.325,-0.18541666666666667,3.2444622043400435,-1.2690708993880876e-10,-0.7563936902759751,-0.14,4.83,12.8,0.1,5.7,346.0,-3.66,1473,1653
1141062182849410,track,440869,True,,,-0.325,-0.19375,3.2195357748715057,-8.24896084602257e-11,-0.7908859381457918,-0.14,4.83,12.8,0.1,5.7,346.0,-3.66,1473,1653
1141062202867640,track,440870,True,,,-0.325,-0.2,3.2003219807391874,-5.361824549914671e-11,-0.8167022646512232,-0.14,4.83,12.307692307692308,0.0,5.1,350.0,-3.66,1473,1653
1141062222810702,track,440870,True,,,-0.325,-0.2,3.2003219807391874,-5.361824549914671e-11,-0.8167022646512232,-0.12,4.83,12.307692307692308,0.0,5.1,350.0,-3.66,1473,1652
1141062242828021,track,440871,True,,,-0.31875,-0.20625,3.2083389906264337,-3.485185957444536e-11,-0.842471828872004,-0.12,4.83,12.8,0.0,5.1,350.0,-3.5849999999999995,1473,1652
1141062262834171,track,440871,True,,,-0.31875,-0.20625,3.2083389906264337,-3.485185957444536e-11,-0.842471828872004,-0.12,4.83,12.8,0.0,5.1,350.0,-3.5849999999999995,1473,1652
1141062282824424,track,440872,True,,,-0.3125,-0.2125,3.2152441108850316,-2.2653708723389488e-11,-0.8681933374663648,-0.12,4.83,12.8,0.0,5.1,350.0,-3.51,1474,1652
1141062302845078,track,440873,True,,,-0.303125,-0.21666666666666667,3.241534102760985,-1.4724910670203167e-11,-0.885313680215287,-0.1,4.83,12.307692307692308,0.0,5.1,350.0,-3.3974999999999995,1475,1651
1141062322869604,track,440873,True,,,-0.303125,-0.21666666666666667,3.241534102760985,-1.4724910670203167e-11,-0.885313680215287,-0.1,4.83,12.307692307692308,0.0,5.1,350.0,-3.3974999999999995,1475,1651
1141062342824722,track,440874,True,,,-0.29375,-0.22083333333333333,3.2666670631386387,-9.571191935632059e-12,-0.9024117210781306,-0.1,4.83,12.307692307692308,0.0,5.1,350.0,-3.285,1475,1651
1141062362833631,track,440874,True,,,-0.29375,-0.22083333333333333,3.2666670631386387,-9.571191935632059e-12,-0.9024117210781306,-0.1,4.83,12.307692307692308,0.0,5.1,350.0,-3.285,1475,1651
1141062382819526,track,440875,True,,,-0.28125,-0.22291666666666668,3.3110759239047156,-6.2212747581608384e-12,-0.9109522618681674,-0.1,4.83,12.307692307692308,0.0,5.1,350.0,-3.135,1477,1651
1141062402820901,track,440876,True,,,-0.265625,-0.225,3.366700803307686,-4.0438285928045454e-12,-0.9194870878431963,-0.1,4.83,12.307692307692308,0.0,5.1,350.0,-2.9475000000000002,1478,1651
1141062422856110,track,440876,True,,,-0.265625,-0.225,3.366700803307686,-4.0438285928045454e-12,-0.9194870878431963,-0.1,4.83,12.307692307692308,0.0,5.1,350.0,-2.9475000000000002,1478,1651
1141062442824479,track,440877,True,,,-0.25,-0.225,3.4284392729280566,-2.6284885853229546e-12,-0.9194870878431963,-0.07,4.83,12.307692307692308,0.0,5.1,350.0,-2.7600000000000002,1479,1650
1141062462815417,track,440877,True,,,-0.25,-0.225,3.4284392729280566,-2.6284885853229546e-12,-0.9194870878431963,-0.07,4.83,12.307692307692308,0.0,5.1,350.0,-2.7600000000000002,1479,1650
1141062482797198,track,440878,True,,,-0.234375,-0.225,3.4884723481128868,-1.7085175804599204e-12,-0.9194870878431963,-0.07,4.83,12.307692307692308,0.0,5.1,350.0,-2.5725000000000002,1481,1650
1141062502842323,track,440879,True,,,-0.215625,-0.22083333333333333,3.575521319210044,-1.1105364272989484e-12,-0.9024117210781306,-0.07,4.83,12.307692307692308,0.0,5.1,350.0,-2.3475,1482,1650
1141062522792072,track,440879,True,,,-0.215625,-0.22083333333333333,3.575521319210044,-1.1105364272989484e-12,-0.9024117210781306,-0.07,4.83,12.307692307692308,0.0,5.1,350.0,-2.3475,1482,1650
1141062542805898,track,440880,True,,,-0.1984375,-0.21666666666666667,3.6552144976049887,-7.218486777443164e-13,-0.885313680215287,-0.07,4.83,12.307692307692308,0.0,5.1,350.0,-2.14125,1484,1650
1141062562809231,track,440881,True,,,-0.18125,-0.2125,3.7332104089208054,-4.692016405338057e-13,-0.8681933374663651,-0.04,4.83,12.307692307692308,0.0,5.1,350.0,-1.935,1486,1650
1141062582769419,track,440881,True,,,-0.18125,-0.2125,3.7332104089208054,-4.692016405338057e-13,-0.8681933374663651,-0.04,4.83,12.307692307692308,0.0,5.1,350.0,-1.935,1486,1650
1141062602858207,track,440882,True,,,-0.1625,-0.20833333333333334,3.8142836205284105,-3.0498106634697367e-13,-0.8510510680347148,-0.04,4.83,12.307692307692308,0.0,5.1,350.0,-1.7100000000000002,1487,1650
1141062622807337,track,440882,True,,,-0.1625,-0.20833333333333334,3.8142836205284105,-3.0498106634697367e-13,-0.8510510680347148,-0.04,4.83,12.307692307692308,0.0,5.1,350.0,-1.7100000000000002,1487,1650
1141062642834891,track,440883,True,,,-0.14375,-0.20416666666666666,3.8924183761688314,-1.982376931255329e-13,-0.833887250074876,-0.01,4.83,12.307692307692308,0.0,5.1,350.0,-1.4849999999999999,1489,1650
1141062662789428,track,440884,True,,,-0.128125,-0.19583333333333333,3.978471517980744,-1.2885450053159637e-13,-0.7994964956957259,-0.01,4.83,12.307692307692308,0.0,5.1,350.0,-1.2974999999999999,1490,1650
1141062682768868,track,440884,True,,,-0.128125,-0.19583333333333333,3.978471517980744,-1.2885450053159637e-13,-0.7994964956957259,-0.01,4.83,12.307692307692308,0.0,5.1,350.0,-1.2974999999999999,1490,1650
1141062702856176,track,440885,True,,,-0.109375,-0.1875,4.071274333318342,-8.375542534553765e-14,-0.7650241569954931,-0.01,4.83,12.307692307692308,0.0,5.1,350.0,-1.0725,1492,1650
1141062722808284,track,440885,True,,,-0.109375,-0.1875,4.071274333318342,-8.375542534553765e-14,-0.7650241569954931,-0.01,4.83,12.307692307692308,0.0,5.1,350.0,-1.0725,1492,1650
1141062742817166,track,440886,True,,,-0.096875,-0.17916666666666667,4.145296635187929,-5.4441026474599475e-14,-0.730473361121851,-0.01,4.83,12.307692307692308,0.0,5.1,350.0,-0.9225,1493,1650
1141062762794340,track,440887,True,,,-0.08125,-0.17083333333333334,4.225190580249332,-3.538666720848966e-14,-0.695847278255302,0.0,4.83,12.307692307692308,0.0,5.1,350.0,-0.735,1495,1652
1141062782766191,track,440887,True,,,-0.08125,-0.17083333333333334,4.225190580249332,-3.538666720848966e-14,-0.695847278255302,0.0,4.83,12.307692307692308,0.0,6.0,342.0,-0.735,1495,1652
1141062802872836,track,440888,True,,,-0.06875,-0.15833333333333333,4.317456620112085,-2.300133368551828e-14,-0.6437740274375423,0.0,4.83,12.307692307692308,0.0,6.0,342.0,-0.585,1496,1652
1141062822876093,track,440888,True,,,-0.06875,-0.15833333333333333,4.317456620112085,-2.300133368551828e-14,-0.6437740274375423,0.0,4.83,12.307692307692308,0.0,6.0,342.0,-0.585,1496,1652
1141062842796074,track,440889,True,,,-0.059375,-0.14791666666666667,4.391206717930468,-1.4950866895586882e-14,-0.6002637143597656,0.0,4.83,12.307692307692308,0.0,6.0,342.0,-0.4724999999999999,1496,1652
1141062862828488,track,440890,True,,,-0.05,-0.1375,4.464045159915434,-9.718063482131474e-15,-0.5566549010723983,0.0,4.83,12.307692307692308,0.0,6.0,342.0,-0.36000000000000004,1497,1652
1141062882798053,track,440890,True,,,-0.05,-0.1375,4.464045159915434,-9.718063482131474e-15,-0.5566549010723983,0.0,4.83,12.307692307692308,0.0,6.0,342.0,-0.36000000000000004,1497,1653
1141062902894713,track,440891,True,,,-0.04375,-0.12708333333333333,4.5305143516921715,-6.316741263385458e-15,-0.5129541449867401,0.0,4.83,12.307692307692308,0.0,6.0,342.0,-0.285,1498,1653
1141062922876936,track,440892,True,,,-0.040625,-0.11666666666666667,4.591300787315749,-4.105881821200548e-15,-0.46916808473788274,0.0,4.83,12.307692307692308,0.0,6.0,342.0,-0.2475,1498,1653
1141062942770113,track,440892,True,,,-0.040625,-0.11666666666666667,4.591300787315749,-4.105881821200548e-15,-0.46916808473788274,0.0,4.83,12.307692307692308,0.0,6.0,342.0,-0.2475,1498,1653
1141062962792362,track,440893,True,,,-0.0375,-0.10833333333333334,4.6408761631367605,-2.668823183780356e-15,-0.43408232720535456,0.0,4.83,12.307692307692308,0.0,6.0,342.0,-0.20999999999999996,1498,1653
1141062982790934,track,440893,True,,,-0.0375,-0.10833333333333334,4.6408761631367605,-2.668823183780356e-15,-0.43408232720535456,0.0,4.83,12.307692307692308,0.0,6.0,342.0,-0.20999999999999996,1498,1653
1141063002859050,track,440894,True,,,-0.0375,-0.1,4.684714807490074,-1.7347350694572315e-15,-0.39894974120817117,-0.03,4.79,12.307692307692308,0.0,6.0,342.0,-0.20999999999999996,1498,1656
1141063022854059,track,440895,True,,,-0.040625,-0.09166666666666666,4.721485330677366,-1.1275777951472005e-15,-0.3637738239236262,-0.03,4.79,12.307692307692308,0.0,6.0,342.0,-0.2475,1498,1656
1141063042769868,track,440895,True,,,-0.040625,-0.09166666666666666,4.721485330677366,-1.1275777951472005e-15,-0.3637738239236262,-0.03,4.79,12.307692307692308,0.0,6.0,342.0,-0.2475,1498,1656
1141063062798920,track,440896,True,,,-0.04375,-0.08333333333333333,4.756040966291251,-7.329255668456804e-16,-0.3285580974425693,-0.03,4.79,12.307692307692308,0.0,6.0,342.0,-0.285,1498,1656
1141063082779222,track,440896,True,,,-0.04375,-0.08333333333333333,4.756040966291251,-7.329255668456804e-16,-0.3285580974425693,-0.03,4.79,12.307692307692308,0.0,6.0,342.0,-0.285,1498,1656
1141063102803618,track,440897,True,,,-0.05,-0.07708333333333334,4.769273279904786,-4.764016184496923e-16,-0.30212230955721403,-0.03,4.79,12.307692307692308,0.0,6.0,342.0,-0.36000000000000004,1497,1656
1141063122800997,track,440898,True,,,-0.0578125,-0.06875,4.781803057072504,-3.096610519923e-16,-0.26684545994422143,-0.1,4.77,12.307692307692308,0.0,6.0,342.0,-0.45375,1497,1658
1141063142770518,track,440898,True,,,-0.0578125,-0.06875,4.781803057072504,-3.096610519923e-16,-0.26684545994422143,-0.1,4.77,12.307692307692308,0.0,6.0,342.0,-0.45375,1497,1658
1141063162789610,track,440899,True,,,-0.0671875,-0.0625,4.772617008160094,-2.0127968379499502e-16,-0.24036793149293073,-0.1,4.77,12.307692307692308,0.0,6.0,342.0,-0.5662499999999999,1496,1658
1141063182776102,track,440899,True,,,-0.0671875,-0.0625,4.772617008160094,-2.0127968379499502e-16,-0.24036793149293073,-0.1,4.77,12.307692307692308,0.0,6.0,342.0,-0.5662499999999999,1496,1658
1141063202874395,track,440900,True,,,-0.078125,-0.05625,4.74966741256969,-1.3083179446674676e-16,-0.21387503847814712,-0.1,4.77,11.851851851851851,0.0,6.0,342.0,-0.6975,1495,1658
1141063222920768,track,440901,True,,,-0.0890625,-0.052083333333333336,4.713566629070729,-8.50406664033854e-17,-0.19620532536843346,-0.15,4.76,11.851851851851851,0.0,6.0,342.0,-0.82875,1494,1659
1141063242839723,track,440901,True,,,-0.0890625,-0.052083333333333336,4.713566629070729,-8.50406664033854e-17,-0.19620532536843346,-0.15,4.76,11.851851851851851,0.0,6.0,342.0,-0.82875,1494,1659
1141063262832063,track,440902,True,,,-0.1015625,-0.05,4.6605375190855085,-5.5276433162200514e-17,-0.18736830294547138,-0.15,4.76,11.851851851851851,0.0,6.0,342.0,-0.97875,1493,1659
1141063282831592,track,440902,True,,,-0.1015625,-0.05,4.6605375190855085,-5.5276433162200514e-17,-0.18736830294547138,-0.15,4.76,11.851851851851851,0.0,6.0,342.0,-0.97875,1493,1659
1141063302893866,track,440903,True,,,-0.1140625,-0.04791666666666667,4.604907787843763,-3.5929681555430334e-17,-0.17957157871843693,-0.15,4.76,11.851851851851851,0.0,6.0,342.0,-1.12875,1492,1659
1141063322833620,track,440904,True,,,-0.1296875,-0.05,4.523457489306743,-2.335429301102972e-17,-0.18736830294547138,-0.16,4.75,11.851851851851851,0.0,6.0,342.0,-1.3162500000000001,1490,1660
1141063342813011,track,440904,True,,,-0.1296875,-0.05,4.523457489306743,-2.335429301102972e-17,-0.18736830294547138,-0.16,4.75,11.851851851851851,0.0,6.0,342.0,-1.3162500000000001,1490,1660
1141063362835712,track,440905,True,,,-0.1421875,-0.052083333333333336,4.457098599274777,-1.5180290457169316e-17,-0.19620532536843346,-0.16,4.75,11.851851851851851,-0.1,9.2,344.0,-1.4662499999999998,1489,1660
1141063382818663,track,440905,True,,,-0.1421875,-0.052083333333333336,4.457098599274777,-1.5180290457169316e-17,-0.19620532536843346,-0.16,4.75,11.851851851851851,-0.1,9.2,344.0,-1.4662499999999998,1489,1660
1141063402830221,track,440906,True,,,-0.15625,-0.05625,4.378729451508123,-9.867188797160055e-18,-0.21387503847814712,-0.16,4.75,11.851851851851851,-0.1,9.2,344.0,-1.6350000000000002,1488,1660
1141063422812507,track,440907,True,,,-0.16875,-0.0625,4.304038660934657,-6.413672718154036e-18,-0.2403679314929308,-0.16,4.75,11.851851851851851,-0.1,9.2,344.0,-1.7850000000000001,1487,1660
1141063442782746,track,440907,True,,,-0.16875,-0.0625,4.304038660934657,-6.413672718154036e-18,-0.2403679314929308,-0.16,4.75,11.851851851851851,-0.1,9.2,344.0,-1.7850000000000001,1487,1660
1141063462769065,track,440908,True,,,-0.18125,-0.06666666666666667,4.2334256634300464,-4.168887266800124e-18,-0.25802141805279444,-0.15,4.75,11.428571428571429,-0.1,9.2,344.0,-1.935,1486,1659
1141063482921757,track,440909,True,,,-0.19375,-0.075,4.1542860294882225,-2.7097767234200808e-18,-0.29330610681296987,-0.15,4.75,11.428571428571429,-0.1,9.2,344.0,-2.085,1484,1659
1141063502787975,track,440909,True,,,-0.19375,-0.075,4.1542860294882225,-2.7097767234200808e-18,-0.29330610681296987,-0.15,4.75,11.428571428571429,-0.1,9.2,344.0,-2.085,1484,1659
1141063522839983,track,440910,True,,,-0.203125,-0.08333333333333333,4.0901332235830665,-1.7613548702230524e-18,-0.32855809744256936,-0.15,4.75,11.428571428571429,-0.1,9.2,344.0,-2.1975000000000002,1484,1659
1141063542759710,track,440910,True,,,-0.203125,-0.08333333333333333,4.0901332235830665,-1.7613548702230524e-18,-0.32855809744256936,-0.15,4.75,11.428571428571429,-0.1,9.2,344.0,-2.1975000000000002,1484,1659
1141063562799455,track,440911,True,,,-0.2125,-0.09375,4.020598628218169,-1.144880665644984e-18,-0.372571673346101,-0.12,4.76,11.428571428571429,-0.1,9.2,344.0,-2.31,1483,1657
1141063582812499,track,440912,True,,,-0.21875,-0.10416666666666667,3.965122673119393,-7.441724326692396e-19,-0.41652166979788163,-0.12,4.76,11.428571428571429,-0.1,9.2,344.0,-2.3850000000000002,1482,1657
1141063602791421,track,440912,True,,,-0.21875,-0.10416666666666667,3.965122673119393,-7.441724326692396e-19,-0.41652166979788163,-0.12,4.76,11.428571428571429,-0.1,9.2,344.0,-2.3850000000000002,1482,1657
1141063622815932,track,440913,True,,,-0.225,-0.11666666666666667,3.902915095302261,-4.837120812350058e-19,-0.46916808473788274,-0.12,4.76,11.428571428571429,-0.1,9.2,344.0,-2.46,1482,1657
1141063642800455,track,440913,True,,,-0.225,-0.11666666666666667,3.902915095302261,-4.837120812350058e-19,-0.46916808473788274,-0.04,4.78,11.428571428571429,-0.1,9.2,344.0,-2.46,1482,1655
1141063662790332,track,440914,True,,,-0.228125,-0.12916666666666668,3.8534782236971465,-3.144128528027538e-19,-0.521701334099198,-0.04,4.78,11.428571428571429,-0.1,9.2,344.0,-2.4975,1481,1655
1141063682821614,track,440915,True,,,-0.2296875,-0.14166666666666666,3.809078267021664,-2.0436835432178997e-19,-0.5741098286154659,-0.04,4.78,11.428571428571429,-0.1,9.2,344.0,-2.51625,1481,1655
1141063702791466,track,440915,True,,,-0.2296875,-0.14166666666666666,3.809078267021664,-2.0436835432178997e-19,-0.5741098286154659,-0.04,4.78,11.428571428571429,-0.1,9.2,344.0,-2.51625,1481,1655
1141063722762932,track,440916,True,,,-0.2296875,-0.15416666666666667,3.769412340160069,-1.328394303091635e-19,-0.6263821383667638,-0.04,4.78,11.428571428571429,-0.1,9.2,344.0,-2.51625,1481,1655
1141063742784097,track,440916,True,,,-0.2296875,-0.15416666666666667,3.769412340160069,-1.328394303091635e-19,-0.6263821383667638,0.0,4.81,11.428571428571429,-0.1,9.2,344.0,-2.51625,1481,1652
1141063762789560,track,440917,True,,,-0.2265625,-0.16875,3.733506612190708,-8.634562970095627e-20,-0.6871793694279011,0.0,4.81,11.428571428571429,-0.1,9.2,344.0,-2.4787500000000002,1482,1652
1141063782793586,track,440918,True,,,-0.2234375,-0.17708333333333334,3.716822975342016,-5.612465930562157e-20,-0.7218237738013069,0.0,4.81,11.428571428571429,-0.1,9.2,344.0,-2.44125,1482,1652
1141063802877661,track,440918,True,,,-0.2234375,-0.17708333333333334,3.716822975342016,-5.612465930562157e-20,-0.7218237738013069,0.0,4.81,11.428571428571429,-0.1,9.2,344.0,-2.44125,1482,1652
1141063822833543,track,440919,True,,,-0.2171875,-0.18958333333333333,3.695321839365864,-3.6481028548654025e-20,-0.7736497199315174,0.0,4.81,11.03448275862069,-0.1,9.2,344.0,-2.36625,1482,1652
1141063842967799,track,440919,True,,,-0.2171875,-0.18958333333333333,3.695321839365864,-3.6481028548654025e-20,-0.7736497199315174,0.0,4.81,11.03448275862069,-0.1,9.2,344.0,-2.36625,1482,1652
1141063862789030,track,440920,True,,,-0.2078125,-0.19791666666666666,3.698943856614995,-2.3712668556625118e-20,-0.8081019540083646,0.0,4.81,11.03448275862069,-0.1,9.2,344.0,-2.25375,1483,1652
1141063882973427,track,440921,True,,,-0.1984375,-0.20416666666666666,3.708303915527361,-1.5413234561806327e-20,-0.833887250074876,0.0,4.82,11.03448275862069,-0.1,9.2,344.0,-2.14125,1484,1650
1141063902830391,track,440921,True,,,-0.1984375,-0.20416666666666666,3.708303915527361,-1.5413234561806327e-20,-0.833887250074876,0.0,4.82,11.03448275862069,-0.1,6.2,345.0,-2.14125,1484,1650
1141063922873323,track,440922,True,,,-0.1890625,-0.20833333333333334,3.724324557668691,-1.0018602465174113e-20,-0.8510510680347148,0.0,4.82,11.03448275862069,-0.1,6.2,345.0,-2.02875,1485,1650
1141063942793470,track,440922,True,,,-0.1890625,-0.20833333333333334,3.724324557668691,-1.0018602465174113e-20,-0.8510510680347148,0.0,4.82,11.03448275862069,-0.1,6.2,345.0,-2.02875,1485,1650
1141063962791791,track,440923,True,,,-0.1765625,-0.20833333333333334,3.7676468808723436,-6.512091602363174e-21,-0.8510510680347145,0.0,4.82,10.666666666666666,-0.1,6.2,345.0,-1.8787500000000001,1486,1650
1141063982794834,track,440924,True,,,-0.1640625,-0.20833333333333334,3.809218223354001,-4.232859541536063e-21,-0.8510510680347145,0.05,4.83,10.666666666666666,-0.1,6.2,345.0,-1.7287500000000002,1487,1649
1141064002776115,track,440924,True,,,-0.1640625,-0.20833333333333334,3.809218223354001,-4.232859541536063e-21,-0.8510510680347145,0.05,4.83,10.666666666666666,-0.1,6.2,345.0,-1.7287500000000002,1487,1649
1141064022788451,track,440925,True,,,-0.15,-0.20833333333333334,3.853691729676229,-2.751358701998441e-21,-0.8510510680347145,0.05,4.83,10.666666666666666,-0.1,6.2,345.0,-1.56,1488,1649
1141064042802067,track,440925,True,,,-0.15,-0.20833333333333334,3.853691729676229,-2.751358701998441e-21,-0.8510510680347145,0.05,4.83,10.666666666666666,-0.1,6.2,345.0,-1.56,1488,1649
1141064062792763,track,440926,True,,,-0.1359375,-0.20625,3.9055794800990986,-1.7883831562989867e-21,-0.8424718288720041,0.05,4.83,10.666666666666666,-0.1,6.2,345.0,-1.3912499999999999,1490,1649
1141064082814856,track,440927,True,,,-0.1203125,-0.20416666666666666,3.9592817441920767,-1.1624490515943414e-21,-0.833887250074876,0.05,4.83,10.666666666666666,-0.1,6.2,345.0,-1.2037499999999999,1491,1649
1141064102770207,track,440927,True,,,-0.1203125,-0.20416666666666666,3.9592817441920767,-1.1624490515943414e-21,-0.833887250074876,0.06,4.83,10.666666666666666,-0.1,6.2,345.0,-1.2037499999999999,1491,1649
1141064122764170,track,440928,True,,,-0.10625,-0.2,4.0163920035382725,-7.55591883536322e-22,-0.8167022646512232,0.06,4.83,10.666666666666666,-0.1,6.2,345.0,-1.035,1492,1649
1141064142837333,track,440929,True,,,-0.0921875,-0.19791666666666666,4.060122706826662,-4.911347242986094e-22,-0.8081019540083646,0.06,4.83,10.666666666666666,-0.1,6.2,345.0,-0.86625,1494,1649
1141064162763511,track,440929,True,,,-0.0921875,-0.19791666666666666,4.060122706826662,-4.911347242986094e-22,-0.8081019540083646,0.06,4.83,10.666666666666666,-0.1,6.2,345.0,-0.86625,1494,1649
1141064182832330,track,440930,True,,,-0.078125,-0.19791666666666666,4.089352707902948,-3.192375707940961e-22,-0.8081019540083646,0.06,4.83,10.32258064516129,-0.1,6.2,345.0,-0.6975,1495,1649
1141064202791804,track,440930,True,,,-0.078125,-0.19791666666666666,4.089352707902948,-3.192375707940961e-22,-0.8081019540083646,0.06,4.83,10.32258064516129,-0.1,6.2,345.0,-0.6975,1495,1649
1141064222835834,track,440931,True,,,-0.065625,-0.19791666666666666,4.111793861488066,-2.0750442101616248e-22,-0.8081019540083646,0.06,4.83,10.32258064516129,-0.1,6.2,345.0,-0.5475,1496,1649
1141064242868450,track,440931,True,,,-0.065625,-0.19791666666666666,4.111793861488066,-2.0750442101616248e-22,-0.8081019540083646,0.05,4.83,10.32258064516129,-0.1,6.2,345.0,-0.5475,1496,1650
1141064262822668,track,440932,True,,,-0.053125,-0.19375,4.153708380670683,-1.348778736605056e-22,-0.7908859381457918,0.05,4.83,10.32258064516129,-0.1,6.2,345.0,-0.3975,1497,1650
1141064282827024,track,440933,True,,,-0.04375,-0.19583333333333333,4.154045743492069,-8.767061787932865e-23,-0.7994964956957259,0.05,4.83,10.32258064516129,-0.1,6.2,345.0,-0.285,1498,1650
1141064302917871,track,440933,True,,,-0.04375,-0.19583333333333333,4.154045743492069,-8.767061787932865e-23,-0.7994964956957259,0.05,4.83,10.32258064516129,-0.1,6.2,345.0,-0.285,1498,1650
1141064322835929,track,440934,True,,,-0.034375,-0.19375,4.17542456187088,-5.698590162156363e-23,-0.7908859381457918,0.05,4.83,10.32258064516129,-0.1,6.2,345.0,-0.17250000000000004,1499,1650
1141064342907633,track,440935,True,,,-0.0265625,-0.19375,4.1818118842767635,-3.7040836054016356e-23,-0.7908859381457918,0.03,4.83,10.32258064516129,-0.1,6.2,345.0,-0.07874999999999999,1499,1650
1141064362783618,track,440935,True,,,-0.0265625,-0.19375,4.1818118842767635,-3.7040836054016356e-23,-0.7908859381457918,0.03,4.83,10.32258064516129,-0.1,6.2,345.0,-0.07874999999999999,1499,1650
1141064382842033,track,440936,True,,,-0.0203125,-0.19166666666666668,4.197596727326278,-2.407654343511063e-23,-0.7822703299648338,0.03,4.83,10.32258064516129,-0.1,6.2,345.0,-0.0037500000000000033,1500,1650
1141064402910610,track,440936,True,,,-0.0203125,-0.19166666666666668,4.197596727326278,-2.407654343511063e-23,-0.7822703299648338,0.03,4.83,10.32258064516129,-0.1,6.2,345.0,-0.0037500000000000033,1500,1650
1141064422853006,track,440937,True,,,-0.0140625,-0.19166666666666668,4.200535397809044,-1.564975323282191e-23,-0.7822703299648338,0.03,4.83,10.0,-0.1,6.2,345.0,0.0,1500,1650
1141064442878320,track,440937,True,,,-0.0140625,-0.19166666666666668,4.200535397809044,-1.564975323282191e-23,-0.7822703299648338,0.03,4.83,10.0,0.0,7.4,339.0,0.0,1500,1650
1141064462814748,track,440938,True,,,-0.0109375,-0.1875,4.225347184221605,-1.0172339601334242e-23,-0.7650241569954931,0.0,4.83,10.0,0.0,7.4,339.0,0.0,1500,1651
1141064482844344,track,440939,True,,,-0.0109375,-0.1875,4.225347184221605,-6.6120207408672575e-24,-0.7650241569954931,0.0,4.83,10.0,0.0,7.4,339.0,0.0,1500,1651
1141064502812420,track,440939,True,,,-0.0109375,-0.1875,4.225347184221605,-6.6120207408672575e-24,-0.7650241569954931,0.0,4.83,10.0,0.0,7.4,339.0,0.0,1500,1651
1141064522810019,track,440940,True,,,-0.0125,-0.18333333333333332,4.248542141994042,-4.297813481563718e-24,-0.7477583690603076,0.0,4.83,10.0,0.0,7.4,339.0,0.0,1500,1651
1141064542822017,track,440940,True,,,-0.0125,-0.18333333333333332,4.248542141994042,-4.297813481563718e-24,-0.7477583690603076,0.0,4.83,10.0,0.0,7.4,339.0,0.0,1500,1651
1141064562793905,track,440941,True,,,-0.015625,-0.18125,4.259113976723403,-2.7935787630164165e-24,-0.7391182428025169,0.0,4.83,10.0,0.0,7.4,339.0,0.0,1500,1651
1141064582807196,track,440942,True,,,-0.01875,-0.18125,4.257559117559035,-1.8158261959606708e-24,-0.7391182428025169,0.0,4.83,10.0,0.0,7.4,339.0,0.0,1500,1651
1141064602808191,track,440942,True,,,-0.01875,-0.18125,4.257559117559035,-1.8158261959606708e-24,-0.7391182428025169,0.0,4.84,10.0,0.0,7.4,339.0,0.0,1500,1651
1141064622807841,track,440943,True,,,-0.025,-0.18125,4.2536126065156035,-1.180287027374436e-24,-0.7391182428025167,0.0,4.84,9.696969696969697,0.0,7.4,339.0,-0.06000000000000001,1500,1651
1141064642816636,track,440943,True,,,-0.025,-0.18125,4.2536126065156035,-1.180287027374436e-24,-0.7391182428025167,0.0,4.84,9.696969696969697,0.0,7.4,339.0,-0.06000000000000001,1500,1651
1141064662786310,track,440944,True,,,-0.03125,-0.18125,4.248562128535151,-7.671865677933834e-25,-0.7391182428025167,0.0,4.84,9.696969696969697,0.0,7.4,339.0,-0.135,1499,1651
1141064682787657,track,440945,True,,,-0.040625,-0.18541666666666667,4.215735679632637,-4.986712690656993e-25,-0.7563936902759751,0.0,4.84,9.696969696969697,0.0,7.4,339.0,-0.2475,1498,1651
1141064702823915,track,440945,True,,,-0.040625,-0.18541666666666667,4.215735679632637,-4.986712690656993e-25,-0.7563936902759751,0.04,4.87,9.696969696969697,0.0,7.4,339.0,-0.2475,1498,1650
1141064722800674,track,440946,True,,,-0.05,-0.1875,4.192513624997999,-3.2413632489270456e-25,-0.7650241569954931,0.04,4.87,9.696969696969697,0.0,7.4,339.0,-0.36000000000000004,1497,1650
1141064742827999,track,440947,True,,,-0.0609375,-0.19166666666666668,4.15347271910974,-2.10688611180258e-25,-0.7822703299648338,0.04,4.87,9.696969696969697,0.0,7.4,339.0,-0.49125,1496,1650
1141064762804495,track,440947,True,,,-0.0609375,-0.19166666666666668,4.15347271910974,-2.10688611180258e-25,-0.7822703299648338,0.04,4.87,9.696969696969697,0.0,7.4,339.0,-0.49125,1496,1650
1141064782827745,track,440948,True,,,-0.0734375,-0.19583333333333333,4.109369255828817,-1.369475972671677e-25,-0.799496495695726,0.04,4.87,9.411764705882353,0.0,7.4,339.0,-0.64125,1495,1650
1141064802907808,track,440948,True,,,-0.0734375,-0.19583333333333333,4.109369255828817,-1.369475972671677e-25,-0.799496495695726,0.04,4.87,9.411764705882353,0.0,7.4,339.0,-0.64125,1495,1650
1141064822842562,track,440949,True,,,-0.0828125,-0.20416666666666666,4.046861034173434,-8.9015938223659e-26,-0.833887250074876,0.11,4.89,9.411764705882353,0.0,7.4,339.0,-0.7537499999999999,1494,1649
1141064842829318,track,440950,True,,,-0.0953125,-0.21041666666666667,3.9878961744107264,-5.786035984537835e-26,-0.8596249200199103,0.11,4.89,9.411764705882353,0.0,7.4,339.0,-0.9037499999999998,1493,1649
1141064862767700,track,440950,True,,,-0.0953125,-0.21041666666666667,3.9878961744107264,-5.786035984537835e-26,-0.8596249200199103,0.11,4.89,9.411764705882353,0.0,7.4,339.0,-0.9037499999999998,1493,1649
1141064882820553,track,440951,True,,,-0.1078125,-0.21458333333333332,3.9379195245979886,-3.760923389949593e-26,-0.8767562731960235,0.11,4.89,9.411764705882353,0.0,7.4,339.0,-1.05375,1492,1649
1141064902864168,track,440952,True,,,-0.121875,-0.22291666666666668,3.8609975207241445,-2.4446002034672356e-26,-0.9109522618681675,0.11,4.89,9.142857142857142,0.0,7.4,339.0,-1.2225,1491,1649
1141064922801154,track,440952,True,,,-0.121875,-0.22291666666666668,3.8609975207241445,-2.4446002034672356e-26,-0.9109522618681675,0.17,4.91,9.142857142857142,0.0,7.4,339.0,-1.2225,1491,1647
1141064942822016,track,440953,True,,,-0.1328125,-0.22708333333333333,3.8117597235622087,-1.5889901322537032e-26,-0.9280161529506902,0.17,4.91,9.142857142857142,0.0,7.4,339.0,-1.35375,1490,1647
1141064962800529,track,440953,True,,,-0.1328125,-0.22708333333333333,3.8117597235622087,-1.5889901322537032e-26,-0.9280161529506902,0.17,4.91,9.142857142857142,0.0,7.4,339.0,-1.35375,1490,1647
1141064982822909,track,440954,True,,,-0.14375,-0.23333333333333334,3.751188242270008,-1.0328435859649072e-26,-0.9535683254279079,0.17,4.91,9.142857142857142,0.0,7.4,339.0,-1.4849999999999999,1489,1647
1141065002857641,track,440955,True,,,-0.1546875,-0.23958333333333334,3.689939026775935,-6.713483308771897e-27,-0.9790670107603141,0.17,4.91,9.142857142857142,0.0,7.5,343.0,-1.6162500000000002,1488,1647
1141065022809008,track,440955,True,,,-0.1546875,-0.23958333333333334,3.689939026775935,-6.713483308771897e-27,-0.9790670107603141,0.18,4.91,9.142857142857142,0.0,7.5,343.0,-1.6162500000000002,1488,1646
1141065042822635,track,440956,True,,,-0.1640625,-0.24583333333333332,3.6326480456023584,-4.3637641507017334e-27,-1.0045109971160813,0.18,4.91,9.142857142857142,0.0,7.5,343.0,-1.7287500000000002,1487,1646
1141065062782367,track,440956,True,,,-0.1640625,-0.24583333333333332,3.6326480456023584,-4.3637641507017334e-27,-1.0045109971160813,0.18,4.91,9.142857142857142,0.0,7.5,343.0,-1.7287500000000002,1487,1646
1141065082791665,track,440957,True,,,-0.1703125,-0.25625,3.564106912445778,-2.836446697956127e-27,-1.0467928477725659,0.16,4.91,8.88888888888889,0.0,7.5,343.0,-1.8037500000000002,1487,1646
1141065102906103,track,440958,True,,,-0.178125,-0.26458333333333334,3.5011166440515793,-1.8436903536714823e-27,-1.0805028883811456,0.16,4.91,8.88888888888889,0.0,7.5,343.0,-1.8975000000000002,1486,1646
1141065122784814,track,440958,True,,,-0.178125,-0.26458333333333334,3.5011166440515793,-1.8436903536714823e-27,-1.0805028883811456,0.16,4.91,8.88888888888889,0.0,7.5,343.0,-1.8975000000000002,1486,1646
1141065142795528,track,440959,True,,,-0.184375,-0.27291666666666664,3.442666785203522,2.5437261582650237,-1.114107363194039,0.13,4.91,8.64864864864865,0.0,7.5,343.0,-1.9725000000000001,1485,1645
1141065162825199,track,440959,True,,,-0.184375,-0.27291666666666664,3.442666785203522,2.5437261582650237,-1.114107363194039,0.13,4.91,8.64864864864865,0.0,7.5,343.0,-1.9725000000000001,1485,1645
1141065182794882,track,440960,True,,,-0.1875,-0.28541666666666665,3.37307773147155,1.6534220028722655,-1.1643103187109782,0.13,4.91,8.64864864864865,0.0,7.5,343.0,-2.0100000000000002,1485,1645
1141065202889859,track,440961,True,,,-0.190625,-0.29791666666666666,3.303209609183062,1.0747243018669725,-1.2142609910854916,0.13,4.91,8.64864864864865,0.0,7.5,343.0,-2.0475,1485,1645
1141065222784980,track,440961,True,,,-0.190625,-0.29791666666666666,3.303209609183062,1.0747243018669725,-1.2142609910854916,0.13,4.91,8.64864864864865,0.0,7.5,343.0,-2.0475,1485,1645
1141065242813768,track,440962,True,,,-0.1921875,-0.3125,3.2270812350585114,0.6985707962135321,-1.272206613946642,0.13,4.91,8.64864864864865,0.0,7.5,343.0,-2.06625,1485,1645
1141065262790754,track,440962,True,,,-0.1921875,-0.3125,3.2270812350585114,0.6985707962135321,-1.272206613946642,0.09,4.91,8.64864864864865,0.0,7.5,343.0,-2.06625,1485,1644
1141065282791273,track,440963,True,,,-0.1890625,-0.32916666666666666,3.152176745806214,0.4540710175387959,-1.3379789680360425,0.09,4.91,8.64864864864865,0.0,7.5,343.0,-2.02875,1485,1644
1141065302844760,track,440964,True,,,-0.1890625,-0.35208333333333336,3.0361738260139646,0.2951461614002174,-1.427597602583506,0.09,4.91,8.421052631578947,0.0,7.5,343.0,-2.02875,1485,1644
1141065322780215,track,440964,True,,,-0.1890625,-0.35208333333333336,3.0361738260139646,0.2951461614002174,-1.427597602583506,0.09,4.91,8.421052631578947,0.0,7.5,343.0,-2.02875,1485,1644
1141065342791475,track,440965,True,,,-0.184375,-0.38125,2.897226709629094,0.1918450049101413,-1.5402226902318619,0.06,4.91,8.421052631578947,0.0,7.5,343.0,-1.9725000000000001,1485,1641
1141065362778174,track,440965,True,,,-0.184375,-0.38125,2.897226709629094,0.1918450049101413,-1.5402226902318619,0.06,4.91,8.421052631578947,0.0,7.5,343.0,-1.9725000000000001,1485,1641
1141065382783584,track,440966,True,,,-0.18125,-0.4125,2.741156213580789,2.434569491384154,-1.6590199638026941,0.06,4.91,8.205128205128204,0.0,7.5,343.0,-1.935,1486,1641
1141065402823011,track,440967,True,,,-0.175,-0.44583333333333336,2.578051384473992,1.5824701693997,-1.7835003641175373,0.06,4.91,8.205128205128204,0.0,7.5,343.0,-1.8599999999999999,1486,1641
1141065422858333,track,440967,True,,,-0.175,-0.44583333333333336,2.578051384473992,1.5824701693997,-1.7835003641175373,0.06,4.91,8.205128205128204,0.0,7.5,343.0,-1.8599999999999999,1486,1641
1141065442835432,track,440968,True,,,-0.1671875,-0.47708333333333336,2.426325839351892,3.0881967635646443,-1.898019223829078,0.06,4.91,8.0,0.0,7.5,343.0,-1.7662499999999999,1487,1641
1141065462846212,track,440968,True,,,-0.1671875,-0.47708333333333336,2.426325839351892,3.0881967635646443,-1.898019223829078,0.03,4.91,8.0,0.0,7.5,343.0,-1.7662499999999999,1487,1637
1141065482797097,track,440969,True,,,-0.1609375,-0.5020833333333333,2.3035479547293667,2.007327896317019,-1.9880671438419544,0.03,4.91,8.0,0.0,7.5,343.0,-1.6912500000000001,1487,1637
1141065502836121,track,440970,True,,,-0.1515625,-0.5229166666666667,2.2063920625950275,3.3643542860609017,-2.0620195791716323,0.03,4.91,7.804878048780488,0.0,7.5,343.0,-1.5787499999999999,1488,1637
1141065522783123,track,440970,True,,,-0.1515625,-0.5229166666666667,2.2063920625950275,3.3643542860609017,-2.0620195791716323,0.03,4.91,7.804878048780488,0.0,7.5,343.0,-1.5787499999999999,1488,1637
1141065542797586,track,440971,True,,,-0.14375,-0.5375,2.139157210613307,2.1868302859395863,-2.1131895714009317,0.03,4.91,7.804878048780488,0.0,7.5,343.0,-1.4849999999999999,1489,1637
1141065562837011,track,440972,True,,,-0.13125,-0.5520833333333334,2.076528540783415,1.4214396858607312,-2.1638631565622957,0.03,4.91,7.804878048780488,-0.4,1.5,341.0,-1.335,1490,1637
1141065582759838,track,440972,True,,,-0.13125,-0.5520833333333334,2.076528540783415,1.4214396858607312,-2.1638631565622957,0.03,4.91,7.804878048780488,-0.4,1.5,341.0,-1.335,1490,1637
1141065602929056,track,440973,True,,,-0.1203125,-0.5645833333333333,2.0216519363613488,0.9239357958094753,-2.2068996647313077,0.0,4.91,7.619047619047619,-0.4,1.5,341.0,-1.2037499999999999,1491,1634
1141065622817034,track,440973,True,,,-0.1203125,-0.5645833333333333,2.0216519363613488,0.9239357958094753,-2.2068996647313077,0.0,4.91,7.619047619047619,-0.4,1.5,341.0,-1.2037499999999999,1491,1634
1141065642838932,track,440974,True,,,-0.1078125,-0.5770833333333333,1.966930061209058,2.460928907193989,-2.2495665686931736,0.0,4.91,7.441860465116279,-0.4,1.5,341.0,-1.05375,1492,1634
1141065662794308,track,440975,True,,,-0.0953125,-0.5875,1.921809807104939,3.459974429593923,-2.284838656842339,0.0,4.91,7.441860465116279,-0.4,1.5,341.0,-0.9037499999999998,1493,1634
1141065682761650,track,440975,True,,,-0.0953125,-0.5875,1.921809807104939,3.459974429593923,-2.284838656842339,0.0,4.91,7.441860465116279,-0.4,1.5,341.0,-0.9037499999999998,1493,1634
1141065702809594,track,440976,True,,,-0.0859375,-0.5979166666666667,1.873147659017965,2.24898337923605,-2.3198518785994837,0.0,4.91,7.441860465116279,-0.4,1.5,341.0,-0.79125,1494,1634
1141065722793367,track,440976,True,,,-0.0859375,-0.5979166666666667,1.873147659017965,2.24898337923605,-2.3198518785994837,0.0,4.91,7.441860465116279,-0.4,1.5,341.0,-0.79125,1494,1632
1141065742830486,track,440977,True,,,-0.075,-0.60625,1.8357837894373885,1.4618391965034325,-2.3476755320506397,0.0,4.91,7.2727272727272725,-0.4,1.5,341.0,-0.6599999999999999,1495,1632
1141065762866561,track,440978,True,,,-0.065625,-0.60625,1.8410134459813108,2.5533306996981713,-2.3476755320506397,0.0,4.91,7.111111111111111,-0.4,1.5,341.0,-0.5475,1496,1632
1141065782789244,track,440978,True,,,-0.065625,-0.60625,1.8410134459813108,2.5533306996981713,-2.3476755320506397,0.0,4.91,7.111111111111111,-0.4,1.5,341.0,-0.5475,1496,1632
1141065802911641,track,440979,True,,,-0.05625,-0.6041666666666666,1.8566893076798083,3.2628001767747516,-2.3407352188797947,0.0,4.91,7.111111111111111,-0.4,1.5,341.0,-0.43500000000000005,1497,1632
1141065822844665,track,440979,True,,,-0.05625,-0.6041666666666666,1.8566893076798083,3.2628001767747516,-2.3407352188797947,0.0,4.91,7.111111111111111,-0.4,1.5,341.0,-0.43500000000000005,1497,1632
1141065842845945,track,440980,True,,,-0.05,-0.6,1.8816640291134141,2.1208201149035886,-2.3268233866439894,0.0,4.88,7.111111111111111,-0.4,1.5,341.0,-0.36000000000000004,1497,1632
1141065862810801,track,440981,True,,,-0.04375,-0.5916666666666667,1.928823970050731,1.3785330746873325,-2.2988750569171574,0.0,4.88,6.956521739130435,-0.4,1.5,341.0,-0.285,1498,1632
1141065882767922,track,440981,True,,,-0.04375,-0.5916666666666667,1.928823970050731,1.3785330746873325,-2.2988750569171574,0.0,4.88,6.956521739130435,-0.4,1.5,341.0,-0.285,1498,1632
1141065902866607,track,440982,True,,,-0.0390625,-0.5854166666666667,1.9641337964003662,0.8960464985467662,-2.277804920844576,0.0,4.88,6.956521739130435,-0.4,1.5,341.0,-0.22875,1498,1632
1141065922893927,track,440982,True,,,-0.0390625,-0.5854166666666667,1.9641337964003662,0.8960464985467662,-2.277804920844576,0.0,4.88,6.956521739130435,-0.4,1.5,341.0,-0.22875,1498,1632
1141065942832568,track,440983,True,,,-0.0359375,-0.58125,1.9876411712916127,0.582430224055398,-2.263706411770368,0.0,4.86,6.956521739130435,-0.4,1.5,341.0,-0.19124999999999998,1499,1633
1141065962818993,track,440984,True,,,-0.034375,-0.5791666666666667,1.9993843072381057,0.3785796456360087,-2.2566416532249085,0.0,4.86,6.808510638297872,-0.4,1.5,341.0,-0.17250000000000004,1499,1633
1141065982773723,track,440984,True,,,-0.034375,-0.5791666666666667,1.9993843072381057,0.3785796456360087,-2.2566416532249085,0.0,4.86,6.808510638297872,-0.4,1.5,341.0,-0.17250000000000004,1499,1633
1141066002814149,track,440985,True,,,-0.0328125,-0.5833333333333334,1.977265106535243,0.24607676966340566,-2.2707608367652052,0.0,4.86,6.808510638297872,-0.4,1.5,341.0,-0.15375,1499,1633
1141066022848253,track,440985,True,,,-0.0328125,-0.5833333333333334,1.977265106535243,0.24607676966340566,-2.2707608367652052,0.0,4.86,6.808510638297872,-0.4,1.5,341.0,-0.15375,1499,1633
1141066042800274,track,440986,True,,,-0.0328125,-0.5854166666666667,1.9659988984814667,1.673406224090915,-2.277804920844576,-0.08,4.83,6.666666666666667,-0.4,1.5,341.0,-0.15375,1499,1634
1141066062791951,track,440987,True,,,-0.0328125,-0.5895833333333333,1.9434949337895608,1.0877140456590948,-2.291862037790251,-0.08,4.83,6.666666666666667,-0.4,1.5,341.0,-0.15375,1499,1634
1141066082776073,track,440987,True,,,-0.0328125,-0.5895833333333333,1.9434949337895608,1.0877140456590948,-2.291862037790251,-0.08,4.83,6.666666666666667,-0.4,1.5,341.0,-0.15375,1499,1634
1141066102823244,track,440988,True,,,-0.0359375,-0.59375,1.9201515789496462,2.14794988293761,-2.3058777076481767,-0.08,4.83,6.530612244897959,-0.4,1.5,341.0,-0.19124999999999998,1499,1634
1141066122937059,track,440988,True,,,-0.0359375,-0.59375,1.9201515789496462,2.14794988293761,-2.3058777076481767,-0.08,4.83,6.530612244897959,0.1,1.9,337.0,-0.19124999999999998,1499,1634
1141066142808716,track,440989,True,,,-0.0390625,-0.59375,1.919194449890141,1.3961674239094464,-2.3058777076481767,-0.08,4.83,6.530612244897959,0.1,1.9,337.0,-0.22875,1498,1634
1141066162790108,track,440990,True,,,-0.04375,-0.5875,1.9512806106773863,0.9075088255411402,-2.284838656842339,-0.2,4.8,6.530612244897959,0.1,1.9,337.0,-0.285,1498,1635
1141066182767230,track,440990,True,,,-0.04375,-0.5875,1.9512806106773863,0.9075088255411402,-2.284838656842339,-0.2,4.8,6.530612244897959,0.1,1.9,337.0,-0.285,1498,1635
1141066202925070,track,440991,True,,,-0.0515625,-0.5791666666666667,1.9931808754993339,0.5898807366017411,-2.2566416532249085,-0.2,4.8,6.530612244897959,0.1,1.9,337.0,-0.3787499999999999,1497,1635
1141066222856588,track,440991,True,,,-0.0515625,-0.5791666666666667,1.9931808754993339,0.5898807366017411,-2.2566416532249085,-0.2,4.8,6.530612244897959,0.1,1.9,337.0,-0.3787499999999999,1497,1635
1141066242830199,track,440992,True,,,-0.059375,-0.56875,2.045894260854297,0.3834224787911317,-2.2211631290174605,-0.2,4.8,6.4,0.1,1.9,337.0,-0.4724999999999999,1496,1635
1141066262824742,track,440993,True,,,-0.0703125,-0.55625,2.1075824313597367,0.24922461121423564,-2.178249602509762,-0.2,4.8,6.4,0.1,1.9,337.0,-0.60375,1495,1635
1141066282849371,track,440993,True,,,-0.0703125,-0.55625,2.1075824313597367,0.24922461121423564,-2.178249602509762,-0.2,4.8,6.4,0.1,1.9,337.0,-0.60375,1495,1635
1141066302907872,track,440994,True,,,-0.0796875,-0.5458333333333333,2.1579855884778016,1.4874934574599012,-2.1422069457142667,-0.35,4.74,6.2745098039215685,0.1,1.9,337.0,-0.7162499999999998,1495,1638
1141066322880412,track,440994,True,,,-0.0796875,-0.5458333333333333,2.1579855884778016,1.4874934574599012,-2.1422069457142667,-0.35,4.74,6.2745098039215685,0.1,1.9,337.0,-0.7162499999999998,1495,1638
1141066342843411,track,440995,True,,,-0.090625,-0.5375,2.1949243955978335,0.9668707473489359,-2.1131895714009317,-0.35,4.74,6.2745098039215685,0.1,1.9,337.0,-0.8474999999999999,1494,1638
1141066362817781,track,440996,True,,,-0.1015625,-0.5333333333333333,2.2080090550362095,1.9227244875249454,-2.0986200484371853,-0.35,4.74,6.153846153846154,0.1,1.9,337.0,-0.97875,1493,1638
1141066382831422,track,440996,True,,,-0.1015625,-0.5333333333333333,2.2080090550362095,1.9227244875249454,-2.0986200484371853,-0.35,4.74,6.153846153846154,0.1,1.9,337.0,-0.97875,1493,1638
1141066402842636,track,440997,True,,,-0.1140625,-0.5354166666666667,2.184536563441967,1.2497709168912146,-2.1059098697626597,-0.35,4.74,6.153846153846154,0.1,1.9,337.0,-1.12875,1492,1638
1141066422866564,track,440998,True,,,-0.1234375,-0.5395833333333333,2.1521384962432544,0.8123510959792895,-2.1204591414225256,-0.35,4.74,6.153846153846154,0.1,1.9,337.0,-1.24125,1491,1638
1141066442811721,track,440998,True,,,-0.1234375,-0.5395833333333333,2.1521384962432544,0.8123510959792895,-2.1204591414225256,-0.35,4.74,6.153846153846154,0.1,1.9,337.0,-1.24125,1491,1638
1141066462869816,track,440999,True,,,-0.134375,-0.5479166666666667,2.095135264318612,0.5280282123865382,-2.1494358742653135,-0.54,4.67,6.037735849056604,0.1,1.9,337.0,-1.3724999999999998,1490,1641
1141066482834371,track,440999,True,,,-0.134375,-0.5479166666666667,2.095135264318612,0.5280282123865382,-2.1494358742653135,-0.54,4.67,6.037735849056604,0.1,1.9,337.0,-1.3724999999999998,1490,1641
1141066502865140,track,441000,True,,,-0.14375,-0.5625,2.006527422921614,0.34321833805124985,-2.199752527021475,-0.54,4.67,6.037735849056604,0.1,1.9,337.0,-1.4849999999999999,1489,1641
1141066522810315,track,441001,True,,,-0.1546875,-0.58125,1.8944057134395655,0.2230919197333124,-2.263706411770368,-0.54,4.67,6.037735849056604,0.1,1.9,337.0,-1.6162500000000002,1488,1641
1141066542772562,track,441001,True,,,-0.1546875,-0.58125,1.8944057134395655,0.2230919197333124,-2.263706411770368,-0.54,4.67,6.037735849056604,0.1,1.9,337.0,-1.6162500000000002,1488,1641
1141066562791031,track,441002,True,,,-0.1625,-0.60625,1.7545375924090596,0.14500974782665307,-2.3476755320506397,-0.64,4.63,5.925925925925926,0.1,1.9,337.0,-1.7100000000000002,1487,1640
1141066582795875,track,441002,True,,,-0.1625,-0.60625,1.7545375924090596,0.14500974782665307,-2.3476755320506397,-0.64,4.63,5.925925925925926,0.1,1.9,337.0,-1.7100000000000002,1487,1640
1141066602817127,track,441003,True,,,-0.1703125,-0.6333333333333333,1.6055593907139134,1.2473600601859836,-2.4369507395081045,-0.64,4.63,5.818181818181818,0.1,1.9,337.0,-1.8037500000000002,1487,1640
1141066622817052,track,441004,True,,,-0.1796875,-0.6604166666666667,1.4565210587535933,1.9638877632195484,-2.5244586344975777,-0.64,4.63,5.818181818181818,0.1,1.9,337.0,-1.9162500000000002,1486,1640
1141066642779060,track,441004,True,,,-0.1796875,-0.6604166666666667,1.4565210587535933,1.9638877632195484,-2.5244586344975777,-0.64,4.63,5.818181818181818,0.1,1.9,337.0,-1.9162500000000002,1486,1640
1141066662787817,track,441005,True,,,-0.1875,-0.6833333333333333,1.3321039728235944,2.3812188256696194,-2.597120621218661,-0.76,4.58,5.714285714285714,0.0,0.9,341.0,-2.0100000000000002,1485,1638
1141066682796204,track,441005,True,,,-0.1875,-0.6833333333333333,1.3321039728235944,2.3812188256696194,-2.597120621218661,-0.76,4.58,5.714285714285714,0.0,0.9,341.0,-2.0100000000000002,1485,1638
1141066702813839,track,441006,True,,,-0.1921875,-0.70625,1.213037142783988,2.6122704444049676,-2.6685151535093463,-0.76,4.58,5.614035087719298,0.0,0.9,341.0,-2.06625,1485,1638
1141066722836634,track,441007,True,,,-0.1984375,-0.7208333333333333,1.1339933246499008,2.762453996582944,-2.7132893192038163,-0.76,4.58,5.517241379310345,0.0,0.9,341.0,-2.14125,1484,1638
1141066742775495,track,441007,True,,,-0.1984375,-0.7208333333333333,1.1339933246499008,2.762453996582944,-2.7132893192038163,-0.76,4.58,5.517241379310345,0.0,0.9,341.0,-2.14125,1484,1638
1141066762800849,track,441008,True,,,-0.2,-0.7270833333333333,1.1016894463254097,2.821314963983454,-2.732321741035007,-0.89,4.51,5.423728813559322,0.0,0.9,341.0,-2.16,1484,1638
1141066782855358,track,441009,True,,,-0.2015625,-0.73125,1.079571310359427,2.826369699729554,-2.744957933023466,-0.89,4.51,5.333333333333333,0.0,0.9,341.0,-2.17875,1484,1638
1141066802898037,track,441009,True,,,-0.2015625,-0.73125,1.079571310359427,2.826369699729554,-2.744957933023466,-0.89,4.51,5.333333333333333,0.0,0.9,341.0,-2.17875,1484,1638
1141066822888853,track,441010,True,,,-0.2015625,-0.7333333333333333,1.0694981156897287,2.795135337152215,-2.751260415527446,-0.89,4.51,5.245901639344262,0.0,0.9,341.0,-2.17875,1484,1638
1141066842820656,track,441010,True,,,-0.2015625,-0.7333333333333333,1.0694981156897287,2.795135337152215,-2.751260415527446,-1.0,4.45,5.245901639344262,0.0,0.9,341.0,-2.17875,1484,1639
1141066862807758,track,441011,True,,,-0.196875,-0.7333333333333333,1.0752255443078622,2.7020260039437995,-2.751260415527446,-1.0,4.45,5.245901639344262,0.0,0.9,341.0,-2.1225,1484,1639
1141066882799059,track,441011,True,,,-0.196875,-0.7333333333333333,1.0752255443078622,2.7020260039437995,-2.751260415527446,-1.0,4.45,5.245901639344262,0.0,0.9,341.0,-2.1225,1484,1639
1141066902835714,track,441012,True,,,-0.19375,-0.7354166666666667,1.068879389287263,2.6253583614884826,-2.757552495256445,-1.0,4.45,5.161290322580645,0.0,0.9,341.0,-2.085,1484,1639
1141066922812946,track,441013,True,,,-0.1890625,-0.7354166666666667,1.0743785417155014,1.7064829349675137,-2.757552495256445,-1.09,4.4,5.161290322580645,0.0,0.9,341.0,-2.02875,1485,1640
1141066942803746,track,441013,True,,,-0.1890625,-0.7354166666666667,1.0743785417155014,1.7064829349675137,-2.757552495256445,-1.09,4.4,5.161290322580645,0.0,0.9,341.0,-2.02875,1485,1640
1141066962820929,track,441014,True,,,-0.1828125,-0.7375,1.0713876440170902,1.978255366653897,-2.7638341770420656,-1.09,4.4,5.079365079365079,0.0,0.9,341.0,-1.9537499999999999,1485,1640
1141066982951932,track,441015,True,,,-0.178125,-0.7395833333333334,1.0664403859285208,1.285865988325033,-2.770105465848967,-1.09,4.4,5.079365079365079,0.0,0.9,341.0,-1.8975000000000002,1486,1640
1141067002831408,track,441015,True,,,-0.178125,-0.7395833333333334,1.0664403859285208,1.285865988325033,-2.770105465848967,-1.09,4.4,5.079365079365079,0.0,0.9,341.0,-1.8975000000000002,1486,1640
1141067022827212,track,441016,True,,,-0.171875,-0.7416666666666667,1.0629894228682295,1.7007721388381805,-2.776366366773937,-1.09,4.4,5.0,0.0,0.9,341.0,-1.8225000000000002,1486,1640
1141067042794350,track,441016,True,,,-0.171875,-0.7416666666666667,1.0629894228682295,1.7007721388381805,-2.776366366773937,-1.09,4.4,5.0,0.0,0.9,341.0,-1.8225000000000002,1486,1640
1141067062835304,track,441017,True,,,-0.1640625,-0.74375,1.060849641818568,1.9210071042128292,-2.782616885044962,-1.18,4.32,4.923076923076923,0.0,0.9,341.0,-1.7287500000000002,1487,1641
1141067082816590,track,441018,True,,,-0.1578125,-0.7479166666666667,1.0466591736496749,2.064159831706351,-2.7950867951875717,-1.18,4.32,4.848484848484849,0.0,0.9,341.0,-1.65375,1488,1641
1141067102812958,track,441018,True,,,-0.1578125,-0.7479166666666667,1.0466591736496749,2.064159831706351,-2.7950867951875717,-1.18,4.32,4.848484848484849,0.0,0.9,341.0,-1.65375,1488,1641
1141067122849932,track,441019,True,,,-0.1484375,-0.75,1.045204367807472,2.1307643301839163,-2.801306198162795,-1.18,4.32,4.776119402985074,0.0,0.9,341.0,-1.5412500000000002,1488,1641
1141067142821334,track,441019,True,,,-0.1484375,-0.75,1.045204367807472,2.1307643301839163,-2.801306198162795,-1.18,4.32,4.776119402985074,0.0,0.9,341.0,-1.5412500000000002,1488,1641
1141067162797971,track,441020,True,,,-0.140625,-0.7479166666666667,1.0622589119384356,2.1506122682830036,-2.7950867951875717,-1.18,4.32,4.776119402985074,0.0,0.9,341.0,-1.4475,1489,1641
1141067182809884,track,441021,True,,,-0.13125,-0.7458333333333333,1.0802746542228996,2.1400544646368,-2.7888570260203043,-1.28,4.23,4.705882352941177,0.0,0.9,341.0,-1.335,1490,1642
1141067202794930,track,441021,True,,,-0.13125,-0.7458333333333333,1.0802746542228996,2.1400544646368,-2.7888570260203043,-1.28,4.23,4.705882352941177,0.0,0.9,341.0,-1.335,1490,1642
1141067222856706,track,441022,True,,,-0.1234375,-0.7416666666666667,1.1069308064831733,2.112986191248801,-2.7763663667739364,-1.28,4.23,4.63768115942029,-0.2,0.3,338.0,-1.24125,1491,1642
1141067242836777,track,441022,True,,,-0.1234375,-0.7416666666666667,1.1069308064831733,2.112986191248801,-2.7763663667739364,-1.28,4.23,4.63768115942029,-0.2,0.3,338.0,-1.24125,1491,1642
1141067262854311,track,441023,True,,,-0.115625,-0.7375,1.1333462135120667,2.095391813546602,-2.7638341770420656,-1.28,4.23,4.571428571428571,-0.2,0.3,338.0,-1.1475,1491,1642
1141067282861134,track,441024,True,,,-0.10625,-0.73125,1.170945491637032,2.0458029789804275,-2.744957933023466,-1.43,4.13,4.571428571428571,-0.2,0.3,338.0,-1.035,1492,1644
1141067302829546,track,441024,True,,,-0.10625,-0.73125,1.170945491637032,2.0458029789804275,-2.744957933023466,-1.43,4.13,4.571428571428571,-0.2,0.3,338.0,-1.035,1492,1644
1141067322873123,track,441025,True,,,-0.1,-0.7291666666666666,1.1854223692083996,1.329771936337278,-2.738645043046887,-1.43,4.13,4.571428571428571,-0.2,0.3,338.0,-0.96,1493,1644
1141067342861034,track,441025,True,,,-0.1,-0.7291666666666666,1.1854223692083996,1.329771936337278,-2.738645043046887,-1.43,4.13,4.571428571428571,-0.2,0.3,338.0,-0.96,1493,1644
1141067362797134,track,441026,True,,,-0.09375,-0.7270833333333333,1.199695043049181,0.8643517586192307,-2.732321741035007,-1.43,4.13,4.507042253521127,-0.2,0.3,338.0,-0.885,1493,1644
1141067382794803,track,441027,True,,,-0.0890625,-0.725,1.212877841188124,1.2452019919596184,-2.72598802256097,-1.43,4.13,4.444444444444445,-0.2,0.3,338.0,-0.82875,1494,1644
1141067402881264,track,441027,True,,,-0.0890625,-0.725,1.212877841188124,1.2452019919596184,-2.72598802256097,-1.43,4.13,4.444444444444445,-0.2,0.3,338.0,-0.82875,1494,1644
1141067422853594,track,441028,True,,,-0.084375,-0.725,1.2154793499944183,1.4927546436308705,-2.7259880225609696,-1.64,4.01,4.383561643835616,-0.2,0.3,338.0,-0.7725,1494,1647
1141067442906559,track,441028,True,,,-0.084375,-0.725,1.2154793499944183,1.4927546436308705,-2.7259880225609696,-1.64,4.01,4.383561643835616,-0.2,0.3,338.0,-0.7725,1494,1647
1141067462820552,track,441029,True,,,-0.08125,-0.7270833333333333,1.206669444112162,1.5967433999147473,-2.732321741035007,-1.64,4.01,4.324324324324325,-0.2,0.3,338.0,-0.735,1495,1647
1141067482831690,track,441030,True,,,-0.0796875,-0.7291666666666666,1.1970138030517008,1.6620057723993356,-2.738645043046887,-1.64,4.01,4.324324324324325,-0.2,0.3,338.0,-0.7162499999999998,1495,1647
1141067502871052,track,441030,True,,,-0.0796875,-0.7291666666666666,1.1970138030517008,1.6620057723993356,-2.738645043046887,-1.64,4.01,4.324324324324325,-0.2,0.3,338.0,-0.7162499999999998,1495,1647
1141067522813130,track,441031,True,,,-0.078125,-0.7333333333333333,1.1769113959831146,1.704426314514318,-2.7512604155274465,-1.64,4.01,4.266666666666667,-0.2,0.3,338.0,-0.6975,1495,1647
1141067542812159,track,441032,True,,,-0.0796875,-0.7375,1.155297820765284,1.7003138357233536,-2.7638341770420647,-1.78,3.9,4.2105263157894735,-0.2,0.3,338.0,-0.7162499999999998,1495,1648
1141067562780011,track,441032,True,,,-0.0796875,-0.7375,1.155297820765284,1.7003138357233536,-2.7638341770420647,-1.78,3.9,4.2105263157894735,-0.2,0.3,338.0,-0.7162499999999998,1495,1648
1141067582801319,track,441033,True,,,-0.08125,-0.7375,1.154508970689085,1.6976407245092267,-2.7638341770420647,-1.78,3.9,4.2105263157894735,-0.2,0.3,338.0,-0.735,1495,1648
1141067602863828,track,441033,True,,,-0.08125,-0.7375,1.154508970689085,1.6976407245092267,-2.7638341770420647,-1.78,3.9,4.2105263157894735,-0.2,0.3,338.0,-0.735,1495,1648
1141067622817840,track,441034,True,,,-0.084375,-0.7395833333333334,1.14249463516132,1.6959032022200442,-2.7701054658489674,-1.78,3.9,4.102564102564102,-0.2,0.3,338.0,-0.7725,1494,1648
1141067642804724,track,441034,True,,,-0.084375,-0.7395833333333334,1.14249463516132,1.6959032022200442,-2.7701054658489674,-1.99,3.76,4.102564102564102,-0.2,0.3,338.0,-0.7725,1494,1651
1141067662798979,track,441035,True,,,-0.0890625,-0.7375,1.1503379536583436,1.1023370814430287,-2.7638341770420656,-1.99,3.76,4.102564102564102,-0.2,0.3,338.0,-0.82875,1494,1651
1141067682803278,track,441036,True,,,-0.09375,-0.7354166666666667,1.1580392602885625,1.2554450251372526,-2.7575524952564447,-1.99,3.76,4.050632911392405,-0.2,0.3,338.0,-0.885,1493,1651
1141067702820250,track,441036,True,,,-0.09375,-0.7354166666666667,1.1580392602885625,1.2554450251372526,-2.7575524952564447,-1.99,3.76,4.050632911392405,-0.2,0.3,338.0,-0.885,1493,1651
1141067722804527,track,441037,True,,,-0.1015625,-0.7333333333333333,1.1636294382339418,1.3412635316696415,-2.751260415527446,-1.99,3.76,4.0,-0.2,0.3,338.0,-0.97875,1493,1651
1141067742887482,track,441037,True,,,-0.1015625,-0.7333333333333333,1.1636294382339418,1.3412635316696415,-2.751260415527446,-1.99,3.76,4.0,-0.2,0.3,338.0,-0.97875,1493,1651
1141067762848555,track,441038,True,,,-0.109375,-0.7291666666666666,1.179204727637091,1.3970455609156942,-2.7386450430468865,-1.99,3.76,3.950617283950617,-0.2,0.3,338.0,-1.0725,1492,1651
1141067782824575,track,441039,True,,,-0.1171875,-0.725,1.1943729576922362,1.4227006721992803,-2.7259880225609696,-2.14,3.65,3.902439024390244,-0.2,0.3,338.0,-1.16625,1491,1653
1141067802891993,track,441039,True,,,-0.1171875,-0.725,1.1943729576922362,1.4227006721992803,-2.7259880225609696,-2.14,3.65,3.902439024390244,-0.2,0.3,338.0,-1.16625,1491,1653
1141067822870901,track,441040,True,,,-0.128125,-0.7208333333333333,1.2065982870998535,1.4317466482749537,-2.7132893192038163,-2.14,3.65,3.902439024390244,0.0,0.8,336.0,-1.2974999999999999,1490,1653
1141067842780419,track,441040,True,,,-0.128125,-0.7208333333333333,1.2065982870998535,1.4317466482749537,-2.7132893192038163,-2.14,3.65,3.902439024390244,0.0,0.8,336.0,-1.2974999999999999,1490,1653
1141067862792591,track,441041,True,,,-0.1375,-0.71875,1.2090142969170676,1.4376265327241415,-2.7069243261546014,-2.25,3.55,3.8095238095238093,0.0,0.8,336.0,-1.4100000000000001,1489,1655
1141067882796476,track,441042,True,,,-0.146875,-0.7166666666666667,1.2108417262774576,0.934457246270692,-2.7005489003128957,-2.25,3.55,3.8095238095238093,0.0,0.8,336.0,-1.5225000000000002,1489,1655
1141067902886220,track,441042,True,,,-0.146875,-0.7166666666666667,1.2108417262774576,0.934457246270692,-2.7005489003128957,-2.25,3.55,3.8095238095238093,0.0,0.8,336.0,-1.5225000000000002,1489,1655
1141067922843448,track,441043,True,,,-0.1578125,-0.7145833333333333,1.2105066072369135,1.0921528890897079,-2.694163037945051,-2.25,3.55,3.764705882352941,0.0,0.8,336.0,-1.65375,1488,1655
1141067942845766,track,441043,True,,,-0.1578125,-0.7145833333333333,1.2105066072369135,1.0921528890897079,-2.694163037945051,-2.25,3.55,3.764705882352941,0.0,0.8,336.0,-1.65375,1488,1655
1141067962788850,track,441044,True,,,-0.16875,-0.7145833333333333,1.199084329504314,1.16427256309233,-2.694163037945051,-2.25,3.55,3.7209302325581395,0.0,0.8,336.0,-1.7850000000000001,1487,1655
1141067982947148,track,441045,True,,,-0.1796875,-0.7145833333333333,1.1869385705220472,1.2134752015057408,-2.694163037945051,-2.25,3.55,3.67816091954023,0.0,0.8,336.0,-1.9162500000000002,1486,1655
1141068002898498,track,441045,True,,,-0.1796875,-0.7145833333333333,1.1869385705220472,1.2134752015057408,-2.694163037945051,-2.41,3.41,3.67816091954023,0.0,0.8,336.0,-1.9162500000000002,1486,1657
1141068023073586,track,441046,True,,,-0.190625,-0.7166666666666667,1.1638807611605995,1.2431320661627514,-2.7005489003128953,-2.41,3.41,3.67816091954023,0.0,0.8,336.0,-2.0475,1485,1657
1141068042854426,track,441047,True,,,-0.2,-0.71875,1.142183866278524,1.2647338785015148,-2.706924326154601,-2.41,3.41,3.595505617977528,0.0,0.8,336.0,-2.16,1484,1657
1141068062823460,track,441047,True,,,-0.2,-0.71875,1.142183866278524,1.2647338785015148,-2.706924326154601,-2.41,3.41,3.595505617977528,0.0,0.8,336.0,-2.16,1484,1657
1141068082814838,track,441048,True,,,-0.2109375,-0.7208333333333333,1.1180169590113518,1.24000323809277,-2.7132893192038168,-2.41,3.41,3.5555555555555554,0.0,0.8,336.0,-2.2912500000000002,1483,1657
1141068102849904,track,441048,True,,,-0.2109375,-0.7208333333333333,1.1180169590113518,1.24000323809277,-2.7132893192038168,-2.41,3.41,3.5555555555555554,0.0,0.8,336.0,-2.2912500000000002,1483,1657
1141068122888225,track,441049,True,,,-0.21875,-0.7229166666666667,1.0975281452738315,1.2636817608538031,-2.719643883334696,-2.52,3.26,3.5164835164835164,0.0,0.8,336.0,-2.3850000000000002,1482,1658
1141068142808934,track,441050,True,,,-0.228125,-0.7208333333333333,1.0945880440427493,1.2393193616217575,-2.7132893192038163,-2.52,3.26,3.4782608695652173,0.0,0.8,336.0,-2.4975,1481,1658
1141068162771986,track,441050,True,,,-0.228125,-0.7208333333333333,1.0945880440427493,1.2393193616217575,-2.7132893192038163,-2.52,3.26,3.4782608695652173,0.0,0.8,336.0,-2.4975,1481,1658
1141068182793009,track,441051,True,,,-0.2359375,-0.7208333333333333,1.083387162583346,1.2120342927833567,-2.7132893192038163,-2.52,3.26,3.4408602150537635,0.0,0.8,336.0,-2.59125,1481,1658
1141068202940639,track,441052,True,,,-0.240625,-0.71875,1.086457823063842,1.1846254007866834,-2.706924326154601,-2.52,3.26,3.404255319148936,0.0,0.8,336.0,-2.6475,1480,1658
1141068222784972,track,441052,True,,,-0.240625,-0.71875,1.086457823063842,1.1846254007866834,-2.706924326154601,-2.52,3.26,3.404255319148936,0.0,0.8,336.0,-2.6475,1480,1658
1141068242794325,track,441053,True,,,-0.2453125,-0.7145833333333333,1.0993186898785385,1.1668096209888459,-2.694163037945051,-2.6,3.16,3.3333333333333335,0.0,0.8,336.0,-2.70375,1480,1659
1141068262802149,track,441053,True,,,-0.2453125,-0.7145833333333333,1.0993186898785385,1.1668096209888459,-2.694163037945051,-2.6,3.16,3.3333333333333335,0.0,0.8,336.0,-2.70375,1480,1659
1141068282783481,track,441054,True,,,-0.25,-0.7104166666666667,1.111998536753996,1.1502602504162058,-2.68135998940449,-2.6,3.16,3.2989690721649483,0.0,0.8,336.0,-2.7600000000000002,1479,1659
1141068302815723,track,441055,True,,,-0.253125,-0.7083333333333334,1.117036393344298,1.113922365099036,-2.6749427964754133,-2.6,3.16,3.2989690721649483,0.0,0.8,336.0,-2.7975,1479,1659
1141068322776943,track,441055,True,,,-0.253125,-0.7083333333333334,1.117036393344298,1.113922365099036,-2.6749427964754133,-2.7,3.05,3.2989690721649483,0.0,0.8,336.0,-2.7975,1479,1660
1141068342801284,track,441056,True,,,-0.2546875,-0.70625,1.1244944111913977,1.0903027396428757,-2.6685151535093463,-2.7,3.05,3.2323232323232323,0.0,0.8,336.0,-2.81625,1479,1660
1141068362801985,track,441056,True,,,-0.2546875,-0.70625,1.1244944111913977,1.0903027396428757,-2.6685151535093463,-2.7,3.05,3.2323232323232323,0.1,0.8,338.0,-2.81625,1479,1660
1141068382798669,track,441057,True,,,-0.2546875,-0.7,1.154346488562354,1.0504640830565026,-2.649169494949602,-2.7,3.05,3.2,0.1,0.8,338.0,-2.81625,1479,1660
1141068402853931,track,441058,True,,,-0.2546875,-0.6979166666666666,1.1643130046837273,1.0245689562753602,-2.642700023130258,-2.82,2.92,3.1683168316831685,0.1,0.8,338.0,-2.81625,1479,1662
1141068422782320,track,441058,True,,,-0.2546875,-0.6979166666666666,1.1643130046837273,1.0245689562753602,-2.642700023130258,-2.82,2.92,3.1683168316831685,0.1,0.8,338.0,-2.81625,1479,1662
1141068442821947,track,441059,True,,,-0.2546875,-0.6958333333333333,1.1742873354871826,1.0004343252553736,-2.6362200876588213,-2.82,2.92,3.1372549019607843,0.1,0.8,338.0,-2.81625,1479,1662
1141068462857944,track,441059,True,,,-0.2546875,-0.6958333333333333,1.1742873354871826,1.0004343252553736,-2.6362200876588213,-2.82,2.92,3.1372549019607843,0.1,0.8,338.0,-2.81625,1479,1662
1141068482832359,track,441060,True,,,-0.2515625,-0.69375,1.1893236911320224,0.9827461401076998,-2.6297296862580724,-2.87,2.81,3.1067961165048543,0.1,0.8,338.0,-2.7787500000000005,1479,1663
1141068502944491,track,441061,True,,,-0.246875,-0.6916666666666667,1.2068327283031417,0.9584317411292742,-2.623228816801569,-2.87,2.81,3.076923076923077,0.1,0.8,338.0,-2.7225,1480,1663
1141068522793909,track,441061,True,,,-0.246875,-0.6916666666666667,1.2068327283031417,0.9584317411292742,-2.623228816801569,-2.87,2.81,3.076923076923077,0.1,0.8,338.0,-2.7225,1480,1663
1141068542801555,track,441062,True,,,-0.24375,-0.6895833333333333,1.2218202947885313,0.9426273817932975,-2.6167174773145816,-2.83,2.73,2.9906542056074765,0.1,0.8,338.0,-2.685,1480,1663
1141068562798742,track,441062,True,,,-0.24375,-0.6895833333333333,1.2218202947885313,0.9426273817932975,-2.6167174773145816,-2.83,2.73,2.9906542056074765,0.1,0.8,338.0,-2.685,1480,1663
1141068582795259,track,441063,True,,,-0.2390625,-0.6895833333333333,1.229137895944209,0.9206457414627687,-2.616717477314581,-2.83,2.73,2.962962962962963,0.1,0.8,338.0,-2.62875,1480,1663
1141068602940784,track,441064,True,,,-0.234375,-0.6875,1.2464402766521607,0.902895725450765,-2.6101956659750236,-2.83,2.73,2.9357798165137616,0.1,0.8,338.0,-2.5725000000000002,1481,1663
1141068622851042,track,441064,True,,,-0.234375,-0.6875,1.2464402766521607,0.902895725450765,-2.6101956659750236,-2.83,2.73,2.9357798165137616,0.1,0.8,338.0,-2.5725000000000002,1481,1663
1141068642838868,track,441065,True,,,-0.228125,-0.6854166666666667,1.2660119473510656,0.8913582150429626,-2.6036633811143846,-2.83,2.73,2.8828828828828827,0.1,0.8,338.0,-2.4975,1481,1663
1141068662817261,track,441065,True,,,-0.228125,-0.6854166666666667,1.2660119473510656,0.8913582150429626,-2.6036633811143846,-2.83,2.73,2.8828828828828827,0.1,0.8,338.0,-2.4975,1481,1663
1141068682791887,track,441066,True,,,-0.2234375,-0.6854166666666667,1.2729498258696959,0.8647037222746945,-2.6036633811143846,-2.7,2.62,2.857142857142857,0.1,0.8,338.0,-2.44125,1482,1661
1141068702842852,track,441067,True,,,-0.2171875,-0.6833333333333333,1.292211342380162,0.8423850047663073,-2.597120621218661,-2.7,2.62,2.831858407079646,0.1,0.8,338.0,-2.36625,1482,1661
1141068722768632,track,441067,True,,,-0.2171875,-0.6833333333333333,1.292211342380162,0.8423850047663073,-2.597120621218661,-2.7,2.62,2.831858407079646,0.1,0.8,338.0,-2.36625,1482,1661
1141068742932795,track,441068,True,,,-0.2109375,-0.6791666666666667,1.321568913747458,0.8278778383858556,-2.5840036710440626,-2.7,2.62,2.782608695652174,0.1,0.8,338.0,-2.2912500000000002,1483,1661
1141068762847391,track,441068,True,,,-0.2109375,-0.6791666666666667,1.321568913747458,0.8278778383858556,-2.5840036710440626,-2.7,2.62,2.782608695652174,0.1,0.8,338.0,-2.2912500000000002,1483,1661
1141068782820723,track,441069,True,,,-0.20625,-0.6729166666666667,1.3589924802233246,0.8058521000033366,-2.564249654156343,-2.7,2.62,2.7586206896551726,0.1,0.8,338.0,-2.235,1483,1661
1141068802897459,track,441070,True,,,-0.2,-0.66875,1.3882710551077735,1.0379022314244422,-2.5510279066660333,-2.7,2.62,2.711864406779661,0.1,0.8,338.0,-2.16,1484,1661
1141068822805211,track,441070,True,,,-0.2,-0.66875,1.3882710551077735,1.0379022314244422,-2.5510279066660333,-2.7,2.62,2.711864406779661,0.1,0.8,338.0,-2.16,1484,1661
1141068842825813,track,441071,True,,,-0.1953125,-0.6645833333333333,1.4153680118581453,0.9131375650026005,-2.537764233445216,-2.65,2.49,2.689075630252101,0.1,0.8,338.0,-2.1037500000000002,1484,1661
1141068862857362,track,441071,True,,,-0.1953125,-0.6645833333333333,1.4153680118581453,0.9131375650026005,-2.537764233445216,-2.65,2.49,2.689075630252101,0.1,0.8,338.0,-2.1037500000000002,1484,1661
1141068882820093,track,441072,True,,,-0.1921875,-0.6583333333333333,1.4508085912920978,1.0758602505616695,-2.5177901135970835,-2.65,2.49,2.644628099173554,0.1,0.8,338.0,-2.06625,1485,1661
1141068902858792,track,441073,True,,,-0.190625,-0.6541666666666667,1.4737966932853053,1.1775356930676848,-2.504421631838453,-2.65,2.49,2.6016260162601625,0.1,0.8,338.0,-2.0475,1485,1661
1141068922830530,track,441073,True,,,-0.190625,-0.6541666666666667,1.4737966932853053,1.1775356930676848,-2.504421631838453,-2.67,2.37,2.6016260162601625,-0.2,1.1,333.0,-2.0475,1485,1662
1141068942800290,track,441074,True,,,-0.1890625,-0.6479166666666667,1.5073213901893117,1.2436247306965948,-2.4842903230333833,-2.67,2.37,2.5806451612903225,-0.2,1.1,333.0,-2.02875,1485,1662
1141068962804393,track,441075,True,,,-0.1890625,-0.64375,1.528325247907795,1.2334834550969274,-2.4708170743576092,-2.67,2.37,2.5396825396825395,-0.2,1.1,333.0,-2.02875,1485,1662
1141068982766672,track,441075,True,,,-0.1890625,-0.64375,1.528325247907795,1.2334834550969274,-2.4708170743576092,-2.67,2.37,2.5396825396825395,-0.2,1.1,333.0,-2.02875,1485,1662
1141069002884581,track,441076,True,,,-0.1890625,-0.6395833333333333,1.5493608856357444,1.0230869234611284,-2.4573019400861944,-2.67,2.37,2.5196850393700787,-0.2,1.1,333.0,-2.02875,1485,1662
1141069022855828,track,441076,True,,,-0.1890625,-0.6395833333333333,1.5493608856357444,1.0230869234611284,-2.4573019400861944,-2.67,2.37,2.5196850393700787,-0.2,1.1,333.0,-2.02875,1485,1662
1141069042806660,track,441077,True,,,-0.1921875,-0.6354166666666666,1.566116014093297,1.0806712091572155,-2.4437449364721022,-2.67,2.37,2.4806201550387597,-0.2,1.1,333.0,-2.06625,1485,1662
1141069062790411,track,441078,True,,,-0.1953125,-0.6333333333333333,1.572253079814944,1.1160585197031185,-2.4369507395081045,-2.7,2.23,2.4427480916030535,-0.2,1.1,333.0,-2.1037500000000002,1484,1663
1141069082770271,track,441078,True,,,-0.1953125,-0.6333333333333333,1.572253079814944,1.1160585197031185,-2.4369507395081045,-2.7,2.23,2.4427480916030535,-0.2,1.1,333.0,-2.1037500000000002,1484,1663
1141069102807192,track,441079,True,,,-0.2,-0.63125,1.5760402330882926,1.1390602715579554,-2.4301460825780246,-2.7,2.23,2.406015037593985,-0.2,1.1,333.0,-2.16,1484,1663
1141069122785084,track,441079,True,,,-0.2,-0.63125,1.5760402330882926,1.1390602715579554,-2.4301460825780246,-2.7,2.23,2.406015037593985,-0.2,1.1,333.0,-2.16,1484,1663
1141069142789360,track,441080,True,,,-0.20625,-0.63125,1.5668363961632328,1.1316482145579059,-2.430146082578024,-2.7,2.23,2.388059701492537,-0.2,1.1,333.0,-2.235,1483,1663
1141069162792174,track,441081,True,,,-0.215625,-0.63125,1.5525522691696245,1.1268303775078738,-2.430146082578024,-2.7,2.23,2.335766423357664,-0.2,1.1,333.0,-2.3475,1482,1663
1141069182758329,track,441081,True,,,-0.215625,-0.63125,1.5525522691696245,1.1268303775078738,-2.430146082578024,-2.7,2.23,2.335766423357664,-0.2,1.1,333.0,-2.3475,1482,1663
1141069202872284,track,441082,True,,,-0.2234375,-0.6333333333333333,1.5298459777880542,1.08751130494798,-2.436950739508105,-2.7,2.23,2.302158273381295,-0.2,1.1,333.0,-2.44125,1482,1663
1141069222825570,track,441082,True,,,-0.2234375,-0.6333333333333333,1.5298459777880542,1.08751130494798,-2.436950739508105,-2.7,2.23,2.302158273381295,-0.2,1.1,333.0,-2.44125,1482,1663
1141069242836287,track,441083,True,,,-0.234375,-0.6333333333333333,1.5119838433263781,1.0619539077840492,-2.436950739508105,-2.71,2.08,2.269503546099291,-0.2,1.1,333.0,-2.5725000000000002,1481,1663
1141069262788495,track,441084,True,,,-0.2453125,-0.63125,1.5036144121666866,1.045341599627494,-2.4301460825780246,-2.71,2.08,2.2222222222222223,-0.2,1.1,333.0,-2.70375,1480,1663
1141069282766735,track,441084,True,,,-0.2453125,-0.63125,1.5036144121666866,1.045341599627494,-2.4301460825780246,-2.71,2.08,2.2222222222222223,-0.2,1.1,333.0,-2.70375,1480,1663
1141069302813710,track,441085,True,,,-0.259375,-0.63125,1.4785205333191773,1.0152517865893622,-2.430146082578024,-2.71,2.08,2.191780821917808,-0.2,1.1,333.0,-2.8725000000000005,1479,1663
1141069322813548,track,441085,True,,,-0.259375,-0.63125,1.4785205333191773,1.0152517865893622,-2.430146082578024,-2.71,2.08,2.191780821917808,-0.2,1.1,333.0,-2.8725000000000005,1479,1663
1141069342800713,track,441086,True,,,-0.271875,-0.6291666666666667,1.4652942245662246,1.1287652127977001,-2.4233309685084143,-2.71,2.08,2.1476510067114094,-0.2,1.1,333.0,-3.0224999999999995,1477,1663
1141069362832548,track,441087,True,,,-0.2859375,-0.6270833333333333,1.4478737505213979,1.0567280059602007,-2.416505400305007,-2.74,1.96,2.119205298013245,-0.2,1.1,333.0,-3.19125,1476,1664
1141069382761281,track,441087,True,,,-0.2859375,-0.6270833333333333,1.4478737505213979,1.0567280059602007,-2.416505400305007,-2.74,1.96,2.119205298013245,-0.2,1.1,333.0,-3.19125,1476,1664
1141069402978186,track,441088,True,,,-0.3015625,-0.6229166666666667,1.4357578464701015,1.1218134273150562,-2.402822914420931,-2.74,1.96,2.0779220779220777,-0.2,1.1,333.0,-3.37875,1475,1664
1141069422839818,track,441088,True,,,-0.3015625,-0.6229166666666667,1.4357578464701015,1.1218134273150562,-2.402822914420931,-2.75,1.85,2.0779220779220777,-0.2,1.1,333.0,-3.37875,1475,1664
1141069442812897,track,441089,True,,,-0.3171875,-0.6208333333333333,1.4120538612600717,1.1479657538520376,-2.3959660036555785,-2.75,1.85,2.038216560509554,-0.2,1.1,333.0,-3.56625,1473,1664
1141069462810155,track,441090,True,,,-0.3328125,-0.6145833333333334,1.4061555498701293,1.1649647661010754,-2.375332645394936,-2.75,1.85,2.0125786163522013,0.1,1.2,332.0,-3.75375,1472,1664
1141069482766294,track,441090,True,,,-0.3328125,-0.6145833333333334,1.4061555498701293,1.1649647661010754,-2.375332645394936,-2.75,1.85,2.0125786163522013,0.1,1.2,332.0,-3.75375,1472,1664
1141069502816841,track,441091,True,,,-0.3484375,-0.6125,1.37913703055062,1.1564766500509749,-2.368433997651751,-2.75,1.79,1.9753086419753085,0.1,1.2,332.0,-3.94125,1471,1665
1141069522867242,track,441091,True,,,-0.3484375,-0.6125,1.37913703055062,1.1564766500509749,-2.368433997651751,-2.75,1.79,1.9753086419753085,0.1,1.2,332.0,-3.94125,1471,1665
1141069542830935,track,441092,True,,,-0.3671875,-0.6104166666666667,1.3428527716682455,1.1205667338463192,-2.3615249263767533,-2.75,1.79,1.9393939393939394,0.1,1.2,332.0,-4.16625,1469,1665
1141069562790069,track,441093,True,,,-0.3828125,-0.6083333333333333,1.312605247336276,1.1068279524714044,-2.3546054362277973,-2.75,1.79,1.9047619047619047,0.1,1.2,332.0,-4.35375,1468,1665
1141069582789100,track,441093,True,,,-0.3828125,-0.6083333333333333,1.312605247336276,1.1068279524714044,-2.3546054362277973,-2.75,1.79,1.9047619047619047,0.1,1.2,332.0,-4.35375,1468,1665
1141069602876049,track,441094,True,,,-0.4,-0.6083333333333333,1.2676028369909695,1.0882950804195985,-2.3546054362277973,-2.75,1.79,1.871345029239766,0.1,1.2,332.0,-4.5600000000000005,1466,1665
1141069622820167,track,441095,True,,,-0.415625,-0.6083333333333333,1.2255004980201807,1.0648708475135629,-2.3546054362277973,-2.77,1.65,1.839080459770115,0.1,1.2,332.0,-4.7475000000000005,1465,1665
1141069642767913,track,441095,True,,,-0.415625,-0.6083333333333333,1.2255004980201807,1.0648708475135629,-2.3546054362277973,-2.77,1.65,1.839080459770115,0.1,1.2,332.0,-4.7475000000000005,1465,1665
1141069662791902,track,441096,True,,,-0.4296875,-0.6083333333333333,1.1866724746339783,1.0496450961246397,-2.3546054362277973,-2.77,1.65,1.797752808988764,0.1,1.2,332.0,-4.91625,1463,1665
1141069682775995,track,441096,True,,,-0.4296875,-0.6083333333333333,1.1866724746339783,1.0496450961246397,-2.3546054362277973,-2.77,1.65,1.797752808988764,0.1,1.2,332.0,-4.91625,1463,1665
1141069702791721,commit,441096,True,edge commit: bounding box clipped by image edge,,,,1.1866724746339783,1.0496450961246397,-2.3546054362277973,-2.77,1.55,,0.1,1.2,332.0,-2.0,1485,1665
1141069722777689,commit,441096,True,edge commit: bounding box clipped by image edge,,,,1.1866724746339783,1.0496450961246397,-2.3546054362277973,-2.77,1.55,,0.1,1.2,332.0,-2.0,1485,1665
1141069742772273,commit,441096,True,edge commit: bounding box clipped by image edge,,,,1.1866724746339783,1.0496450961246397,-2.3546054362277973,-2.77,1.55,,0.1,1.2,332.0,-2.0,1485,1665
1141069762768527,commit,441096,True,edge commit: bounding box clipped by image edge,,,,1.1866724746339783,1.0496450961246397,-2.3546054362277973,-2.77,1.55,,0.1,1.2,332.0,-2.0,1485,1665
1141069782786008,commit,441096,True,edge commit: bounding box clipped by image edge,,,,1.1866724746339783,1.0496450961246397,-2.3546054362277973,-2.77,1.55,,0.1,1.2,332.0,-2.0,1485,1665
1141069802813328,commit,441096,True,edge commit: bounding box clipped by image edge,,,,1.1866724746339783,1.0496450961246397,-2.3546054362277973,-2.77,1.55,,0.1,1.2,332.0,-2.0,1485,1665
1141069822809532,commit,441096,True,edge commit: bounding box clipped by image edge,,,,1.1866724746339783,1.0496450961246397,-2.3546054362277973,-2.77,1.55,,0.1,1.2,332.0,-2.0,1485,1665
1141069842800065,commit,441096,True,edge commit: bounding box clipped by image edge,,,,1.1866724746339783,1.0496450961246397,-2.3546054362277973,-2.77,1.47,,0.1,1.2,332.0,-2.0,1485,1665
1141069862784985,commit,441096,True,edge commit: bounding box clipped by image edge,,,,1.1866724746339783,1.0496450961246397,-2.3546054362277973,-2.77,1.47,,0.1,1.2,332.0,-2.0,1485,1665
1141069882835389,commit,441096,True,edge commit: bounding box clipped by image edge,,,,1.1866724746339783,1.0496450961246397,-2.3546054362277973,-2.77,1.47,,0.1,1.2,332.0,-2.0,1485,1665
1141069902815066,commit,441096,True,edge commit: bounding box clipped by image edge,,,,1.1866724746339783,1.0496450961246397,-2.3546054362277973,-2.77,1.47,,0.1,1.2,332.0,-2.0,1485,1665
1141069922767542,commit,441096,True,edge commit: bounding box clipped by image edge,,,,1.1866724746339783,1.0496450961246397,-2.3546054362277973,-2.77,1.47,,0.1,1.2,332.0,-2.0,1485,1665
1141069942753207,commit,441096,True,edge commit: bounding box clipped by image edge,,,,1.1866724746339783,1.0496450961246397,-2.3546054362277973,-2.77,1.47,,0.1,1.2,332.0,-2.0,1485,1665
1141069962748320,commit,441096,True,edge commit: bounding box clipped by image edge,,,,1.1866724746339783,1.0496450961246397,-2.3546054362277973,-2.77,1.47,,0.1,1.2,332.0,-2.0,1485,1665
1141069982780160,commit,441096,True,edge commit: bounding box clipped by image edge,,,,1.1866724746339783,1.0496450961246397,-2.3546054362277973,-2.77,1.34,,0.1,1.2,332.0,-2.0,1485,1665
1141070002782335,commit,441096,True,edge commit: bounding box clipped by image edge,,,,1.1866724746339783,1.0496450961246397,-2.3546054362277973,-2.77,1.34,,0.0,0.7,330.0,-2.0,1485,1665
1141070022902439,commit,441096,True,edge commit: bounding box clipped by image edge,,,,1.1866724746339783,1.0496450961246397,-2.3546054362277973,-2.77,1.34,,0.0,0.7,330.0,-2.0,1485,1665
1141070042744919,commit,441096,True,edge commit: bounding box clipped by image edge,,,,1.1866724746339783,1.0496450961246397,-2.3546054362277973,-2.77,1.34,,0.0,0.7,330.0,-2.0,1485,1665
1141070062785138,commit,441096,True,edge commit: bounding box clipped by image edge,,,,1.1866724746339783,1.0496450961246397,-2.3546054362277973,-2.77,1.34,,0.0,0.7,330.0,-2.0,1485,1665
1141070082791076,commit,441096,True,edge commit: bounding box clipped by image edge,,,,1.1866724746339783,1.0496450961246397,-2.3546054362277973,-2.77,1.34,,0.0,0.7,330.0,-2.0,1485,1665
1141070102794646,commit,441096,True,edge commit: bounding box clipped by image edge,,,,1.1866724746339783,1.0496450961246397,-2.3546054362277973,-2.77,1.24,,0.0,0.7,330.0,-2.0,1485,1665
1141070122790331,commit,441096,True,edge commit: bounding box clipped by image edge,,,,1.1866724746339783,1.0496450961246397,-2.3546054362277973,-2.77,1.24,,0.0,0.7,330.0,-2.0,1485,1665
1141070142755600,commit,441096,True,edge commit: bounding box clipped by image edge,,,,1.1866724746339783,1.0496450961246397,-2.3546054362277973,-2.77,1.24,,0.0,0.7,330.0,-2.0,1485,1665
1141070162761401,commit,441096,True,edge commit: bounding box clipped by image edge,,,,1.1866724746339783,1.0496450961246397,-2.3546054362277973,-2.77,1.24,,0.0,0.7,330.0,-2.0,1485,1665
1141070182785093,commit,441096,True,edge commit: bounding box clipped by image edge,,,,1.1866724746339783,1.0496450961246397,-2.3546054362277973,-2.77,1.24,,0.0,0.7,330.0,-2.0,1485,1665
1141070202783034,commit,441096,True,edge commit: bounding box clipped by image edge,,,,1.1866724746339783,1.0496450961246397,-2.3546054362277973,-2.77,1.24,,0.0,0.7,330.0,-2.0,1485,1665
1141070222765340,commit,441096,True,edge commit: bounding box clipped by image edge,,,,1.1866724746339783,1.0496450961246397,-2.3546054362277973,-2.77,1.19,,0.0,0.7,330.0,-2.0,1485,1665
1141070242841330,commit,441096,True,edge commit: bounding box clipped by image edge,,,,1.1866724746339783,1.0496450961246397,-2.3546054362277973,-2.77,1.19,,0.0,0.7,330.0,-2.0,1485,1665
1141070262805156,commit,441096,True,edge commit: bounding box clipped by image edge,,,,1.1866724746339783,1.0496450961246397,-2.3546054362277973,-2.77,1.19,,0.0,0.7,330.0,-2.0,1485,1665
1141070282791891,commit,441096,True,edge commit: bounding box clipped by image edge,,,,1.1866724746339783,1.0496450961246397,-2.3546054362277973,-2.77,1.19,,0.0,0.7,330.0,-2.0,1485,1665
1141070302839369,commit,441096,True,edge commit: bounding box clipped by image edge,,,,1.1866724746339783,1.0496450961246397,-2.3546054362277973,-2.77,1.19,,0.0,0.7,330.0,-2.0,1485,1665
1141070322800863,commit,441096,True,edge commit: bounding box clipped by image edge,,,,1.1866724746339783,1.0496450961246397,-2.3546054362277973,-2.77,1.19,,0.0,0.7,330.0,-2.0,1485,1665
1141070342765805,commit,441096,True,edge commit: bounding box clipped by image edge,,,,1.1866724746339783,1.0496450961246397,-2.3546054362277973,-2.77,1.09,,0.0,0.7,330.0,-2.0,1485,1665
1141070362765312,commit,441096,True,edge commit: bounding box clipped by image edge,,,,1.1866724746339783,1.0496450961246397,-2.3546054362277973,-2.77,1.09,,0.0,0.7,330.0,-2.0,1485,1665
1141070382754136,commit,441096,True,edge commit: bounding box clipped by image edge,,,,1.1866724746339783,1.0496450961246397,-2.3546054362277973,-2.77,1.09,,0.0,0.7,330.0,-2.0,1485,1665
1141070402809214,commit,441096,True,edge commit: bounding box clipped by image edge,,,,1.1866724746339783,1.0496450961246397,-2.3546054362277973,-2.77,1.09,,0.0,0.7,330.0,-2.0,1485,1665
1141070422780907,commit,441096,True,edge commit: bounding box clipped by image edge,,,,1.1866724746339783,1.0496450961246397,-2.3546054362277973,-2.77,1.09,,0.0,0.7,330.0,-2.0,1485,1665
1141070442781703,commit,441096,True,edge commit: bounding box clipped by image edge,,,,1.1866724746339783,1.0496450961246397,-2.3546054362277973,-2.77,1.09,,0.0,0.7,330.0,-2.0,1485,1665
1141070462753578,commit,441096,True,edge commit: bounding box clipped by image edge,,,,1.1866724746339783,1.0496450961246397,-2.3546054362277973,-2.77,0.99,,0.0,0.7,330.0,-2.0,1485,1665
1141070482753522,commit,441096,True,edge commit: bounding box clipped by image edge,,,,1.1866724746339783,1.0496450961246397,-2.3546054362277973,-2.77,0.99,,0.0,0.7,330.0,-2.0,1485,1665
1141070502790413,commit,441096,True,edge commit: bounding box clipped by image edge,,,,1.1866724746339783,1.0496450961246397,-2.3546054362277973,-2.77,0.99,,0.0,0.7,330.0,-2.0,1485,1665
1141070522757786,commit,441096,True,edge commit: bounding box clipped by image edge,,,,1.1866724746339783,1.0496450961246397,-2.3546054362277973,-2.77,0.99,,0.0,0.7,330.0,-2.0,1485,1665
1141070542822867,commit,441096,True,edge commit: bounding box clipped by image edge,,,,1.1866724746339783,1.0496450961246397,-2.3546054362277973,-2.77,0.99,,0.0,0.7,326.0,-2.0,1485,1665
1141070562752887,commit,441096,True,edge commit: bounding box clipped by image edge,,,,1.1866724746339783,1.0496450961246397,-2.3546054362277973,-2.77,0.9,,0.0,0.7,326.0,-2.0,1485,1665
1141070582754488,commit,441096,True,edge commit: bounding box clipped by image edge,,,,1.1866724746339783,1.0496450961246397,-2.3546054362277973,-2.77,0.9,,0.0,0.7,326.0,-2.0,1485,1665
1141070602792852,commit,441096,True,edge commit: bounding box clipped by image edge,,,,1.1866724746339783,1.0496450961246397,-2.3546054362277973,-2.77,0.9,,0.0,0.7,326.0,-2.0,1485,1665
1141070622801338,commit,441096,True,edge commit: bounding box clipped by image edge,,,,1.1866724746339783,1.0496450961246397,-2.3546054362277973,-2.77,0.9,,0.0,0.7,326.0,-2.0,1485,1665
1141070642766328,commit,441096,True,edge commit: bounding box clipped by image edge,,,,1.1866724746339783,1.0496450961246397,-2.3546054362277973,-2.77,0.9,,0.0,0.7,326.0,-2.0,1485,1665
1141070662744759,commit,441096,True,edge commit: bounding box clipped by image edge,,,,1.1866724746339783,1.0496450961246397,-2.3546054362277973,-2.77,0.9,,0.0,0.7,326.0,-2.0,1485,1665
1141070682749571,commit,441096,True,edge commit: bounding box clipped by image edge,,,,1.1866724746339783,1.0496450961246397,-2.3546054362277973,-2.77,0.79,,0.0,0.7,326.0,-2.0,1485,1665
1141070702767455,commit,441096,True,edge commit: bounding box clipped by image edge,,,,1.1866724746339783,1.0496450961246397,-2.3546054362277973,-2.77,0.79,,0.0,0.7,326.0,-2.0,1485,1665
1141070722756902,commit,441096,True,edge commit: bounding box clipped by image edge,,,,1.1866724746339783,1.0496450961246397,-2.3546054362277973,-2.77,0.79,,0.0,0.7,326.0,-2.0,1485,1665
1141070742794838,commit,441096,True,edge commit: bounding box clipped by image edge,,,,1.1866724746339783,1.0496450961246397,-2.3546054362277973,-2.77,0.79,,0.0,0.7,326.0,-2.0,1485,1665
1141070762778125,commit,441096,True,edge commit: bounding box clipped by image edge,,,,1.1866724746339783,1.0496450961246397,-2.3546054362277973,-2.77,0.79,,0.0,0.7,326.0,-2.0,1485,1665
1141070782769148,commit,441096,True,edge commit: bounding box clipped by image edge,,,,1.1866724746339783,1.0496450961246397,-2.3546054362277973,-2.77,0.79,,0.0,0.7,326.0,-2.0,1485,1665
1141070802851160,commit,441096,True,edge commit: bounding box clipped by image edge,,,,1.1866724746339783,1.0496450961246397,-2.3546054362277973,-2.77,0.79,,0.0,0.7,326.0,-2.0,1485,1665
1141070822785444,commit,441096,True,edge commit: bounding box clipped by image edge,,,,1.1866724746339783,1.0496450961246397,-2.3546054362277973,-2.77,0.72,,0.0,0.7,326.0,-2.0,1485,1665
1141070842779793,commit,441096,True,edge commit: bounding box clipped by image edge,,,,1.1866724746339783,1.0496450961246397,-2.3546054362277973,-2.77,0.72,,0.0,0.7,326.0,-2.0,1485,1665
1141070862736466,commit,441096,True,edge commit: bounding box clipped by image edge,,,,1.1866724746339783,1.0496450961246397,-2.3546054362277973,-2.77,0.72,,0.0,0.7,326.0,-2.0,1485,1665
1141070882752610,commit,441096,True,edge commit: bounding box clipped by image edge,,,,1.1866724746339783,1.0496450961246397,-2.3546054362277973,-2.77,0.72,,0.0,0.7,326.0,-2.0,1485,1665
1141070902816290,commit,441096,True,edge commit: bounding box clipped by image edge,,,,1.1866724746339783,1.0496450961246397,-2.3546054362277973,-2.77,0.72,,0.0,0.7,326.0,-2.0,1485,1665
1141070922769766,commit,441096,True,edge commit: bounding box clipped by image edge,,,,1.1866724746339783,1.0496450961246397,-2.3546054362277973,-2.77,0.66,,0.0,0.7,326.0,-2.0,1485,1665
1141070942770669,commit,441096,True,edge commit: bounding box clipped by image edge,,,,1.1866724746339783,1.0496450961246397,-2.3546054362277973,-2.77,0.66,,0.0,0.7,326.0,-2.0,1485,1665
1141070962754782,commit,441096,True,edge commit: bounding box clipped by image edge,,,,1.1866724746339783,1.0496450961246397,-2.3546054362277973,-2.77,0.66,,0.0,0.7,326.0,-2.0,1485,1665
1141070982748600,commit,441096,True,edge commit: bounding box clipped by image edge,,,,1.1866724746339783,1.0496450961246397,-2.3546054362277973,-2.77,0.66,,0.0,0.7,326.0,-2.0,1485,1665
1141071002865459,commit,441096,True,edge commit: bounding box clipped by image edge,,,,1.1866724746339783,1.0496450961246397,-2.3546054362277973,-2.77,0.66,,0.0,0.7,326.0,-2.0,1485,1665
1141071022806061,commit,441096,True,edge commit: bounding box clipped by image edge,,,,1.1866724746339783,1.0496450961246397,-2.3546054362277973,-2.77,0.62,,0.0,0.7,326.0,-2.0,1485,1665
1141071042796006,commit,441096,True,edge commit: bounding box clipped by image edge,,,,1.1866724746339783,1.0496450961246397,-2.3546054362277973,-2.77,0.62,,0.0,0.7,326.0,-2.0,1485,1665
1141071062755908,commit,441096,True,edge commit: bounding box clipped by image edge,,,,1.1866724746339783,1.0496450961246397,-2.3546054362277973,-2.77,0.62,,0.0,0.7,326.0,-2.0,1485,1665
1141071082766590,commit,441096,True,edge commit: bounding box clipped by image edge,,,,1.1866724746339783,1.0496450961246397,-2.3546054362277973,-2.77,0.62,,0.0,0.7,326.0,-2.0,1485,1665
1141071102926291,commit,441096,True,edge commit: bounding box clipped by image edge,,,,1.1866724746339783,1.0496450961246397,-2.3546054362277973,-2.77,0.62,,0.1,0.7,328.0,-2.0,1485,1665
1141071122824288,commit,441096,True,edge commit: bounding box clipped by image edge,,,,1.1866724746339783,1.0496450961246397,-2.3546054362277973,-2.77,0.59,,0.1,0.7,328.0,-2.0,1485,1665
1141071142762787,commit,441096,True,edge commit: bounding box clipped by image edge,,,,1.1866724746339783,1.0496450961246397,-2.3546054362277973,-2.77,0.59,,0.1,0.7,328.0,-2.0,1485,1665
1141071162752362,commit,441096,True,edge commit: bounding box clipped by image edge,,,,1.1866724746339783,1.0496450961246397,-2.3546054362277973,-2.77,0.59,,0.1,0.7,328.0,-2.0,1485,1665
1141071182769706,commit,441096,True,edge commit: bounding box clipped by image edge,,,,1.1866724746339783,1.0496450961246397,-2.3546054362277973,-2.77,0.54,,0.1,0.7,328.0,-2.0,1485,1665
1141071202842070,commit,441096,True,edge commit: bounding box clipped by image edge,,,,1.1866724746339783,1.0496450961246397,-2.3546054362277973,-2.77,0.54,,0.1,0.7,328.0,-2.0,1485,1665
1141071222779757,commit,441096,True,edge commit: bounding box clipped by image edge,,,,1.1866724746339783,1.0496450961246397,-2.3546054362277973,-2.77,0.54,,0.1,0.7,328.0,-2.0,1485,1665
1141071242772142,commit,441096,True,edge commit: bounding box clipped by image edge,,,,1.1866724746339783,1.0496450961246397,-2.3546054362277973,-2.77,0.54,,0.1,0.7,328.0,-2.0,1485,1665
1141071262743850,commit,441096,True,edge commit: bounding box clipped by image edge,,,,1.1866724746339783,1.0496450961246397,-2.3546054362277973,-2.77,0.54,,0.1,0.7,328.0,-2.0,1485,1665
1141071282749763,commit,441096,True,edge commit: bounding box clipped by image edge,,,,1.1866724746339783,1.0496450961246397,-2.3546054362277973,-2.77,0.46,,0.1,0.7,328.0,-2.0,1485,1665
1141071302862556,commit,441096,True,edge commit: bounding box clipped by image edge,,,,1.1866724746339783,1.0496450961246397,-2.3546054362277973,-2.77,0.46,,0.1,0.7,328.0,-2.0,1485,1665
1141071322764912,commit,441096,True,edge commit: bounding box clipped by image edge,,,,1.1866724746339783,1.0496450961246397,-2.3546054362277973,-2.77,0.46,,0.1,0.7,328.0,-2.0,1485,1665
1141071342757517,commit,441096,True,edge commit: bounding box clipped by image edge,,,,1.1866724746339783,1.0496450961246397,-2.3546054362277973,-2.77,0.46,,0.1,0.7,328.0,-2.0,1485,1665
1141071362755453,commit,441096,True,edge commit: bounding box clipped by image edge,,,,1.1866724746339783,1.0496450961246397,-2.3546054362277973,-2.77,0.46,,0.1,0.7,328.0,-2.0,1485,1665
1141071382709432,commit,441096,True,edge commit: bounding box clipped by image edge,,,,1.1866724746339783,1.0496450961246397,-2.3546054362277973,-2.77,0.39,,0.1,0.7,328.0,-2.0,1485,1665
1141071402832458,commit,441096,True,edge commit: bounding box clipped by image edge,,,,1.1866724746339783,1.0496450961246397,-2.3546054362277973,-2.77,0.39,,0.1,0.7,328.0,-2.0,1485,1665
1141071422766566,commit,441096,True,edge commit: bounding box clipped by image edge,,,,1.1866724746339783,1.0496450961246397,-2.3546054362277973,-2.77,0.39,,0.1,0.7,328.0,-2.0,1485,1665
1141071442765657,commit,441096,True,edge commit: bounding box clipped by image edge,,,,1.1866724746339783,1.0496450961246397,-2.3546054362277973,-2.77,0.39,,0.1,0.7,328.0,-2.0,1485,1665
1141071462751489,commit,441096,True,edge commit: bounding box clipped by image edge,,,,1.1866724746339783,1.0496450961246397,-2.3546054362277973,-2.77,0.39,,0.1,0.7,328.0,-2.0,1485,1665
1141071482742446,commit,441096,True,edge commit: bounding box clipped by image edge,,,,1.1866724746339783,1.0496450961246397,-2.3546054362277973,-2.77,0.33,,0.1,0.7,328.0,-2.0,1485,1665
1141071502788265,commit,441096,True,edge commit: bounding box clipped by image edge,,,,1.1866724746339783,1.0496450961246397,-2.3546054362277973,-2.77,0.33,,0.1,0.7,328.0,-2.0,1485,1665
1141071522755021,commit,441096,True,edge commit: bounding box clipped by image edge,,,,1.1866724746339783,1.0496450961246397,-2.3546054362277973,-2.77,0.33,,0.1,0.7,328.0,-2.0,1485,1665
1141071542766830,commit,441096,True,edge commit: bounding box clipped by image edge,,,,1.1866724746339783,1.0496450961246397,-2.3546054362277973,-2.77,0.33,,0.1,0.7,328.0,-2.0,1485,1665
1141071562783642,commit,441096,True,edge commit: bounding box clipped by image edge,,,,1.1866724746339783,1.0496450961246397,-2.3546054362277973,-2.77,0.33,,0.1,0.7,328.0,-2.0,1485,1665
1141071582726336,commit,441096,True,edge commit: bounding box clipped by image edge,,,,1.1866724746339783,1.0496450961246397,-2.3546054362277973,-2.77,0.33,,0.1,0.7,328.0,-2.0,1485,1665
1141071602908859,commit,441096,True,edge commit: bounding box clipped by image edge,,,,1.1866724746339783,1.0496450961246397,-2.3546054362277973,-2.77,0.29,,0.1,0.7,328.0,-2.0,1485,1665
1141071622794931,commit,441096,True,edge commit: bounding box clipped by image edge,,,,1.1866724746339783,1.0496450961246397,-2.3546054362277973,-2.77,0.29,,0.1,0.7,328.0,-2.0,1485,1665
1141071642761689,commit,441096,True,edge commit: bounding box clipped by image edge,,,,1.1866724746339783,1.0496450961246397,-2.3546054362277973,-2.77,0.29,,-0.1,0.7,325.0,-2.0,1485,1665
1141071662790694,commit,441096,True,edge commit: bounding box clipped by image edge,,,,1.1866724746339783,1.0496450961246397,-2.3546054362277973,-2.77,0.29,,-0.1,0.7,325.0,-2.0,1485,1665
1141071682737579,commit,441096,True,edge commit: bounding box clipped by image edge,,,,1.1866724746339783,1.0496450961246397,-2.3546054362277973,-2.77,0.29,,-0.1,0.7,325.0,-2.0,1485,1665
1141071702881416,commit_timeout,,False,commit timeout,,,,0.0,,0.0,0.0,0.29,,-0.1,0.7,325.0,0.0,1500,1660
1141387874228909,track,450697,True,,,-0.63125,-0.42916666666666664,1.1477434987683468,,-1.7215549288996117,0.0,4.88,11.851851851851851,0.0,0.0,0.0,-7.334999999999999,1445,1639
1141387893608739,track,450698,True,,,-0.63125,-0.42916666666666664,1.1477434987683468,-13.338984891524833,-1.7215549288996117,0.0,4.88,12.307692307692308,0.0,0.0,0.0,-7.334999999999999,1445,1639
1141387913571634,track,450698,True,,,-0.63125,-0.42916666666666664,1.1477434987683468,-13.338984891524833,-1.7215549288996117,0.0,4.88,12.307692307692308,0.0,0.0,0.0,-7.334999999999999,1445,1639
1141387933565625,track,450699,True,,,-0.63125,-0.42916666666666664,1.1477434987683468,-11.004662535507986,-1.7215549288996117,0.08,4.9,12.307692307692308,0.0,0.0,0.0,-7.334999999999999,1445,1638
1141387953661095,track,450699,True,,,-0.63125,-0.42916666666666664,1.1477434987683468,-11.004662535507986,-1.7215549288996117,0.08,4.9,12.307692307692308,0.0,0.0,0.0,-7.334999999999999,1445,1638
1141387973633205,track,450700,True,,,-0.6296875,-0.43125,1.1478086194240387,-7.1530306480801915,-1.7293305967611425,0.08,4.9,12.307692307692308,0.0,0.0,0.0,-7.316249999999999,1445,1638
1141387993567561,track,450700,True,,,-0.6296875,-0.43125,1.1478086194240387,-7.1530306480801915,-1.7293305967611425,0.08,4.9,12.307692307692308,0.0,0.0,0.0,-7.316249999999999,1445,1638
1141388013533038,track,450701,True,,,-0.6296875,-0.43125,1.1478086194240387,-4.649469921252124,-1.7293305967611425,0.08,4.9,12.307692307692308,0.0,0.0,0.0,-7.316249999999999,1445,1638
1141388033575797,track,450702,True,,,-0.63125,-0.425,1.1606187463012316,-3.022155448813881,-1.705975979053021,0.13,4.91,12.307692307692308,0.0,0.0,0.0,-7.334999999999999,1445,1638
1141388053680102,track,450702,True,,,-0.63125,-0.425,1.1606187463012316,-3.022155448813881,-1.705975979053021,0.13,4.91,12.307692307692308,0.0,0.0,0.0,-7.334999999999999,1445,1638
1141388073583513,track,450703,True,,,-0.628125,-0.4041666666666667,1.2373720891273254,-1.9644010417290227,-1.6275353192119646,0.13,4.91,12.307692307692308,0.0,0.0,0.0,-7.2975,1446,1638
1141388093549527,track,450704,True,,,-0.625,-0.36666666666666664,1.3610848623089637,-1.2768606771238649,-1.484115748438545,0.13,4.91,12.307692307692308,0.0,0.0,0.0,-7.26,1446,1638
1141388113533305,track,450704,True,,,-0.625,-0.36666666666666664,1.3610848623089637,-1.2768606771238649,-1.484115748438545,0.13,4.91,12.307692307692308,0.0,0.0,0.0,-7.26,1446,1638
1141388133529890,track,450705,True,,,-0.621875,-0.31875,1.5064537952293504,-0.8299594401305121,-1.2969285684822316,0.13,4.91,12.307692307692308,0.0,0.0,0.0,-7.222499999999999,1446,1638
1141388153595031,track,450705,True,,,-0.621875,-0.31875,1.5064537952293504,-0.8299594401305121,-1.2969285684822316,0.13,4.91,12.307692307692308,0.0,0.0,0.0,-7.222499999999999,1446,1643
1141388173564430,track,450706,True,,,-0.6125,-0.26666666666666666,1.6793359185966235,-0.5394736360848329,-1.0889140090242535,0.13,4.91,12.307692307692308,0.0,0.0,0.0,-7.11,1447,1643
1141388193555631,track,450707,True,,,-0.6046875,-0.21666666666666667,1.825350357993415,-0.3506578634551414,-0.885313680215287,0.13,4.91,12.307692307692308,0.0,0.0,0.0,-7.01625,1448,1643
1141388213527939,track,450707,True,,,-0.6046875,-0.21666666666666667,1.825350357993415,-0.3506578634551414,-0.885313680215287,0.13,4.91,12.307692307692308,0.0,0.0,0.0,-7.01625,1448,1643
1141388233552375,track,450708,True,,,-0.59375,-0.17916666666666667,1.9495345190187239,-0.2279276112458419,-0.730473361121851,0.13,4.91,12.307692307692308,0.0,0.0,0.0,-6.885,1449,1643
1141388253578403,track,450709,True,,,-0.584375,-0.15,2.0439188910674364,-0.14815294730979725,-0.6089738653393261,0.11,4.91,12.307692307692308,0.0,0.0,0.0,-6.772499999999999,1449,1651
1141388273521845,track,450709,True,,,-0.584375,-0.15,2.0439188910674364,-0.14815294730979725,-0.6089738653393261,0.11,4.91,12.307692307692308,0.0,0.0,0.0,-6.772499999999999,1449,1651
1141388293560367,track,450710,True,,,-0.571875,-0.1375,2.1261032134213647,-0.09629941575136822,-0.5566549010723983,0.11,4.91,12.307692307692308,0.0,0.0,0.0,-6.6225000000000005,1451,1651
1141388313559243,track,450710,True,,,-0.571875,-0.1375,2.1261032134213647,-0.09629941575136822,-0.5566549010723983,0.11,4.91,12.307692307692308,0.0,0.0,0.0,-6.6225000000000005,1451,1651
1141388333605057,track,450711,True,,,-0.55625,-0.14166666666666666,2.20034610841239,-0.06259462023838934,-0.574109828615466,0.11,4.91,12.307692307692308,1.4,7.3,358.0,-6.4350000000000005,1452,1651
1141388353716308,track,450712,True,,,-0.540625,-0.15833333333333333,2.2536672146953856,-0.04068650315495307,-0.6437740274375423,0.08,4.92,12.307692307692308,1.4,7.3,358.0,-6.2475000000000005,1453,1651
1141388373549288,track,450712,True,,,-0.540625,-0.15833333333333333,2.2536672146953856,-0.04068650315495307,-0.6437740274375423,0.08,4.92,12.307692307692308,1.4,7.3,358.0,-6.2475000000000005,1453,1651
1141388393571127,track,450713,True,,,-0.525,-0.19166666666666668,2.2697919993681936,-0.026446227050719497,-0.7822703299648338,0.08,4.92,12.307692307692308,1.4,7.3,358.0,-6.0600000000000005,1455,1651
1141388413562811,track,450713,True,,,-0.525,-0.19166666666666668,2.2697919993681936,-0.026446227050719497,-0.7822703299648338,0.08,4.92,12.307692307692308,1.4,7.3,358.0,-6.0600000000000005,1455,1651
1141388433572070,track,450714,True,,,-0.509375,-0.23333333333333334,2.2515578111249623,-0.017190047582967674,-0.9535683254279079,0.09,4.94,12.307692307692308,1.4,7.3,358.0,-5.8725000000000005,1456,1647
1141388453733342,track,450715,True,,,-0.4921875,-0.2833333333333333,2.196101890553123,-0.011173530928928989,-1.1559604457668902,0.09,4.94,12.307692307692308,1.4,7.3,358.0,-5.66625,1458,1647
1141388473526836,track,450715,True,,,-0.4921875,-0.2833333333333333,2.196101890553123,-0.011173530928928989,-1.1559604457668902,0.09,4.94,12.307692307692308,1.4,7.3,358.0,-5.66625,1458,1647
1141388493561704,track,450716,True,,,-0.475,-0.33541666666666664,2.107276075305874,-0.007262795103803843,-1.3625159196153231,0.09,4.94,12.307692307692308,1.4,7.3,358.0,-5.459999999999999,1459,1647
1141388513564328,track,450716,True,,,-0.475,-0.33541666666666664,2.107276075305874,-0.007262795103803843,-1.3625159196153231,0.09,4.94,12.307692307692308,1.4,7.3,358.0,-5.459999999999999,1459,1647
1141388533573425,track,450717,True,,,-0.4578125,-0.3875,1.9931167658048923,-0.004720816817472498,-1.5641400660428086,0.15,4.97,12.307692307692308,1.4,7.3,358.0,-5.25375,1461,1639
1141388553647776,track,450718,True,,,-0.4390625,-0.43333333333333335,1.8874469411465433,-0.0030685309313571237,-1.7370970283544573,0.15,4.97,12.307692307692308,1.4,7.3,358.0,-5.0287500000000005,1462,1639
1141388573525368,track,450718,True,,,-0.4390625,-0.43333333333333335,1.8874469411465433,-0.0030685309313571237,-1.7370970283544573,0.15,4.97,12.307692307692308,1.4,7.3,358.0,-5.0287500000000005,1462,1639
1141388593564331,track,450719,True,,,-0.4171875,-0.4666666666666667,1.8276822183200938,-0.0019945451053821305,-1.8600854569738636,0.15,4.97,12.307692307692308,1.4,7.3,358.0,-4.7883166553825145,1464,1639
1141388613573225,track,450719,True,,,-0.4171875,-0.4666666666666667,1.8276822183200938,-0.0019945451053821305,-1.8600854569738636,0.15,4.97,12.307692307692308,1.4,7.3,358.0,-4.766249999999999,1464,1639
1141388633578116,track,450720,True,,,-0.3953125,-0.4895833333333333,1.8012576289304283,-0.0012964543184983848,-1.943219599640627,0.15,4.97,12.307692307692308,1.4,7.3,358.0,-4.526133382357656,1466,1639
1141388653634075,track,450721,True,,,-0.3703125,-0.49375,1.859633238707537,-0.0008426953070239502,-1.9582081639533324,0.15,4.97,12.307692307692308,1.4,7.3,358.0,-4.285593045540153,1468,1639
1141388673547659,track,450721,True,,,-0.3703125,-0.49375,1.859633238707537,-0.0008426953070239502,-1.9582081639533324,0.15,4.97,12.307692307692308,1.4,7.3,358.0,-4.203749999999999,1469,1639
1141388693563287,track,450722,True,,,-0.346875,-0.4791666666666667,1.9945634899756433,-0.0005477519495655676,-1.9055769641490912,0.15,4.97,12.307692307692308,1.4,7.3,358.0,-3.963588254190981,1470,1639
1141388713569536,track,450722,True,,,-0.346875,-0.4791666666666667,1.9945634899756433,-0.0005477519495655676,-1.9055769641490912,0.2,4.99,12.307692307692308,1.4,7.3,358.0,-3.9224999999999994,1471,1635
1141388733569361,track,450723,True,,,-0.321875,-0.45,2.2010738291048004,-0.00035603876721761895,-1.7988932207908985,0.2,4.99,12.307692307692308,1.4,7.3,358.0,-3.6824504878744477,1473,1635
1141388753597108,track,450724,True,,,-0.2984375,-0.4083333333333333,2.462799412147859,-0.00023142519869145232,-1.6432955681757782,0.2,4.99,12.307692307692308,1.4,7.3,358.0,-3.4422025788947934,1474,1635
1141388773540447,track,450724,True,,,-0.2984375,-0.4083333333333333,2.462799412147859,-0.00023142519869145232,-1.6432955681757782,0.2,4.99,12.307692307692308,1.4,7.3,358.0,-3.34125,1475,1635
1141388793542572,track,450725,True,,,-0.2765625,-0.35833333333333334,2.7603127465375965,-0.00015042637914944402,-1.4518693310626816,0.2,4.99,12.307692307692308,1.4,7.3,358.0,-3.1012592394277454,1477,1635
1141388813556081,track,450726,True,,,-0.25625,-0.30625,3.06220002060857,-9.777714644713862e-05,-1.2474170800040647,0.21,4.99,12.307692307692308,1.4,7.3,358.0,-2.8611334436014295,1479,1643
1141388833524178,track,450726,True,,,-0.25625,-0.30625,3.06220002060857,-9.777714644713862e-05,-1.2474170800040647,0.21,4.99,12.307692307692308,1.4,7.3,358.0,-2.835,1479,1643
1141388853559610,track,450727,True,,,-0.2390625,-0.25833333333333336,3.331785614730443,-6.35551451906401e-05,-1.0552301067724816,0.21,4.99,12.307692307692308,1.4,7.3,358.0,-2.62875,1480,1643
1141388873516145,track,450727,True,,,-0.2390625,-0.25833333333333336,3.331785614730443,-6.35551451906401e-05,-1.0552301067724816,0.21,4.99,12.307692307692308,1.4,7.3,358.0,-2.62875,1480,1643
1141388893557489,track,450728,True,,,-0.2234375,-0.21458333333333332,3.572168761711003,-4.131084437391607e-05,-0.8767562731960235,0.21,4.99,12.307692307692308,1.4,7.3,358.0,-2.44125,1482,1643
1141388913569455,track,450729,True,,,-0.2078125,-0.18333333333333332,3.756554142164212,-2.685204884304545e-05,-0.7477583690603076,0.21,4.99,12.307692307692308,-0.6,5.1,347.0,-2.25375,1483,1643
1141388933580014,track,450729,True,,,-0.2078125,-0.18333333333333332,3.756554142164212,-2.685204884304545e-05,-0.7477583690603076,0.21,4.99,12.307692307692308,-0.6,5.1,347.0,-2.25375,1483,1643
1141388953747379,track,450730,True,,,-0.1953125,-0.1625,3.885751760393069,-1.7453831747979543e-05,-0.6611491201073803,0.19,4.99,12.307692307692308,-0.6,5.1,347.0,-2.1037500000000002,1484,1650
1141388973623186,track,450730,True,,,-0.1953125,-0.1625,3.885751760393069,-1.7453831747979543e-05,-0.6611491201073803,0.19,4.99,12.307692307692308,-0.6,5.1,347.0,-2.1037500000000002,1484,1650
1141388993546245,track,450731,True,,,-0.1859375,-0.15416666666666667,3.954837633137904,-1.1344990636186702e-05,-0.6263821383667637,0.19,4.99,12.307692307692308,-0.6,5.1,347.0,-1.9912500000000002,1485,1650
1141389013568900,track,450732,True,,,-0.1765625,-0.15625,3.9845850271024355,-7.374243913521356e-06,-0.6350801567289133,0.19,4.99,12.307692307692308,-0.6,5.1,347.0,-1.8787500000000001,1486,1650
1141389033518460,track,450732,True,,,-0.1765625,-0.15625,3.9845850271024355,-7.374243913521356e-06,-0.6350801567289133,0.19,4.99,12.307692307692308,-0.6,5.1,347.0,-1.8787500000000001,1486,1650
1141389053572148,track,450733,True,,,-0.1703125,-0.17083333333333334,3.950542015513502,-4.793258543788882e-06,-0.695847278255302,0.15,5.0,12.307692307692308,-0.6,5.1,347.0,-1.8037500000000002,1487,1650
1141389073543890,track,450733,True,,,-0.1703125,-0.17083333333333334,3.950542015513502,-4.793258543788882e-06,-0.695847278255302,0.15,5.0,12.307692307692308,-0.6,5.1,347.0,-1.8037500000000002,1487,1650
1141389093542659,track,450734,True,,,-0.165625,-0.1875,3.896892877414239,-3.1156180534627735e-06,-0.7650241569954931,0.15,5.0,12.307692307692308,-0.6,5.1,347.0,-1.7475,1487,1650
1141389113547374,track,450735,True,,,-0.1625,-0.20625,3.823807126710437,-2.025151734750803e-06,-0.8424718288720041,0.15,5.0,12.307692307692308,-0.6,5.1,347.0,-1.7100000000000002,1487,1650
1141389133525043,track,450735,True,,,-0.1625,-0.20625,3.823807126710437,-2.025151734750803e-06,-0.8424718288720041,0.15,5.0,12.307692307692308,-0.6,5.1,347.0,-1.7100000000000002,1487,1650
1141389153666909,track,450736,True,,,-0.1609375,-0.22291666666666668,3.7514356291203685,-1.316348627588022e-06,-0.9109522618681677,0.1,5.0,12.8,-0.6,5.1,347.0,-1.6912500000000001,1487,1648
1141389173564104,track,450736,True,,,-0.1609375,-0.22291666666666668,3.7514356291203685,-1.316348627588022e-06,-0.9109522618681677,0.1,5.0,12.8,-0.6,5.1,347.0,-1.6912500000000001,1487,1648
1141389193530112,track,450737,True,,,-0.1640625,-0.23541666666666666,3.682691373073357,-8.556266079322144e-07,-0.9620738903951824,0.1,5.0,12.8,-0.6,5.1,347.0,-1.7287500000000002,1487,1648
1141389213550123,track,450738,True,,,-0.1671875,-0.23958333333333334,3.653454085597611,-5.561572951559394e-07,-0.9790670107603141,0.1,5.0,12.8,-0.6,5.1,347.0,-1.7662499999999999,1487,1648
1141389233526364,track,450738,True,,,-0.1671875,-0.23958333333333334,3.653454085597611,-5.561572951559394e-07,-0.9790670107603141,0.06,5.0,12.8,-0.6,5.1,347.0,-1.7662499999999999,1487,1648
1141389253592733,track,450739,True,,,-0.1734375,-0.23958333333333334,3.634496685604877,-3.615022418513606e-07,-0.9790670107603141,0.06,5.0,12.8,-0.6,5.1,347.0,-1.84125,1486,1648
1141389273556282,track,450739,True,,,-0.1734375,-0.23958333333333334,3.634496685604877,-3.615022418513606e-07,-0.9790670107603141,0.06,5.0,12.8,-0.6,5.1,347.0,-1.84125,1486,1648
1141389293557848,track,450740,True,,,-0.1828125,-0.23125,3.6435688810070115,-2.3497645720338438e-07,-0.9450568173135225,0.06,5.0,12.8,-0.6,5.1,347.0,-1.9537499999999999,1485,1648
1141389313666851,track,450741,True,,,-0.1921875,-0.22083333333333333,3.658923409193614,-1.5273469718219984e-07,-0.9024117210781307,0.06,5.0,12.8,-0.6,5.1,347.0,-2.06625,1485,1648
1141389333572923,track,450741,True,,,-0.1921875,-0.22083333333333333,3.658923409193614,-1.5273469718219984e-07,-0.9024117210781307,0.06,5.0,12.8,-0.6,5.1,347.0,-2.06625,1485,1648
1141389353598890,track,450742,True,,,-0.2046875,-0.20625,3.6765983672202713,-9.92775531684299e-08,-0.842471828872004,0.02,5.0,12.8,-0.6,5.1,347.0,-2.21625,1483,1650
1141389373837064,track,450742,True,,,-0.2046875,-0.20625,3.6765983672202713,-9.92775531684299e-08,-0.842471828872004,0.02,5.0,12.8,-0.6,5.1,347.0,-2.21625,1483,1650
1141389393577376,track,450743,True,,,-0.215625,-0.18958333333333333,3.7015111070842157,-6.453040955947943e-08,-0.7736497199315174,0.02,5.0,12.8,-0.6,5.1,347.0,-2.3475,1482,1650
1141389413553696,track,450744,True,,,-0.228125,-0.175,3.704837243609895,-4.194476621366163e-08,-0.7131695307861436,0.02,5.0,12.8,-0.6,5.1,347.0,-2.4975,1481,1650
1141389433514988,track,450744,True,,,-0.228125,-0.175,3.704837243609895,-4.194476621366163e-08,-0.7131695307861436,0.02,5.0,12.8,-0.6,5.1,347.0,-2.4975,1481,1650
1141389453605310,track,450745,True,,,-0.240625,-0.1625,3.694175709223415,-2.7264098038880063e-08,-0.6611491201073803,0.02,5.0,12.307692307692308,-0.2,6.3,347.0,-2.6475,1480,1650
1141389473633207,track,450745,True,,,-0.240625,-0.1625,3.694175709223415,-2.7264098038880063e-08,-0.6611491201073803,0.0,5.0,12.307692307692308,-0.2,6.3,347.0,-2.6475,1480,1652
1141389493566266,track,450746,True,,,-0.253125,-0.15416666666666667,3.6650633126729537,-1.772166372527204e-08,-0.6263821383667637,0.0,5.0,12.307692307692308,-0.2,6.3,347.0,-2.7975,1479,1652
1141389513556930,track,450747,True,,,-0.265625,-0.15208333333333332,3.6144271992911947,-1.1519081421426827e-08,-0.6176800239795833,0.0,5.0,12.307692307692308,-0.2,6.3,347.0,-2.9475000000000002,1478,1652
1141389533526590,track,450747,True,,,-0.265625,-0.15208333333333332,3.6144271992911947,-1.1519081421426827e-08,-0.6176800239795833,0.0,5.0,12.307692307692308,-0.2,6.3,347.0,-2.9475000000000002,1478,1652
1141389553567212,track,450748,True,,,-0.278125,-0.15416666666666667,3.550837191640059,-7.487402923927437e-09,-0.6263821383667637,0.0,5.0,12.307692307692308,-0.2,6.3,347.0,-3.0975,1477,1652
1141389573566097,track,450748,True,,,-0.278125,-0.15416666666666667,3.550837191640059,-7.487402923927437e-09,-0.6263821383667637,0.0,5.0,12.307692307692308,-0.2,6.3,347.0,-3.0975,1477,1652
1141389593576046,track,450749,True,,,-0.2875,-0.16041666666666668,3.489589998851317,-4.866811900552834e-09,-0.6524636990092567,0.0,5.0,12.307692307692308,-0.2,6.3,347.0,-3.2099999999999995,1476,1652
1141389613569543,track,450750,True,,,-0.296875,-0.17083333333333334,3.416126087004296,-3.163427735359342e-09,-0.695847278255302,0.0,5.0,12.307692307692308,-0.2,6.3,347.0,-3.3225,1475,1652
1141389633517665,track,450750,True,,,-0.296875,-0.17083333333333334,3.416126087004296,-3.163427735359342e-09,-0.695847278255302,0.0,5.0,12.307692307692308,-0.2,6.3,347.0,-3.3225,1475,1652
1141389653566231,track,450751,True,,,-0.30625,-0.18333333333333332,3.3359971222820803,-2.0562280279835725e-09,-0.7477583690603076,0.0,5.0,12.307692307692308,-0.2,6.3,347.0,-3.435,1474,1652
1141389673545487,track,450752,True,,,-0.3140625,-0.2,3.2490896113462306,-1.3365482181893221e-09,-0.8167022646512232,0.0,5.0,12.307692307692308,-0.2,6.3,347.0,-3.52875,1474,1650
1141389693550520,track,450752,True,,,-0.3140625,-0.2,3.2490896113462306,-1.3365482181893221e-09,-0.8167022646512232,0.0,5.0,12.307692307692308,-0.2,6.3,347.0,-3.52875,1474,1650
1141389713538019,track,450753,True,,,-0.31875,-0.2125,3.1880111487124165,-8.687563418230594e-10,-0.8681933374663651,0.0,5.0,12.307692307692308,-0.2,6.3,347.0,-3.5849999999999995,1473,1650
1141389733563593,track,450753,True,,,-0.31875,-0.2125,3.1880111487124165,-8.687563418230594e-10,-0.8681933374663651,0.0,5.0,12.307692307692308,-0.2,6.3,347.0,-3.5849999999999995,1473,1650
1141389753587243,track,450754,True,,,-0.3234375,-0.22916666666666666,3.1118432110591,-5.646916221849886e-10,-0.9365394113299964,0.0,5.0,12.307692307692308,-0.2,6.3,347.0,-3.6412499999999994,1473,1650
1141389773560930,track,450755,True,,,-0.325,-0.23958333333333334,3.069124162965168,-3.670495544202426e-10,-0.9790670107603141,0.0,5.0,12.307692307692308,-0.2,6.3,347.0,-3.66,1473,1650
1141389793524291,track,450755,True,,,-0.325,-0.23958333333333334,3.069124162965168,-3.670495544202426e-10,-0.9790670107603141,0.0,5.0,12.307692307692308,-0.2,6.3,347.0,-3.66,1473,1648
1141389813552423,track,450756,True,,,-0.325,-0.25,3.0321058719175404,-2.385822103731577e-10,-1.0214426752509265,0.0,5.0,12.307692307692308,-0.2,6.3,347.0,-3.66,1473,1648
1141389833552736,track,450756,True,,,-0.325,-0.25,3.0321058719175404,-2.385822103731577e-10,-1.0214426752509265,0.0,5.0,12.307692307692308,-0.2,6.3,347.0,-3.66,1473,1648
1141389853597745,track,450757,True,,,-0.321875,-0.25833333333333336,3.014565798874177,-1.550784367425525e-10,-1.0552301067724816,0.0,5.0,12.307692307692308,-0.2,6.3,347.0,-3.6225,1473,1648
1141389873565047,track,450758,True,,,-0.315625,-0.2625,3.024295411332594,-1.0080098388265913e-10,-1.0720851696109106,0.0,5.0,12.307692307692308,-0.2,6.3,347.0,-3.5474999999999994,1474,1648
1141389893516981,track,450758,True,,,-0.315625,-0.2625,3.024295411332594,-1.0080098388265913e-10,-1.0720851696109106,0.0,5.0,12.307692307692308,-0.2,6.3,347.0,-3.5474999999999994,1474,1648
1141389913554404,track,450759,True,,,-0.309375,-0.2625,3.049271288364756,-6.552063952372843e-11,-1.0720851696109106,0.0,5.0,12.307692307692308,-0.2,6.3,347.0,-3.4725,1474,1647
1141389933495216,track,450759,True,,,-0.309375,-0.2625,3.049271288364756,-6.552063952372843e-11,-1.0720851696109106,0.0,5.0,12.307692307692308,-0.2,6.3,347.0,-3.4725,1474,1647
1141389953544752,track,450760,True,,,-0.2984375,-0.2625,3.092468396284052,-4.258841569042348e-11,-1.0720851696109106,0.0,5.0,12.307692307692308,-0.2,6.3,347.0,-3.34125,1475,1647
1141389973563361,track,450761,True,,,-0.2875,-0.2604166666666667,3.1432226552537266,-2.7682470198775265e-11,-1.0636608949316537,0.0,5.0,12.307692307692308,-0.2,6.3,347.0,-3.2099999999999995,1476,1647
1141389993590852,track,450761,True,,,-0.2875,-0.2604166666666667,3.1432226552537266,-2.7682470198775265e-11,-1.0636608949316537,0.0,5.0,12.307692307692308,-0.2,6.3,347.0,-3.2099999999999995,1476,1647
1141390013575249,track,450762,True,,,-0.275,-0.25625,3.2078667149254705,-1.7993605629203923e-11,-1.0467928477725659,0.0,5.0,12.307692307692308,0.1,4.3,348.0,-3.06,1477,1647
1141390033543227,track,450762,True,,,-0.275,-0.25625,3.2078667149254705,-1.7993605629203923e-11,-1.0467928477725659,0.0,5.0,12.307692307692308,0.1,4.3,348.0,-3.06,1477,1647
1141390053668557,track,450763,True,,,-0.259375,-0.2520833333333333,3.283886313647378,-1.169584365898255e-11,-1.0298990888517787,0.0,5.0,11.851851851851851,0.1,4.3,348.0,-2.8725000000000005,1479,1648
1141390073530968,track,450764,True,,,-0.24375,-0.25,3.3503292684533466,-7.602298378338657e-12,-1.021442675250927,0.0,5.0,11.851851851851851,0.1,4.3,348.0,-2.685,1480,1648
1141390093530725,track,450764,True,,,-0.24375,-0.25,3.3503292684533466,-7.602298378338657e-12,-1.021442675250927,0.0,5.0,11.851851851851851,0.1,4.3,348.0,-2.685,1480,1648
1141390113529693,track,450765,True,,,-0.228125,-0.24583333333333332,3.4243412015797525,-4.941493945920127e-12,-1.0045109971160813,0.0,5.0,11.851851851851851,0.1,4.3,348.0,-2.4975,1481,1648
1141390133562577,track,450766,True,,,-0.209375,-0.24375,3.498778901174536,-3.211971064848083e-12,-0.9960358201360411,0.0,5.0,11.851851851851851,0.1,4.3,348.0,-2.2725,1483,1648
1141390153517082,track,450766,True,,,-0.209375,-0.24375,3.498778901174536,-3.211971064848083e-12,-0.9960358201360411,0.0,5.0,11.851851851851851,0.1,4.3,348.0,-2.2725,1483,1648
1141390173545416,track,450767,True,,,-0.190625,-0.24375,3.560994064622058,-2.087781192151254e-12,-0.9960358201360411,0.0,5.0,11.851851851851851,0.1,4.3,348.0,-2.0475,1485,1648
1141390193496538,track,450767,True,,,-0.190625,-0.24375,3.560994064622058,-2.087781192151254e-12,-0.9960358201360411,0.0,5.0,11.851851851851851,0.1,4.3,348.0,-2.0475,1485,1648
1141390213553454,track,450768,True,,,-0.175,-0.24166666666666667,3.619876336068711,-1.3570577748983152e-12,-0.9875544765893987,0.0,5.0,12.307692307692308,0.1,4.3,348.0,-1.8599999999999999,1486,1648
1141390233549371,track,450769,True,,,-0.15625,-0.23958333333333334,3.6854861910315972,-8.820875536839048e-13,-0.9790670107603141,0.0,5.02,11.851851851851851,0.1,4.3,348.0,-1.6350000000000002,1488,1648
1141390253518270,track,450769,True,,,-0.15625,-0.23958333333333334,3.6854861910315972,-8.820875536839048e-13,-0.9790670107603141,0.0,5.02,11.851851851851851,0.1,4.3,348.0,-1.6350000000000002,1488,1648
1141390273552708,track,450770,True,,,-0.1390625,-0.2375,3.7431169184401165,-5.733569098945381e-13,-0.9705734671339095,0.0,5.02,11.851851851851851,0.1,4.3,348.0,-1.42875,1489,1648
1141390293531650,track,450770,True,,,-0.1390625,-0.2375,3.7431169184401165,-5.733569098945381e-13,-0.9705734671339095,0.0,5.02,11.851851851851851,0.1,4.3,348.0,-1.42875,1489,1648
1141390313589711,track,450771,True,,,-0.121875,-0.23125,3.818524540777058,-3.7268199143144977e-13,-0.9450568173135225,0.0,5.02,11.851851851851851,0.1,4.3,348.0,-1.2225,1491,1648
1141390333558587,track,450772,True,,,-0.10625,-0.22708333333333333,3.876568732395404,-2.4224329443044236e-13,-0.9280161529506902,0.06,5.06,11.851851851851851,0.1,4.3,348.0,-1.035,1492,1648
1141390353642901,track,450772,True,,,-0.10625,-0.22708333333333333,3.876568732395404,-2.4224329443044236e-13,-0.9280161529506902,0.06,5.06,11.851851851851851,0.1,4.3,348.0,-1.035,1492,1648
1141390373583735,track,450773,True,,,-0.09375,-0.21875,3.9472671413558267,-1.5745814137978755e-13,-0.8938655117162846,0.06,5.06,11.851851851851851,0.1,4.3,348.0,-0.885,1493,1648
1141390393549627,track,450773,True,,,-0.09375,-0.21875,3.9472671413558267,-1.5745814137978755e-13,-0.8938655117162846,0.06,5.06,11.851851851851851,0.1,4.3,348.0,-0.885,1493,1648
1141390413562140,track,450774,True,,,-0.0796875,-0.21041666666666667,4.0194023608732605,-1.0234779189686191e-13,-0.8596249200199103,0.06,5.06,11.851851851851851,0.1,4.3,348.0,-0.7162499999999998,1495,1648
1141390433580959,track,450775,True,,,-0.06875,-0.20208333333333334,4.083903824214672,-6.652606473296024e-14,-0.8252973793669864,0.06,5.06,11.851851851851851,0.1,4.3,348.0,-0.585,1496,1648
1141390453599395,track,450775,True,,,-0.06875,-0.20208333333333334,4.083903824214672,-6.652606473296024e-14,-0.8252973793669864,0.06,5.06,11.851851851851851,0.1,4.3,348.0,-0.585,1496,1648
1141390473557577,track,450776,True,,,-0.059375,-0.18958333333333333,4.1673209388588965,-4.3241942076424155e-14,-0.7736497199315174,0.14,5.07,11.851851851851851,0.1,4.3,348.0,-0.4724999999999999,1496,1649
1141390493582857,track,450776,True,,,-0.059375,-0.18958333333333333,4.1673209388588965,-4.3241942076424155e-14,-0.7736497199315174,0.14,5.07,11.851851851851851,0.1,4.3,348.0,-0.4724999999999999,1496,1649
1141390513586938,track,450777,True,,,-0.0515625,-0.18125,4.224752342022531,-2.81072623496757e-14,-0.7391182428025167,0.14,5.07,11.851851851851851,0.1,4.3,348.0,-0.3787499999999999,1497,1649
1141390533534699,track,450778,True,,,-0.0453125,-0.17291666666666666,4.279295930816164,-1.8269720527289208e-14,-0.7045106821823838,0.14,5.07,11.851851851851851,0.1,4.3,348.0,-0.30374999999999996,1498,1649
1141390553556723,track,450778,True,,,-0.0453125,-0.17291666666666666,4.279295930816164,-1.8269720527289208e-14,-0.7045106821823838,0.14,5.07,11.851851851851851,0.1,4.3,348.0,-0.30374999999999996,1498,1649
1141390573570553,track,450779,True,,,-0.0421875,-0.16458333333333333,4.329353273680282,-1.1875318342737986e-14,-0.6698302395435624,0.14,5.07,11.851851851851851,0.1,4.3,348.0,-0.26625000000000004,1498,1649
1141390593594289,track,450779,True,,,-0.0421875,-0.16458333333333333,4.329353273680282,-1.1875318342737986e-14,-0.6698302395435624,0.14,5.07,11.851851851851851,-0.2,7.0,340.0,-0.26625000000000004,1498,1649
1141390613632095,track,450780,True,,,-0.040625,-0.15625,4.377254289111619,-7.718956922779691e-15,-0.6350801567289134,0.16,5.08,11.851851851851851,-0.2,7.0,340.0,-0.2475,1498,1650
1141390633553298,track,450781,True,,,-0.0421875,-0.15208333333333332,4.397939411336025,-5.0173219998068e-15,-0.6176800239795832,0.16,5.08,11.851851851851851,-0.2,7.0,340.0,-0.26625000000000004,1498,1650
1141390653746540,track,450781,True,,,-0.0421875,-0.15208333333333332,4.397939411336025,-5.0173219998068e-15,-0.6176800239795832,0.16,5.08,11.851851851851851,-0.2,7.0,340.0,-0.26625000000000004,1498,1650
1141390673586255,track,450782,True,,,-0.0453125,-0.14791666666666667,4.415986019313443,-3.26125929987442e-15,-0.6002637143597657,0.16,5.08,11.851851851851851,-0.2,7.0,340.0,-0.30374999999999996,1498,1650
1141390693592634,track,450782,True,,,-0.0453125,-0.14791666666666667,4.415986019313443,-3.26125929987442e-15,-0.6002637143597657,0.16,5.08,11.851851851851851,-0.2,7.0,340.0,-0.30374999999999996,1498,1650
1141390713569129,track,450783,True,,,-0.0484375,-0.14583333333333334,4.422207138165328,-2.119818544918373e-15,-0.5915496230948409,0.16,5.08,11.851851851851851,-0.2,7.0,340.0,-0.34125,1497,1650
1141390733557641,track,450784,True,,,-0.0546875,-0.14583333333333334,4.4111927711532966,-1.3778820541969426e-15,-0.5915496230948409,0.16,5.08,11.851851851851851,-0.2,7.0,340.0,-0.41624999999999995,1497,1650
1141390753641158,track,450784,True,,,-0.0546875,-0.14583333333333334,4.4111927711532966,-1.3778820541969426e-15,-0.5915496230948409,0.16,5.08,11.851851851851851,-0.2,7.0,340.0,-0.41624999999999995,1497,1650
1141390773556313,track,450785,True,,,-0.0640625,-0.14583333333333334,4.392507158149525,-8.956233352280127e-16,-0.5915496230948409,0.13,5.08,11.428571428571429,-0.2,7.0,340.0,-0.5287499999999998,1496,1651
1141390793609365,track,450785,True,,,-0.0640625,-0.14583333333333334,4.392507158149525,-8.956233352280127e-16,-0.5915496230948409,0.13,5.08,11.428571428571429,-0.2,7.0,340.0,-0.5287499999999998,1496,1651
1141390813548321,track,450786,True,,,-0.0734375,-0.14583333333333334,4.371376269197807,-5.821551678982083e-16,-0.5915496230948409,0.13,5.08,11.428571428571429,-0.2,7.0,340.0,-0.64125,1495,1651
1141390833541282,track,450787,True,,,-0.0828125,-0.14375,4.358268000498907,-3.784008591338354e-16,-0.5828316437369886,0.13,5.08,11.428571428571429,-0.2,7.0,340.0,-0.7537499999999999,1494,1651
1141390853654413,track,450787,True,,,-0.0828125,-0.14375,4.358268000498907,-3.784008591338354e-16,-0.5828316437369886,0.13,5.08,11.428571428571429,-0.2,7.0,340.0,-0.7537499999999999,1494,1651
1141390873533006,track,450788,True,,,-0.0953125,-0.14166666666666666,4.333347325285276,-2.45960558436993e-16,-0.5741098286154659,0.11,5.08,11.428571428571429,-0.2,7.0,340.0,-0.9037499999999998,1493,1652
1141390893598198,track,450788,True,,,-0.0953125,-0.14166666666666666,4.333347325285276,-2.45960558436993e-16,-0.5741098286154659,0.11,5.08,11.428571428571429,-0.2,7.0,340.0,-0.9037499999999998,1493,1652
1141390913526452,track,450789,True,,,-0.1078125,-0.14166666666666666,4.294840451358312,-1.5987436298404547e-16,-0.5741098286154659,0.11,5.08,11.428571428571429,-0.2,7.0,340.0,-1.05375,1492,1652
1141390933547899,track,450790,True,,,-0.1203125,-0.1375,4.271466031082325,-1.0391833593962955e-16,-0.5566549010723983,0.11,5.08,11.428571428571429,-0.2,7.0,340.0,-1.2037499999999999,1491,1652
1141390953562604,track,450790,True,,,-0.1203125,-0.1375,4.271466031082325,-1.0391833593962955e-16,-0.5566549010723983,0.11,5.08,11.428571428571429,-0.2,7.0,340.0,-1.2037499999999999,1491,1652
1141390973555336,track,450791,True,,,-0.134375,-0.1375,4.2209270129417895,-6.754691836075921e-17,-0.5566549010723983,0.09,5.08,11.428571428571429,-0.2,7.0,340.0,-1.3724999999999998,1490,1652
1141390993602695,track,450791,True,,,-0.134375,-0.1375,4.2209270129417895,-6.754691836075921e-17,-0.5566549010723983,0.09,5.08,11.428571428571429,-0.2,7.0,340.0,-1.3724999999999998,1490,1652
1141391013570070,track,450792,True,,,-0.146875,-0.13541666666666666,4.181813701416398,-4.390549693449349e-17,-0.5479218939782171,0.09,5.08,11.428571428571429,-0.2,7.0,340.0,-1.5225000000000002,1489,1652
1141391033677124,track,450793,True,,,-0.1625,-0.13541666666666666,4.119618360953066,-2.853857300742077e-17,-0.5479218939782171,0.09,5.08,11.428571428571429,-0.2,7.0,340.0,-1.7100000000000002,1487,1652
1141391053551084,track,450793,True,,,-0.1625,-0.13541666666666666,4.119618360953066,-2.853857300742077e-17,-0.5479218939782171,0.09,5.08,11.428571428571429,-0.2,7.0,340.0,-1.7100000000000002,1487,1652
1141391073596377,track,450794,True,,,-0.171875,-0.1375,4.073569981322803,-1.85500724548235e-17,-0.5566549010723983,0.05,5.08,11.428571428571429,-0.2,7.0,340.0,-1.8225000000000002,1486,1653
1141391093625628,track,450794,True,,,-0.171875,-0.1375,4.073569981322803,-1.85500724548235e-17,-0.5566549010723983,0.05,5.08,11.428571428571429,-0.2,7.0,340.0,-1.8225000000000002,1486,1653
1141391113561900,track,450795,True,,,-0.184375,-0.1375,4.021222842189967,-1.2057547095635276e-17,-0.5566549010723983,0.05,5.08,11.428571428571429,-0.2,7.0,340.0,-1.9725000000000001,1485,1653
1141391133531742,track,450796,True,,,-0.1953125,-0.14375,3.953103209532932,-7.83740561216293e-18,-0.5828316437369886,0.05,5.08,11.03448275862069,0.0,8.0,345.0,-2.1037500000000002,1484,1653
1141391153548500,track,450796,True,,,-0.1953125,-0.14375,3.953103209532932,-7.83740561216293e-18,-0.5828316437369886,0.02,5.08,11.03448275862069,0.0,8.0,345.0,-2.1037500000000002,1484,1653
1141391173563747,track,450797,True,,,-0.2046875,-0.14791666666666667,3.8987432318719164,-5.094313647905905e-18,-0.6002637143597657,0.02,5.08,11.03448275862069,0.0,8.0,345.0,-2.21625,1483,1653
1141391193534202,track,450798,True,,,-0.2125,-0.15625,3.8367140995264717,-3.3113038711388383e-18,-0.6350801567289133,0.02,5.08,11.03448275862069,0.0,8.0,345.0,-2.31,1483,1653
1141391213530647,track,450798,True,,,-0.2125,-0.15625,3.8367140995264717,-3.3113038711388383e-18,-0.6350801567289133,0.02,5.08,11.03448275862069,0.0,8.0,345.0,-2.31,1483,1653
1141391233526312,track,450799,True,,,-0.2203125,-0.16458333333333333,3.7745415781957807,-2.1523475162402448e-18,-0.6698302395435625,0.02,5.08,11.03448275862069,0.0,8.0,345.0,-2.40375,1482,1653
1141391253530219,track,450799,True,,,-0.2203125,-0.16458333333333333,3.7745415781957807,-2.1523475162402448e-18,-0.6698302395435625,0.02,5.08,11.03448275862069,0.0,8.0,345.0,-2.40375,1482,1653
1141391273538372,track,450800,True,,,-0.2234375,-0.17708333333333334,3.7168229753420157,-1.3990258855561593e-18,-0.7218237738013069,0.0,5.08,11.03448275862069,0.0,8.0,345.0,-2.44125,1482,1651
1141391293544099,track,450801,True,,,-0.2265625,-0.18541666666666667,3.6733615248766536,-9.093668256115035e-19,-0.7563936902759751,0.0,5.08,11.03448275862069,0.0,8.0,345.0,-2.4787500000000002,1482,1651
1141391313569254,track,450801,True,,,-0.2265625,-0.18541666666666667,3.6733615248766536,-9.093668256115035e-19,-0.7563936902759751,0.0,5.08,11.03448275862069,0.0,8.0,345.0,-2.4787500000000002,1482,1651
1141391333554415,track,450802,True,,,-0.228125,-0.19791666666666666,3.6198418637388374,-5.910884366474773e-19,-0.8081019540083646,0.0,5.08,11.03448275862069,0.0,8.0,345.0,-2.4975,1481,1651
1141391353753012,track,450802,True,,,-0.228125,-0.19791666666666666,3.6198418637388374,-5.910884366474773e-19,-0.8081019540083646,0.0,5.08,11.03448275862069,0.0,8.0,345.0,-2.4975,1481,1651
1141391373585323,track,450803,True,,,-0.2265625,-0.20833333333333334,3.585286383677819,-3.842074838208603e-19,-0.8510510680347148,0.0,5.08,11.03448275862069,0.0,8.0,345.0,-2.4787500000000002,1482,1651
1141391393598368,track,450804,True,,,-0.2234375,-0.22083333333333333,3.546618807120205,-2.497348644835592e-19,-0.9024117210781307,0.0,5.08,11.03448275862069,0.0,8.0,345.0,-2.44125,1482,1649
1141391413574821,track,450804,True,,,-0.2234375,-0.22083333333333333,3.546618807120205,-2.497348644835592e-19,-0.9024117210781307,0.0,5.08,11.03448275862069,0.0,8.0,345.0,-2.44125,1482,1649
1141391433551230,track,450805,True,,,-0.2203125,-0.22916666666666666,3.52338223143133,-1.6232766191431349e-19,-0.9365394113299965,0.0,5.08,10.666666666666666,0.0,8.0,345.0,-2.40375,1482,1649
1141391453545338,track,450806,True,,,-0.2140625,-0.2375,3.51000278779354,-1.0551298024430377e-19,-0.9705734671339095,0.0,5.08,10.666666666666666,0.0,8.0,345.0,-2.32875,1483,1649
1141391473539634,track,450806,True,,,-0.2140625,-0.2375,3.51000278779354,-1.0551298024430377e-19,-0.9705734671339095,0.0,5.08,10.666666666666666,0.0,8.0,345.0,-2.32875,1483,1649
1141391493567788,track,450807,True,,,-0.20625,-0.24166666666666667,3.5186625114881527,-6.858343715879746e-20,-0.9875544765893988,0.0,5.08,10.666666666666666,0.0,8.0,345.0,-2.235,1483,1649
1141391513556034,track,450807,True,,,-0.20625,-0.24166666666666667,3.5186625114881527,-6.858343715879746e-20,-0.9875544765893988,0.0,5.08,10.666666666666666,0.0,8.0,345.0,-2.235,1483,1649
1141391533575258,track,450808,True,,,-0.196875,-0.24583333333333332,3.5311710585410414,-4.457923415321835e-20,-1.004510997116081,0.0,5.08,10.666666666666666,0.0,8.0,345.0,-2.1225,1484,1649
1141391553624480,track,450808,True,,,-0.196875,-0.24583333333333332,3.5311710585410414,-4.457923415321835e-20,-1.004510997116081,0.0,5.08,10.666666666666666,0.0,8.0,345.0,-2.1225,1484,1649
1141391573560589,track,450809,True,,,-0.184375,-0.25,3.551749489938585,-2.897650219959193e-20,-1.021442675250927,0.0,5.08,10.666666666666666,0.0,8.0,345.0,-1.9725000000000001,1485,1648
1141391593569442,track,450810,True,,,-0.171875,-0.2520833333333333,3.5796611618489487,-1.8834726429734755e-20,-1.029899088851779,0.0,5.08,10.666666666666666,0.0,8.0,345.0,-1.8225000000000002,1486,1648
1141391613539413,track,450810,True,,,-0.171875,-0.2520833333333333,3.5796611618489487,-1.8834726429734755e-20,-1.029899088851779,0.0,5.08,10.666666666666666,0.0,8.0,345.0,-1.8225000000000002,1486,1648
1141391633555836,track,450811,True,,,-0.159375,-0.2520833333333333,3.6155301592123696,-1.2242572179327591e-20,-1.029899088851779,0.0,5.08,10.666666666666666,0.0,8.0,345.0,-1.6724999999999999,1488,1648
1141391653634861,track,450812,True,,,-0.146875,-0.2520833333333333,3.64944250754214,-7.957671916562935e-21,-1.0298990888517787,0.0,5.08,10.32258064516129,0.0,8.0,345.0,-1.5225000000000002,1489,1648
1141391673537589,track,450812,True,,,-0.146875,-0.2520833333333333,3.64944250754214,-7.957671916562935e-21,-1.0298990888517787,0.0,5.08,10.32258064516129,0.0,8.0,345.0,-1.5225000000000002,1489,1648
1141391693536829,track,450813,True,,,-0.13125,-0.2520833333333333,3.6888779683415445,-5.1724867457659076e-21,-1.0298990888517787,0.0,5.08,10.32258064516129,0.0,6.0,342.0,-1.335,1490,1648
1141391713612197,track,450813,True,,,-0.13125,-0.2520833333333333,3.6888779683415445,-5.1724867457659076e-21,-1.0298990888517787,0.0,5.08,10.32258064516129,0.0,6.0,342.0,-1.335,1490,1648
1141391733552063,track,450814,True,,,-0.11875,-0.2520833333333333,3.7178959205946036,-3.36211638474784e-21,-1.0298990888517787,0.0,5.08,10.32258064516129,0.0,6.0,342.0,-1.1849999999999998,1491,1648
1141391753650558,track,450815,True,,,-0.1046875,-0.2520833333333333,3.747667524462931,-2.185375650086096e-21,-1.0298990888517787,0.0,5.08,10.32258064516129,0.0,6.0,342.0,-1.0162499999999999,1492,1648
1141391773531500,track,450815,True,,,-0.1046875,-0.2520833333333333,3.747667524462931,-2.185375650086096e-21,-1.0298990888517787,0.0,5.08,10.32258064516129,0.0,6.0,342.0,-1.0162499999999999,1492,1648
1141391793537700,track,450816,True,,,-0.090625,-0.25,3.7855272352283142,-1.4204941725559625e-21,-1.021442675250927,0.0,5.08,10.32258064516129,0.0,6.0,342.0,-0.8474999999999999,1494,1648
1141391813595885,track,450816,True,,,-0.090625,-0.25,3.7855272352283142,-1.4204941725559625e-21,-1.021442675250927,0.0,5.08,10.32258064516129,0.0,6.0,342.0,-0.8474999999999999,1494,1648
1141391833603203,track,450817,True,,,-0.078125,-0.25,3.8064196821609784,-9.233212121613757e-22,-1.021442675250927,0.0,5.08,10.32258064516129,0.0,6.0,342.0,-0.6975,1495,1648
1141391853603760,track,450818,True,,,-0.065625,-0.25,3.8244717104454327,-6.001587879048943e-22,-1.021442675250927,0.0,5.08,10.0,0.0,6.0,342.0,-0.5475,1496,1648
1141391873541614,track,450818,True,,,-0.065625,-0.25,3.8244717104454327,-6.001587879048943e-22,-1.021442675250927,0.0,5.08,10.0,0.0,6.0,342.0,-0.5475,1496,1648
1141391893586046,track,450819,True,,,-0.0546875,-0.25,3.8378463717406683,-3.9010321213818128e-22,-1.021442675250927,0.0,5.08,10.0,0.0,6.0,342.0,-0.41624999999999995,1497,1648
1141391913720597,track,450819,True,,,-0.0546875,-0.25,3.8378463717406683,-3.9010321213818128e-22,-1.021442675250927,0.0,5.08,10.0,0.0,6.0,342.0,-0.41624999999999995,1497,1648
1141391933568735,track,450820,True,,,-0.0453125,-0.25,3.8474570320655963,-2.5356708788981785e-22,-1.021442675250927,0.0,5.08,10.0,0.0,6.0,342.0,-0.30374999999999996,1498,1648
1141391953564519,track,450821,True,,,-0.0359375,-0.24791666666666667,3.8671872997847374,-1.648186071283816e-22,-1.0129799634473902,0.0,5.08,10.0,0.0,6.0,342.0,-0.19124999999999998,1499,1648
1141391973543164,track,450821,True,,,-0.0359375,-0.24791666666666667,3.8671872997847374,-1.648186071283816e-22,-1.0129799634473902,0.0,5.08,10.0,0.0,6.0,342.0,-0.19124999999999998,1499,1648
1141391993555208,track,450822,True,,,-0.028125,-0.24583333333333332,3.8843329398518063,-1.0713209463344805e-22,-1.004510997116081,0.0,5.08,10.0,0.0,6.0,342.0,-0.0975,1499,1648
1141392013553906,track,450822,True,,,-0.028125,-0.24583333333333332,3.8843329398518063,-1.0713209463344805e-22,-1.004510997116081,0.0,5.08,10.0,0.0,6.0,342.0,-0.0975,1499,1648
1141392033563546,track,450823,True,,,-0.0234375,-0.24583333333333332,3.88689030690594,-6.963586151174124e-23,-1.004510997116081,0.0,5.08,10.0,0.0,6.0,342.0,-0.041249999999999995,1500,1648
1141392053615182,track,450824,True,,,-0.01875,-0.24375,3.9009349198683294,-4.5263309982631803e-23,-0.9960358201360411,0.0,5.08,10.0,0.0,6.0,342.0,0.0,1500,1648
1141392073548646,track,450824,True,,,-0.01875,-0.24375,3.9009349198683294,-4.5263309982631803e-23,-0.9960358201360411,0.0,5.08,10.0,0.0,6.0,342.0,0.0,1500,1648
1141392093591430,track,450825,True,,,-0.015625,-0.24166666666666667,3.9140407947471747,-2.942115148871067e-23,-0.9875544765893987,0.0,5.08,10.0,0.0,6.0,342.0,0.0,1500,1648
1141392113578588,track,450826,True,,,-0.015625,-0.23958333333333334,3.9259937763960457,-1.9123748467661937e-23,-0.9790670107603141,0.0,5.08,10.0,0.0,6.0,342.0,0.0,1500,1648
1141392133519578,track,450826,True,,,-0.015625,-0.23958333333333334,3.9259937763960457,-1.9123748467661937e-23,-0.9790670107603141,0.0,5.05,10.0,0.0,6.0,342.0,0.0,1500,1648
1141392153689513,track,450827,True,,,-0.01875,-0.23541666666666666,3.9486990594741327,-1.2430436503980259e-23,-0.9620738903951824,0.0,5.05,9.696969696969697,0.0,6.0,342.0,0.0,1500,1648
1141392173573489,track,450827,True,,,-0.01875,-0.23541666666666666,3.9486990594741327,-1.2430436503980259e-23,-0.9620738903951824,0.0,5.05,9.696969696969697,0.0,6.0,342.0,0.0,1500,1648
1141392193572989,track,450828,True,,,-0.0203125,-0.23541666666666666,3.9480223580726697,-8.079783727587169e-24,-0.9620738903951824,0.0,5.05,9.696969696969697,0.0,6.0,342.0,-0.0037500000000000033,1500,1648
1141392213548857,track,450829,True,,,-0.025,-0.23333333333333334,3.957575784120372,-5.25185942293166e-24,-0.9535683254279078,0.0,5.05,9.696969696969697,0.0,6.0,342.0,-0.06000000000000001,1500,1648
1141392233556779,track,450829,True,,,-0.025,-0.23333333333333334,3.957575784120372,-5.25185942293166e-24,-0.9535683254279078,-0.04,5.02,9.696969696969697,0.0,6.0,342.0,-0.06000000000000001,1500,1649
1141392253587700,track,450830,True,,,-0.03125,-0.23333333333333334,3.953657305006606,-3.413708624905579e-24,-0.9535683254279078,-0.04,5.02,9.696969696969697,-0.1,7.2,338.0,-0.135,1499,1649
1141392273535050,track,450830,True,,,-0.03125,-0.23333333333333334,3.953657305006606,-3.413708624905579e-24,-0.9535683254279078,-0.04,5.02,9.696969696969697,-0.1,7.2,338.0,-0.135,1499,1649
1141392293550067,track,450831,True,,,-0.0390625,-0.23333333333333334,3.9475594792346067,-2.2189106061886263e-24,-0.9535683254279079,-0.04,5.02,9.411764705882353,-0.1,7.2,338.0,-0.22875,1498,1649
1141392313528789,track,450832,True,,,-0.0484375,-0.2375,3.915030047697197,-1.4422918940226072e-24,-0.9705734671339095,-0.11,5.01,9.411764705882353,-0.1,7.2,338.0,-0.34125,1497,1650
1141392333561004,track,450832,True,,,-0.0484375,-0.2375,3.915030047697197,-1.4422918940226072e-24,-0.9705734671339095,-0.11,5.01,9.411764705882353,-0.1,7.2,338.0,-0.34125,1497,1650
1141392353572960,track,450833,True,,,-0.0578125,-0.23958333333333334,3.892657731764014,-9.374897311146948e-25,-0.9790670107603143,-0.11,5.01,9.411764705882353,-0.1,7.2,338.0,-0.45375,1497,1650
1141392373567852,track,450833,True,,,-0.0578125,-0.23958333333333334,3.892657731764014,-9.374897311146948e-25,-0.9790670107603143,-0.11,5.01,9.411764705882353,-0.1,7.2,338.0,-0.45375,1497,1650
1141392393556454,track,450834,True,,,-0.0671875,-0.24375,3.8571383067842464,-6.093683252245516e-25,-0.9960358201360413,-0.11,5.01,9.411764705882353,-0.1,7.2,338.0,-0.5662499999999999,1496,1650
1141392413586307,track,450835,True,,,-0.078125,-0.24791666666666667,3.817887947032572,-3.9608941139595854e-25,-1.0129799634473902,-0.11,5.01,9.142857142857142,-0.1,7.2,338.0,-0.6975,1495,1650
1141392433525638,track,450835,True,,,-0.078125,-0.24791666666666667,3.817887947032572,-3.9608941139595854e-25,-1.0129799634473902,-0.15,5.0,9.142857142857142,-0.1,7.2,338.0,-0.6975,1495,1650
1141392453580962,track,450836,True,,,-0.090625,-0.25625,3.7515406988191575,-2.574581174073731e-25,-1.0467928477725659,-0.15,5.0,9.142857142857142,-0.1,7.2,338.0,-0.8474999999999999,1494,1650
1141392473544015,track,450836,True,,,-0.090625,-0.25625,3.7515406988191575,-2.574581174073731e-25,-1.0467928477725659,-0.15,5.0,9.142857142857142,-0.1,7.2,338.0,-0.8474999999999999,1494,1650
1141392493533077,track,450837,True,,,-0.103125,-0.2604166666666667,3.706079366016009,-1.673477763147925e-25,-1.0636608949316537,-0.15,5.0,9.142857142857142,-0.1,7.2,338.0,-0.9974999999999998,1493,1650
1141392513612268,track,450838,True,,,-0.115625,-0.26666666666666666,3.6476825692318067,-1.0877605460461514e-25,-1.0889140090242535,-0.15,5.0,9.142857142857142,-0.1,7.2,338.0,-1.1475,1491,1650
1141392533560875,track,450838,True,,,-0.115625,-0.26666666666666666,3.6476825692318067,-1.0877605460461514e-25,-1.0889140090242535,-0.15,5.0,9.142857142857142,-0.1,7.2,338.0,-1.1475,1491,1650
1141392553590002,track,450839,True,,,-0.1265625,-0.2708333333333333,3.6022557196806817,-7.070443549299984e-26,-1.1057162881171898,-0.15,5.0,9.142857142857142,-0.1,7.2,338.0,-1.2787499999999998,1490,1650
1141392573552212,track,450839,True,,,-0.1265625,-0.2708333333333333,3.6022557196806817,-7.070443549299984e-26,-1.1057162881171898,-0.15,5.0,9.142857142857142,-0.1,7.2,338.0,-1.2787499999999998,1490,1650
1141392593545460,track,450840,True,,,-0.1390625,-0.27708333333333335,3.541247009687392,-4.59578830704499e-26,-1.130869177584225,-0.14,5.0,9.142857142857142,-0.1,7.2,338.0,-1.42875,1489,1648
1141392613580250,track,450841,True,,,-0.1484375,-0.2833333333333333,3.4867115292552096,-2.9872623995792436e-26,-1.1559604457668902,-0.14,5.0,8.88888888888889,-0.1,7.2,338.0,-1.5412500000000002,1488,1648
1141392633548282,track,450841,True,,,-0.1484375,-0.2833333333333333,3.4867115292552096,-2.9872623995792436e-26,-1.1559604457668902,-0.14,5.0,8.88888888888889,-0.1,7.2,338.0,-1.5412500000000002,1488,1648
1141392653612862,track,450842,True,,,-0.1578125,-0.2875,3.442347473849476,-1.9417205597265084e-26,-1.17265318314744,-0.14,5.0,8.88888888888889,-0.1,7.2,338.0,-1.65375,1488,1648
1141392673540454,track,450842,True,,,-0.1578125,-0.2875,3.442347473849476,-1.9417205597265084e-26,-1.17265318314744,-0.14,5.0,8.88888888888889,-0.1,7.2,338.0,-1.65375,1488,1648
1141392693553745,track,450843,True,,,-0.1671875,-0.29375,3.386889065608235,-1.2621183638222305e-26,-1.1976393281220312,-0.12,5.0,8.88888888888889,-0.1,7.2,338.0,-1.7662499999999999,1487,1647
1141392713563045,track,450844,True,,,-0.175,-0.29791666666666666,3.3456246153381413,-8.203769364844499e-27,-1.2142609910854913,-0.12,5.0,8.88888888888889,-0.1,7.2,338.0,-1.8599999999999999,1486,1647
1141392733513628,track,450844,True,,,-0.175,-0.29791666666666666,3.3456246153381413,-8.203769364844499e-27,-1.2142609910854913,-0.12,5.0,8.88888888888889,-0.1,7.2,338.0,-1.8599999999999999,1486,1647
1141392753566220,track,450845,True,,,-0.18125,-0.3020833333333333,3.3082475184190367,-5.332450087148924e-27,-1.2308536774178827,-0.12,5.0,8.64864864864865,-0.1,7.2,338.0,-1.935,1486,1647
1141392773574814,track,450845,True,,,-0.18125,-0.3020833333333333,3.3082475184190367,-5.332450087148924e-27,-1.2308536774178827,-0.12,5.0,8.64864864864865,-0.1,7.2,338.0,-1.935,1486,1647
1141392793537553,track,450846,True,,,-0.1859375,-0.30625,3.2749560325109677,-3.466092556646801e-27,-1.2474170800040647,-0.12,5.0,8.64864864864865,-0.1,7.2,338.0,-1.9912500000000002,1485,1647
1141392813613767,track,450847,True,,,-0.1890625,-0.3125,3.2355090323757136,-2.2529601618204206e-27,-1.272206613946642,-0.12,5.0,8.64864864864865,-0.1,7.2,338.0,-2.02875,1485,1647
1141392833643813,track,450847,True,,,-0.1890625,-0.3125,3.2355090323757136,-2.2529601618204206e-27,-1.272206613946642,-0.09,4.99,8.64864864864865,-0.1,7.2,338.0,-2.02875,1485,1646
1141392853700867,track,450848,True,,,-0.1921875,-0.32083333333333336,3.185708762872345,-1.4644241051832734e-27,-1.305154030629533,-0.09,4.99,8.64864864864865,-0.1,7.2,338.0,-2.06625,1485,1646
1141392873603664,track,450848,True,,,-0.1921875,-0.32083333333333336,3.185708762872345,-1.4644241051832734e-27,-1.305154030629533,-0.09,4.99,8.64864864864865,0.1,6.2,343.0,-2.06625,1485,1646
1141392893582714,track,450849,True,,,-0.1921875,-0.32916666666666666,3.1440894141884237,-9.518756683691277e-28,-1.3379789680360425,-0.09,4.99,8.421052631578947,0.1,6.2,343.0,-2.06625,1485,1646
1141392913596695,track,450850,True,,,-0.190625,-0.3375,3.1062177571831633,-6.1871918443993305e-28,-1.3706791450869573,-0.09,4.99,8.421052631578947,0.1,6.2,343.0,-2.0475,1485,1646
1141392933558278,track,450850,True,,,-0.190625,-0.3375,3.1062177571831633,-6.1871918443993305e-28,-1.3706791450869573,-0.09,4.99,8.421052631578947,0.1,6.2,343.0,-2.0475,1485,1646
1141392953608002,track,450851,True,,,-0.1875,-0.34791666666666665,3.061200416194715,-4.021674698859565e-28,-1.4113755436716975,-0.11,4.96,8.421052631578947,0.1,6.2,343.0,-2.0100000000000002,1485,1644
1141392973621769,track,450851,True,,,-0.1875,-0.34791666666666665,3.061200416194715,-4.021674698859565e-28,-1.4113755436716975,-0.11,4.96,8.421052631578947,0.1,6.2,343.0,-2.0100000000000002,1485,1644
1141392993523976,track,450852,True,,,-0.184375,-0.35625,3.026113872110717,-2.6140885542587174e-28,-1.4437869794368077,-0.11,4.96,8.421052631578947,0.1,6.2,343.0,-1.9725000000000001,1485,1644
1141393013557691,track,450853,True,,,-0.178125,-0.36666666666666664,2.9867637707467662,-1.6991575602681664e-28,-1.484115748438545,-0.11,4.96,8.205128205128204,0.1,6.2,343.0,-1.8975000000000002,1486,1644
1141393033543817,track,450853,True,,,-0.178125,-0.36666666666666664,2.9867637707467662,-1.6991575602681664e-28,-1.484115748438545,-0.11,4.96,8.205128205128204,0.1,6.2,343.0,-1.8975000000000002,1486,1644
1141393053660158,track,450854,True,,,-0.171875,-0.37916666666666665,2.9352020291155454,-1.1044524141743083e-28,-1.5322329859235362,-0.18,4.94,8.205128205128204,0.1,6.2,343.0,-1.8225000000000002,1486,1644
1141393073652174,track,450855,True,,,-0.1640625,-0.3875,2.9073652225401885,2.0487242421448597,-1.5641400660428086,-0.18,4.94,8.0,0.1,6.2,343.0,-1.7287500000000002,1487,1644
1141393093522378,track,450855,True,,,-0.1640625,-0.3875,2.9073652225401885,2.0487242421448597,-1.5641400660428086,-0.18,4.94,8.0,0.1,6.2,343.0,-1.7287500000000002,1487,1644
1141393113547393,track,450856,True,,,-0.1546875,-0.3958333333333333,2.8811162708210905,1.3316707573941589,-1.5959081087982165,-0.18,4.94,8.0,0.1,6.2,343.0,-1.6162500000000002,1488,1644
1141393133530027,track,450856,True,,,-0.1546875,-0.3958333333333333,2.8811162708210905,1.3316707573941589,-1.5959081087982165,-0.21,4.93,8.0,0.1,6.2,343.0,-1.6162500000000002,1488,1643
1141393153655837,track,450857,True,,,-0.1453125,-0.40208333333333335,2.8644202348744394,0.8655859923062033,-1.6196418154912813,-0.21,4.93,8.0,0.1,6.2,343.0,-1.5037500000000001,1489,1643
1141393173570993,track,450858,True,,,-0.134375,-0.41041666666666665,2.837476264093938,0.5626308949990322,-1.651162260688818,-0.21,4.93,8.0,0.1,6.2,343.0,-1.3724999999999998,1490,1643
1141393193538382,track,450858,True,,,-0.134375,-0.41041666666666665,2.837476264093938,0.5626308949990322,-1.651162260688818,-0.21,4.93,8.0,0.1,6.2,343.0,-1.3724999999999998,1490,1643
1141393213551377,track,450859,True,,,-0.125,-0.42083333333333334,2.794913619019981,0.3657100817493709,-1.6903603705654247,-0.21,4.93,7.804878048780488,0.1,6.2,343.0,-1.26,1491,1643
1141393233524863,track,450859,True,,,-0.125,-0.42083333333333334,2.794913619019981,0.3657100817493709,-1.6903603705654247,-0.21,4.93,7.804878048780488,0.1,6.2,343.0,-1.26,1491,1643
1141393253558565,track,450860,True,,,-0.1125,-0.4375,2.7204181995031718,0.2377115531370911,-1.7526020894865646,-0.22,4.92,7.804878048780488,0.1,6.2,343.0,-1.1099999999999999,1492,1642
1141393273540997,track,450861,True,,,-0.103125,-0.45625,2.628259732048077,2.1061315800443046,-1.8219116678763867,-0.22,4.92,7.619047619047619,0.1,6.2,343.0,-0.9974999999999998,1493,1642
1141393293512570,track,450861,True,,,-0.103125,-0.45625,2.628259732048077,2.1061315800443046,-1.8219116678763867,-0.22,4.92,7.619047619047619,0.1,6.2,343.0,-0.9974999999999998,1493,1642
1141393313617385,track,450862,True,,,-0.0921875,-0.48333333333333334,2.4901284628762084,1.368985527028798,-1.920663284773667,-0.22,4.92,7.619047619047619,0.1,6.2,343.0,-0.86625,1494,1642
1141393333594167,track,450862,True,,,-0.0921875,-0.48333333333333334,2.4901284628762084,1.368985527028798,-1.920663284773667,-0.25,4.89,7.619047619047619,0.1,6.2,343.0,-0.86625,1494,1640
1141393353599449,track,450863,True,,,-0.0828125,-0.5125,2.3377844177488893,2.688601291591068,-2.0251680319630188,-0.25,4.89,7.441860465116279,0.1,6.2,343.0,-0.7537499999999999,1494,1640
1141393373590028,track,450864,True,,,-0.071875,-0.5416666666666666,2.185995480663611,3.5361588833937874,-2.1277185681130235,-0.25,4.89,7.2727272727272725,0.1,6.2,343.0,-0.6224999999999998,1495,1640
1141393393569002,track,450864,True,,,-0.071875,-0.5416666666666666,2.185995480663611,3.5361588833937874,-2.1277185681130235,-0.25,4.89,7.2727272727272725,0.1,6.2,343.0,-0.6224999999999998,1495,1640
1141393413587183,track,450865,True,,,-0.0625,-0.56875,2.04426543499184,4.087071318065555,-2.2211631290174605,-0.25,4.89,7.2727272727272725,0.1,6.2,343.0,-0.51,1496,1640
1141393433573268,track,450865,True,,,-0.0625,-0.56875,2.04426543499184,4.087071318065555,-2.2211631290174605,-0.25,4.89,7.2727272727272725,0.1,6.2,343.0,-0.51,1496,1640
1141393453598469,track,450866,True,,,-0.0546875,-0.5875,1.9468361800536857,2.656596356742611,-2.284838656842339,-0.25,4.89,7.2727272727272725,0.1,1.1,338.0,-0.41624999999999995,1497,1640
1141393473571574,track,450867,True,,,-0.0484375,-0.6041666666666666,1.8599563583687828,1.7267876318826971,-2.3407352188797947,-0.25,4.89,7.111111111111111,0.1,1.1,338.0,-0.34125,1497,1640
1141393493534450,track,450867,True,,,-0.0484375,-0.6041666666666666,1.8599563583687828,1.7267876318826971,-2.3407352188797947,-0.31,4.86,7.111111111111111,0.1,1.1,338.0,-0.34125,1497,1636
1141393513564369,track,450868,True,,,-0.0421875,-0.6166666666666667,1.7954212180680276,2.720255735843242,-2.3822208651354995,-0.31,4.86,6.956521739130435,0.1,1.1,338.0,-0.26625000000000004,1498,1636
1141393533644535,track,450869,True,,,-0.0390625,-0.6270833333333333,1.7410040961458708,3.366010003417596,-2.416505400305007,-0.31,4.86,6.956521739130435,0.1,1.1,338.0,-0.22875,1498,1636
1141393553562405,track,450869,True,,,-0.0390625,-0.6270833333333333,1.7410040961458708,3.366010003417596,-2.416505400305007,-0.34,4.84,6.956521739130435,0.1,1.1,338.0,-0.22875,1498,1635
1141393573599259,track,450870,True,,,-0.0375,-0.63125,1.7193672518724197,2.1879065022214377,-2.430146082578024,-0.34,4.84,6.956521739130435,0.1,1.1,338.0,-0.20999999999999996,1498,1635
1141393593584229,track,450870,True,,,-0.0375,-0.63125,1.7193672518724197,2.1879065022214377,-2.430146082578024,-0.34,4.84,6.956521739130435,0.1,1.1,338.0,-0.20999999999999996,1498,1635
1141393613577820,track,450871,True,,,-0.0359375,-0.6333333333333333,1.708769826769953,1.4221392264439345,-2.436950739508105,-0.34,4.84,6.808510638297872,0.1,1.1,338.0,-0.19124999999999998,1499,1635
1141393633566880,track,450872,True,,,-0.0359375,-0.6354166666666666,1.6977466624505382,0.9243904971885575,-2.4437449364721027,-0.34,4.84,6.808510638297872,0.1,1.1,338.0,-0.19124999999999998,1499,1635
1141393653558505,track,450872,True,,,-0.0359375,-0.6354166666666666,1.6977466624505382,0.9243904971885575,-2.4437449364721027,-0.34,4.84,6.808510638297872,0.1,1.1,338.0,-0.19124999999999998,1499,1635
1141393673574660,track,450873,True,,,-0.0375,-0.6395833333333333,1.6753024133020316,2.0183287662078913,-2.4573019400861944,-0.34,4.84,6.666666666666667,0.1,1.1,338.0,-0.20999999999999996,1498,1635
1141393693562157,track,450873,True,,,-0.0375,-0.6395833333333333,1.6753024133020316,2.0183287662078913,-2.4573019400861944,-0.39,4.8,6.666666666666667,0.1,1.1,338.0,-0.20999999999999996,1498,1635
1141393713565613,track,450874,True,,,-0.040625,-0.64375,1.6524266992356653,2.729388641070458,-2.4708170743576092,-0.39,4.8,6.530612244897959,0.1,1.1,338.0,-0.2475,1498,1635
1141393733543095,track,450875,True,,,-0.04375,-0.65,1.6185957830591955,3.191577559731127,-2.4910112359550562,-0.39,4.8,6.530612244897959,0.1,1.1,338.0,-0.285,1498,1635
1141393753526192,track,450875,True,,,-0.04375,-0.65,1.6185957830591955,3.191577559731127,-2.4910112359550562,-0.39,4.8,6.530612244897959,0.1,1.1,338.0,-0.285,1498,1635
1141393773540455,track,450876,True,,,-0.0484375,-0.6541666666666667,1.5951746937086975,2.0745254138252327,-2.504421631838453,-0.44,4.78,6.530612244897959,0.1,1.1,338.0,-0.34125,1497,1635
1141393793525955,track,450876,True,,,-0.0484375,-0.6541666666666667,1.5951746937086975,2.0745254138252327,-2.504421631838453,-0.44,4.78,6.530612244897959,0.1,1.1,338.0,-0.34125,1497,1635
1141393813552124,track,450877,True,,,-0.0546875,-0.6604166666666667,1.5601831333215626,1.3484415189864014,-2.5244586344975772,-0.44,4.78,6.4,0.1,1.1,338.0,-0.41624999999999995,1497,1635
1141393833550402,track,450878,True,,,-0.0609375,-0.6625,1.546734470337542,0.8764869873411609,-2.53111667458443,-0.44,4.78,6.4,0.1,1.1,338.0,-0.49125,1496,1635
1141393853535258,track,450878,True,,,-0.0609375,-0.6625,1.546734470337542,0.8764869873411609,-2.53111667458443,-0.44,4.78,6.4,0.1,1.1,338.0,-0.49125,1496,1635
1141393873546584,track,450879,True,,,-0.0703125,-0.6645833333333333,1.5315088834722839,1.9130130962651188,-2.537764233445216,-0.44,4.78,6.2745098039215685,0.1,1.1,338.0,-0.60375,1495,1635
1141393893548120,track,450879,True,,,-0.0703125,-0.6645833333333333,1.5315088834722839,1.9130130962651188,-2.537764233445216,-0.52,4.72,6.2745098039215685,0.1,1.1,338.0,-0.60375,1495,1636
1141393913552673,track,450880,True,,,-0.078125,-0.6625,1.538189288808333,1.2434585125723272,-2.53111667458443,-0.52,4.72,6.2745098039215685,0.1,1.1,338.0,-0.6975,1495,1636
1141393933562295,track,450881,True,,,-0.0890625,-0.6583333333333333,1.5532665093715579,2.0810492128903517,-2.517790113597084,-0.52,4.72,6.153846153846154,0.1,1.1,338.0,-0.82875,1494,1636
1141393953528926,track,450881,True,,,-0.0890625,-0.6583333333333333,1.5532665093715579,2.0810492128903517,-2.517790113597084,-0.52,4.72,6.153846153846154,0.1,1.1,338.0,-0.82875,1494,1636
1141393973565500,track,450882,True,,,-0.0984375,-0.6520833333333333,1.5793687360529265,1.3526819883787287,-2.4977216726414886,-0.52,4.72,6.153846153846154,0.1,1.1,338.0,-0.9412499999999999,1493,1636
1141393993544417,track,450882,True,,,-0.0984375,-0.6520833333333333,1.5793687360529265,1.3526819883787287,-2.4977216726414886,-0.52,4.72,6.153846153846154,0.1,1.1,338.0,-0.9412499999999999,1493,1636
1141394013553881,track,450883,True,,,-0.1109375,-0.6395833333333333,1.6347696677992696,0.8792432924461736,-2.457301940086194,-0.52,4.72,6.153846153846154,0.1,1.1,338.0,-1.0912499999999998,1492,1636
1141394033825918,track,450884,True,,,-0.1203125,-0.6291666666666667,1.680940835581737,0.5715081400900128,-2.4233309685084143,-0.59,4.68,6.037735849056604,0.1,1.1,338.0,-1.2037499999999999,1491,1638
1141394053577229,track,450884,True,,,-0.1203125,-0.6291666666666667,1.680940835581737,0.5715081400900128,-2.4233309685084143,-0.59,4.68,6.037735849056604,0.1,1.1,338.0,-1.2037499999999999,1491,1638
1141394073602153,track,450885,True,,,-0.13125,-0.6166666666666667,1.7356945236416004,0.3714802910585083,-2.3822208651354995,-0.59,4.68,6.037735849056604,0.2,1.7,339.0,-1.335,1490,1638
1141394093633816,track,450885,True,,,-0.13125,-0.6166666666666667,1.7356945236416004,0.3714802910585083,-2.3822208651354995,-0.59,4.68,6.037735849056604,0.2,1.7,339.0,-1.335,1490,1638
1141394113561003,track,450886,True,,,-0.140625,-0.6083333333333333,1.7693527156994189,1.4324270138215793,-2.354605436227797,-0.59,4.68,5.925925925925926,0.2,1.7,339.0,-1.4475,1489,1638
1141394133552130,track,450887,True,,,-0.1515625,-0.6041666666666666,1.7786479827936978,0.9310775589840266,-2.3407352188797947,-0.59,4.68,5.925925925925926,0.2,1.7,339.0,-1.5787499999999999,1488,1638
1141394153536229,track,450887,True,,,-0.1515625,-0.6041666666666666,1.7786479827936978,0.9310775589840266,-2.3407352188797947,-0.59,4.68,5.925925925925926,0.2,1.7,339.0,-1.5787499999999999,1488,1638
1141394173539213,track,450888,True,,,-0.1609375,-0.6083333333333333,1.7457072426294604,0.6052004133396173,-2.354605436227797,-0.68,4.62,5.925925925925926,0.2,1.7,339.0,-1.6912500000000001,1487,1640
1141394193554564,track,450889,True,,,-0.16875,-0.61875,1.6822172059956833,0.39338026867075127,-2.3890986525888156,-0.68,4.62,5.925925925925926,0.2,1.7,339.0,-1.7850000000000001,1487,1640
1141394213526633,track,450889,True,,,-0.16875,-0.61875,1.6822172059956833,0.39338026867075127,-2.3890986525888156,-0.68,4.62,5.925925925925926,0.2,1.7,339.0,-1.7850000000000001,1487,1640
1141394233547046,track,450890,True,,,-0.1765625,-0.6333333333333333,1.5976280499828064,0.25569717463598834,-2.436950739508105,-0.68,4.62,5.925925925925926,0.2,1.7,339.0,-1.8787500000000001,1486,1640
1141394253537169,track,450890,True,,,-0.1765625,-0.6333333333333333,1.5976280499828064,0.25569717463598834,-2.436950739508105,-0.68,4.62,5.925925925925926,0.2,1.7,339.0,-1.8787500000000001,1486,1640
1141394273555664,track,450891,True,,,-0.1859375,-0.6520833333333333,1.4904762125541007,0.16620316351339243,-2.4977216726414886,-0.82,4.54,5.818181818181818,0.2,1.7,339.0,-1.9912500000000002,1485,1640
1141394293540381,track,450892,True,,,-0.190625,-0.6729166666666667,1.3799780749401749,1.2065797659205153,-2.564249654156343,-0.82,4.54,5.714285714285714,0.2,1.7,339.0,-2.0475,1485,1640
1141394313561632,track,450892,True,,,-0.190625,-0.6729166666666667,1.3799780749401749,1.2065797659205153,-2.564249654156343,-0.82,4.54,5.714285714285714,0.2,1.7,339.0,-2.0475,1485,1640
1141394333581101,track,450893,True,,,-0.196875,-0.69375,1.2686326997325021,1.882824557485145,-2.6297296862580724,-0.82,4.54,5.614035087719298,0.2,1.7,339.0,-2.1225,1484,1640
1141394353625509,track,450893,True,,,-0.196875,-0.69375,1.2686326997325021,1.882824557485145,-2.6297296862580724,-0.82,4.54,5.614035087719298,0.2,1.7,339.0,-2.1225,1484,1640
1141394373600365,track,450894,True,,,-0.2015625,-0.7104166666666667,1.1808370974957811,2.242507114626986,-2.6813599894044904,-0.82,4.54,5.614035087719298,0.2,1.7,339.0,-2.17875,1484,1640
1141394393607874,track,450895,True,,,-0.203125,-0.7208333333333333,1.1281080534071737,2.4763007767691825,-2.7132893192038163,-0.82,4.54,5.423728813559322,0.2,1.7,339.0,-2.1975000000000002,1484,1640
1141394413588688,track,450895,True,,,-0.203125,-0.7208333333333333,1.1281080534071737,2.4763007767691825,-2.7132893192038163,-1.01,4.45,5.423728813559322,0.2,1.7,339.0,-2.1975000000000002,1484,1640
1141394433574182,track,450896,True,,,-0.2046875,-0.7229166666666667,1.1160092322880992,1.6095955048999686,-2.7196438833346965,-1.01,4.45,5.423728813559322,0.2,1.7,339.0,-2.21625,1483,1640
1141394453568587,track,450896,True,,,-0.2046875,-0.7229166666666667,1.1160092322880992,1.6095955048999686,-2.7196438833346965,-1.01,4.45,5.423728813559322,0.2,1.7,339.0,-2.21625,1483,1640
1141394473576551,track,450897,True,,,-0.2046875,-0.71875,1.136236323440013,2.023255498162618,-2.7069243261546014,-1.01,4.45,5.333333333333333,0.2,1.7,339.0,-2.21625,1483,1640
1141394493558939,track,450898,True,,,-0.2,-0.7125,1.172655712541999,2.254432300445661,-2.6877667354588604,-1.22,4.36,5.245901639344262,0.2,1.7,339.0,-2.16,1484,1642
1141394513527698,track,450898,True,,,-0.2,-0.7125,1.172655712541999,2.254432300445661,-2.6877667354588604,-1.22,4.36,5.245901639344262,0.2,1.7,339.0,-2.16,1484,1642
1141394533556848,track,450899,True,,,-0.1953125,-0.70625,1.2091510227395486,2.4046972219296388,-2.6685151535093463,-1.22,4.36,5.245901639344262,0.2,1.7,339.0,-2.1037500000000002,1484,1642
1141394553551626,track,450899,True,,,-0.1953125,-0.70625,1.2091510227395486,2.4046972219296388,-2.6685151535093463,-1.22,4.36,5.245901639344262,0.2,1.7,339.0,-2.1037500000000002,1484,1642
1141394573575305,track,450900,True,,,-0.190625,-0.7,1.245719611787057,1.5630531942542651,-2.649169494949602,-1.22,4.36,5.245901639344262,0.2,1.7,339.0,-2.0475,1485,1642
1141394593664043,track,450901,True,,,-0.1828125,-0.6979166666666666,1.2655073943587052,1.0159845762652724,-2.642700023130258,-1.22,4.36,5.161290322580645,0.2,1.7,339.0,-1.9537499999999999,1485,1642
1141394613577620,track,450901,True,,,-0.1828125,-0.6979166666666666,1.2655073943587052,1.0159845762652724,-2.642700023130258,-1.37,4.29,5.161290322580645,0.2,1.7,339.0,-1.9537499999999999,1485,1645
1141394633593270,track,450902,True,,,-0.1765625,-0.7,1.2625207164934538,0.6603899745724271,-2.649169494949602,-1.37,4.29,5.161290322580645,0.3,0.5,339.0,-1.8787500000000001,1486,1645
1141394653719736,track,450902,True,,,-0.1765625,-0.7,1.2625207164934538,0.6603899745724271,-2.649169494949602,-1.37,4.29,5.161290322580645,0.3,0.5,339.0,-1.8787500000000001,1486,1645
1141394673591783,track,450903,True,,,-0.16875,-0.7041666666666667,1.2506396809377123,1.2726283135638177,-2.66207705748918,-1.37,4.29,5.079365079365079,0.3,0.5,339.0,-1.7850000000000001,1487,1645
1141394693570610,track,450904,True,,,-0.1625,-0.7125,1.2160140097915222,1.6636538962285772,-2.687766735458861,-1.47,4.21,5.0,0.3,0.5,339.0,-1.7100000000000002,1487,1645
1141394713538342,track,450904,True,,,-0.1625,-0.7125,1.2160140097915222,1.6636538962285772,-2.687766735458861,-1.47,4.21,5.0,0.3,0.5,339.0,-1.7100000000000002,1487,1645
1141394733566010,track,450905,True,,,-0.1546875,-0.7208333333333333,1.182676187639395,1.9178205249606708,-2.7132893192038163,-1.47,4.21,5.0,0.3,0.5,339.0,-1.6162500000000002,1488,1645
1141394753601231,track,450905,True,,,-0.1546875,-0.7208333333333333,1.182676187639395,1.9178205249606708,-2.7132893192038163,-1.47,4.21,5.0,0.3,0.5,339.0,-1.6162500000000002,1488,1645
1141394773554863,track,450906,True,,,-0.1484375,-0.7291666666666666,1.1474795842138357,1.246583341224436,-2.738645043046887,-1.47,4.21,5.0,0.3,0.5,339.0,-1.5412500000000002,1488,1645
1141394793563801,track,450907,True,,,-0.140625,-0.73125,1.1442677435484208,0.8102791717958835,-2.744957933023466,-1.47,4.21,4.848484848484849,0.3,0.5,339.0,-1.4475,1489,1645
1141394813569737,track,450907,True,,,-0.140625,-0.73125,1.1442677435484208,0.8102791717958835,-2.744957933023466,-1.62,4.09,4.848484848484849,0.3,0.5,339.0,-1.4475,1489,1647
1141394833557788,track,450908,True,,,-0.13125,-0.7333333333333333,1.1419417392836981,0.5266814616673243,-2.7512604155274465,-1.62,4.09,4.848484848484849,0.3,0.5,339.0,-1.335,1490,1647
1141394853658854,track,450908,True,,,-0.13125,-0.7333333333333333,1.1419417392836981,0.5266814616673243,-2.7512604155274465,-1.62,4.09,4.848484848484849,0.3,0.5,339.0,-1.335,1490,1647
1141394873604839,track,450909,True,,,-0.1234375,-0.7291666666666666,1.1688591799070058,1.1025110160234788,-2.738645043046887,-1.62,4.09,4.776119402985074,0.3,0.5,339.0,-1.24125,1491,1647
1141394893590862,track,450910,True,,,-0.115625,-0.71875,1.226774400635075,1.4373204966311584,-2.706924326154601,-1.62,4.09,4.705882352941177,0.3,0.5,339.0,-1.1475,1491,1647
1141394913518485,track,450910,True,,,-0.115625,-0.71875,1.226774400635075,1.4373204966311584,-2.706924326154601,-1.62,4.09,4.705882352941177,0.3,0.5,339.0,-1.1475,1491,1647
1141394933545866,track,450911,True,,,-0.1078125,-0.70625,1.2952989205686667,1.6549466590261501,-2.668515153509346,-1.62,4.09,4.705882352941177,0.3,0.5,339.0,-1.05375,1492,1647
1141394953584002,track,450912,True,,,-0.1015625,-0.6895833333333333,1.3842216250683266,1.7964036645828947,-2.616717477314581,-1.75,3.99,4.63768115942029,0.3,0.5,339.0,-0.97875,1493,1650
1141394973555108,track,450912,True,,,-0.1015625,-0.6895833333333333,1.3842216250683266,1.7964036645828947,-2.616717477314581,-1.75,3.99,4.63768115942029,0.3,0.5,339.0,-0.97875,1493,1650
1141394993556814,track,450913,True,,,-0.0953125,-0.6729166666666667,1.4738245745518013,1.1676623819788816,-2.564249654156343,-1.75,3.99,4.63768115942029,0.3,0.5,339.0,-0.9037499999999998,1493,1650
1141395013621166,track,450913,True,,,-0.0953125,-0.6729166666666667,1.4738245745518013,1.1676623819788816,-2.564249654156343,-1.75,3.99,4.63768115942029,0.3,0.5,339.0,-0.9037499999999998,1493,1650
1141395033561884,track,450914,True,,,-0.090625,-0.6583333333333333,1.5522588274034541,0.758980548286273,-2.517790113597084,-1.75,3.99,4.63768115942029,0.3,0.5,339.0,-0.8474999999999999,1494,1650
1141395053584653,track,450915,True,,,-0.0859375,-0.64375,1.6312057152536739,0.4933373563860775,-2.4708170743576097,-1.75,3.99,4.63768115942029,0.3,0.5,339.0,-0.79125,1494,1650
1141395073537380,track,450915,True,,,-0.0859375,-0.64375,1.6312057152536739,0.4933373563860775,-2.4708170743576097,-1.75,3.99,4.63768115942029,0.3,0.5,339.0,-0.79125,1494,1650
1141395093581572,track,450916,True,,,-0.0828125,-0.63125,1.69871412640332,0.3206692816509504,-2.4301460825780246,-1.85,3.87,4.571428571428571,0.3,0.5,339.0,-0.7537499999999999,1494,1653
1141395113555414,track,450916,True,,,-0.0828125,-0.63125,1.69871412640332,0.3206692816509504,-2.4301460825780246,-1.85,3.87,4.571428571428571,0.3,0.5,339.0,-0.7537499999999999,1494,1653
1141395133545404,track,450917,True,,,-0.0828125,-0.6270833333333333,1.7206483432858641,0.8837345826832673,-2.4165054003050073,-1.85,3.87,4.507042253521127,0.3,0.5,339.0,-0.7537499999999999,1494,1653
1141395153600851,track,450918,True,,,-0.08125,-0.6270833333333333,1.7216238700010582,1.2497270283542734,-2.4165054003050073,-1.85,3.87,4.507042253521127,0.3,0.5,339.0,-0.735,1495,1653
1141395173506407,track,450918,True,,,-0.08125,-0.6270833333333333,1.7216238700010582,1.2497270283542734,-2.4165054003050073,-1.85,3.87,4.507042253521127,0.3,0.5,339.0,-0.735,1495,1653
1141395193571405,track,450919,True,,,-0.0828125,-0.63125,1.69871412640332,0.8123225684302777,-2.430146082578024,-1.85,3.87,4.507042253521127,-0.3,1.9,334.0,-0.7537499999999999,1494,1653
1141395213513555,track,450919,True,,,-0.0828125,-0.63125,1.69871412640332,0.8123225684302777,-2.430146082578024,-1.99,3.74,4.507042253521127,-0.3,1.9,334.0,-0.7537499999999999,1494,1655
1141395233598022,track,450920,True,,,-0.084375,-0.6416666666666667,1.6430855229951389,0.5280096694796805,-2.464064741971063,-1.99,3.74,4.383561643835616,-0.3,1.9,334.0,-0.7725,1494,1655
1141395253608410,track,450921,True,,,-0.0875,-0.6479166666666667,1.6084553894945943,0.34320628516179236,-2.4842903230333837,-1.99,3.74,4.383561643835616,-0.3,1.9,334.0,-0.8099999999999998,1494,1655
1141395273553162,track,450921,True,,,-0.0875,-0.6479166666666667,1.6084553894945943,0.34320628516179236,-2.4842903230333837,-1.99,3.74,4.383561643835616,-0.3,1.9,334.0,-0.8099999999999998,1494,1655
1141395293544699,track,450922,True,,,-0.0921875,-0.65625,1.5620416567822446,0.8723930710013381,-2.5111111124619074,-1.99,3.74,4.324324324324325,-0.3,1.9,334.0,-0.86625,1494,1655
1141395313593383,track,450922,True,,,-0.0921875,-0.65625,1.5620416567822446,0.8723930710013381,-2.5111111124619074,-1.99,3.74,4.324324324324325,-0.3,1.9,334.0,-0.86625,1494,1655
1141395333524405,track,450923,True,,,-0.096875,-0.6604166666666667,1.5372707402231478,1.1708609365424159,-2.5244586344975772,-2.1,3.65,4.266666666666667,-0.3,1.9,334.0,-0.9225,1493,1655
1141395353659005,track,450924,True,,,-0.1046875,-0.6604166666666667,1.5316532180422664,1.3648650491441163,-2.5244586344975772,-2.1,3.65,4.266666666666667,-0.3,1.9,334.0,-1.0162499999999999,1492,1655
1141395373535091,track,450924,True,,,-0.1046875,-0.6604166666666667,1.5316532180422664,1.3648650491441163,-2.5244586344975772,-2.1,3.65,4.266666666666667,-0.3,1.9,334.0,-1.0162499999999999,1492,1655
1141395393567661,track,450925,True,,,-0.1109375,-0.6583333333333333,1.537600427794833,1.4909677223352216,-2.5177901135970835,-2.1,3.65,4.1558441558441555,-0.3,1.9,334.0,-1.0912499999999998,1492,1655
1141395413563565,track,450926,True,,,-0.1203125,-0.6520833333333333,1.5620803289340455,0.9691290195178941,-2.4977216726414886,-2.1,3.65,4.1558441558441555,-0.3,1.9,334.0,-1.2037499999999999,1491,1655
1141395433536842,track,450926,True,,,-0.1203125,-0.6520833333333333,1.5620803289340455,0.9691290195178941,-2.4977216726414886,-2.19,3.54,4.1558441558441555,-0.3,1.9,334.0,-1.2037499999999999,1491,1656
1141395453716831,track,450927,True,,,-0.1296875,-0.64375,1.5966095708587107,1.1965123143920993,-2.4708170743576097,-2.19,3.54,4.102564102564102,-0.3,1.9,334.0,-1.3162500000000001,1490,1656
1141395473516513,track,450927,True,,,-0.1296875,-0.64375,1.5966095708587107,1.1965123143920993,-2.4708170743576097,-2.19,3.54,4.102564102564102,-0.3,1.9,334.0,-1.3162500000000001,1490,1656
1141395493534725,track,450928,True,,,-0.140625,-0.6333333333333333,1.639556005464206,1.3266454909883967,-2.436950739508105,-2.19,3.54,4.050632911392405,-0.3,1.9,334.0,-1.4475,1489,1656
1141395513552400,track,450929,True,,,-0.1515625,-0.6270833333333333,1.6599445084486244,1.41123205577599,-2.416505400305007,-2.19,3.54,4.050632911392405,-0.3,1.9,334.0,-1.5787499999999999,1488,1656
1141395533531575,track,450929,True,,,-0.1515625,-0.6270833333333333,1.6599445084486244,1.41123205577599,-2.416505400305007,-2.19,3.54,4.050632911392405,-0.3,1.9,334.0,-1.5787499999999999,1488,1656
1141395553565576,track,450930,True,,,-0.1625,-0.6229166666666667,1.668569441246671,1.4458906970482093,-2.4028229144209314,-2.29,3.42,4.0,-0.3,1.9,334.0,-1.7100000000000002,1487,1659
1141395573560614,track,450930,True,,,-0.1625,-0.6229166666666667,1.668569441246671,1.4458906970482093,-2.4028229144209314,-2.29,3.42,4.0,-0.3,1.9,334.0,-1.7100000000000002,1487,1659
1141395593580321,track,450931,True,,,-0.1734375,-0.6208333333333333,1.6655144246118834,1.4638523785025952,-2.3959660036555785,-2.29,3.42,3.950617283950617,-0.3,1.9,334.0,-1.84125,1486,1659
1141395613637081,track,450932,True,,,-0.184375,-0.6229166666666667,1.6402971006379377,1.475527471447946,-2.4028229144209314,-2.29,3.42,3.950617283950617,-0.3,1.9,334.0,-1.9725000000000001,1485,1659
1141395633572772,track,450932,True,,,-0.184375,-0.6229166666666667,1.6402971006379377,1.475527471447946,-2.4028229144209314,-2.29,3.42,3.950617283950617,-0.3,1.9,334.0,-1.9725000000000001,1485,1659
1141395653681161,track,450933,True,,,-0.1953125,-0.625,1.6143811665789607,1.4771360957068356,-2.409669381153598,-2.29,3.42,3.902439024390244,-0.3,1.9,334.0,-2.1037500000000002,1484,1659
1141395673617342,track,450933,True,,,-0.1953125,-0.625,1.6143811665789607,1.4771360957068356,-2.409669381153598,-2.29,3.42,3.902439024390244,-0.3,1.9,334.0,-2.1037500000000002,1484,1659
1141395693568192,track,450934,True,,,-0.2046875,-0.63125,1.569161396612838,1.4486875077551304,-2.4301460825780246,-2.29,3.42,3.855421686746988,-0.3,1.9,334.0,-2.21625,1483,1659
1141395713570180,track,450935,True,,,-0.2140625,-0.6395833333333333,1.5133283883800448,1.4301959255865224,-2.457301940086194,-2.4,3.28,3.8095238095238093,-0.3,1.9,334.0,-2.32875,1483,1659
1141395733531761,track,450935,True,,,-0.2140625,-0.6395833333333333,1.5133283883800448,1.4301959255865224,-2.457301940086194,-2.4,3.28,3.8095238095238093,-0.3,1.9,334.0,-2.32875,1483,1659
1141395753603314,track,450936,True,,,-0.2234375,-0.6479166666666667,1.4574511513309918,1.416026840062375,-2.4842903230333837,-2.4,3.28,3.764705882352941,0.1,1.3,337.0,-2.44125,1482,1659
1141395773523953,track,450936,True,,,-0.2234375,-0.6479166666666667,1.4574511513309918,1.416026840062375,-2.4842903230333837,-2.4,3.28,3.764705882352941,0.1,1.3,337.0,-2.44125,1482,1659
1141395793552907,track,450937,True,,,-0.23125,-0.6541666666666667,1.4142834218379097,1.4068169344716792,-2.504421631838453,-2.4,3.28,3.67816091954023,0.1,1.3,337.0,-2.535,1481,1659
1141395813586016,track,450938,True,,,-0.2390625,-0.6604166666666667,1.3710635342906554,1.3887153077724415,-2.524458634497577,-2.4,3.28,3.67816091954023,0.1,1.3,337.0,-2.62875,1480,1659
1141395833547981,track,450938,True,,,-0.2390625,-0.6604166666666667,1.3710635342906554,1.3887153077724415,-2.524458634497577,-2.48,3.17,3.67816091954023,0.1,1.3,337.0,-2.62875,1480,1659
1141395853614534,track,450939,True,,,-0.24375,-0.6645833333333333,1.3430804008392445,1.3179186535101155,-2.537764233445216,-2.48,3.17,3.6363636363636362,0.1,1.3,337.0,-2.685,1480,1659
1141395873561750,track,450939,True,,,-0.24375,-0.6645833333333333,1.3430804008392445,1.3179186535101155,-2.537764233445216,-2.48,3.17,3.6363636363636362,0.1,1.3,337.0,-2.685,1480,1659
1141395893586200,track,450940,True,,,-0.2484375,-0.6666666666666666,1.3252119384034515,1.2719008282396036,-2.544401310833123,-2.48,3.17,3.595505617977528,0.1,1.3,337.0,-2.74125,1480,1659
1141395913577273,track,450941,True,,,-0.253125,-0.6666666666666666,1.3173600571165167,1.2644632344441198,-2.544401310833123,-2.53,3.08,3.5164835164835164,0.1,1.3,337.0,-2.7975,1479,1660
1141395933584514,track,450941,True,,,-0.253125,-0.6666666666666666,1.3173600571165167,1.2644632344441198,-2.544401310833123,-2.53,3.08,3.5164835164835164,0.1,1.3,337.0,-2.7975,1479,1660
1141395953592803,track,450942,True,,,-0.2546875,-0.6625,1.3348892455058716,1.2596287984770553,-2.53111667458443,-2.53,3.08,3.4782608695652173,0.1,1.3,337.0,-2.81625,1479,1660
1141395973535747,track,450942,True,,,-0.2546875,-0.6625,1.3348892455058716,1.2596287984770553,-2.53111667458443,-2.53,3.08,3.4782608695652173,0.1,1.3,337.0,-2.81625,1479,1660
1141395993535297,track,450943,True,,,-0.2546875,-0.6604166666666667,1.344986864382124,1.2004194687402825,-2.5244586344975777,-2.53,3.08,3.4782608695652173,0.1,1.3,337.0,-2.81625,1479,1660
1141396013526244,track,450944,True,,,-0.25625,-0.6541666666666667,1.3726050854145457,1.1619334044113803,-2.504421631838453,-2.57,2.95,3.404255319148936,0.1,1.3,337.0,-2.835,1479,1661
1141396033505772,track,450944,True,,,-0.25625,-0.6541666666666667,1.3726050854145457,1.1619334044113803,-2.504421631838453,-2.57,2.95,3.404255319148936,0.1,1.3,337.0,-2.835,1479,1661
1141396053611268,track,450945,True,,,-0.2546875,-0.6479166666666667,1.405709795392312,1.1136572765580899,-2.4842903230333837,-2.57,2.95,3.3684210526315788,0.1,1.3,337.0,-2.81625,1479,1661
1141396073521664,track,450945,True,,,-0.2546875,-0.6479166666666667,1.405709795392312,1.1136572765580899,-2.4842903230333837,-2.57,2.95,3.3684210526315788,0.1,1.3,337.0,-2.81625,1479,1661
1141396093548995,track,450946,True,,,-0.2515625,-0.6395833333333333,1.451832280658646,1.094395377246476,-2.4573019400861944,-2.57,2.95,3.3333333333333335,0.1,1.3,337.0,-2.7787500000000005,1479,1661
1141396113578798,track,450947,True,,,-0.2484375,-0.6333333333333333,1.4879200481938368,1.0732424166428762,-2.436950739508105,-2.6,2.82,3.2989690721649483,0.1,1.3,337.0,-2.74125,1480,1662
1141396133535987,track,450947,True,,,-0.2484375,-0.6333333333333333,1.4879200481938368,1.0732424166428762,-2.436950739508105,-2.6,2.82,3.2989690721649483,0.1,1.3,337.0,-2.74125,1480,1662
1141396153617270,track,450948,True,,,-0.2453125,-0.6291666666666667,1.5138615951476733,1.0594929922505365,-2.4233309685084143,-2.6,2.82,3.2989690721649483,0.1,1.3,337.0,-2.70375,1480,1662
1141396173586978,track,450948,True,,,-0.2453125,-0.6291666666666667,1.5138615951476733,1.0594929922505365,-2.4233309685084143,-2.6,2.82,3.2989690721649483,0.1,1.3,337.0,-2.70375,1480,1662
1141396193556614,track,450949,True,,,-0.240625,-0.6270833333333333,1.5322661652641039,1.0505558663955155,-2.416505400305007,-2.6,2.82,3.2653061224489797,0.1,1.3,337.0,-2.6475,1480,1662
1141396213571218,track,450950,True,,,-0.2359375,-0.625,1.5505958994550328,1.1013413741331068,-2.409669381153598,-2.6,2.82,3.2,0.1,1.3,337.0,-2.59125,1481,1662
1141396233521678,track,450950,True,,,-0.2359375,-0.625,1.5505958994550328,1.1013413741331068,-2.409669381153598,-2.6,2.82,3.2,0.1,1.3,337.0,-2.59125,1481,1662
1141396253572255,track,450951,True,,,-0.2296875,-0.6229166666666667,1.5714618750961011,1.134351954162541,-2.4028229144209314,-2.6,2.82,3.1683168316831685,0.1,1.3,337.0,-2.51625,1481,1662
1141396273575877,track,450951,True,,,-0.2296875,-0.6229166666666667,1.5714618750961011,1.134351954162541,-2.4028229144209314,-2.6,2.71,3.1683168316831685,0.1,1.3,337.0,-2.51625,1481,1662
1141396293549088,track,450952,True,,,-0.2234375,-0.625,1.5713618932511728,1.0724302240633605,-2.409669381153598,-2.6,2.71,3.1372549019607843,0.0,1.3,334.0,-2.44125,1482,1662
1141396313553909,track,450953,True,,,-0.21875,-0.625,1.5788909942953195,1.0234538590981566,-2.409669381153598,-2.6,2.71,3.1067961165048543,0.0,1.3,334.0,-2.3850000000000002,1482,1662
1141396333516557,track,450953,True,,,-0.21875,-0.625,1.5788909942953195,1.0234538590981566,-2.409669381153598,-2.6,2.71,3.1067961165048543,0.0,1.3,334.0,-2.3850000000000002,1482,1662
1141396353607902,track,450954,True,,,-0.2125,-0.6291666666666667,1.567813964572518,0.9870152380116772,-2.4233309685084143,-2.6,2.71,3.076923076923077,0.0,1.3,334.0,-2.31,1483,1662
1141396373631148,track,450954,True,,,-0.2125,-0.6291666666666667,1.567813964572518,0.9870152380116772,-2.4233309685084143,-2.59,2.63,3.076923076923077,0.0,1.3,334.0,-2.31,1483,1662
1141396393559034,track,450955,True,,,-0.2078125,-0.6291666666666667,1.5749578581870243,0.9633301343054657,-2.4233309685084143,-2.59,2.63,3.018867924528302,0.0,1.3,334.0,-2.25375,1483,1662
1141396413586527,track,450956,True,,,-0.2015625,-0.6291666666666667,1.5842591499704615,1.2128277695898495,-2.4233309685084143,-2.59,2.63,2.962962962962963,0.0,1.3,334.0,-2.17875,1484,1662
1141396433589584,track,450956,True,,,-0.2015625,-0.6291666666666667,1.5842591499704615,1.2128277695898495,-2.4233309685084143,-2.59,2.63,2.962962962962963,0.0,1.3,334.0,-2.17875,1484,1662
1141396453589024,track,450957,True,,,-0.1984375,-0.6291666666666667,1.588813204974245,1.3750012325246987,-2.4233309685084143,-2.6,2.54,2.909090909090909,0.0,1.3,334.0,-2.14125,1484,1662
1141396473613420,track,450957,True,,,-0.1984375,-0.6291666666666667,1.588813204974245,1.3750012325246987,-2.4233309685084143,-2.6,2.54,2.909090909090909,0.0,1.3,334.0,-2.14125,1484,1662
1141396493572999,track,450958,True,,,-0.19375,-0.6270833333333333,1.606066550938001,1.4543158386084851,-2.416505400305007,-2.6,2.54,2.909090909090909,0.0,1.3,334.0,-2.085,1484,1662
1141396513550818,track,450959,True,,,-0.190625,-0.6229166666666667,1.6316157996499328,1.5058703325629461,-2.4028229144209314,-2.6,2.54,2.857142857142857,0.0,1.3,334.0,-2.0475,1485,1662
1141396533541775,track,450959,True,,,-0.190625,-0.6229166666666667,1.6316157996499328,1.5058703325629461,-2.4028229144209314,-2.6,2.54,2.857142857142857,0.0,1.3,334.0,-2.0475,1485,1662
1141396553564253,track,450960,True,,,-0.1890625,-0.6166666666666667,1.6656018813549562,1.2480463136731736,-2.382220865135499,-2.6,2.54,2.831858407079646,0.0,1.3,334.0,-2.02875,1485,1662
1141396573554778,track,450961,True,,,-0.1890625,-0.6125,1.6868313245865396,1.3270003643474884,-2.368433997651751,-2.63,2.42,2.782608695652174,0.0,1.3,334.0,-2.02875,1485,1663
1141396593533354,track,450961,True,,,-0.1890625,-0.6125,1.6868313245865396,1.3270003643474884,-2.368433997651751,-2.63,2.42,2.782608695652174,0.0,1.3,334.0,-2.02875,1485,1663
1141396613547633,track,450962,True,,,-0.1890625,-0.60625,1.7187273250186779,1.1317808343331262,-2.3476755320506397,-2.63,2.42,2.7586206896551726,0.0,1.3,334.0,-2.02875,1485,1663
1141396633565922,track,450962,True,,,-0.1890625,-0.60625,1.7187273250186779,1.1317808343331262,-2.3476755320506397,-2.63,2.42,2.7586206896551726,0.0,1.3,334.0,-2.02875,1485,1663
1141396653632461,track,450963,True,,,-0.190625,-0.6020833333333333,1.7377471901225883,1.2191387532978064,-2.3337845019393852,-2.63,2.42,2.711864406779661,0.0,1.3,334.0,-2.0475,1485,1663
1141396673584007,track,450964,True,,,-0.19375,-0.5979166666666667,1.7544127827858755,1.0471954849331024,-2.319851878599484,-2.63,2.42,2.689075630252101,0.0,1.3,334.0,-2.085,1484,1663
1141396693526581,track,450964,True,,,-0.19375,-0.5979166666666667,1.7544127827858755,1.0471954849331024,-2.319851878599484,-2.68,2.3,2.689075630252101,0.0,1.3,334.0,-2.085,1484,1664
1141396713558979,track,450965,True,,,-0.2,-0.5958333333333333,1.7555359724028203,1.1641582761877909,-2.3128699836038833,-2.68,2.3,2.644628099173554,0.0,1.3,334.0,-2.16,1484,1664
1141396733576013,track,450965,True,,,-0.2,-0.5958333333333333,1.7555359724028203,1.1641582761877909,-2.3128699836038833,-2.68,2.3,2.644628099173554,0.0,1.3,334.0,-2.16,1484,1664
1141396753588315,track,450966,True,,,-0.203125,-0.59375,1.7612708651272975,1.2132583476619843,-2.3058777076481767,-2.68,2.3,2.6016260162601625,0.0,1.3,334.0,-2.1975000000000002,1484,1664
1141396773546076,track,450967,True,,,-0.209375,-0.59375,1.7513056545539125,1.24517339412021,-2.305877707648177,-2.74,2.15,2.5806451612903225,0.0,1.3,334.0,-2.2725,1483,1665
1141396793549058,track,450967,True,,,-0.209375,-0.59375,1.7513056545539125,1.24517339412021,-2.305877707648177,-2.74,2.15,2.5806451612903225,0.0,1.3,334.0,-2.2725,1483,1665
1141396813607801,track,450968,True,,,-0.21875,-0.5916666666666667,1.7463654952573875,1.0310932244842141,-2.2988750569171574,-2.74,2.15,2.56,0.0,1.3,334.0,-2.3850000000000002,1482,1665
1141396833587008,track,450968,True,,,-0.21875,-0.5916666666666667,1.7463654952573875,1.0310932244842141,-2.2988750569171574,-2.74,2.15,2.56,0.0,1.3,334.0,-2.3850000000000002,1482,1665
1141396853614511,track,450969,True,,,-0.228125,-0.5916666666666667,1.7302627116134186,0.8919411142208169,-2.2988750569171574,-2.74,2.15,2.5196850393700787,0.0,1.3,334.0,-2.4975,1481,1665
1141396873560435,track,450970,True,,,-0.2390625,-0.5916666666666667,1.7107353268821646,0.981487305361094,-2.2988750569171574,-2.74,2.15,2.4615384615384617,0.0,1.5,331.0,-2.62875,1480,1665
1141396893597245,track,450970,True,,,-0.2390625,-0.5916666666666667,1.7107353268821646,0.981487305361094,-2.2988750569171574,-2.71,2.07,2.4615384615384617,0.0,1.5,331.0,-2.62875,1480,1665
1141396913591436,track,450971,True,,,-0.25,-0.5916666666666667,1.6904244271419233,1.0396923296022742,-2.2988750569171574,-2.71,2.07,2.4242424242424243,0.0,1.5,331.0,-2.7600000000000002,1479,1665
1141396933587071,track,450971,True,,,-0.25,-0.5916666666666667,1.6904244271419233,1.0396923296022742,-2.2988750569171574,-2.71,2.07,2.4242424242424243,0.0,1.5,331.0,-2.7600000000000002,1479,1665
1141396953571390,track,450972,True,,,-0.2625,-0.5916666666666667,1.6662720512884122,1.0857844848809124,-2.2988750569171574,-2.71,2.07,2.388059701492537,0.0,1.5,331.0,-2.91,1478,1665
1141396973559839,track,450973,True,,,-0.2765625,-0.5916666666666667,1.6379296478586536,1.090603761001363,-2.2988750569171574,-2.71,2.07,2.3529411764705883,0.0,1.5,331.0,-3.0787499999999994,1477,1665
1141396993542280,track,450973,True,,,-0.2765625,-0.5916666666666667,1.6379296478586536,1.090603761001363,-2.2988750569171574,-2.61,1.99,2.3529411764705883,0.0,1.5,331.0,-3.0787499999999994,1477,1664
1141397013561761,track,450974,True,,,-0.2890625,-0.59375,1.601687851929046,1.0814671671161888,-2.3058777076481767,-2.61,1.99,2.318840579710145,0.0,1.5,331.0,-3.22875,1476,1664
1141397033594490,track,450974,True,,,-0.2890625,-0.59375,1.601687851929046,1.0814671671161888,-2.3058777076481767,-2.61,1.99,2.318840579710145,0.0,1.5,331.0,-3.22875,1476,1664
1141397053622402,track,450975,True,,,-0.303125,-0.59375,1.5711948065990384,1.0656829442349252,-2.3058777076481767,-2.61,1.99,2.2857142857142856,0.0,1.5,331.0,-3.3974999999999995,1475,1664
1141397073547704,track,450976,True,,,-0.31875,-0.5958333333333333,1.526163888416656,1.055423199362104,-2.3128699836038833,-2.61,1.99,2.237762237762238,0.0,1.5,331.0,-3.5849999999999995,1473,1664
1141397093535635,track,450976,True,,,-0.31875,-0.5958333333333333,1.526163888416656,1.055423199362104,-2.3128699836038833,-2.61,1.99,2.237762237762238,0.0,1.5,331.0,-3.5849999999999995,1473,1664
1141397113542998,track,450977,True,,,-0.3328125,-0.5958333333333333,1.4934030098610795,1.0264547998506486,-2.3128699836038837,-2.52,1.87,2.206896551724138,0.0,1.5,331.0,-3.75375,1472,1662
1141397133566616,track,450978,True,,,-0.35,-0.5979166666666667,1.4423404540275746,1.145680838665169,-2.3198518785994837,-2.52,1.87,2.1621621621621623,0.0,1.5,331.0,-3.9599999999999995,1470,1662
1141397153597728,track,450978,True,,,-0.35,-0.5979166666666667,1.4423404540275746,1.145680838665169,-2.3198518785994837,-2.52,1.87,2.1621621621621623,0.0,1.5,331.0,-3.9599999999999995,1470,1662
1141397173592836,track,450979,True,,,-0.3640625,-0.6,1.3978931479145738,1.0757091710678062,-2.3268233866439894,-2.52,1.87,2.1333333333333333,0.0,1.5,331.0,-4.12875,1469,1662
1141397193589824,track,450979,True,,,-0.3640625,-0.6,1.3978931479145738,1.0757091710678062,-2.3268233866439894,-2.52,1.87,2.1333333333333333,0.0,1.5,331.0,-4.12875,1469,1662
1141397213554941,track,450980,True,,,-0.3796875,-0.6020833333333333,1.3486338625287015,1.1600600475171354,-2.3337845019393852,-2.45,1.78,2.0915032679738563,0.0,1.5,331.0,-4.31625,1468,1661
1141397233550089,track,450981,True,,,-0.39375,-0.6041666666666666,1.3025716110123704,1.1831569928733277,-2.3407352188797943,-2.45,1.78,2.051282051282051,0.0,1.5,331.0,-4.484999999999999,1467,1661
1141397253527856,track,450981,True,,,-0.39375,-0.6041666666666666,1.3025716110123704,1.1831569928733277,-2.3407352188797943,-2.45,1.78,2.051282051282051,0.0,1.5,331.0,-4.484999999999999,1467,1661
1141397273552619,track,450982,True,,,-0.40625,-0.60625,1.26001775870019,1.1981700073548527,-2.3476755320506397,-2.45,1.78,2.0125786163522013,0.0,1.5,331.0,-4.635,1465,1661
1141397293559658,track,450982,True,,,-0.40625,-0.60625,1.26001775870019,1.1981700073548527,-2.3476755320506397,-2.33,1.72,2.0125786163522013,0.0,1.5,331.0,-4.635,1465,1660
1141397313592977,track,450983,True,,,-0.421875,-0.6083333333333333,1.2083512349261905,1.1897267772160145,-2.3546054362277973,-2.33,1.72,1.9753086419753085,0.0,1.5,331.0,-4.8225,1464,1660
1141397333602767,track,450984,True,,,-0.434375,-0.6125,1.1557415524955637,1.1679056110855859,-2.368433997651751,-2.33,1.72,1.9393939393939394,0.0,1.5,331.0,-4.9725,1463,1660
1141397353600278,track,450984,True,,,-0.434375,-0.6125,1.1557415524955637,1.1679056110855859,-2.368433997651751,-2.33,1.72,1.9393939393939394,0.0,1.5,331.0,-4.9725,1463,1660
1141397373655482,track,450985,True,,,-0.44375,-0.61875,1.1028653254741274,1.1291588053939783,-2.3890986525888156,-2.21,1.68,1.9047619047619047,0.0,1.5,331.0,-5.084999999999999,1462,1658
1141397393610752,track,450985,True,,,-0.44375,-0.61875,1.1028653254741274,1.1291588053939783,-2.3890986525888156,-2.21,1.68,1.9047619047619047,0.0,1.5,331.0,-5.084999999999999,1462,1658
1141397413550781,track,450986,True,,,-0.45625,-0.6229166666666667,1.049936520889372,1.1039733816944333,-2.402822914420931,-2.21,1.68,1.8604651162790697,0.2,1.0,331.0,-5.234999999999999,1461,1658
1141397433560484,track,450986,True,visual hold: bounding box clipped by bottom image edge,,-0.465625,-0.6229166666666667,0.5,1.1039733816944333,-2.402822914420931,-2.21,1.68,,0.2,1.0,331.0,-5.3475,1460,1658
1141397453641768,track,450986,True,visual hold: bounding box clipped by bottom image edge,,-0.465625,-0.6229166666666667,0.5,1.1039733816944333,-2.402822914420931,-2.21,1.68,,0.2,1.0,331.0,-5.3475,1460,1658
1141397473705332,track,450986,True,visual hold: bounding box clipped by bottom image edge,,-0.475,-0.6229166666666667,0.5,1.1039733816944333,-2.402822914420931,-2.21,1.68,,0.2,1.0,331.0,-5.459999999999999,1459,1658
1141397493625868,track,450986,True,visual hold: bounding box clipped by bottom image edge,,-0.475,-0.6229166666666667,0.5,1.1039733816944333,-2.402822914420931,-2.21,1.68,,0.2,1.0,331.0,-5.459999999999999,1459,1658
1141397513585814,track,450986,True,visual hold: bounding box clipped by bottom image edge,,-0.4828125,-0.6208333333333333,0.5,1.1039733816944333,-2.401781247754264,-2.21,1.68,,0.2,1.0,331.0,-5.553749999999999,1459,1658
1141397533569528,track,450986,True,visual hold: bounding box clipped by bottom image edge,,-0.490625,-0.61875,0.5,1.1039733816944333,-2.4007395810875973,-2.07,1.61,,0.2,1.0,331.0,-5.647499999999999,1458,1656
1141397553550921,track,450986,True,visual hold: bounding box clipped by bottom image edge,,-0.490625,-0.61875,0.5,1.1039733816944333,-2.4007395810875973,-2.07,1.61,,0.2,1.0,331.0,-5.647499999999999,1458,1656
1141397573589967,track,450986,True,visual hold: bounding box clipped by bottom image edge,,-0.496875,-0.6166666666666667,0.5,1.1039733816944333,-2.3996979144209307,-2.07,1.61,,0.2,1.0,331.0,-5.7225,1457,1656
1141397593597367,track,450986,True,visual hold: bounding box clipped by bottom image edge,,-0.496875,-0.6166666666666667,0.5,1.1039733816944333,-2.3996979144209307,-2.07,1.61,,0.2,1.0,331.0,-5.7225,1457,1656
1141397613558454,track,450986,True,visual hold: bounding box clipped by bottom image edge,,-0.503125,-0.6125,0.5,1.1039733816944333,-2.3976145810875975,-2.07,1.61,,0.2,1.0,331.0,-5.7975,1457,1656
1141397633583422,track,450986,True,visual hold: bounding box clipped by bottom image edge,,-0.50625,-0.6104166666666667,0.5,1.1039733816944333,-2.396572914420931,-2.07,1.61,,0.2,1.0,331.0,-5.834999999999999,1456,1656
1141397653651050,aborted,450993,False,bounding box clipped by bottom image edge,bounding box clipped by bottom image edge,-0.50625,-0.6104166666666667,0.0,,0.0,0.0,1.5,,0.2,1.0,331.0,0.0,1500,1660
