local_time,elapsed_s,sample_source,phase,state,armed,altitude_setpoint_m,altitude_m,vertical_speed_m_s,roll_deg,pitch_deg,yaw_deg,joystick_roll_pwm,joystick_pitch_pwm,joystick_throttle_pwm,joystick_yaw_pwm,output_roll_pwm,output_pitch_pwm,output_throttle_pwm,output_yaw_pwm,altitude_error_m,pitch_target_deg,pitch_error_deg
2026-08-06T16:58:10.436+03:00,0.021240,V2_EXTENSION,Waiting for bt-app telemetry,,0,,,,,,,1500,1500,1000,1500,,,,,,-10.0,
2026-08-06T16:58:10.482+03:00,0.067723,V2_EXTENSION,Waiting for bt-app telemetry,,0,,,,,,,1500,1500,1000,1500,1500,1500,1000,1500,,-10.0,
2026-08-06T16:58:10.483+03:00,0.068033,V2_EXTENSION,Waiting for bt-app telemetry,,0,,,,,,,1500,1500,1000,1500,1500,1500,1000,1500,,-10.0,
2026-08-06T16:58:10.534+03:00,0.119574,V2_EXTENSION,Waiting for bt-app telemetry,,0,,,,,,,1500,1500,1000,1500,1500,1500,1000,1500,,-10.0,
2026-08-06T16:58:10.586+03:00,0.171061,V2_EXTENSION,Waiting for bt-app telemetry,,0,,,,,,,1500,1500,1000,1500,1500,1500,1000,1500,,-10.0,
2026-08-06T16:58:10.586+03:00,0.171355,V2_EXTENSION,Waiting for bt-app telemetry,,0,,,,,,,1500,1500,1000,1500,1500,1500,1000,1500,,-10.0,
2026-08-06T16:58:10.632+03:00,0.217611,V2_EXTENSION,Waiting for bt-app telemetry,,0,,,,,,,1500,1500,1000,1500,1500,1500,1000,1500,,-10.0,
2026-08-06T16:58:10.683+03:00,0.268791,V2_EXTENSION,Waiting for bt-app telemetry,,0,,,,,,,1500,1500,1000,1500,1500,1500,1000,1500,,-10.0,
2026-08-06T16:58:10.684+03:00,0.269031,V2_EXTENSION,Waiting for bt-app telemetry,,0,,,,,,,1500,1500,1000,1500,1500,1500,1000,1500,,-10.0,
2026-08-06T16:58:10.735+03:00,0.320212,V2_EXTENSION,Waiting for bt-app telemetry,,0,,,,,,,1500,1500,1000,1500,1500,1500,1000,1500,,-10.0,
2026-08-06T16:58:10.756+03:00,0.340883,GLOBAL_POSITION_INT,Waiting for bt-app telemetry,,0,,0.0,,,,,1500,1500,1000,1500,1500,1500,1000,1500,,-10.0,
2026-08-06T16:58:10.756+03:00,0.341002,ATTITUDE,Waiting for bt-app telemetry,,0,,0.0,,0.0,0.0,356.9999996891463,1500,1500,1000,1500,1500,1500,1000,1500,,-10.0,-10.0
2026-08-06T16:58:10.756+03:00,0.341138,RC_CHANNELS,Waiting for bt-app telemetry,,0,,0.0,,0.0,0.0,356.9999996891463,1500,1500,1000,1500,1500,1500,1000,1500,,-10.0,-10.0
2026-08-06T16:58:10.781+03:00,0.366885,V2_EXTENSION,Waiting for bt-app telemetry,,0,,0.0,,0.0,0.0,356.9999996891463,1500,1500,1000,1500,1500,1500,1000,1500,,-10.0,-10.0
2026-08-06T16:58:10.787+03:00,0.372384,V2_EXTENSION,Waiting for bt-app telemetry,,0,,0.0,,0.0,0.0,356.9999996891463,1500,1500,1000,1500,1500,1500,1000,1500,,-10.0,-10.0
2026-08-06T16:58:10.833+03:00,0.418860,V2_EXTENSION,Waiting for bt-app telemetry,,0,,0.0,,0.0,0.0,356.9999996891463,1500,1500,1000,1500,1500,1500,1000,1500,,-10.0,-10.0
2026-08-06T16:58:10.885+03:00,0.470205,V2_EXTENSION,Waiting for bt-app telemetry,,0,,0.0,,0.0,0.0,356.9999996891463,1500,1500,1000,1500,1500,1500,1000,1500,,-10.0,-10.0
2026-08-06T16:58:10.885+03:00,0.470471,V2_EXTENSION,Waiting for bt-app telemetry,,0,,0.0,,0.0,0.0,356.9999996891463,1500,1500,1000,1500,1500,1500,1000,1500,,-10.0,-10.0
2026-08-06T16:58:10.937+03:00,0.522217,V2_EXTENSION,Arming in MANUAL mode,0,0,,0.0,,0.0,0.0,356.9999996891463,1500,1500,1000,1500,1500,1500,1000,1500,,-10.0,-10.0
2026-08-06T16:58:10.983+03:00,0.568434,V2_EXTENSION,Arming in MANUAL mode,0,0,,0.0,,0.0,0.0,356.9999996891463,1500,1500,1000,1500,1500,1500,1000,1500,,-10.0,-10.0
2026-08-06T16:58:10.988+03:00,0.573875,V2_EXTENSION,Arming in MANUAL mode,0,0,,0.0,,0.0,0.0,356.9999996891463,1500,1500,1000,1500,1500,1500,1000,1500,,-10.0,-10.0
2026-08-06T16:58:11.035+03:00,0.620200,V2_EXTENSION,Arming in MANUAL mode,0,0,,0.0,,0.0,0.0,356.9999996891463,1500,1500,1000,1500,1500,1500,1000,1500,,-10.0,-10.0
2026-08-06T16:58:11.086+03:00,0.671315,V2_EXTENSION,Arming in MANUAL mode,0,0,,0.0,,0.0,0.0,356.9999996891463,1500,1500,1000,1500,1500,1500,1000,1500,,-10.0,-10.0
2026-08-06T16:58:11.086+03:00,0.671566,V2_EXTENSION,Arming in MANUAL mode,0,0,,0.0,,0.0,0.0,356.9999996891463,1500,1500,1000,1500,1500,1500,1000,1500,,-10.0,-10.0
2026-08-06T16:58:11.137+03:00,0.722871,V2_EXTENSION,Arming in MANUAL mode,0,0,,0.0,,0.0,0.0,356.9999996891463,1500,1500,1000,1500,1500,1500,1000,1500,,-10.0,-10.0
2026-08-06T16:58:11.184+03:00,0.768948,V2_EXTENSION,Arming in MANUAL mode,0,0,,0.0,,0.0,0.0,356.9999996891463,1500,1500,1000,1500,1500,1500,1000,1500,,-10.0,-10.0
2026-08-06T16:58:11.189+03:00,0.774503,V2_EXTENSION,Arming in MANUAL mode,0,0,,0.0,,0.0,0.0,356.9999996891463,1500,1500,1000,1500,1500,1500,1000,1500,,-10.0,-10.0
2026-08-06T16:58:11.235+03:00,0.820757,V2_EXTENSION,Arming in MANUAL mode,0,0,,0.0,,0.0,0.0,356.9999996891463,1500,1500,1000,1500,1500,1500,1000,1500,,-10.0,-10.0
2026-08-06T16:58:11.256+03:00,0.841373,GLOBAL_POSITION_INT,Arming in MANUAL mode,0,0,,0.0,0.0,0.0,0.0,356.9999996891463,1500,1500,1000,1500,1500,1500,1000,1500,,-10.0,-10.0
2026-08-06T16:58:11.256+03:00,0.841511,ATTITUDE,Arming in MANUAL mode,0,0,,0.0,0.0,0.0,0.0,356.9999996891463,1500,1500,1000,1500,1500,1500,1000,1500,,-10.0,-10.0
2026-08-06T16:58:11.256+03:00,0.841633,RC_CHANNELS,Arming in MANUAL mode,0,0,,0.0,0.0,0.0,0.0,356.9999996891463,1500,1500,1000,1500,1500,1500,1000,1500,,-10.0,-10.0
2026-08-06T16:58:11.287+03:00,0.872455,V2_EXTENSION,Arming in MANUAL mode,0,0,,0.0,0.0,0.0,0.0,356.9999996891463,1500,1500,1000,1500,1500,1500,1000,1500,,-10.0,-10.0
2026-08-06T16:58:11.287+03:00,0.872761,V2_EXTENSION,Arming in MANUAL mode,0,0,,0.0,0.0,0.0,0.0,356.9999996891463,1500,1500,1000,1500,1500,1500,1000,1500,,-10.0,-10.0
2026-08-06T16:58:11.339+03:00,0.924008,V2_EXTENSION,Arming in MANUAL mode,0,0,,0.0,0.0,0.0,0.0,356.9999996891463,1500,1500,1000,1500,1500,1500,1000,1500,,-10.0,-10.0
2026-08-06T16:58:11.385+03:00,0.970195,V2_EXTENSION,Arming in MANUAL mode,0,0,,0.0,0.0,0.0,0.0,356.9999996891463,1500,1500,1000,1500,1500,1500,1000,1500,,-10.0,-10.0
2026-08-06T16:58:11.385+03:00,0.970531,V2_EXTENSION,Arming in MANUAL mode,0,0,,0.0,0.0,0.0,0.0,356.9999996891463,1500,1500,1000,1500,1500,1500,1000,1500,,-10.0,-10.0
2026-08-06T16:58:11.436+03:00,1.021838,V2_EXTENSION,Arming in MANUAL mode,0,0,,0.0,0.0,0.0,0.0,356.9999996891463,1500,1500,1000,1500,1500,1500,1000,1500,,-10.0,-10.0
2026-08-06T16:58:11.488+03:00,1.073039,V2_EXTENSION,Arming in MANUAL mode,0,0,,0.0,0.0,0.0,0.0,356.9999996891463,1500,1500,1000,1500,1500,1500,1000,1500,,-10.0,-10.0
2026-08-06T16:58:11.488+03:00,1.073288,V2_EXTENSION,Arming in MANUAL mode,0,0,,0.0,0.0,0.0,0.0,356.9999996891463,1500,1500,1000,1500,1500,1500,1000,1500,,-10.0,-10.0
2026-08-06T16:58:11.539+03:00,1.124579,V2_EXTENSION,Arming in MANUAL mode,0,0,,0.0,0.0,0.0,0.0,356.9999996891463,1500,1500,1000,1500,1500,1500,1000,1500,,-10.0,-10.0
2026-08-06T16:58:11.585+03:00,1.170610,V2_EXTENSION,Arming in MANUAL mode,0,0,,0.0,0.0,0.0,0.0,356.9999996891463,1500,1500,1000,1500,1500,1500,1000,1500,,-10.0,-10.0
2026-08-06T16:58:11.586+03:00,1.170883,V2_EXTENSION,Arming in MANUAL mode,0,0,,0.0,0.0,0.0,0.0,356.9999996891463,1500,1500,1000,1500,1500,1500,1000,1500,,-10.0,-10.0
2026-08-06T16:58:11.637+03:00,1.222248,V2_EXTENSION,Arming in MANUAL mode,0,0,,0.0,0.0,0.0,0.0,356.9999996891463,1500,1500,1000,1500,1500,1500,1000,1500,,-10.0,-10.0
2026-08-06T16:58:11.683+03:00,1.268593,V2_EXTENSION,Arming in MANUAL mode,0,0,,0.0,0.0,0.0,0.0,356.9999996891463,1500,1500,1000,1500,1500,1500,1000,1500,,-10.0,-10.0
2026-08-06T16:58:11.689+03:00,1.274028,V2_EXTENSION,Arming in MANUAL mode,0,0,,0.0,0.0,0.0,0.0,356.9999996891463,1500,1500,1000,1500,1500,1500,1000,1500,,-10.0,-10.0
2026-08-06T16:58:11.740+03:00,1.325808,V2_EXTENSION,Arming in MANUAL mode,0,0,,0.0,0.0,0.0,0.0,356.9999996891463,1500,1500,1000,1500,1500,1500,1000,1500,,-10.0,-10.0
2026-08-06T16:58:11.756+03:00,1.341320,GLOBAL_POSITION_INT,Arming in MANUAL mode,0,0,,0.0,0.0,0.0,0.0,356.9999996891463,1500,1500,1000,1500,1500,1500,1000,1500,,-10.0,-10.0
2026-08-06T16:58:11.756+03:00,1.341479,ATTITUDE,Arming in MANUAL mode,0,0,,0.0,0.0,0.0,0.0,356.9999996891463,1500,1500,1000,1500,1500,1500,1000,1500,,-10.0,-10.0
2026-08-06T16:58:11.756+03:00,1.341613,RC_CHANNELS,Arming in MANUAL mode,0,0,,0.0,0.0,0.0,0.0,356.9999996891463,1500,1500,1000,1500,1500,1500,1000,1500,,-10.0,-10.0
2026-08-06T16:58:11.787+03:00,1.372379,V2_EXTENSION,Arming in MANUAL mode,0,0,,0.0,0.0,0.0,0.0,356.9999996891463,1500,1500,1000,1500,1500,1500,1000,1500,,-10.0,-10.0
2026-08-06T16:58:11.787+03:00,1.372758,V2_EXTENSION,Arming in MANUAL mode,0,0,,0.0,0.0,0.0,0.0,356.9999996891463,1500,1500,1000,1500,1500,1500,1000,1500,,-10.0,-10.0
2026-08-06T16:58:11.839+03:00,1.424266,V2_EXTENSION,Arming in MANUAL mode,0,0,,0.0,0.0,0.0,0.0,356.9999996891463,1500,1500,1000,1500,1500,1500,1000,1500,,-10.0,-10.0
2026-08-06T16:58:11.885+03:00,1.470470,V2_EXTENSION,Arming in MANUAL mode,0,0,,0.0,0.0,0.0,0.0,356.9999996891463,1500,1500,1000,1500,1500,1500,1000,1500,,-10.0,-10.0
2026-08-06T16:58:11.891+03:00,1.476025,V2_EXTENSION,Arming in MANUAL mode,6,0,,0.0,0.0,0.0,0.0,356.9999996891463,1500,1500,1000,1500,1500,1500,1000,1500,,-10.0,-10.0
2026-08-06T16:58:11.937+03:00,1.522370,V2_EXTENSION,Arming in MANUAL mode,6,0,,0.0,0.0,0.0,0.0,356.9999996891463,1500,1500,1000,1500,1500,1500,1000,1500,,-10.0,-10.0
2026-08-06T16:58:11.988+03:00,1.573803,V2_EXTENSION,Arming in MANUAL mode,6,0,,0.0,0.0,0.0,0.0,356.9999996891463,1500,1500,1000,1500,1500,1500,1000,1500,,-10.0,-10.0
2026-08-06T16:58:11.989+03:00,1.574143,V2_EXTENSION,Arming in MANUAL mode,6,0,,0.0,0.0,0.0,0.0,356.9999996891463,1500,1500,1000,1500,1500,1500,1000,1500,,-10.0,-10.0
2026-08-06T16:58:12.040+03:00,1.625550,V2_EXTENSION,Arming in MANUAL mode,6,0,,0.0,0.0,0.0,0.0,356.9999996891463,1500,1500,1000,1500,1500,1500,1000,1500,,-10.0,-10.0
2026-08-06T16:58:12.086+03:00,1.671757,V2_EXTENSION,Arming in MANUAL mode,6,0,,0.0,0.0,0.0,0.0,356.9999996891463,1500,1500,1000,1500,1500,1500,1000,1500,,-10.0,-10.0
2026-08-06T16:58:12.092+03:00,1.677219,V2_EXTENSION,Arming in MANUAL mode,6,0,,0.0,0.0,0.0,0.0,356.9999996891463,1500,1500,1000,1500,1500,1500,1000,1500,,-10.0,-10.0
2026-08-06T16:58:12.138+03:00,1.723359,V2_EXTENSION,Arming in MANUAL mode,6,0,,0.0,0.0,0.0,0.0,356.9999996891463,1500,1500,1000,1500,1500,1500,1000,1500,,-10.0,-10.0
2026-08-06T16:58:12.189+03:00,1.774451,V2_EXTENSION,Arming in MANUAL mode,6,0,,0.0,0.0,0.0,0.0,356.9999996891463,1500,1500,1000,1500,1500,1500,1000,1500,,-10.0,-10.0
2026-08-06T16:58:12.189+03:00,1.774694,V2_EXTENSION,Arming in MANUAL mode,6,0,,0.0,0.0,0.0,0.0,356.9999996891463,1500,1500,1000,1500,1500,1500,1000,1500,,-10.0,-10.0
2026-08-06T16:58:12.241+03:00,1.826032,V2_EXTENSION,Arming in MANUAL mode,6,0,,0.0,0.0,0.0,0.0,356.9999996891463,1500,1500,1000,1500,1500,1500,1000,1500,,-10.0,-10.0
2026-08-06T16:58:12.256+03:00,1.841577,GLOBAL_POSITION_INT,Arming in MANUAL mode,6,0,,0.0,0.0,0.0,0.0,356.9999996891463,1500,1500,1000,1500,1500,1500,1000,1500,,-10.0,-10.0
2026-08-06T16:58:12.256+03:00,1.841730,ATTITUDE,Arming in MANUAL mode,6,0,,0.0,0.0,0.0,0.0,356.9999996891463,1500,1500,1000,1500,1500,1500,1000,1500,,-10.0,-10.0
2026-08-06T16:58:12.257+03:00,1.841952,RC_CHANNELS,Arming in MANUAL mode,6,0,,0.0,0.0,0.0,0.0,356.9999996891463,1500,1500,1000,1500,1500,1500,1000,1500,,-10.0,-10.0
2026-08-06T16:58:12.287+03:00,1.872609,V2_EXTENSION,Arming in MANUAL mode,6,0,,0.0,0.0,0.0,0.0,356.9999996891463,1500,1500,1000,1500,1500,1500,1000,1500,,-10.0,-10.0
2026-08-06T16:58:12.293+03:00,1.878000,V2_EXTENSION,Arming in MANUAL mode,6,0,,0.0,0.0,0.0,0.0,356.9999996891463,1500,1500,1000,1500,1500,1500,1000,1500,,-10.0,-10.0
2026-08-06T16:58:12.339+03:00,1.924053,V2_EXTENSION,Arming in MANUAL mode,6,0,,0.0,0.0,0.0,0.0,356.9999996891463,1500,1500,1000,1500,1500,1500,1000,1500,,-10.0,-10.0
2026-08-06T16:58:12.385+03:00,1.970060,V2_EXTENSION,Arming in MANUAL mode,6,0,,0.0,0.0,0.0,0.0,356.9999996891463,1500,1500,1000,1500,1500,1500,1000,1500,,-10.0,-10.0
2026-08-06T16:58:12.390+03:00,1.975445,V2_EXTENSION,Arming in MANUAL mode,6,0,,0.0,0.0,0.0,0.0,356.9999996891463,1500,1500,1000,1500,1500,1500,1000,1500,,-10.0,-10.0
2026-08-06T16:58:12.442+03:00,2.026987,V2_EXTENSION,Arming in MANUAL mode,6,0,,0.0,0.0,0.0,0.0,356.9999996891463,1500,1500,1000,1500,1500,1500,1000,1500,,-10.0,-10.0
2026-08-06T16:58:12.489+03:00,2.074688,V2_EXTENSION,Arming in MANUAL mode,6,0,,0.0,0.0,0.0,0.0,356.9999996891463,1500,1500,1000,1500,1500,1500,1000,1500,,-10.0,-10.0
2026-08-06T16:58:12.490+03:00,2.074938,V2_EXTENSION,Arming in MANUAL mode,6,0,,0.0,0.0,0.0,0.0,356.9999996891463,1500,1500,1000,1500,1500,1500,1000,1500,,-10.0,-10.0
2026-08-06T16:58:12.541+03:00,2.126155,V2_EXTENSION,Arming in MANUAL mode,6,0,,0.0,0.0,0.0,0.0,356.9999996891463,1500,1500,1000,1500,1500,1500,1000,1500,,-10.0,-10.0
2026-08-06T16:58:12.587+03:00,2.172262,V2_EXTENSION,Arming in MANUAL mode,6,0,,0.0,0.0,0.0,0.0,356.9999996891463,1500,1500,1000,1500,1500,1500,1000,1500,,-10.0,-10.0
2026-08-06T16:58:12.592+03:00,2.177754,V2_EXTENSION,Arming in MANUAL mode,6,0,,0.0,0.0,0.0,0.0,356.9999996891463,1500,1500,1000,1500,1500,1500,1000,1500,,-10.0,-10.0
2026-08-06T16:58:12.644+03:00,2.229331,V2_EXTENSION,Arming in MANUAL mode,6,0,,0.0,0.0,0.0,0.0,356.9999996891463,1500,1500,1000,1500,1500,1500,1000,1500,,-10.0,-10.0
2026-08-06T16:58:12.685+03:00,2.270329,V2_EXTENSION,Arming in MANUAL mode,6,0,,0.0,0.0,0.0,0.0,356.9999996891463,1500,1500,1000,1500,1500,1500,1000,1500,,-10.0,-10.0
2026-08-06T16:58:12.690+03:00,2.275840,V2_EXTENSION,Arming in MANUAL mode,6,0,,0.0,0.0,0.0,0.0,356.9999996891463,1500,1500,1000,1500,1500,1500,1000,1500,,-10.0,-10.0
2026-08-06T16:58:12.742+03:00,2.327083,V2_EXTENSION,Arming in MANUAL mode,6,0,,0.0,0.0,0.0,0.0,356.9999996891463,1500,1500,1000,1500,1500,1500,1000,1500,,-10.0,-10.0
2026-08-06T16:58:12.757+03:00,2.342574,GLOBAL_POSITION_INT,Arming in MANUAL mode,6,0,,0.0,0.0,0.0,0.0,356.9999996891463,1500,1500,1000,1500,1500,1500,1000,1500,,-10.0,-10.0
2026-08-06T16:58:12.757+03:00,2.342723,ATTITUDE,Arming in MANUAL mode,6,0,,0.0,0.0,0.0,0.0,356.9999996891463,1500,1500,1000,1500,1500,1500,1000,1500,,-10.0,-10.0
2026-08-06T16:58:12.758+03:00,2.342890,RC_CHANNELS,Arming in MANUAL mode,6,0,,0.0,0.0,0.0,0.0,356.9999996891463,1500,1500,1000,1500,1500,1500,1000,1500,,-10.0,-10.0
2026-08-06T16:58:12.788+03:00,2.373610,V2_EXTENSION,Arming in MANUAL mode,6,0,,0.0,0.0,0.0,0.0,356.9999996891463,1500,1500,1000,1500,1500,1500,1000,1500,,-10.0,-10.0
2026-08-06T16:58:12.794+03:00,2.378982,V2_EXTENSION,Arming in MANUAL mode,6,0,,0.0,0.0,0.0,0.0,356.9999996891463,1500,1500,1000,1500,1500,1500,1000,1500,,-10.0,-10.0
2026-08-06T16:58:12.840+03:00,2.425356,V2_EXTENSION,Arming in MANUAL mode,6,0,,0.0,0.0,0.0,0.0,356.9999996891463,1500,1500,1000,1500,1500,1500,1000,1500,,-10.0,-10.0
2026-08-06T16:58:12.886+03:00,2.471347,V2_EXTENSION,Arming in MANUAL mode,6,0,,0.0,0.0,0.0,0.0,356.9999996891463,1500,1500,1000,1500,1500,1500,1000,1500,,-10.0,-10.0
2026-08-06T16:58:12.891+03:00,2.476790,V2_EXTENSION,Arming in MANUAL mode,6,0,,0.0,0.0,0.0,0.0,356.9999996891463,1500,1500,1000,1500,1500,1500,1000,1500,,-10.0,-10.0
2026-08-06T16:58:12.943+03:00,2.528050,V2_EXTENSION,Arming in MANUAL mode,6,0,,0.0,0.0,0.0,0.0,356.9999996891463,1500,1500,1000,1500,1500,1500,1000,1500,,-10.0,-10.0
2026-08-06T16:58:12.989+03:00,2.574101,V2_EXTENSION,Arming in MANUAL mode,6,0,,0.0,0.0,0.0,0.0,356.9999996891463,1500,1500,1000,1500,1500,1500,1000,1500,,-10.0,-10.0
2026-08-06T16:58:12.994+03:00,2.579483,V2_EXTENSION,Arming in MANUAL mode,6,0,,0.0,0.0,0.0,0.0,356.9999996891463,1500,1500,1000,1500,1500,1500,1000,1500,,-10.0,-10.0
2026-08-06T16:58:13.045+03:00,2.630736,V2_EXTENSION,Arming in MANUAL mode,6,0,,0.0,0.0,0.0,0.0,356.9999996891463,1500,1500,1000,1500,1500,1500,1000,1500,,-10.0,-10.0
2026-08-06T16:58:13.086+03:00,2.671624,V2_EXTENSION,Arming in MANUAL mode,6,0,,0.0,0.0,0.0,0.0,356.9999996891463,1500,1500,1000,1500,1500,1500,1000,1500,,-10.0,-10.0
2026-08-06T16:58:13.092+03:00,2.677039,V2_EXTENSION,Arming in MANUAL mode,6,0,,0.0,0.0,0.0,0.0,356.9999996891463,1500,1500,1000,1500,1500,1500,1000,1500,,-10.0,-10.0
2026-08-06T16:58:13.143+03:00,2.728371,V2_EXTENSION,Arming in MANUAL mode,6,0,,0.0,0.0,0.0,0.0,356.9999996891463,1500,1500,1000,1500,1500,1500,1000,1500,,-10.0,-10.0
2026-08-06T16:58:13.189+03:00,2.774444,V2_EXTENSION,Arming in MANUAL mode,6,0,,0.0,0.0,0.0,0.0,356.9999996891463,1500,1500,1000,1500,1500,1500,1000,1500,,-10.0,-10.0
2026-08-06T16:58:13.194+03:00,2.779826,V2_EXTENSION,Arming in MANUAL mode,6,0,,0.0,0.0,0.0,0.0,356.9999996891463,1500,1500,1000,1500,1500,1500,1000,1500,,-10.0,-10.0
2026-08-06T16:58:13.246+03:00,2.831166,V2_EXTENSION,Arming in MANUAL mode,6,0,,0.0,0.0,0.0,0.0,356.9999996891463,1500,1500,1000,1500,1500,1500,1000,1500,,-10.0,-10.0
2026-08-06T16:58:13.256+03:00,2.841429,GLOBAL_POSITION_INT,Arming in MANUAL mode,6,0,,0.0,0.0,0.0,0.0,356.9999996891463,1500,1500,1000,1500,1500,1500,1000,1500,,-10.0,-10.0
2026-08-06T16:58:13.256+03:00,2.841515,ATTITUDE,Arming in MANUAL mode,6,0,,0.0,0.0,0.0,0.0,356.9999996891463,1500,1500,1000,1500,1500,1500,1000,1500,,-10.0,-10.0
2026-08-06T16:58:13.256+03:00,2.841616,RC_CHANNELS,Arming in MANUAL mode,6,0,,0.0,0.0,0.0,0.0,356.9999996891463,1500,1500,1000,1500,1500,1500,1000,1500,,-10.0,-10.0
2026-08-06T16:58:13.287+03:00,2.872364,V2_EXTENSION,Arming in MANUAL mode,6,0,,0.0,0.0,0.0,0.0,356.9999996891463,1500,1500,1000,1500,1500,1500,1000,1500,,-10.0,-10.0
2026-08-06T16:58:13.292+03:00,2.877715,V2_EXTENSION,Arming in MANUAL mode,6,0,,0.0,0.0,0.0,0.0,356.9999996891463,1500,1500,1000,1500,1500,1500,1000,1500,,-10.0,-10.0
2026-08-06T16:58:13.344+03:00,2.929153,V2_EXTENSION,Arming in MANUAL mode,6,0,,0.0,0.0,0.0,0.0,356.9999996891463,1500,1500,1000,1500,1500,1500,1000,1500,,-10.0,-10.0
2026-08-06T16:58:13.390+03:00,2.975251,V2_EXTENSION,Arming in MANUAL mode,6,0,,0.0,0.0,0.0,0.0,356.9999996891463,1500,1500,1000,1500,1500,1500,1000,1500,,-10.0,-10.0
2026-08-06T16:58:13.395+03:00,2.980661,V2_EXTENSION,Arming in MANUAL mode,6,0,,0.0,0.0,0.0,0.0,356.9999996891463,1500,1500,1000,1500,1500,1500,1000,1500,,-10.0,-10.0
2026-08-06T16:58:13.447+03:00,3.031913,V2_EXTENSION,Arming in MANUAL mode,6,0,,0.0,0.0,0.0,0.0,356.9999996891463,1500,1500,1000,1500,1500,1500,1000,1500,,-10.0,-10.0
2026-08-06T16:58:13.487+03:00,3.072832,V2_EXTENSION,Arming in MANUAL mode,6,0,,0.0,0.0,0.0,0.0,356.9999996891463,1500,1500,1000,1500,1500,1500,1000,1500,,-10.0,-10.0
2026-08-06T16:58:13.493+03:00,3.078172,V2_EXTENSION,Arming in MANUAL mode,6,0,,0.0,0.0,0.0,0.0,356.9999996891463,1500,1500,1000,1500,1500,1500,1000,1500,,-10.0,-10.0
2026-08-06T16:58:13.544+03:00,3.129369,V2_EXTENSION,Arming in MANUAL mode,6,0,,0.0,0.0,0.0,0.0,356.9999996891463,1500,1500,1000,1500,1500,1500,1000,1500,,-10.0,-10.0
2026-08-06T16:58:13.590+03:00,3.175439,V2_EXTENSION,Arming in MANUAL mode,6,0,,0.0,0.0,0.0,0.0,356.9999996891463,1500,1500,1000,1500,1500,1500,1000,1500,,-10.0,-10.0
2026-08-06T16:58:13.595+03:00,3.180817,V2_EXTENSION,Arming in MANUAL mode,6,0,,0.0,0.0,0.0,0.0,356.9999996891463,1500,1500,1000,1500,1500,1500,1000,1500,,-10.0,-10.0
2026-08-06T16:58:13.647+03:00,3.232335,V2_EXTENSION,Arming in MANUAL mode,6,0,,0.0,0.0,0.0,0.0,356.9999996891463,1500,1500,1000,1500,1500,1500,1000,1500,,-10.0,-10.0
2026-08-06T16:58:13.688+03:00,3.273238,V2_EXTENSION,Arming in MANUAL mode,6,0,,0.0,0.0,0.0,0.0,356.9999996891463,1500,1500,1000,1500,1500,1500,1000,1500,,-10.0,-10.0
2026-08-06T16:58:13.693+03:00,3.278660,V2_EXTENSION,Arming in MANUAL mode,6,0,,0.0,0.0,0.0,0.0,356.9999996891463,1500,1500,1000,1500,1500,1500,1000,1500,,-10.0,-10.0
2026-08-06T16:58:13.745+03:00,3.329986,V2_EXTENSION,Arming in MANUAL mode,6,0,,0.0,0.0,0.0,0.0,356.9999996891463,1500,1500,1000,1500,1500,1500,1000,1500,,-10.0,-10.0
2026-08-06T16:58:13.760+03:00,3.345515,GLOBAL_POSITION_INT,Arming in MANUAL mode,6,0,,0.0,0.0,0.0,0.0,356.9999996891463,1500,1500,1000,1500,1500,1500,1000,1500,,-10.0,-10.0
2026-08-06T16:58:13.760+03:00,3.345651,ATTITUDE,Arming in MANUAL mode,6,0,,0.0,0.0,0.0,0.0,356.9999996891463,1500,1500,1000,1500,1500,1500,1000,1500,,-10.0,-10.0
2026-08-06T16:58:13.760+03:00,3.345807,RC_CHANNELS,Arming in MANUAL mode,6,0,,0.0,0.0,0.0,0.0,356.9999996891463,1500,1500,1000,1500,1500,1500,1000,1500,,-10.0,-10.0
2026-08-06T16:58:13.791+03:00,3.376570,V2_EXTENSION,Arming in MANUAL mode,6,0,,0.0,0.0,0.0,0.0,356.9999996891463,1500,1500,1000,1500,1500,1500,1000,1500,,-10.0,-10.0
2026-08-06T16:58:13.797+03:00,3.382006,V2_EXTENSION,Arming in MANUAL mode,6,0,,0.0,0.0,0.0,0.0,356.9999996891463,1500,1500,1000,1500,1500,1500,1000,1500,,-10.0,-10.0
2026-08-06T16:58:13.848+03:00,3.433228,V2_EXTENSION,Arming in MANUAL mode,6,0,,0.0,0.0,0.0,0.0,356.9999996891463,1500,1500,1000,1500,1500,1500,1000,1500,,-10.0,-10.0
2026-08-06T16:58:13.889+03:00,3.474249,V2_EXTENSION,Arming in MANUAL mode,6,0,,0.0,0.0,0.0,0.0,356.9999996891463,1500,1500,1000,1500,1500,1500,1000,1500,,-10.0,-10.0
2026-08-06T16:58:13.894+03:00,3.479583,V2_EXTENSION,Arming in MANUAL mode,6,0,,0.0,0.0,0.0,0.0,356.9999996891463,1500,1500,1000,1500,1500,1500,1000,1500,,-10.0,-10.0
2026-08-06T16:58:13.946+03:00,3.531053,V2_EXTENSION,Arming in MANUAL mode,6,0,,0.0,0.0,0.0,0.0,356.9999996891463,1500,1500,1000,1500,1500,1500,1000,1500,,-10.0,-10.0
2026-08-06T16:58:13.987+03:00,3.572072,V2_EXTENSION,Arming in MANUAL mode,6,0,,0.0,0.0,0.0,0.0,356.9999996891463,1500,1500,1000,1500,1500,1500,1000,1500,,-10.0,-10.0
2026-08-06T16:58:13.997+03:00,3.582636,V2_EXTENSION,Arming in MANUAL mode,6,0,,0.0,0.0,0.0,0.0,356.9999996891463,1500,1500,1000,1500,1500,1500,1000,1500,,-10.0,-10.0
2026-08-06T16:58:14.049+03:00,3.633910,V2_EXTENSION,Arming in MANUAL mode,6,0,,0.0,0.0,0.0,0.0,356.9999996891463,1500,1500,1000,1500,1500,1500,1000,1500,,-10.0,-10.0
2026-08-06T16:58:14.089+03:00,3.674856,V2_EXTENSION,Arming in MANUAL mode,6,0,,0.0,0.0,0.0,0.0,356.9999996891463,1500,1500,1000,1500,1500,1500,1000,1500,,-10.0,-10.0
2026-08-06T16:58:14.095+03:00,3.680227,V2_EXTENSION,Arming in MANUAL mode,6,0,,0.0,0.0,0.0,0.0,356.9999996891463,1500,1500,1000,1500,1500,1500,1000,1500,,-10.0,-10.0
2026-08-06T16:58:14.146+03:00,3.731469,V2_EXTENSION,Arming in MANUAL mode,6,0,,0.0,0.0,0.0,0.0,356.9999996891463,1500,1500,1000,1500,1500,1500,1000,1500,,-10.0,-10.0
2026-08-06T16:58:14.187+03:00,3.772386,V2_EXTENSION,Arming in MANUAL mode,6,0,,0.0,0.0,0.0,0.0,356.9999996891463,1500,1500,1000,1500,1500,1500,1000,1500,,-10.0,-10.0
2026-08-06T16:58:14.197+03:00,3.782864,V2_EXTENSION,Arming in MANUAL mode,6,0,,0.0,0.0,0.0,0.0,356.9999996891463,1500,1500,1000,1500,1500,1500,1000,1500,,-10.0,-10.0
2026-08-06T16:58:14.249+03:00,3.834153,V2_EXTENSION,Arming in MANUAL mode,6,0,,0.0,0.0,0.0,0.0,356.9999996891463,1500,1500,1000,1500,1500,1500,1000,1500,,-10.0,-10.0
2026-08-06T16:58:14.259+03:00,3.844487,GLOBAL_POSITION_INT,Arming in MANUAL mode,6,0,,0.0,0.0,0.0,0.0,356.9999996891463,1500,1500,1000,1500,1500,1500,1000,1500,,-10.0,-10.0
2026-08-06T16:58:14.259+03:00,3.844624,ATTITUDE,Arming in MANUAL mode,6,0,,0.0,0.0,0.0,0.0,356.9999996891463,1500,1500,1000,1500,1500,1500,1000,1500,,-10.0,-10.0
2026-08-06T16:58:14.259+03:00,3.844763,RC_CHANNELS,Arming in MANUAL mode,6,0,,0.0,0.0,0.0,0.0,356.9999996891463,1500,1500,1000,1500,1500,1500,1000,1500,,-10.0,-10.0
2026-08-06T16:58:14.290+03:00,3.875657,V2_EXTENSION,Arming in MANUAL mode,6,0,,0.0,0.0,0.0,0.0,356.9999996891463,1500,1500,1000,1500,1500,1500,1000,1500,,-10.0,-10.0
2026-08-06T16:58:14.296+03:00,3.881032,V2_EXTENSION,Arming in MANUAL mode,6,0,,0.0,0.0,0.0,0.0,356.9999996891463,1500,1500,1000,1500,1500,1500,1000,1500,,-10.0,-10.0
2026-08-06T16:58:14.347+03:00,3.932152,V2_EXTENSION,Arming in MANUAL mode,6,0,,0.0,0.0,0.0,0.0,356.9999996891463,1500,1500,1000,1500,1500,1500,1000,1500,,-10.0,-10.0
2026-08-06T16:58:14.388+03:00,3.973122,V2_EXTENSION,Arming in MANUAL mode,6,0,,0.0,0.0,0.0,0.0,356.9999996891463,1500,1500,1000,1500,1500,1500,1000,1500,,-10.0,-10.0
2026-08-06T16:58:14.398+03:00,3.983632,V2_EXTENSION,Arming in MANUAL mode,6,0,,0.0,0.0,0.0,0.0,356.9999996891463,1500,1500,1000,1500,1500,1500,1000,1500,,-10.0,-10.0
2026-08-06T16:58:14.450+03:00,4.035045,V2_EXTENSION,Arming in MANUAL mode,6,0,,0.0,0.0,0.0,0.0,356.9999996891463,1500,1500,1000,1500,1500,1500,1000,1500,,-10.0,-10.0
2026-08-06T16:58:14.491+03:00,4.076157,V2_EXTENSION,Arming in MANUAL mode,6,0,,0.0,0.0,0.0,0.0,356.9999996891463,1500,1500,1000,1500,1500,1500,1000,1500,,-10.0,-10.0
2026-08-06T16:58:14.496+03:00,4.081615,V2_EXTENSION,Arming in MANUAL mode,6,0,,0.0,0.0,0.0,0.0,356.9999996891463,1500,1500,1000,1500,1500,1500,1000,1500,,-10.0,-10.0
2026-08-06T16:58:14.547+03:00,4.132862,V2_EXTENSION,Arming in MANUAL mode,6,0,,0.0,0.0,0.0,0.0,356.9999996891463,1500,1500,1000,1500,1500,1500,1000,1500,,-10.0,-10.0
2026-08-06T16:58:14.588+03:00,4.173711,V2_EXTENSION,Arming in MANUAL mode,6,0,,0.0,0.0,0.0,0.0,356.9999996891463,1500,1500,1000,1500,1500,1500,1000,1500,,-10.0,-10.0
2026-08-06T16:58:14.599+03:00,4.184210,V2_EXTENSION,Arming in MANUAL mode,6,0,,0.0,0.0,0.0,0.0,356.9999996891463,1500,1500,1000,1500,1500,1500,1000,1500,,-10.0,-10.0
2026-08-06T16:58:14.650+03:00,4.235419,V2_EXTENSION,Arming in MANUAL mode,6,0,,0.0,0.0,0.0,0.0,356.9999996891463,1500,1500,1000,1500,1500,1500,1000,1500,,-10.0,-10.0
2026-08-06T16:58:14.691+03:00,4.276382,V2_EXTENSION,Arming in MANUAL mode,6,0,,0.0,0.0,0.0,0.0,356.9999996891463,1500,1500,1000,1500,1500,1500,1000,1500,,-10.0,-10.0
2026-08-06T16:58:14.696+03:00,4.281754,V2_EXTENSION,Arming in MANUAL mode,6,0,,0.0,0.0,0.0,0.0,356.9999996891463,1500,1500,1000,1500,1500,1500,1000,1500,,-10.0,-10.0
2026-08-06T16:58:14.748+03:00,4.332935,V2_EXTENSION,Arming in MANUAL mode,6,0,,0.0,0.0,0.0,0.0,356.9999996891463,1500,1500,1000,1500,1500,1500,1000,1500,,-10.0,-10.0
2026-08-06T16:58:14.758+03:00,4.343289,GLOBAL_POSITION_INT,Arming in MANUAL mode,6,0,,0.0,0.0,0.0,0.0,356.9999996891463,1500,1500,1000,1500,1500,1500,1000,1500,,-10.0,-10.0
2026-08-06T16:58:14.758+03:00,4.343404,ATTITUDE,Arming in MANUAL mode,6,0,,0.0,0.0,0.0,0.0,356.9999996891463,1500,1500,1000,1500,1500,1500,1000,1500,,-10.0,-10.0
2026-08-06T16:58:14.758+03:00,4.343528,RC_CHANNELS,Arming in MANUAL mode,6,0,,0.0,0.0,0.0,0.0,356.9999996891463,1500,1500,1000,1500,1500,1500,1000,1500,,-10.0,-10.0
2026-08-06T16:58:14.789+03:00,4.374330,V2_EXTENSION,Arming in MANUAL mode,6,0,,0.0,0.0,0.0,0.0,356.9999996891463,1500,1500,1000,1500,1500,1500,1000,1500,,-10.0,-10.0
2026-08-06T16:58:14.799+03:00,4.384790,V2_EXTENSION,Arming in MANUAL mode,6,0,,0.0,0.0,0.0,0.0,356.9999996891463,1500,1500,1000,1500,1500,1500,1000,1500,,-10.0,-10.0
2026-08-06T16:58:14.851+03:00,4.435985,V2_EXTENSION,Arming in MANUAL mode,6,0,,0.0,0.0,0.0,0.0,356.9999996891463,1500,1500,1000,1500,1500,1500,1000,1500,,-10.0,-10.0
2026-08-06T16:58:14.892+03:00,4.477149,V2_EXTENSION,Requesting automatic takeoff from MANUAL,1,1,,0.0,0.0,0.0,0.0,356.9999996891463,1500,1500,1000,1500,1500,1500,1000,1500,,-10.0,-10.0
2026-08-06T16:58:14.897+03:00,4.482675,V2_EXTENSION,Requesting automatic takeoff from MANUAL,1,1,,0.0,0.0,0.0,0.0,356.9999996891463,1500,1500,1000,1500,1500,1500,1000,1500,,-10.0,-10.0
2026-08-06T16:58:14.949+03:00,4.534124,V2_EXTENSION,Requesting automatic takeoff from MANUAL,1,1,,0.0,0.0,0.0,0.0,356.9999996891463,1500,1500,1000,1500,1500,1500,1000,1500,,-10.0,-10.0
2026-08-06T16:58:14.990+03:00,4.575232,V2_EXTENSION,Requesting automatic takeoff from MANUAL,1,1,,0.0,0.0,0.0,0.0,356.9999996891463,1500,1500,1000,1500,1500,1500,1662,1500,,-10.0,-10.0
2026-08-06T16:58:15.000+03:00,4.585860,V2_EXTENSION,Requesting automatic takeoff from MANUAL,1,1,,0.0,0.0,0.0,0.0,356.9999996891463,1500,1500,1000,1500,1500,1500,1662,1500,,-10.0,-10.0
2026-08-06T16:58:15.052+03:00,4.637148,V2_EXTENSION,Requesting automatic takeoff from MANUAL,1,1,,0.0,0.0,0.0,0.0,356.9999996891463,1500,1500,1000,1500,1500,1500,1662,1500,,-10.0,-10.0
2026-08-06T16:58:15.093+03:00,4.678089,V2_EXTENSION,Requesting automatic takeoff from MANUAL,1,1,,0.0,0.0,0.0,0.0,356.9999996891463,1500,1500,1000,1500,1500,1500,1665,1500,,-10.0,-10.0
2026-08-06T16:58:15.098+03:00,4.683424,V2_EXTENSION,Requesting automatic takeoff from MANUAL,1,1,,0.0,0.0,0.0,0.0,356.9999996891463,1500,1500,1000,1500,1500,1500,1665,1500,,-10.0,-10.0
2026-08-06T16:58:15.149+03:00,4.734732,V2_EXTENSION,Requesting automatic takeoff from MANUAL,1,1,,0.0,0.0,0.0,0.0,356.9999996891463,1500,1500,1000,1500,1500,1500,1665,1500,,-10.0,-10.0
2026-08-06T16:58:15.190+03:00,4.775660,V2_EXTENSION,Requesting automatic takeoff from MANUAL,1,1,,0.0,0.0,0.0,0.0,356.9999996891463,1500,1500,1000,1500,1500,1500,1668,1500,,-10.0,-10.0
2026-08-06T16:58:15.201+03:00,4.786234,V2_EXTENSION,Requesting automatic takeoff from MANUAL,1,1,,0.0,0.0,0.0,0.0,356.9999996891463,1500,1500,1000,1500,1500,1500,1668,1500,,-10.0,-10.0
2026-08-06T16:58:15.252+03:00,4.837524,V2_EXTENSION,Requesting automatic takeoff from MANUAL,1,1,,0.0,0.0,0.0,0.0,356.9999996891463,1500,1500,1000,1500,1500,1500,1668,1500,,-10.0,-10.0
2026-08-06T16:58:15.257+03:00,4.842834,GLOBAL_POSITION_INT,Requesting automatic takeoff from MANUAL,1,1,,0.0,0.0,0.0,0.0,356.9999996891463,1500,1500,1000,1500,1500,1500,1668,1500,,-10.0,-10.0
2026-08-06T16:58:15.258+03:00,4.842947,ATTITUDE,Requesting automatic takeoff from MANUAL,1,1,,0.0,0.0,0.0,0.0,356.9999996891463,1500,1500,1000,1500,1500,1500,1668,1500,,-10.0,-10.0
2026-08-06T16:58:15.258+03:00,4.843067,RC_CHANNELS,Requesting automatic takeoff from MANUAL,1,1,,0.0,0.0,0.0,0.0,356.9999996891463,1500,1500,1000,1500,1500,1500,1668,1500,,-10.0,-10.0
2026-08-06T16:58:15.294+03:00,4.878962,V2_EXTENSION,Requesting automatic takeoff from MANUAL,1,1,,0.0,0.0,0.0,0.0,356.9999996891463,1500,1500,1000,1500,1500,1500,1671,1500,,-10.0,-10.0
2026-08-06T16:58:15.299+03:00,4.884382,V2_EXTENSION,Requesting automatic takeoff from MANUAL,1,1,,0.0,0.0,0.0,0.0,356.9999996891463,1500,1500,1000,1500,1500,1500,1671,1500,,-10.0,-10.0
2026-08-06T16:58:15.350+03:00,4.935581,V2_EXTENSION,Requesting automatic takeoff from MANUAL,1,1,,0.0,0.0,0.0,0.0,356.9999996891463,1500,1500,1000,1500,1500,1500,1671,1500,,-10.0,-10.0
2026-08-06T16:58:15.391+03:00,4.976545,V2_EXTENSION,Requesting automatic takeoff from MANUAL,1,1,,0.0,0.0,0.0,0.0,356.9999996891463,1500,1500,1000,1500,1500,1500,1674,1500,,-10.0,-10.0
2026-08-06T16:58:15.402+03:00,4.986988,V2_EXTENSION,Requesting automatic takeoff from MANUAL,1,1,,0.0,0.0,0.0,0.0,356.9999996891463,1500,1500,1000,1500,1500,1500,1674,1500,,-10.0,-10.0
2026-08-06T16:58:15.453+03:00,5.038219,V2_EXTENSION,Requesting automatic takeoff from MANUAL,1,1,,0.0,0.0,0.0,0.0,356.9999996891463,1500,1500,1000,1500,1500,1500,1674,1500,,-10.0,-10.0
2026-08-06T16:58:15.494+03:00,5.079169,V2_EXTENSION,Requesting automatic takeoff from MANUAL,1,1,,0.0,0.0,0.0,0.0,356.9999996891463,1500,1500,1000,1500,1500,1500,1677,1500,,-10.0,-10.0
2026-08-06T16:58:15.504+03:00,5.089647,V2_EXTENSION,Requesting automatic takeoff from MANUAL,1,1,,0.0,0.0,0.0,0.0,356.9999996891463,1500,1500,1000,1500,1500,1500,1677,1500,,-10.0,-10.0
2026-08-06T16:58:15.551+03:00,5.136499,V2_EXTENSION,Requesting automatic takeoff from MANUAL,1,1,,0.0,0.0,0.0,0.0,356.9999996891463,1500,1500,1000,1500,1500,1500,1677,1500,,-10.0,-10.0
2026-08-06T16:58:15.592+03:00,5.177599,V2_EXTENSION,Requesting automatic takeoff from MANUAL,1,1,,0.0,0.0,0.0,0.0,356.9999996891463,1500,1500,1000,1500,1500,1500,1680,1500,,-10.0,-10.0
2026-08-06T16:58:15.603+03:00,5.188045,V2_EXTENSION,Requesting automatic takeoff from MANUAL,1,1,,0.0,0.0,0.0,0.0,356.9999996891463,1500,1500,1000,1500,1500,1500,1680,1500,,-10.0,-10.0
2026-08-06T16:58:15.654+03:00,5.239317,V2_EXTENSION,Requesting automatic takeoff from MANUAL,1,1,,0.0,0.0,0.0,0.0,356.9999996891463,1500,1500,1000,1500,1500,1500,1680,1500,,-10.0,-10.0
2026-08-06T16:58:15.690+03:00,5.275128,V2_EXTENSION,Requesting automatic takeoff from MANUAL,1,1,,0.0,0.0,0.0,0.0,356.9999996891463,1500,1500,1000,1500,1500,1500,1683,1500,,-10.0,-10.0
2026-08-06T16:58:15.700+03:00,5.285540,V2_EXTENSION,Requesting automatic takeoff from MANUAL,1,1,,0.0,0.0,0.0,0.0,356.9999996891463,1500,1500,1000,1500,1500,1500,1683,1500,,-10.0,-10.0
2026-08-06T16:58:15.751+03:00,5.336821,V2_EXTENSION,Requesting automatic takeoff from MANUAL,1,1,,0.0,0.0,0.0,0.0,356.9999996891463,1500,1500,1000,1500,1500,1500,1683,1500,,-10.0,-10.0
2026-08-06T16:58:15.757+03:00,5.342037,GLOBAL_POSITION_INT,Requesting automatic takeoff from MANUAL,1,1,,0.0,0.0,0.0,0.0,356.9999996891463,1500,1500,1000,1500,1500,1500,1683,1500,,-10.0,-10.0
2026-08-06T16:58:15.757+03:00,5.342153,ATTITUDE,Requesting automatic takeoff from MANUAL,1,1,,0.0,0.0,0.0,0.0,356.9999996891463,1500,1500,1000,1500,1500,1500,1683,1500,,-10.0,-10.0
2026-08-06T16:58:15.757+03:00,5.342278,RC_CHANNELS,Requesting automatic takeoff from MANUAL,1,1,,0.0,0.0,0.0,0.0,356.9999996891463,1500,1500,1000,1500,1500,1500,1683,1500,,-10.0,-10.0
2026-08-06T16:58:15.793+03:00,5.378088,V2_EXTENSION,Requesting automatic takeoff from MANUAL,1,1,,0.0,0.0,0.0,0.0,356.9999996891463,1500,1500,1000,1500,1500,1500,1686,1500,,-10.0,-10.0
2026-08-06T16:58:15.803+03:00,5.388520,V2_EXTENSION,Requesting automatic takeoff from MANUAL,1,1,,0.0,0.0,0.0,0.0,356.9999996891463,1500,1500,1000,1500,1500,1500,1686,1500,,-10.0,-10.0
2026-08-06T16:58:15.854+03:00,5.439823,V2_EXTENSION,Requesting automatic takeoff from MANUAL,1,1,,0.0,0.0,0.0,0.0,356.9999996891463,1500,1500,1000,1500,1500,1500,1686,1500,,-10.0,-10.0
2026-08-06T16:58:15.890+03:00,5.475807,V2_EXTENSION,Requesting automatic takeoff from MANUAL,5,1,,0.0,0.0,0.0,0.0,356.9999996891463,1500,1500,1000,1500,1500,1500,1689,1500,,-10.0,-10.0
2026-08-06T16:58:15.901+03:00,5.486376,V2_EXTENSION,Waiting for automatic takeoff to enter ALT_HOLD,5,1,,0.0,0.0,0.0,0.0,356.9999996891463,1500,1500,1000,1500,1500,1500,1689,1500,,-10.0,-10.0
2026-08-06T16:58:15.953+03:00,5.538694,V2_EXTENSION,Waiting for automatic takeoff to enter ALT_HOLD,5,1,,0.0,0.0,0.0,0.0,356.9999996891463,1500,1500,1000,1500,1500,1500,1689,1500,,-10.0,-10.0
2026-08-06T16:58:15.994+03:00,5.579790,V2_EXTENSION,Waiting for automatic takeoff to enter ALT_HOLD,5,1,,0.0,0.0,0.0,0.0,356.9999996891463,1500,1500,1000,1500,1500,1500,1692,1500,,-10.0,-10.0
2026-08-06T16:58:16.005+03:00,5.590374,V2_EXTENSION,Waiting for automatic takeoff to enter ALT_HOLD,5,1,,0.0,0.0,0.0,0.0,356.9999996891463,1500,1500,1000,1500,1500,1500,1692,1500,,-10.0,-10.0
2026-08-06T16:58:16.056+03:00,5.641647,V2_EXTENSION,Waiting for automatic takeoff to enter ALT_HOLD,5,1,,0.0,0.0,0.0,0.0,356.9999996891463,1500,1500,1000,1500,1500,1500,1692,1500,,-10.0,-10.0
2026-08-06T16:58:16.092+03:00,5.677375,V2_EXTENSION,Waiting for automatic takeoff to enter ALT_HOLD,5,1,,0.0,0.0,0.0,0.0,356.9999996891463,1500,1500,1000,1500,1500,1500,1690,1500,,-10.0,-10.0
2026-08-06T16:58:16.103+03:00,5.687898,V2_EXTENSION,Waiting for automatic takeoff to enter ALT_HOLD,5,1,,0.0,0.0,0.0,0.0,356.9999996891463,1500,1500,1000,1500,1500,1500,1690,1500,,-10.0,-10.0
2026-08-06T16:58:16.154+03:00,5.739276,V2_EXTENSION,Waiting for automatic takeoff to enter ALT_HOLD,5,1,,0.0,0.0,0.0,0.0,356.9999996891463,1500,1500,1000,1500,1500,1500,1690,1500,,-10.0,-10.0
2026-08-06T16:58:16.195+03:00,5.780311,V2_EXTENSION,Waiting for automatic takeoff to enter ALT_HOLD,5,1,,0.0,0.0,0.0,0.0,356.9999996891463,1500,1500,1000,1500,1500,1500,1693,1500,,-10.0,-10.0
2026-08-06T16:58:16.206+03:00,5.790893,V2_EXTENSION,Waiting for automatic takeoff to enter ALT_HOLD,5,1,,0.0,0.0,0.0,0.0,356.9999996891463,1500,1500,1000,1500,1500,1500,1693,1500,,-10.0,-10.0
2026-08-06T16:58:16.257+03:00,5.842184,V2_EXTENSION,Waiting for automatic takeoff to enter ALT_HOLD,5,1,,0.0,0.0,0.0,0.0,356.9999996891463,1500,1500,1000,1500,1500,1500,1693,1500,,-10.0,-10.0
2026-08-06T16:58:16.257+03:00,5.842409,GLOBAL_POSITION_INT,Waiting for automatic takeoff to enter ALT_HOLD,5,1,,0.06,0.11992084959834384,0.0,0.0,356.9999996891463,1500,1500,1000,1500,1500,1500,1693,1500,,-10.0,-10.0
2026-08-06T16:58:16.257+03:00,5.842524,ATTITUDE,Waiting for automatic takeoff to enter ALT_HOLD,5,1,,0.06,0.11992084959834384,0.0,0.0,356.9999996891463,1500,1500,1000,1500,1500,1500,1693,1500,,-10.0,-10.0
2026-08-06T16:58:16.257+03:00,5.842649,RC_CHANNELS,Waiting for automatic takeoff to enter ALT_HOLD,5,1,,0.06,0.11992084959834384,0.0,0.0,356.9999996891463,1500,1500,1000,1500,1500,1500,1693,1500,,-10.0,-10.0
2026-08-06T16:58:16.293+03:00,5.878664,V2_EXTENSION,Waiting for automatic takeoff to enter ALT_HOLD,5,1,,0.06,0.11992084959834384,0.0,0.0,356.9999996891463,1500,1500,1000,1500,1500,1500,1693,1500,,-10.0,-10.0
2026-08-06T16:58:16.304+03:00,5.889264,V2_EXTENSION,Waiting for automatic takeoff to enter ALT_HOLD,5,1,,0.06,0.11992084959834384,0.0,0.0,356.9999996891463,1500,1500,1000,1500,1500,1500,1693,1500,,-10.0,-10.0
2026-08-06T16:58:16.355+03:00,5.940695,V2_EXTENSION,Waiting for automatic takeoff to enter ALT_HOLD,5,1,,0.06,0.11992084959834384,0.0,0.0,356.9999996891463,1500,1500,1000,1500,1500,1500,1693,1500,,-10.0,-10.0
2026-08-06T16:58:16.391+03:00,5.976741,V2_EXTENSION,Waiting for automatic takeoff to enter ALT_HOLD,5,1,,0.06,0.11992084959834384,0.0,0.0,356.9999996891463,1500,1500,1000,1500,1500,1500,1686,1500,,-10.0,-10.0
2026-08-06T16:58:16.407+03:00,5.992417,V2_EXTENSION,Waiting for automatic takeoff to enter ALT_HOLD,5,1,,0.06,0.11992084959834384,0.0,0.0,356.9999996891463,1500,1500,1000,1500,1500,1500,1686,1500,,-10.0,-10.0
2026-08-06T16:58:16.453+03:00,6.038501,V2_EXTENSION,Waiting for automatic takeoff to enter ALT_HOLD,5,1,,0.06,0.11992084959834384,0.0,0.0,356.9999996891463,1500,1500,1000,1500,1500,1500,1686,1500,,-10.0,-10.0
2026-08-06T16:58:16.494+03:00,6.079597,V2_EXTENSION,Waiting for automatic takeoff to enter ALT_HOLD,5,1,,0.06,0.11992084959834384,0.0,0.0,356.9999996891463,1500,1500,1000,1500,1500,1500,1689,1500,,-10.0,-10.0
2026-08-06T16:58:16.505+03:00,6.090033,V2_EXTENSION,Waiting for automatic takeoff to enter ALT_HOLD,5,1,,0.06,0.11992084959834384,0.0,0.0,356.9999996891463,1500,1500,1000,1500,1500,1500,1689,1500,,-10.0,-10.0
2026-08-06T16:58:16.556+03:00,6.141251,V2_EXTENSION,Waiting for automatic takeoff to enter ALT_HOLD,5,1,,0.06,0.11992084959834384,0.0,0.0,356.9999996891463,1500,1500,1000,1500,1500,1500,1689,1500,,-10.0,-10.0
2026-08-06T16:58:16.592+03:00,6.177115,V2_EXTENSION,Waiting for automatic takeoff to enter ALT_HOLD,5,1,,0.06,0.11992084959834384,0.0,0.0,356.9999996891463,1500,1500,1000,1500,1500,1500,1680,1500,,-10.0,-10.0
2026-08-06T16:58:16.607+03:00,6.192626,V2_EXTENSION,Waiting for automatic takeoff to enter ALT_HOLD,5,1,,0.06,0.11992084959834384,0.0,0.0,356.9999996891463,1500,1500,1000,1500,1500,1500,1680,1500,,-10.0,-10.0
2026-08-06T16:58:16.653+03:00,6.238874,V2_EXTENSION,Waiting for automatic takeoff to enter ALT_HOLD,5,1,,0.06,0.11992084959834384,0.0,0.0,356.9999996891463,1500,1500,1000,1500,1500,1500,1680,1500,,-10.0,-10.0
2026-08-06T16:58:16.695+03:00,6.280007,V2_EXTENSION,Waiting for automatic takeoff to enter ALT_HOLD,5,1,,0.06,0.11992084959834384,0.0,0.0,356.9999996891463,1500,1500,1000,1500,1500,1500,1683,1500,,-10.0,-10.0
2026-08-06T16:58:16.705+03:00,6.290452,V2_EXTENSION,Waiting for automatic takeoff to enter ALT_HOLD,5,1,,0.06,0.11992084959834384,0.0,0.0,356.9999996891463,1500,1500,1000,1500,1500,1500,1683,1500,,-10.0,-10.0
2026-08-06T16:58:16.756+03:00,6.341673,V2_EXTENSION,Waiting for automatic takeoff to enter ALT_HOLD,5,1,,0.06,0.11992084959834384,0.0,0.0,356.9999996891463,1500,1500,1000,1500,1500,1500,1683,1500,,-10.0,-10.0
2026-08-06T16:58:16.762+03:00,6.346962,GLOBAL_POSITION_INT,Waiting for automatic takeoff to enter ALT_HOLD,5,1,,0.39,0.654042780863275,0.0,0.0,356.9999996891463,1500,1500,1000,1500,1500,1500,1683,1500,,-10.0,-10.0
2026-08-06T16:58:16.762+03:00,6.347067,ATTITUDE,Waiting for automatic takeoff to enter ALT_HOLD,5,1,,0.39,0.654042780863275,0.0,0.0,356.9999996891463,1500,1500,1000,1500,1500,1500,1683,1500,,-10.0,-10.0
2026-08-06T16:58:16.762+03:00,6.347184,RC_CHANNELS,Waiting for automatic takeoff to enter ALT_HOLD,5,1,,0.39,0.654042780863275,0.0,0.0,356.9999996891463,1500,1500,1000,1500,1500,1500,1683,1500,,-10.0,-10.0
2026-08-06T16:58:16.793+03:00,6.378032,V2_EXTENSION,Waiting for automatic takeoff to enter ALT_HOLD,5,1,,0.39,0.654042780863275,0.0,0.0,356.9999996891463,1500,1500,1000,1500,1500,1500,1684,1500,,-10.0,-10.0
2026-08-06T16:58:16.809+03:00,6.393898,V2_EXTENSION,Waiting for automatic takeoff to enter ALT_HOLD,5,1,,0.39,0.654042780863275,0.0,0.0,356.9999996891463,1500,1500,1000,1500,1500,1500,1684,1500,,-10.0,-10.0
2026-08-06T16:58:16.855+03:00,6.440206,V2_EXTENSION,Waiting for automatic takeoff to enter ALT_HOLD,5,1,,0.39,0.654042780863275,0.0,0.0,356.9999996891463,1500,1500,1000,1500,1500,1500,1684,1500,,-10.0,-10.0
2026-08-06T16:58:16.896+03:00,6.481458,V2_EXTENSION,Waiting for automatic takeoff to enter ALT_HOLD,5,1,,0.39,0.654042780863275,0.0,0.0,356.9999996891463,1500,1500,1000,1500,1500,1500,1674,1500,,-10.0,-10.0
2026-08-06T16:58:16.907+03:00,6.491994,V2_EXTENSION,Waiting for automatic takeoff to enter ALT_HOLD,5,1,,0.39,0.654042780863275,0.0,0.0,356.9999996891463,1500,1500,1000,1500,1500,1500,1674,1500,,-10.0,-10.0
2026-08-06T16:58:16.958+03:00,6.543200,V2_EXTENSION,Waiting for automatic takeoff to enter ALT_HOLD,5,1,,0.39,0.654042780863275,0.0,0.0,356.9999996891463,1500,1500,1000,1500,1500,1500,1674,1500,,-10.0,-10.0
2026-08-06T16:58:16.994+03:00,6.579078,V2_EXTENSION,Waiting for automatic takeoff to enter ALT_HOLD,5,1,,0.39,0.654042780863275,0.0,0.0,356.9999996891463,1500,1500,1000,1500,1500,1500,1677,1500,,-10.0,-10.0
2026-08-06T16:58:17.009+03:00,6.594722,V2_EXTENSION,Waiting for automatic takeoff to enter ALT_HOLD,5,1,,0.39,0.654042780863275,0.0,0.0,356.9999996891463,1500,1500,1000,1500,1500,1500,1677,1500,,-10.0,-10.0
2026-08-06T16:58:17.055+03:00,6.640872,V2_EXTENSION,Waiting for automatic takeoff to enter ALT_HOLD,5,1,,0.39,0.654042780863275,0.0,0.0,356.9999996891463,1500,1500,1000,1500,1500,1500,1677,1500,,-10.0,-10.0
2026-08-06T16:58:17.096+03:00,6.681830,V2_EXTENSION,Waiting for automatic takeoff to enter ALT_HOLD,5,1,,0.39,0.654042780863275,0.0,0.0,356.9999996891463,1500,1500,1000,1500,1500,1500,1682,1500,,-10.0,-10.0
2026-08-06T16:58:17.107+03:00,6.692522,V2_EXTENSION,Waiting for automatic takeoff to enter ALT_HOLD,5,1,,0.39,0.654042780863275,0.0,0.0,356.9999996891463,1500,1500,1000,1500,1500,1500,1682,1500,,-10.0,-10.0
2026-08-06T16:58:17.158+03:00,6.743832,V2_EXTENSION,Waiting for automatic takeoff to enter ALT_HOLD,5,1,,0.39,0.654042780863275,0.0,0.0,356.9999996891463,1500,1500,1000,1500,1500,1500,1682,1500,,-10.0,-10.0
2026-08-06T16:58:17.194+03:00,6.779855,V2_EXTENSION,Waiting for automatic takeoff to enter ALT_HOLD,5,1,,0.39,0.654042780863275,0.0,0.0,356.9999996891463,1500,1500,1000,1500,1500,1500,1685,1500,,-10.0,-10.0
2026-08-06T16:58:17.210+03:00,6.795473,V2_EXTENSION,Waiting for automatic takeoff to enter ALT_HOLD,5,1,,0.39,0.654042780863275,0.0,0.0,356.9999996891463,1500,1500,1000,1500,1500,1500,1685,1500,,-10.0,-10.0
2026-08-06T16:58:17.256+03:00,6.841528,V2_EXTENSION,Waiting for automatic takeoff to enter ALT_HOLD,5,1,,0.39,0.654042780863275,0.0,0.0,356.9999996891463,1500,1500,1000,1500,1500,1500,1685,1500,,-10.0,-10.0
2026-08-06T16:58:17.261+03:00,6.846818,GLOBAL_POSITION_INT,Waiting for automatic takeoff to enter ALT_HOLD,5,1,,0.84,0.9002638583416227,0.0,0.0,356.9999996891463,1500,1500,1000,1500,1500,1500,1685,1500,,-10.0,-10.0
2026-08-06T16:58:17.262+03:00,6.846926,ATTITUDE,Waiting for automatic takeoff to enter ALT_HOLD,5,1,,0.84,0.9002638583416227,0.0,0.0,356.9999996891463,1500,1500,1000,1500,1500,1500,1685,1500,,-10.0,-10.0
2026-08-06T16:58:17.262+03:00,6.847033,RC_CHANNELS,Waiting for automatic takeoff to enter ALT_HOLD,5,1,,0.84,0.9002638583416227,0.0,0.0,356.9999996891463,1500,1500,1000,1500,1500,1500,1685,1500,,-10.0,-10.0
2026-08-06T16:58:17.298+03:00,6.882986,V2_EXTENSION,Waiting for automatic takeoff to enter ALT_HOLD,5,1,,0.84,0.9002638583416227,0.0,0.0,356.9999996891463,1500,1500,1000,1500,1500,1500,1685,1500,,-10.0,-10.0
2026-08-06T16:58:17.308+03:00,6.893570,V2_EXTENSION,Waiting for automatic takeoff to enter ALT_HOLD,5,1,,0.84,0.9002638583416227,0.0,0.0,356.9999996891463,1500,1500,1000,1500,1500,1500,1685,1500,,-10.0,-10.0
2026-08-06T16:58:17.360+03:00,6.945087,V2_EXTENSION,Waiting for automatic takeoff to enter ALT_HOLD,5,1,,0.84,0.9002638583416227,0.0,0.0,356.9999996891463,1500,1500,1000,1500,1500,1500,1685,1500,,-10.0,-10.0
2026-08-06T16:58:17.396+03:00,6.981336,V2_EXTENSION,Waiting for automatic takeoff to enter ALT_HOLD,5,1,,0.84,0.9002638583416227,0.0,0.0,356.9999996891463,1500,1500,1000,1500,1500,1500,1688,1500,,-10.0,-10.0
2026-08-06T16:58:17.406+03:00,6.991796,V2_EXTENSION,Waiting for automatic takeoff to enter ALT_HOLD,5,1,,0.84,0.9002638583416227,0.0,0.0,356.9999996891463,1500,1500,1000,1500,1500,1500,1688,1500,,-10.0,-10.0
2026-08-06T16:58:17.458+03:00,7.043001,V2_EXTENSION,Waiting for automatic takeoff to enter ALT_HOLD,5,1,,0.84,0.9002638583416227,0.0,0.0,356.9999996891463,1500,1500,1000,1500,1500,1500,1688,1500,,-10.0,-10.0
2026-08-06T16:58:17.494+03:00,7.079165,V2_EXTENSION,Waiting for automatic takeoff to enter ALT_HOLD,5,1,,0.84,0.9002638583416227,0.0,0.0,356.9999996891463,1500,1500,1000,1500,1500,1500,1666,1500,,-10.0,-10.0
2026-08-06T16:58:17.510+03:00,7.094948,V2_EXTENSION,Waiting for automatic takeoff to enter ALT_HOLD,5,1,,0.84,0.9002638583416227,0.0,0.0,356.9999996891463,1500,1500,1000,1500,1500,1500,1666,1500,,-10.0,-10.0
2026-08-06T16:58:17.561+03:00,7.146150,V2_EXTENSION,Waiting for automatic takeoff to enter ALT_HOLD,5,1,,0.84,0.9002638583416227,0.0,0.0,356.9999996891463,1500,1500,1000,1500,1500,1500,1666,1500,,-10.0,-10.0
2026-08-06T16:58:17.597+03:00,7.181965,V2_EXTENSION,Waiting for automatic takeoff to enter ALT_HOLD,5,1,,0.84,0.9002638583416227,0.0,0.0,356.9999996891463,1500,1500,1000,1500,1500,1500,1660,1500,,-10.0,-10.0
2026-08-06T16:58:17.607+03:00,7.192454,V2_EXTENSION,Waiting for automatic takeoff to enter ALT_HOLD,5,1,,0.84,0.9002638583416227,0.0,0.0,356.9999996891463,1500,1500,1000,1500,1500,1500,1660,1500,,-10.0,-10.0
2026-08-06T16:58:17.658+03:00,7.243749,V2_EXTENSION,Waiting for automatic takeoff to enter ALT_HOLD,5,1,,0.84,0.9002638583416227,0.0,0.0,356.9999996891463,1500,1500,1000,1500,1500,1500,1660,1500,,-10.0,-10.0
2026-08-06T16:58:17.694+03:00,7.279758,V2_EXTENSION,Waiting for automatic takeoff to enter ALT_HOLD,5,1,,0.84,0.9002638583416227,0.0,0.0,356.9999996891463,1500,1500,1000,1500,1500,1500,1663,1500,,-10.0,-10.0
2026-08-06T16:58:17.710+03:00,7.295357,V2_EXTENSION,Waiting for automatic takeoff to enter ALT_HOLD,5,1,,0.84,0.9002638583416227,0.0,0.0,356.9999996891463,1500,1500,1000,1500,1500,1500,1663,1500,,-10.0,-10.0
2026-08-06T16:58:17.761+03:00,7.346611,GLOBAL_POSITION_INT,Waiting for automatic takeoff to enter ALT_HOLD,5,1,,1.51,1.340566410632069,0.0,0.0,356.9999996891463,1500,1500,1000,1500,1500,1500,1663,1500,,-10.0,-10.0
2026-08-06T16:58:17.761+03:00,7.346734,ATTITUDE,Waiting for automatic takeoff to enter ALT_HOLD,5,1,,1.51,1.340566410632069,0.0,0.0,356.9999996891463,1500,1500,1000,1500,1500,1500,1663,1500,,-10.0,-10.0
2026-08-06T16:58:17.761+03:00,7.346852,RC_CHANNELS,Waiting for automatic takeoff to enter ALT_HOLD,5,1,,1.51,1.340566410632069,0.0,0.0,356.9999996891463,1500,1500,1000,1500,1500,1500,1663,1500,,-10.0,-10.0
2026-08-06T16:58:17.762+03:00,7.347058,V2_EXTENSION,Waiting for automatic takeoff to enter ALT_HOLD,5,1,,1.51,1.340566410632069,0.0,0.0,356.9999996891463,1500,1500,1000,1500,1500,1500,1663,1500,,-10.0,-10.0
2026-08-06T16:58:17.798+03:00,7.382958,V2_EXTENSION,Waiting for automatic takeoff to enter ALT_HOLD,5,1,,1.51,1.340566410632069,0.0,0.0,356.9999996891463,1500,1500,1000,1500,1500,1500,1673,1500,,-10.0,-10.0
2026-08-06T16:58:17.808+03:00,7.393509,V2_EXTENSION,Waiting for automatic takeoff to enter ALT_HOLD,5,1,,1.51,1.340566410632069,0.0,0.0,356.9999996891463,1500,1500,1000,1500,1500,1500,1673,1500,,-10.0,-10.0
2026-08-06T16:58:17.860+03:00,7.445049,V2_EXTENSION,Waiting for automatic takeoff to enter ALT_HOLD,5,1,,1.51,1.340566410632069,0.0,0.0,356.9999996891463,1500,1500,1000,1500,1500,1500,1673,1500,,-10.0,-10.0
2026-08-06T16:58:17.896+03:00,7.481024,V2_EXTENSION,Waiting for automatic takeoff to enter ALT_HOLD,5,1,,1.51,1.340566410632069,0.0,0.0,356.9999996891463,1500,1500,1000,1500,1500,1500,1676,1500,,-10.0,-10.0
2026-08-06T16:58:17.911+03:00,7.496556,V2_EXTENSION,Waiting for automatic takeoff to enter ALT_HOLD,5,1,,1.51,1.340566410632069,0.0,0.0,356.9999996891463,1500,1500,1000,1500,1500,1500,1676,1500,,-10.0,-10.0
2026-08-06T16:58:17.963+03:00,7.547895,V2_EXTENSION,Waiting for automatic takeoff to enter ALT_HOLD,5,1,,1.51,1.340566410632069,0.0,0.0,356.9999996891463,1500,1500,1000,1500,1500,1500,1676,1500,,-10.0,-10.0
2026-08-06T16:58:17.998+03:00,7.583792,V2_EXTENSION,Waiting for automatic takeoff to enter ALT_HOLD,5,1,,1.51,1.340566410632069,0.0,0.0,356.9999996891463,1500,1500,1000,1500,1500,1500,1660,1500,,-10.0,-10.0
2026-08-06T16:58:18.009+03:00,7.594325,V2_EXTENSION,Waiting for automatic takeoff to enter ALT_HOLD,5,1,,1.51,1.340566410632069,0.0,0.0,356.9999996891463,1500,1500,1000,1500,1500,1500,1660,1500,,-10.0,-10.0
2026-08-06T16:58:18.060+03:00,7.645497,V2_EXTENSION,Waiting for automatic takeoff to enter ALT_HOLD,5,1,,1.51,1.340566410632069,0.0,0.0,356.9999996891463,1500,1500,1000,1500,1500,1500,1660,1500,,-10.0,-10.0
2026-08-06T16:58:18.096+03:00,7.681344,V2_EXTENSION,Waiting for automatic takeoff to enter ALT_HOLD,5,1,,1.51,1.340566410632069,0.0,0.0,356.9999996891463,1500,1500,1000,1500,1500,1500,1652,1500,,-10.0,-10.0
2026-08-06T16:58:18.111+03:00,7.696776,V2_EXTENSION,Waiting for automatic takeoff to enter ALT_HOLD,5,1,,1.51,1.340566410632069,0.0,0.0,356.9999996891463,1500,1500,1000,1500,1500,1500,1652,1500,,-10.0,-10.0
2026-08-06T16:58:18.163+03:00,7.748219,V2_EXTENSION,Waiting for automatic takeoff to enter ALT_HOLD,5,1,,1.51,1.340566410632069,0.0,0.0,356.9999996891463,1500,1500,1000,1500,1500,1500,1652,1500,,-10.0,-10.0
2026-08-06T16:58:18.199+03:00,7.784074,V2_EXTENSION,Waiting for automatic takeoff to enter ALT_HOLD,5,1,,1.51,1.340566410632069,0.0,0.0,356.9999996891463,1500,1500,1000,1500,1500,1500,1655,1500,,-10.0,-10.0
2026-08-06T16:58:18.209+03:00,7.794534,V2_EXTENSION,Waiting for automatic takeoff to enter ALT_HOLD,5,1,,1.51,1.340566410632069,0.0,0.0,356.9999996891463,1500,1500,1000,1500,1500,1500,1655,1500,,-10.0,-10.0
2026-08-06T16:58:18.260+03:00,7.845716,GLOBAL_POSITION_INT,Waiting for automatic takeoff to enter ALT_HOLD,5,1,,2.38,1.743116455397989,0.0,0.0,356.9999996891463,1500,1500,1000,1500,1500,1500,1655,1500,,-10.0,-10.0
2026-08-06T16:58:18.260+03:00,7.845834,ATTITUDE,Waiting for automatic takeoff to enter ALT_HOLD,5,1,,2.38,1.743116455397989,0.0,0.0,356.9999996891463,1500,1500,1000,1500,1500,1500,1655,1500,,-10.0,-10.0
2026-08-06T16:58:18.261+03:00,7.845943,RC_CHANNELS,Waiting for automatic takeoff to enter ALT_HOLD,5,1,,2.38,1.743116455397989,0.0,0.0,356.9999996891463,1500,1500,1000,1500,1500,1500,1655,1500,,-10.0,-10.0
2026-08-06T16:58:18.261+03:00,7.846157,V2_EXTENSION,Waiting for automatic takeoff to enter ALT_HOLD,5,1,,2.38,1.743116455397989,0.0,0.0,356.9999996891463,1500,1500,1000,1500,1500,1500,1655,1500,,-10.0,-10.0
2026-08-06T16:58:18.297+03:00,7.882059,V2_EXTENSION,Waiting for automatic takeoff to enter ALT_HOLD,5,1,,2.38,1.743116455397989,0.0,0.0,356.9999996891463,1500,1500,1000,1500,1500,1500,1652,1500,,-10.0,-10.0
2026-08-06T16:58:18.312+03:00,7.897703,V2_EXTENSION,Waiting for automatic takeoff to enter ALT_HOLD,5,1,,2.38,1.743116455397989,0.0,0.0,356.9999996891463,1500,1500,1000,1500,1500,1500,1652,1500,,-10.0,-10.0
2026-08-06T16:58:18.364+03:00,7.949089,V2_EXTENSION,Waiting for automatic takeoff to enter ALT_HOLD,5,1,,2.38,1.743116455397989,0.0,0.0,356.9999996891463,1500,1500,1000,1500,1500,1500,1652,1500,,-10.0,-10.0
2026-08-06T16:58:18.399+03:00,7.984872,V2_EXTENSION,Waiting for automatic takeoff to enter ALT_HOLD,5,1,,2.38,1.743116455397989,0.0,0.0,356.9999996891463,1500,1500,1000,1500,1500,1500,1653,1500,,-10.0,-10.0
2026-08-06T16:58:18.410+03:00,7.995416,V2_EXTENSION,Waiting for automatic takeoff to enter ALT_HOLD,5,1,,2.38,1.743116455397989,0.0,0.0,356.9999996891463,1500,1500,1000,1500,1500,1500,1653,1500,,-10.0,-10.0
2026-08-06T16:58:18.461+03:00,8.046745,V2_EXTENSION,Waiting for automatic takeoff to enter ALT_HOLD,5,1,,2.38,1.743116455397989,0.0,0.0,356.9999996891463,1500,1500,1000,1500,1500,1500,1653,1500,,-10.0,-10.0
2026-08-06T16:58:18.497+03:00,8.082656,V2_EXTENSION,Waiting for automatic takeoff to enter ALT_HOLD,5,1,,2.38,1.743116455397989,0.0,0.0,356.9999996891463,1500,1500,1000,1500,1500,1500,1656,1500,,-10.0,-10.0
2026-08-06T16:58:18.513+03:00,8.098323,V2_EXTENSION,Waiting for automatic takeoff to enter ALT_HOLD,5,1,,2.38,1.743116455397989,0.0,0.0,356.9999996891463,1500,1500,1000,1500,1500,1500,1656,1500,,-10.0,-10.0
2026-08-06T16:58:18.564+03:00,8.149703,V2_EXTENSION,Waiting for automatic takeoff to enter ALT_HOLD,5,1,,2.38,1.743116455397989,0.0,0.0,356.9999996891463,1500,1500,1000,1500,1500,1500,1656,1500,,-10.0,-10.0
2026-08-06T16:58:18.595+03:00,8.180516,V2_EXTENSION,Waiting for automatic takeoff to enter ALT_HOLD,5,1,,2.38,1.743116455397989,0.0,0.0,356.9999996891463,1500,1500,1000,1500,1500,1500,1648,1500,,-10.0,-10.0
2026-08-06T16:58:18.611+03:00,8.196105,V2_EXTENSION,Waiting for automatic takeoff to enter ALT_HOLD,5,1,,2.38,1.743116455397989,0.0,0.0,356.9999996891463,1500,1500,1000,1500,1500,1500,1648,1500,,-10.0,-10.0
2026-08-06T16:58:18.662+03:00,8.247337,V2_EXTENSION,Waiting for automatic takeoff to enter ALT_HOLD,5,1,,2.38,1.743116455397989,0.0,0.0,356.9999996891463,1500,1500,1000,1500,1500,1500,1648,1500,,-10.0,-10.0
2026-08-06T16:58:18.698+03:00,8.283219,V2_EXTENSION,Waiting for automatic takeoff to enter ALT_HOLD,5,1,,2.38,1.743116455397989,0.0,0.0,356.9999996891463,1500,1500,1000,1500,1500,1500,1656,1500,,-10.0,-10.0
2026-08-06T16:58:18.713+03:00,8.298833,V2_EXTENSION,Waiting for automatic takeoff to enter ALT_HOLD,5,1,,2.38,1.743116455397989,0.0,0.0,356.9999996891463,1500,1500,1000,1500,1500,1500,1656,1500,,-10.0,-10.0
2026-08-06T16:58:18.760+03:00,8.344887,GLOBAL_POSITION_INT,Waiting for automatic takeoff to enter ALT_HOLD,5,1,,3.15,1.5425623038488376,0.0,0.0,356.9999996891463,1500,1500,1000,1500,1500,1500,1656,1500,,-10.0,-10.0
2026-08-06T16:58:18.760+03:00,8.345027,ATTITUDE,Waiting for automatic takeoff to enter ALT_HOLD,5,1,,3.15,1.5425623038488376,0.0,0.0,356.9999996891463,1500,1500,1000,1500,1500,1500,1656,1500,,-10.0,-10.0
2026-08-06T16:58:18.760+03:00,8.345152,RC_CHANNELS,Waiting for automatic takeoff to enter ALT_HOLD,5,1,,3.15,1.5425623038488376,0.0,0.0,356.9999996891463,1500,1500,1000,1500,1500,1500,1656,1500,,-10.0,-10.0
2026-08-06T16:58:18.765+03:00,8.350479,V2_EXTENSION,Waiting for automatic takeoff to enter ALT_HOLD,5,1,,3.15,1.5425623038488376,0.0,0.0,356.9999996891463,1500,1500,1000,1500,1500,1500,1656,1500,,-10.0,-10.0
2026-08-06T16:58:18.796+03:00,8.381507,V2_EXTENSION,Waiting for automatic takeoff to enter ALT_HOLD,5,1,,3.15,1.5425623038488376,0.0,0.0,356.9999996891463,1500,1500,1000,1500,1500,1500,1659,1500,,-10.0,-10.0
2026-08-06T16:58:18.812+03:00,8.397191,V2_EXTENSION,Waiting for automatic takeoff to enter ALT_HOLD,5,1,,3.15,1.5425623038488376,0.0,0.0,356.9999996891463,1500,1500,1000,1500,1500,1500,1659,1500,,-10.0,-10.0
2026-08-06T16:58:18.863+03:00,8.448728,V2_EXTENSION,Waiting for automatic takeoff to enter ALT_HOLD,5,1,,3.15,1.5425623038488376,0.0,0.0,356.9999996891463,1500,1500,1000,1500,1500,1500,1659,1500,,-10.0,-10.0
2026-08-06T16:58:18.899+03:00,8.484660,V2_EXTENSION,Waiting for automatic takeoff to enter ALT_HOLD,5,1,,3.15,1.5425623038488376,0.0,0.0,356.9999996891463,1500,1500,1000,1500,1500,1500,1668,1500,,-10.0,-10.0
2026-08-06T16:58:18.915+03:00,8.500218,V2_EXTENSION,Waiting for automatic takeoff to enter ALT_HOLD,5,1,,3.15,1.5425623038488376,0.0,0.0,356.9999996891463,1500,1500,1000,1500,1500,1500,1668,1500,,-10.0,-10.0
2026-08-06T16:58:18.966+03:00,8.551533,V2_EXTENSION,Waiting for automatic takeoff to enter ALT_HOLD,5,1,,3.15,1.5425623038488376,0.0,0.0,356.9999996891463,1500,1500,1000,1500,1500,1500,1668,1500,,-10.0,-10.0
2026-08-06T16:58:18.997+03:00,8.582257,V2_EXTENSION,Waiting for automatic takeoff to enter ALT_HOLD,5,1,,3.15,1.5425623038488376,0.0,0.0,356.9999996891463,1500,1500,1000,1500,1500,1500,1671,1500,,-10.0,-10.0
2026-08-06T16:58:19.012+03:00,8.597793,V2_EXTENSION,Waiting for automatic takeoff to enter ALT_HOLD,5,1,,3.15,1.5425623038488376,0.0,0.0,356.9999996891463,1500,1500,1000,1500,1500,1500,1671,1500,,-10.0,-10.0
2026-08-06T16:58:19.064+03:00,8.649104,V2_EXTENSION,Waiting for automatic takeoff to enter ALT_HOLD,5,1,,3.15,1.5425623038488376,0.0,0.0,356.9999996891463,1500,1500,1000,1500,1500,1500,1671,1500,,-10.0,-10.0
2026-08-06T16:58:19.100+03:00,8.684908,V2_EXTENSION,Waiting for automatic takeoff to enter ALT_HOLD,5,1,,3.15,1.5425623038488376,0.0,0.0,356.9999996891463,1500,1500,1000,1500,1500,1500,1660,1500,,-10.0,-10.0
2026-08-06T16:58:19.115+03:00,8.700440,V2_EXTENSION,Waiting for automatic takeoff to enter ALT_HOLD,5,1,,3.15,1.5425623038488376,0.0,0.0,356.9999996891463,1500,1500,1000,1500,1500,1500,1660,1500,,-10.0,-10.0
2026-08-06T16:58:19.166+03:00,8.751857,V2_EXTENSION,Waiting for automatic takeoff to enter ALT_HOLD,5,1,,3.15,1.5425623038488376,0.0,0.0,356.9999996891463,1500,1500,1000,1500,1500,1500,1660,1500,,-10.0,-10.0
2026-08-06T16:58:19.197+03:00,8.782589,V2_EXTENSION,Waiting for automatic takeoff to enter ALT_HOLD,5,1,,3.15,1.5425623038488376,0.0,0.0,356.9999996891463,1500,1500,1000,1500,1500,1500,1668,1500,,-10.0,-10.0
2026-08-06T16:58:19.213+03:00,8.798228,V2_EXTENSION,Waiting for automatic takeoff to enter ALT_HOLD,5,1,,3.15,1.5425623038488376,0.0,0.0,356.9999996891463,1500,1500,1000,1500,1500,1500,1668,1500,,-10.0,-10.0
2026-08-06T16:58:19.259+03:00,8.844336,GLOBAL_POSITION_INT,Waiting for automatic takeoff to enter ALT_HOLD,5,1,,3.85,1.401556737074525,0.0,0.0,356.9999996891463,1500,1500,1000,1500,1500,1500,1668,1500,,-10.0,-10.0
2026-08-06T16:58:19.259+03:00,8.844454,ATTITUDE,Waiting for automatic takeoff to enter ALT_HOLD,5,1,,3.85,1.401556737074525,0.0,0.0,356.9999996891463,1500,1500,1000,1500,1500,1500,1668,1500,,-10.0,-10.0
2026-08-06T16:58:19.259+03:00,8.844583,RC_CHANNELS,Waiting for automatic takeoff to enter ALT_HOLD,5,1,,3.85,1.401556737074525,0.0,0.0,356.9999996891463,1500,1500,1000,1500,1500,1500,1668,1500,,-10.0,-10.0
2026-08-06T16:58:19.264+03:00,8.849875,V2_EXTENSION,Waiting for automatic takeoff to enter ALT_HOLD,5,1,,3.85,1.401556737074525,0.0,0.0,356.9999996891463,1500,1500,1000,1500,1500,1500,1668,1500,,-10.0,-10.0
2026-08-06T16:58:19.300+03:00,8.885839,V2_EXTENSION,Waiting for automatic takeoff to enter ALT_HOLD,5,1,,3.85,1.401556737074525,0.0,0.0,356.9999996891463,1500,1500,1000,1500,1500,1500,1671,1500,,-10.0,-10.0
2026-08-06T16:58:19.316+03:00,8.901533,V2_EXTENSION,Waiting for automatic takeoff to enter ALT_HOLD,5,1,,3.85,1.401556737074525,0.0,0.0,356.9999996891463,1500,1500,1000,1500,1500,1500,1671,1500,,-10.0,-10.0
2026-08-06T16:58:19.367+03:00,8.952868,V2_EXTENSION,Waiting for automatic takeoff to enter ALT_HOLD,5,1,,3.85,1.401556737074525,0.0,0.0,356.9999996891463,1500,1500,1000,1500,1500,1500,1671,1500,,-10.0,-10.0
2026-08-06T16:58:19.398+03:00,8.983578,V2_EXTENSION,Waiting for automatic takeoff to enter ALT_HOLD,5,1,,3.85,1.401556737074525,0.0,0.0,356.9999996891463,1500,1500,1000,1500,1500,1500,1667,1500,,-10.0,-10.0
2026-08-06T16:58:19.414+03:00,8.999186,V2_EXTENSION,Waiting for automatic takeoff to enter ALT_HOLD,5,1,,3.85,1.401556737074525,0.0,0.0,356.9999996891463,1500,1500,1000,1500,1500,1500,1667,1500,,-10.0,-10.0
2026-08-06T16:58:19.465+03:00,9.050524,V2_EXTENSION,Waiting for automatic takeoff to enter ALT_HOLD,5,1,,3.85,1.401556737074525,0.0,0.0,356.9999996891463,1500,1500,1000,1500,1500,1500,1667,1500,,-10.0,-10.0
2026-08-06T16:58:19.501+03:00,9.086346,V2_EXTENSION,Waiting for automatic takeoff to enter ALT_HOLD,5,1,,3.85,1.401556737074525,0.0,0.0,356.9999996891463,1500,1500,1000,1500,1500,1500,1670,1500,,-10.0,-10.0
2026-08-06T16:58:19.517+03:00,9.101887,V2_EXTENSION,Waiting for automatic takeoff to enter ALT_HOLD,5,1,,3.85,1.401556737074525,0.0,0.0,356.9999996891463,1500,1500,1000,1500,1500,1500,1670,1500,,-10.0,-10.0
2026-08-06T16:58:19.568+03:00,9.153197,V2_EXTENSION,Waiting for automatic takeoff to enter ALT_HOLD,5,1,,3.85,1.401556737074525,0.0,0.0,356.9999996891463,1500,1500,1000,1500,1500,1500,1670,1500,,-10.0,-10.0
2026-08-06T16:58:19.599+03:00,9.183980,V2_EXTENSION,Waiting for automatic takeoff to enter ALT_HOLD,5,1,,3.85,1.401556737074525,0.0,0.0,356.9999996891463,1500,1500,1000,1500,1500,1500,1653,1500,,-10.0,-10.0
2026-08-06T16:58:19.614+03:00,9.199590,V2_EXTENSION,Waiting for automatic takeoff to enter ALT_HOLD,5,1,,3.85,1.401556737074525,0.0,0.0,356.9999996891463,1500,1500,1000,1500,1500,1500,1653,1500,,-10.0,-10.0
2026-08-06T16:58:19.665+03:00,9.250826,V2_EXTENSION,Waiting for automatic takeoff to enter ALT_HOLD,5,1,,3.85,1.401556737074525,0.0,0.0,356.9999996891463,1500,1500,1000,1500,1500,1500,1653,1500,,-10.0,-10.0
2026-08-06T16:58:19.701+03:00,9.286732,V2_EXTENSION,Waiting for automatic takeoff to enter ALT_HOLD,5,1,,3.85,1.401556737074525,0.0,0.0,356.9999996891463,1500,1500,1000,1500,1500,1500,1656,1500,,-10.0,-10.0
2026-08-06T16:58:19.717+03:00,9.302349,V2_EXTENSION,Waiting for automatic takeoff to enter ALT_HOLD,5,1,,3.85,1.401556737074525,0.0,0.0,356.9999996891463,1500,1500,1000,1500,1500,1500,1656,1500,,-10.0,-10.0
2026-08-06T16:58:19.758+03:00,9.343288,GLOBAL_POSITION_INT,Waiting for automatic takeoff to enter ALT_HOLD,5,1,,4.7,1.7035539575293852,0.0,0.0,356.9999996891463,1500,1500,1000,1500,1500,1500,1656,1500,,-10.0,-10.0
2026-08-06T16:58:19.758+03:00,9.343407,ATTITUDE,Waiting for automatic takeoff to enter ALT_HOLD,5,1,,4.7,1.7035539575293852,0.0,0.0,356.9999996891463,1500,1500,1000,1500,1500,1500,1656,1500,,-10.0,-10.0
2026-08-06T16:58:19.758+03:00,9.343540,RC_CHANNELS,Waiting for automatic takeoff to enter ALT_HOLD,5,1,,4.7,1.7035539575293852,0.0,0.0,356.9999996891463,1500,1500,1000,1500,1500,1500,1656,1500,,-10.0,-10.0
2026-08-06T16:58:19.769+03:00,9.354388,V2_EXTENSION,Waiting for automatic takeoff to enter ALT_HOLD,5,1,,4.7,1.7035539575293852,0.0,0.0,356.9999996891463,1500,1500,1000,1500,1500,1500,1656,1500,,-10.0,-10.0
2026-08-06T16:58:19.800+03:00,9.385291,V2_EXTENSION,Waiting for automatic takeoff to enter ALT_HOLD,5,1,,4.7,1.7035539575293852,0.0,0.0,356.9999996891463,1500,1500,1000,1500,1500,1500,1647,1500,,-10.0,-10.0
2026-08-06T16:58:19.816+03:00,9.401032,V2_EXTENSION,Waiting for automatic takeoff to enter ALT_HOLD,5,1,,4.7,1.7035539575293852,0.0,0.0,356.9999996891463,1500,1500,1000,1500,1500,1500,1647,1500,,-10.0,-10.0
2026-08-06T16:58:19.867+03:00,9.452533,V2_EXTENSION,Waiting for automatic takeoff to enter ALT_HOLD,5,1,,4.7,1.7035539575293852,0.0,0.0,356.9999996891463,1500,1500,1000,1500,1500,1500,1647,1500,,-10.0,-10.0
2026-08-06T16:58:19.898+03:00,9.483360,V2_EXTENSION,Waiting for automatic takeoff to enter ALT_HOLD,5,1,,4.7,1.7035539575293852,0.0,0.0,356.9999996891463,1500,1500,1000,1500,1500,1500,1643,1500,,-10.0,-10.0
2026-08-06T16:58:19.919+03:00,9.504153,V2_EXTENSION,Waiting for automatic takeoff to enter ALT_HOLD,5,1,,4.7,1.7035539575293852,0.0,0.0,356.9999996891463,1500,1500,1000,1500,1500,1500,1643,1500,,-10.0,-10.0
2026-08-06T16:58:19.965+03:00,9.550619,V2_EXTENSION,Waiting for automatic takeoff to enter ALT_HOLD,5,1,,4.7,1.7035539575293852,0.0,0.0,356.9999996891463,1500,1500,1000,1500,1500,1500,1643,1500,,-10.0,-10.0
2026-08-06T16:58:20.001+03:00,9.586563,V2_EXTENSION,Waiting for automatic takeoff to enter ALT_HOLD,5,1,,4.7,1.7035539575293852,0.0,0.0,356.9999996891463,1500,1500,1000,1500,1500,1500,1646,1500,,-10.0,-10.0
2026-08-06T16:58:20.017+03:00,9.602113,V2_EXTENSION,Waiting for automatic takeoff to enter ALT_HOLD,5,1,,4.7,1.7035539575293852,0.0,0.0,356.9999996891463,1500,1500,1000,1500,1500,1500,1646,1500,,-10.0,-10.0
2026-08-06T16:58:20.068+03:00,9.653379,V2_EXTENSION,Waiting for automatic takeoff to enter ALT_HOLD,5,1,,4.7,1.7035539575293852,0.0,0.0,356.9999996891463,1500,1500,1000,1500,1500,1500,1646,1500,,-10.0,-10.0
2026-08-06T16:58:20.099+03:00,9.684161,V2_EXTENSION,Waiting for automatic takeoff to enter ALT_HOLD,5,1,,4.7,1.7035539575293852,0.0,0.0,356.9999996891463,1500,1500,1000,1500,1500,1500,1666,1500,,-10.0,-10.0
2026-08-06T16:58:20.119+03:00,9.704794,V2_EXTENSION,Waiting for automatic takeoff to enter ALT_HOLD,5,1,,4.7,1.7035539575293852,0.0,0.0,356.9999996891463,1500,1500,1000,1500,1500,1500,1666,1500,,-10.0,-10.0
2026-08-06T16:58:20.171+03:00,9.755942,V2_EXTENSION,Waiting for automatic takeoff to enter ALT_HOLD,5,1,,4.7,1.7035539575293852,0.0,0.0,356.9999996891463,1500,1500,1000,1500,1500,1500,1666,1500,,-10.0,-10.0
2026-08-06T16:58:20.201+03:00,9.786755,V2_EXTENSION,Waiting for automatic takeoff to enter ALT_HOLD,5,1,,4.7,1.7035539575293852,0.0,0.0,356.9999996891463,1500,1500,1000,1500,1500,1500,1669,1500,,-10.0,-10.0
2026-08-06T16:58:20.217+03:00,9.802321,V2_EXTENSION,Waiting for automatic takeoff to enter ALT_HOLD,5,1,,4.7,1.7035539575293852,0.0,0.0,356.9999996891463,1500,1500,1000,1500,1500,1500,1669,1500,,-10.0,-10.0
2026-08-06T16:58:20.258+03:00,9.843298,GLOBAL_POSITION_INT,Waiting for automatic takeoff to enter ALT_HOLD,5,1,,5.46,1.5199501395935497,0.0,0.0,356.9999996891463,1500,1500,1000,1500,1500,1500,1669,1500,,-10.0,-10.0
2026-08-06T16:58:20.258+03:00,9.843454,ATTITUDE,Waiting for automatic takeoff to enter ALT_HOLD,5,1,,5.46,1.5199501395935497,0.0,0.0,356.9999996891463,1500,1500,1000,1500,1500,1500,1669,1500,,-10.0,-10.0
2026-08-06T16:58:20.258+03:00,9.843591,RC_CHANNELS,Waiting for automatic takeoff to enter ALT_HOLD,5,1,,5.46,1.5199501395935497,0.0,0.0,356.9999996891463,1500,1500,1000,1500,1500,1500,1669,1500,,-10.0,-10.0
2026-08-06T16:58:20.269+03:00,9.854152,V2_EXTENSION,Waiting for automatic takeoff to enter ALT_HOLD,5,1,,5.46,1.5199501395935497,0.0,0.0,356.9999996891463,1500,1500,1000,1500,1500,1500,1669,1500,,-10.0,-10.0
2026-08-06T16:58:20.300+03:00,9.885212,V2_EXTENSION,Waiting for automatic takeoff to enter ALT_HOLD,5,1,,5.46,1.5199501395935497,0.0,0.0,356.9999996891463,1500,1500,1000,1500,1500,1500,1664,1500,,-10.0,-10.0
2026-08-06T16:58:20.321+03:00,9.905960,V2_EXTENSION,Waiting for automatic takeoff to enter ALT_HOLD,5,1,,5.46,1.5199501395935497,0.0,0.0,356.9999996891463,1500,1500,1000,1500,1500,1500,1664,1500,,-10.0,-10.0
2026-08-06T16:58:20.367+03:00,9.952351,V2_EXTENSION,Waiting for automatic takeoff to enter ALT_HOLD,5,1,,5.46,1.5199501395935497,0.0,0.0,356.9999996891463,1500,1500,1000,1500,1500,1500,1664,1500,,-10.0,-10.0
2026-08-06T16:58:20.403+03:00,9.988321,V2_EXTENSION,Waiting for automatic takeoff to enter ALT_HOLD,5,1,,5.46,1.5199501395935497,0.0,0.0,356.9999996891463,1500,1500,1000,1500,1500,1500,1667,1500,,-10.0,-10.0
2026-08-06T16:58:20.418+03:00,10.003817,V2_EXTENSION,Waiting for automatic takeoff to enter ALT_HOLD,5,1,,5.46,1.5199501395935497,0.0,0.0,356.9999996891463,1500,1500,1000,1500,1500,1500,1667,1500,,-10.0,-10.0
2026-08-06T16:58:20.470+03:00,10.055059,V2_EXTENSION,Waiting for automatic takeoff to enter ALT_HOLD,5,1,,5.46,1.5199501395935497,0.0,0.0,356.9999996891463,1500,1500,1000,1500,1500,1500,1667,1500,,-10.0,-10.0
2026-08-06T16:58:20.500+03:00,10.085660,V2_EXTENSION,Waiting for automatic takeoff to enter ALT_HOLD,5,1,,5.46,1.5199501395935497,0.0,0.0,356.9999996891463,1500,1500,1000,1500,1500,1500,1668,1500,,-10.0,-10.0
2026-08-06T16:58:20.521+03:00,10.106398,V2_EXTENSION,Waiting for automatic takeoff to enter ALT_HOLD,5,1,,5.46,1.5199501395935497,0.0,0.0,356.9999996891463,1500,1500,1000,1500,1500,1500,1668,1500,,-10.0,-10.0
2026-08-06T16:58:20.568+03:00,10.153188,V2_EXTENSION,Waiting for automatic takeoff to enter ALT_HOLD,5,1,,5.46,1.5199501395935497,0.0,0.0,356.9999996891463,1500,1500,1000,1500,1500,1500,1668,1500,,-10.0,-10.0
2026-08-06T16:58:20.604+03:00,10.188969,V2_EXTENSION,Waiting for automatic takeoff to enter ALT_HOLD,5,1,,5.46,1.5199501395935497,0.0,0.0,356.9999996891463,1500,1500,1000,1500,1500,1500,1671,1500,,-10.0,-10.0
2026-08-06T16:58:20.619+03:00,10.204734,V2_EXTENSION,Waiting for automatic takeoff to enter ALT_HOLD,5,1,,5.46,1.5199501395935497,0.0,0.0,356.9999996891463,1500,1500,1000,1500,1500,1500,1671,1500,,-10.0,-10.0
2026-08-06T16:58:20.671+03:00,10.255943,V2_EXTENSION,Waiting for automatic takeoff to enter ALT_HOLD,5,1,,5.46,1.5199501395935497,0.0,0.0,356.9999996891463,1500,1500,1000,1500,1500,1500,1671,1500,,-10.0,-10.0
2026-08-06T16:58:20.701+03:00,10.286675,V2_EXTENSION,Waiting for automatic takeoff to enter ALT_HOLD,5,1,,5.46,1.5199501395935497,0.0,0.0,356.9999996891463,1500,1500,1000,1500,1500,1500,1660,1500,,-10.0,-10.0
2026-08-06T16:58:20.722+03:00,10.307322,V2_EXTENSION,Waiting for automatic takeoff to enter ALT_HOLD,5,1,,5.46,1.5199501395935497,0.0,0.0,356.9999996891463,1500,1500,1000,1500,1500,1500,1660,1500,,-10.0,-10.0
2026-08-06T16:58:20.758+03:00,10.343200,GLOBAL_POSITION_INT,Waiting for automatic takeoff to enter ALT_HOLD,5,1,,6.02,1.1202371991875046,0.0,0.0,356.9999996891463,1500,1500,1000,1500,1500,1500,1660,1500,,-10.0,-10.0
2026-08-06T16:58:20.758+03:00,10.343314,ATTITUDE,Waiting for automatic takeoff to enter ALT_HOLD,5,1,,6.02,1.1202371991875046,0.0,0.0,356.9999996891463,1500,1500,1000,1500,1500,1500,1660,1500,,-10.0,-10.0
2026-08-06T16:58:20.758+03:00,10.343437,RC_CHANNELS,Waiting for automatic takeoff to enter ALT_HOLD,5,1,,6.02,1.1202371991875046,0.0,0.0,356.9999996891463,1500,1500,1000,1500,1500,1500,1660,1500,,-10.0,-10.0
2026-08-06T16:58:20.769+03:00,10.353903,V2_EXTENSION,Waiting for automatic takeoff to enter ALT_HOLD,5,1,,6.02,1.1202371991875046,0.0,0.0,356.9999996891463,1500,1500,1000,1500,1500,1500,1660,1500,,-10.0,-10.0
2026-08-06T16:58:20.799+03:00,10.384872,V2_EXTENSION,Waiting for automatic takeoff to enter ALT_HOLD,5,1,,6.02,1.1202371991875046,0.0,0.0,356.9999996891463,1500,1500,1000,1500,1500,1500,1643,1500,,-10.0,-10.0
2026-08-06T16:58:20.820+03:00,10.405642,V2_EXTENSION,Waiting for automatic takeoff to enter ALT_HOLD,5,1,,6.02,1.1202371991875046,0.0,0.0,356.9999996891463,1500,1500,1000,1500,1500,1500,1643,1500,,-10.0,-10.0
2026-08-06T16:58:20.872+03:00,10.456917,V2_EXTENSION,Waiting for automatic takeoff to enter ALT_HOLD,5,1,,6.02,1.1202371991875046,0.0,0.0,356.9999996891463,1500,1500,1000,1500,1500,1500,1643,1500,,-10.0,-10.0
2026-08-06T16:58:20.902+03:00,10.487777,V2_EXTENSION,Waiting for automatic takeoff to enter ALT_HOLD,5,1,,6.02,1.1202371991875046,0.0,0.0,356.9999996891463,1500,1500,1000,1500,1500,1500,1646,1500,,-10.0,-10.0
2026-08-06T16:58:20.923+03:00,10.508470,V2_EXTENSION,Waiting for automatic takeoff to enter ALT_HOLD,5,1,,6.02,1.1202371991875046,0.0,0.0,356.9999996891463,1500,1500,1000,1500,1500,1500,1646,1500,,-10.0,-10.0
2026-08-06T16:58:20.969+03:00,10.554802,V2_EXTENSION,Waiting for automatic takeoff to enter ALT_HOLD,5,1,,6.02,1.1202371991875046,0.0,0.0,356.9999996891463,1500,1500,1000,1500,1500,1500,1646,1500,,-10.0,-10.0
2026-08-06T16:58:21.000+03:00,10.585615,V2_EXTENSION,Waiting for automatic takeoff to enter ALT_HOLD,5,1,,6.02,1.1202371991875046,0.0,0.0,356.9999996891463,1500,1500,1000,1500,1500,1500,1660,1500,,-10.0,-10.0
2026-08-06T16:58:21.021+03:00,10.606295,V2_EXTENSION,Waiting for automatic takeoff to enter ALT_HOLD,5,1,,6.02,1.1202371991875046,0.0,0.0,356.9999996891463,1500,1500,1000,1500,1500,1500,1660,1500,,-10.0,-10.0
2026-08-06T16:58:21.072+03:00,10.657512,V2_EXTENSION,Waiting for automatic takeoff to enter ALT_HOLD,5,1,,6.02,1.1202371991875046,0.0,0.0,356.9999996891463,1500,1500,1000,1500,1500,1500,1660,1500,,-10.0,-10.0
2026-08-06T16:58:21.103+03:00,10.688293,V2_EXTENSION,Waiting for automatic takeoff to enter ALT_HOLD,5,1,,6.02,1.1202371991875046,0.0,0.0,356.9999996891463,1500,1500,1000,1500,1500,1500,1663,1500,,-10.0,-10.0
2026-08-06T16:58:21.124+03:00,10.708945,V2_EXTENSION,Waiting for automatic takeoff to enter ALT_HOLD,5,1,,6.02,1.1202371991875046,0.0,0.0,356.9999996891463,1500,1500,1000,1500,1500,1500,1663,1500,,-10.0,-10.0
2026-08-06T16:58:21.170+03:00,10.755119,V2_EXTENSION,Waiting for automatic takeoff to enter ALT_HOLD,5,1,,6.02,1.1202371991875046,0.0,0.0,356.9999996891463,1500,1500,1000,1500,1500,1500,1663,1500,,-10.0,-10.0
2026-08-06T16:58:21.200+03:00,10.785824,V2_EXTENSION,Waiting for automatic takeoff to enter ALT_HOLD,5,1,,6.02,1.1202371991875046,0.0,0.0,356.9999996891463,1500,1500,1000,1500,1500,1500,1668,1500,,-10.0,-10.0
2026-08-06T16:58:21.221+03:00,10.806499,V2_EXTENSION,Waiting for automatic takeoff to enter ALT_HOLD,5,1,,6.02,1.1202371991875046,0.0,0.0,356.9999996891463,1500,1500,1000,1500,1500,1500,1668,1500,,-10.0,-10.0
2026-08-06T16:58:21.262+03:00,10.847416,GLOBAL_POSITION_INT,Waiting for automatic takeoff to enter ALT_HOLD,5,1,,6.78,1.5072767961434002,0.0,0.0,356.9999996891463,1500,1500,1000,1500,1500,1500,1668,1500,,-10.0,-10.0
2026-08-06T16:58:21.262+03:00,10.847544,ATTITUDE,Waiting for automatic takeoff to enter ALT_HOLD,5,1,,6.78,1.5072767961434002,0.0,0.0,356.9999996891463,1500,1500,1000,1500,1500,1500,1668,1500,,-10.0,-10.0
2026-08-06T16:58:21.262+03:00,10.847654,RC_CHANNELS,Waiting for automatic takeoff to enter ALT_HOLD,5,1,,6.78,1.5072767961434002,0.0,0.0,356.9999996891463,1500,1500,1000,1500,1500,1500,1668,1500,,-10.0,-10.0
2026-08-06T16:58:21.273+03:00,10.858165,V2_EXTENSION,Waiting for automatic takeoff to enter ALT_HOLD,5,1,,6.78,1.5072767961434002,0.0,0.0,356.9999996891463,1500,1500,1000,1500,1500,1500,1668,1500,,-10.0,-10.0
2026-08-06T16:58:21.304+03:00,10.889238,V2_EXTENSION,Waiting for automatic takeoff to enter ALT_HOLD,5,1,,6.78,1.5072767961434002,0.0,0.0,356.9999996891463,1500,1500,1000,1500,1500,1500,1673,1500,,-10.0,-10.0
2026-08-06T16:58:21.325+03:00,10.910104,V2_EXTENSION,Waiting for automatic takeoff to enter ALT_HOLD,5,1,,6.78,1.5072767961434002,0.0,0.0,356.9999996891463,1500,1500,1000,1500,1500,1500,1673,1500,,-10.0,-10.0
2026-08-06T16:58:21.371+03:00,10.956282,V2_EXTENSION,Waiting for automatic takeoff to enter ALT_HOLD,5,1,,6.78,1.5072767961434002,0.0,0.0,356.9999996891463,1500,1500,1000,1500,1500,1500,1673,1500,,-10.0,-10.0
2026-08-06T16:58:21.402+03:00,10.987127,V2_EXTENSION,Waiting for automatic takeoff to enter ALT_HOLD,5,1,,6.78,1.5072767961434002,0.0,0.0,356.9999996891463,1500,1500,1000,1500,1500,1500,1676,1500,,-10.0,-10.0
2026-08-06T16:58:21.422+03:00,11.007769,V2_EXTENSION,Waiting for automatic takeoff to enter ALT_HOLD,5,1,,6.78,1.5072767961434002,0.0,0.0,356.9999996891463,1500,1500,1000,1500,1500,1500,1676,1500,,-10.0,-10.0
2026-08-06T16:58:21.474+03:00,11.058944,V2_EXTENSION,Waiting for automatic takeoff to enter ALT_HOLD,5,1,,6.78,1.5072767961434002,0.0,0.0,356.9999996891463,1500,1500,1000,1500,1500,1500,1676,1500,,-10.0,-10.0
2026-08-06T16:58:21.504+03:00,11.089585,V2_EXTENSION,Waiting for automatic takeoff to enter ALT_HOLD,5,1,,6.78,1.5072767961434002,0.0,0.0,356.9999996891463,1500,1500,1000,1500,1500,1500,1652,1500,,-10.0,-10.0
2026-08-06T16:58:21.525+03:00,11.110452,V2_EXTENSION,Waiting for automatic takeoff to enter ALT_HOLD,5,1,,6.78,1.5072767961434002,0.0,0.0,356.9999996891463,1500,1500,1000,1500,1500,1500,1652,1500,,-10.0,-10.0
2026-08-06T16:58:21.571+03:00,11.156678,V2_EXTENSION,Waiting for automatic takeoff to enter ALT_HOLD,5,1,,6.78,1.5072767961434002,0.0,0.0,356.9999996891463,1500,1500,1000,1500,1500,1500,1652,1500,,-10.0,-10.0
2026-08-06T16:58:21.602+03:00,11.187456,V2_EXTENSION,Waiting for automatic takeoff to enter ALT_HOLD,5,1,,6.78,1.5072767961434002,0.0,0.0,356.9999996891463,1500,1500,1000,1500,1500,1500,1654,1500,,-10.0,-10.0
2026-08-06T16:58:21.623+03:00,11.208118,V2_EXTENSION,Waiting for automatic takeoff to enter ALT_HOLD,5,1,,6.78,1.5072767961434002,0.0,0.0,356.9999996891463,1500,1500,1000,1500,1500,1500,1654,1500,,-10.0,-10.0
2026-08-06T16:58:21.674+03:00,11.259365,V2_EXTENSION,Waiting for automatic takeoff to enter ALT_HOLD,5,1,,6.78,1.5072767961434002,0.0,0.0,356.9999996891463,1500,1500,1000,1500,1500,1500,1654,1500,,-10.0,-10.0
2026-08-06T16:58:21.705+03:00,11.290146,V2_EXTENSION,Waiting for automatic takeoff to enter ALT_HOLD,5,1,,6.78,1.5072767961434002,0.0,0.0,356.9999996891463,1500,1500,1000,1500,1500,1500,1660,1500,,-10.0,-10.0
2026-08-06T16:58:21.726+03:00,11.310953,V2_EXTENSION,Waiting for automatic takeoff to enter ALT_HOLD,5,1,,6.78,1.5072767961434002,0.0,0.0,356.9999996891463,1500,1500,1000,1500,1500,1500,1660,1500,,-10.0,-10.0
2026-08-06T16:58:21.761+03:00,11.346775,GLOBAL_POSITION_INT,Waiting for automatic takeoff to enter ALT_HOLD,5,1,,7.55,1.541967152198316,0.0,0.0,356.9999996891463,1500,1500,1000,1500,1500,1500,1660,1500,,-10.0,-10.0
2026-08-06T16:58:21.762+03:00,11.346922,ATTITUDE,Waiting for automatic takeoff to enter ALT_HOLD,5,1,,7.55,1.541967152198316,0.0,0.0,356.9999996891463,1500,1500,1000,1500,1500,1500,1660,1500,,-10.0,-10.0
2026-08-06T16:58:21.762+03:00,11.347039,RC_CHANNELS,Waiting for automatic takeoff to enter ALT_HOLD,5,1,,7.55,1.541967152198316,0.0,0.0,356.9999996891463,1500,1500,1000,1500,1500,1500,1660,1500,,-10.0,-10.0
2026-08-06T16:58:21.772+03:00,11.357461,V2_EXTENSION,Waiting for automatic takeoff to enter ALT_HOLD,5,1,,7.55,1.541967152198316,0.0,0.0,356.9999996891463,1500,1500,1000,1500,1500,1500,1660,1500,,-10.0,-10.0
2026-08-06T16:58:21.803+03:00,11.388315,V2_EXTENSION,Waiting for automatic takeoff to enter ALT_HOLD,5,1,,7.55,1.541967152198316,0.0,0.0,356.9999996891463,1500,1500,1000,1500,1500,1500,1660,1500,,-10.0,-10.0
2026-08-06T16:58:21.824+03:00,11.409079,V2_EXTENSION,Waiting for automatic takeoff to enter ALT_HOLD,5,1,,7.55,1.541967152198316,0.0,0.0,356.9999996891463,1500,1500,1000,1500,1500,1500,1660,1500,,-10.0,-10.0
2026-08-06T16:58:21.875+03:00,11.460371,V2_EXTENSION,Waiting for automatic takeoff to enter ALT_HOLD,5,1,,7.55,1.541967152198316,0.0,0.0,356.9999996891463,1500,1500,1000,1500,1500,1500,1660,1500,,-10.0,-10.0
2026-08-06T16:58:21.901+03:00,11.486046,V2_EXTENSION,Waiting for automatic takeoff to enter ALT_HOLD,5,1,,7.55,1.541967152198316,0.0,0.0,356.9999996891463,1500,1500,1000,1500,1500,1500,1649,1500,,-10.0,-10.0
2026-08-06T16:58:21.926+03:00,11.511777,V2_EXTENSION,Waiting for automatic takeoff to enter ALT_HOLD,5,1,,7.55,1.541967152198316,0.0,0.0,356.9999996891463,1500,1500,1000,1500,1500,1500,1649,1500,,-10.0,-10.0
2026-08-06T16:58:21.973+03:00,11.557892,V2_EXTENSION,Waiting for automatic takeoff to enter ALT_HOLD,5,1,,7.55,1.541967152198316,0.0,0.0,356.9999996891463,1500,1500,1000,1500,1500,1500,1649,1500,,-10.0,-10.0
2026-08-06T16:58:22.003+03:00,11.588647,V2_EXTENSION,Waiting for automatic takeoff to enter ALT_HOLD,5,1,,7.55,1.541967152198316,0.0,0.0,356.9999996891463,1500,1500,1000,1500,1500,1500,1647,1500,,-10.0,-10.0
2026-08-06T16:58:22.024+03:00,11.609418,V2_EXTENSION,Waiting for automatic takeoff to enter ALT_HOLD,5,1,,7.55,1.541967152198316,0.0,0.0,356.9999996891463,1500,1500,1000,1500,1500,1500,1647,1500,,-10.0,-10.0
2026-08-06T16:58:22.075+03:00,11.660664,V2_EXTENSION,Waiting for automatic takeoff to enter ALT_HOLD,5,1,,7.55,1.541967152198316,0.0,0.0,356.9999996891463,1500,1500,1000,1500,1500,1500,1647,1500,,-10.0,-10.0
2026-08-06T16:58:22.101+03:00,11.686330,V2_EXTENSION,Waiting for automatic takeoff to enter ALT_HOLD,5,1,,7.55,1.541967152198316,0.0,0.0,356.9999996891463,1500,1500,1000,1500,1500,1500,1614,1500,,-10.0,-10.0
2026-08-06T16:58:22.127+03:00,11.712034,V2_EXTENSION,Waiting for automatic takeoff to enter ALT_HOLD,5,1,,7.55,1.541967152198316,0.0,0.0,356.9999996891463,1500,1500,1000,1500,1500,1500,1614,1500,,-10.0,-10.0
2026-08-06T16:58:22.173+03:00,11.758283,V2_EXTENSION,Waiting for automatic takeoff to enter ALT_HOLD,5,1,,7.55,1.541967152198316,0.0,0.0,356.9999996891463,1500,1500,1000,1500,1500,1500,1614,1500,,-10.0,-10.0
2026-08-06T16:58:22.204+03:00,11.789006,V2_EXTENSION,Waiting for automatic takeoff to enter ALT_HOLD,5,1,,7.55,1.541967152198316,0.0,0.0,356.9999996891463,1500,1500,1000,1500,1500,1500,1614,1500,,-10.0,-10.0
2026-08-06T16:58:22.224+03:00,11.809785,V2_EXTENSION,Waiting for automatic takeoff to enter ALT_HOLD,5,1,,7.55,1.541967152198316,0.0,0.0,356.9999996891463,1500,1500,1000,1500,1500,1500,1614,1500,,-10.0,-10.0
2026-08-06T16:58:22.260+03:00,11.845600,GLOBAL_POSITION_INT,Waiting for automatic takeoff to enter ALT_HOLD,5,1,,8.5,1.9044784495398193,0.0,0.0,356.9999996891463,1500,1500,1000,1500,1500,1500,1614,1500,,-10.0,-10.0
2026-08-06T16:58:22.260+03:00,11.845705,ATTITUDE,Waiting for automatic takeoff to enter ALT_HOLD,5,1,,8.5,1.9044784495398193,0.0,0.0,356.9999996891463,1500,1500,1000,1500,1500,1500,1614,1500,,-10.0,-10.0
2026-08-06T16:58:22.260+03:00,11.845828,RC_CHANNELS,Waiting for automatic takeoff to enter ALT_HOLD,5,1,,8.5,1.9044784495398193,0.0,0.0,356.9999996891463,1500,1500,1000,1500,1500,1500,1614,1500,,-10.0,-10.0
2026-08-06T16:58:22.276+03:00,11.861454,V2_EXTENSION,Waiting for automatic takeoff to enter ALT_HOLD,5,1,,8.5,1.9044784495398193,0.0,0.0,356.9999996891463,1500,1500,1000,1500,1500,1500,1614,1500,,-10.0,-10.0
2026-08-06T16:58:22.302+03:00,11.887229,V2_EXTENSION,Waiting for automatic takeoff to enter ALT_HOLD,5,1,,8.5,1.9044784495398193,0.0,0.0,356.9999996891463,1500,1500,1000,1500,1500,1500,1641,1500,,-10.0,-10.0
2026-08-06T16:58:22.328+03:00,11.913119,V2_EXTENSION,Waiting for automatic takeoff to enter ALT_HOLD,5,1,,8.5,1.9044784495398193,0.0,0.0,356.9999996891463,1500,1500,1000,1500,1500,1500,1641,1500,,-10.0,-10.0
2026-08-06T16:58:22.374+03:00,11.959351,V2_EXTENSION,Waiting for automatic takeoff to enter ALT_HOLD,5,1,,8.5,1.9044784495398193,0.0,0.0,356.9999996891463,1500,1500,1000,1500,1500,1500,1641,1500,,-10.0,-10.0
2026-08-06T16:58:22.405+03:00,11.990178,V2_EXTENSION,Waiting for automatic takeoff to enter ALT_HOLD,5,1,,8.5,1.9044784495398193,0.0,0.0,356.9999996891463,1500,1500,1000,1500,1500,1500,1641,1500,,-10.0,-10.0
2026-08-06T16:58:22.426+03:00,12.010959,V2_EXTENSION,Waiting for automatic takeoff to enter ALT_HOLD,5,1,,8.5,1.9044784495398193,0.0,0.0,356.9999996891463,1500,1500,1000,1500,1500,1500,1641,1500,,-10.0,-10.0
2026-08-06T16:58:22.477+03:00,12.062127,V2_EXTENSION,Waiting for automatic takeoff to enter ALT_HOLD,5,1,,8.5,1.9044784495398193,0.0,0.0,356.9999996891463,1500,1500,1000,1500,1500,1500,1641,1500,,-10.0,-10.0
2026-08-06T16:58:22.502+03:00,12.087741,V2_EXTENSION,Waiting for automatic takeoff to enter ALT_HOLD,5,1,,8.5,1.9044784495398193,0.0,0.0,356.9999996891463,1500,1500,1000,1500,1500,1500,1649,1500,,-10.0,-10.0
2026-08-06T16:58:22.528+03:00,12.113606,V2_EXTENSION,Waiting for automatic takeoff to enter ALT_HOLD,5,1,,8.5,1.9044784495398193,0.0,0.0,356.9999996891463,1500,1500,1000,1500,1500,1500,1649,1500,,-10.0,-10.0
2026-08-06T16:58:22.574+03:00,12.159765,V2_EXTENSION,Waiting for automatic takeoff to enter ALT_HOLD,5,1,,8.5,1.9044784495398193,0.0,0.0,356.9999996891463,1500,1500,1000,1500,1500,1500,1649,1500,,-10.0,-10.0
2026-08-06T16:58:22.605+03:00,12.190503,V2_EXTENSION,Waiting for automatic takeoff to enter ALT_HOLD,5,1,,8.5,1.9044784495398193,0.0,0.0,356.9999996891463,1500,1500,1000,1500,1500,1500,1649,1500,,-10.0,-10.0
2026-08-06T16:58:22.626+03:00,12.211184,V2_EXTENSION,Waiting for automatic takeoff to enter ALT_HOLD,5,1,,8.5,1.9044784495398193,0.0,0.0,356.9999996891463,1500,1500,1000,1500,1500,1500,1649,1500,,-10.0,-10.0
2026-08-06T16:58:22.677+03:00,12.262330,V2_EXTENSION,Waiting for automatic takeoff to enter ALT_HOLD,5,1,,8.5,1.9044784495398193,0.0,0.0,356.9999996891463,1500,1500,1000,1500,1500,1500,1649,1500,,-10.0,-10.0
2026-08-06T16:58:22.703+03:00,12.287980,V2_EXTENSION,Waiting for automatic takeoff to enter ALT_HOLD,5,1,,8.5,1.9044784495398193,0.0,0.0,356.9999996891463,1500,1500,1000,1500,1500,1500,1638,1500,,-10.0,-10.0
2026-08-06T16:58:22.729+03:00,12.313921,V2_EXTENSION,Waiting for automatic takeoff to enter ALT_HOLD,5,1,,8.5,1.9044784495398193,0.0,0.0,356.9999996891463,1500,1500,1000,1500,1500,1500,1638,1500,,-10.0,-10.0
2026-08-06T16:58:22.759+03:00,12.344684,GLOBAL_POSITION_INT,Waiting for automatic takeoff to enter ALT_HOLD,5,1,,8.95,0.9016669458939695,0.0,0.0,356.9999996891463,1500,1500,1000,1500,1500,1500,1638,1500,,-10.0,-10.0
2026-08-06T16:58:22.759+03:00,12.344807,ATTITUDE,Waiting for automatic takeoff to enter ALT_HOLD,5,1,,8.95,0.9016669458939695,0.0,0.0,356.9999996891463,1500,1500,1000,1500,1500,1500,1638,1500,,-10.0,-10.0
2026-08-06T16:58:22.760+03:00,12.344927,RC_CHANNELS,Waiting for automatic takeoff to enter ALT_HOLD,5,1,,8.95,0.9016669458939695,0.0,0.0,356.9999996891463,1500,1500,1000,1500,1500,1500,1638,1500,,-10.0,-10.0
2026-08-06T16:58:22.775+03:00,12.360660,V2_EXTENSION,Waiting for automatic takeoff to enter ALT_HOLD,5,1,,8.95,0.9016669458939695,0.0,0.0,356.9999996891463,1500,1500,1000,1500,1500,1500,1638,1500,,-10.0,-10.0
2026-08-06T16:58:22.806+03:00,12.391554,V2_EXTENSION,Waiting for automatic takeoff to enter ALT_HOLD,5,1,,8.95,0.9016669458939695,0.0,0.0,356.9999996891463,1500,1500,1000,1500,1500,1500,1634,1500,,-10.0,-10.0
2026-08-06T16:58:22.827+03:00,12.412829,V2_EXTENSION,Waiting for automatic takeoff to enter ALT_HOLD,5,1,,8.95,0.9016669458939695,0.0,0.0,356.9999996891463,1500,1500,1000,1500,1500,1500,1634,1500,,-10.0,-10.0
2026-08-06T16:58:22.879+03:00,12.464463,V2_EXTENSION,Waiting for automatic takeoff to enter ALT_HOLD,5,1,,8.95,0.9016669458939695,0.0,0.0,356.9999996891463,1500,1500,1000,1500,1500,1500,1634,1500,,-10.0,-10.0
2026-08-06T16:58:22.905+03:00,12.490202,V2_EXTENSION,Waiting for automatic takeoff to enter ALT_HOLD,5,1,,8.95,0.9016669458939695,0.0,0.0,356.9999996891463,1500,1500,1000,1500,1500,1500,1634,1500,,-10.0,-10.0
2026-08-06T16:58:22.926+03:00,12.510938,V2_EXTENSION,Waiting for automatic takeoff to enter ALT_HOLD,5,1,,8.95,0.9016669458939695,0.0,0.0,356.9999996891463,1500,1500,1000,1500,1500,1500,1634,1500,,-10.0,-10.0
2026-08-06T16:58:22.977+03:00,12.562165,V2_EXTENSION,Waiting for automatic takeoff to enter ALT_HOLD,5,1,,8.95,0.9016669458939695,0.0,0.0,356.9999996891463,1500,1500,1000,1500,1500,1500,1634,1500,,-10.0,-10.0
2026-08-06T16:58:23.008+03:00,12.592921,V2_EXTENSION,Waiting for automatic takeoff to enter ALT_HOLD,5,1,,8.95,0.9016669458939695,0.0,0.0,356.9999996891463,1500,1500,1000,1500,1500,1500,1635,1500,,-10.0,-10.0
2026-08-06T16:58:23.028+03:00,12.613569,V2_EXTENSION,Waiting for automatic takeoff to enter ALT_HOLD,5,1,,8.95,0.9016669458939695,0.0,0.0,356.9999996891463,1500,1500,1000,1500,1500,1500,1635,1500,,-10.0,-10.0
2026-08-06T16:58:23.079+03:00,12.664854,V2_EXTENSION,Waiting for automatic takeoff to enter ALT_HOLD,5,1,,8.95,0.9016669458939695,0.0,0.0,356.9999996891463,1500,1500,1000,1500,1500,1500,1635,1500,,-10.0,-10.0
2026-08-06T16:58:23.105+03:00,12.690475,V2_EXTENSION,Waiting for automatic takeoff to enter ALT_HOLD,5,1,,8.95,0.9016669458939695,0.0,0.0,356.9999996891463,1500,1500,1000,1500,1500,1500,1635,1500,,-10.0,-10.0
2026-08-06T16:58:23.131+03:00,12.716160,V2_EXTENSION,Waiting for automatic takeoff to enter ALT_HOLD,5,1,,8.95,0.9016669458939695,0.0,0.0,356.9999996891463,1500,1500,1000,1500,1500,1500,1635,1500,,-10.0,-10.0
2026-08-06T16:58:23.177+03:00,12.762299,V2_EXTENSION,Waiting for automatic takeoff to enter ALT_HOLD,5,1,,8.95,0.9016669458939695,0.0,0.0,356.9999996891463,1500,1500,1000,1500,1500,1500,1635,1500,,-10.0,-10.0
2026-08-06T16:58:23.208+03:00,12.793081,V2_EXTENSION,Waiting for automatic takeoff to enter ALT_HOLD,5,1,,8.95,0.9016669458939695,0.0,0.0,356.9999996891463,1500,1500,1000,1500,1500,1500,1633,1500,,-10.0,-10.0
2026-08-06T16:58:23.228+03:00,12.813713,V2_EXTENSION,Waiting for automatic takeoff to enter ALT_HOLD,5,1,,8.95,0.9016669458939695,0.0,0.0,356.9999996891463,1500,1500,1000,1500,1500,1500,1633,1500,,-10.0,-10.0
2026-08-06T16:58:23.259+03:00,12.844505,GLOBAL_POSITION_INT,Waiting for automatic takeoff to enter ALT_HOLD,5,1,,9.55,1.2004420486118825,0.0,0.0,356.9999996891463,1500,1500,1000,1500,1500,1500,1633,1500,,-10.0,-10.0
2026-08-06T16:58:23.259+03:00,12.844621,ATTITUDE,Waiting for automatic takeoff to enter ALT_HOLD,5,1,,9.55,1.2004420486118825,0.0,0.0,356.9999996891463,1500,1500,1000,1500,1500,1500,1633,1500,,-10.0,-10.0
2026-08-06T16:58:23.259+03:00,12.844729,RC_CHANNELS,Waiting for automatic takeoff to enter ALT_HOLD,5,1,,9.55,1.2004420486118825,0.0,0.0,356.9999996891463,1500,1500,1000,1500,1500,1500,1633,1500,,-10.0,-10.0
2026-08-06T16:58:23.280+03:00,12.865393,V2_EXTENSION,Waiting for automatic takeoff to enter ALT_HOLD,5,1,,9.55,1.2004420486118825,0.0,0.0,356.9999996891463,1500,1500,1000,1500,1500,1500,1633,1500,,-10.0,-10.0
2026-08-06T16:58:23.306+03:00,12.891241,V2_EXTENSION,Waiting for automatic takeoff to enter ALT_HOLD,5,1,,9.55,1.2004420486118825,0.0,0.0,356.9999996891463,1500,1500,1000,1500,1500,1500,1633,1500,,-10.0,-10.0
2026-08-06T16:58:23.332+03:00,12.917125,V2_EXTENSION,Waiting for automatic takeoff to enter ALT_HOLD,5,1,,9.55,1.2004420486118825,0.0,0.0,356.9999996891463,1500,1500,1000,1500,1500,1500,1633,1500,,-10.0,-10.0
2026-08-06T16:58:23.378+03:00,12.963352,V2_EXTENSION,Waiting for automatic takeoff to enter ALT_HOLD,5,1,,9.55,1.2004420486118825,0.0,0.0,356.9999996891463,1500,1500,1000,1500,1500,1500,1633,1500,,-10.0,-10.0
2026-08-06T16:58:23.404+03:00,12.989025,V2_EXTENSION,Waiting for automatic takeoff to enter ALT_HOLD,5,1,,9.55,1.2004420486118825,0.0,0.0,356.9999996891463,1500,1500,1000,1500,1500,1500,1640,1500,,-10.0,-10.0
2026-08-06T16:58:23.429+03:00,13.014821,V2_EXTENSION,Waiting for automatic takeoff to enter ALT_HOLD,5,1,,9.55,1.2004420486118825,0.0,0.0,356.9999996891463,1500,1500,1000,1500,1500,1500,1640,1500,,-10.0,-10.0
2026-08-06T16:58:23.481+03:00,13.066047,V2_EXTENSION,Waiting for automatic takeoff to enter ALT_HOLD,5,1,,9.55,1.2004420486118825,0.0,0.0,356.9999996891463,1500,1500,1000,1500,1500,1500,1640,1500,,-10.0,-10.0
2026-08-06T16:58:23.506+03:00,13.091658,V2_EXTENSION,Waiting for automatic takeoff to enter ALT_HOLD,5,1,,9.55,1.2004420486118825,0.0,0.0,356.9999996891463,1500,1500,1000,1500,1500,1500,1640,1500,,-10.0,-10.0
2026-08-06T16:58:23.532+03:00,13.117536,V2_EXTENSION,Waiting for automatic takeoff to enter ALT_HOLD,5,1,,9.55,1.2004420486118825,0.0,0.0,356.9999996891463,1500,1500,1000,1500,1500,1500,1640,1500,,-10.0,-10.0
2026-08-06T16:58:23.578+03:00,13.163628,V2_EXTENSION,Waiting for automatic takeoff to enter ALT_HOLD,5,1,,9.55,1.2004420486118825,0.0,0.0,356.9999996891463,1500,1500,1000,1500,1500,1500,1640,1500,,-10.0,-10.0
2026-08-06T16:58:23.604+03:00,13.189291,V2_EXTENSION,Waiting for automatic takeoff to enter ALT_HOLD,5,1,,9.55,1.2004420486118825,0.0,0.0,356.9999996891463,1500,1500,1000,1500,1500,1500,1634,1500,,-10.0,-10.0
2026-08-06T16:58:23.630+03:00,13.215044,V2_EXTENSION,Waiting for automatic takeoff to enter ALT_HOLD,5,1,,9.55,1.2004420486118825,0.0,0.0,356.9999996891463,1500,1500,1000,1500,1500,1500,1634,1500,,-10.0,-10.0
2026-08-06T16:58:23.681+03:00,13.266487,V2_EXTENSION,Waiting for automatic takeoff to enter ALT_HOLD,5,1,,9.55,1.2004420486118825,0.0,0.0,356.9999996891463,1500,1500,1000,1500,1500,1500,1634,1500,,-10.0,-10.0
2026-08-06T16:58:23.707+03:00,13.292322,V2_EXTENSION,Waiting for automatic takeoff to enter ALT_HOLD,5,1,,9.55,1.2004420486118825,0.0,0.0,356.9999996891463,1500,1500,1000,1500,1500,1500,1634,1500,,-10.0,-10.0
2026-08-06T16:58:23.733+03:00,13.318297,V2_EXTENSION,Waiting for automatic takeoff to enter ALT_HOLD,5,1,,9.55,1.2004420486118825,0.0,0.0,356.9999996891463,1500,1500,1000,1500,1500,1500,1634,1500,,-10.0,-10.0
2026-08-06T16:58:23.759+03:00,13.344030,GLOBAL_POSITION_INT,Waiting for automatic takeoff to enter ALT_HOLD,5,1,,9.95,0.8008334608585619,0.0,0.0,356.9999996891463,1500,1500,1000,1500,1500,1500,1634,1500,,-10.0,-10.0
2026-08-06T16:58:23.759+03:00,13.344226,ATTITUDE,Waiting for automatic takeoff to enter ALT_HOLD,5,1,,9.95,0.8008334608585619,0.0,0.0,356.9999996891463,1500,1500,1000,1500,1500,1500,1634,1500,,-10.0,-10.0
2026-08-06T16:58:23.759+03:00,13.344350,RC_CHANNELS,Waiting for automatic takeoff to enter ALT_HOLD,5,1,,9.95,0.8008334608585619,0.0,0.0,356.9999996891463,1500,1500,1000,1500,1500,1500,1634,1500,,-10.0,-10.0
2026-08-06T16:58:23.780+03:00,13.365050,V2_EXTENSION,Waiting for automatic takeoff to enter ALT_HOLD,5,1,,9.95,0.8008334608585619,0.0,0.0,356.9999996891463,1500,1500,1000,1500,1500,1500,1634,1500,,-10.0,-10.0
2026-08-06T16:58:23.805+03:00,13.390827,V2_EXTENSION,Waiting for automatic takeoff to enter ALT_HOLD,5,1,,9.95,0.8008334608585619,0.0,0.0,356.9999996891463,1500,1500,1000,1500,1500,1500,1644,1500,,-10.0,-10.0
2026-08-06T16:58:23.831+03:00,13.416712,V2_EXTENSION,Waiting for automatic takeoff to enter ALT_HOLD,5,1,,9.95,0.8008334608585619,0.0,0.0,356.9999996891463,1500,1500,1000,1500,1500,1500,1644,1500,,-10.0,-10.0
2026-08-06T16:58:23.883+03:00,13.467990,V2_EXTENSION,Waiting for automatic takeoff to enter ALT_HOLD,5,1,,9.95,0.8008334608585619,0.0,0.0,356.9999996891463,1500,1500,1000,1500,1500,1500,1644,1500,,-10.0,-10.0
2026-08-06T16:58:23.908+03:00,13.493702,V2_EXTENSION,Waiting for automatic takeoff to enter ALT_HOLD,5,1,,9.95,0.8008334608585619,0.0,0.0,356.9999996891463,1500,1500,1000,1500,1500,1500,1645,1500,,-10.0,-10.0
2026-08-06T16:58:23.934+03:00,13.519508,V2_EXTENSION,Waiting for automatic takeoff to enter ALT_HOLD,5,1,,9.95,0.8008334608585619,0.0,0.0,356.9999996891463,1500,1500,1000,1500,1500,1500,1645,1500,,-10.0,-10.0
2026-08-06T16:58:23.980+03:00,13.565805,V2_EXTENSION,Waiting for automatic takeoff to enter ALT_HOLD,5,1,,9.95,0.8008334608585619,0.0,0.0,356.9999996891463,1500,1500,1000,1500,1500,1500,1645,1500,,-10.0,-10.0
2026-08-06T16:58:24.006+03:00,13.591421,V2_EXTENSION,Waiting for automatic takeoff to enter ALT_HOLD,5,1,,9.95,0.8008334608585619,0.0,0.0,356.9999996891463,1500,1500,1000,1500,1500,1500,1645,1500,,-10.0,-10.0
2026-08-06T16:58:24.032+03:00,13.617300,V2_EXTENSION,Waiting for automatic takeoff to enter ALT_HOLD,5,1,,9.95,0.8008334608585619,0.0,0.0,356.9999996891463,1500,1500,1000,1500,1500,1500,1645,1500,,-10.0,-10.0
2026-08-06T16:58:24.083+03:00,13.668570,V2_EXTENSION,Waiting for automatic takeoff to enter ALT_HOLD,5,1,,9.95,0.8008334608585619,0.0,0.0,356.9999996891463,1500,1500,1000,1500,1500,1500,1645,1500,,-10.0,-10.0
2026-08-06T16:58:24.109+03:00,13.694308,V2_EXTENSION,Waiting for automatic takeoff to enter ALT_HOLD,5,1,,9.95,0.8008334608585619,0.0,0.0,356.9999996891463,1500,1500,1000,1500,1500,1500,1641,1500,,-10.0,-10.0
2026-08-06T16:58:24.135+03:00,13.720128,V2_EXTENSION,Waiting for automatic takeoff to enter ALT_HOLD,5,1,,9.95,0.8008334608585619,0.0,0.0,356.9999996891463,1500,1500,1000,1500,1500,1500,1641,1500,,-10.0,-10.0
2026-08-06T16:58:24.181+03:00,13.766213,V2_EXTENSION,Waiting for automatic takeoff to enter ALT_HOLD,5,1,,9.95,0.8008334608585619,0.0,0.0,356.9999996891463,1500,1500,1000,1500,1500,1500,1641,1500,,-10.0,-10.0
2026-08-06T16:58:24.207+03:00,13.791919,V2_EXTENSION,Waiting for automatic takeoff to enter ALT_HOLD,5,1,,9.95,0.8008334608585619,0.0,0.0,356.9999996891463,1500,1500,1000,1500,1500,1500,1641,1500,,-10.0,-10.0
2026-08-06T16:58:24.232+03:00,13.817721,V2_EXTENSION,Waiting for automatic takeoff to enter ALT_HOLD,5,1,,9.95,0.8008334608585619,0.0,0.0,356.9999996891463,1500,1500,1000,1500,1500,1500,1641,1500,,-10.0,-10.0
2026-08-06T16:58:24.263+03:00,13.848569,GLOBAL_POSITION_INT,Waiting for automatic takeoff to enter ALT_HOLD,5,1,,10.14,0.3765558216887685,0.0,0.0,356.9999996891463,1500,1500,1000,1500,1500,1500,1641,1500,,-10.0,-10.0
2026-08-06T16:58:24.263+03:00,13.848686,ATTITUDE,Waiting for automatic takeoff to enter ALT_HOLD,5,1,,10.14,0.3765558216887685,0.0,0.0,356.9999996891463,1500,1500,1000,1500,1500,1500,1641,1500,,-10.0,-10.0
2026-08-06T16:58:24.263+03:00,13.848801,RC_CHANNELS,Waiting for automatic takeoff to enter ALT_HOLD,5,1,,10.14,0.3765558216887685,0.0,0.0,356.9999996891463,1500,1500,1000,1500,1500,1500,1641,1500,,-10.0,-10.0
2026-08-06T16:58:24.284+03:00,13.869503,V2_EXTENSION,Waiting for automatic takeoff to enter ALT_HOLD,5,1,,10.14,0.3765558216887685,0.0,0.0,356.9999996891463,1500,1500,1000,1500,1500,1500,1641,1500,,-10.0,-10.0
2026-08-06T16:58:24.305+03:00,13.890149,V2_EXTENSION,Waiting for automatic takeoff to enter ALT_HOLD,5,1,,10.14,0.3765558216887685,0.0,0.0,356.9999996891463,1500,1500,1000,1500,1500,1500,1649,1500,,-10.0,-10.0
2026-08-06T16:58:24.331+03:00,13.916031,V2_EXTENSION,Waiting for automatic takeoff to enter ALT_HOLD,5,1,,10.14,0.3765558216887685,0.0,0.0,356.9999996891463,1500,1500,1000,1500,1500,1500,1649,1500,,-10.0,-10.0
2026-08-06T16:58:24.382+03:00,13.967295,V2_EXTENSION,Waiting for automatic takeoff to enter ALT_HOLD,5,1,,10.14,0.3765558216887685,0.0,0.0,356.9999996891463,1500,1500,1000,1500,1500,1500,1649,1500,,-10.0,-10.0
2026-08-06T16:58:24.408+03:00,13.992945,V2_EXTENSION,Waiting for automatic takeoff to enter ALT_HOLD,5,1,,10.14,0.3765558216887685,0.0,0.0,356.9999996891463,1500,1500,1000,1500,1500,1500,1653,1500,,-10.0,-10.0
2026-08-06T16:58:24.433+03:00,14.018701,V2_EXTENSION,Waiting for automatic takeoff to enter ALT_HOLD,5,1,,10.14,0.3765558216887685,0.0,0.0,356.9999996891463,1500,1500,1000,1500,1500,1500,1653,1500,,-10.0,-10.0
2026-08-06T16:58:24.485+03:00,14.069946,V2_EXTENSION,Waiting for automatic takeoff to enter ALT_HOLD,5,1,,10.14,0.3765558216887685,0.0,0.0,356.9999996891463,1500,1500,1000,1500,1500,1500,1653,1500,,-10.0,-10.0
2026-08-06T16:58:24.505+03:00,14.090472,V2_EXTENSION,Waiting for automatic takeoff to enter ALT_HOLD,5,1,,10.14,0.3765558216887685,0.0,0.0,356.9999996891463,1500,1500,1000,1500,1500,1500,1653,1500,,-10.0,-10.0
2026-08-06T16:58:24.536+03:00,14.121291,V2_EXTENSION,Waiting for automatic takeoff to enter ALT_HOLD,5,1,,10.14,0.3765558216887685,0.0,0.0,356.9999996891463,1500,1500,1000,1500,1500,1500,1653,1500,,-10.0,-10.0
2026-08-06T16:58:24.582+03:00,14.167636,V2_EXTENSION,Waiting for automatic takeoff to enter ALT_HOLD,5,1,,10.14,0.3765558216887685,0.0,0.0,356.9999996891463,1500,1500,1000,1500,1500,1500,1653,1500,,-10.0,-10.0
2026-08-06T16:58:24.608+03:00,14.193325,V2_EXTENSION,Waiting for automatic takeoff to enter ALT_HOLD,5,1,,10.14,0.3765558216887685,0.0,0.0,356.9999996891463,1500,1500,1000,1500,1500,1500,1657,1500,,-10.0,-10.0
2026-08-06T16:58:24.634+03:00,14.219052,V2_EXTENSION,Waiting for automatic takeoff to enter ALT_HOLD,5,1,,10.14,0.3765558216887685,0.0,0.0,356.9999996891463,1500,1500,1000,1500,1500,1500,1657,1500,,-10.0,-10.0
2026-08-06T16:58:24.685+03:00,14.270498,V2_EXTENSION,Waiting for automatic takeoff to enter ALT_HOLD,5,1,,10.14,0.3765558216887685,0.0,0.0,356.9999996891463,1500,1500,1000,1500,1500,1500,1657,1500,,-10.0,-10.0
2026-08-06T16:58:24.706+03:00,14.291054,V2_EXTENSION,Waiting for automatic takeoff to enter ALT_HOLD,5,1,,10.14,0.3765558216887685,0.0,0.0,356.9999996891463,1500,1500,1000,1500,1500,1500,1657,1500,,-10.0,-10.0
2026-08-06T16:58:24.737+03:00,14.321896,V2_EXTENSION,Waiting for automatic takeoff to enter ALT_HOLD,5,1,,10.14,0.3765558216887685,0.0,0.0,356.9999996891463,1500,1500,1000,1500,1500,1500,1657,1500,,-10.0,-10.0
2026-08-06T16:58:24.762+03:00,14.347567,GLOBAL_POSITION_INT,Waiting for automatic takeoff to enter ALT_HOLD,5,1,,10.16,0.04007849260379166,0.0,0.0,356.9999996891463,1500,1500,1000,1500,1500,1500,1657,1500,,-10.0,-10.0
2026-08-06T16:58:24.762+03:00,14.347697,ATTITUDE,Waiting for automatic takeoff to enter ALT_HOLD,5,1,,10.16,0.04007849260379166,0.0,0.0,356.9999996891463,1500,1500,1000,1500,1500,1500,1657,1500,,-10.0,-10.0
2026-08-06T16:58:24.762+03:00,14.347825,RC_CHANNELS,Waiting for automatic takeoff to enter ALT_HOLD,5,1,,10.16,0.04007849260379166,0.0,0.0,356.9999996891463,1500,1500,1000,1500,1500,1500,1657,1500,,-10.0,-10.0
2026-08-06T16:58:24.783+03:00,14.368505,V2_EXTENSION,Waiting for automatic takeoff to enter ALT_HOLD,5,1,,10.16,0.04007849260379166,0.0,0.0,356.9999996891463,1500,1500,1000,1500,1500,1500,1657,1500,,-10.0,-10.0
2026-08-06T16:58:24.809+03:00,14.394339,V2_EXTENSION,Waiting for automatic takeoff to enter ALT_HOLD,5,1,,10.16,0.04007849260379166,0.0,0.0,356.9999996891463,1500,1500,1000,1500,1500,1500,1657,1500,,-10.0,-10.0
2026-08-06T16:58:24.835+03:00,14.420210,V2_EXTENSION,Waiting for automatic takeoff to enter ALT_HOLD,5,1,,10.16,0.04007849260379166,0.0,0.0,356.9999996891463,1500,1500,1000,1500,1500,1500,1657,1500,,-10.0,-10.0
2026-08-06T16:58:24.886+03:00,14.471358,V2_EXTENSION,Waiting for automatic takeoff to enter ALT_HOLD,5,1,,10.16,0.04007849260379166,0.0,0.0,356.9999996891463,1500,1500,1000,1500,1500,1500,1657,1500,,-10.0,-10.0
2026-08-06T16:58:24.907+03:00,14.492021,V2_EXTENSION,Waiting for automatic takeoff to enter ALT_HOLD,5,1,,10.16,0.04007849260379166,0.0,0.0,356.9999996891463,1500,1500,1000,1500,1500,1500,1657,1500,,-10.0,-10.0
2026-08-06T16:58:24.938+03:00,14.522956,V2_EXTENSION,Waiting for automatic takeoff to enter ALT_HOLD,5,1,,10.16,0.04007849260379166,0.0,0.0,356.9999996891463,1500,1500,1000,1500,1500,1500,1657,1500,,-10.0,-10.0
2026-08-06T16:58:24.984+03:00,14.569088,V2_EXTENSION,Waiting for automatic takeoff to enter ALT_HOLD,5,1,,10.16,0.04007849260379166,0.0,0.0,356.9999996891463,1500,1500,1000,1500,1500,1500,1657,1500,,-10.0,-10.0
2026-08-06T16:58:25.009+03:00,14.594782,V2_EXTENSION,Waiting for automatic takeoff to enter ALT_HOLD,5,1,,10.16,0.04007849260379166,0.0,0.0,356.9999996891463,1500,1500,1000,1500,1500,1500,1657,1500,,-10.0,-10.0
2026-08-06T16:58:25.035+03:00,14.620625,V2_EXTENSION,Waiting for automatic takeoff to enter ALT_HOLD,5,1,,10.16,0.04007849260379166,0.0,0.0,356.9999996891463,1500,1500,1000,1500,1500,1500,1657,1500,,-10.0,-10.0
2026-08-06T16:58:25.086+03:00,14.671803,V2_EXTENSION,Waiting for automatic takeoff to enter ALT_HOLD,5,1,,10.16,0.04007849260379166,0.0,0.0,356.9999996891463,1500,1500,1000,1500,1500,1500,1657,1500,,-10.0,-10.0
2026-08-06T16:58:25.107+03:00,14.692366,V2_EXTENSION,Waiting for automatic takeoff to enter ALT_HOLD,5,1,,10.16,0.04007849260379166,0.0,0.0,356.9999996891463,1500,1500,1000,1500,1500,1500,1657,1500,,-10.0,-10.0
2026-08-06T16:58:25.138+03:00,14.723207,V2_EXTENSION,Waiting for automatic takeoff to enter ALT_HOLD,5,1,,10.16,0.04007849260379166,0.0,0.0,356.9999996891463,1500,1500,1000,1500,1500,1500,1657,1500,,-10.0,-10.0
2026-08-06T16:58:25.184+03:00,14.769550,V2_EXTENSION,Waiting for automatic takeoff to enter ALT_HOLD,5,1,,10.16,0.04007849260379166,0.0,0.0,356.9999996891463,1500,1500,1000,1500,1500,1500,1657,1500,,-10.0,-10.0
2026-08-06T16:58:25.210+03:00,14.795178,V2_EXTENSION,Waiting for automatic takeoff to enter ALT_HOLD,5,1,,10.16,0.04007849260379166,0.0,0.0,356.9999996891463,1500,1500,1000,1500,1500,1500,1666,1500,,-10.0,-10.0
2026-08-06T16:58:25.236+03:00,14.820937,V2_EXTENSION,Waiting for automatic takeoff to enter ALT_HOLD,5,1,,10.16,0.04007849260379166,0.0,0.0,356.9999996891463,1500,1500,1000,1500,1500,1500,1666,1500,,-10.0,-10.0
2026-08-06T16:58:25.261+03:00,14.846628,GLOBAL_POSITION_INT,Waiting for automatic takeoff to enter ALT_HOLD,5,1,,10.12,-0.08015020421262552,0.0,0.0,356.9999996891463,1500,1500,1000,1500,1500,1500,1666,1500,,-10.0,-10.0
2026-08-06T16:58:25.261+03:00,14.846767,ATTITUDE,Waiting for automatic takeoff to enter ALT_HOLD,5,1,,10.12,-0.08015020421262552,0.0,0.0,356.9999996891463,1500,1500,1000,1500,1500,1500,1666,1500,,-10.0,-10.0
2026-08-06T16:58:25.262+03:00,14.846899,RC_CHANNELS,Waiting for automatic takeoff to enter ALT_HOLD,5,1,,10.12,-0.08015020421262552,0.0,0.0,356.9999996891463,1500,1500,1000,1500,1500,1500,1666,1500,,-10.0,-10.0
2026-08-06T16:58:25.287+03:00,14.872743,V2_EXTENSION,Waiting for automatic takeoff to enter ALT_HOLD,5,1,,10.12,-0.08015020421262552,0.0,0.0,356.9999996891463,1500,1500,1000,1500,1500,1500,1666,1500,,-10.0,-10.0
2026-08-06T16:58:25.308+03:00,14.893420,V2_EXTENSION,Waiting for automatic takeoff to enter ALT_HOLD,5,1,,10.12,-0.08015020421262552,0.0,0.0,356.9999996891463,1500,1500,1000,1500,1500,1500,1665,1500,,-10.0,-10.0
2026-08-06T16:58:25.339+03:00,14.924353,V2_EXTENSION,Waiting for automatic takeoff to enter ALT_HOLD,5,1,,10.12,-0.08015020421262552,0.0,0.0,356.9999996891463,1500,1500,1000,1500,1500,1500,1665,1500,,-10.0,-10.0
2026-08-06T16:58:25.385+03:00,14.970558,V2_EXTENSION,Waiting for automatic takeoff to enter ALT_HOLD,5,1,,10.12,-0.08015020421262552,0.0,0.0,356.9999996891463,1500,1500,1000,1500,1500,1500,1665,1500,,-10.0,-10.0
2026-08-06T16:58:25.411+03:00,14.996189,V2_EXTENSION,Waiting for automatic takeoff to enter ALT_HOLD,5,1,,10.12,-0.08015020421262552,0.0,0.0,356.9999996891463,1500,1500,1000,1500,1500,1500,1665,1500,,-10.0,-10.0
2026-08-06T16:58:25.437+03:00,15.021931,V2_EXTENSION,Waiting for automatic takeoff to enter ALT_HOLD,5,1,,10.12,-0.08015020421262552,0.0,0.0,356.9999996891463,1500,1500,1000,1500,1500,1500,1665,1500,,-10.0,-10.0
2026-08-06T16:58:25.488+03:00,15.073321,V2_EXTENSION,Waiting for automatic takeoff to enter ALT_HOLD,5,1,,10.12,-0.08015020421262552,0.0,0.0,356.9999996891463,1500,1500,1000,1500,1500,1500,1665,1500,,-10.0,-10.0
2026-08-06T16:58:25.509+03:00,15.093924,V2_EXTENSION,Waiting for automatic takeoff to enter ALT_HOLD,5,1,,10.12,-0.08015020421262552,0.0,0.0,356.9999996891463,1500,1500,1000,1500,1500,1500,1660,1500,,-10.0,-10.0
2026-08-06T16:58:25.539+03:00,15.124762,V2_EXTENSION,Waiting for automatic takeoff to enter ALT_HOLD,5,1,,10.12,-0.08015020421262552,0.0,0.0,356.9999996891463,1500,1500,1000,1500,1500,1500,1660,1500,,-10.0,-10.0
2026-08-06T16:58:25.586+03:00,15.170908,V2_EXTENSION,Waiting for automatic takeoff to enter ALT_HOLD,5,1,,10.12,-0.08015020421262552,0.0,0.0,356.9999996891463,1500,1500,1000,1500,1500,1500,1660,1500,,-10.0,-10.0
2026-08-06T16:58:25.611+03:00,15.196594,V2_EXTENSION,Waiting for automatic takeoff to enter ALT_HOLD,5,1,,10.12,-0.08015020421262552,0.0,0.0,356.9999996891463,1500,1500,1000,1500,1500,1500,1659,1500,,-10.0,-10.0
2026-08-06T16:58:25.637+03:00,15.222392,V2_EXTENSION,Waiting for automatic takeoff to enter ALT_HOLD,5,1,,10.12,-0.08015020421262552,0.0,0.0,356.9999996891463,1500,1500,1000,1500,1500,1500,1659,1500,,-10.0,-10.0
2026-08-06T16:58:25.688+03:00,15.273655,V2_EXTENSION,Waiting for automatic takeoff to enter ALT_HOLD,5,1,,10.12,-0.08015020421262552,0.0,0.0,356.9999996891463,1500,1500,1000,1500,1500,1500,1659,1500,,-10.0,-10.0
2026-08-06T16:58:25.709+03:00,15.294250,V2_EXTENSION,Waiting for automatic takeoff to enter ALT_HOLD,5,1,,10.12,-0.08015020421262552,0.0,0.0,356.9999996891463,1500,1500,1000,1500,1500,1500,1659,1500,,-10.0,-10.0
2026-08-06T16:58:25.740+03:00,15.325269,V2_EXTENSION,Waiting for automatic takeoff to enter ALT_HOLD,5,1,,10.12,-0.08015020421262552,0.0,0.0,356.9999996891463,1500,1500,1000,1500,1500,1500,1659,1500,,-10.0,-10.0
2026-08-06T16:58:25.761+03:00,15.345918,GLOBAL_POSITION_INT,Waiting for automatic takeoff to enter ALT_HOLD,5,1,,10.05,-0.14020101655795314,0.0,0.0,356.9999996891463,1500,1500,1000,1500,1500,1500,1659,1500,,-10.0,-10.0
2026-08-06T16:58:25.761+03:00,15.346044,ATTITUDE,Waiting for automatic takeoff to enter ALT_HOLD,5,1,,10.05,-0.14020101655795314,0.0,0.0,356.9999996891463,1500,1500,1000,1500,1500,1500,1659,1500,,-10.0,-10.0
2026-08-06T16:58:25.761+03:00,15.346179,RC_CHANNELS,Waiting for automatic takeoff to enter ALT_HOLD,5,1,,10.05,-0.14020101655795314,0.0,0.0,356.9999996891463,1500,1500,1000,1500,1500,1500,1659,1500,,-10.0,-10.0
2026-08-06T16:58:25.787+03:00,15.372041,V2_EXTENSION,Waiting for automatic takeoff to enter ALT_HOLD,5,1,,10.05,-0.14020101655795314,0.0,0.0,356.9999996891463,1500,1500,1000,1500,1500,1500,1659,1500,,-10.0,-10.0
2026-08-06T16:58:25.807+03:00,15.392741,V2_EXTENSION,Waiting for automatic takeoff to enter ALT_HOLD,5,1,,10.05,-0.14020101655795314,0.0,0.0,356.9999996891463,1500,1500,1000,1500,1500,1500,1665,1500,,-10.0,-10.0
2026-08-06T16:58:25.838+03:00,15.423828,V2_EXTENSION,Waiting for automatic takeoff to enter ALT_HOLD,5,1,,10.05,-0.14020101655795314,0.0,0.0,356.9999996891463,1500,1500,1000,1500,1500,1500,1665,1500,,-10.0,-10.0
2026-08-06T16:58:25.890+03:00,15.475284,V2_EXTENSION,Waiting for automatic takeoff to enter ALT_HOLD,5,1,,10.05,-0.14020101655795314,0.0,0.0,356.9999996891463,1500,1500,1000,1500,1500,1500,1665,1500,,-10.0,-10.0
2026-08-06T16:58:25.911+03:00,15.495938,V2_EXTENSION,Waiting for automatic takeoff to enter ALT_HOLD,5,1,,10.05,-0.14020101655795314,0.0,0.0,356.9999996891463,1500,1500,1000,1500,1500,1500,1665,1500,,-10.0,-10.0
2026-08-06T16:58:25.941+03:00,15.526863,V2_EXTENSION,Waiting for automatic takeoff to enter ALT_HOLD,5,1,,10.05,-0.14020101655795314,0.0,0.0,356.9999996891463,1500,1500,1000,1500,1500,1500,1665,1500,,-10.0,-10.0
2026-08-06T16:58:25.988+03:00,15.573061,V2_EXTENSION,Waiting for automatic takeoff to enter ALT_HOLD,5,1,,10.05,-0.14020101655795314,0.0,0.0,356.9999996891463,1500,1500,1000,1500,1500,1500,1665,1500,,-10.0,-10.0
2026-08-06T16:58:26.008+03:00,15.593729,V2_EXTENSION,Waiting for automatic takeoff to enter ALT_HOLD,5,1,,10.05,-0.14020101655795314,0.0,0.0,356.9999996891463,1500,1500,1000,1500,1500,1500,1667,1500,,-10.0,-10.0
2026-08-06T16:58:26.039+03:00,15.624685,V2_EXTENSION,Waiting for automatic takeoff to enter ALT_HOLD,5,1,,10.05,-0.14020101655795314,0.0,0.0,356.9999996891463,1500,1500,1000,1500,1500,1500,1667,1500,,-10.0,-10.0
2026-08-06T16:58:26.091+03:00,15.676075,V2_EXTENSION,Waiting for automatic takeoff to enter ALT_HOLD,5,1,,10.05,-0.14020101655795314,0.0,0.0,356.9999996891463,1500,1500,1000,1500,1500,1500,1667,1500,,-10.0,-10.0
2026-08-06T16:58:26.111+03:00,15.696620,V2_EXTENSION,Waiting for automatic takeoff to enter ALT_HOLD,5,1,,10.05,-0.14020101655795314,0.0,0.0,356.9999996891463,1500,1500,1000,1500,1500,1500,1662,1500,,-10.0,-10.0
2026-08-06T16:58:26.142+03:00,15.727471,V2_EXTENSION,Waiting for automatic takeoff to enter ALT_HOLD,5,1,,10.05,-0.14020101655795314,0.0,0.0,356.9999996891463,1500,1500,1000,1500,1500,1500,1662,1500,,-10.0,-10.0
2026-08-06T16:58:26.188+03:00,15.773715,V2_EXTENSION,Waiting for automatic takeoff to enter ALT_HOLD,5,1,,10.05,-0.14020101655795314,0.0,0.0,356.9999996891463,1500,1500,1000,1500,1500,1500,1662,1500,,-10.0,-10.0
2026-08-06T16:58:26.209+03:00,15.794297,V2_EXTENSION,Waiting for automatic takeoff to enter ALT_HOLD,5,1,,10.05,-0.14020101655795314,0.0,0.0,356.9999996891463,1500,1500,1000,1500,1500,1500,1662,1500,,-10.0,-10.0
2026-08-06T16:58:26.240+03:00,15.825081,V2_EXTENSION,Waiting for automatic takeoff to enter ALT_HOLD,5,1,,10.05,-0.14020101655795314,0.0,0.0,356.9999996891463,1500,1500,1000,1500,1500,1500,1662,1500,,-10.0,-10.0
2026-08-06T16:58:26.260+03:00,15.845649,GLOBAL_POSITION_INT,Waiting for automatic takeoff to enter ALT_HOLD,5,1,,10.0,-0.10005330801638283,0.0,0.0,356.9999996891463,1500,1500,1000,1500,1500,1500,1662,1500,,-10.0,-10.0
2026-08-06T16:58:26.260+03:00,15.845800,ATTITUDE,Waiting for automatic takeoff to enter ALT_HOLD,5,1,,10.0,-0.10005330801638283,0.0,0.0,356.9999996891463,1500,1500,1000,1500,1500,1500,1662,1500,,-10.0,-10.0
2026-08-06T16:58:26.261+03:00,15.845915,RC_CHANNELS,Waiting for automatic takeoff to enter ALT_HOLD,5,1,,10.0,-0.10005330801638283,0.0,0.0,356.9999996891463,1500,1500,1000,1500,1500,1500,1662,1500,,-10.0,-10.0
2026-08-06T16:58:26.292+03:00,15.876928,V2_EXTENSION,Waiting for automatic takeoff to enter ALT_HOLD,5,1,,10.0,-0.10005330801638283,0.0,0.0,356.9999996891463,1500,1500,1000,1500,1500,1500,1662,1500,,-10.0,-10.0
2026-08-06T16:58:26.312+03:00,15.897551,V2_EXTENSION,Waiting for automatic takeoff to enter ALT_HOLD,5,1,,10.0,-0.10005330801638283,0.0,0.0,356.9999996891463,1500,1500,1000,1500,1500,1500,1660,1500,,-10.0,-10.0
2026-08-06T16:58:26.343+03:00,15.928528,V2_EXTENSION,Waiting for automatic takeoff to enter ALT_HOLD,5,1,,10.0,-0.10005330801638283,0.0,0.0,356.9999996891463,1500,1500,1000,1500,1500,1500,1660,1500,,-10.0,-10.0
2026-08-06T16:58:26.389+03:00,15.974778,V2_EXTENSION,Waiting for automatic takeoff to enter ALT_HOLD,5,1,,10.0,-0.10005330801638283,0.0,0.0,356.9999996891463,1500,1500,1000,1500,1500,1500,1660,1500,,-10.0,-10.0
2026-08-06T16:58:26.410+03:00,15.995364,V2_EXTENSION,Waiting for automatic takeoff to enter ALT_HOLD,5,1,,10.0,-0.10005330801638283,0.0,0.0,356.9999996891463,1500,1500,1000,1500,1500,1500,1660,1500,,-10.0,-10.0
2026-08-06T16:58:26.441+03:00,16.026363,V2_EXTENSION,Waiting for automatic takeoff to enter ALT_HOLD,5,1,,10.0,-0.10005330801638283,0.0,0.0,356.9999996891463,1500,1500,1000,1500,1500,1500,1660,1500,,-10.0,-10.0
2026-08-06T16:58:26.492+03:00,16.077686,V2_EXTENSION,Waiting for automatic takeoff to enter ALT_HOLD,5,1,,10.0,-0.10005330801638283,0.0,0.0,356.9999996891463,1500,1500,1000,1500,1500,1500,1660,1500,,-10.0,-10.0
2026-08-06T16:58:26.513+03:00,16.098227,V2_EXTENSION,Waiting for automatic takeoff to enter ALT_HOLD,5,1,,10.0,-0.10005330801638283,0.0,0.0,356.9999996891463,1500,1500,1000,1500,1500,1500,1660,1500,,-10.0,-10.0
2026-08-06T16:58:26.544+03:00,16.129048,V2_EXTENSION,Waiting for automatic takeoff to enter ALT_HOLD,5,1,,10.0,-0.10005330801638283,0.0,0.0,356.9999996891463,1500,1500,1000,1500,1500,1500,1660,1500,,-10.0,-10.0
2026-08-06T16:58:26.590+03:00,16.175195,V2_EXTENSION,Waiting for automatic takeoff to enter ALT_HOLD,5,1,,10.0,-0.10005330801638283,0.0,0.0,356.9999996891463,1500,1500,1000,1500,1500,1500,1660,1500,,-10.0,-10.0
2026-08-06T16:58:26.610+03:00,16.195803,V2_EXTENSION,Waiting for automatic takeoff to enter ALT_HOLD,5,1,,10.0,-0.10005330801638283,0.0,0.0,356.9999996891463,1500,1500,1000,1500,1500,1500,1662,1500,,-10.0,-10.0
2026-08-06T16:58:26.641+03:00,16.226737,V2_EXTENSION,Waiting for automatic takeoff to enter ALT_HOLD,5,1,,10.0,-0.10005330801638283,0.0,0.0,356.9999996891463,1500,1500,1000,1500,1500,1500,1662,1500,,-10.0,-10.0
2026-08-06T16:58:26.693+03:00,16.277954,V2_EXTENSION,Waiting for automatic takeoff to enter ALT_HOLD,5,1,,10.0,-0.10005330801638283,0.0,0.0,356.9999996891463,1500,1500,1000,1500,1500,1500,1662,1500,,-10.0,-10.0
2026-08-06T16:58:26.713+03:00,16.298550,V2_EXTENSION,Waiting for automatic takeoff to enter ALT_HOLD,5,1,,10.0,-0.10005330801638283,0.0,0.0,356.9999996891463,1500,1500,1000,1500,1500,1500,1662,1500,,-10.0,-10.0
2026-08-06T16:58:26.744+03:00,16.329514,V2_EXTENSION,Waiting for automatic takeoff to enter ALT_HOLD,5,1,,10.0,-0.10005330801638283,0.0,0.0,356.9999996891463,1500,1500,1000,1500,1500,1500,1662,1500,,-10.0,-10.0
2026-08-06T16:58:26.760+03:00,16.345005,GLOBAL_POSITION_INT,Waiting for automatic takeoff to enter ALT_HOLD,5,1,,9.96,-0.08010255560726554,0.0,0.0,356.9999996891463,1500,1500,1000,1500,1500,1500,1662,1500,,-10.0,-10.0
2026-08-06T16:58:26.760+03:00,16.345143,ATTITUDE,Waiting for automatic takeoff to enter ALT_HOLD,5,1,,9.96,-0.08010255560726554,0.0,0.0,356.9999996891463,1500,1500,1000,1500,1500,1500,1662,1500,,-10.0,-10.0
2026-08-06T16:58:26.760+03:00,16.345264,RC_CHANNELS,Waiting for automatic takeoff to enter ALT_HOLD,5,1,,9.96,-0.08010255560726554,0.0,0.0,356.9999996891463,1500,1500,1000,1500,1500,1500,1662,1500,,-10.0,-10.0
2026-08-06T16:58:26.791+03:00,16.376327,V2_EXTENSION,Waiting for automatic takeoff to enter ALT_HOLD,5,1,,9.96,-0.08010255560726554,0.0,0.0,356.9999996891463,1500,1500,1000,1500,1500,1500,1662,1500,,-10.0,-10.0
2026-08-06T16:58:26.812+03:00,16.396985,V2_EXTENSION,Waiting for automatic takeoff to enter ALT_HOLD,5,1,,9.96,-0.08010255560726554,0.0,0.0,356.9999996891463,1500,1500,1000,1500,1500,1500,1667,1500,,-10.0,-10.0
2026-08-06T16:58:26.843+03:00,16.428047,V2_EXTENSION,Waiting for automatic takeoff to enter ALT_HOLD,5,1,,9.96,-0.08010255560726554,0.0,0.0,356.9999996891463,1500,1500,1000,1500,1500,1500,1667,1500,,-10.0,-10.0
2026-08-06T16:58:26.894+03:00,16.479729,V2_EXTENSION,Waiting for automatic takeoff to enter ALT_HOLD,5,1,,9.96,-0.08010255560726554,0.0,0.0,356.9999996891463,1500,1500,1000,1500,1500,1500,1667,1500,,-10.0,-10.0
2026-08-06T16:58:26.910+03:00,16.495252,V2_EXTENSION,Waiting for automatic takeoff to enter ALT_HOLD,5,1,,9.96,-0.08010255560726554,0.0,0.0,356.9999996891463,1500,1500,1000,1500,1500,1500,1669,1500,,-10.0,-10.0
2026-08-06T16:58:26.941+03:00,16.526145,V2_EXTENSION,Waiting for automatic takeoff to enter ALT_HOLD,5,1,,9.96,-0.08010255560726554,0.0,0.0,356.9999996891463,1500,1500,1000,1500,1500,1500,1669,1500,,-10.0,-10.0
2026-08-06T16:58:26.992+03:00,16.577676,V2_EXTENSION,Waiting for automatic takeoff to enter ALT_HOLD,5,1,,9.96,-0.08010255560726554,0.0,0.0,356.9999996891463,1500,1500,1000,1500,1500,1500,1669,1500,,-10.0,-10.0
2026-08-06T16:58:27.013+03:00,16.598245,V2_EXTENSION,Waiting for automatic takeoff to enter ALT_HOLD,5,1,,9.96,-0.08010255560726554,0.0,0.0,356.9999996891463,1500,1500,1000,1500,1500,1500,1669,1500,,-10.0,-10.0
2026-08-06T16:58:27.044+03:00,16.629028,V2_EXTENSION,Waiting for automatic takeoff to enter ALT_HOLD,5,1,,9.96,-0.08010255560726554,0.0,0.0,356.9999996891463,1500,1500,1000,1500,1500,1500,1669,1500,,-10.0,-10.0
2026-08-06T16:58:27.095+03:00,16.680246,V2_EXTENSION,Waiting for automatic takeoff to enter ALT_HOLD,5,1,,9.96,-0.08010255560726554,0.0,0.0,356.9999996891463,1500,1500,1000,1500,1500,1500,1669,1500,,-10.0,-10.0
2026-08-06T16:58:27.110+03:00,16.695627,V2_EXTENSION,Waiting for automatic takeoff to enter ALT_HOLD,5,1,,9.96,-0.08010255560726554,0.0,0.0,356.9999996891463,1500,1500,1000,1500,1500,1500,1663,1500,,-10.0,-10.0
2026-08-06T16:58:27.141+03:00,16.726669,V2_EXTENSION,Waiting for automatic takeoff to enter ALT_HOLD,5,1,,9.96,-0.08010255560726554,0.0,0.0,356.9999996891463,1500,1500,1000,1500,1500,1500,1663,1500,,-10.0,-10.0
2026-08-06T16:58:27.193+03:00,16.777994,V2_EXTENSION,Waiting for automatic takeoff to enter ALT_HOLD,5,1,,9.96,-0.08010255560726554,0.0,0.0,356.9999996891463,1500,1500,1000,1500,1500,1500,1663,1500,,-10.0,-10.0
2026-08-06T16:58:27.213+03:00,16.798558,V2_EXTENSION,Waiting for automatic takeoff to enter ALT_HOLD,5,1,,9.96,-0.08010255560726554,0.0,0.0,356.9999996891463,1500,1500,1000,1500,1500,1500,1663,1500,,-10.0,-10.0
2026-08-06T16:58:27.244+03:00,16.829581,V2_EXTENSION,Waiting for automatic takeoff to enter ALT_HOLD,5,1,,9.96,-0.08010255560726554,0.0,0.0,356.9999996891463,1500,1500,1000,1500,1500,1500,1663,1500,,-10.0,-10.0
2026-08-06T16:58:27.260+03:00,16.845120,GLOBAL_POSITION_INT,Waiting for automatic takeoff to enter ALT_HOLD,5,1,,9.92,-0.07998908726367134,0.0,0.0,356.9999996891463,1500,1500,1000,1500,1500,1500,1663,1500,,-10.0,-10.0
2026-08-06T16:58:27.260+03:00,16.845289,ATTITUDE,Waiting for automatic takeoff to enter ALT_HOLD,5,1,,9.92,-0.07998908726367134,0.0,0.0,356.9999996891463,1500,1500,1000,1500,1500,1500,1663,1500,,-10.0,-10.0
2026-08-06T16:58:27.260+03:00,16.845406,RC_CHANNELS,Waiting for automatic takeoff to enter ALT_HOLD,5,1,,9.92,-0.07998908726367134,0.0,0.0,356.9999996891463,1500,1500,1000,1500,1500,1500,1663,1500,,-10.0,-10.0
2026-08-06T16:58:27.296+03:00,16.881597,V2_EXTENSION,Waiting for automatic takeoff to enter ALT_HOLD,5,1,,9.92,-0.07998908726367134,0.0,0.0,356.9999996891463,1500,1500,1000,1500,1500,1500,1663,1500,,-10.0,-10.0
2026-08-06T16:58:27.312+03:00,16.897205,V2_EXTENSION,Waiting for automatic takeoff to enter ALT_HOLD,5,1,,9.92,-0.07998908726367134,0.0,0.0,356.9999996891463,1500,1500,1000,1500,1500,1500,1661,1500,,-10.0,-10.0
2026-08-06T16:58:27.343+03:00,16.928515,V2_EXTENSION,Waiting for automatic takeoff to enter ALT_HOLD,5,1,,9.92,-0.07998908726367134,0.0,0.0,356.9999996891463,1500,1500,1000,1500,1500,1500,1661,1500,,-10.0,-10.0
2026-08-06T16:58:27.395+03:00,16.979970,V2_EXTENSION,Waiting for automatic takeoff to enter ALT_HOLD,5,1,,9.92,-0.07998908726367134,0.0,0.0,356.9999996891463,1500,1500,1000,1500,1500,1500,1661,1500,,-10.0,-10.0
2026-08-06T16:58:27.410+03:00,16.995419,V2_EXTENSION,Waiting for automatic takeoff to enter ALT_HOLD,5,1,,9.92,-0.07998908726367134,0.0,0.0,356.9999996891463,1500,1500,1000,1500,1500,1500,1663,1500,,-10.0,-10.0
2026-08-06T16:58:27.446+03:00,17.031565,V2_EXTENSION,Waiting for automatic takeoff to enter ALT_HOLD,5,1,,9.92,-0.07998908726367134,0.0,0.0,356.9999996891463,1500,1500,1000,1500,1500,1500,1663,1500,,-10.0,-10.0
2026-08-06T16:58:27.497+03:00,17.082736,V2_EXTENSION,Waiting for automatic takeoff to enter ALT_HOLD,5,1,,9.92,-0.07998908726367134,0.0,0.0,356.9999996891463,1500,1500,1000,1500,1500,1500,1663,1500,,-10.0,-10.0
2026-08-06T16:58:27.513+03:00,17.098212,V2_EXTENSION,Waiting for automatic takeoff to enter ALT_HOLD,5,1,,9.92,-0.07998908726367134,0.0,0.0,356.9999996891463,1500,1500,1000,1500,1500,1500,1663,1500,,-10.0,-10.0
2026-08-06T16:58:27.544+03:00,17.129060,V2_EXTENSION,Waiting for automatic takeoff to enter ALT_HOLD,5,1,,9.92,-0.07998908726367134,0.0,0.0,356.9999996891463,1500,1500,1000,1500,1500,1500,1663,1500,,-10.0,-10.0
2026-08-06T16:58:27.595+03:00,17.180422,V2_EXTENSION,Waiting for automatic takeoff to enter ALT_HOLD,5,1,,9.92,-0.07998908726367134,0.0,0.0,356.9999996891463,1500,1500,1000,1500,1500,1500,1663,1500,,-10.0,-10.0
2026-08-06T16:58:27.610+03:00,17.195868,V2_EXTENSION,Waiting for automatic takeoff to enter ALT_HOLD,5,1,,9.92,-0.07998908726367134,0.0,0.0,356.9999996891463,1500,1500,1000,1500,1500,1500,1661,1500,,-10.0,-10.0
2026-08-06T16:58:27.646+03:00,17.231740,V2_EXTENSION,Waiting for automatic takeoff to enter ALT_HOLD,5,1,,9.92,-0.07998908726367134,0.0,0.0,356.9999996891463,1500,1500,1000,1500,1500,1500,1661,1500,,-10.0,-10.0
2026-08-06T16:58:27.698+03:00,17.283073,V2_EXTENSION,Waiting for automatic takeoff to enter ALT_HOLD,5,1,,9.92,-0.07998908726367134,0.0,0.0,356.9999996891463,1500,1500,1000,1500,1500,1500,1661,1500,,-10.0,-10.0
2026-08-06T16:58:27.713+03:00,17.298522,V2_EXTENSION,Waiting for automatic takeoff to enter ALT_HOLD,5,1,,9.92,-0.07998908726367134,0.0,0.0,356.9999996891463,1500,1500,1000,1500,1500,1500,1661,1500,,-10.0,-10.0
2026-08-06T16:58:27.744+03:00,17.329363,V2_EXTENSION,Waiting for automatic takeoff to enter ALT_HOLD,5,1,,9.92,-0.07998908726367134,0.0,0.0,356.9999996891463,1500,1500,1000,1500,1500,1500,1661,1500,,-10.0,-10.0
2026-08-06T16:58:27.760+03:00,17.345126,GLOBAL_POSITION_INT,Waiting for automatic takeoff to enter ALT_HOLD,5,1,,9.91,-0.01999823819534534,0.0,0.0,356.9999996891463,1500,1500,1000,1500,1500,1500,1661,1500,,-10.0,-10.0
2026-08-06T16:58:27.760+03:00,17.345235,ATTITUDE,Waiting for automatic takeoff to enter ALT_HOLD,5,1,,9.91,-0.01999823819534534,0.0,0.0,356.9999996891463,1500,1500,1000,1500,1500,1500,1661,1500,,-10.0,-10.0
2026-08-06T16:58:27.760+03:00,17.345352,RC_CHANNELS,Waiting for automatic takeoff to enter ALT_HOLD,5,1,,9.91,-0.01999823819534534,0.0,0.0,356.9999996891463,1500,1500,1000,1500,1500,1500,1661,1500,,-10.0,-10.0
2026-08-06T16:58:27.796+03:00,17.381447,V2_EXTENSION,Waiting for automatic takeoff to enter ALT_HOLD,5,1,,9.91,-0.01999823819534534,0.0,0.0,356.9999996891463,1500,1500,1000,1500,1500,1500,1661,1500,,-10.0,-10.0
2026-08-06T16:58:27.812+03:00,17.396902,V2_EXTENSION,Waiting for automatic takeoff to enter ALT_HOLD,5,1,,9.91,-0.01999823819534534,0.0,0.0,356.9999996891463,1500,1500,1000,1500,1500,1500,1661,1500,,-10.0,-10.0
2026-08-06T16:58:27.848+03:00,17.433183,V2_EXTENSION,Waiting for automatic takeoff to enter ALT_HOLD,5,1,,9.91,-0.01999823819534534,0.0,0.0,356.9999996891463,1500,1500,1000,1500,1500,1500,1661,1500,,-10.0,-10.0
2026-08-06T16:58:27.894+03:00,17.479569,V2_EXTENSION,Waiting for automatic takeoff to enter ALT_HOLD,5,1,,9.91,-0.01999823819534534,0.0,0.0,356.9999996891463,1500,1500,1000,1500,1500,1500,1661,1500,,-10.0,-10.0
2026-08-06T16:58:27.915+03:00,17.500094,V2_EXTENSION,Waiting for automatic takeoff to enter ALT_HOLD,5,1,,9.91,-0.01999823819534534,0.0,0.0,356.9999996891463,1500,1500,1000,1500,1500,1500,1661,1500,,-10.0,-10.0
2026-08-06T16:58:27.946+03:00,17.530924,V2_EXTENSION,Waiting for automatic takeoff to enter ALT_HOLD,5,1,,9.91,-0.01999823819534534,0.0,0.0,356.9999996891463,1500,1500,1000,1500,1500,1500,1661,1500,,-10.0,-10.0
2026-08-06T16:58:27.997+03:00,17.582079,V2_EXTENSION,Waiting for automatic takeoff to enter ALT_HOLD,5,1,,9.91,-0.01999823819534534,0.0,0.0,356.9999996891463,1500,1500,1000,1500,1500,1500,1661,1500,,-10.0,-10.0
2026-08-06T16:58:28.012+03:00,17.597521,V2_EXTENSION,Waiting for automatic takeoff to enter ALT_HOLD,5,1,,9.91,-0.01999823819534534,0.0,0.0,356.9999996891463,1500,1500,1000,1500,1500,1500,1660,1500,,-10.0,-10.0
2026-08-06T16:58:28.048+03:00,17.633560,V2_EXTENSION,Waiting for automatic takeoff to enter ALT_HOLD,5,1,,9.91,-0.01999823819534534,0.0,0.0,356.9999996891463,1500,1500,1000,1500,1500,1500,1660,1500,,-10.0,-10.0
2026-08-06T16:58:28.074+03:00,17.659186,NAMED_VALUE_FLOAT,Waiting for automatic takeoff to enter ALT_HOLD,5,1,10.0,9.91,-0.01999823819534534,0.0,0.0,356.9999996891463,1500,1500,1000,1500,1500,1500,1660,1500,0.08999999999999986,-10.0,-10.0
2026-08-06T16:58:28.100+03:00,17.685074,V2_EXTENSION,Waiting for automatic takeoff to enter ALT_HOLD,5,1,10.0,9.91,-0.01999823819534534,0.0,0.0,356.9999996891463,1500,1500,1000,1500,1500,1500,1660,1500,0.08999999999999986,-10.0,-10.0
2026-08-06T16:58:28.115+03:00,17.700563,V2_EXTENSION,Waiting for automatic takeoff to enter ALT_HOLD,5,1,10.0,9.91,-0.01999823819534534,0.0,0.0,356.9999996891463,1500,1500,1000,1500,1500,1500,1655,1500,0.08999999999999986,-10.0,-10.0
2026-08-06T16:58:28.146+03:00,17.731484,V2_EXTENSION,Waiting for automatic takeoff to enter ALT_HOLD,5,1,10.0,9.91,-0.01999823819534534,0.0,0.0,356.9999996891463,1500,1500,1000,1500,1500,1500,1655,1500,0.08999999999999986,-10.0,-10.0
2026-08-06T16:58:28.197+03:00,17.782785,V2_EXTENSION,Waiting for automatic takeoff to enter ALT_HOLD,5,1,10.0,9.91,-0.01999823819534534,0.0,0.0,356.9999996891463,1500,1500,1000,1500,1500,1500,1655,1500,0.08999999999999986,-10.0,-10.0
2026-08-06T16:58:28.213+03:00,17.798298,V2_EXTENSION,Waiting for automatic takeoff to enter ALT_HOLD,5,1,10.0,9.91,-0.01999823819534534,0.0,0.0,356.9999996891463,1500,1500,1000,1500,1500,1500,1655,1500,0.08999999999999986,-10.0,-10.0
2026-08-06T16:58:28.249+03:00,17.834313,V2_EXTENSION,Waiting for automatic takeoff to enter ALT_HOLD,5,1,10.0,9.91,-0.01999823819534534,0.0,0.0,356.9999996891463,1500,1500,1000,1500,1500,1500,1655,1500,0.08999999999999986,-10.0,-10.0
2026-08-06T16:58:28.264+03:00,17.849739,GLOBAL_POSITION_INT,Waiting for automatic takeoff to enter ALT_HOLD,5,1,10.0,9.96,0.0990841650558597,0.0,0.0,356.9999996891463,1500,1500,1000,1500,1500,1500,1655,1500,0.03999999999999915,-10.0,-10.0
2026-08-06T16:58:28.264+03:00,17.849871,ATTITUDE,Waiting for automatic takeoff to enter ALT_HOLD,5,1,10.0,9.96,0.0990841650558597,0.0,0.0,356.9999996891463,1500,1500,1000,1500,1500,1500,1655,1500,0.03999999999999915,-10.0,-10.0
2026-08-06T16:58:28.265+03:00,17.849995,RC_CHANNELS,Waiting for automatic takeoff to enter ALT_HOLD,5,1,10.0,9.96,0.0990841650558597,0.0,0.0,356.9999996891463,1500,1500,1000,1500,1500,1500,1655,1500,0.03999999999999915,-10.0,-10.0
2026-08-06T16:58:28.301+03:00,17.886059,V2_EXTENSION,Waiting for automatic takeoff to enter ALT_HOLD,5,1,10.0,9.96,0.0990841650558597,0.0,0.0,356.9999996891463,1500,1500,1000,1500,1500,1500,1655,1500,0.03999999999999915,-10.0,-10.0
2026-08-06T16:58:28.316+03:00,17.901662,V2_EXTENSION,Waiting for automatic takeoff to enter ALT_HOLD,5,1,10.0,9.96,0.0990841650558597,0.0,0.0,356.9999996891463,1500,1500,1000,1500,1500,1500,1658,1500,0.03999999999999915,-10.0,-10.0
2026-08-06T16:58:28.347+03:00,17.932582,V2_EXTENSION,Waiting for automatic takeoff to enter ALT_HOLD,5,1,10.0,9.96,0.0990841650558597,0.0,0.0,356.9999996891463,1500,1500,1000,1500,1500,1500,1658,1500,0.03999999999999915,-10.0,-10.0
2026-08-06T16:58:28.399+03:00,17.983888,V2_EXTENSION,Waiting for automatic takeoff to enter ALT_HOLD,5,1,10.0,9.96,0.0990841650558597,0.0,0.0,356.9999996891463,1500,1500,1000,1500,1500,1500,1658,1500,0.03999999999999915,-10.0,-10.0
2026-08-06T16:58:28.414+03:00,17.999341,V2_EXTENSION,Waiting for automatic takeoff to enter ALT_HOLD,5,1,10.0,9.96,0.0990841650558597,0.0,0.0,356.9999996891463,1500,1500,1000,1500,1500,1500,1658,1500,0.03999999999999915,-10.0,-10.0
2026-08-06T16:58:28.450+03:00,18.035276,V2_EXTENSION,Waiting for automatic takeoff to enter ALT_HOLD,5,1,10.0,9.96,0.0990841650558597,0.0,0.0,356.9999996891463,1500,1500,1000,1500,1500,1500,1658,1500,0.03999999999999915,-10.0,-10.0
2026-08-06T16:58:28.501+03:00,18.086606,V2_EXTENSION,Waiting for automatic takeoff to enter ALT_HOLD,5,1,10.0,9.96,0.0990841650558597,0.0,0.0,356.9999996891463,1500,1500,1000,1500,1500,1500,1658,1500,0.03999999999999915,-10.0,-10.0
2026-08-06T16:58:28.517+03:00,18.102111,V2_EXTENSION,Waiting for automatic takeoff to enter ALT_HOLD,5,1,10.0,9.96,0.0990841650558597,0.0,0.0,356.9999996891463,1500,1500,1000,1500,1500,1500,1658,1500,0.03999999999999915,-10.0,-10.0
2026-08-06T16:58:28.548+03:00,18.132946,V2_EXTENSION,Waiting for automatic takeoff to enter ALT_HOLD,5,1,10.0,9.96,0.0990841650558597,0.0,0.0,356.9999996891463,1500,1500,1000,1500,1500,1500,1658,1500,0.03999999999999915,-10.0,-10.0
2026-08-06T16:58:28.599+03:00,18.184285,V2_EXTENSION,Waiting for automatic takeoff to enter ALT_HOLD,5,1,10.0,9.96,0.0990841650558597,0.0,0.0,356.9999996891463,1500,1500,1000,1500,1500,1500,1658,1500,0.03999999999999915,-10.0,-10.0
2026-08-06T16:58:28.614+03:00,18.199798,V2_EXTENSION,Waiting for automatic takeoff to enter ALT_HOLD,5,1,10.0,9.96,0.0990841650558597,0.0,0.0,356.9999996891463,1500,1500,1000,1500,1500,1500,1660,1500,0.03999999999999915,-10.0,-10.0
2026-08-06T16:58:28.650+03:00,18.235861,V2_EXTENSION,Waiting for automatic takeoff to enter ALT_HOLD,5,1,10.0,9.96,0.0990841650558597,0.0,0.0,356.9999996891463,1500,1500,1000,1500,1500,1500,1660,1500,0.03999999999999915,-10.0,-10.0
2026-08-06T16:58:28.702+03:00,18.287609,V2_EXTENSION,Waiting for automatic takeoff to enter ALT_HOLD,5,1,10.0,9.96,0.0990841650558597,0.0,0.0,356.9999996891463,1500,1500,1000,1500,1500,1500,1660,1500,0.03999999999999915,-10.0,-10.0
2026-08-06T16:58:28.713+03:00,18.298106,V2_EXTENSION,Waiting for automatic takeoff to enter ALT_HOLD,5,1,10.0,9.96,0.0990841650558597,0.0,0.0,356.9999996891463,1500,1500,1000,1500,1500,1500,1660,1500,0.03999999999999915,-10.0,-10.0
2026-08-06T16:58:28.749+03:00,18.334353,V2_EXTENSION,Waiting for automatic takeoff to enter ALT_HOLD,5,1,10.0,9.96,0.0990841650558597,0.0,0.0,356.9999996891463,1500,1500,1000,1500,1500,1500,1660,1500,0.03999999999999915,-10.0,-10.0
2026-08-06T16:58:28.764+03:00,18.349865,GLOBAL_POSITION_INT,Waiting for automatic takeoff to enter ALT_HOLD,5,1,10.0,10.0,0.07998026822410562,0.0,0.0,356.9999996891463,1500,1500,1000,1500,1500,1500,1660,1500,0.0,-10.0,-10.0
2026-08-06T16:58:28.765+03:00,18.349987,ATTITUDE,Waiting for automatic takeoff to enter ALT_HOLD,5,1,10.0,10.0,0.07998026822410562,0.0,0.0,356.9999996891463,1500,1500,1000,1500,1500,1500,1660,1500,0.0,-10.0,-10.0
2026-08-06T16:58:28.765+03:00,18.350113,RC_CHANNELS,Waiting for automatic takeoff to enter ALT_HOLD,5,1,10.0,10.0,0.07998026822410562,0.0,0.0,356.9999996891463,1500,1500,1000,1500,1500,1500,1660,1500,0.0,-10.0,-10.0
2026-08-06T16:58:28.801+03:00,18.386286,V2_EXTENSION,Waiting for automatic takeoff to enter ALT_HOLD,5,1,10.0,10.0,0.07998026822410562,0.0,0.0,356.9999996891463,1500,1500,1000,1500,1500,1500,1660,1500,0.0,-10.0,-10.0
2026-08-06T16:58:28.817+03:00,18.402011,V2_EXTENSION,Waiting for automatic takeoff to enter ALT_HOLD,5,1,10.0,10.0,0.07998026822410562,0.0,0.0,356.9999996891463,1500,1500,1000,1500,1500,1500,1658,1500,0.0,-10.0,-10.0
2026-08-06T16:58:28.848+03:00,18.433083,V2_EXTENSION,Waiting for automatic takeoff to enter ALT_HOLD,5,1,10.0,10.0,0.07998026822410562,0.0,0.0,356.9999996891463,1500,1500,1000,1500,1500,1500,1658,1500,0.0,-10.0,-10.0
2026-08-06T16:58:28.899+03:00,18.484475,V2_EXTENSION,Waiting for ALT_HOLD vertical speed to settle,7,1,10.0,10.0,0.07998026822410562,0.0,0.0,356.9999996891463,1500,1500,1500,1500,1500,1500,1658,1500,0.0,-10.0,-10.0
2026-08-06T16:58:28.915+03:00,18.500163,V2_EXTENSION,Waiting for ALT_HOLD vertical speed to settle,7,1,10.0,10.0,0.07998026822410562,0.0,0.0,356.9999996891463,1500,1500,1500,1500,1500,1500,1660,1500,0.0,-10.0,-10.0
2026-08-06T16:58:28.951+03:00,18.536449,V2_EXTENSION,Waiting for ALT_HOLD vertical speed to settle,7,1,10.0,10.0,0.07998026822410562,0.0,0.0,356.9999996891463,1500,1500,1500,1500,1500,1500,1660,1500,0.0,-10.0,-10.0
2026-08-06T16:58:29.002+03:00,18.587817,V2_EXTENSION,Waiting for ALT_HOLD vertical speed to settle,7,1,10.0,10.0,0.07998026822410562,0.0,0.0,356.9999996891463,1500,1500,1500,1500,1500,1500,1660,1500,0.0,-10.0,-10.0
2026-08-06T16:58:29.018+03:00,18.603285,V2_EXTENSION,Waiting for ALT_HOLD vertical speed to settle,7,1,10.0,10.0,0.07998026822410562,0.0,0.0,356.9999996891463,1500,1500,1500,1500,1500,1500,1660,1500,0.0,-10.0,-10.0
2026-08-06T16:58:29.049+03:00,18.634155,V2_EXTENSION,Waiting for ALT_HOLD vertical speed to settle,7,1,10.0,10.0,0.07998026822410562,0.0,0.0,356.9999996891463,1500,1500,1500,1500,1500,1500,1660,1500,0.0,-10.0,-10.0
2026-08-06T16:58:29.100+03:00,18.685483,V2_EXTENSION,Waiting for ALT_HOLD vertical speed to settle,7,1,10.0,10.0,0.07998026822410562,0.0,0.0,356.9999996891463,1500,1500,1500,1500,1500,1500,1660,1500,0.0,-10.0,-10.0
2026-08-06T16:58:29.116+03:00,18.700924,V2_EXTENSION,Waiting for ALT_HOLD vertical speed to settle,7,1,10.0,10.0,0.07998026822410562,0.0,0.0,356.9999996891463,1500,1500,1500,1500,1500,1500,1660,1500,0.0,-10.0,-10.0
2026-08-06T16:58:29.151+03:00,18.736813,V2_EXTENSION,Waiting for ALT_HOLD vertical speed to settle,7,1,10.0,10.0,0.07998026822410562,0.0,0.0,356.9999996891463,1500,1500,1500,1500,1500,1500,1660,1500,0.0,-10.0,-10.0
2026-08-06T16:58:29.203+03:00,18.788102,V2_EXTENSION,Waiting for ALT_HOLD vertical speed to settle,7,1,10.0,10.0,0.07998026822410562,0.0,0.0,356.9999996891463,1500,1500,1500,1500,1500,1500,1660,1500,0.0,-10.0,-10.0
2026-08-06T16:58:29.218+03:00,18.803560,V2_EXTENSION,Waiting for ALT_HOLD vertical speed to settle,7,1,10.0,10.0,0.07998026822410562,0.0,0.0,356.9999996891463,1500,1500,1500,1500,1500,1500,1660,1500,0.0,-10.0,-10.0
2026-08-06T16:58:29.254+03:00,18.839506,V2_EXTENSION,Waiting for ALT_HOLD vertical speed to settle,7,1,10.0,10.0,0.07998026822410562,0.0,0.0,356.9999996891463,1500,1500,1500,1500,1500,1500,1660,1500,0.0,-10.0,-10.0
2026-08-06T16:58:29.264+03:00,18.849861,GLOBAL_POSITION_INT,Waiting for ALT_HOLD vertical speed to settle,7,1,10.0,10.0,0.0,0.0,0.0,356.9999996891463,1500,1500,1500,1500,1500,1500,1660,1500,0.0,-10.0,-10.0
2026-08-06T16:58:29.265+03:00,18.849969,ATTITUDE,Waiting for ALT_HOLD vertical speed to settle,7,1,10.0,10.0,0.0,0.0,0.0,356.9999996891463,1500,1500,1500,1500,1500,1500,1660,1500,0.0,-10.0,-10.0
2026-08-06T16:58:29.265+03:00,18.850087,RC_CHANNELS,Waiting for ALT_HOLD vertical speed to settle,7,1,10.0,10.0,0.0,0.0,0.0,356.9999996891463,1500,1500,1500,1500,1500,1500,1660,1500,0.0,-10.0,-10.0
2026-08-06T16:58:29.301+03:00,18.885999,V2_EXTENSION,Waiting for ALT_HOLD vertical speed to settle,7,1,10.0,10.0,0.0,0.0,0.0,356.9999996891463,1500,1500,1500,1500,1500,1500,1660,1500,0.0,-10.0,-10.0
2026-08-06T16:58:29.316+03:00,18.901423,V2_EXTENSION,Waiting for ALT_HOLD vertical speed to settle,7,1,10.0,10.0,0.0,0.0,0.0,356.9999996891463,1500,1500,1500,1500,1500,1500,1660,1500,0.0,-10.0,-10.0
2026-08-06T16:58:29.352+03:00,18.937536,V2_EXTENSION,Waiting for ALT_HOLD vertical speed to settle,7,1,10.0,10.0,0.0,0.0,0.0,356.9999996891463,1500,1500,1500,1500,1500,1500,1660,1500,0.0,-10.0,-10.0
2026-08-06T16:58:29.403+03:00,18.988776,V2_EXTENSION,Waiting for ALT_HOLD vertical speed to settle,7,1,10.0,10.0,0.0,0.0,0.0,356.9999996891463,1500,1500,1500,1500,1500,1500,1660,1500,0.0,-10.0,-10.0
2026-08-06T16:58:29.414+03:00,18.999142,V2_EXTENSION,Waiting for ALT_HOLD vertical speed to settle,7,1,10.0,10.0,0.0,0.0,0.0,356.9999996891463,1500,1500,1500,1500,1500,1500,1660,1500,0.0,-10.0,-10.0
2026-08-06T16:58:29.455+03:00,19.040161,V2_EXTENSION,Waiting for ALT_HOLD vertical speed to settle,7,1,10.0,10.0,0.0,0.0,0.0,356.9999996891463,1500,1500,1500,1500,1500,1500,1660,1500,0.0,-10.0,-10.0
2026-08-06T16:58:29.501+03:00,19.086291,V2_EXTENSION,Waiting for ALT_HOLD vertical speed to settle,7,1,10.0,10.0,0.0,0.0,0.0,356.9999996891463,1500,1500,1500,1500,1500,1500,1660,1500,0.0,-10.0,-10.0
2026-08-06T16:58:29.516+03:00,19.101742,V2_EXTENSION,Waiting for ALT_HOLD vertical speed to settle,7,1,10.0,10.0,0.0,0.0,0.0,356.9999996891463,1500,1500,1500,1500,1500,1500,1660,1500,0.0,-10.0,-10.0
2026-08-06T16:58:29.552+03:00,19.137738,V2_EXTENSION,Waiting for ALT_HOLD vertical speed to settle,7,1,10.0,10.0,0.0,0.0,0.0,356.9999996891463,1500,1500,1500,1500,1500,1500,1660,1500,0.0,-10.0,-10.0
2026-08-06T16:58:29.604+03:00,19.188935,V2_EXTENSION,Waiting for ALT_HOLD vertical speed to settle,7,1,10.0,10.0,0.0,0.0,0.0,356.9999996891463,1500,1500,1500,1500,1500,1500,1660,1500,0.0,-10.0,-10.0
2026-08-06T16:58:29.619+03:00,19.204499,V2_EXTENSION,Waiting for ALT_HOLD vertical speed to settle,7,1,10.0,10.0,0.0,0.0,0.0,356.9999996891463,1500,1500,1500,1500,1500,1500,1660,1500,0.0,-10.0,-10.0
2026-08-06T16:58:29.655+03:00,19.240393,V2_EXTENSION,Waiting for ALT_HOLD vertical speed to settle,7,1,10.0,10.0,0.0,0.0,0.0,356.9999996891463,1500,1500,1500,1500,1500,1500,1660,1500,0.0,-10.0,-10.0
2026-08-06T16:58:29.701+03:00,19.286645,V2_EXTENSION,Waiting for ALT_HOLD vertical speed to settle,7,1,10.0,10.0,0.0,0.0,0.0,356.9999996891463,1500,1500,1500,1500,1500,1500,1660,1500,0.0,-10.0,-10.0
2026-08-06T16:58:29.717+03:00,19.302185,V2_EXTENSION,Waiting for ALT_HOLD vertical speed to settle,7,1,10.0,10.0,0.0,0.0,0.0,356.9999996891463,1500,1500,1500,1500,1500,1500,1660,1500,0.0,-10.0,-10.0
2026-08-06T16:58:29.753+03:00,19.338093,V2_EXTENSION,Waiting for ALT_HOLD vertical speed to settle,7,1,10.0,10.0,0.0,0.0,0.0,356.9999996891463,1500,1500,1500,1500,1500,1500,1660,1500,0.0,-10.0,-10.0
2026-08-06T16:58:29.763+03:00,19.348408,GLOBAL_POSITION_INT,Waiting for ALT_HOLD vertical speed to settle,7,1,10.0,10.0,0.0,0.0,0.0,356.9999996891463,1500,1500,1500,1500,1500,1500,1660,1500,0.0,-10.0,-10.0
2026-08-06T16:58:29.763+03:00,19.348528,ATTITUDE,Waiting for ALT_HOLD vertical speed to settle,7,1,10.0,10.0,0.0,0.0,0.0,356.9999996891463,1500,1500,1500,1500,1500,1500,1660,1500,0.0,-10.0,-10.0
2026-08-06T16:58:29.763+03:00,19.348643,RC_CHANNELS,Waiting for ALT_HOLD vertical speed to settle,7,1,10.0,10.0,0.0,0.0,0.0,356.9999996891463,1500,1500,1500,1500,1500,1500,1660,1500,0.0,-10.0,-10.0
2026-08-06T16:58:29.804+03:00,19.389892,V2_EXTENSION,Waiting for ALT_HOLD vertical speed to settle,7,1,10.0,10.0,0.0,0.0,0.0,356.9999996891463,1500,1500,1500,1500,1500,1500,1660,1500,0.0,-10.0,-10.0
2026-08-06T16:58:29.815+03:00,19.400299,V2_EXTENSION,Waiting for ALT_HOLD vertical speed to settle,7,1,10.0,10.0,0.0,0.0,0.0,356.9999996891463,1500,1500,1500,1500,1500,1500,1660,1500,0.0,-10.0,-10.0
2026-08-06T16:58:29.856+03:00,19.441328,V2_EXTENSION,Waiting for ALT_HOLD vertical speed to settle,7,1,10.0,10.0,0.0,0.0,0.0,356.9999996891463,1500,1500,1500,1500,1500,1500,1660,1500,0.0,-10.0,-10.0
2026-08-06T16:58:29.902+03:00,19.487612,V2_EXTENSION,Waiting for ALT_HOLD vertical speed to settle,7,1,10.0,10.0,0.0,0.0,0.0,356.9999996891463,1500,1500,1500,1500,1500,1500,1660,1500,0.0,-10.0,-10.0
2026-08-06T16:58:29.918+03:00,19.503160,V2_EXTENSION,Waiting for ALT_HOLD vertical speed to settle,7,1,10.0,10.0,0.0,0.0,0.0,356.9999996891463,1500,1500,1500,1500,1500,1500,1660,1500,0.0,-10.0,-10.0
2026-08-06T16:58:29.954+03:00,19.539194,V2_EXTENSION,Waiting for ALT_HOLD vertical speed to settle,7,1,10.0,10.0,0.0,0.0,0.0,356.9999996891463,1500,1500,1500,1500,1500,1500,1660,1500,0.0,-10.0,-10.0
2026-08-06T16:58:30.005+03:00,19.590539,V2_EXTENSION,Waiting for ALT_HOLD vertical speed to settle,7,1,10.0,10.0,0.0,0.0,0.0,356.9999996891463,1500,1500,1500,1500,1500,1500,1660,1500,0.0,-10.0,-10.0
2026-08-06T16:58:30.015+03:00,19.600855,V2_EXTENSION,Waiting for ALT_HOLD vertical speed to settle,7,1,10.0,10.0,0.0,0.0,0.0,356.9999996891463,1500,1500,1500,1500,1500,1500,1660,1500,0.0,-10.0,-10.0
2026-08-06T16:58:30.056+03:00,19.641862,V2_EXTENSION,Waiting for ALT_HOLD vertical speed to settle,7,1,10.0,10.0,0.0,0.0,0.0,356.9999996891463,1500,1500,1500,1500,1500,1500,1660,1500,0.0,-10.0,-10.0
2026-08-06T16:58:30.103+03:00,19.687989,V2_EXTENSION,Waiting for ALT_HOLD vertical speed to settle,7,1,10.0,10.0,0.0,0.0,0.0,356.9999996891463,1500,1500,1500,1500,1500,1500,1660,1500,0.0,-10.0,-10.0
2026-08-06T16:58:30.118+03:00,19.703396,V2_EXTENSION,Waiting for ALT_HOLD vertical speed to settle,7,1,10.0,10.0,0.0,0.0,0.0,356.9999996891463,1500,1500,1500,1500,1500,1500,1660,1500,0.0,-10.0,-10.0
2026-08-06T16:58:30.154+03:00,19.739335,V2_EXTENSION,Waiting for ALT_HOLD vertical speed to settle,7,1,10.0,10.0,0.0,0.0,0.0,356.9999996891463,1500,1500,1500,1500,1500,1500,1660,1500,0.0,-10.0,-10.0
2026-08-06T16:58:30.205+03:00,19.790610,V2_EXTENSION,Waiting for ALT_HOLD vertical speed to settle,7,1,10.0,10.0,0.0,0.0,0.0,356.9999996891463,1500,1500,1500,1500,1500,1500,1660,1500,0.0,-10.0,-10.0
2026-08-06T16:58:30.216+03:00,19.800947,V2_EXTENSION,Waiting for ALT_HOLD vertical speed to settle,7,1,10.0,10.0,0.0,0.0,0.0,356.9999996891463,1500,1500,1500,1500,1500,1500,1660,1500,0.0,-10.0,-10.0
2026-08-06T16:58:30.257+03:00,19.841951,V2_EXTENSION,Waiting for ALT_HOLD vertical speed to settle,7,1,10.0,10.0,0.0,0.0,0.0,356.9999996891463,1500,1500,1500,1500,1500,1500,1660,1500,0.0,-10.0,-10.0
2026-08-06T16:58:30.262+03:00,19.847177,GLOBAL_POSITION_INT,Waiting for ALT_HOLD vertical speed to settle,7,1,10.0,10.0,0.0,0.0,0.0,356.9999996891463,1500,1500,1500,1500,1500,1500,1660,1500,0.0,-10.0,-10.0
2026-08-06T16:58:30.262+03:00,19.847274,ATTITUDE,Waiting for ALT_HOLD vertical speed to settle,7,1,10.0,10.0,0.0,0.0,0.0,356.9999996891463,1500,1500,1500,1500,1500,1500,1660,1500,0.0,-10.0,-10.0
2026-08-06T16:58:30.262+03:00,19.847377,RC_CHANNELS,Waiting for ALT_HOLD vertical speed to settle,7,1,10.0,10.0,0.0,0.0,0.0,356.9999996891463,1500,1500,1500,1500,1500,1500,1660,1500,0.0,-10.0,-10.0
2026-08-06T16:58:30.303+03:00,19.888849,V2_EXTENSION,Starting forward pitch hold target=-10.0 deg duration=10.0 s,7,1,10.0,10.0,0.0,0.0,0.0,356.9999996891463,1500,1360,1500,1500,1500,1500,1660,1500,0.0,-10.0,-10.0
2026-08-06T16:58:30.319+03:00,19.904410,V2_EXTENSION,Starting forward pitch hold target=-10.0 deg duration=10.0 s,7,1,10.0,10.0,0.0,0.0,0.0,356.9999996891463,1500,1360,1500,1500,1500,1360,1660,1500,0.0,-10.0,-10.0
2026-08-06T16:58:30.355+03:00,19.940486,V2_EXTENSION,Starting forward pitch hold target=-10.0 deg duration=10.0 s,7,1,10.0,10.0,0.0,0.0,0.0,356.9999996891463,1500,1360,1500,1500,1500,1360,1660,1500,0.0,-10.0,-10.0
2026-08-06T16:58:30.406+03:00,19.991754,V2_EXTENSION,Starting forward pitch hold target=-10.0 deg duration=10.0 s,7,1,10.0,10.0,0.0,0.0,0.0,356.9999996891463,1500,1360,1500,1500,1500,1360,1660,1500,0.0,-10.0,-10.0
2026-08-06T16:58:30.417+03:00,20.002136,V2_EXTENSION,Starting forward pitch hold target=-10.0 deg duration=10.0 s,7,1,10.0,10.0,0.0,0.0,0.0,356.9999996891463,1500,1360,1500,1500,1500,1360,1660,1500,0.0,-10.0,-10.0
2026-08-06T16:58:30.458+03:00,20.043189,V2_EXTENSION,Starting forward pitch hold target=-10.0 deg duration=10.0 s,7,1,10.0,10.0,0.0,0.0,0.0,356.9999996891463,1500,1360,1500,1500,1500,1360,1660,1500,0.0,-10.0,-10.0
2026-08-06T16:58:30.504+03:00,20.089459,V2_EXTENSION,Starting forward pitch hold target=-10.0 deg duration=10.0 s,7,1,10.0,10.0,0.0,0.0,0.0,356.9999996891463,1500,1360,1500,1500,1500,1360,1660,1500,0.0,-10.0,-10.0
2026-08-06T16:58:30.520+03:00,20.104927,V2_EXTENSION,Starting forward pitch hold target=-10.0 deg duration=10.0 s,7,1,10.0,10.0,0.0,0.0,0.0,356.9999996891463,1500,1360,1500,1500,1500,1360,1660,1500,0.0,-10.0,-10.0
2026-08-06T16:58:30.556+03:00,20.141087,V2_EXTENSION,Starting forward pitch hold target=-10.0 deg duration=10.0 s,7,1,10.0,10.0,0.0,0.0,0.0,356.9999996891463,1500,1360,1500,1500,1500,1360,1660,1500,0.0,-10.0,-10.0
2026-08-06T16:58:30.607+03:00,20.192438,V2_EXTENSION,Starting forward pitch hold target=-10.0 deg duration=10.0 s,7,1,10.0,10.0,0.0,0.0,0.0,356.9999996891463,1500,1360,1500,1500,1500,1360,1660,1500,0.0,-10.0,-10.0
2026-08-06T16:58:30.617+03:00,20.202822,V2_EXTENSION,Starting forward pitch hold target=-10.0 deg duration=10.0 s,7,1,10.0,10.0,0.0,0.0,0.0,356.9999996891463,1500,1360,1500,1500,1500,1360,1660,1500,0.0,-10.0,-10.0
2026-08-06T16:58:30.659+03:00,20.244025,V2_EXTENSION,Starting forward pitch hold target=-10.0 deg duration=10.0 s,7,1,10.0,10.0,0.0,0.0,0.0,356.9999996891463,1500,1360,1500,1500,1500,1360,1660,1500,0.0,-10.0,-10.0
2026-08-06T16:58:30.705+03:00,20.290344,V2_EXTENSION,Starting forward pitch hold target=-10.0 deg duration=10.0 s,7,1,10.0,10.0,0.0,0.0,0.0,356.9999996891463,1500,1360,1500,1500,1500,1360,1660,1500,0.0,-10.0,-10.0
2026-08-06T16:58:30.720+03:00,20.305825,V2_EXTENSION,Starting forward pitch hold target=-10.0 deg duration=10.0 s,7,1,10.0,10.0,0.0,0.0,0.0,356.9999996891463,1500,1360,1500,1500,1500,1360,1660,1500,0.0,-10.0,-10.0
2026-08-06T16:58:30.756+03:00,20.341820,V2_EXTENSION,Starting forward pitch hold target=-10.0 deg duration=10.0 s,7,1,10.0,10.0,0.0,0.0,0.0,356.9999996891463,1500,1360,1500,1500,1500,1360,1660,1500,0.0,-10.0,-10.0
2026-08-06T16:58:30.762+03:00,20.347072,GLOBAL_POSITION_INT,Starting forward pitch hold target=-10.0 deg duration=10.0 s,7,1,10.0,10.0,0.0,0.0,0.0,356.9999996891463,1500,1360,1500,1500,1500,1360,1660,1500,0.0,-10.0,-10.0
2026-08-06T16:58:30.762+03:00,20.347188,ATTITUDE,Starting forward pitch hold target=-10.0 deg duration=10.0 s,7,1,10.0,10.0,0.0,0.0,-12.899999846711015,356.9999996891463,1500,1360,1500,1500,1500,1360,1660,1500,0.0,-10.0,2.8999998467110153
2026-08-06T16:58:30.762+03:00,20.347304,RC_CHANNELS,Starting forward pitch hold target=-10.0 deg duration=10.0 s,7,1,10.0,10.0,0.0,0.0,-12.899999846711015,356.9999996891463,1500,1360,1500,1500,1500,1360,1660,1500,0.0,-10.0,2.8999998467110153
2026-08-06T16:58:30.809+03:00,20.394111,V2_EXTENSION,Starting forward pitch hold target=-10.0 deg duration=10.0 s,7,1,10.0,10.0,0.0,0.0,-12.899999846711015,356.9999996891463,1500,1412,1500,1500,1500,1360,1660,1500,0.0,-10.0,2.8999998467110153
2026-08-06T16:58:30.819+03:00,20.404567,V2_EXTENSION,Starting forward pitch hold target=-10.0 deg duration=10.0 s,7,1,10.0,10.0,0.0,0.0,-12.899999846711015,356.9999996891463,1500,1412,1500,1500,1500,1412,1660,1500,0.0,-10.0,2.8999998467110153
2026-08-06T16:58:30.855+03:00,20.440566,V2_EXTENSION,Starting forward pitch hold target=-10.0 deg duration=10.0 s,7,1,10.0,10.0,0.0,0.0,-12.899999846711015,356.9999996891463,1500,1412,1500,1500,1500,1412,1660,1500,0.0,-10.0,2.8999998467110153
2026-08-06T16:58:30.907+03:00,20.491938,V2_EXTENSION,Starting forward pitch hold target=-10.0 deg duration=10.0 s,7,1,10.0,10.0,0.0,0.0,-12.899999846711015,356.9999996891463,1500,1412,1500,1500,1500,1412,1660,1500,0.0,-10.0,2.8999998467110153
2026-08-06T16:58:30.917+03:00,20.502281,V2_EXTENSION,Starting forward pitch hold target=-10.0 deg duration=10.0 s,7,1,10.0,10.0,0.0,0.0,-12.899999846711015,356.9999996891463,1500,1412,1500,1500,1500,1412,1656,1500,0.0,-10.0,2.8999998467110153
2026-08-06T16:58:30.958+03:00,20.543446,V2_EXTENSION,Starting forward pitch hold target=-10.0 deg duration=10.0 s,7,1,10.0,10.0,0.0,0.0,-12.899999846711015,356.9999996891463,1500,1412,1500,1500,1500,1412,1656,1500,0.0,-10.0,2.8999998467110153
2026-08-06T16:58:31.009+03:00,20.594848,V2_EXTENSION,Starting forward pitch hold target=-10.0 deg duration=10.0 s,7,1,10.0,10.0,0.0,0.0,-12.899999846711015,356.9999996891463,1500,1412,1500,1500,1500,1412,1656,1500,0.0,-10.0,2.8999998467110153
2026-08-06T16:58:31.020+03:00,20.605211,V2_EXTENSION,Starting forward pitch hold target=-10.0 deg duration=10.0 s,7,1,10.0,10.0,0.0,0.0,-12.899999846711015,356.9999996891463,1500,1412,1500,1500,1500,1412,1653,1500,0.0,-10.0,2.8999998467110153
2026-08-06T16:58:31.056+03:00,20.641196,V2_EXTENSION,Starting forward pitch hold target=-10.0 deg duration=10.0 s,7,1,10.0,10.0,0.0,0.0,-12.899999846711015,356.9999996891463,1500,1412,1500,1500,1500,1412,1653,1500,0.0,-10.0,2.8999998467110153
2026-08-06T16:58:31.107+03:00,20.692400,V2_EXTENSION,Starting forward pitch hold target=-10.0 deg duration=10.0 s,7,1,10.0,10.0,0.0,0.0,-12.899999846711015,356.9999996891463,1500,1412,1500,1500,1500,1412,1653,1500,0.0,-10.0,2.8999998467110153
2026-08-06T16:58:31.117+03:00,20.702720,V2_EXTENSION,Starting forward pitch hold target=-10.0 deg duration=10.0 s,7,1,10.0,10.0,0.0,0.0,-12.899999846711015,356.9999996891463,1500,1412,1500,1500,1500,1412,1653,1500,0.0,-10.0,2.8999998467110153
2026-08-06T16:58:31.158+03:00,20.743846,V2_EXTENSION,Starting forward pitch hold target=-10.0 deg duration=10.0 s,7,1,10.0,10.0,0.0,0.0,-12.899999846711015,356.9999996891463,1500,1412,1500,1500,1500,1412,1653,1500,0.0,-10.0,2.8999998467110153
2026-08-06T16:58:31.210+03:00,20.795253,V2_EXTENSION,Starting forward pitch hold target=-10.0 deg duration=10.0 s,7,1,10.0,10.0,0.0,0.0,-12.899999846711015,356.9999996891463,1500,1412,1500,1500,1500,1412,1653,1500,0.0,-10.0,2.8999998467110153
2026-08-06T16:58:31.220+03:00,20.805590,V2_EXTENSION,Starting forward pitch hold target=-10.0 deg duration=10.0 s,7,1,10.0,10.0,0.0,0.0,-12.899999846711015,356.9999996891463,1500,1412,1500,1500,1500,1412,1654,1500,0.0,-10.0,2.8999998467110153
2026-08-06T16:58:31.256+03:00,20.841580,V2_EXTENSION,Starting forward pitch hold target=-10.0 deg duration=10.0 s,7,1,10.0,10.0,0.0,0.0,-12.899999846711015,356.9999996891463,1500,1412,1500,1500,1500,1412,1654,1500,0.0,-10.0,2.8999998467110153
2026-08-06T16:58:31.261+03:00,20.846880,GLOBAL_POSITION_INT,Starting forward pitch hold target=-10.0 deg duration=10.0 s,7,1,10.0,10.08,0.16007291833505932,0.0,-12.899999846711015,356.9999996891463,1500,1412,1500,1500,1500,1412,1654,1500,-0.08000000000000007,-10.0,2.8999998467110153
2026-08-06T16:58:31.262+03:00,20.846996,ATTITUDE,Starting forward pitch hold target=-10.0 deg duration=10.0 s,7,1,10.0,10.08,0.16007291833505932,0.0,4.199999860743554,356.9999996891463,1500,1412,1500,1500,1500,1412,1654,1500,-0.08000000000000007,-10.0,-14.199999860743553
2026-08-06T16:58:31.262+03:00,20.847119,RC_CHANNELS,Starting forward pitch hold target=-10.0 deg duration=10.0 s,7,1,10.0,10.08,0.16007291833505932,0.0,4.199999860743554,356.9999996891463,1500,1412,1500,1500,1500,1412,1654,1500,-0.08000000000000007,-10.0,-14.199999860743553
2026-08-06T16:58:31.308+03:00,20.893538,V2_EXTENSION,Starting forward pitch hold target=-10.0 deg duration=10.0 s,7,1,10.0,10.08,0.16007291833505932,0.0,4.199999860743554,356.9999996891463,1500,1343,1500,1500,1500,1412,1654,1500,-0.08000000000000007,-10.0,-14.199999860743553
2026-08-06T16:58:31.319+03:00,20.904012,V2_EXTENSION,Starting forward pitch hold target=-10.0 deg duration=10.0 s,7,1,10.0,10.08,0.16007291833505932,0.0,4.199999860743554,356.9999996891463,1500,1343,1500,1500,1500,1343,1657,1500,-0.08000000000000007,-10.0,-14.199999860743553
2026-08-06T16:58:31.360+03:00,20.945304,V2_EXTENSION,Starting forward pitch hold target=-10.0 deg duration=10.0 s,7,1,10.0,10.08,0.16007291833505932,0.0,4.199999860743554,356.9999996891463,1500,1343,1500,1500,1500,1343,1657,1500,-0.08000000000000007,-10.0,-14.199999860743553
2026-08-06T16:58:31.411+03:00,20.996575,V2_EXTENSION,Starting forward pitch hold target=-10.0 deg duration=10.0 s,7,1,10.0,10.08,0.16007291833505932,0.0,4.199999860743554,356.9999996891463,1500,1343,1500,1500,1500,1343,1657,1500,-0.08000000000000007,-10.0,-14.199999860743553
2026-08-06T16:58:31.422+03:00,21.006963,V2_EXTENSION,Starting forward pitch hold target=-10.0 deg duration=10.0 s,7,1,10.0,10.08,0.16007291833505932,0.0,4.199999860743554,356.9999996891463,1500,1343,1500,1500,1500,1343,1657,1500,-0.08000000000000007,-10.0,-14.199999860743553
2026-08-06T16:58:31.458+03:00,21.043027,V2_EXTENSION,Starting forward pitch hold target=-10.0 deg duration=10.0 s,7,1,10.0,10.08,0.16007291833505932,0.0,4.199999860743554,356.9999996891463,1500,1343,1500,1500,1500,1343,1657,1500,-0.08000000000000007,-10.0,-14.199999860743553
2026-08-06T16:58:31.509+03:00,21.094319,V2_EXTENSION,Starting forward pitch hold target=-10.0 deg duration=10.0 s,7,1,10.0,10.08,0.16007291833505932,0.0,4.199999860743554,356.9999996891463,1500,1343,1500,1500,1500,1343,1657,1500,-0.08000000000000007,-10.0,-14.199999860743553
2026-08-06T16:58:31.519+03:00,21.104724,V2_EXTENSION,Starting forward pitch hold target=-10.0 deg duration=10.0 s,7,1,10.0,10.08,0.16007291833505932,0.0,4.199999860743554,356.9999996891463,1500,1343,1500,1500,1500,1343,1657,1500,-0.08000000000000007,-10.0,-14.199999860743553
2026-08-06T16:58:31.560+03:00,21.145798,V2_EXTENSION,Starting forward pitch hold target=-10.0 deg duration=10.0 s,7,1,10.0,10.08,0.16007291833505932,0.0,4.199999860743554,356.9999996891463,1500,1343,1500,1500,1500,1343,1657,1500,-0.08000000000000007,-10.0,-14.199999860743553
2026-08-06T16:58:31.612+03:00,21.197042,V2_EXTENSION,Starting forward pitch hold target=-10.0 deg duration=10.0 s,7,1,10.0,10.08,0.16007291833505932,0.0,4.199999860743554,356.9999996891463,1500,1343,1500,1500,1500,1343,1657,1500,-0.08000000000000007,-10.0,-14.199999860743553
2026-08-06T16:58:31.622+03:00,21.207569,V2_EXTENSION,Starting forward pitch hold target=-10.0 deg duration=10.0 s,7,1,10.0,10.08,0.16007291833505932,0.0,4.199999860743554,356.9999996891463,1500,1343,1500,1500,1500,1343,1657,1500,-0.08000000000000007,-10.0,-14.199999860743553
2026-08-06T16:58:31.658+03:00,21.243596,V2_EXTENSION,Starting forward pitch hold target=-10.0 deg duration=10.0 s,7,1,10.0,10.08,0.16007291833505932,0.0,4.199999860743554,356.9999996891463,1500,1343,1500,1500,1500,1343,1657,1500,-0.08000000000000007,-10.0,-14.199999860743553
2026-08-06T16:58:31.709+03:00,21.294884,V2_EXTENSION,Starting forward pitch hold target=-10.0 deg duration=10.0 s,7,1,10.0,10.08,0.16007291833505932,0.0,4.199999860743554,356.9999996891463,1500,1343,1500,1500,1500,1343,1657,1500,-0.08000000000000007,-10.0,-14.199999860743553
2026-08-06T16:58:31.720+03:00,21.305317,V2_EXTENSION,Starting forward pitch hold target=-10.0 deg duration=10.0 s,7,1,10.0,10.08,0.16007291833505932,0.0,4.199999860743554,356.9999996891463,1500,1343,1500,1500,1500,1343,1657,1500,-0.08000000000000007,-10.0,-14.199999860743553
2026-08-06T16:58:31.761+03:00,21.346469,V2_EXTENSION,Starting forward pitch hold target=-10.0 deg duration=10.0 s,7,1,10.0,10.08,0.16007291833505932,0.0,4.199999860743554,356.9999996891463,1500,1343,1500,1500,1500,1343,1657,1500,-0.08000000000000007,-10.0,-14.199999860743553
2026-08-06T16:58:31.761+03:00,21.346606,GLOBAL_POSITION_INT,Starting forward pitch hold target=-10.0 deg duration=10.0 s,7,1,10.0,10.08,0.0,0.0,4.199999860743554,356.9999996891463,1500,1343,1500,1500,1500,1343,1657,1500,-0.08000000000000007,-10.0,-14.199999860743553
2026-08-06T16:58:31.761+03:00,21.346687,ATTITUDE,Starting forward pitch hold target=-10.0 deg duration=10.0 s,7,1,10.0,10.08,0.0,0.0,4.199999860743554,356.9999996891463,1500,1343,1500,1500,1500,1343,1657,1500,-0.08000000000000007,-10.0,-14.199999860743553
2026-08-06T16:58:31.761+03:00,21.346806,RC_CHANNELS,Starting forward pitch hold target=-10.0 deg duration=10.0 s,7,1,10.0,10.08,0.0,0.0,4.199999860743554,356.9999996891463,1500,1343,1500,1500,1500,1343,1657,1500,-0.08000000000000007,-10.0,-14.199999860743553
2026-08-06T16:58:31.813+03:00,21.398648,V2_EXTENSION,Starting forward pitch hold target=-10.0 deg duration=10.0 s,7,1,10.0,10.08,0.0,0.0,4.199999860743554,356.9999996891463,1500,1343,1500,1500,1500,1343,1657,1500,-0.08000000000000007,-10.0,-14.199999860743553
2026-08-06T16:58:31.819+03:00,21.403959,V2_EXTENSION,Starting forward pitch hold target=-10.0 deg duration=10.0 s,7,1,10.0,10.08,0.0,0.0,4.199999860743554,356.9999996891463,1500,1343,1500,1500,1500,1343,1657,1500,-0.08000000000000007,-10.0,-14.199999860743553
2026-08-06T16:58:31.860+03:00,21.445298,V2_EXTENSION,Starting forward pitch hold target=-10.0 deg duration=10.0 s,7,1,10.0,10.08,0.0,0.0,4.199999860743554,356.9999996891463,1500,1343,1500,1500,1500,1343,1657,1500,-0.08000000000000007,-10.0,-14.199999860743553
2026-08-06T16:58:31.911+03:00,21.496672,V2_EXTENSION,Starting forward pitch hold target=-10.0 deg duration=10.0 s,7,1,10.0,10.08,0.0,0.0,4.199999860743554,356.9999996891463,1500,1343,1500,1500,1500,1343,1657,1500,-0.08000000000000007,-10.0,-14.199999860743553
2026-08-06T16:58:31.922+03:00,21.507013,V2_EXTENSION,Starting forward pitch hold target=-10.0 deg duration=10.0 s,7,1,10.0,10.08,0.0,0.0,4.199999860743554,356.9999996891463,1500,1343,1500,1500,1500,1343,1657,1500,-0.08000000000000007,-10.0,-14.199999860743553
2026-08-06T16:58:31.963+03:00,21.548096,V2_EXTENSION,Starting forward pitch hold target=-10.0 deg duration=10.0 s,7,1,10.0,10.08,0.0,0.0,4.199999860743554,356.9999996891463,1500,1343,1500,1500,1500,1343,1657,1500,-0.08000000000000007,-10.0,-14.199999860743553
2026-08-06T16:58:32.014+03:00,21.599447,V2_EXTENSION,Starting forward pitch hold target=-10.0 deg duration=10.0 s,7,1,10.0,10.08,0.0,0.0,4.199999860743554,356.9999996891463,1500,1343,1500,1500,1500,1343,1657,1500,-0.08000000000000007,-10.0,-14.199999860743553
2026-08-06T16:58:32.019+03:00,21.604735,V2_EXTENSION,Starting forward pitch hold target=-10.0 deg duration=10.0 s,7,1,10.0,10.08,0.0,0.0,4.199999860743554,356.9999996891463,1500,1343,1500,1500,1500,1343,1654,1500,-0.08000000000000007,-10.0,-14.199999860743553
2026-08-06T16:58:32.060+03:00,21.645784,V2_EXTENSION,Starting forward pitch hold target=-10.0 deg duration=10.0 s,7,1,10.0,10.08,0.0,0.0,4.199999860743554,356.9999996891463,1500,1343,1500,1500,1500,1343,1654,1500,-0.08000000000000007,-10.0,-14.199999860743553
2026-08-06T16:58:32.112+03:00,21.696994,V2_EXTENSION,Starting forward pitch hold target=-10.0 deg duration=10.0 s,7,1,10.0,10.08,0.0,0.0,4.199999860743554,356.9999996891463,1500,1343,1500,1500,1500,1343,1654,1500,-0.08000000000000007,-10.0,-14.199999860743553
2026-08-06T16:58:32.122+03:00,21.707415,V2_EXTENSION,Starting forward pitch hold target=-10.0 deg duration=10.0 s,7,1,10.0,10.08,0.0,0.0,4.199999860743554,356.9999996891463,1500,1343,1500,1500,1500,1343,1649,1500,-0.08000000000000007,-10.0,-14.199999860743553
2026-08-06T16:58:32.163+03:00,21.748612,V2_EXTENSION,Starting forward pitch hold target=-10.0 deg duration=10.0 s,7,1,10.0,10.08,0.0,0.0,4.199999860743554,356.9999996891463,1500,1343,1500,1500,1500,1343,1649,1500,-0.08000000000000007,-10.0,-14.199999860743553
2026-08-06T16:58:32.215+03:00,21.799893,V2_EXTENSION,Starting forward pitch hold target=-10.0 deg duration=10.0 s,7,1,10.0,10.08,0.0,0.0,4.199999860743554,356.9999996891463,1500,1343,1500,1500,1500,1343,1649,1500,-0.08000000000000007,-10.0,-14.199999860743553
2026-08-06T16:58:32.220+03:00,21.805195,V2_EXTENSION,Starting forward pitch hold target=-10.0 deg duration=10.0 s,7,1,10.0,10.08,0.0,0.0,4.199999860743554,356.9999996891463,1500,1343,1500,1500,1500,1343,1653,1500,-0.08000000000000007,-10.0,-14.199999860743553
2026-08-06T16:58:32.261+03:00,21.846346,V2_EXTENSION,Starting forward pitch hold target=-10.0 deg duration=10.0 s,7,1,10.0,10.08,0.0,0.0,4.199999860743554,356.9999996891463,1500,1343,1500,1500,1500,1343,1653,1500,-0.08000000000000007,-10.0,-14.199999860743553
2026-08-06T16:58:32.261+03:00,21.846524,GLOBAL_POSITION_INT,Starting forward pitch hold target=-10.0 deg duration=10.0 s,7,1,10.0,10.15,0.14003089838718663,0.0,4.199999860743554,356.9999996891463,1500,1343,1500,1500,1500,1343,1653,1500,-0.15000000000000036,-10.0,-14.199999860743553
2026-08-06T16:58:32.261+03:00,21.846607,ATTITUDE,Starting forward pitch hold target=-10.0 deg duration=10.0 s,7,1,10.0,10.15,0.14003089838718663,0.0,-5.599999956620346,356.9999996891463,1500,1343,1500,1500,1500,1343,1653,1500,-0.15000000000000036,-10.0,-4.400000043379654
2026-08-06T16:58:32.261+03:00,21.846717,RC_CHANNELS,Starting forward pitch hold target=-10.0 deg duration=10.0 s,7,1,10.0,10.15,0.14003089838718663,0.0,-5.599999956620346,356.9999996891463,1500,1343,1500,1500,1500,1343,1653,1500,-0.15000000000000036,-10.0,-4.400000043379654
2026-08-06T16:58:32.313+03:00,21.898224,V2_EXTENSION,Starting forward pitch hold target=-10.0 deg duration=10.0 s,7,1,10.0,10.15,0.14003089838718663,0.0,-5.599999956620346,356.9999996891463,1500,1382,1500,1500,1500,1343,1653,1500,-0.15000000000000036,-10.0,-4.400000043379654
2026-08-06T16:58:32.323+03:00,21.908739,V2_EXTENSION,Starting forward pitch hold target=-10.0 deg duration=10.0 s,7,1,10.0,10.15,0.14003089838718663,0.0,-5.599999956620346,356.9999996891463,1500,1382,1500,1500,1500,1382,1653,1500,-0.15000000000000036,-10.0,-4.400000043379654
2026-08-06T16:58:32.365+03:00,21.949931,V2_EXTENSION,Starting forward pitch hold target=-10.0 deg duration=10.0 s,7,1,10.0,10.15,0.14003089838718663,0.0,-5.599999956620346,356.9999996891463,1500,1382,1500,1500,1500,1382,1653,1500,-0.15000000000000036,-10.0,-4.400000043379654
2026-08-06T16:58:32.411+03:00,21.996094,V2_EXTENSION,Starting forward pitch hold target=-10.0 deg duration=10.0 s,7,1,10.0,10.15,0.14003089838718663,0.0,-5.599999956620346,356.9999996891463,1500,1382,1500,1500,1500,1382,1653,1500,-0.15000000000000036,-10.0,-4.400000043379654
2026-08-06T16:58:32.421+03:00,22.006438,V2_EXTENSION,Starting forward pitch hold target=-10.0 deg duration=10.0 s,7,1,10.0,10.15,0.14003089838718663,0.0,-5.599999956620346,356.9999996891463,1500,1382,1500,1500,1500,1382,1653,1500,-0.15000000000000036,-10.0,-4.400000043379654
2026-08-06T16:58:32.462+03:00,22.047420,V2_EXTENSION,Starting forward pitch hold target=-10.0 deg duration=10.0 s,7,1,10.0,10.15,0.14003089838718663,0.0,-5.599999956620346,356.9999996891463,1500,1382,1500,1500,1500,1382,1653,1500,-0.15000000000000036,-10.0,-4.400000043379654
2026-08-06T16:58:32.513+03:00,22.098827,V2_EXTENSION,Starting forward pitch hold target=-10.0 deg duration=10.0 s,7,1,10.0,10.15,0.14003089838718663,0.0,-5.599999956620346,356.9999996891463,1500,1382,1500,1500,1500,1382,1653,1500,-0.15000000000000036,-10.0,-4.400000043379654
2026-08-06T16:58:32.519+03:00,22.104081,V2_EXTENSION,Starting forward pitch hold target=-10.0 deg duration=10.0 s,7,1,10.0,10.15,0.14003089838718663,0.0,-5.599999956620346,356.9999996891463,1500,1382,1500,1500,1500,1382,1655,1500,-0.15000000000000036,-10.0,-4.400000043379654
2026-08-06T16:58:32.565+03:00,22.150254,V2_EXTENSION,Starting forward pitch hold target=-10.0 deg duration=10.0 s,7,1,10.0,10.15,0.14003089838718663,0.0,-5.599999956620346,356.9999996891463,1500,1382,1500,1500,1500,1382,1655,1500,-0.15000000000000036,-10.0,-4.400000043379654
2026-08-06T16:58:32.616+03:00,22.201587,V2_EXTENSION,Starting forward pitch hold target=-10.0 deg duration=10.0 s,7,1,10.0,10.15,0.14003089838718663,0.0,-5.599999956620346,356.9999996891463,1500,1382,1500,1500,1500,1382,1655,1500,-0.15000000000000036,-10.0,-4.400000043379654
2026-08-06T16:58:32.621+03:00,22.206821,V2_EXTENSION,Starting forward pitch hold target=-10.0 deg duration=10.0 s,7,1,10.0,10.15,0.14003089838718663,0.0,-5.599999956620346,356.9999996891463,1500,1382,1500,1500,1500,1382,1655,1500,-0.15000000000000036,-10.0,-4.400000043379654
2026-08-06T16:58:32.663+03:00,22.248162,V2_EXTENSION,Starting forward pitch hold target=-10.0 deg duration=10.0 s,7,1,10.0,10.15,0.14003089838718663,0.0,-5.599999956620346,356.9999996891463,1500,1382,1500,1500,1500,1382,1655,1500,-0.15000000000000036,-10.0,-4.400000043379654
2026-08-06T16:58:32.714+03:00,22.299583,V2_EXTENSION,Starting forward pitch hold target=-10.0 deg duration=10.0 s,7,1,10.0,10.15,0.14003089838718663,0.0,-5.599999956620346,356.9999996891463,1500,1382,1500,1500,1500,1382,1655,1500,-0.15000000000000036,-10.0,-4.400000043379654
2026-08-06T16:58:32.719+03:00,22.304859,V2_EXTENSION,Starting forward pitch hold target=-10.0 deg duration=10.0 s,7,1,10.0,10.15,0.14003089838718663,0.0,-5.599999956620346,356.9999996891463,1500,1382,1500,1500,1500,1382,1655,1500,-0.15000000000000036,-10.0,-4.400000043379654
2026-08-06T16:58:32.766+03:00,22.351033,GLOBAL_POSITION_INT,Starting forward pitch hold target=-10.0 deg duration=10.0 s,7,1,10.0,10.16,0.019821941992891747,0.0,-5.599999956620346,356.9999996891463,1500,1382,1500,1500,1500,1382,1655,1500,-0.16000000000000014,-10.0,-4.400000043379654
2026-08-06T16:58:32.766+03:00,22.351177,ATTITUDE,Starting forward pitch hold target=-10.0 deg duration=10.0 s,7,1,10.0,10.16,0.019821941992891747,0.0,-9.899999763228411,356.9999996891463,1500,1382,1500,1500,1500,1382,1655,1500,-0.16000000000000014,-10.0,-0.10000023677158865
2026-08-06T16:58:32.766+03:00,22.351293,RC_CHANNELS,Starting forward pitch hold target=-10.0 deg duration=10.0 s,7,1,10.0,10.16,0.019821941992891747,0.0,-9.899999763228411,356.9999996891463,1500,1382,1500,1500,1500,1382,1655,1500,-0.16000000000000014,-10.0,-0.10000023677158865
2026-08-06T16:58:32.766+03:00,22.351507,V2_EXTENSION,Starting forward pitch hold target=-10.0 deg duration=10.0 s,7,1,10.0,10.16,0.019821941992891747,0.0,-9.899999763228411,356.9999996891463,1500,1382,1500,1500,1500,1382,1655,1500,-0.16000000000000014,-10.0,-0.10000023677158865
2026-08-06T16:58:32.813+03:00,22.397991,V2_EXTENSION,Starting forward pitch hold target=-10.0 deg duration=10.0 s,7,1,10.0,10.16,0.019821941992891747,0.0,-9.899999763228411,356.9999996891463,1500,1400,1500,1500,1500,1382,1655,1500,-0.16000000000000014,-10.0,-0.10000023677158865
2026-08-06T16:58:32.823+03:00,22.408456,V2_EXTENSION,Starting forward pitch hold target=-10.0 deg duration=10.0 s,7,1,10.0,10.16,0.019821941992891747,0.0,-9.899999763228411,356.9999996891463,1500,1400,1500,1500,1500,1400,1655,1500,-0.16000000000000014,-10.0,-0.10000023677158865
2026-08-06T16:58:32.864+03:00,22.449712,V2_EXTENSION,Starting forward pitch hold target=-10.0 deg duration=10.0 s,7,1,10.0,10.16,0.019821941992891747,0.0,-9.899999763228411,356.9999996891463,1500,1400,1500,1500,1500,1400,1655,1500,-0.16000000000000014,-10.0,-0.10000023677158865
2026-08-06T16:58:32.916+03:00,22.501062,V2_EXTENSION,Starting forward pitch hold target=-10.0 deg duration=10.0 s,7,1,10.0,10.16,0.019821941992891747,0.0,-9.899999763228411,356.9999996891463,1500,1400,1500,1500,1500,1400,1655,1500,-0.16000000000000014,-10.0,-0.10000023677158865
2026-08-06T16:58:32.921+03:00,22.506332,V2_EXTENSION,Starting forward pitch hold target=-10.0 deg duration=10.0 s,7,1,10.0,10.16,0.019821941992891747,0.0,-9.899999763228411,356.9999996891463,1500,1400,1500,1500,1500,1400,1655,1500,-0.16000000000000014,-10.0,-0.10000023677158865
2026-08-06T16:58:32.967+03:00,22.552667,V2_EXTENSION,Starting forward pitch hold target=-10.0 deg duration=10.0 s,7,1,10.0,10.16,0.019821941992891747,0.0,-9.899999763228411,356.9999996891463,1500,1400,1500,1500,1500,1400,1655,1500,-0.16000000000000014,-10.0,-0.10000023677158865
2026-08-06T16:58:33.014+03:00,22.599089,V2_EXTENSION,Starting forward pitch hold target=-10.0 deg duration=10.0 s,7,1,10.0,10.16,0.019821941992891747,0.0,-9.899999763228411,356.9999996891463,1500,1400,1500,1500,1500,1400,1655,1500,-0.16000000000000014,-10.0,-0.10000023677158865
2026-08-06T16:58:33.024+03:00,22.609522,V2_EXTENSION,Starting forward pitch hold target=-10.0 deg duration=10.0 s,7,1,10.0,10.16,0.019821941992891747,0.0,-9.899999763228411,356.9999996891463,1500,1400,1500,1500,1500,1400,1655,1500,-0.16000000000000014,-10.0,-0.10000023677158865
2026-08-06T16:58:33.065+03:00,22.650609,V2_EXTENSION,Starting forward pitch hold target=-10.0 deg duration=10.0 s,7,1,10.0,10.16,0.019821941992891747,0.0,-9.899999763228411,356.9999996891463,1500,1400,1500,1500,1500,1400,1655,1500,-0.16000000000000014,-10.0,-0.10000023677158865
2026-08-06T16:58:33.116+03:00,22.701840,V2_EXTENSION,Starting forward pitch hold target=-10.0 deg duration=10.0 s,7,1,10.0,10.16,0.019821941992891747,0.0,-9.899999763228411,356.9999996891463,1500,1400,1500,1500,1500,1400,1655,1500,-0.16000000000000014,-10.0,-0.10000023677158865
2026-08-06T16:58:33.122+03:00,22.707082,V2_EXTENSION,Starting forward pitch hold target=-10.0 deg duration=10.0 s,7,1,10.0,10.16,0.019821941992891747,0.0,-9.899999763228411,356.9999996891463,1500,1400,1500,1500,1500,1400,1655,1500,-0.16000000000000014,-10.0,-0.10000023677158865
2026-08-06T16:58:33.168+03:00,22.753213,V2_EXTENSION,Starting forward pitch hold target=-10.0 deg duration=10.0 s,7,1,10.0,10.16,0.019821941992891747,0.0,-9.899999763228411,356.9999996891463,1500,1400,1500,1500,1500,1400,1655,1500,-0.16000000000000014,-10.0,-0.10000023677158865
2026-08-06T16:58:33.214+03:00,22.799443,V2_EXTENSION,Starting forward pitch hold target=-10.0 deg duration=10.0 s,7,1,10.0,10.16,0.019821941992891747,0.0,-9.899999763228411,356.9999996891463,1500,1400,1500,1500,1500,1400,1655,1500,-0.16000000000000014,-10.0,-0.10000023677158865
2026-08-06T16:58:33.224+03:00,22.809798,V2_EXTENSION,Starting forward pitch hold target=-10.0 deg duration=10.0 s,7,1,10.0,10.16,0.019821941992891747,0.0,-9.899999763228411,356.9999996891463,1500,1400,1500,1500,1500,1400,1655,1500,-0.16000000000000014,-10.0,-0.10000023677158865
2026-08-06T16:58:33.265+03:00,22.850740,GLOBAL_POSITION_INT,Starting forward pitch hold target=-10.0 deg duration=10.0 s,7,1,10.0,10.16,0.0,0.0,-9.899999763228411,356.9999996891463,1500,1400,1500,1500,1500,1400,1655,1500,-0.16000000000000014,-10.0,-0.10000023677158865
2026-08-06T16:58:33.265+03:00,22.850853,ATTITUDE,Starting forward pitch hold target=-10.0 deg duration=10.0 s,7,1,10.0,10.16,0.0,0.0,-3.500000026248569,356.9999996891463,1500,1400,1500,1500,1500,1400,1655,1500,-0.16000000000000014,-10.0,-6.4999999737514305
2026-08-06T16:58:33.266+03:00,22.850962,RC_CHANNELS,Starting forward pitch hold target=-10.0 deg duration=10.0 s,7,1,10.0,10.16,0.0,0.0,-3.500000026248569,356.9999996891463,1500,1400,1500,1500,1500,1400,1655,1500,-0.16000000000000014,-10.0,-6.4999999737514305
2026-08-06T16:58:33.266+03:00,22.851167,V2_EXTENSION,Starting forward pitch hold target=-10.0 deg duration=10.0 s,7,1,10.0,10.16,0.0,0.0,-3.500000026248569,356.9999996891463,1500,1400,1500,1500,1500,1400,1655,1500,-0.16000000000000014,-10.0,-6.4999999737514305
2026-08-06T16:58:33.317+03:00,22.902749,V2_EXTENSION,Starting forward pitch hold target=-10.0 deg duration=10.0 s,7,1,10.0,10.16,0.0,0.0,-3.500000026248569,356.9999996891463,1500,1374,1500,1500,1500,1400,1655,1500,-0.16000000000000014,-10.0,-6.4999999737514305
2026-08-06T16:58:33.323+03:00,22.908046,V2_EXTENSION,Starting forward pitch hold target=-10.0 deg duration=10.0 s,7,1,10.0,10.16,0.0,0.0,-3.500000026248569,356.9999996891463,1500,1374,1500,1500,1500,1374,1655,1500,-0.16000000000000014,-10.0,-6.4999999737514305
2026-08-06T16:58:33.364+03:00,22.949195,V2_EXTENSION,Starting forward pitch hold target=-10.0 deg duration=10.0 s,7,1,10.0,10.16,0.0,0.0,-3.500000026248569,356.9999996891463,1500,1374,1500,1500,1500,1374,1655,1500,-0.16000000000000014,-10.0,-6.4999999737514305
2026-08-06T16:58:33.415+03:00,23.000427,V2_EXTENSION,Starting forward pitch hold target=-10.0 deg duration=10.0 s,7,1,10.0,10.16,0.0,0.0,-3.500000026248569,356.9999996891463,1500,1374,1500,1500,1500,1374,1655,1500,-0.16000000000000014,-10.0,-6.4999999737514305
2026-08-06T16:58:33.420+03:00,23.005664,V2_EXTENSION,Starting forward pitch hold target=-10.0 deg duration=10.0 s,7,1,10.0,10.16,0.0,0.0,-3.500000026248569,356.9999996891463,1500,1374,1500,1500,1500,1374,1655,1500,-0.16000000000000014,-10.0,-6.4999999737514305
2026-08-06T16:58:33.466+03:00,23.051832,V2_EXTENSION,Starting forward pitch hold target=-10.0 deg duration=10.0 s,7,1,10.0,10.16,0.0,0.0,-3.500000026248569,356.9999996891463,1500,1374,1500,1500,1500,1374,1655,1500,-0.16000000000000014,-10.0,-6.4999999737514305
2026-08-06T16:58:33.518+03:00,23.103213,V2_EXTENSION,Starting forward pitch hold target=-10.0 deg duration=10.0 s,7,1,10.0,10.16,0.0,0.0,-3.500000026248569,356.9999996891463,1500,1374,1500,1500,1500,1374,1655,1500,-0.16000000000000014,-10.0,-6.4999999737514305
2026-08-06T16:58:33.523+03:00,23.108417,V2_EXTENSION,Starting forward pitch hold target=-10.0 deg duration=10.0 s,7,1,10.0,10.16,0.0,0.0,-3.500000026248569,356.9999996891463,1500,1374,1500,1500,1500,1374,1655,1500,-0.16000000000000014,-10.0,-6.4999999737514305
2026-08-06T16:58:33.569+03:00,23.154710,V2_EXTENSION,Starting forward pitch hold target=-10.0 deg duration=10.0 s,7,1,10.0,10.16,0.0,0.0,-3.500000026248569,356.9999996891463,1500,1374,1500,1500,1500,1374,1655,1500,-0.16000000000000014,-10.0,-6.4999999737514305
2026-08-06T16:58:33.615+03:00,23.200877,V2_EXTENSION,Starting forward pitch hold target=-10.0 deg duration=10.0 s,7,1,10.0,10.16,0.0,0.0,-3.500000026248569,356.9999996891463,1500,1374,1500,1500,1500,1374,1655,1500,-0.16000000000000014,-10.0,-6.4999999737514305
2026-08-06T16:58:33.621+03:00,23.206169,V2_EXTENSION,Starting forward pitch hold target=-10.0 deg duration=10.0 s,7,1,10.0,10.16,0.0,0.0,-3.500000026248569,356.9999996891463,1500,1374,1500,1500,1500,1374,1655,1500,-0.16000000000000014,-10.0,-6.4999999737514305
2026-08-06T16:58:33.667+03:00,23.252473,V2_EXTENSION,Starting forward pitch hold target=-10.0 deg duration=10.0 s,7,1,10.0,10.16,0.0,0.0,-3.500000026248569,356.9999996891463,1500,1374,1500,1500,1500,1374,1655,1500,-0.16000000000000014,-10.0,-6.4999999737514305
2026-08-06T16:58:33.718+03:00,23.303810,V2_EXTENSION,Starting forward pitch hold target=-10.0 deg duration=10.0 s,7,1,10.0,10.16,0.0,0.0,-3.500000026248569,356.9999996891463,1500,1374,1500,1500,1500,1374,1655,1500,-0.16000000000000014,-10.0,-6.4999999737514305
2026-08-06T16:58:33.724+03:00,23.309056,V2_EXTENSION,Starting forward pitch hold target=-10.0 deg duration=10.0 s,7,1,10.0,10.16,0.0,0.0,-3.500000026248569,356.9999996891463,1500,1374,1500,1500,1500,1374,1655,1500,-0.16000000000000014,-10.0,-6.4999999737514305
2026-08-06T16:58:33.765+03:00,23.350042,GLOBAL_POSITION_INT,Starting forward pitch hold target=-10.0 deg duration=10.0 s,7,1,10.0,10.16,0.0,0.0,-3.500000026248569,356.9999996891463,1500,1374,1500,1500,1500,1374,1655,1500,-0.16000000000000014,-10.0,-6.4999999737514305
2026-08-06T16:58:33.765+03:00,23.350166,ATTITUDE,Starting forward pitch hold target=-10.0 deg duration=10.0 s,7,1,10.0,10.16,0.0,0.0,2.49999992727323,356.9999996891463,1500,1374,1500,1500,1500,1374,1655,1500,-0.16000000000000014,-10.0,-12.49999992727323
2026-08-06T16:58:33.765+03:00,23.350275,RC_CHANNELS,Starting forward pitch hold target=-10.0 deg duration=10.0 s,7,1,10.0,10.16,0.0,0.0,2.49999992727323,356.9999996891463,1500,1374,1500,1500,1500,1374,1655,1500,-0.16000000000000014,-10.0,-12.49999992727323
2026-08-06T16:58:33.765+03:00,23.350480,V2_EXTENSION,Starting forward pitch hold target=-10.0 deg duration=10.0 s,7,1,10.0,10.16,0.0,0.0,2.49999992727323,356.9999996891463,1500,1374,1500,1500,1500,1374,1655,1500,-0.16000000000000014,-10.0,-12.49999992727323
2026-08-06T16:58:33.817+03:00,23.402059,V2_EXTENSION,Starting forward pitch hold target=-10.0 deg duration=10.0 s,7,1,10.0,10.16,0.0,0.0,2.49999992727323,356.9999996891463,1500,1350,1500,1500,1500,1374,1655,1500,-0.16000000000000014,-10.0,-12.49999992727323
2026-08-06T16:58:33.822+03:00,23.407361,V2_EXTENSION,Starting forward pitch hold target=-10.0 deg duration=10.0 s,7,1,10.0,10.16,0.0,0.0,2.49999992727323,356.9999996891463,1500,1350,1500,1500,1500,1350,1655,1500,-0.16000000000000014,-10.0,-12.49999992727323
2026-08-06T16:58:33.868+03:00,23.453810,V2_EXTENSION,Starting forward pitch hold target=-10.0 deg duration=10.0 s,7,1,10.0,10.16,0.0,0.0,2.49999992727323,356.9999996891463,1500,1350,1500,1500,1500,1350,1655,1500,-0.16000000000000014,-10.0,-12.49999992727323
2026-08-06T16:58:33.920+03:00,23.505092,V2_EXTENSION,Starting forward pitch hold target=-10.0 deg duration=10.0 s,7,1,10.0,10.16,0.0,0.0,2.49999992727323,356.9999996891463,1500,1350,1500,1500,1500,1350,1655,1500,-0.16000000000000014,-10.0,-12.49999992727323
2026-08-06T16:58:33.925+03:00,23.510414,V2_EXTENSION,Starting forward pitch hold target=-10.0 deg duration=10.0 s,7,1,10.0,10.16,0.0,0.0,2.49999992727323,356.9999996891463,1500,1350,1500,1500,1500,1350,1655,1500,-0.16000000000000014,-10.0,-12.49999992727323
2026-08-06T16:58:33.966+03:00,23.551649,V2_EXTENSION,Starting forward pitch hold target=-10.0 deg duration=10.0 s,7,1,10.0,10.16,0.0,0.0,2.49999992727323,356.9999996891463,1500,1350,1500,1500,1500,1350,1655,1500,-0.16000000000000014,-10.0,-12.49999992727323
2026-08-06T16:58:34.018+03:00,23.602968,V2_EXTENSION,Starting forward pitch hold target=-10.0 deg duration=10.0 s,7,1,10.0,10.16,0.0,0.0,2.49999992727323,356.9999996891463,1500,1350,1500,1500,1500,1350,1655,1500,-0.16000000000000014,-10.0,-12.49999992727323
2026-08-06T16:58:34.023+03:00,23.608203,V2_EXTENSION,Starting forward pitch hold target=-10.0 deg duration=10.0 s,7,1,10.0,10.16,0.0,0.0,2.49999992727323,356.9999996891463,1500,1350,1500,1500,1500,1350,1655,1500,-0.16000000000000014,-10.0,-12.49999992727323
2026-08-06T16:58:34.069+03:00,23.654375,V2_EXTENSION,Starting forward pitch hold target=-10.0 deg duration=10.0 s,7,1,10.0,10.16,0.0,0.0,2.49999992727323,356.9999996891463,1500,1350,1500,1500,1500,1350,1655,1500,-0.16000000000000014,-10.0,-12.49999992727323
2026-08-06T16:58:34.120+03:00,23.705714,V2_EXTENSION,Starting forward pitch hold target=-10.0 deg duration=10.0 s,7,1,10.0,10.16,0.0,0.0,2.49999992727323,356.9999996891463,1500,1350,1500,1500,1500,1350,1655,1500,-0.16000000000000014,-10.0,-12.49999992727323
2026-08-06T16:58:34.126+03:00,23.710981,V2_EXTENSION,Starting forward pitch hold target=-10.0 deg duration=10.0 s,7,1,10.0,10.16,0.0,0.0,2.49999992727323,356.9999996891463,1500,1350,1500,1500,1500,1350,1655,1500,-0.16000000000000014,-10.0,-12.49999992727323
2026-08-06T16:58:34.167+03:00,23.752234,V2_EXTENSION,Starting forward pitch hold target=-10.0 deg duration=10.0 s,7,1,10.0,10.16,0.0,0.0,2.49999992727323,356.9999996891463,1500,1350,1500,1500,1500,1350,1655,1500,-0.16000000000000014,-10.0,-12.49999992727323
2026-08-06T16:58:34.218+03:00,23.803714,V2_EXTENSION,Starting forward pitch hold target=-10.0 deg duration=10.0 s,7,1,10.0,10.16,0.0,0.0,2.49999992727323,356.9999996891463,1500,1350,1500,1500,1500,1350,1655,1500,-0.16000000000000014,-10.0,-12.49999992727323
2026-08-06T16:58:34.224+03:00,23.808920,V2_EXTENSION,Starting forward pitch hold target=-10.0 deg duration=10.0 s,7,1,10.0,10.16,0.0,0.0,2.49999992727323,356.9999996891463,1500,1350,1500,1500,1500,1350,1655,1500,-0.16000000000000014,-10.0,-12.49999992727323
2026-08-06T16:58:34.265+03:00,23.849907,GLOBAL_POSITION_INT,Starting forward pitch hold target=-10.0 deg duration=10.0 s,7,1,10.0,10.16,0.0,0.0,2.49999992727323,356.9999996891463,1500,1350,1500,1500,1500,1350,1655,1500,-0.16000000000000014,-10.0,-12.49999992727323
2026-08-06T16:58:34.265+03:00,23.850086,ATTITUDE,Starting forward pitch hold target=-10.0 deg duration=10.0 s,7,1,10.0,10.16,0.0,0.0,-4.2999998066080645,356.9999996891463,1500,1350,1500,1500,1500,1350,1655,1500,-0.16000000000000014,-10.0,-5.7000001933919355
2026-08-06T16:58:34.265+03:00,23.850274,RC_CHANNELS,Starting forward pitch hold target=-10.0 deg duration=10.0 s,7,1,10.0,10.16,0.0,0.0,-4.2999998066080645,356.9999996891463,1500,1350,1500,1500,1500,1350,1655,1500,-0.16000000000000014,-10.0,-5.7000001933919355
2026-08-06T16:58:34.270+03:00,23.855674,V2_EXTENSION,Starting forward pitch hold target=-10.0 deg duration=10.0 s,7,1,10.0,10.16,0.0,0.0,-4.2999998066080645,356.9999996891463,1500,1350,1500,1500,1500,1350,1655,1500,-0.16000000000000014,-10.0,-5.7000001933919355
2026-08-06T16:58:34.322+03:00,23.907280,V2_EXTENSION,Starting forward pitch hold target=-10.0 deg duration=10.0 s,7,1,10.0,10.16,0.0,0.0,-4.2999998066080645,356.9999996891463,1500,1377,1500,1500,1500,1350,1655,1500,-0.16000000000000014,-10.0,-5.7000001933919355
2026-08-06T16:58:34.322+03:00,23.907435,V2_EXTENSION,Starting forward pitch hold target=-10.0 deg duration=10.0 s,7,1,10.0,10.16,0.0,0.0,-4.2999998066080645,356.9999996891463,1500,1377,1500,1500,1500,1377,1655,1500,-0.16000000000000014,-10.0,-5.7000001933919355
2026-08-06T16:58:34.368+03:00,23.953802,V2_EXTENSION,Starting forward pitch hold target=-10.0 deg duration=10.0 s,7,1,10.0,10.16,0.0,0.0,-4.2999998066080645,356.9999996891463,1500,1377,1500,1500,1500,1377,1655,1500,-0.16000000000000014,-10.0,-5.7000001933919355
2026-08-06T16:58:34.420+03:00,24.005076,V2_EXTENSION,Starting forward pitch hold target=-10.0 deg duration=10.0 s,7,1,10.0,10.16,0.0,0.0,-4.2999998066080645,356.9999996891463,1500,1377,1500,1500,1500,1377,1655,1500,-0.16000000000000014,-10.0,-5.7000001933919355
2026-08-06T16:58:34.425+03:00,24.010475,V2_EXTENSION,Starting forward pitch hold target=-10.0 deg duration=10.0 s,7,1,10.0,10.16,0.0,0.0,-4.2999998066080645,356.9999996891463,1500,1377,1500,1500,1500,1377,1655,1500,-0.16000000000000014,-10.0,-5.7000001933919355
2026-08-06T16:58:34.471+03:00,24.056665,V2_EXTENSION,Starting forward pitch hold target=-10.0 deg duration=10.0 s,7,1,10.0,10.16,0.0,0.0,-4.2999998066080645,356.9999996891463,1500,1377,1500,1500,1500,1377,1655,1500,-0.16000000000000014,-10.0,-5.7000001933919355
2026-08-06T16:58:34.523+03:00,24.107895,V2_EXTENSION,Starting forward pitch hold target=-10.0 deg duration=10.0 s,7,1,10.0,10.16,0.0,0.0,-4.2999998066080645,356.9999996891463,1500,1377,1500,1500,1500,1377,1655,1500,-0.16000000000000014,-10.0,-5.7000001933919355
2026-08-06T16:58:34.523+03:00,24.108024,V2_EXTENSION,Starting forward pitch hold target=-10.0 deg duration=10.0 s,7,1,10.0,10.16,0.0,0.0,-4.2999998066080645,356.9999996891463,1500,1377,1500,1500,1500,1377,1655,1500,-0.16000000000000014,-10.0,-5.7000001933919355
2026-08-06T16:58:34.569+03:00,24.154299,V2_EXTENSION,Starting forward pitch hold target=-10.0 deg duration=10.0 s,7,1,10.0,10.16,0.0,0.0,-4.2999998066080645,356.9999996891463,1500,1377,1500,1500,1500,1377,1655,1500,-0.16000000000000014,-10.0,-5.7000001933919355
2026-08-06T16:58:34.620+03:00,24.205471,V2_EXTENSION,Starting forward pitch hold target=-10.0 deg duration=10.0 s,7,1,10.0,10.16,0.0,0.0,-4.2999998066080645,356.9999996891463,1500,1377,1500,1500,1500,1377,1655,1500,-0.16000000000000014,-10.0,-5.7000001933919355
2026-08-06T16:58:34.625+03:00,24.210817,V2_EXTENSION,Starting forward pitch hold target=-10.0 deg duration=10.0 s,7,1,10.0,10.16,0.0,0.0,-4.2999998066080645,356.9999996891463,1500,1377,1500,1500,1500,1377,1655,1500,-0.16000000000000014,-10.0,-5.7000001933919355
2026-08-06T16:58:34.672+03:00,24.257035,V2_EXTENSION,Starting forward pitch hold target=-10.0 deg duration=10.0 s,7,1,10.0,10.16,0.0,0.0,-4.2999998066080645,356.9999996891463,1500,1377,1500,1500,1500,1377,1655,1500,-0.16000000000000014,-10.0,-5.7000001933919355
2026-08-06T16:58:34.723+03:00,24.308535,V2_EXTENSION,Starting forward pitch hold target=-10.0 deg duration=10.0 s,7,1,10.0,10.16,0.0,0.0,-4.2999998066080645,356.9999996891463,1500,1377,1500,1500,1500,1377,1655,1500,-0.16000000000000014,-10.0,-5.7000001933919355
2026-08-06T16:58:34.723+03:00,24.308705,V2_EXTENSION,Starting forward pitch hold target=-10.0 deg duration=10.0 s,7,1,10.0,10.16,0.0,0.0,-4.2999998066080645,356.9999996891463,1500,1377,1500,1500,1500,1377,1655,1500,-0.16000000000000014,-10.0,-5.7000001933919355
2026-08-06T16:58:34.764+03:00,24.349717,GLOBAL_POSITION_INT,Starting forward pitch hold target=-10.0 deg duration=10.0 s,7,1,10.0,10.16,0.0,0.0,-4.2999998066080645,356.9999996891463,1500,1377,1500,1500,1500,1377,1655,1500,-0.16000000000000014,-10.0,-5.7000001933919355
2026-08-06T16:58:34.764+03:00,24.349836,ATTITUDE,Starting forward pitch hold target=-10.0 deg duration=10.0 s,7,1,10.0,10.16,0.0,0.0,-8.700000412854285,356.9999996891463,1500,1377,1500,1500,1500,1377,1655,1500,-0.16000000000000014,-10.0,-1.2999995871457148
2026-08-06T16:58:34.765+03:00,24.349951,RC_CHANNELS,Starting forward pitch hold target=-10.0 deg duration=10.0 s,7,1,10.0,10.16,0.0,0.0,-8.700000412854285,356.9999996891463,1500,1377,1500,1500,1500,1377,1655,1500,-0.16000000000000014,-10.0,-1.2999995871457148
2026-08-06T16:58:34.770+03:00,24.355330,V2_EXTENSION,Starting forward pitch hold target=-10.0 deg duration=10.0 s,7,1,10.0,10.16,0.0,0.0,-8.700000412854285,356.9999996891463,1500,1377,1500,1500,1500,1377,1655,1500,-0.16000000000000014,-10.0,-1.2999995871457148
2026-08-06T16:58:34.822+03:00,24.407060,V2_EXTENSION,Starting forward pitch hold target=-10.0 deg duration=10.0 s,7,1,10.0,10.16,0.0,0.0,-8.700000412854285,356.9999996891463,1500,1395,1500,1500,1500,1377,1655,1500,-0.16000000000000014,-10.0,-1.2999995871457148
2026-08-06T16:58:34.827+03:00,24.412451,V2_EXTENSION,Starting forward pitch hold target=-10.0 deg duration=10.0 s,7,1,10.0,10.16,0.0,0.0,-8.700000412854285,356.9999996891463,1500,1395,1500,1500,1500,1395,1655,1500,-0.16000000000000014,-10.0,-1.2999995871457148
2026-08-06T16:58:34.873+03:00,24.458770,V2_EXTENSION,Starting forward pitch hold target=-10.0 deg duration=10.0 s,7,1,10.0,10.16,0.0,0.0,-8.700000412854285,356.9999996891463,1500,1395,1500,1500,1500,1395,1655,1500,-0.16000000000000014,-10.0,-1.2999995871457148
2026-08-06T16:58:34.920+03:00,24.505206,V2_EXTENSION,Starting forward pitch hold target=-10.0 deg duration=10.0 s,7,1,10.0,10.16,0.0,0.0,-8.700000412854285,356.9999996891463,1500,1395,1500,1500,1500,1395,1655,1500,-0.16000000000000014,-10.0,-1.2999995871457148
2026-08-06T16:58:34.925+03:00,24.510495,V2_EXTENSION,Starting forward pitch hold target=-10.0 deg duration=10.0 s,7,1,10.0,10.16,0.0,0.0,-8.700000412854285,356.9999996891463,1500,1395,1500,1500,1500,1395,1655,1500,-0.16000000000000014,-10.0,-1.2999995871457148
2026-08-06T16:58:34.971+03:00,24.556672,V2_EXTENSION,Starting forward pitch hold target=-10.0 deg duration=10.0 s,7,1,10.0,10.16,0.0,0.0,-8.700000412854285,356.9999996891463,1500,1395,1500,1500,1500,1395,1655,1500,-0.16000000000000014,-10.0,-1.2999995871457148
2026-08-06T16:58:35.023+03:00,24.607981,V2_EXTENSION,Starting forward pitch hold target=-10.0 deg duration=10.0 s,7,1,10.0,10.16,0.0,0.0,-8.700000412854285,356.9999996891463,1500,1395,1500,1500,1500,1395,1655,1500,-0.16000000000000014,-10.0,-1.2999995871457148
2026-08-06T16:58:35.023+03:00,24.608126,V2_EXTENSION,Starting forward pitch hold target=-10.0 deg duration=10.0 s,7,1,10.0,10.16,0.0,0.0,-8.700000412854285,356.9999996891463,1500,1395,1500,1500,1500,1395,1655,1500,-0.16000000000000014,-10.0,-1.2999995871457148
2026-08-06T16:58:35.074+03:00,24.659383,V2_EXTENSION,Starting forward pitch hold target=-10.0 deg duration=10.0 s,7,1,10.0,10.16,0.0,0.0,-8.700000412854285,356.9999996891463,1500,1395,1500,1500,1500,1395,1655,1500,-0.16000000000000014,-10.0,-1.2999995871457148
2026-08-06T16:58:35.120+03:00,24.705719,V2_EXTENSION,Starting forward pitch hold target=-10.0 deg duration=10.0 s,7,1,10.0,10.16,0.0,0.0,-8.700000412854285,356.9999996891463,1500,1395,1500,1500,1500,1395,1655,1500,-0.16000000000000014,-10.0,-1.2999995871457148
2026-08-06T16:58:35.126+03:00,24.711148,V2_EXTENSION,Starting forward pitch hold target=-10.0 deg duration=10.0 s,7,1,10.0,10.16,0.0,0.0,-8.700000412854285,356.9999996891463,1500,1395,1500,1500,1500,1395,1655,1500,-0.16000000000000014,-10.0,-1.2999995871457148
2026-08-06T16:58:35.172+03:00,24.757316,V2_EXTENSION,Starting forward pitch hold target=-10.0 deg duration=10.0 s,7,1,10.0,10.16,0.0,0.0,-8.700000412854285,356.9999996891463,1500,1395,1500,1500,1500,1395,1655,1500,-0.16000000000000014,-10.0,-1.2999995871457148
2026-08-06T16:58:35.223+03:00,24.808664,V2_EXTENSION,Starting forward pitch hold target=-10.0 deg duration=10.0 s,7,1,10.0,10.16,0.0,0.0,-8.700000412854285,356.9999996891463,1500,1395,1500,1500,1500,1395,1655,1500,-0.16000000000000014,-10.0,-1.2999995871457148
2026-08-06T16:58:35.223+03:00,24.808806,V2_EXTENSION,Starting forward pitch hold target=-10.0 deg duration=10.0 s,7,1,10.0,10.16,0.0,0.0,-8.700000412854285,356.9999996891463,1500,1395,1500,1500,1500,1395,1655,1500,-0.16000000000000014,-10.0,-1.2999995871457148
2026-08-06T16:58:35.264+03:00,24.849730,GLOBAL_POSITION_INT,Starting forward pitch hold target=-10.0 deg duration=10.0 s,7,1,10.0,10.16,0.0,0.0,-8.700000412854285,356.9999996891463,1500,1395,1500,1500,1500,1395,1655,1500,-0.16000000000000014,-10.0,-1.2999995871457148
2026-08-06T16:58:35.264+03:00,24.849851,ATTITUDE,Starting forward pitch hold target=-10.0 deg duration=10.0 s,7,1,10.0,10.16,0.0,0.0,-8.800000358718796,356.9999996891463,1500,1395,1500,1500,1500,1395,1655,1500,-0.16000000000000014,-10.0,-1.1999996412812042
2026-08-06T16:58:35.265+03:00,24.849964,RC_CHANNELS,Starting forward pitch hold target=-10.0 deg duration=10.0 s,7,1,10.0,10.16,0.0,0.0,-8.800000358718796,356.9999996891463,1500,1395,1500,1500,1500,1395,1655,1500,-0.16000000000000014,-10.0,-1.1999996412812042
2026-08-06T16:58:35.275+03:00,24.860801,V2_EXTENSION,Starting forward pitch hold target=-10.0 deg duration=10.0 s,7,1,10.0,10.16,0.0,0.0,-8.800000358718796,356.9999996891463,1500,1395,1500,1500,1500,1395,1655,1500,-0.16000000000000014,-10.0,-1.1999996412812042
2026-08-06T16:58:35.322+03:00,24.907495,V2_EXTENSION,Starting forward pitch hold target=-10.0 deg duration=10.0 s,7,1,10.0,10.16,0.0,0.0,-8.800000358718796,356.9999996891463,1500,1395,1500,1500,1500,1395,1655,1500,-0.16000000000000014,-10.0,-1.1999996412812042
2026-08-06T16:58:35.327+03:00,24.912833,V2_EXTENSION,Starting forward pitch hold target=-10.0 deg duration=10.0 s,7,1,10.0,10.16,0.0,0.0,-8.800000358718796,356.9999996891463,1500,1395,1500,1500,1500,1395,1653,1500,-0.16000000000000014,-10.0,-1.1999996412812042
2026-08-06T16:58:35.374+03:00,24.959220,V2_EXTENSION,Starting forward pitch hold target=-10.0 deg duration=10.0 s,7,1,10.0,10.16,0.0,0.0,-8.800000358718796,356.9999996891463,1500,1395,1500,1500,1500,1395,1653,1500,-0.16000000000000014,-10.0,-1.1999996412812042
2026-08-06T16:58:35.425+03:00,25.010637,V2_EXTENSION,Starting forward pitch hold target=-10.0 deg duration=10.0 s,7,1,10.0,10.16,0.0,0.0,-8.800000358718796,356.9999996891463,1500,1395,1500,1500,1500,1395,1653,1500,-0.16000000000000014,-10.0,-1.1999996412812042
2026-08-06T16:58:35.425+03:00,25.010790,V2_EXTENSION,Starting forward pitch hold target=-10.0 deg duration=10.0 s,7,1,10.0,10.16,0.0,0.0,-8.800000358718796,356.9999996891463,1500,1395,1500,1500,1500,1395,1653,1500,-0.16000000000000014,-10.0,-1.1999996412812042
2026-08-06T16:58:35.471+03:00,25.056859,V2_EXTENSION,Starting forward pitch hold target=-10.0 deg duration=10.0 s,7,1,10.0,10.16,0.0,0.0,-8.800000358718796,356.9999996891463,1500,1395,1500,1500,1500,1395,1653,1500,-0.16000000000000014,-10.0,-1.1999996412812042
2026-08-06T16:58:35.523+03:00,25.108366,V2_EXTENSION,Starting forward pitch hold target=-10.0 deg duration=10.0 s,7,1,10.0,10.16,0.0,0.0,-8.800000358718796,356.9999996891463,1500,1395,1500,1500,1500,1395,1653,1500,-0.16000000000000014,-10.0,-1.1999996412812042
2026-08-06T16:58:35.523+03:00,25.108497,V2_EXTENSION,Starting forward pitch hold target=-10.0 deg duration=10.0 s,7,1,10.0,10.16,0.0,0.0,-8.800000358718796,356.9999996891463,1500,1395,1500,1500,1500,1395,1646,1500,-0.16000000000000014,-10.0,-1.1999996412812042
2026-08-06T16:58:35.575+03:00,25.159908,V2_EXTENSION,Starting forward pitch hold target=-10.0 deg duration=10.0 s,7,1,10.0,10.16,0.0,0.0,-8.800000358718796,356.9999996891463,1500,1395,1500,1500,1500,1395,1646,1500,-0.16000000000000014,-10.0,-1.1999996412812042
2026-08-06T16:58:35.626+03:00,25.211425,V2_EXTENSION,Starting forward pitch hold target=-10.0 deg duration=10.0 s,7,1,10.0,10.16,0.0,0.0,-8.800000358718796,356.9999996891463,1500,1395,1500,1500,1500,1395,1646,1500,-0.16000000000000014,-10.0,-1.1999996412812042
2026-08-06T16:58:35.626+03:00,25.211613,V2_EXTENSION,Starting forward pitch hold target=-10.0 deg duration=10.0 s,7,1,10.0,10.16,0.0,0.0,-8.800000358718796,356.9999996891463,1500,1395,1500,1500,1500,1395,1649,1500,-0.16000000000000014,-10.0,-1.1999996412812042
2026-08-06T16:58:35.672+03:00,25.257723,V2_EXTENSION,Starting forward pitch hold target=-10.0 deg duration=10.0 s,7,1,10.0,10.16,0.0,0.0,-8.800000358718796,356.9999996891463,1500,1395,1500,1500,1500,1395,1649,1500,-0.16000000000000014,-10.0,-1.1999996412812042
2026-08-06T16:58:35.724+03:00,25.309275,V2_EXTENSION,Starting forward pitch hold target=-10.0 deg duration=10.0 s,7,1,10.0,10.16,0.0,0.0,-8.800000358718796,356.9999996891463,1500,1395,1500,1500,1500,1395,1649,1500,-0.16000000000000014,-10.0,-1.1999996412812042
2026-08-06T16:58:35.724+03:00,25.309407,V2_EXTENSION,Starting forward pitch hold target=-10.0 deg duration=10.0 s,7,1,10.0,10.16,0.0,0.0,-8.800000358718796,356.9999996891463,1500,1395,1500,1500,1500,1395,1649,1500,-0.16000000000000014,-10.0,-1.1999996412812042
2026-08-06T16:58:35.765+03:00,25.350354,GLOBAL_POSITION_INT,Starting forward pitch hold target=-10.0 deg duration=10.0 s,7,1,10.0,10.24,0.1598116437810295,0.0,-8.800000358718796,356.9999996891463,1500,1395,1500,1500,1500,1395,1649,1500,-0.2400000000000002,-10.0,-1.1999996412812042
2026-08-06T16:58:35.765+03:00,25.350468,ATTITUDE,Starting forward pitch hold target=-10.0 deg duration=10.0 s,7,1,10.0,10.24,0.1598116437810295,0.0,-3.100000029347116,356.9999996891463,1500,1395,1500,1500,1500,1395,1649,1500,-0.2400000000000002,-10.0,-6.899999970652884
2026-08-06T16:58:35.765+03:00,25.350586,RC_CHANNELS,Starting forward pitch hold target=-10.0 deg duration=10.0 s,7,1,10.0,10.24,0.1598116437810295,0.0,-3.100000029347116,356.9999996891463,1500,1395,1500,1500,1500,1395,1649,1500,-0.2400000000000002,-10.0,-6.899999970652884
2026-08-06T16:58:35.776+03:00,25.361145,V2_EXTENSION,Starting forward pitch hold target=-10.0 deg duration=10.0 s,7,1,10.0,10.24,0.1598116437810295,0.0,-3.100000029347116,356.9999996891463,1500,1395,1500,1500,1500,1395,1649,1500,-0.2400000000000002,-10.0,-6.899999970652884
2026-08-06T16:58:35.827+03:00,25.412780,V2_EXTENSION,Starting forward pitch hold target=-10.0 deg duration=10.0 s,7,1,10.0,10.24,0.1598116437810295,0.0,-3.100000029347116,356.9999996891463,1500,1372,1500,1500,1500,1395,1649,1500,-0.2400000000000002,-10.0,-6.899999970652884
2026-08-06T16:58:35.828+03:00,25.412932,V2_EXTENSION,Starting forward pitch hold target=-10.0 deg duration=10.0 s,7,1,10.0,10.24,0.1598116437810295,0.0,-3.100000029347116,356.9999996891463,1500,1372,1500,1500,1500,1372,1652,1500,-0.2400000000000002,-10.0,-6.899999970652884
2026-08-06T16:58:35.874+03:00,25.459443,V2_EXTENSION,Starting forward pitch hold target=-10.0 deg duration=10.0 s,7,1,10.0,10.24,0.1598116437810295,0.0,-3.100000029347116,356.9999996891463,1500,1372,1500,1500,1500,1372,1652,1500,-0.2400000000000002,-10.0,-6.899999970652884
2026-08-06T16:58:35.926+03:00,25.510894,V2_EXTENSION,Starting forward pitch hold target=-10.0 deg duration=10.0 s,7,1,10.0,10.24,0.1598116437810295,0.0,-3.100000029347116,356.9999996891463,1500,1372,1500,1500,1500,1372,1652,1500,-0.2400000000000002,-10.0,-6.899999970652884
2026-08-06T16:58:35.926+03:00,25.511050,V2_EXTENSION,Starting forward pitch hold target=-10.0 deg duration=10.0 s,7,1,10.0,10.24,0.1598116437810295,0.0,-3.100000029347116,356.9999996891463,1500,1372,1500,1500,1500,1372,1652,1500,-0.2400000000000002,-10.0,-6.899999970652884
2026-08-06T16:58:35.977+03:00,25.562510,V2_EXTENSION,Starting forward pitch hold target=-10.0 deg duration=10.0 s,7,1,10.0,10.24,0.1598116437810295,0.0,-3.100000029347116,356.9999996891463,1500,1372,1500,1500,1500,1372,1652,1500,-0.2400000000000002,-10.0,-6.899999970652884
2026-08-06T16:58:36.024+03:00,25.608968,V2_EXTENSION,Starting forward pitch hold target=-10.0 deg duration=10.0 s,7,1,10.0,10.24,0.1598116437810295,0.0,-3.100000029347116,356.9999996891463,1500,1372,1500,1500,1500,1372,1652,1500,-0.2400000000000002,-10.0,-6.899999970652884
2026-08-06T16:58:36.024+03:00,25.609109,V2_EXTENSION,Starting forward pitch hold target=-10.0 deg duration=10.0 s,7,1,10.0,10.24,0.1598116437810295,0.0,-3.100000029347116,356.9999996891463,1500,1372,1500,1500,1500,1372,1651,1500,-0.2400000000000002,-10.0,-6.899999970652884
2026-08-06T16:58:36.075+03:00,25.660425,V2_EXTENSION,Starting forward pitch hold target=-10.0 deg duration=10.0 s,7,1,10.0,10.24,0.1598116437810295,0.0,-3.100000029347116,356.9999996891463,1500,1372,1500,1500,1500,1372,1651,1500,-0.2400000000000002,-10.0,-6.899999970652884
2026-08-06T16:58:36.126+03:00,25.711681,V2_EXTENSION,Starting forward pitch hold target=-10.0 deg duration=10.0 s,7,1,10.0,10.24,0.1598116437810295,0.0,-3.100000029347116,356.9999996891463,1500,1372,1500,1500,1500,1372,1651,1500,-0.2400000000000002,-10.0,-6.899999970652884
2026-08-06T16:58:36.126+03:00,25.711812,V2_EXTENSION,Starting forward pitch hold target=-10.0 deg duration=10.0 s,7,1,10.0,10.24,0.1598116437810295,0.0,-3.100000029347116,356.9999996891463,1500,1372,1500,1500,1500,1372,1652,1500,-0.2400000000000002,-10.0,-6.899999970652884
2026-08-06T16:58:36.178+03:00,25.763017,V2_EXTENSION,Starting forward pitch hold target=-10.0 deg duration=10.0 s,7,1,10.0,10.24,0.1598116437810295,0.0,-3.100000029347116,356.9999996891463,1500,1372,1500,1500,1500,1372,1652,1500,-0.2400000000000002,-10.0,-6.899999970652884
2026-08-06T16:58:36.224+03:00,25.809210,V2_EXTENSION,Starting forward pitch hold target=-10.0 deg duration=10.0 s,7,1,10.0,10.24,0.1598116437810295,0.0,-3.100000029347116,356.9999996891463,1500,1372,1500,1500,1500,1372,1652,1500,-0.2400000000000002,-10.0,-6.899999970652884
2026-08-06T16:58:36.224+03:00,25.809381,V2_EXTENSION,Starting forward pitch hold target=-10.0 deg duration=10.0 s,7,1,10.0,10.24,0.1598116437810295,0.0,-3.100000029347116,356.9999996891463,1500,1372,1500,1500,1500,1372,1652,1500,-0.2400000000000002,-10.0,-6.899999970652884
2026-08-06T16:58:36.265+03:00,25.850340,GLOBAL_POSITION_INT,Starting forward pitch hold target=-10.0 deg duration=10.0 s,7,1,10.0,10.25,0.02000052425521864,0.0,-3.100000029347116,356.9999996891463,1500,1372,1500,1500,1500,1372,1652,1500,-0.25,-10.0,-6.899999970652884
2026-08-06T16:58:36.265+03:00,25.850494,ATTITUDE,Starting forward pitch hold target=-10.0 deg duration=10.0 s,7,1,10.0,10.25,0.02000052425521864,0.0,-1.8000000927782456,356.9999996891463,1500,1372,1500,1500,1500,1372,1652,1500,-0.25,-10.0,-8.199999907221754
2026-08-06T16:58:36.265+03:00,25.850615,RC_CHANNELS,Starting forward pitch hold target=-10.0 deg duration=10.0 s,7,1,10.0,10.25,0.02000052425521864,0.0,-1.8000000927782456,356.9999996891463,1500,1372,1500,1500,1500,1372,1652,1500,-0.25,-10.0,-8.199999907221754
2026-08-06T16:58:36.276+03:00,25.861113,V2_EXTENSION,Starting forward pitch hold target=-10.0 deg duration=10.0 s,7,1,10.0,10.25,0.02000052425521864,0.0,-1.8000000927782456,356.9999996891463,1500,1372,1500,1500,1500,1372,1652,1500,-0.25,-10.0,-8.199999907221754
2026-08-06T16:58:36.327+03:00,25.912737,V2_EXTENSION,Starting forward pitch hold target=-10.0 deg duration=10.0 s,7,1,10.0,10.25,0.02000052425521864,0.0,-1.8000000927782456,356.9999996891463,1500,1367,1500,1500,1500,1372,1652,1500,-0.25,-10.0,-8.199999907221754
2026-08-06T16:58:36.328+03:00,25.912889,V2_EXTENSION,Starting forward pitch hold target=-10.0 deg duration=10.0 s,7,1,10.0,10.25,0.02000052425521864,0.0,-1.8000000927782456,356.9999996891463,1500,1367,1500,1500,1500,1367,1652,1500,-0.25,-10.0,-8.199999907221754
2026-08-06T16:58:36.379+03:00,25.964341,V2_EXTENSION,Starting forward pitch hold target=-10.0 deg duration=10.0 s,7,1,10.0,10.25,0.02000052425521864,0.0,-1.8000000927782456,356.9999996891463,1500,1367,1500,1500,1500,1367,1652,1500,-0.25,-10.0,-8.199999907221754
2026-08-06T16:58:36.425+03:00,26.010420,V2_EXTENSION,Starting forward pitch hold target=-10.0 deg duration=10.0 s,7,1,10.0,10.25,0.02000052425521864,0.0,-1.8000000927782456,356.9999996891463,1500,1367,1500,1500,1500,1367,1652,1500,-0.25,-10.0,-8.199999907221754
2026-08-06T16:58:36.425+03:00,26.010719,V2_EXTENSION,Starting forward pitch hold target=-10.0 deg duration=10.0 s,7,1,10.0,10.25,0.02000052425521864,0.0,-1.8000000927782456,356.9999996891463,1500,1367,1500,1500,1500,1367,1652,1500,-0.25,-10.0,-8.199999907221754
2026-08-06T16:58:36.477+03:00,26.061958,V2_EXTENSION,Starting forward pitch hold target=-10.0 deg duration=10.0 s,7,1,10.0,10.25,0.02000052425521864,0.0,-1.8000000927782456,356.9999996891463,1500,1367,1500,1500,1500,1367,1652,1500,-0.25,-10.0,-8.199999907221754
2026-08-06T16:58:36.528+03:00,26.113170,V2_EXTENSION,Starting forward pitch hold target=-10.0 deg duration=10.0 s,7,1,10.0,10.25,0.02000052425521864,0.0,-1.8000000927782456,356.9999996891463,1500,1367,1500,1500,1500,1367,1652,1500,-0.25,-10.0,-8.199999907221754
2026-08-06T16:58:36.528+03:00,26.113409,V2_EXTENSION,Starting forward pitch hold target=-10.0 deg duration=10.0 s,7,1,10.0,10.25,0.02000052425521864,0.0,-1.8000000927782456,356.9999996891463,1500,1367,1500,1500,1500,1367,1652,1500,-0.25,-10.0,-8.199999907221754
2026-08-06T16:58:36.580+03:00,26.164989,V2_EXTENSION,Starting forward pitch hold target=-10.0 deg duration=10.0 s,7,1,10.0,10.25,0.02000052425521864,0.0,-1.8000000927782456,356.9999996891463,1500,1367,1500,1500,1500,1367,1652,1500,-0.25,-10.0,-8.199999907221754
2026-08-06T16:58:36.626+03:00,26.211148,V2_EXTENSION,Starting forward pitch hold target=-10.0 deg duration=10.0 s,7,1,10.0,10.25,0.02000052425521864,0.0,-1.8000000927782456,356.9999996891463,1500,1367,1500,1500,1500,1367,1652,1500,-0.25,-10.0,-8.199999907221754
2026-08-06T16:58:36.626+03:00,26.211420,V2_EXTENSION,Starting forward pitch hold target=-10.0 deg duration=10.0 s,7,1,10.0,10.25,0.02000052425521864,0.0,-1.8000000927782456,356.9999996891463,1500,1367,1500,1500,1500,1367,1652,1500,-0.25,-10.0,-8.199999907221754
2026-08-06T16:58:36.678+03:00,26.262885,V2_EXTENSION,Starting forward pitch hold target=-10.0 deg duration=10.0 s,7,1,10.0,10.25,0.02000052425521864,0.0,-1.8000000927782456,356.9999996891463,1500,1367,1500,1500,1500,1367,1652,1500,-0.25,-10.0,-8.199999907221754
2026-08-06T16:58:36.729+03:00,26.314068,V2_EXTENSION,Starting forward pitch hold target=-10.0 deg duration=10.0 s,7,1,10.0,10.25,0.02000052425521864,0.0,-1.8000000927782456,356.9999996891463,1500,1367,1500,1500,1500,1367,1652,1500,-0.25,-10.0,-8.199999907221754
2026-08-06T16:58:36.729+03:00,26.314315,V2_EXTENSION,Starting forward pitch hold target=-10.0 deg duration=10.0 s,7,1,10.0,10.25,0.02000052425521864,0.0,-1.8000000927782456,356.9999996891463,1500,1367,1500,1500,1500,1367,1652,1500,-0.25,-10.0,-8.199999907221754
2026-08-06T16:58:36.765+03:00,26.350112,GLOBAL_POSITION_INT,Starting forward pitch hold target=-10.0 deg duration=10.0 s,7,1,10.0,10.25,0.0,0.0,-1.8000000927782456,356.9999996891463,1500,1367,1500,1500,1500,1367,1652,1500,-0.25,-10.0,-8.199999907221754
2026-08-06T16:58:36.765+03:00,26.350224,ATTITUDE,Starting forward pitch hold target=-10.0 deg duration=10.0 s,7,1,10.0,10.25,0.0,0.0,-3.100000029347116,356.9999996891463,1500,1367,1500,1500,1500,1367,1652,1500,-0.25,-10.0,-6.899999970652884
2026-08-06T16:58:36.765+03:00,26.350334,RC_CHANNELS,Starting forward pitch hold target=-10.0 deg duration=10.0 s,7,1,10.0,10.25,0.0,0.0,-3.100000029347116,356.9999996891463,1500,1367,1500,1500,1500,1367,1652,1500,-0.25,-10.0,-6.899999970652884
2026-08-06T16:58:36.781+03:00,26.366058,V2_EXTENSION,Starting forward pitch hold target=-10.0 deg duration=10.0 s,7,1,10.0,10.25,0.0,0.0,-3.100000029347116,356.9999996891463,1500,1372,1500,1500,1500,1367,1652,1500,-0.25,-10.0,-6.899999970652884
2026-08-06T16:58:36.827+03:00,26.412279,V2_EXTENSION,Starting forward pitch hold target=-10.0 deg duration=10.0 s,7,1,10.0,10.25,0.0,0.0,-3.100000029347116,356.9999996891463,1500,1372,1500,1500,1500,1372,1652,1500,-0.25,-10.0,-6.899999970652884
2026-08-06T16:58:36.827+03:00,26.412545,V2_EXTENSION,Starting forward pitch hold target=-10.0 deg duration=10.0 s,7,1,10.0,10.25,0.0,0.0,-3.100000029347116,356.9999996891463,1500,1372,1500,1500,1500,1372,1652,1500,-0.25,-10.0,-6.899999970652884
2026-08-06T16:58:36.879+03:00,26.464084,V2_EXTENSION,Starting forward pitch hold target=-10.0 deg duration=10.0 s,7,1,10.0,10.25,0.0,0.0,-3.100000029347116,356.9999996891463,1500,1372,1500,1500,1500,1372,1652,1500,-0.25,-10.0,-6.899999970652884
2026-08-06T16:58:36.930+03:00,26.515225,V2_EXTENSION,Starting forward pitch hold target=-10.0 deg duration=10.0 s,7,1,10.0,10.25,0.0,0.0,-3.100000029347116,356.9999996891463,1500,1372,1500,1500,1500,1372,1659,1500,-0.25,-10.0,-6.899999970652884
2026-08-06T16:58:36.930+03:00,26.515476,V2_EXTENSION,Starting forward pitch hold target=-10.0 deg duration=10.0 s,7,1,10.0,10.25,0.0,0.0,-3.100000029347116,356.9999996891463,1500,1372,1500,1500,1500,1372,1659,1500,-0.25,-10.0,-6.899999970652884
2026-08-06T16:58:36.981+03:00,26.566811,V2_EXTENSION,Starting forward pitch hold target=-10.0 deg duration=10.0 s,7,1,10.0,10.25,0.0,0.0,-3.100000029347116,356.9999996891463,1500,1372,1500,1500,1500,1372,1659,1500,-0.25,-10.0,-6.899999970652884
2026-08-06T16:58:37.028+03:00,26.612884,V2_EXTENSION,Starting forward pitch hold target=-10.0 deg duration=10.0 s,7,1,10.0,10.25,0.0,0.0,-3.100000029347116,356.9999996891463,1500,1372,1500,1500,1500,1372,1659,1500,-0.25,-10.0,-6.899999970652884
2026-08-06T16:58:37.028+03:00,26.613128,V2_EXTENSION,Starting forward pitch hold target=-10.0 deg duration=10.0 s,7,1,10.0,10.25,0.0,0.0,-3.100000029347116,356.9999996891463,1500,1372,1500,1500,1500,1372,1659,1500,-0.25,-10.0,-6.899999970652884
2026-08-06T16:58:37.079+03:00,26.664327,V2_EXTENSION,Starting forward pitch hold target=-10.0 deg duration=10.0 s,7,1,10.0,10.25,0.0,0.0,-3.100000029347116,356.9999996891463,1500,1372,1500,1500,1500,1372,1659,1500,-0.25,-10.0,-6.899999970652884
2026-08-06T16:58:37.130+03:00,26.715492,V2_EXTENSION,Starting forward pitch hold target=-10.0 deg duration=10.0 s,7,1,10.0,10.25,0.0,0.0,-3.100000029347116,356.9999996891463,1500,1372,1500,1500,1500,1372,1658,1500,-0.25,-10.0,-6.899999970652884
2026-08-06T16:58:37.130+03:00,26.715731,V2_EXTENSION,Starting forward pitch hold target=-10.0 deg duration=10.0 s,7,1,10.0,10.25,0.0,0.0,-3.100000029347116,356.9999996891463,1500,1372,1500,1500,1500,1372,1658,1500,-0.25,-10.0,-6.899999970652884
2026-08-06T16:58:37.182+03:00,26.767137,V2_EXTENSION,Starting forward pitch hold target=-10.0 deg duration=10.0 s,7,1,10.0,10.25,0.0,0.0,-3.100000029347116,356.9999996891463,1500,1372,1500,1500,1500,1372,1658,1500,-0.25,-10.0,-6.899999970652884
2026-08-06T16:58:37.228+03:00,26.813386,V2_EXTENSION,Starting forward pitch hold target=-10.0 deg duration=10.0 s,7,1,10.0,10.25,0.0,0.0,-3.100000029347116,356.9999996891463,1500,1372,1500,1500,1500,1372,1658,1500,-0.25,-10.0,-6.899999970652884
2026-08-06T16:58:37.228+03:00,26.813673,V2_EXTENSION,Starting forward pitch hold target=-10.0 deg duration=10.0 s,7,1,10.0,10.25,0.0,0.0,-3.100000029347116,356.9999996891463,1500,1372,1500,1500,1500,1372,1658,1500,-0.25,-10.0,-6.899999970652884
2026-08-06T16:58:37.264+03:00,26.849732,GLOBAL_POSITION_INT,Starting forward pitch hold target=-10.0 deg duration=10.0 s,7,1,10.0,10.16,-0.18015606268843073,0.0,-3.100000029347116,356.9999996891463,1500,1372,1500,1500,1500,1372,1658,1500,-0.16000000000000014,-10.0,-6.899999970652884
2026-08-06T16:58:37.265+03:00,26.849875,ATTITUDE,Starting forward pitch hold target=-10.0 deg duration=10.0 s,7,1,10.0,10.16,-0.18015606268843073,0.0,-4.89999990868195,356.9999996891463,1500,1372,1500,1500,1500,1372,1658,1500,-0.16000000000000014,-10.0,-5.10000009131805
2026-08-06T16:58:37.265+03:00,26.849999,RC_CHANNELS,Starting forward pitch hold target=-10.0 deg duration=10.0 s,7,1,10.0,10.16,-0.18015606268843073,0.0,-4.89999990868195,356.9999996891463,1500,1372,1500,1500,1500,1372,1658,1500,-0.16000000000000014,-10.0,-5.10000009131805
2026-08-06T16:58:37.280+03:00,26.865725,V2_EXTENSION,Starting forward pitch hold target=-10.0 deg duration=10.0 s,7,1,10.0,10.16,-0.18015606268843073,0.0,-4.89999990868195,356.9999996891463,1500,1380,1500,1500,1500,1372,1658,1500,-0.16000000000000014,-10.0,-5.10000009131805
2026-08-06T16:58:37.327+03:00,26.912029,V2_EXTENSION,Starting forward pitch hold target=-10.0 deg duration=10.0 s,7,1,10.0,10.16,-0.18015606268843073,0.0,-4.89999990868195,356.9999996891463,1500,1380,1500,1500,1500,1380,1656,1500,-0.16000000000000014,-10.0,-5.10000009131805
2026-08-06T16:58:37.332+03:00,26.917732,V2_EXTENSION,Starting forward pitch hold target=-10.0 deg duration=10.0 s,7,1,10.0,10.16,-0.18015606268843073,0.0,-4.89999990868195,356.9999996891463,1500,1380,1500,1500,1500,1380,1656,1500,-0.16000000000000014,-10.0,-5.10000009131805
2026-08-06T16:58:37.379+03:00,26.963953,V2_EXTENSION,Starting forward pitch hold target=-10.0 deg duration=10.0 s,7,1,10.0,10.16,-0.18015606268843073,0.0,-4.89999990868195,356.9999996891463,1500,1380,1500,1500,1500,1380,1656,1500,-0.16000000000000014,-10.0,-5.10000009131805
2026-08-06T16:58:37.430+03:00,27.015131,V2_EXTENSION,Starting forward pitch hold target=-10.0 deg duration=10.0 s,7,1,10.0,10.16,-0.18015606268843073,0.0,-4.89999990868195,356.9999996891463,1500,1380,1500,1500,1500,1380,1658,1500,-0.16000000000000014,-10.0,-5.10000009131805
2026-08-06T16:58:37.430+03:00,27.015388,V2_EXTENSION,Starting forward pitch hold target=-10.0 deg duration=10.0 s,7,1,10.0,10.16,-0.18015606268843073,0.0,-4.89999990868195,356.9999996891463,1500,1380,1500,1500,1500,1380,1658,1500,-0.16000000000000014,-10.0,-5.10000009131805
2026-08-06T16:58:37.481+03:00,27.066611,V2_EXTENSION,Starting forward pitch hold target=-10.0 deg duration=10.0 s,7,1,10.0,10.16,-0.18015606268843073,0.0,-4.89999990868195,356.9999996891463,1500,1380,1500,1500,1500,1380,1658,1500,-0.16000000000000014,-10.0,-5.10000009131805
2026-08-06T16:58:37.527+03:00,27.112652,V2_EXTENSION,Starting forward pitch hold target=-10.0 deg duration=10.0 s,7,1,10.0,10.16,-0.18015606268843073,0.0,-4.89999990868195,356.9999996891463,1500,1380,1500,1500,1500,1380,1658,1500,-0.16000000000000014,-10.0,-5.10000009131805
2026-08-06T16:58:37.533+03:00,27.118032,V2_EXTENSION,Starting forward pitch hold target=-10.0 deg duration=10.0 s,7,1,10.0,10.16,-0.18015606268843073,0.0,-4.89999990868195,356.9999996891463,1500,1380,1500,1500,1500,1380,1658,1500,-0.16000000000000014,-10.0,-5.10000009131805
2026-08-06T16:58:37.579+03:00,27.164315,V2_EXTENSION,Starting forward pitch hold target=-10.0 deg duration=10.0 s,7,1,10.0,10.16,-0.18015606268843073,0.0,-4.89999990868195,356.9999996891463,1500,1380,1500,1500,1500,1380,1658,1500,-0.16000000000000014,-10.0,-5.10000009131805
2026-08-06T16:58:37.630+03:00,27.215472,V2_EXTENSION,Starting forward pitch hold target=-10.0 deg duration=10.0 s,7,1,10.0,10.16,-0.18015606268843073,0.0,-4.89999990868195,356.9999996891463,1500,1380,1500,1500,1500,1380,1660,1500,-0.16000000000000014,-10.0,-5.10000009131805
2026-08-06T16:58:37.630+03:00,27.215763,V2_EXTENSION,Starting forward pitch hold target=-10.0 deg duration=10.0 s,7,1,10.0,10.16,-0.18015606268843073,0.0,-4.89999990868195,356.9999996891463,1500,1380,1500,1500,1500,1380,1660,1500,-0.16000000000000014,-10.0,-5.10000009131805
2026-08-06T16:58:37.682+03:00,27.267006,V2_EXTENSION,Starting forward pitch hold target=-10.0 deg duration=10.0 s,7,1,10.0,10.16,-0.18015606268843073,0.0,-4.89999990868195,356.9999996891463,1500,1380,1500,1500,1500,1380,1660,1500,-0.16000000000000014,-10.0,-5.10000009131805
2026-08-06T16:58:37.728+03:00,27.313181,V2_EXTENSION,Starting forward pitch hold target=-10.0 deg duration=10.0 s,7,1,10.0,10.16,-0.18015606268843073,0.0,-4.89999990868195,356.9999996891463,1500,1380,1500,1500,1500,1380,1660,1500,-0.16000000000000014,-10.0,-5.10000009131805
2026-08-06T16:58:37.733+03:00,27.318566,V2_EXTENSION,Starting forward pitch hold target=-10.0 deg duration=10.0 s,7,1,10.0,10.16,-0.18015606268843073,0.0,-4.89999990868195,356.9999996891463,1500,1380,1500,1500,1500,1380,1660,1500,-0.16000000000000014,-10.0,-5.10000009131805
2026-08-06T16:58:37.764+03:00,27.349436,GLOBAL_POSITION_INT,Starting forward pitch hold target=-10.0 deg duration=10.0 s,7,1,10.0,10.09,-0.14007638000811926,0.0,-4.89999990868195,356.9999996891463,1500,1380,1500,1500,1500,1380,1660,1500,-0.08999999999999986,-10.0,-5.10000009131805
2026-08-06T16:58:37.764+03:00,27.349563,ATTITUDE,Starting forward pitch hold target=-10.0 deg duration=10.0 s,7,1,10.0,10.09,-0.14007638000811926,0.0,-4.89999990868195,356.9999996891463,1500,1380,1500,1500,1500,1380,1660,1500,-0.08999999999999986,-10.0,-5.10000009131805
2026-08-06T16:58:37.764+03:00,27.349730,RC_CHANNELS,Starting forward pitch hold target=-10.0 deg duration=10.0 s,7,1,10.0,10.09,-0.14007638000811926,0.0,-4.89999990868195,356.9999996891463,1500,1380,1500,1500,1500,1380,1660,1500,-0.08999999999999986,-10.0,-5.10000009131805
2026-08-06T16:58:37.780+03:00,27.365381,V2_EXTENSION,Starting forward pitch hold target=-10.0 deg duration=10.0 s,7,1,10.0,10.09,-0.14007638000811926,0.0,-4.89999990868195,356.9999996891463,1500,1380,1500,1500,1500,1380,1660,1500,-0.08999999999999986,-10.0,-5.10000009131805
2026-08-06T16:58:37.827+03:00,27.412013,V2_EXTENSION,Starting forward pitch hold target=-10.0 deg duration=10.0 s,7,1,10.0,10.09,-0.14007638000811926,0.0,-4.89999990868195,356.9999996891463,1500,1380,1500,1500,1500,1380,1659,1500,-0.08999999999999986,-10.0,-5.10000009131805
2026-08-06T16:58:37.832+03:00,27.417457,V2_EXTENSION,Starting forward pitch hold target=-10.0 deg duration=10.0 s,7,1,10.0,10.09,-0.14007638000811926,0.0,-4.89999990868195,356.9999996891463,1500,1380,1500,1500,1500,1380,1659,1500,-0.08999999999999986,-10.0,-5.10000009131805
2026-08-06T16:58:37.884+03:00,27.468922,V2_EXTENSION,Starting forward pitch hold target=-10.0 deg duration=10.0 s,7,1,10.0,10.09,-0.14007638000811926,0.0,-4.89999990868195,356.9999996891463,1500,1380,1500,1500,1500,1380,1659,1500,-0.08999999999999986,-10.0,-5.10000009131805
2026-08-06T16:58:37.930+03:00,27.515089,V2_EXTENSION,Starting forward pitch hold target=-10.0 deg duration=10.0 s,7,1,10.0,10.09,-0.14007638000811926,0.0,-4.89999990868195,356.9999996891463,1500,1380,1500,1500,1500,1380,1658,1500,-0.08999999999999986,-10.0,-5.10000009131805
2026-08-06T16:58:37.935+03:00,27.520413,V2_EXTENSION,Starting forward pitch hold target=-10.0 deg duration=10.0 s,7,1,10.0,10.09,-0.14007638000811926,0.0,-4.89999990868195,356.9999996891463,1500,1380,1500,1500,1500,1380,1658,1500,-0.08999999999999986,-10.0,-5.10000009131805
2026-08-06T16:58:37.981+03:00,27.566424,V2_EXTENSION,Starting forward pitch hold target=-10.0 deg duration=10.0 s,7,1,10.0,10.09,-0.14007638000811926,0.0,-4.89999990868195,356.9999996891463,1500,1380,1500,1500,1500,1380,1658,1500,-0.08999999999999986,-10.0,-5.10000009131805
2026-08-06T16:58:38.027+03:00,27.612609,V2_EXTENSION,Starting forward pitch hold target=-10.0 deg duration=10.0 s,7,1,10.0,10.09,-0.14007638000811926,0.0,-4.89999990868195,356.9999996891463,1500,1380,1500,1500,1500,1380,1658,1500,-0.08999999999999986,-10.0,-5.10000009131805
2026-08-06T16:58:38.033+03:00,27.617982,V2_EXTENSION,Starting forward pitch hold target=-10.0 deg duration=10.0 s,7,1,10.0,10.09,-0.14007638000811926,0.0,-4.89999990868195,356.9999996891463,1500,1380,1500,1500,1500,1380,1658,1500,-0.08999999999999986,-10.0,-5.10000009131805
2026-08-06T16:58:38.084+03:00,27.669237,V2_EXTENSION,Starting forward pitch hold target=-10.0 deg duration=10.0 s,7,1,10.0,10.09,-0.14007638000811926,0.0,-4.89999990868195,356.9999996891463,1500,1380,1500,1500,1500,1380,1658,1500,-0.08999999999999986,-10.0,-5.10000009131805
2026-08-06T16:58:38.130+03:00,27.715293,V2_EXTENSION,Starting forward pitch hold target=-10.0 deg duration=10.0 s,7,1,10.0,10.09,-0.14007638000811926,0.0,-4.89999990868195,356.9999996891463,1500,1380,1500,1500,1500,1380,1657,1500,-0.08999999999999986,-10.0,-5.10000009131805
2026-08-06T16:58:38.135+03:00,27.720642,V2_EXTENSION,Starting forward pitch hold target=-10.0 deg duration=10.0 s,7,1,10.0,10.09,-0.14007638000811926,0.0,-4.89999990868195,356.9999996891463,1500,1380,1500,1500,1500,1380,1657,1500,-0.08999999999999986,-10.0,-5.10000009131805
2026-08-06T16:58:38.181+03:00,27.766775,V2_EXTENSION,Starting forward pitch hold target=-10.0 deg duration=10.0 s,7,1,10.0,10.09,-0.14007638000811926,0.0,-4.89999990868195,356.9999996891463,1500,1380,1500,1500,1500,1380,1657,1500,-0.08999999999999986,-10.0,-5.10000009131805
2026-08-06T16:58:38.228+03:00,27.812905,V2_EXTENSION,Starting forward pitch hold target=-10.0 deg duration=10.0 s,7,1,10.0,10.09,-0.14007638000811926,0.0,-4.89999990868195,356.9999996891463,1500,1380,1500,1500,1500,1380,1666,1500,-0.08999999999999986,-10.0,-5.10000009131805
2026-08-06T16:58:38.233+03:00,27.818224,V2_EXTENSION,Starting forward pitch hold target=-10.0 deg duration=10.0 s,7,1,10.0,10.09,-0.14007638000811926,0.0,-4.89999990868195,356.9999996891463,1500,1380,1500,1500,1500,1380,1666,1500,-0.08999999999999986,-10.0,-5.10000009131805
2026-08-06T16:58:38.264+03:00,27.849011,GLOBAL_POSITION_INT,Starting forward pitch hold target=-10.0 deg duration=10.0 s,7,1,10.0,10.04,-0.10008437953419477,0.0,-4.89999990868195,356.9999996891463,1500,1380,1500,1500,1500,1380,1666,1500,-0.03999999999999915,-10.0,-5.10000009131805
2026-08-06T16:58:38.264+03:00,27.849130,ATTITUDE,Starting forward pitch hold target=-10.0 deg duration=10.0 s,7,1,10.0,10.04,-0.10008437953419477,0.0,-6.000000166965211,356.9999996891463,1500,1380,1500,1500,1500,1380,1666,1500,-0.03999999999999915,-10.0,-3.9999998330347886
2026-08-06T16:58:38.264+03:00,27.849247,RC_CHANNELS,Starting forward pitch hold target=-10.0 deg duration=10.0 s,7,1,10.0,10.04,-0.10008437953419477,0.0,-6.000000166965211,356.9999996891463,1500,1380,1500,1500,1500,1380,1666,1500,-0.03999999999999915,-10.0,-3.9999998330347886
2026-08-06T16:58:38.285+03:00,27.870003,V2_EXTENSION,Starting forward pitch hold target=-10.0 deg duration=10.0 s,7,1,10.0,10.04,-0.10008437953419477,0.0,-6.000000166965211,356.9999996891463,1500,1384,1500,1500,1500,1380,1666,1500,-0.03999999999999915,-10.0,-3.9999998330347886
2026-08-06T16:58:38.331+03:00,27.916288,V2_EXTENSION,Starting forward pitch hold target=-10.0 deg duration=10.0 s,7,1,10.0,10.04,-0.10008437953419477,0.0,-6.000000166965211,356.9999996891463,1500,1384,1500,1500,1500,1384,1666,1500,-0.03999999999999915,-10.0,-3.9999998330347886
2026-08-06T16:58:38.336+03:00,27.921709,V2_EXTENSION,Starting forward pitch hold target=-10.0 deg duration=10.0 s,7,1,10.0,10.04,-0.10008437953419477,0.0,-6.000000166965211,356.9999996891463,1500,1384,1500,1500,1500,1384,1666,1500,-0.03999999999999915,-10.0,-3.9999998330347886
2026-08-06T16:58:38.383+03:00,27.968335,V2_EXTENSION,Starting forward pitch hold target=-10.0 deg duration=10.0 s,7,1,10.0,10.04,-0.10008437953419477,0.0,-6.000000166965211,356.9999996891463,1500,1384,1500,1500,1500,1384,1666,1500,-0.03999999999999915,-10.0,-3.9999998330347886
2026-08-06T16:58:38.429+03:00,28.014493,V2_EXTENSION,Starting forward pitch hold target=-10.0 deg duration=10.0 s,7,1,10.0,10.04,-0.10008437953419477,0.0,-6.000000166965211,356.9999996891463,1500,1384,1500,1500,1500,1384,1663,1500,-0.03999999999999915,-10.0,-3.9999998330347886
2026-08-06T16:58:38.434+03:00,28.019815,V2_EXTENSION,Starting forward pitch hold target=-10.0 deg duration=10.0 s,7,1,10.0,10.04,-0.10008437953419477,0.0,-6.000000166965211,356.9999996891463,1500,1384,1500,1500,1500,1384,1663,1500,-0.03999999999999915,-10.0,-3.9999998330347886
2026-08-06T16:58:38.486+03:00,28.070985,V2_EXTENSION,Starting forward pitch hold target=-10.0 deg duration=10.0 s,7,1,10.0,10.04,-0.10008437953419477,0.0,-6.000000166965211,356.9999996891463,1500,1384,1500,1500,1500,1384,1663,1500,-0.03999999999999915,-10.0,-3.9999998330347886
2026-08-06T16:58:38.532+03:00,28.117047,V2_EXTENSION,Starting forward pitch hold target=-10.0 deg duration=10.0 s,7,1,10.0,10.04,-0.10008437953419477,0.0,-6.000000166965211,356.9999996891463,1500,1384,1500,1500,1500,1384,1661,1500,-0.03999999999999915,-10.0,-3.9999998330347886
2026-08-06T16:58:38.537+03:00,28.122358,V2_EXTENSION,Starting forward pitch hold target=-10.0 deg duration=10.0 s,7,1,10.0,10.04,-0.10008437953419477,0.0,-6.000000166965211,356.9999996891463,1500,1384,1500,1500,1500,1384,1661,1500,-0.03999999999999915,-10.0,-3.9999998330347886
2026-08-06T16:58:38.583+03:00,28.168565,V2_EXTENSION,Starting forward pitch hold target=-10.0 deg duration=10.0 s,7,1,10.0,10.04,-0.10008437953419477,0.0,-6.000000166965211,356.9999996891463,1500,1384,1500,1500,1500,1384,1661,1500,-0.03999999999999915,-10.0,-3.9999998330347886
2026-08-06T16:58:38.629+03:00,28.214683,V2_EXTENSION,Starting forward pitch hold target=-10.0 deg duration=10.0 s,7,1,10.0,10.04,-0.10008437953419477,0.0,-6.000000166965211,356.9999996891463,1500,1384,1500,1500,1500,1384,1661,1500,-0.03999999999999915,-10.0,-3.9999998330347886
2026-08-06T16:58:38.635+03:00,28.220035,V2_EXTENSION,Starting forward pitch hold target=-10.0 deg duration=10.0 s,7,1,10.0,10.04,-0.10008437953419477,0.0,-6.000000166965211,356.9999996891463,1500,1384,1500,1500,1500,1384,1661,1500,-0.03999999999999915,-10.0,-3.9999998330347886
2026-08-06T16:58:38.686+03:00,28.271330,V2_EXTENSION,Starting forward pitch hold target=-10.0 deg duration=10.0 s,7,1,10.0,10.04,-0.10008437953419477,0.0,-6.000000166965211,356.9999996891463,1500,1384,1500,1500,1500,1384,1661,1500,-0.03999999999999915,-10.0,-3.9999998330347886
2026-08-06T16:58:38.732+03:00,28.317579,V2_EXTENSION,Starting forward pitch hold target=-10.0 deg duration=10.0 s,7,1,10.0,10.04,-0.10008437953419477,0.0,-6.000000166965211,356.9999996891463,1500,1384,1500,1500,1500,1384,1660,1500,-0.03999999999999915,-10.0,-3.9999998330347886
2026-08-06T16:58:38.738+03:00,28.322880,V2_EXTENSION,Starting forward pitch hold target=-10.0 deg duration=10.0 s,7,1,10.0,10.04,-0.10008437953419477,0.0,-6.000000166965211,356.9999996891463,1500,1384,1500,1500,1500,1384,1660,1500,-0.03999999999999915,-10.0,-3.9999998330347886
2026-08-06T16:58:38.763+03:00,28.348596,GLOBAL_POSITION_INT,Starting forward pitch hold target=-10.0 deg duration=10.0 s,7,1,10.0,10.0,-0.08006727829654596,0.0,-6.000000166965211,356.9999996891463,1500,1384,1500,1500,1500,1384,1660,1500,0.0,-10.0,-3.9999998330347886
2026-08-06T16:58:38.763+03:00,28.348707,ATTITUDE,Starting forward pitch hold target=-10.0 deg duration=10.0 s,7,1,10.0,10.0,-0.08006727829654596,0.0,-6.599999842152274,356.9999996891463,1500,1384,1500,1500,1500,1384,1660,1500,0.0,-10.0,-3.4000001578477264
2026-08-06T16:58:38.763+03:00,28.348843,RC_CHANNELS,Starting forward pitch hold target=-10.0 deg duration=10.0 s,7,1,10.0,10.0,-0.08006727829654596,0.0,-6.599999842152274,356.9999996891463,1500,1384,1500,1500,1500,1384,1660,1500,0.0,-10.0,-3.4000001578477264
2026-08-06T16:58:38.784+03:00,28.369783,V2_EXTENSION,Starting forward pitch hold target=-10.0 deg duration=10.0 s,7,1,10.0,10.0,-0.08006727829654596,0.0,-6.599999842152274,356.9999996891463,1500,1386,1500,1500,1500,1384,1660,1500,0.0,-10.0,-3.4000001578477264
2026-08-06T16:58:38.831+03:00,28.416166,V2_EXTENSION,Starting forward pitch hold target=-10.0 deg duration=10.0 s,7,1,10.0,10.0,-0.08006727829654596,0.0,-6.599999842152274,356.9999996891463,1500,1386,1500,1500,1500,1386,1660,1500,0.0,-10.0,-3.4000001578477264
2026-08-06T16:58:38.836+03:00,28.421626,V2_EXTENSION,Starting forward pitch hold target=-10.0 deg duration=10.0 s,7,1,10.0,10.0,-0.08006727829654596,0.0,-6.599999842152274,356.9999996891463,1500,1386,1500,1500,1500,1386,1660,1500,0.0,-10.0,-3.4000001578477264
2026-08-06T16:58:38.888+03:00,28.473151,V2_EXTENSION,Starting forward pitch hold target=-10.0 deg duration=10.0 s,7,1,10.0,10.0,-0.08006727829654596,0.0,-6.599999842152274,356.9999996891463,1500,1386,1500,1500,1500,1386,1660,1500,0.0,-10.0,-3.4000001578477264
2026-08-06T16:58:38.929+03:00,28.514259,V2_EXTENSION,Starting forward pitch hold target=-10.0 deg duration=10.0 s,7,1,10.0,10.0,-0.08006727829654596,0.0,-6.599999842152274,356.9999996891463,1500,1386,1500,1500,1500,1386,1660,1500,0.0,-10.0,-3.4000001578477264
2026-08-06T16:58:38.934+03:00,28.519615,V2_EXTENSION,Starting forward pitch hold target=-10.0 deg duration=10.0 s,7,1,10.0,10.0,-0.08006727829654596,0.0,-6.599999842152274,356.9999996891463,1500,1386,1500,1500,1500,1386,1660,1500,0.0,-10.0,-3.4000001578477264
2026-08-06T16:58:38.986+03:00,28.571122,V2_EXTENSION,Starting forward pitch hold target=-10.0 deg duration=10.0 s,7,1,10.0,10.0,-0.08006727829654596,0.0,-6.599999842152274,356.9999996891463,1500,1386,1500,1500,1500,1386,1660,1500,0.0,-10.0,-3.4000001578477264
2026-08-06T16:58:39.032+03:00,28.617164,V2_EXTENSION,Starting forward pitch hold target=-10.0 deg duration=10.0 s,7,1,10.0,10.0,-0.08006727829654596,0.0,-6.599999842152274,356.9999996891463,1500,1386,1500,1500,1500,1386,1660,1500,0.0,-10.0,-3.4000001578477264
2026-08-06T16:58:39.037+03:00,28.622471,V2_EXTENSION,Starting forward pitch hold target=-10.0 deg duration=10.0 s,7,1,10.0,10.0,-0.08006727829654596,0.0,-6.599999842152274,356.9999996891463,1500,1386,1500,1500,1500,1386,1660,1500,0.0,-10.0,-3.4000001578477264
2026-08-06T16:58:39.088+03:00,28.673792,V2_EXTENSION,Starting forward pitch hold target=-10.0 deg duration=10.0 s,7,1,10.0,10.0,-0.08006727829654596,0.0,-6.599999842152274,356.9999996891463,1500,1386,1500,1500,1500,1386,1660,1500,0.0,-10.0,-3.4000001578477264
2026-08-06T16:58:39.129+03:00,28.714811,V2_EXTENSION,Starting forward pitch hold target=-10.0 deg duration=10.0 s,7,1,10.0,10.0,-0.08006727829654596,0.0,-6.599999842152274,356.9999996891463,1500,1386,1500,1500,1500,1386,1660,1500,0.0,-10.0,-3.4000001578477264
2026-08-06T16:58:39.135+03:00,28.720134,V2_EXTENSION,Starting forward pitch hold target=-10.0 deg duration=10.0 s,7,1,10.0,10.0,-0.08006727829654596,0.0,-6.599999842152274,356.9999996891463,1500,1386,1500,1500,1500,1386,1660,1500,0.0,-10.0,-3.4000001578477264
2026-08-06T16:58:39.186+03:00,28.771412,V2_EXTENSION,Starting forward pitch hold target=-10.0 deg duration=10.0 s,7,1,10.0,10.0,-0.08006727829654596,0.0,-6.599999842152274,356.9999996891463,1500,1386,1500,1500,1500,1386,1660,1500,0.0,-10.0,-3.4000001578477264
2026-08-06T16:58:39.232+03:00,28.817500,V2_EXTENSION,Starting forward pitch hold target=-10.0 deg duration=10.0 s,7,1,10.0,10.0,-0.08006727829654596,0.0,-6.599999842152274,356.9999996891463,1500,1386,1500,1500,1500,1386,1660,1500,0.0,-10.0,-3.4000001578477264
2026-08-06T16:58:39.237+03:00,28.822817,V2_EXTENSION,Starting forward pitch hold target=-10.0 deg duration=10.0 s,7,1,10.0,10.0,-0.08006727829654596,0.0,-6.599999842152274,356.9999996891463,1500,1386,1500,1500,1500,1386,1660,1500,0.0,-10.0,-3.4000001578477264
2026-08-06T16:58:39.263+03:00,28.848655,GLOBAL_POSITION_INT,Starting forward pitch hold target=-10.0 deg duration=10.0 s,7,1,10.0,10.0,0.0,0.0,-6.599999842152274,356.9999996891463,1500,1386,1500,1500,1500,1386,1660,1500,0.0,-10.0,-3.4000001578477264
2026-08-06T16:58:39.263+03:00,28.848788,ATTITUDE,Starting forward pitch hold target=-10.0 deg duration=10.0 s,7,1,10.0,10.0,0.0,0.0,-5.799999848349367,356.9999996891463,1500,1386,1500,1500,1500,1386,1660,1500,0.0,-10.0,-4.200000151650633
2026-08-06T16:58:39.264+03:00,28.848900,RC_CHANNELS,Starting forward pitch hold target=-10.0 deg duration=10.0 s,7,1,10.0,10.0,0.0,0.0,-5.799999848349367,356.9999996891463,1500,1386,1500,1500,1500,1386,1660,1500,0.0,-10.0,-4.200000151650633
2026-08-06T16:58:39.289+03:00,28.874733,V2_EXTENSION,Starting forward pitch hold target=-10.0 deg duration=10.0 s,7,1,10.0,10.0,0.0,0.0,-5.799999848349367,356.9999996891463,1500,1383,1500,1500,1500,1386,1660,1500,0.0,-10.0,-4.200000151650633
2026-08-06T16:58:39.331+03:00,28.915927,V2_EXTENSION,Starting forward pitch hold target=-10.0 deg duration=10.0 s,7,1,10.0,10.0,0.0,0.0,-5.799999848349367,356.9999996891463,1500,1383,1500,1500,1500,1383,1660,1500,0.0,-10.0,-4.200000151650633
2026-08-06T16:58:39.336+03:00,28.921322,V2_EXTENSION,Starting forward pitch hold target=-10.0 deg duration=10.0 s,7,1,10.0,10.0,0.0,0.0,-5.799999848349367,356.9999996891463,1500,1383,1500,1500,1500,1383,1660,1500,0.0,-10.0,-4.200000151650633
2026-08-06T16:58:39.387+03:00,28.972650,V2_EXTENSION,Starting forward pitch hold target=-10.0 deg duration=10.0 s,7,1,10.0,10.0,0.0,0.0,-5.799999848349367,356.9999996891463,1500,1383,1500,1500,1500,1383,1660,1500,0.0,-10.0,-4.200000151650633
2026-08-06T16:58:39.433+03:00,29.018746,V2_EXTENSION,Starting forward pitch hold target=-10.0 deg duration=10.0 s,7,1,10.0,10.0,0.0,0.0,-5.799999848349367,356.9999996891463,1500,1383,1500,1500,1500,1383,1660,1500,0.0,-10.0,-4.200000151650633
2026-08-06T16:58:39.439+03:00,29.024086,V2_EXTENSION,Starting forward pitch hold target=-10.0 deg duration=10.0 s,7,1,10.0,10.0,0.0,0.0,-5.799999848349367,356.9999996891463,1500,1383,1500,1500,1500,1383,1660,1500,0.0,-10.0,-4.200000151650633
2026-08-06T16:58:39.490+03:00,29.075368,V2_EXTENSION,Starting forward pitch hold target=-10.0 deg duration=10.0 s,7,1,10.0,10.0,0.0,0.0,-5.799999848349367,356.9999996891463,1500,1383,1500,1500,1500,1383,1660,1500,0.0,-10.0,-4.200000151650633
2026-08-06T16:58:39.531+03:00,29.116319,V2_EXTENSION,Starting forward pitch hold target=-10.0 deg duration=10.0 s,7,1,10.0,10.0,0.0,0.0,-5.799999848349367,356.9999996891463,1500,1383,1500,1500,1500,1383,1660,1500,0.0,-10.0,-4.200000151650633
2026-08-06T16:58:39.536+03:00,29.121688,V2_EXTENSION,Starting forward pitch hold target=-10.0 deg duration=10.0 s,7,1,10.0,10.0,0.0,0.0,-5.799999848349367,356.9999996891463,1500,1383,1500,1500,1500,1383,1660,1500,0.0,-10.0,-4.200000151650633
2026-08-06T16:58:39.588+03:00,29.173140,V2_EXTENSION,Starting forward pitch hold target=-10.0 deg duration=10.0 s,7,1,10.0,10.0,0.0,0.0,-5.799999848349367,356.9999996891463,1500,1383,1500,1500,1500,1383,1660,1500,0.0,-10.0,-4.200000151650633
2026-08-06T16:58:39.634+03:00,29.219425,V2_EXTENSION,Starting forward pitch hold target=-10.0 deg duration=10.0 s,7,1,10.0,10.0,0.0,0.0,-5.799999848349367,356.9999996891463,1500,1383,1500,1500,1500,1383,1660,1500,0.0,-10.0,-4.200000151650633
2026-08-06T16:58:39.639+03:00,29.224856,V2_EXTENSION,Starting forward pitch hold target=-10.0 deg duration=10.0 s,7,1,10.0,10.0,0.0,0.0,-5.799999848349367,356.9999996891463,1500,1383,1500,1500,1500,1383,1660,1500,0.0,-10.0,-4.200000151650633
2026-08-06T16:58:39.691+03:00,29.276119,V2_EXTENSION,Starting forward pitch hold target=-10.0 deg duration=10.0 s,7,1,10.0,10.0,0.0,0.0,-5.799999848349367,356.9999996891463,1500,1383,1500,1500,1500,1383,1660,1500,0.0,-10.0,-4.200000151650633
2026-08-06T16:58:39.732+03:00,29.317230,V2_EXTENSION,Starting forward pitch hold target=-10.0 deg duration=10.0 s,7,1,10.0,10.0,0.0,0.0,-5.799999848349367,356.9999996891463,1500,1383,1500,1500,1500,1383,1660,1500,0.0,-10.0,-4.200000151650633
2026-08-06T16:58:39.737+03:00,29.322675,V2_EXTENSION,Starting forward pitch hold target=-10.0 deg duration=10.0 s,7,1,10.0,10.0,0.0,0.0,-5.799999848349367,356.9999996891463,1500,1383,1500,1500,1500,1383,1660,1500,0.0,-10.0,-4.200000151650633
2026-08-06T16:58:39.763+03:00,29.348383,GLOBAL_POSITION_INT,Starting forward pitch hold target=-10.0 deg duration=10.0 s,7,1,10.0,10.0,0.0,0.0,-5.799999848349367,356.9999996891463,1500,1383,1500,1500,1500,1383,1660,1500,0.0,-10.0,-4.200000151650633
2026-08-06T16:58:39.763+03:00,29.348490,ATTITUDE,Starting forward pitch hold target=-10.0 deg duration=10.0 s,7,1,10.0,10.0,0.0,0.0,-5.200000173162304,356.9999996891463,1500,1383,1500,1500,1500,1383,1660,1500,0.0,-10.0,-4.799999826837696
2026-08-06T16:58:39.763+03:00,29.348595,RC_CHANNELS,Starting forward pitch hold target=-10.0 deg duration=10.0 s,7,1,10.0,10.0,0.0,0.0,-5.200000173162304,356.9999996891463,1500,1383,1500,1500,1500,1383,1660,1500,0.0,-10.0,-4.799999826837696
2026-08-06T16:58:39.789+03:00,29.374638,V2_EXTENSION,Starting forward pitch hold target=-10.0 deg duration=10.0 s,7,1,10.0,10.0,0.0,0.0,-5.200000173162304,356.9999996891463,1500,1381,1500,1500,1500,1383,1660,1500,0.0,-10.0,-4.799999826837696
2026-08-06T16:58:39.830+03:00,29.415827,V2_EXTENSION,Starting forward pitch hold target=-10.0 deg duration=10.0 s,7,1,10.0,10.0,0.0,0.0,-5.200000173162304,356.9999996891463,1500,1381,1500,1500,1500,1381,1660,1500,0.0,-10.0,-4.799999826837696
2026-08-06T16:58:39.841+03:00,29.426438,V2_EXTENSION,Starting forward pitch hold target=-10.0 deg duration=10.0 s,7,1,10.0,10.0,0.0,0.0,-5.200000173162304,356.9999996891463,1500,1381,1500,1500,1500,1381,1660,1500,0.0,-10.0,-4.799999826837696
2026-08-06T16:58:39.887+03:00,29.472758,V2_EXTENSION,Starting forward pitch hold target=-10.0 deg duration=10.0 s,7,1,10.0,10.0,0.0,0.0,-5.200000173162304,356.9999996891463,1500,1381,1500,1500,1500,1381,1660,1500,0.0,-10.0,-4.799999826837696
2026-08-06T16:58:39.934+03:00,29.518889,V2_EXTENSION,Starting forward pitch hold target=-10.0 deg duration=10.0 s,7,1,10.0,10.0,0.0,0.0,-5.200000173162304,356.9999996891463,1500,1381,1500,1500,1500,1381,1660,1500,0.0,-10.0,-4.799999826837696
2026-08-06T16:58:39.939+03:00,29.524280,V2_EXTENSION,Starting forward pitch hold target=-10.0 deg duration=10.0 s,7,1,10.0,10.0,0.0,0.0,-5.200000173162304,356.9999996891463,1500,1381,1500,1500,1500,1381,1660,1500,0.0,-10.0,-4.799999826837696
2026-08-06T16:58:39.990+03:00,29.575585,V2_EXTENSION,Starting forward pitch hold target=-10.0 deg duration=10.0 s,7,1,10.0,10.0,0.0,0.0,-5.200000173162304,356.9999996891463,1500,1381,1500,1500,1500,1381,1660,1500,0.0,-10.0,-4.799999826837696
2026-08-06T16:58:40.031+03:00,29.616535,V2_EXTENSION,Starting forward pitch hold target=-10.0 deg duration=10.0 s,7,1,10.0,10.0,0.0,0.0,-5.200000173162304,356.9999996891463,1500,1381,1500,1500,1500,1381,1660,1500,0.0,-10.0,-4.799999826837696
2026-08-06T16:58:40.042+03:00,29.627023,V2_EXTENSION,Starting forward pitch hold target=-10.0 deg duration=10.0 s,7,1,10.0,10.0,0.0,0.0,-5.200000173162304,356.9999996891463,1500,1381,1500,1500,1500,1381,1660,1500,0.0,-10.0,-4.799999826837696
2026-08-06T16:58:40.088+03:00,29.673147,V2_EXTENSION,Starting forward pitch hold target=-10.0 deg duration=10.0 s,7,1,10.0,10.0,0.0,0.0,-5.200000173162304,356.9999996891463,1500,1381,1500,1500,1500,1381,1660,1500,0.0,-10.0,-4.799999826837696
2026-08-06T16:58:40.134+03:00,29.719359,V2_EXTENSION,Starting forward pitch hold target=-10.0 deg duration=10.0 s,7,1,10.0,10.0,0.0,0.0,-5.200000173162304,356.9999996891463,1500,1381,1500,1500,1500,1381,1660,1500,0.0,-10.0,-4.799999826837696
2026-08-06T16:58:40.139+03:00,29.724735,V2_EXTENSION,Starting forward pitch hold target=-10.0 deg duration=10.0 s,7,1,10.0,10.0,0.0,0.0,-5.200000173162304,356.9999996891463,1500,1381,1500,1500,1500,1381,1660,1500,0.0,-10.0,-4.799999826837696
2026-08-06T16:58:40.191+03:00,29.776228,V2_EXTENSION,Starting forward pitch hold target=-10.0 deg duration=10.0 s,7,1,10.0,10.0,0.0,0.0,-5.200000173162304,356.9999996891463,1500,1381,1500,1500,1500,1381,1660,1500,0.0,-10.0,-4.799999826837696
2026-08-06T16:58:40.232+03:00,29.817214,V2_EXTENSION,Starting forward pitch hold target=-10.0 deg duration=10.0 s,7,1,10.0,10.0,0.0,0.0,-5.200000173162304,356.9999996891463,1500,1381,1500,1500,1500,1381,1660,1500,0.0,-10.0,-4.799999826837696
2026-08-06T16:58:40.242+03:00,29.827785,V2_EXTENSION,Starting forward pitch hold target=-10.0 deg duration=10.0 s,7,1,10.0,10.0,0.0,0.0,-5.200000173162304,356.9999996891463,1500,1381,1500,1500,1500,1381,1660,1500,0.0,-10.0,-4.799999826837696
2026-08-06T16:58:40.263+03:00,29.848401,GLOBAL_POSITION_INT,Centering pitch and waiting for attitude recovery,7,1,10.0,10.0,0.0,0.0,-5.200000173162304,356.9999996891463,1500,1500,1500,1500,1500,1381,1660,1500,0.0,-10.0,-4.799999826837696
2026-08-06T16:58:40.263+03:00,29.848505,ATTITUDE,Centering pitch and waiting for attitude recovery,7,1,10.0,10.0,0.0,0.0,-5.200000173162304,356.9999996891463,1500,1500,1500,1500,1500,1381,1660,1500,0.0,-10.0,-4.799999826837696
2026-08-06T16:58:40.263+03:00,29.848640,RC_CHANNELS,Centering pitch and waiting for attitude recovery,7,1,10.0,10.0,0.0,0.0,-5.200000173162304,356.9999996891463,1500,1500,1500,1500,1500,1381,1660,1500,0.0,-10.0,-4.799999826837696
2026-08-06T16:58:40.289+03:00,29.874849,V2_EXTENSION,Centering pitch and waiting for attitude recovery,7,1,10.0,10.0,0.0,0.0,-5.200000173162304,356.9999996891463,1500,1500,1500,1500,1500,1381,1660,1500,0.0,-10.0,-4.799999826837696
2026-08-06T16:58:40.336+03:00,29.921179,V2_EXTENSION,Centering pitch and waiting for attitude recovery,7,1,10.0,10.0,0.0,0.0,-5.200000173162304,356.9999996891463,1500,1500,1500,1500,1500,1500,1660,1500,0.0,-10.0,-4.799999826837696
2026-08-06T16:58:40.341+03:00,29.926644,V2_EXTENSION,Centering pitch and waiting for attitude recovery,7,1,10.0,10.0,0.0,0.0,-5.200000173162304,356.9999996891463,1500,1500,1500,1500,1500,1500,1660,1500,0.0,-10.0,-4.799999826837696
2026-08-06T16:58:40.393+03:00,29.977932,V2_EXTENSION,Centering pitch and waiting for attitude recovery,7,1,10.0,10.0,0.0,0.0,-5.200000173162304,356.9999996891463,1500,1500,1500,1500,1500,1500,1660,1500,0.0,-10.0,-4.799999826837696
2026-08-06T16:58:40.434+03:00,30.018913,V2_EXTENSION,Centering pitch and waiting for attitude recovery,7,1,10.0,10.0,0.0,0.0,-5.200000173162304,356.9999996891463,1500,1500,1500,1500,1500,1500,1660,1500,0.0,-10.0,-4.799999826837696
2026-08-06T16:58:40.439+03:00,30.024285,V2_EXTENSION,Centering pitch and waiting for attitude recovery,7,1,10.0,10.0,0.0,0.0,-5.200000173162304,356.9999996891463,1500,1500,1500,1500,1500,1500,1660,1500,0.0,-10.0,-4.799999826837696
2026-08-06T16:58:40.490+03:00,30.075620,V2_EXTENSION,Centering pitch and waiting for attitude recovery,7,1,10.0,10.0,0.0,0.0,-5.200000173162304,356.9999996891463,1500,1500,1500,1500,1500,1500,1660,1500,0.0,-10.0,-4.799999826837696
2026-08-06T16:58:40.531+03:00,30.116603,V2_EXTENSION,Centering pitch and waiting for attitude recovery,7,1,10.0,10.0,0.0,0.0,-5.200000173162304,356.9999996891463,1500,1500,1500,1500,1500,1500,1660,1500,0.0,-10.0,-4.799999826837696
2026-08-06T16:58:40.542+03:00,30.127046,V2_EXTENSION,Centering pitch and waiting for attitude recovery,7,1,10.0,10.0,0.0,0.0,-5.200000173162304,356.9999996891463,1500,1500,1500,1500,1500,1500,1660,1500,0.0,-10.0,-4.799999826837696
2026-08-06T16:58:40.593+03:00,30.178325,V2_EXTENSION,Centering pitch and waiting for attitude recovery,7,1,10.0,10.0,0.0,0.0,-5.200000173162304,356.9999996891463,1500,1500,1500,1500,1500,1500,1660,1500,0.0,-10.0,-4.799999826837696
2026-08-06T16:58:40.634+03:00,30.219357,V2_EXTENSION,Centering pitch and waiting for attitude recovery,7,1,10.0,10.0,0.0,0.0,-5.200000173162304,356.9999996891463,1500,1500,1500,1500,1500,1500,1660,1500,0.0,-10.0,-4.799999826837696
2026-08-06T16:58:40.639+03:00,30.224704,V2_EXTENSION,Centering pitch and waiting for attitude recovery,7,1,10.0,10.0,0.0,0.0,-5.200000173162304,356.9999996891463,1500,1500,1500,1500,1500,1500,1660,1500,0.0,-10.0,-4.799999826837696
2026-08-06T16:58:40.691+03:00,30.275983,V2_EXTENSION,Centering pitch and waiting for attitude recovery,7,1,10.0,10.0,0.0,0.0,-5.200000173162304,356.9999996891463,1500,1500,1500,1500,1500,1500,1660,1500,0.0,-10.0,-4.799999826837696
2026-08-06T16:58:40.732+03:00,30.316994,V2_EXTENSION,Centering pitch and waiting for attitude recovery,7,1,10.0,10.0,0.0,0.0,-5.200000173162304,356.9999996891463,1500,1500,1500,1500,1500,1500,1655,1500,0.0,-10.0,-4.799999826837696
2026-08-06T16:58:40.742+03:00,30.327803,V2_EXTENSION,Centering pitch and waiting for attitude recovery,7,1,10.0,10.0,0.0,0.0,-5.200000173162304,356.9999996891463,1500,1500,1500,1500,1500,1500,1655,1500,0.0,-10.0,-4.799999826837696
2026-08-06T16:58:40.763+03:00,30.348616,GLOBAL_POSITION_INT,Centering pitch and waiting for attitude recovery,7,1,10.0,10.03,0.059980715599223376,0.0,-5.200000173162304,356.9999996891463,1500,1500,1500,1500,1500,1500,1655,1500,-0.02999999999999936,-10.0,-4.799999826837696
2026-08-06T16:58:40.763+03:00,30.348818,ATTITUDE,Centering pitch and waiting for attitude recovery,7,1,10.0,10.03,0.059980715599223376,0.0,2.300000035544209,356.9999996891463,1500,1500,1500,1500,1500,1500,1655,1500,-0.02999999999999936,-10.0,-12.300000035544208
2026-08-06T16:58:40.764+03:00,30.348979,RC_CHANNELS,Centering pitch and waiting for attitude recovery,7,1,10.0,10.03,0.059980715599223376,0.0,2.300000035544209,356.9999996891463,1500,1500,1500,1500,1500,1500,1655,1500,-0.02999999999999936,-10.0,-12.300000035544208
2026-08-06T16:58:40.795+03:00,30.379926,V2_EXTENSION,Centering pitch and waiting for attitude recovery,7,1,10.0,10.03,0.059980715599223376,0.0,2.300000035544209,356.9999996891463,1500,1500,1500,1500,1500,1500,1655,1500,-0.02999999999999936,-10.0,-12.300000035544208
2026-08-06T16:58:40.836+03:00,30.421195,V2_EXTENSION,Centering pitch and waiting for attitude recovery,7,1,10.0,10.03,0.059980715599223376,0.0,2.300000035544209,356.9999996891463,1500,1500,1500,1500,1500,1500,1655,1500,-0.02999999999999936,-10.0,-12.300000035544208
2026-08-06T16:58:40.841+03:00,30.426708,V2_EXTENSION,Centering pitch and waiting for attitude recovery,7,1,10.0,10.03,0.059980715599223376,0.0,2.300000035544209,356.9999996891463,1500,1500,1500,1500,1500,1500,1655,1500,-0.02999999999999936,-10.0,-12.300000035544208
2026-08-06T16:58:40.893+03:00,30.478136,V2_EXTENSION,Centering pitch and waiting for attitude recovery,7,1,10.0,10.03,0.059980715599223376,0.0,2.300000035544209,356.9999996891463,1500,1500,1500,1500,1500,1500,1655,1500,-0.02999999999999936,-10.0,-12.300000035544208
2026-08-06T16:58:40.934+03:00,30.519259,V2_EXTENSION,Centering pitch and waiting for attitude recovery,7,1,10.0,10.03,0.059980715599223376,0.0,2.300000035544209,356.9999996891463,1500,1500,1500,1500,1500,1500,1653,1500,-0.02999999999999936,-10.0,-12.300000035544208
2026-08-06T16:58:40.944+03:00,30.529768,V2_EXTENSION,Centering pitch and waiting for attitude recovery,7,1,10.0,10.03,0.059980715599223376,0.0,2.300000035544209,356.9999996891463,1500,1500,1500,1500,1500,1500,1653,1500,-0.02999999999999936,-10.0,-12.300000035544208
2026-08-06T16:58:40.991+03:00,30.576028,V2_EXTENSION,Centering pitch and waiting for attitude recovery,7,1,10.0,10.03,0.059980715599223376,0.0,2.300000035544209,356.9999996891463,1500,1500,1500,1500,1500,1500,1653,1500,-0.02999999999999936,-10.0,-12.300000035544208
2026-08-06T16:58:41.037+03:00,30.622152,V2_EXTENSION,Centering pitch and waiting for attitude recovery,7,1,10.0,10.03,0.059980715599223376,0.0,2.300000035544209,356.9999996891463,1500,1500,1500,1500,1500,1500,1653,1500,-0.02999999999999936,-10.0,-12.300000035544208
2026-08-06T16:58:41.042+03:00,30.627680,V2_EXTENSION,Centering pitch and waiting for attitude recovery,7,1,10.0,10.03,0.059980715599223376,0.0,2.300000035544209,356.9999996891463,1500,1500,1500,1500,1500,1500,1653,1500,-0.02999999999999936,-10.0,-12.300000035544208
2026-08-06T16:58:41.094+03:00,30.679033,V2_EXTENSION,Centering pitch and waiting for attitude recovery,7,1,10.0,10.03,0.059980715599223376,0.0,2.300000035544209,356.9999996891463,1500,1500,1500,1500,1500,1500,1653,1500,-0.02999999999999936,-10.0,-12.300000035544208
2026-08-06T16:58:41.135+03:00,30.720059,V2_EXTENSION,Centering pitch and waiting for attitude recovery,7,1,10.0,10.03,0.059980715599223376,0.0,2.300000035544209,356.9999996891463,1500,1500,1500,1500,1500,1500,1656,1500,-0.02999999999999936,-10.0,-12.300000035544208
2026-08-06T16:58:41.145+03:00,30.730508,V2_EXTENSION,Centering pitch and waiting for attitude recovery,7,1,10.0,10.03,0.059980715599223376,0.0,2.300000035544209,356.9999996891463,1500,1500,1500,1500,1500,1500,1656,1500,-0.02999999999999936,-10.0,-12.300000035544208
2026-08-06T16:58:41.191+03:00,30.776807,V2_EXTENSION,Centering pitch and waiting for attitude recovery,7,1,10.0,10.03,0.059980715599223376,0.0,2.300000035544209,356.9999996891463,1500,1500,1500,1500,1500,1500,1656,1500,-0.02999999999999936,-10.0,-12.300000035544208
2026-08-06T16:58:41.232+03:00,30.817780,V2_EXTENSION,Centering pitch and waiting for attitude recovery,7,1,10.0,10.03,0.059980715599223376,0.0,2.300000035544209,356.9999996891463,1500,1500,1500,1500,1500,1500,1656,1500,-0.02999999999999936,-10.0,-12.300000035544208
2026-08-06T16:58:41.243+03:00,30.828364,V2_EXTENSION,Centering pitch and waiting for attitude recovery,7,1,10.0,10.03,0.059980715599223376,0.0,2.300000035544209,356.9999996891463,1500,1500,1500,1500,1500,1500,1656,1500,-0.02999999999999936,-10.0,-12.300000035544208
2026-08-06T16:58:41.264+03:00,30.849018,GLOBAL_POSITION_INT,Centering pitch and waiting for attitude recovery,7,1,10.0,10.08,0.09991640713378236,0.0,2.300000035544209,356.9999996891463,1500,1500,1500,1500,1500,1500,1656,1500,-0.08000000000000007,-10.0,-12.300000035544208
2026-08-06T16:58:41.264+03:00,30.849153,ATTITUDE,Centering pitch and waiting for attitude recovery,7,1,10.0,10.08,0.09991640713378236,0.0,-1.3999999891550865,356.9999996891463,1500,1500,1500,1500,1500,1500,1656,1500,-0.08000000000000007,-10.0,-8.600000010844914
2026-08-06T16:58:41.264+03:00,30.849279,RC_CHANNELS,Centering pitch and waiting for attitude recovery,7,1,10.0,10.08,0.09991640713378236,0.0,-1.3999999891550865,356.9999996891463,1500,1500,1500,1500,1500,1500,1656,1500,-0.08000000000000007,-10.0,-8.600000010844914
2026-08-06T16:58:41.295+03:00,30.880316,V2_EXTENSION,Centering pitch and waiting for attitude recovery,7,1,10.0,10.08,0.09991640713378236,0.0,-1.3999999891550865,356.9999996891463,1500,1500,1500,1500,1500,1500,1656,1500,-0.08000000000000007,-10.0,-8.600000010844914
2026-08-06T16:58:41.336+03:00,30.921502,V2_EXTENSION,Centering pitch and waiting for attitude recovery,7,1,10.0,10.08,0.09991640713378236,0.0,-1.3999999891550865,356.9999996891463,1500,1500,1500,1500,1500,1500,1657,1500,-0.08000000000000007,-10.0,-8.600000010844914
2026-08-06T16:58:41.347+03:00,30.932043,V2_EXTENSION,Centering pitch and waiting for attitude recovery,7,1,10.0,10.08,0.09991640713378236,0.0,-1.3999999891550865,356.9999996891463,1500,1500,1500,1500,1500,1500,1657,1500,-0.08000000000000007,-10.0,-8.600000010844914
2026-08-06T16:58:41.393+03:00,30.978469,V2_EXTENSION,Centering pitch and waiting for attitude recovery,7,1,10.0,10.08,0.09991640713378236,0.0,-1.3999999891550865,356.9999996891463,1500,1500,1500,1500,1500,1500,1657,1500,-0.08000000000000007,-10.0,-8.600000010844914
2026-08-06T16:58:41.434+03:00,31.019498,V2_EXTENSION,Centering pitch and waiting for attitude recovery,7,1,10.0,10.08,0.09991640713378236,0.0,-1.3999999891550865,356.9999996891463,1500,1500,1500,1500,1500,1500,1654,1500,-0.08000000000000007,-10.0,-8.600000010844914
2026-08-06T16:58:41.445+03:00,31.029993,V2_EXTENSION,Centering pitch and waiting for attitude recovery,7,1,10.0,10.08,0.09991640713378236,0.0,-1.3999999891550865,356.9999996891463,1500,1500,1500,1500,1500,1500,1654,1500,-0.08000000000000007,-10.0,-8.600000010844914
2026-08-06T16:58:41.496+03:00,31.081287,V2_EXTENSION,Centering pitch and waiting for attitude recovery,7,1,10.0,10.08,0.09991640713378236,0.0,-1.3999999891550865,356.9999996891463,1500,1500,1500,1500,1500,1500,1654,1500,-0.08000000000000007,-10.0,-8.600000010844914
2026-08-06T16:58:41.537+03:00,31.122260,V2_EXTENSION,Centering pitch and waiting for attitude recovery,7,1,10.0,10.08,0.09991640713378236,0.0,-1.3999999891550865,356.9999996891463,1500,1500,1500,1500,1500,1500,1654,1500,-0.08000000000000007,-10.0,-8.600000010844914
2026-08-06T16:58:41.547+03:00,31.132739,V2_EXTENSION,Centering pitch and waiting for attitude recovery,7,1,10.0,10.08,0.09991640713378236,0.0,-1.3999999891550865,356.9999996891463,1500,1500,1500,1500,1500,1500,1654,1500,-0.08000000000000007,-10.0,-8.600000010844914
2026-08-06T16:58:41.594+03:00,31.179037,V2_EXTENSION,Centering pitch and waiting for attitude recovery,7,1,10.0,10.08,0.09991640713378236,0.0,-1.3999999891550865,356.9999996891463,1500,1500,1500,1500,1500,1500,1654,1500,-0.08000000000000007,-10.0,-8.600000010844914
2026-08-06T16:58:41.635+03:00,31.220017,V2_EXTENSION,Centering pitch and waiting for attitude recovery,7,1,10.0,10.08,0.09991640713378236,0.0,-1.3999999891550865,356.9999996891463,1500,1500,1500,1500,1500,1500,1651,1500,-0.08000000000000007,-10.0,-8.600000010844914
2026-08-06T16:58:41.645+03:00,31.230448,V2_EXTENSION,Centering pitch and waiting for attitude recovery,7,1,10.0,10.08,0.09991640713378236,0.0,-1.3999999891550865,356.9999996891463,1500,1500,1500,1500,1500,1500,1651,1500,-0.08000000000000007,-10.0,-8.600000010844914
2026-08-06T16:58:41.696+03:00,31.281673,V2_EXTENSION,Centering pitch and waiting for attitude recovery,7,1,10.0,10.08,0.09991640713378236,0.0,-1.3999999891550865,356.9999996891463,1500,1500,1500,1500,1500,1500,1651,1500,-0.08000000000000007,-10.0,-8.600000010844914
2026-08-06T16:58:41.737+03:00,31.322646,V2_EXTENSION,Centering pitch and waiting for attitude recovery,7,1,10.0,10.08,0.09991640713378236,0.0,-1.3999999891550865,356.9999996891463,1500,1500,1500,1500,1500,1500,1653,1500,-0.08000000000000007,-10.0,-8.600000010844914
2026-08-06T16:58:41.748+03:00,31.333088,V2_EXTENSION,Centering pitch and waiting for attitude recovery,7,1,10.0,10.08,0.09991640713378236,0.0,-1.3999999891550865,356.9999996891463,1500,1500,1500,1500,1500,1500,1653,1500,-0.08000000000000007,-10.0,-8.600000010844914
2026-08-06T16:58:41.768+03:00,31.353652,GLOBAL_POSITION_INT,Centering pitch and waiting for attitude recovery,7,1,10.0,10.15,0.13871321411598134,0.0,-1.3999999891550865,356.9999996891463,1500,1500,1500,1500,1500,1500,1653,1500,-0.15000000000000036,-10.0,-8.600000010844914
2026-08-06T16:58:41.768+03:00,31.353788,ATTITUDE,Centering pitch and waiting for attitude recovery,7,1,10.0,10.15,0.13871321411598134,0.0,-2.200000089679699,356.9999996891463,1500,1500,1500,1500,1500,1500,1653,1500,-0.15000000000000036,-10.0,-7.799999910320301
2026-08-06T16:58:41.769+03:00,31.353921,RC_CHANNELS,Centering pitch and waiting for attitude recovery,7,1,10.0,10.15,0.13871321411598134,0.0,-2.200000089679699,356.9999996891463,1500,1500,1500,1500,1500,1500,1653,1500,-0.15000000000000036,-10.0,-7.799999910320301
2026-08-06T16:58:41.795+03:00,31.379965,V2_EXTENSION,Switching to MANUAL and controlling descent at 0.50 m/s,7,1,10.0,10.15,0.13871321411598134,0.0,-2.200000089679699,356.9999996891463,1500,1500,1635,1500,1500,1500,1653,1500,-0.15000000000000036,-10.0,-7.799999910320301
2026-08-06T16:58:41.836+03:00,31.421119,V2_EXTENSION,Switching to MANUAL and controlling descent at 0.50 m/s,7,1,10.0,10.15,0.13871321411598134,0.0,-2.200000089679699,356.9999996891463,1500,1500,1635,1500,1500,1500,1635,1500,-0.15000000000000036,-10.0,-7.799999910320301
2026-08-06T16:58:41.846+03:00,31.431591,V2_EXTENSION,Switching to MANUAL and controlling descent at 0.50 m/s,7,1,10.0,10.15,0.13871321411598134,0.0,-2.200000089679699,356.9999996891463,1500,1500,1635,1500,1500,1500,1635,1500,-0.15000000000000036,-10.0,-7.799999910320301
2026-08-06T16:58:41.898+03:00,31.483269,V2_EXTENSION,Waiting for controlled touchdown,1,1,10.0,10.15,0.13871321411598134,0.0,-2.200000089679699,356.9999996891463,1500,1500,1628,1500,1500,1500,1635,1500,-0.15000000000000036,-10.0,-7.799999910320301
2026-08-06T16:58:41.934+03:00,31.519248,V2_EXTENSION,Waiting for controlled touchdown,1,1,10.0,10.15,0.13871321411598134,0.0,-2.200000089679699,356.9999996891463,1500,1500,1628,1500,1500,1500,1628,1500,-0.15000000000000036,-10.0,-7.799999910320301
2026-08-06T16:58:41.944+03:00,31.529770,V2_EXTENSION,Waiting for controlled touchdown,1,1,10.0,10.15,0.13871321411598134,0.0,-2.200000089679699,356.9999996891463,1500,1500,1628,1500,1500,1500,1628,1500,-0.15000000000000036,-10.0,-7.799999910320301
2026-08-06T16:58:41.996+03:00,31.581287,V2_EXTENSION,Waiting for controlled touchdown,1,1,10.0,10.15,0.13871321411598134,0.0,-2.200000089679699,356.9999996891463,1500,1500,1628,1500,1500,1500,1628,1500,-0.15000000000000036,-10.0,-7.799999910320301
2026-08-06T16:58:42.037+03:00,31.622220,V2_EXTENSION,Waiting for controlled touchdown,1,1,10.0,10.15,0.13871321411598134,0.0,-2.200000089679699,356.9999996891463,1500,1500,1628,1500,1500,1500,1628,1500,-0.15000000000000036,-10.0,-7.799999910320301
2026-08-06T16:58:42.047+03:00,31.632659,V2_EXTENSION,Waiting for controlled touchdown,1,1,10.0,10.15,0.13871321411598134,0.0,-2.200000089679699,356.9999996891463,1500,1500,1628,1500,1500,1500,1628,1500,-0.15000000000000036,-10.0,-7.799999910320301
2026-08-06T16:58:42.099+03:00,31.683954,V2_EXTENSION,Waiting for controlled touchdown,1,1,10.0,10.15,0.13871321411598134,0.0,-2.200000089679699,356.9999996891463,1500,1500,1628,1500,1500,1500,1628,1500,-0.15000000000000036,-10.0,-7.799999910320301
2026-08-06T16:58:42.134+03:00,31.719691,V2_EXTENSION,Waiting for controlled touchdown,1,1,10.0,10.15,0.13871321411598134,0.0,-2.200000089679699,356.9999996891463,1500,1500,1628,1500,1500,1500,1628,1500,-0.15000000000000036,-10.0,-7.799999910320301
2026-08-06T16:58:42.150+03:00,31.735265,V2_EXTENSION,Waiting for controlled touchdown,1,1,10.0,10.15,0.13871321411598134,0.0,-2.200000089679699,356.9999996891463,1500,1500,1628,1500,1500,1500,1628,1500,-0.15000000000000036,-10.0,-7.799999910320301
2026-08-06T16:58:42.196+03:00,31.781382,V2_EXTENSION,Waiting for controlled touchdown,1,1,10.0,10.15,0.13871321411598134,0.0,-2.200000089679699,356.9999996891463,1500,1500,1628,1500,1500,1500,1628,1500,-0.15000000000000036,-10.0,-7.799999910320301
2026-08-06T16:58:42.237+03:00,31.822331,V2_EXTENSION,Waiting for controlled touchdown,1,1,10.0,10.15,0.13871321411598134,0.0,-2.200000089679699,356.9999996891463,1500,1500,1628,1500,1500,1500,1628,1500,-0.15000000000000036,-10.0,-7.799999910320301
2026-08-06T16:58:42.248+03:00,31.832899,V2_EXTENSION,Waiting for controlled touchdown,1,1,10.0,10.15,0.13871321411598134,0.0,-2.200000089679699,356.9999996891463,1500,1500,1628,1500,1500,1500,1628,1500,-0.15000000000000036,-10.0,-7.799999910320301
2026-08-06T16:58:42.268+03:00,31.853447,GLOBAL_POSITION_INT,Waiting for controlled touchdown,1,1,10.0,10.16,0.02000848175549983,0.0,-2.200000089679699,356.9999996891463,1500,1500,1628,1500,1500,1500,1628,1500,-0.16000000000000014,-10.0,-7.799999910320301
2026-08-06T16:58:42.268+03:00,31.853560,ATTITUDE,Waiting for controlled touchdown,1,1,10.0,10.16,0.02000848175549983,0.0,-2.300000035544209,356.9999996891463,1500,1500,1628,1500,1500,1500,1628,1500,-0.16000000000000014,-10.0,-7.699999964455791
2026-08-06T16:58:42.268+03:00,31.853673,RC_CHANNELS,Waiting for controlled touchdown,1,1,10.0,10.16,0.02000848175549983,0.0,-2.300000035544209,356.9999996891463,1500,1500,1628,1500,1500,1500,1628,1500,-0.16000000000000014,-10.0,-7.699999964455791
2026-08-06T16:58:42.299+03:00,31.884575,V2_EXTENSION,Waiting for controlled touchdown,1,1,10.0,10.16,0.02000848175549983,0.0,-2.300000035544209,356.9999996891463,1500,1500,1633,1500,1500,1500,1628,1500,-0.16000000000000014,-10.0,-7.699999964455791
2026-08-06T16:58:42.335+03:00,31.920742,V2_EXTENSION,Waiting for controlled touchdown,1,1,10.0,10.16,0.02000848175549983,0.0,-2.300000035544209,356.9999996891463,1500,1500,1633,1500,1500,1500,1633,1500,-0.16000000000000014,-10.0,-7.699999964455791
2026-08-06T16:58:42.346+03:00,31.931261,V2_EXTENSION,Waiting for controlled touchdown,1,1,10.0,10.16,0.02000848175549983,0.0,-2.300000035544209,356.9999996891463,1500,1500,1633,1500,1500,1500,1633,1500,-0.16000000000000014,-10.0,-7.699999964455791
2026-08-06T16:58:42.397+03:00,31.982406,V2_EXTENSION,Waiting for controlled touchdown,1,1,10.0,10.16,0.02000848175549983,0.0,-2.300000035544209,356.9999996891463,1500,1500,1633,1500,1500,1500,1633,1500,-0.16000000000000014,-10.0,-7.699999964455791
2026-08-06T16:58:42.438+03:00,32.023277,V2_EXTENSION,Waiting for controlled touchdown,1,1,10.0,10.16,0.02000848175549983,0.0,-2.300000035544209,356.9999996891463,1500,1500,1633,1500,1500,1500,1633,1500,-0.16000000000000014,-10.0,-7.699999964455791
2026-08-06T16:58:42.448+03:00,32.033776,V2_EXTENSION,Waiting for controlled touchdown,1,1,10.0,10.16,0.02000848175549983,0.0,-2.300000035544209,356.9999996891463,1500,1500,1633,1500,1500,1500,1633,1500,-0.16000000000000014,-10.0,-7.699999964455791
2026-08-06T16:58:42.500+03:00,32.084927,V2_EXTENSION,Waiting for controlled touchdown,1,1,10.0,10.16,0.02000848175549983,0.0,-2.300000035544209,356.9999996891463,1500,1500,1633,1500,1500,1500,1633,1500,-0.16000000000000014,-10.0,-7.699999964455791
2026-08-06T16:58:42.535+03:00,32.120779,V2_EXTENSION,Waiting for controlled touchdown,1,1,10.0,10.16,0.02000848175549983,0.0,-2.300000035544209,356.9999996891463,1500,1500,1633,1500,1500,1500,1633,1500,-0.16000000000000014,-10.0,-7.699999964455791
2026-08-06T16:58:42.551+03:00,32.136453,V2_EXTENSION,Waiting for controlled touchdown,1,1,10.0,10.16,0.02000848175549983,0.0,-2.300000035544209,356.9999996891463,1500,1500,1633,1500,1500,1500,1633,1500,-0.16000000000000014,-10.0,-7.699999964455791
2026-08-06T16:58:42.597+03:00,32.182629,V2_EXTENSION,Waiting for controlled touchdown,1,1,10.0,10.16,0.02000848175549983,0.0,-2.300000035544209,356.9999996891463,1500,1500,1633,1500,1500,1500,1633,1500,-0.16000000000000014,-10.0,-7.699999964455791
2026-08-06T16:58:42.638+03:00,32.223513,V2_EXTENSION,Waiting for controlled touchdown,1,1,10.0,10.16,0.02000848175549983,0.0,-2.300000035544209,356.9999996891463,1500,1500,1633,1500,1500,1500,1633,1500,-0.16000000000000014,-10.0,-7.699999964455791
2026-08-06T16:58:42.649+03:00,32.234005,V2_EXTENSION,Waiting for controlled touchdown,1,1,10.0,10.16,0.02000848175549983,0.0,-2.300000035544209,356.9999996891463,1500,1500,1633,1500,1500,1500,1633,1500,-0.16000000000000014,-10.0,-7.699999964455791
2026-08-06T16:58:42.700+03:00,32.285310,V2_EXTENSION,Waiting for controlled touchdown,1,1,10.0,10.16,0.02000848175549983,0.0,-2.300000035544209,356.9999996891463,1500,1500,1633,1500,1500,1500,1633,1500,-0.16000000000000014,-10.0,-7.699999964455791
2026-08-06T16:58:42.736+03:00,32.321315,V2_EXTENSION,Waiting for controlled touchdown,1,1,10.0,10.16,0.02000848175549983,0.0,-2.300000035544209,356.9999996891463,1500,1500,1633,1500,1500,1500,1633,1500,-0.16000000000000014,-10.0,-7.699999964455791
2026-08-06T16:58:42.751+03:00,32.336858,V2_EXTENSION,Waiting for controlled touchdown,1,1,10.0,10.16,0.02000848175549983,0.0,-2.300000035544209,356.9999996891463,1500,1500,1633,1500,1500,1500,1633,1500,-0.16000000000000014,-10.0,-7.699999964455791
2026-08-06T16:58:42.767+03:00,32.352443,GLOBAL_POSITION_INT,Waiting for controlled touchdown,1,1,10.0,10.1,-0.12025076661462472,0.0,-2.300000035544209,356.9999996891463,1500,1500,1633,1500,1500,1500,1633,1500,-0.09999999999999964,-10.0,-7.699999964455791
2026-08-06T16:58:42.767+03:00,32.352608,ATTITUDE,Waiting for controlled touchdown,1,1,10.0,10.1,-0.12025076661462472,0.0,-2.300000035544209,356.9999996891463,1500,1500,1633,1500,1500,1500,1633,1500,-0.09999999999999964,-10.0,-7.699999964455791
2026-08-06T16:58:42.767+03:00,32.352748,RC_CHANNELS,Waiting for controlled touchdown,1,1,10.0,10.1,-0.12025076661462472,0.0,-2.300000035544209,356.9999996891463,1500,1500,1633,1500,1500,1500,1633,1500,-0.09999999999999964,-10.0,-7.699999964455791
2026-08-06T16:58:42.798+03:00,32.383845,V2_EXTENSION,Waiting for controlled touchdown,1,1,10.0,10.1,-0.12025076661462472,0.0,-2.300000035544209,356.9999996891463,1500,1500,1641,1500,1500,1500,1633,1500,-0.09999999999999964,-10.0,-7.699999964455791
2026-08-06T16:58:42.840+03:00,32.424943,V2_EXTENSION,Waiting for controlled touchdown,1,1,10.0,10.1,-0.12025076661462472,0.0,-2.300000035544209,356.9999996891463,1500,1500,1641,1500,1500,1500,1641,1500,-0.09999999999999964,-10.0,-7.699999964455791
2026-08-06T16:58:42.850+03:00,32.435422,V2_EXTENSION,Waiting for controlled touchdown,1,1,10.0,10.1,-0.12025076661462472,0.0,-2.300000035544209,356.9999996891463,1500,1500,1641,1500,1500,1500,1641,1500,-0.09999999999999964,-10.0,-7.699999964455791
2026-08-06T16:58:42.901+03:00,32.486768,V2_EXTENSION,Waiting for controlled touchdown,1,1,10.0,10.1,-0.12025076661462472,0.0,-2.300000035544209,356.9999996891463,1500,1500,1641,1500,1500,1500,1641,1500,-0.09999999999999964,-10.0,-7.699999964455791
2026-08-06T16:58:42.937+03:00,32.522671,V2_EXTENSION,Waiting for controlled touchdown,1,1,10.0,10.1,-0.12025076661462472,0.0,-2.300000035544209,356.9999996891463,1500,1500,1641,1500,1500,1500,1641,1500,-0.09999999999999964,-10.0,-7.699999964455791
2026-08-06T16:58:42.948+03:00,32.533209,V2_EXTENSION,Waiting for controlled touchdown,1,1,10.0,10.1,-0.12025076661462472,0.0,-2.300000035544209,356.9999996891463,1500,1500,1641,1500,1500,1500,1641,1500,-0.09999999999999964,-10.0,-7.699999964455791
2026-08-06T16:58:42.999+03:00,32.584393,V2_EXTENSION,Waiting for controlled touchdown,1,1,10.0,10.1,-0.12025076661462472,0.0,-2.300000035544209,356.9999996891463,1500,1500,1641,1500,1500,1500,1641,1500,-0.09999999999999964,-10.0,-7.699999964455791
2026-08-06T16:58:43.035+03:00,32.620356,V2_EXTENSION,Waiting for controlled touchdown,1,1,10.0,10.1,-0.12025076661462472,0.0,-2.300000035544209,356.9999996891463,1500,1500,1641,1500,1500,1500,1641,1500,-0.09999999999999964,-10.0,-7.699999964455791
2026-08-06T16:58:43.051+03:00,32.635933,V2_EXTENSION,Waiting for controlled touchdown,1,1,10.0,10.1,-0.12025076661462472,0.0,-2.300000035544209,356.9999996891463,1500,1500,1641,1500,1500,1500,1641,1500,-0.09999999999999964,-10.0,-7.699999964455791
2026-08-06T16:58:43.102+03:00,32.687128,V2_EXTENSION,Waiting for controlled touchdown,1,1,10.0,10.1,-0.12025076661462472,0.0,-2.300000035544209,356.9999996891463,1500,1500,1641,1500,1500,1500,1641,1500,-0.09999999999999964,-10.0,-7.699999964455791
2026-08-06T16:58:43.138+03:00,32.722987,V2_EXTENSION,Waiting for controlled touchdown,1,1,10.0,10.1,-0.12025076661462472,0.0,-2.300000035544209,356.9999996891463,1500,1500,1641,1500,1500,1500,1641,1500,-0.09999999999999964,-10.0,-7.699999964455791
2026-08-06T16:58:43.153+03:00,32.738683,V2_EXTENSION,Waiting for controlled touchdown,1,1,10.0,10.1,-0.12025076661462472,0.0,-2.300000035544209,356.9999996891463,1500,1500,1641,1500,1500,1500,1641,1500,-0.09999999999999964,-10.0,-7.699999964455791
2026-08-06T16:58:43.200+03:00,32.784924,V2_EXTENSION,Waiting for controlled touchdown,1,1,10.0,10.1,-0.12025076661462472,0.0,-2.300000035544209,356.9999996891463,1500,1500,1641,1500,1500,1500,1641,1500,-0.09999999999999964,-10.0,-7.699999964455791
2026-08-06T16:58:43.235+03:00,32.820728,V2_EXTENSION,Waiting for controlled touchdown,1,1,10.0,10.1,-0.12025076661462472,0.0,-2.300000035544209,356.9999996891463,1500,1500,1641,1500,1500,1500,1641,1500,-0.09999999999999964,-10.0,-7.699999964455791
2026-08-06T16:58:43.251+03:00,32.836467,V2_EXTENSION,Waiting for controlled touchdown,1,1,10.0,10.1,-0.12025076661462472,0.0,-2.300000035544209,356.9999996891463,1500,1500,1641,1500,1500,1500,1641,1500,-0.09999999999999964,-10.0,-7.699999964455791
2026-08-06T16:58:43.267+03:00,32.851890,GLOBAL_POSITION_INT,Waiting for controlled touchdown,1,1,10.0,9.75,-0.7007193375193196,0.0,-2.300000035544209,356.9999996891463,1500,1500,1641,1500,1500,1500,1641,1500,0.25,-10.0,-7.699999964455791
2026-08-06T16:58:43.267+03:00,32.852012,ATTITUDE,Waiting for controlled touchdown,1,1,10.0,9.75,-0.7007193375193196,0.0,-0.9999999922536332,356.9999996891463,1500,1500,1641,1500,1500,1500,1641,1500,0.25,-10.0,-9.000000007746367
2026-08-06T16:58:43.267+03:00,32.852148,RC_CHANNELS,Waiting for controlled touchdown,1,1,10.0,9.75,-0.7007193375193196,0.0,-0.9999999922536332,356.9999996891463,1500,1500,1641,1500,1500,1500,1641,1500,0.25,-10.0,-9.000000007746367
2026-08-06T16:58:43.303+03:00,32.888345,V2_EXTENSION,Waiting for controlled touchdown,1,1,10.0,9.75,-0.7007193375193196,0.0,-0.9999999922536332,356.9999996891463,1500,1500,1670,1500,1500,1500,1641,1500,0.25,-10.0,-9.000000007746367
2026-08-06T16:58:43.340+03:00,32.925127,V2_EXTENSION,Waiting for controlled touchdown,1,1,10.0,9.75,-0.7007193375193196,0.0,-0.9999999922536332,356.9999996891463,1500,1500,1670,1500,1500,1500,1670,1500,0.25,-10.0,-9.000000007746367
2026-08-06T16:58:43.350+03:00,32.935634,V2_EXTENSION,Waiting for controlled touchdown,1,1,10.0,9.75,-0.7007193375193196,0.0,-0.9999999922536332,356.9999996891463,1500,1500,1670,1500,1500,1500,1670,1500,0.25,-10.0,-9.000000007746367
2026-08-06T16:58:43.401+03:00,32.986874,V2_EXTENSION,Waiting for controlled touchdown,1,1,10.0,9.75,-0.7007193375193196,0.0,-0.9999999922536332,356.9999996891463,1500,1500,1670,1500,1500,1500,1670,1500,0.25,-10.0,-9.000000007746367
2026-08-06T16:58:43.437+03:00,33.022698,V2_EXTENSION,Waiting for controlled touchdown,1,1,10.0,9.75,-0.7007193375193196,0.0,-0.9999999922536332,356.9999996891463,1500,1500,1670,1500,1500,1500,1670,1500,0.25,-10.0,-9.000000007746367
2026-08-06T16:58:43.453+03:00,33.038237,V2_EXTENSION,Waiting for controlled touchdown,1,1,10.0,9.75,-0.7007193375193196,0.0,-0.9999999922536332,356.9999996891463,1500,1500,1670,1500,1500,1500,1670,1500,0.25,-10.0,-9.000000007746367
2026-08-06T16:58:43.504+03:00,33.089548,V2_EXTENSION,Waiting for controlled touchdown,1,1,10.0,9.75,-0.7007193375193196,0.0,-0.9999999922536332,356.9999996891463,1500,1500,1670,1500,1500,1500,1670,1500,0.25,-10.0,-9.000000007746367
2026-08-06T16:58:43.540+03:00,33.125351,V2_EXTENSION,Waiting for controlled touchdown,1,1,10.0,9.75,-0.7007193375193196,0.0,-0.9999999922536332,356.9999996891463,1500,1500,1670,1500,1500,1500,1670,1500,0.25,-10.0,-9.000000007746367
2026-08-06T16:58:43.550+03:00,33.135771,V2_EXTENSION,Waiting for controlled touchdown,1,1,10.0,9.75,-0.7007193375193196,0.0,-0.9999999922536332,356.9999996891463,1500,1500,1670,1500,1500,1500,1670,1500,0.25,-10.0,-9.000000007746367
2026-08-06T16:58:43.602+03:00,33.187003,V2_EXTENSION,Waiting for controlled touchdown,1,1,10.0,9.75,-0.7007193375193196,0.0,-0.9999999922536332,356.9999996891463,1500,1500,1670,1500,1500,1500,1670,1500,0.25,-10.0,-9.000000007746367
2026-08-06T16:58:43.637+03:00,33.222748,V2_EXTENSION,Waiting for controlled touchdown,1,1,10.0,9.75,-0.7007193375193196,0.0,-0.9999999922536332,356.9999996891463,1500,1500,1670,1500,1500,1500,1670,1500,0.25,-10.0,-9.000000007746367
2026-08-06T16:58:43.653+03:00,33.238347,V2_EXTENSION,Waiting for controlled touchdown,1,1,10.0,9.75,-0.7007193375193196,0.0,-0.9999999922536332,356.9999996891463,1500,1500,1670,1500,1500,1500,1670,1500,0.25,-10.0,-9.000000007746367
2026-08-06T16:58:43.704+03:00,33.289569,V2_EXTENSION,Waiting for controlled touchdown,1,1,10.0,9.75,-0.7007193375193196,0.0,-0.9999999922536332,356.9999996891463,1500,1500,1670,1500,1500,1500,1670,1500,0.25,-10.0,-9.000000007746367
2026-08-06T16:58:43.740+03:00,33.325507,V2_EXTENSION,Waiting for controlled touchdown,1,1,10.0,9.75,-0.7007193375193196,0.0,-0.9999999922536332,356.9999996891463,1500,1500,1670,1500,1500,1500,1670,1500,0.25,-10.0,-9.000000007746367
2026-08-06T16:58:43.751+03:00,33.336103,V2_EXTENSION,Waiting for controlled touchdown,1,1,10.0,9.75,-0.7007193375193196,0.0,-0.9999999922536332,356.9999996891463,1500,1500,1670,1500,1500,1500,1670,1500,0.25,-10.0,-9.000000007746367
2026-08-06T16:58:43.766+03:00,33.351581,GLOBAL_POSITION_INT,Waiting for controlled touchdown,1,1,10.0,9.29,-0.9205703447180177,0.0,-0.9999999922536332,356.9999996891463,1500,1500,1670,1500,1500,1500,1670,1500,0.7100000000000009,-10.0,-9.000000007746367
2026-08-06T16:58:43.766+03:00,33.351697,ATTITUDE,Waiting for controlled touchdown,1,1,10.0,9.29,-0.9205703447180177,0.0,0.19999999845072666,356.9999996891463,1500,1500,1670,1500,1500,1500,1670,1500,0.7100000000000009,-10.0,-10.199999998450727
2026-08-06T16:58:43.766+03:00,33.351845,RC_CHANNELS,Waiting for controlled touchdown,1,1,10.0,9.29,-0.9205703447180177,0.0,0.19999999845072666,356.9999996891463,1500,1500,1670,1500,1500,1500,1670,1500,0.7100000000000009,-10.0,-10.199999998450727
2026-08-06T16:58:43.802+03:00,33.387877,V2_EXTENSION,Waiting for controlled touchdown,1,1,10.0,9.29,-0.9205703447180177,0.0,0.19999999845072666,356.9999996891463,1500,1500,1681,1500,1500,1500,1670,1500,0.7100000000000009,-10.0,-10.199999998450727
2026-08-06T16:58:43.839+03:00,33.423891,V2_EXTENSION,Waiting for controlled touchdown,1,1,10.0,9.29,-0.9205703447180177,0.0,0.19999999845072666,356.9999996891463,1500,1500,1681,1500,1500,1500,1681,1500,0.7100000000000009,-10.0,-10.199999998450727
2026-08-06T16:58:43.854+03:00,33.439522,V2_EXTENSION,Waiting for controlled touchdown,1,1,10.0,9.29,-0.9205703447180177,0.0,0.19999999845072666,356.9999996891463,1500,1500,1681,1500,1500,1500,1681,1500,0.7100000000000009,-10.0,-10.199999998450727
2026-08-06T16:58:43.905+03:00,33.490839,V2_EXTENSION,Waiting for controlled touchdown,1,1,10.0,9.29,-0.9205703447180177,0.0,0.19999999845072666,356.9999996891463,1500,1500,1681,1500,1500,1500,1681,1500,0.7100000000000009,-10.0,-10.199999998450727
2026-08-06T16:58:43.941+03:00,33.526742,V2_EXTENSION,Waiting for controlled touchdown,1,1,10.0,9.29,-0.9205703447180177,0.0,0.19999999845072666,356.9999996891463,1500,1500,1681,1500,1500,1500,1681,1500,0.7100000000000009,-10.0,-10.199999998450727
2026-08-06T16:58:43.952+03:00,33.537294,V2_EXTENSION,Waiting for controlled touchdown,1,1,10.0,9.29,-0.9205703447180177,0.0,0.19999999845072666,356.9999996891463,1500,1500,1681,1500,1500,1500,1681,1500,0.7100000000000009,-10.0,-10.199999998450727
2026-08-06T16:58:44.003+03:00,33.588543,V2_EXTENSION,Waiting for controlled touchdown,1,1,10.0,9.29,-0.9205703447180177,0.0,0.19999999845072666,356.9999996891463,1500,1500,1681,1500,1500,1500,1681,1500,0.7100000000000009,-10.0,-10.199999998450727
2026-08-06T16:58:44.039+03:00,33.624403,V2_EXTENSION,Waiting for controlled touchdown,1,1,10.0,9.29,-0.9205703447180177,0.0,0.19999999845072666,356.9999996891463,1500,1500,1681,1500,1500,1500,1681,1500,0.7100000000000009,-10.0,-10.199999998450727
2026-08-06T16:58:44.055+03:00,33.639913,V2_EXTENSION,Waiting for controlled touchdown,1,1,10.0,9.29,-0.9205703447180177,0.0,0.19999999845072666,356.9999996891463,1500,1500,1681,1500,1500,1500,1681,1500,0.7100000000000009,-10.0,-10.199999998450727
2026-08-06T16:58:44.106+03:00,33.691194,V2_EXTENSION,Waiting for controlled touchdown,1,1,10.0,9.29,-0.9205703447180177,0.0,0.19999999845072666,356.9999996891463,1500,1500,1681,1500,1500,1500,1681,1500,0.7100000000000009,-10.0,-10.199999998450727
2026-08-06T16:58:44.142+03:00,33.727090,V2_EXTENSION,Waiting for controlled touchdown,1,1,10.0,9.29,-0.9205703447180177,0.0,0.19999999845072666,356.9999996891463,1500,1500,1681,1500,1500,1500,1681,1500,0.7100000000000009,-10.0,-10.199999998450727
2026-08-06T16:58:44.152+03:00,33.737498,V2_EXTENSION,Waiting for controlled touchdown,1,1,10.0,9.29,-0.9205703447180177,0.0,0.19999999845072666,356.9999996891463,1500,1500,1681,1500,1500,1500,1681,1500,0.7100000000000009,-10.0,-10.199999998450727
2026-08-06T16:58:44.203+03:00,33.788829,V2_EXTENSION,Waiting for controlled touchdown,1,1,10.0,9.29,-0.9205703447180177,0.0,0.19999999845072666,356.9999996891463,1500,1500,1681,1500,1500,1500,1681,1500,0.7100000000000009,-10.0,-10.199999998450727
2026-08-06T16:58:44.239+03:00,33.824650,V2_EXTENSION,Waiting for controlled touchdown,1,1,10.0,9.29,-0.9205703447180177,0.0,0.19999999845072666,356.9999996891463,1500,1500,1681,1500,1500,1500,1681,1500,0.7100000000000009,-10.0,-10.199999998450727
2026-08-06T16:58:44.255+03:00,33.840177,V2_EXTENSION,Waiting for controlled touchdown,1,1,10.0,9.29,-0.9205703447180177,0.0,0.19999999845072666,356.9999996891463,1500,1500,1681,1500,1500,1500,1681,1500,0.7100000000000009,-10.0,-10.199999998450727
2026-08-06T16:58:44.265+03:00,33.850635,GLOBAL_POSITION_INT,Waiting for controlled touchdown,1,1,10.0,8.92,-0.7414051348299961,0.0,0.19999999845072666,356.9999996891463,1500,1500,1681,1500,1500,1500,1681,1500,1.08,-10.0,-10.199999998450727
2026-08-06T16:58:44.265+03:00,33.850766,ATTITUDE,Waiting for controlled touchdown,1,1,10.0,8.92,-0.7414051348299961,0.0,1.300000043290576,356.9999996891463,1500,1500,1681,1500,1500,1500,1681,1500,1.08,-10.0,-11.300000043290575
2026-08-06T16:58:44.266+03:00,33.850922,RC_CHANNELS,Waiting for controlled touchdown,1,1,10.0,8.92,-0.7414051348299961,0.0,1.300000043290576,356.9999996891463,1500,1500,1681,1500,1500,1500,1681,1500,1.08,-10.0,-11.300000043290575
2026-08-06T16:58:44.307+03:00,33.892056,V2_EXTENSION,Waiting for controlled touchdown,1,1,10.0,8.92,-0.7414051348299961,0.0,1.300000043290576,356.9999996891463,1500,1500,1672,1500,1500,1500,1681,1500,1.08,-10.0,-11.300000043290575
2026-08-06T16:58:44.337+03:00,33.922869,V2_EXTENSION,Waiting for controlled touchdown,1,1,10.0,8.92,-0.7414051348299961,0.0,1.300000043290576,356.9999996891463,1500,1500,1672,1500,1500,1500,1672,1500,1.08,-10.0,-11.300000043290575
2026-08-06T16:58:44.353+03:00,33.938666,V2_EXTENSION,Waiting for controlled touchdown,1,1,10.0,8.92,-0.7414051348299961,0.0,1.300000043290576,356.9999996891463,1500,1500,1672,1500,1500,1500,1672,1500,1.08,-10.0,-11.300000043290575
2026-08-06T16:58:44.405+03:00,33.989957,V2_EXTENSION,Waiting for controlled touchdown,1,1,10.0,8.92,-0.7414051348299961,0.0,1.300000043290576,356.9999996891463,1500,1500,1672,1500,1500,1500,1672,1500,1.08,-10.0,-11.300000043290575
2026-08-06T16:58:44.440+03:00,34.025819,V2_EXTENSION,Waiting for controlled touchdown,1,1,10.0,8.92,-0.7414051348299961,0.0,1.300000043290576,356.9999996891463,1500,1500,1672,1500,1500,1500,1672,1500,1.08,-10.0,-11.300000043290575
2026-08-06T16:58:44.456+03:00,34.041516,V2_EXTENSION,Waiting for controlled touchdown,1,1,10.0,8.92,-0.7414051348299961,0.0,1.300000043290576,356.9999996891463,1500,1500,1672,1500,1500,1500,1672,1500,1.08,-10.0,-11.300000043290575
2026-08-06T16:58:44.507+03:00,34.092839,V2_EXTENSION,Waiting for controlled touchdown,1,1,10.0,8.92,-0.7414051348299961,0.0,1.300000043290576,356.9999996891463,1500,1500,1672,1500,1500,1500,1672,1500,1.08,-10.0,-11.300000043290575
2026-08-06T16:58:44.538+03:00,34.123528,V2_EXTENSION,Waiting for controlled touchdown,1,1,10.0,8.92,-0.7414051348299961,0.0,1.300000043290576,356.9999996891463,1500,1500,1672,1500,1500,1500,1672,1500,1.08,-10.0,-11.300000043290575
2026-08-06T16:58:44.554+03:00,34.139080,V2_EXTENSION,Waiting for controlled touchdown,1,1,10.0,8.92,-0.7414051348299961,0.0,1.300000043290576,356.9999996891463,1500,1500,1672,1500,1500,1500,1672,1500,1.08,-10.0,-11.300000043290575
2026-08-06T16:58:44.605+03:00,34.190417,V2_EXTENSION,Waiting for controlled touchdown,1,1,10.0,8.92,-0.7414051348299961,0.0,1.300000043290576,356.9999996891463,1500,1500,1672,1500,1500,1500,1672,1500,1.08,-10.0,-11.300000043290575
2026-08-06T16:58:44.641+03:00,34.226244,V2_EXTENSION,Waiting for controlled touchdown,1,1,10.0,8.92,-0.7414051348299961,0.0,1.300000043290576,356.9999996891463,1500,1500,1672,1500,1500,1500,1672,1500,1.08,-10.0,-11.300000043290575
2026-08-06T16:58:44.657+03:00,34.241915,V2_EXTENSION,Waiting for controlled touchdown,1,1,10.0,8.92,-0.7414051348299961,0.0,1.300000043290576,356.9999996891463,1500,1500,1672,1500,1500,1500,1672,1500,1.08,-10.0,-11.300000043290575
2026-08-06T16:58:44.708+03:00,34.293338,V2_EXTENSION,Waiting for controlled touchdown,1,1,10.0,8.92,-0.7414051348299961,0.0,1.300000043290576,356.9999996891463,1500,1500,1672,1500,1500,1500,1672,1500,1.08,-10.0,-11.300000043290575
2026-08-06T16:58:44.739+03:00,34.324152,V2_EXTENSION,Waiting for controlled touchdown,1,1,10.0,8.92,-0.7414051348299961,0.0,1.300000043290576,356.9999996891463,1500,1500,1672,1500,1500,1500,1672,1500,1.08,-10.0,-11.300000043290575
2026-08-06T16:58:44.754+03:00,34.339656,V2_EXTENSION,Waiting for controlled touchdown,1,1,10.0,8.92,-0.7414051348299961,0.0,1.300000043290576,356.9999996891463,1500,1500,1672,1500,1500,1500,1672,1500,1.08,-10.0,-11.300000043290575
2026-08-06T16:58:44.765+03:00,34.350063,GLOBAL_POSITION_INT,Waiting for controlled touchdown,1,1,10.0,8.56,-0.7208328819962201,0.0,1.300000043290576,356.9999996891463,1500,1500,1672,1500,1500,1500,1672,1500,1.4399999999999995,-10.0,-11.300000043290575
2026-08-06T16:58:44.765+03:00,34.350180,ATTITUDE,Waiting for controlled touchdown,1,1,10.0,8.56,-0.7208328819962201,0.0,1.3999999891550865,356.9999996891463,1500,1500,1672,1500,1500,1500,1672,1500,1.4399999999999995,-10.0,-11.399999989155086
2026-08-06T16:58:44.765+03:00,34.350297,RC_CHANNELS,Waiting for controlled touchdown,1,1,10.0,8.56,-0.7208328819962201,0.0,1.3999999891550865,356.9999996891463,1500,1500,1672,1500,1500,1500,1672,1500,1.4399999999999995,-10.0,-11.399999989155086
2026-08-06T16:58:44.806+03:00,34.391692,V2_EXTENSION,Waiting for controlled touchdown,1,1,10.0,8.56,-0.7208328819962201,0.0,1.3999999891550865,356.9999996891463,1500,1500,1671,1500,1500,1500,1672,1500,1.4399999999999995,-10.0,-11.399999989155086
2026-08-06T16:58:44.842+03:00,34.427804,V2_EXTENSION,Waiting for controlled touchdown,1,1,10.0,8.56,-0.7208328819962201,0.0,1.3999999891550865,356.9999996891463,1500,1500,1671,1500,1500,1500,1671,1500,1.4399999999999995,-10.0,-11.399999989155086
2026-08-06T16:58:44.858+03:00,34.443525,V2_EXTENSION,Waiting for controlled touchdown,1,1,10.0,8.56,-0.7208328819962201,0.0,1.3999999891550865,356.9999996891463,1500,1500,1671,1500,1500,1500,1671,1500,1.4399999999999995,-10.0,-11.399999989155086
2026-08-06T16:58:44.904+03:00,34.489667,V2_EXTENSION,Waiting for controlled touchdown,1,1,10.0,8.56,-0.7208328819962201,0.0,1.3999999891550865,356.9999996891463,1500,1500,1671,1500,1500,1500,1671,1500,1.4399999999999995,-10.0,-11.399999989155086
2026-08-06T16:58:44.940+03:00,34.525603,V2_EXTENSION,Waiting for controlled touchdown,1,1,10.0,8.56,-0.7208328819962201,0.0,1.3999999891550865,356.9999996891463,1500,1500,1671,1500,1500,1500,1671,1500,1.4399999999999995,-10.0,-11.399999989155086
2026-08-06T16:58:44.956+03:00,34.541169,V2_EXTENSION,Waiting for controlled touchdown,1,1,10.0,8.56,-0.7208328819962201,0.0,1.3999999891550865,356.9999996891463,1500,1500,1671,1500,1500,1500,1671,1500,1.4399999999999995,-10.0,-11.399999989155086
2026-08-06T16:58:45.007+03:00,34.592568,V2_EXTENSION,Waiting for controlled touchdown,1,1,10.0,8.56,-0.7208328819962201,0.0,1.3999999891550865,356.9999996891463,1500,1500,1671,1500,1500,1500,1671,1500,1.4399999999999995,-10.0,-11.399999989155086
2026-08-06T16:58:45.043+03:00,34.628425,V2_EXTENSION,Waiting for controlled touchdown,1,1,10.0,8.56,-0.7208328819962201,0.0,1.3999999891550865,356.9999996891463,1500,1500,1671,1500,1500,1500,1671,1500,1.4399999999999995,-10.0,-11.399999989155086
2026-08-06T16:58:45.059+03:00,34.643988,V2_EXTENSION,Waiting for controlled touchdown,1,1,10.0,8.56,-0.7208328819962201,0.0,1.3999999891550865,356.9999996891463,1500,1500,1671,1500,1500,1500,1671,1500,1.4399999999999995,-10.0,-11.399999989155086
2026-08-06T16:58:45.110+03:00,34.695290,V2_EXTENSION,Waiting for controlled touchdown,1,1,10.0,8.56,-0.7208328819962201,0.0,1.3999999891550865,356.9999996891463,1500,1500,1671,1500,1500,1500,1671,1500,1.4399999999999995,-10.0,-11.399999989155086
2026-08-06T16:58:45.141+03:00,34.726024,V2_EXTENSION,Waiting for controlled touchdown,1,1,10.0,8.56,-0.7208328819962201,0.0,1.3999999891550865,356.9999996891463,1500,1500,1671,1500,1500,1500,1671,1500,1.4399999999999995,-10.0,-11.399999989155086
2026-08-06T16:58:45.156+03:00,34.741575,V2_EXTENSION,Waiting for controlled touchdown,1,1,10.0,8.56,-0.7208328819962201,0.0,1.3999999891550865,356.9999996891463,1500,1500,1671,1500,1500,1500,1671,1500,1.4399999999999995,-10.0,-11.399999989155086
2026-08-06T16:58:45.207+03:00,34.792851,V2_EXTENSION,Waiting for controlled touchdown,1,1,10.0,8.56,-0.7208328819962201,0.0,1.3999999891550865,356.9999996891463,1500,1500,1671,1500,1500,1500,1671,1500,1.4399999999999995,-10.0,-11.399999989155086
2026-08-06T16:58:45.243+03:00,34.828620,V2_EXTENSION,Waiting for controlled touchdown,1,1,10.0,8.56,-0.7208328819962201,0.0,1.3999999891550865,356.9999996891463,1500,1500,1671,1500,1500,1500,1671,1500,1.4399999999999995,-10.0,-11.399999989155086
2026-08-06T16:58:45.259+03:00,34.844315,V2_EXTENSION,Waiting for controlled touchdown,1,1,10.0,8.56,-0.7208328819962201,0.0,1.3999999891550865,356.9999996891463,1500,1500,1671,1500,1500,1500,1671,1500,1.4399999999999995,-10.0,-11.399999989155086
2026-08-06T16:58:45.269+03:00,34.854727,GLOBAL_POSITION_INT,Waiting for controlled touchdown,1,1,10.0,8.33,-0.4557297475990033,0.0,1.3999999891550865,356.9999996891463,1500,1500,1671,1500,1500,1500,1671,1500,1.67,-10.0,-11.399999989155086
2026-08-06T16:58:45.269+03:00,34.854822,ATTITUDE,Waiting for controlled touchdown,1,1,10.0,8.33,-0.4557297475990033,0.0,0.7999999938029067,356.9999996891463,1500,1500,1671,1500,1500,1500,1671,1500,1.67,-10.0,-10.799999993802906
2026-08-06T16:58:45.270+03:00,34.854926,RC_CHANNELS,Waiting for controlled touchdown,1,1,10.0,8.33,-0.4557297475990033,0.0,0.7999999938029067,356.9999996891463,1500,1500,1671,1500,1500,1500,1671,1500,1.67,-10.0,-10.799999993802906
2026-08-06T16:58:45.311+03:00,34.896005,V2_EXTENSION,Waiting for controlled touchdown,1,1,10.0,8.33,-0.4557297475990033,0.0,0.7999999938029067,356.9999996891463,1500,1500,1657,1500,1500,1500,1671,1500,1.67,-10.0,-10.799999993802906
2026-08-06T16:58:45.342+03:00,34.926969,V2_EXTENSION,Waiting for controlled touchdown,1,1,10.0,8.33,-0.4557297475990033,0.0,0.7999999938029067,356.9999996891463,1500,1500,1657,1500,1500,1500,1657,1500,1.67,-10.0,-10.799999993802906
2026-08-06T16:58:45.357+03:00,34.942672,V2_EXTENSION,Waiting for controlled touchdown,1,1,10.0,8.33,-0.4557297475990033,0.0,0.7999999938029067,356.9999996891463,1500,1500,1657,1500,1500,1500,1657,1500,1.67,-10.0,-10.799999993802906
2026-08-06T16:58:45.409+03:00,34.993898,V2_EXTENSION,Waiting for controlled touchdown,1,1,10.0,8.33,-0.4557297475990033,0.0,0.7999999938029067,356.9999996891463,1500,1500,1657,1500,1500,1500,1657,1500,1.67,-10.0,-10.799999993802906
2026-08-06T16:58:45.439+03:00,35.024677,V2_EXTENSION,Waiting for controlled touchdown,1,1,10.0,8.33,-0.4557297475990033,0.0,0.7999999938029067,356.9999996891463,1500,1500,1657,1500,1500,1500,1657,1500,1.67,-10.0,-10.799999993802906
2026-08-06T16:58:45.460+03:00,35.045363,V2_EXTENSION,Waiting for controlled touchdown,1,1,10.0,8.33,-0.4557297475990033,0.0,0.7999999938029067,356.9999996891463,1500,1500,1657,1500,1500,1500,1657,1500,1.67,-10.0,-10.799999993802906
2026-08-06T16:58:45.511+03:00,35.096674,V2_EXTENSION,Waiting for controlled touchdown,1,1,10.0,8.33,-0.4557297475990033,0.0,0.7999999938029067,356.9999996891463,1500,1500,1657,1500,1500,1500,1657,1500,1.67,-10.0,-10.799999993802906
2026-08-06T16:58:45.542+03:00,35.127570,V2_EXTENSION,Waiting for controlled touchdown,1,1,10.0,8.33,-0.4557297475990033,0.0,0.7999999938029067,356.9999996891463,1500,1500,1657,1500,1500,1500,1657,1500,1.67,-10.0,-10.799999993802906
2026-08-06T16:58:45.558+03:00,35.143211,V2_EXTENSION,Waiting for controlled touchdown,1,1,10.0,8.33,-0.4557297475990033,0.0,0.7999999938029067,356.9999996891463,1500,1500,1657,1500,1500,1500,1657,1500,1.67,-10.0,-10.799999993802906
2026-08-06T16:58:45.609+03:00,35.194471,V2_EXTENSION,Waiting for controlled touchdown,1,1,10.0,8.33,-0.4557297475990033,0.0,0.7999999938029067,356.9999996891463,1500,1500,1657,1500,1500,1500,1657,1500,1.67,-10.0,-10.799999993802906
2026-08-06T16:58:45.640+03:00,35.225243,V2_EXTENSION,Waiting for controlled touchdown,1,1,10.0,8.33,-0.4557297475990033,0.0,0.7999999938029067,356.9999996891463,1500,1500,1657,1500,1500,1500,1657,1500,1.67,-10.0,-10.799999993802906
2026-08-06T16:58:45.661+03:00,35.245890,V2_EXTENSION,Waiting for controlled touchdown,1,1,10.0,8.33,-0.4557297475990033,0.0,0.7999999938029067,356.9999996891463,1500,1500,1657,1500,1500,1500,1657,1500,1.67,-10.0,-10.799999993802906
2026-08-06T16:58:45.712+03:00,35.297000,V2_EXTENSION,Waiting for controlled touchdown,1,1,10.0,8.33,-0.4557297475990033,0.0,0.7999999938029067,356.9999996891463,1500,1500,1657,1500,1500,1500,1657,1500,1.67,-10.0,-10.799999993802906
2026-08-06T16:58:45.743+03:00,35.327908,V2_EXTENSION,Waiting for controlled touchdown,1,1,10.0,8.33,-0.4557297475990033,0.0,0.7999999938029067,356.9999996891463,1500,1500,1657,1500,1500,1500,1657,1500,1.67,-10.0,-10.799999993802906
2026-08-06T16:58:45.758+03:00,35.343521,V2_EXTENSION,Waiting for controlled touchdown,1,1,10.0,8.33,-0.4557297475990033,0.0,0.7999999938029067,356.9999996891463,1500,1500,1657,1500,1500,1500,1657,1500,1.67,-10.0,-10.799999993802906
2026-08-06T16:58:45.769+03:00,35.353900,GLOBAL_POSITION_INT,Waiting for controlled touchdown,1,1,10.0,8.25,-0.16026715218978183,0.0,0.7999999938029067,356.9999996891463,1500,1500,1657,1500,1500,1500,1657,1500,1.75,-10.0,-10.799999993802906
2026-08-06T16:58:45.769+03:00,35.354026,ATTITUDE,Waiting for controlled touchdown,1,1,10.0,8.25,-0.16026715218978183,0.0,0.19999999845072666,356.9999996891463,1500,1500,1657,1500,1500,1500,1657,1500,1.75,-10.0,-10.199999998450727
2026-08-06T16:58:45.769+03:00,35.354166,RC_CHANNELS,Waiting for controlled touchdown,1,1,10.0,8.25,-0.16026715218978183,0.0,0.19999999845072666,356.9999996891463,1500,1500,1657,1500,1500,1500,1657,1500,1.75,-10.0,-10.199999998450727
2026-08-06T16:58:45.810+03:00,35.395378,V2_EXTENSION,Waiting for controlled touchdown,1,1,10.0,8.25,-0.16026715218978183,0.0,0.19999999845072666,356.9999996891463,1500,1500,1643,1500,1500,1500,1657,1500,1.75,-10.0,-10.199999998450727
2026-08-06T16:58:45.841+03:00,35.426308,V2_EXTENSION,Waiting for controlled touchdown,1,1,10.0,8.25,-0.16026715218978183,0.0,0.19999999845072666,356.9999996891463,1500,1500,1643,1500,1500,1500,1643,1500,1.75,-10.0,-10.199999998450727
2026-08-06T16:58:45.862+03:00,35.447013,V2_EXTENSION,Waiting for controlled touchdown,1,1,10.0,8.25,-0.16026715218978183,0.0,0.19999999845072666,356.9999996891463,1500,1500,1643,1500,1500,1500,1643,1500,1.75,-10.0,-10.199999998450727
2026-08-06T16:58:45.908+03:00,35.493354,V2_EXTENSION,Waiting for controlled touchdown,1,1,10.0,8.25,-0.16026715218978183,0.0,0.19999999845072666,356.9999996891463,1500,1500,1643,1500,1500,1500,1643,1500,1.75,-10.0,-10.199999998450727
2026-08-06T16:58:45.944+03:00,35.529256,V2_EXTENSION,Waiting for controlled touchdown,1,1,10.0,8.25,-0.16026715218978183,0.0,0.19999999845072666,356.9999996891463,1500,1500,1643,1500,1500,1500,1643,1500,1.75,-10.0,-10.199999998450727
2026-08-06T16:58:45.959+03:00,35.544817,V2_EXTENSION,Waiting for controlled touchdown,1,1,10.0,8.25,-0.16026715218978183,0.0,0.19999999845072666,356.9999996891463,1500,1500,1643,1500,1500,1500,1643,1500,1.75,-10.0,-10.199999998450727
2026-08-06T16:58:46.011+03:00,35.595950,V2_EXTENSION,Waiting for controlled touchdown,1,1,10.0,8.25,-0.16026715218978183,0.0,0.19999999845072666,356.9999996891463,1500,1500,1643,1500,1500,1500,1643,1500,1.75,-10.0,-10.199999998450727
2026-08-06T16:58:46.041+03:00,35.626667,V2_EXTENSION,Waiting for controlled touchdown,1,1,10.0,8.25,-0.16026715218978183,0.0,0.19999999845072666,356.9999996891463,1500,1500,1643,1500,1500,1500,1643,1500,1.75,-10.0,-10.199999998450727
2026-08-06T16:58:46.062+03:00,35.647468,V2_EXTENSION,Waiting for controlled touchdown,1,1,10.0,8.25,-0.16026715218978183,0.0,0.19999999845072666,356.9999996891463,1500,1500,1643,1500,1500,1500,1643,1500,1.75,-10.0,-10.199999998450727
2026-08-06T16:58:46.113+03:00,35.698737,V2_EXTENSION,Waiting for controlled touchdown,1,1,10.0,8.25,-0.16026715218978183,0.0,0.19999999845072666,356.9999996891463,1500,1500,1643,1500,1500,1500,1643,1500,1.75,-10.0,-10.199999998450727
2026-08-06T16:58:46.144+03:00,35.729520,V2_EXTENSION,Waiting for controlled touchdown,1,1,10.0,8.25,-0.16026715218978183,0.0,0.19999999845072666,356.9999996891463,1500,1500,1643,1500,1500,1500,1643,1500,1.75,-10.0,-10.199999998450727
2026-08-06T16:58:46.160+03:00,35.745235,V2_EXTENSION,Waiting for controlled touchdown,1,1,10.0,8.25,-0.16026715218978183,0.0,0.19999999845072666,356.9999996891463,1500,1500,1643,1500,1500,1500,1643,1500,1.75,-10.0,-10.199999998450727
2026-08-06T16:58:46.211+03:00,35.796620,V2_EXTENSION,Waiting for controlled touchdown,1,1,10.0,8.25,-0.16026715218978183,0.0,0.19999999845072666,356.9999996891463,1500,1500,1643,1500,1500,1500,1643,1500,1.75,-10.0,-10.199999998450727
2026-08-06T16:58:46.242+03:00,35.827396,V2_EXTENSION,Waiting for controlled touchdown,1,1,10.0,8.25,-0.16026715218978183,0.0,0.19999999845072666,356.9999996891463,1500,1500,1643,1500,1500,1500,1643,1500,1.75,-10.0,-10.199999998450727
2026-08-06T16:58:46.263+03:00,35.848031,V2_EXTENSION,Waiting for controlled touchdown,1,1,10.0,8.25,-0.16026715218978183,0.0,0.19999999845072666,356.9999996891463,1500,1500,1643,1500,1500,1500,1643,1500,1.75,-10.0,-10.199999998450727
2026-08-06T16:58:46.268+03:00,35.853233,GLOBAL_POSITION_INT,Waiting for controlled touchdown,1,1,10.0,8.15,-0.20026418450889968,0.0,0.19999999845072666,356.9999996891463,1500,1500,1643,1500,1500,1500,1643,1500,1.8499999999999996,-10.0,-10.199999998450727
2026-08-06T16:58:46.268+03:00,35.853338,ATTITUDE,Waiting for controlled touchdown,1,1,10.0,8.15,-0.20026418450889968,0.0,-0.09999999922536333,356.9999996891463,1500,1500,1643,1500,1500,1500,1643,1500,1.8499999999999996,-10.0,-9.900000000774636
2026-08-06T16:58:46.268+03:00,35.853457,RC_CHANNELS,Waiting for controlled touchdown,1,1,10.0,8.15,-0.20026418450889968,0.0,-0.09999999922536333,356.9999996891463,1500,1500,1643,1500,1500,1500,1643,1500,1.8499999999999996,-10.0,-9.900000000774636
2026-08-06T16:58:46.310+03:00,35.895024,V2_EXTENSION,Waiting for controlled touchdown,1,1,10.0,8.15,-0.20026418450889968,0.0,-0.09999999922536333,356.9999996891463,1500,1500,1645,1500,1500,1500,1643,1500,1.8499999999999996,-10.0,-9.900000000774636
2026-08-06T16:58:46.341+03:00,35.925933,V2_EXTENSION,Waiting for controlled touchdown,1,1,10.0,8.15,-0.20026418450889968,0.0,-0.09999999922536333,356.9999996891463,1500,1500,1645,1500,1500,1500,1645,1500,1.8499999999999996,-10.0,-9.900000000774636
2026-08-06T16:58:46.361+03:00,35.946614,V2_EXTENSION,Waiting for controlled touchdown,1,1,10.0,8.15,-0.20026418450889968,0.0,-0.09999999922536333,356.9999996891463,1500,1500,1645,1500,1500,1500,1645,1500,1.8499999999999996,-10.0,-9.900000000774636
2026-08-06T16:58:46.413+03:00,35.997958,V2_EXTENSION,Waiting for controlled touchdown,1,1,10.0,8.15,-0.20026418450889968,0.0,-0.09999999922536333,356.9999996891463,1500,1500,1645,1500,1500,1500,1645,1500,1.8499999999999996,-10.0,-9.900000000774636
2026-08-06T16:58:46.443+03:00,36.028737,V2_EXTENSION,Waiting for controlled touchdown,1,1,10.0,8.15,-0.20026418450889968,0.0,-0.09999999922536333,356.9999996891463,1500,1500,1645,1500,1500,1500,1645,1500,1.8499999999999996,-10.0,-9.900000000774636
2026-08-06T16:58:46.464+03:00,36.049358,V2_EXTENSION,Waiting for controlled touchdown,1,1,10.0,8.15,-0.20026418450889968,0.0,-0.09999999922536333,356.9999996891463,1500,1500,1645,1500,1500,1500,1645,1500,1.8499999999999996,-10.0,-9.900000000774636
2026-08-06T16:58:46.515+03:00,36.100529,V2_EXTENSION,Waiting for controlled touchdown,1,1,10.0,8.15,-0.20026418450889968,0.0,-0.09999999922536333,356.9999996891463,1500,1500,1645,1500,1500,1500,1645,1500,1.8499999999999996,-10.0,-9.900000000774636
2026-08-06T16:58:46.541+03:00,36.126226,V2_EXTENSION,Waiting for controlled touchdown,1,1,10.0,8.15,-0.20026418450889968,0.0,-0.09999999922536333,356.9999996891463,1500,1500,1645,1500,1500,1500,1645,1500,1.8499999999999996,-10.0,-9.900000000774636
2026-08-06T16:58:46.561+03:00,36.146842,V2_EXTENSION,Waiting for controlled touchdown,1,1,10.0,8.15,-0.20026418450889968,0.0,-0.09999999922536333,356.9999996891463,1500,1500,1645,1500,1500,1500,1645,1500,1.8499999999999996,-10.0,-9.900000000774636
2026-08-06T16:58:46.613+03:00,36.198052,V2_EXTENSION,Waiting for controlled touchdown,1,1,10.0,8.15,-0.20026418450889968,0.0,-0.09999999922536333,356.9999996891463,1500,1500,1645,1500,1500,1500,1645,1500,1.8499999999999996,-10.0,-9.900000000774636
2026-08-06T16:58:46.643+03:00,36.228760,V2_EXTENSION,Waiting for controlled touchdown,1,1,10.0,8.15,-0.20026418450889968,0.0,-0.09999999922536333,356.9999996891463,1500,1500,1645,1500,1500,1500,1645,1500,1.8499999999999996,-10.0,-9.900000000774636
2026-08-06T16:58:46.664+03:00,36.249326,V2_EXTENSION,Waiting for controlled touchdown,1,1,10.0,8.15,-0.20026418450889968,0.0,-0.09999999922536333,356.9999996891463,1500,1500,1645,1500,1500,1500,1645,1500,1.8499999999999996,-10.0,-9.900000000774636
2026-08-06T16:58:46.715+03:00,36.300605,V2_EXTENSION,Waiting for controlled touchdown,1,1,10.0,8.15,-0.20026418450889968,0.0,-0.09999999922536333,356.9999996891463,1500,1500,1645,1500,1500,1500,1645,1500,1.8499999999999996,-10.0,-9.900000000774636
2026-08-06T16:58:46.741+03:00,36.326438,V2_EXTENSION,Waiting for controlled touchdown,1,1,10.0,8.15,-0.20026418450889968,0.0,-0.09999999922536333,356.9999996891463,1500,1500,1645,1500,1500,1500,1645,1500,1.8499999999999996,-10.0,-9.900000000774636
2026-08-06T16:58:46.762+03:00,36.347164,V2_EXTENSION,Waiting for controlled touchdown,1,1,10.0,8.15,-0.20026418450889968,0.0,-0.09999999922536333,356.9999996891463,1500,1500,1645,1500,1500,1500,1645,1500,1.8499999999999996,-10.0,-9.900000000774636
2026-08-06T16:58:46.767+03:00,36.352654,GLOBAL_POSITION_INT,Waiting for controlled touchdown,1,1,10.0,7.95,-0.40053420609708235,0.0,-0.09999999922536333,356.9999996891463,1500,1500,1645,1500,1500,1500,1645,1500,2.05,-10.0,-9.900000000774636
2026-08-06T16:58:46.767+03:00,36.352871,ATTITUDE,Waiting for controlled touchdown,1,1,10.0,7.95,-0.40053420609708235,0.0,-0.3999999969014533,356.9999996891463,1500,1500,1645,1500,1500,1500,1645,1500,2.05,-10.0,-9.600000003098547
2026-08-06T16:58:46.768+03:00,36.353008,RC_CHANNELS,Waiting for controlled touchdown,1,1,10.0,7.95,-0.40053420609708235,0.0,-0.3999999969014533,356.9999996891463,1500,1500,1645,1500,1500,1500,1645,1500,2.05,-10.0,-9.600000003098547
2026-08-06T16:58:46.814+03:00,36.399558,V2_EXTENSION,Waiting for controlled touchdown,1,1,10.0,7.95,-0.40053420609708235,0.0,-0.3999999969014533,356.9999996891463,1500,1500,1655,1500,1500,1500,1645,1500,2.05,-10.0,-9.600000003098547
2026-08-06T16:58:46.845+03:00,36.430556,V2_EXTENSION,Waiting for controlled touchdown,1,1,10.0,7.95,-0.40053420609708235,0.0,-0.3999999969014533,356.9999996891463,1500,1500,1655,1500,1500,1500,1655,1500,2.05,-10.0,-9.600000003098547
2026-08-06T16:58:46.866+03:00,36.451436,V2_EXTENSION,Waiting for controlled touchdown,1,1,10.0,7.95,-0.40053420609708235,0.0,-0.3999999969014533,356.9999996891463,1500,1500,1655,1500,1500,1500,1655,1500,2.05,-10.0,-9.600000003098547
2026-08-06T16:58:46.912+03:00,36.497786,V2_EXTENSION,Waiting for controlled touchdown,1,1,10.0,7.95,-0.40053420609708235,0.0,-0.3999999969014533,356.9999996891463,1500,1500,1655,1500,1500,1500,1655,1500,2.05,-10.0,-9.600000003098547
2026-08-06T16:58:46.943+03:00,36.528591,V2_EXTENSION,Waiting for controlled touchdown,1,1,10.0,7.95,-0.40053420609708235,0.0,-0.3999999969014533,356.9999996891463,1500,1500,1655,1500,1500,1500,1655,1500,2.05,-10.0,-9.600000003098547
2026-08-06T16:58:46.964+03:00,36.549358,V2_EXTENSION,Waiting for controlled touchdown,1,1,10.0,7.95,-0.40053420609708235,0.0,-0.3999999969014533,356.9999996891463,1500,1500,1655,1500,1500,1500,1655,1500,2.05,-10.0,-9.600000003098547
2026-08-06T16:58:47.015+03:00,36.600559,V2_EXTENSION,Waiting for controlled touchdown,1,1,10.0,7.95,-0.40053420609708235,0.0,-0.3999999969014533,356.9999996891463,1500,1500,1655,1500,1500,1500,1655,1500,2.05,-10.0,-9.600000003098547
2026-08-06T16:58:47.046+03:00,36.631372,V2_EXTENSION,Waiting for controlled touchdown,1,1,10.0,7.95,-0.40053420609708235,0.0,-0.3999999969014533,356.9999996891463,1500,1500,1655,1500,1500,1500,1655,1500,2.05,-10.0,-9.600000003098547
2026-08-06T16:58:47.067+03:00,36.652076,V2_EXTENSION,Waiting for controlled touchdown,1,1,10.0,7.95,-0.40053420609708235,0.0,-0.3999999969014533,356.9999996891463,1500,1500,1655,1500,1500,1500,1655,1500,2.05,-10.0,-9.600000003098547
2026-08-06T16:58:47.113+03:00,36.698217,V2_EXTENSION,Waiting for controlled touchdown,1,1,10.0,7.95,-0.40053420609708235,0.0,-0.3999999969014533,356.9999996891463,1500,1500,1655,1500,1500,1500,1655,1500,2.05,-10.0,-9.600000003098547
2026-08-06T16:58:47.144+03:00,36.728932,V2_EXTENSION,Waiting for controlled touchdown,1,1,10.0,7.95,-0.40053420609708235,0.0,-0.3999999969014533,356.9999996891463,1500,1500,1655,1500,1500,1500,1655,1500,2.05,-10.0,-9.600000003098547
2026-08-06T16:58:47.164+03:00,36.749686,V2_EXTENSION,Waiting for controlled touchdown,1,1,10.0,7.95,-0.40053420609708235,0.0,-0.3999999969014533,356.9999996891463,1500,1500,1655,1500,1500,1500,1655,1500,2.05,-10.0,-9.600000003098547
2026-08-06T16:58:47.215+03:00,36.800767,V2_EXTENSION,Waiting for controlled touchdown,1,1,10.0,7.95,-0.40053420609708235,0.0,-0.3999999969014533,356.9999996891463,1500,1500,1655,1500,1500,1500,1655,1500,2.05,-10.0,-9.600000003098547
2026-08-06T16:58:47.246+03:00,36.831622,V2_EXTENSION,Waiting for controlled touchdown,1,1,10.0,7.95,-0.40053420609708235,0.0,-0.3999999969014533,356.9999996891463,1500,1500,1655,1500,1500,1500,1655,1500,2.05,-10.0,-9.600000003098547
2026-08-06T16:58:47.267+03:00,36.852262,V2_EXTENSION,Waiting for controlled touchdown,1,1,10.0,7.95,-0.40053420609708235,0.0,-0.3999999969014533,356.9999996891463,1500,1500,1655,1500,1500,1500,1655,1500,2.05,-10.0,-9.600000003098547
2026-08-06T16:58:47.267+03:00,36.852421,GLOBAL_POSITION_INT,Waiting for controlled touchdown,1,1,10.0,7.73,-0.4401265460046193,0.0,-0.3999999969014533,356.9999996891463,1500,1500,1655,1500,1500,1500,1655,1500,2.2699999999999996,-10.0,-9.600000003098547
2026-08-06T16:58:47.267+03:00,36.852511,ATTITUDE,Waiting for controlled touchdown,1,1,10.0,7.73,-0.4401265460046193,0.0,-0.3999999969014533,356.9999996891463,1500,1500,1655,1500,1500,1500,1655,1500,2.2699999999999996,-10.0,-9.600000003098547
2026-08-06T16:58:47.267+03:00,36.852618,RC_CHANNELS,Waiting for controlled touchdown,1,1,10.0,7.73,-0.4401265460046193,0.0,-0.3999999969014533,356.9999996891463,1500,1500,1655,1500,1500,1500,1655,1500,2.2699999999999996,-10.0,-9.600000003098547
2026-08-06T16:58:47.314+03:00,36.898953,V2_EXTENSION,Waiting for controlled touchdown,1,1,10.0,7.73,-0.4401265460046193,0.0,-0.3999999969014533,356.9999996891463,1500,1500,1657,1500,1500,1500,1655,1500,2.2699999999999996,-10.0,-9.600000003098547
2026-08-06T16:58:47.344+03:00,36.929779,V2_EXTENSION,Waiting for controlled touchdown,1,1,10.0,7.73,-0.4401265460046193,0.0,-0.3999999969014533,356.9999996891463,1500,1500,1657,1500,1500,1500,1657,1500,2.2699999999999996,-10.0,-9.600000003098547
2026-08-06T16:58:47.365+03:00,36.950532,V2_EXTENSION,Waiting for controlled touchdown,1,1,10.0,7.73,-0.4401265460046193,0.0,-0.3999999969014533,356.9999996891463,1500,1500,1657,1500,1500,1500,1657,1500,2.2699999999999996,-10.0,-9.600000003098547
2026-08-06T16:58:47.416+03:00,37.001827,V2_EXTENSION,Waiting for controlled touchdown,1,1,10.0,7.73,-0.4401265460046193,0.0,-0.3999999969014533,356.9999996891463,1500,1500,1657,1500,1500,1500,1657,1500,2.2699999999999996,-10.0,-9.600000003098547
2026-08-06T16:58:47.447+03:00,37.032593,V2_EXTENSION,Waiting for controlled touchdown,1,1,10.0,7.73,-0.4401265460046193,0.0,-0.3999999969014533,356.9999996891463,1500,1500,1657,1500,1500,1500,1657,1500,2.2699999999999996,-10.0,-9.600000003098547
2026-08-06T16:58:47.468+03:00,37.053253,V2_EXTENSION,Waiting for controlled touchdown,1,1,10.0,7.73,-0.4401265460046193,0.0,-0.3999999969014533,356.9999996891463,1500,1500,1657,1500,1500,1500,1657,1500,2.2699999999999996,-10.0,-9.600000003098547
2026-08-06T16:58:47.514+03:00,37.099411,V2_EXTENSION,Waiting for controlled touchdown,1,1,10.0,7.73,-0.4401265460046193,0.0,-0.3999999969014533,356.9999996891463,1500,1500,1657,1500,1500,1500,1657,1500,2.2699999999999996,-10.0,-9.600000003098547
2026-08-06T16:58:47.545+03:00,37.130149,V2_EXTENSION,Waiting for controlled touchdown,1,1,10.0,7.73,-0.4401265460046193,0.0,-0.3999999969014533,356.9999996891463,1500,1500,1657,1500,1500,1500,1657,1500,2.2699999999999996,-10.0,-9.600000003098547
2026-08-06T16:58:47.565+03:00,37.150777,V2_EXTENSION,Waiting for controlled touchdown,1,1,10.0,7.73,-0.4401265460046193,0.0,-0.3999999969014533,356.9999996891463,1500,1500,1657,1500,1500,1500,1657,1500,2.2699999999999996,-10.0,-9.600000003098547
2026-08-06T16:58:47.617+03:00,37.202073,V2_EXTENSION,Waiting for controlled touchdown,1,1,10.0,7.73,-0.4401265460046193,0.0,-0.3999999969014533,356.9999996891463,1500,1500,1657,1500,1500,1500,1657,1500,2.2699999999999996,-10.0,-9.600000003098547
2026-08-06T16:58:47.647+03:00,37.232770,V2_EXTENSION,Waiting for controlled touchdown,1,1,10.0,7.73,-0.4401265460046193,0.0,-0.3999999969014533,356.9999996891463,1500,1500,1657,1500,1500,1500,1657,1500,2.2699999999999996,-10.0,-9.600000003098547
2026-08-06T16:58:47.668+03:00,37.253436,V2_EXTENSION,Waiting for controlled touchdown,1,1,10.0,7.73,-0.4401265460046193,0.0,-0.3999999969014533,356.9999996891463,1500,1500,1657,1500,1500,1500,1657,1500,2.2699999999999996,-10.0,-9.600000003098547
2026-08-06T16:58:47.714+03:00,37.299717,V2_EXTENSION,Waiting for controlled touchdown,1,1,10.0,7.73,-0.4401265460046193,0.0,-0.3999999969014533,356.9999996891463,1500,1500,1657,1500,1500,1500,1657,1500,2.2699999999999996,-10.0,-9.600000003098547
2026-08-06T16:58:47.745+03:00,37.330571,V2_EXTENSION,Waiting for controlled touchdown,1,1,10.0,7.73,-0.4401265460046193,0.0,-0.3999999969014533,356.9999996891463,1500,1500,1657,1500,1500,1500,1657,1500,2.2699999999999996,-10.0,-9.600000003098547
2026-08-06T16:58:47.766+03:00,37.351260,V2_EXTENSION,Waiting for controlled touchdown,1,1,10.0,7.73,-0.4401265460046193,0.0,-0.3999999969014533,356.9999996891463,1500,1500,1657,1500,1500,1500,1657,1500,2.2699999999999996,-10.0,-9.600000003098547
2026-08-06T16:58:47.766+03:00,37.351416,GLOBAL_POSITION_INT,Waiting for controlled touchdown,1,1,10.0,7.39,-0.6813623500523466,0.0,-0.3999999969014533,356.9999996891463,1500,1500,1657,1500,1500,1500,1657,1500,2.6100000000000003,-10.0,-9.600000003098547
2026-08-06T16:58:47.766+03:00,37.351508,ATTITUDE,Waiting for controlled touchdown,1,1,10.0,7.39,-0.6813623500523466,0.0,-0.6999999945775432,356.9999996891463,1500,1500,1657,1500,1500,1500,1657,1500,2.6100000000000003,-10.0,-9.300000005422456
2026-08-06T16:58:47.766+03:00,37.351618,RC_CHANNELS,Waiting for controlled touchdown,1,1,10.0,7.39,-0.6813623500523466,0.0,-0.6999999945775432,356.9999996891463,1500,1500,1657,1500,1500,1500,1657,1500,2.6100000000000003,-10.0,-9.300000005422456
2026-08-06T16:58:47.818+03:00,37.402983,V2_EXTENSION,Waiting for controlled touchdown,1,1,10.0,7.39,-0.6813623500523466,0.0,-0.6999999945775432,356.9999996891463,1500,1500,1669,1500,1500,1500,1657,1500,2.6100000000000003,-10.0,-9.300000005422456
2026-08-06T16:58:47.844+03:00,37.428886,V2_EXTENSION,Waiting for controlled touchdown,1,1,10.0,7.39,-0.6813623500523466,0.0,-0.6999999945775432,356.9999996891463,1500,1500,1669,1500,1500,1500,1669,1500,2.6100000000000003,-10.0,-9.300000005422456
2026-08-06T16:58:47.869+03:00,37.454660,V2_EXTENSION,Waiting for controlled touchdown,1,1,10.0,7.39,-0.6813623500523466,0.0,-0.6999999945775432,356.9999996891463,1500,1500,1669,1500,1500,1500,1669,1500,2.6100000000000003,-10.0,-9.300000005422456
2026-08-06T16:58:47.915+03:00,37.500860,V2_EXTENSION,Waiting for controlled touchdown,1,1,10.0,7.39,-0.6813623500523466,0.0,-0.6999999945775432,356.9999996891463,1500,1500,1669,1500,1500,1500,1669,1500,2.6100000000000003,-10.0,-9.300000005422456
2026-08-06T16:58:47.946+03:00,37.531866,V2_EXTENSION,Waiting for controlled touchdown,1,1,10.0,7.39,-0.6813623500523466,0.0,-0.6999999945775432,356.9999996891463,1500,1500,1669,1500,1500,1500,1669,1500,2.6100000000000003,-10.0,-9.300000005422456
2026-08-06T16:58:47.967+03:00,37.552788,V2_EXTENSION,Waiting for controlled touchdown,1,1,10.0,7.39,-0.6813623500523466,0.0,-0.6999999945775432,356.9999996891463,1500,1500,1669,1500,1500,1500,1669,1500,2.6100000000000003,-10.0,-9.300000005422456
2026-08-06T16:58:48.019+03:00,37.604108,V2_EXTENSION,Waiting for controlled touchdown,1,1,10.0,7.39,-0.6813623500523466,0.0,-0.6999999945775432,356.9999996891463,1500,1500,1669,1500,1500,1500,1669,1500,2.6100000000000003,-10.0,-9.300000005422456
2026-08-06T16:58:48.044+03:00,37.629708,V2_EXTENSION,Waiting for controlled touchdown,1,1,10.0,7.39,-0.6813623500523466,0.0,-0.6999999945775432,356.9999996891463,1500,1500,1669,1500,1500,1500,1669,1500,2.6100000000000003,-10.0,-9.300000005422456
2026-08-06T16:58:48.070+03:00,37.655467,V2_EXTENSION,Waiting for controlled touchdown,1,1,10.0,7.39,-0.6813623500523466,0.0,-0.6999999945775432,356.9999996891463,1500,1500,1669,1500,1500,1500,1669,1500,2.6100000000000003,-10.0,-9.300000005422456
2026-08-06T16:58:48.116+03:00,37.701570,V2_EXTENSION,Waiting for controlled touchdown,1,1,10.0,7.39,-0.6813623500523466,0.0,-0.6999999945775432,356.9999996891463,1500,1500,1669,1500,1500,1500,1669,1500,2.6100000000000003,-10.0,-9.300000005422456
2026-08-06T16:58:48.147+03:00,37.732392,V2_EXTENSION,Waiting for controlled touchdown,1,1,10.0,7.39,-0.6813623500523466,0.0,-0.6999999945775432,356.9999996891463,1500,1500,1669,1500,1500,1500,1669,1500,2.6100000000000003,-10.0,-9.300000005422456
2026-08-06T16:58:48.168+03:00,37.753084,V2_EXTENSION,Waiting for controlled touchdown,1,1,10.0,7.39,-0.6813623500523466,0.0,-0.6999999945775432,356.9999996891463,1500,1500,1669,1500,1500,1500,1669,1500,2.6100000000000003,-10.0,-9.300000005422456
2026-08-06T16:58:48.219+03:00,37.804273,V2_EXTENSION,Waiting for controlled touchdown,1,1,10.0,7.39,-0.6813623500523466,0.0,-0.6999999945775432,356.9999996891463,1500,1500,1669,1500,1500,1500,1669,1500,2.6100000000000003,-10.0,-9.300000005422456
2026-08-06T16:58:48.245+03:00,37.829955,V2_EXTENSION,Waiting for controlled touchdown,1,1,10.0,7.39,-0.6813623500523466,0.0,-0.6999999945775432,356.9999996891463,1500,1500,1669,1500,1500,1500,1669,1500,2.6100000000000003,-10.0,-9.300000005422456
2026-08-06T16:58:48.265+03:00,37.850470,GLOBAL_POSITION_INT,Waiting for controlled touchdown,1,1,10.0,7.11,-0.5610796664550619,0.0,-0.6999999945775432,356.9999996891463,1500,1500,1669,1500,1500,1500,1669,1500,2.8899999999999997,-10.0,-9.300000005422456
2026-08-06T16:58:48.265+03:00,37.850574,ATTITUDE,Waiting for controlled touchdown,1,1,10.0,7.11,-0.5610796664550619,0.0,-0.6999999945775432,356.9999996891463,1500,1500,1669,1500,1500,1500,1669,1500,2.8899999999999997,-10.0,-9.300000005422456
2026-08-06T16:58:48.265+03:00,37.850678,RC_CHANNELS,Waiting for controlled touchdown,1,1,10.0,7.11,-0.5610796664550619,0.0,-0.6999999945775432,356.9999996891463,1500,1500,1669,1500,1500,1500,1669,1500,2.8899999999999997,-10.0,-9.300000005422456
2026-08-06T16:58:48.271+03:00,37.855989,V2_EXTENSION,Waiting for controlled touchdown,1,1,10.0,7.11,-0.5610796664550619,0.0,-0.6999999945775432,356.9999996891463,1500,1500,1669,1500,1500,1500,1669,1500,2.8899999999999997,-10.0,-9.300000005422456
2026-08-06T16:58:48.317+03:00,37.902518,V2_EXTENSION,Waiting for controlled touchdown,1,1,10.0,7.11,-0.5610796664550619,0.0,-0.6999999945775432,356.9999996891463,1500,1500,1663,1500,1500,1500,1669,1500,2.8899999999999997,-10.0,-9.300000005422456
2026-08-06T16:58:48.348+03:00,37.933309,V2_EXTENSION,Waiting for controlled touchdown,1,1,10.0,7.11,-0.5610796664550619,0.0,-0.6999999945775432,356.9999996891463,1500,1500,1663,1500,1500,1500,1663,1500,2.8899999999999997,-10.0,-9.300000005422456
2026-08-06T16:58:48.369+03:00,37.953999,V2_EXTENSION,Waiting for controlled touchdown,1,1,10.0,7.11,-0.5610796664550619,0.0,-0.6999999945775432,356.9999996891463,1500,1500,1663,1500,1500,1500,1663,1500,2.8899999999999997,-10.0,-9.300000005422456
2026-08-06T16:58:48.420+03:00,38.005302,V2_EXTENSION,Waiting for controlled touchdown,1,1,10.0,7.11,-0.5610796664550619,0.0,-0.6999999945775432,356.9999996891463,1500,1500,1663,1500,1500,1500,1663,1500,2.8899999999999997,-10.0,-9.300000005422456
2026-08-06T16:58:48.446+03:00,38.030927,V2_EXTENSION,Waiting for controlled touchdown,1,1,10.0,7.11,-0.5610796664550619,0.0,-0.6999999945775432,356.9999996891463,1500,1500,1663,1500,1500,1500,1663,1500,2.8899999999999997,-10.0,-9.300000005422456
2026-08-06T16:58:48.471+03:00,38.056653,V2_EXTENSION,Waiting for controlled touchdown,1,1,10.0,7.11,-0.5610796664550619,0.0,-0.6999999945775432,356.9999996891463,1500,1500,1663,1500,1500,1500,1663,1500,2.8899999999999997,-10.0,-9.300000005422456
2026-08-06T16:58:48.517+03:00,38.102810,V2_EXTENSION,Waiting for controlled touchdown,1,1,10.0,7.11,-0.5610796664550619,0.0,-0.6999999945775432,356.9999996891463,1500,1500,1663,1500,1500,1500,1663,1500,2.8899999999999997,-10.0,-9.300000005422456
2026-08-06T16:58:48.548+03:00,38.133661,V2_EXTENSION,Waiting for controlled touchdown,1,1,10.0,7.11,-0.5610796664550619,0.0,-0.6999999945775432,356.9999996891463,1500,1500,1663,1500,1500,1500,1663,1500,2.8899999999999997,-10.0,-9.300000005422456
2026-08-06T16:58:48.569+03:00,38.154515,V2_EXTENSION,Waiting for controlled touchdown,1,1,10.0,7.11,-0.5610796664550619,0.0,-0.6999999945775432,356.9999996891463,1500,1500,1663,1500,1500,1500,1663,1500,2.8899999999999997,-10.0,-9.300000005422456
2026-08-06T16:58:48.620+03:00,38.205785,V2_EXTENSION,Waiting for controlled touchdown,1,1,10.0,7.11,-0.5610796664550619,0.0,-0.6999999945775432,356.9999996891463,1500,1500,1663,1500,1500,1500,1663,1500,2.8899999999999997,-10.0,-9.300000005422456
2026-08-06T16:58:48.646+03:00,38.231468,V2_EXTENSION,Waiting for controlled touchdown,1,1,10.0,7.11,-0.5610796664550619,0.0,-0.6999999945775432,356.9999996891463,1500,1500,1663,1500,1500,1500,1663,1500,2.8899999999999997,-10.0,-9.300000005422456
2026-08-06T16:58:48.672+03:00,38.257249,V2_EXTENSION,Waiting for controlled touchdown,1,1,10.0,7.11,-0.5610796664550619,0.0,-0.6999999945775432,356.9999996891463,1500,1500,1663,1500,1500,1500,1663,1500,2.8899999999999997,-10.0,-9.300000005422456
2026-08-06T16:58:48.718+03:00,38.303429,V2_EXTENSION,Waiting for controlled touchdown,1,1,10.0,7.11,-0.5610796664550619,0.0,-0.6999999945775432,356.9999996891463,1500,1500,1663,1500,1500,1500,1663,1500,2.8899999999999997,-10.0,-9.300000005422456
2026-08-06T16:58:48.749+03:00,38.334268,V2_EXTENSION,Waiting for controlled touchdown,1,1,10.0,7.11,-0.5610796664550619,0.0,-0.6999999945775432,356.9999996891463,1500,1500,1663,1500,1500,1500,1663,1500,2.8899999999999997,-10.0,-9.300000005422456
2026-08-06T16:58:48.769+03:00,38.354806,GLOBAL_POSITION_INT,Waiting for controlled touchdown,1,1,10.0,6.67,-0.872428877193493,0.0,-0.6999999945775432,356.9999996891463,1500,1500,1663,1500,1500,1500,1663,1500,3.33,-10.0,-9.300000005422456
2026-08-06T16:58:48.770+03:00,38.354910,ATTITUDE,Waiting for controlled touchdown,1,1,10.0,6.67,-0.872428877193493,0.0,-0.7999999938029067,356.9999996891463,1500,1500,1663,1500,1500,1500,1663,1500,3.33,-10.0,-9.200000006197094
2026-08-06T16:58:48.770+03:00,38.355016,RC_CHANNELS,Waiting for controlled touchdown,1,1,10.0,6.67,-0.872428877193493,0.0,-0.7999999938029067,356.9999996891463,1500,1500,1663,1500,1500,1500,1663,1500,3.33,-10.0,-9.200000006197094
2026-08-06T16:58:48.770+03:00,38.355223,V2_EXTENSION,Waiting for controlled touchdown,1,1,10.0,6.67,-0.872428877193493,0.0,-0.7999999938029067,356.9999996891463,1500,1500,1663,1500,1500,1500,1663,1500,3.33,-10.0,-9.200000006197094
2026-08-06T16:58:48.821+03:00,38.406799,V2_EXTENSION,Waiting for controlled touchdown,1,1,10.0,6.67,-0.872428877193493,0.0,-0.7999999938029067,356.9999996891463,1500,1500,1678,1500,1500,1500,1663,1500,3.33,-10.0,-9.200000006197094
2026-08-06T16:58:48.849+03:00,38.434044,V2_EXTENSION,Waiting for controlled touchdown,1,1,10.0,6.67,-0.872428877193493,0.0,-0.7999999938029067,356.9999996891463,1500,1500,1678,1500,1500,1500,1678,1500,3.33,-10.0,-9.200000006197094
2026-08-06T16:58:48.870+03:00,38.454953,V2_EXTENSION,Waiting for controlled touchdown,1,1,10.0,6.67,-0.872428877193493,0.0,-0.7999999938029067,356.9999996891463,1500,1500,1678,1500,1500,1500,1678,1500,3.33,-10.0,-9.200000006197094
2026-08-06T16:58:48.921+03:00,38.506371,V2_EXTENSION,Waiting for controlled touchdown,1,1,10.0,6.67,-0.872428877193493,0.0,-0.7999999938029067,356.9999996891463,1500,1500,1678,1500,1500,1500,1678,1500,3.33,-10.0,-9.200000006197094
2026-08-06T16:58:48.947+03:00,38.531996,V2_EXTENSION,Waiting for controlled touchdown,1,1,10.0,6.67,-0.872428877193493,0.0,-0.7999999938029067,356.9999996891463,1500,1500,1678,1500,1500,1500,1678,1500,3.33,-10.0,-9.200000006197094
2026-08-06T16:58:48.972+03:00,38.557861,V2_EXTENSION,Waiting for controlled touchdown,1,1,10.0,6.67,-0.872428877193493,0.0,-0.7999999938029067,356.9999996891463,1500,1500,1678,1500,1500,1500,1678,1500,3.33,-10.0,-9.200000006197094
2026-08-06T16:58:49.019+03:00,38.603995,V2_EXTENSION,Waiting for controlled touchdown,1,1,10.0,6.67,-0.872428877193493,0.0,-0.7999999938029067,356.9999996891463,1500,1500,1678,1500,1500,1500,1678,1500,3.33,-10.0,-9.200000006197094
2026-08-06T16:58:49.049+03:00,38.634687,V2_EXTENSION,Waiting for controlled touchdown,1,1,10.0,6.67,-0.872428877193493,0.0,-0.7999999938029067,356.9999996891463,1500,1500,1678,1500,1500,1500,1678,1500,3.33,-10.0,-9.200000006197094
2026-08-06T16:58:49.070+03:00,38.655360,V2_EXTENSION,Waiting for controlled touchdown,1,1,10.0,6.67,-0.872428877193493,0.0,-0.7999999938029067,356.9999996891463,1500,1500,1678,1500,1500,1500,1678,1500,3.33,-10.0,-9.200000006197094
2026-08-06T16:58:49.121+03:00,38.706769,V2_EXTENSION,Waiting for controlled touchdown,1,1,10.0,6.67,-0.872428877193493,0.0,-0.7999999938029067,356.9999996891463,1500,1500,1678,1500,1500,1500,1678,1500,3.33,-10.0,-9.200000006197094
2026-08-06T16:58:49.147+03:00,38.732434,V2_EXTENSION,Waiting for controlled touchdown,1,1,10.0,6.67,-0.872428877193493,0.0,-0.7999999938029067,356.9999996891463,1500,1500,1678,1500,1500,1500,1678,1500,3.33,-10.0,-9.200000006197094
2026-08-06T16:58:49.173+03:00,38.758479,V2_EXTENSION,Waiting for controlled touchdown,1,1,10.0,6.67,-0.872428877193493,0.0,-0.7999999938029067,356.9999996891463,1500,1500,1678,1500,1500,1500,1678,1500,3.33,-10.0,-9.200000006197094
2026-08-06T16:58:49.225+03:00,38.809903,V2_EXTENSION,Waiting for controlled touchdown,1,1,10.0,6.67,-0.872428877193493,0.0,-0.7999999938029067,356.9999996891463,1500,1500,1678,1500,1500,1500,1678,1500,3.33,-10.0,-9.200000006197094
2026-08-06T16:58:49.250+03:00,38.835516,V2_EXTENSION,Waiting for controlled touchdown,1,1,10.0,6.67,-0.872428877193493,0.0,-0.7999999938029067,356.9999996891463,1500,1500,1678,1500,1500,1500,1678,1500,3.33,-10.0,-9.200000006197094
2026-08-06T16:58:49.266+03:00,38.851014,GLOBAL_POSITION_INT,Waiting for controlled touchdown,1,1,10.0,6.39,-0.5642828458680799,0.0,-0.7999999938029067,356.9999996891463,1500,1500,1678,1500,1500,1500,1678,1500,3.6100000000000003,-10.0,-9.200000006197094
2026-08-06T16:58:49.266+03:00,38.851130,ATTITUDE,Waiting for controlled touchdown,1,1,10.0,6.39,-0.5642828458680799,0.0,-0.6999999945775432,356.9999996891463,1500,1500,1678,1500,1500,1500,1678,1500,3.6100000000000003,-10.0,-9.300000005422456
2026-08-06T16:58:49.266+03:00,38.851249,RC_CHANNELS,Waiting for controlled touchdown,1,1,10.0,6.39,-0.5642828458680799,0.0,-0.6999999945775432,356.9999996891463,1500,1500,1678,1500,1500,1500,1678,1500,3.6100000000000003,-10.0,-9.300000005422456
2026-08-06T16:58:49.271+03:00,38.856580,V2_EXTENSION,Waiting for controlled touchdown,1,1,10.0,6.39,-0.5642828458680799,0.0,-0.6999999945775432,356.9999996891463,1500,1500,1678,1500,1500,1500,1678,1500,3.6100000000000003,-10.0,-9.300000005422456
2026-08-06T16:58:49.323+03:00,38.908153,V2_EXTENSION,Waiting for controlled touchdown,1,1,10.0,6.39,-0.5642828458680799,0.0,-0.6999999945775432,356.9999996891463,1500,1500,1663,1500,1500,1500,1678,1500,3.6100000000000003,-10.0,-9.300000005422456
2026-08-06T16:58:49.349+03:00,38.933926,V2_EXTENSION,Waiting for controlled touchdown,1,1,10.0,6.39,-0.5642828458680799,0.0,-0.6999999945775432,356.9999996891463,1500,1500,1663,1500,1500,1500,1663,1500,3.6100000000000003,-10.0,-9.300000005422456
2026-08-06T16:58:49.375+03:00,38.960054,V2_EXTENSION,Waiting for controlled touchdown,1,1,10.0,6.39,-0.5642828458680799,0.0,-0.6999999945775432,356.9999996891463,1500,1500,1663,1500,1500,1500,1663,1500,3.6100000000000003,-10.0,-9.300000005422456
2026-08-06T16:58:49.421+03:00,39.006183,V2_EXTENSION,Waiting for controlled touchdown,1,1,10.0,6.39,-0.5642828458680799,0.0,-0.6999999945775432,356.9999996891463,1500,1500,1663,1500,1500,1500,1663,1500,3.6100000000000003,-10.0,-9.300000005422456
2026-08-06T16:58:49.446+03:00,39.031847,V2_EXTENSION,Waiting for controlled touchdown,1,1,10.0,6.39,-0.5642828458680799,0.0,-0.6999999945775432,356.9999996891463,1500,1500,1663,1500,1500,1500,1663,1500,3.6100000000000003,-10.0,-9.300000005422456
2026-08-06T16:58:49.472+03:00,39.057606,V2_EXTENSION,Waiting for controlled touchdown,1,1,10.0,6.39,-0.5642828458680799,0.0,-0.6999999945775432,356.9999996891463,1500,1500,1663,1500,1500,1500,1663,1500,3.6100000000000003,-10.0,-9.300000005422456
2026-08-06T16:58:49.523+03:00,39.108795,V2_EXTENSION,Waiting for controlled touchdown,1,1,10.0,6.39,-0.5642828458680799,0.0,-0.6999999945775432,356.9999996891463,1500,1500,1663,1500,1500,1500,1663,1500,3.6100000000000003,-10.0,-9.300000005422456
2026-08-06T16:58:49.549+03:00,39.134360,V2_EXTENSION,Waiting for controlled touchdown,1,1,10.0,6.39,-0.5642828458680799,0.0,-0.6999999945775432,356.9999996891463,1500,1500,1663,1500,1500,1500,1663,1500,3.6100000000000003,-10.0,-9.300000005422456
2026-08-06T16:58:49.575+03:00,39.160205,V2_EXTENSION,Waiting for controlled touchdown,1,1,10.0,6.39,-0.5642828458680799,0.0,-0.6999999945775432,356.9999996891463,1500,1500,1663,1500,1500,1500,1663,1500,3.6100000000000003,-10.0,-9.300000005422456
2026-08-06T16:58:49.621+03:00,39.206329,V2_EXTENSION,Waiting for controlled touchdown,1,1,10.0,6.39,-0.5642828458680799,0.0,-0.6999999945775432,356.9999996891463,1500,1500,1663,1500,1500,1500,1663,1500,3.6100000000000003,-10.0,-9.300000005422456
2026-08-06T16:58:49.647+03:00,39.231963,V2_EXTENSION,Waiting for controlled touchdown,1,1,10.0,6.39,-0.5642828458680799,0.0,-0.6999999945775432,356.9999996891463,1500,1500,1663,1500,1500,1500,1663,1500,3.6100000000000003,-10.0,-9.300000005422456
2026-08-06T16:58:49.672+03:00,39.257718,V2_EXTENSION,Waiting for controlled touchdown,1,1,10.0,6.39,-0.5642828458680799,0.0,-0.6999999945775432,356.9999996891463,1500,1500,1663,1500,1500,1500,1663,1500,3.6100000000000003,-10.0,-9.300000005422456
2026-08-06T16:58:49.724+03:00,39.309376,V2_EXTENSION,Waiting for controlled touchdown,1,1,10.0,6.39,-0.5642828458680799,0.0,-0.6999999945775432,356.9999996891463,1500,1500,1663,1500,1500,1500,1663,1500,3.6100000000000003,-10.0,-9.300000005422456
2026-08-06T16:58:49.750+03:00,39.335373,V2_EXTENSION,Waiting for controlled touchdown,1,1,10.0,6.39,-0.5642828458680799,0.0,-0.6999999945775432,356.9999996891463,1500,1500,1663,1500,1500,1500,1663,1500,3.6100000000000003,-10.0,-9.300000005422456
2026-08-06T16:58:49.766+03:00,39.351016,GLOBAL_POSITION_INT,Waiting for controlled touchdown,1,1,10.0,6.18,-0.4199992792972623,0.0,-0.6999999945775432,356.9999996891463,1500,1500,1663,1500,1500,1500,1663,1500,3.8200000000000003,-10.0,-9.300000005422456
2026-08-06T16:58:49.766+03:00,39.351147,ATTITUDE,Waiting for controlled touchdown,1,1,10.0,6.18,-0.4199992792972623,0.0,-0.3999999969014533,356.9999996891463,1500,1500,1663,1500,1500,1500,1663,1500,3.8200000000000003,-10.0,-9.600000003098547
2026-08-06T16:58:49.766+03:00,39.351264,RC_CHANNELS,Waiting for controlled touchdown,1,1,10.0,6.18,-0.4199992792972623,0.0,-0.3999999969014533,356.9999996891463,1500,1500,1663,1500,1500,1500,1663,1500,3.8200000000000003,-10.0,-9.600000003098547
2026-08-06T16:58:49.771+03:00,39.356809,V2_EXTENSION,Waiting for controlled touchdown,1,1,10.0,6.18,-0.4199992792972623,0.0,-0.3999999969014533,356.9999996891463,1500,1500,1663,1500,1500,1500,1663,1500,3.8200000000000003,-10.0,-9.600000003098547
2026-08-06T16:58:49.823+03:00,39.408426,V2_EXTENSION,Waiting for controlled touchdown,1,1,10.0,6.18,-0.4199992792972623,0.0,-0.3999999969014533,356.9999996891463,1500,1500,1655,1500,1500,1500,1663,1500,3.8200000000000003,-10.0,-9.600000003098547
2026-08-06T16:58:49.849+03:00,39.434337,V2_EXTENSION,Waiting for controlled touchdown,1,1,10.0,6.18,-0.4199992792972623,0.0,-0.3999999969014533,356.9999996891463,1500,1500,1655,1500,1500,1500,1655,1500,3.8200000000000003,-10.0,-9.600000003098547
2026-08-06T16:58:49.875+03:00,39.460250,V2_EXTENSION,Waiting for controlled touchdown,1,1,10.0,6.18,-0.4199992792972623,0.0,-0.3999999969014533,356.9999996891463,1500,1500,1655,1500,1500,1500,1655,1500,3.8200000000000003,-10.0,-9.600000003098547
2026-08-06T16:58:49.927+03:00,39.512017,V2_EXTENSION,Waiting for controlled touchdown,1,1,10.0,6.18,-0.4199992792972623,0.0,-0.3999999969014533,356.9999996891463,1500,1500,1655,1500,1500,1500,1655,1500,3.8200000000000003,-10.0,-9.600000003098547
2026-08-06T16:58:49.947+03:00,39.532575,V2_EXTENSION,Waiting for controlled touchdown,1,1,10.0,6.18,-0.4199992792972623,0.0,-0.3999999969014533,356.9999996891463,1500,1500,1655,1500,1500,1500,1655,1500,3.8200000000000003,-10.0,-9.600000003098547
2026-08-06T16:58:49.973+03:00,39.558372,V2_EXTENSION,Waiting for controlled touchdown,1,1,10.0,6.18,-0.4199992792972623,0.0,-0.3999999969014533,356.9999996891463,1500,1500,1655,1500,1500,1500,1655,1500,3.8200000000000003,-10.0,-9.600000003098547
2026-08-06T16:58:50.024+03:00,39.609607,V2_EXTENSION,Waiting for controlled touchdown,1,1,10.0,6.18,-0.4199992792972623,0.0,-0.3999999969014533,356.9999996891463,1500,1500,1655,1500,1500,1500,1655,1500,3.8200000000000003,-10.0,-9.600000003098547
2026-08-06T16:58:50.050+03:00,39.635308,V2_EXTENSION,Waiting for controlled touchdown,1,1,10.0,6.18,-0.4199992792972623,0.0,-0.3999999969014533,356.9999996891463,1500,1500,1655,1500,1500,1500,1655,1500,3.8200000000000003,-10.0,-9.600000003098547
2026-08-06T16:58:50.076+03:00,39.661227,V2_EXTENSION,Waiting for controlled touchdown,1,1,10.0,6.18,-0.4199992792972623,0.0,-0.3999999969014533,356.9999996891463,1500,1500,1655,1500,1500,1500,1655,1500,3.8200000000000003,-10.0,-9.600000003098547
2026-08-06T16:58:50.127+03:00,39.712426,V2_EXTENSION,Waiting for controlled touchdown,1,1,10.0,6.18,-0.4199992792972623,0.0,-0.3999999969014533,356.9999996891463,1500,1500,1655,1500,1500,1500,1655,1500,3.8200000000000003,-10.0,-9.600000003098547
2026-08-06T16:58:50.148+03:00,39.732968,V2_EXTENSION,Waiting for controlled touchdown,1,1,10.0,6.18,-0.4199992792972623,0.0,-0.3999999969014533,356.9999996891463,1500,1500,1655,1500,1500,1500,1655,1500,3.8200000000000003,-10.0,-9.600000003098547
2026-08-06T16:58:50.173+03:00,39.758753,V2_EXTENSION,Waiting for controlled touchdown,1,1,10.0,6.18,-0.4199992792972623,0.0,-0.3999999969014533,356.9999996891463,1500,1500,1655,1500,1500,1500,1655,1500,3.8200000000000003,-10.0,-9.600000003098547
2026-08-06T16:58:50.225+03:00,39.810063,V2_EXTENSION,Waiting for controlled touchdown,1,1,10.0,6.18,-0.4199992792972623,0.0,-0.3999999969014533,356.9999996891463,1500,1500,1655,1500,1500,1500,1655,1500,3.8200000000000003,-10.0,-9.600000003098547
2026-08-06T16:58:50.250+03:00,39.835688,V2_EXTENSION,Waiting for controlled touchdown,1,1,10.0,6.18,-0.4199992792972623,0.0,-0.3999999969014533,356.9999996891463,1500,1500,1655,1500,1500,1500,1655,1500,3.8200000000000003,-10.0,-9.600000003098547
2026-08-06T16:58:50.266+03:00,39.851178,GLOBAL_POSITION_INT,Waiting for controlled touchdown,1,1,10.0,6.02,-0.31990158359530635,0.0,-0.3999999969014533,356.9999996891463,1500,1500,1655,1500,1500,1500,1655,1500,3.9800000000000004,-10.0,-9.600000003098547
2026-08-06T16:58:50.266+03:00,39.851291,ATTITUDE,Waiting for controlled touchdown,1,1,10.0,6.02,-0.31990158359530635,0.0,-0.09999999922536333,356.9999996891463,1500,1500,1655,1500,1500,1500,1655,1500,3.9800000000000004,-10.0,-9.900000000774636
2026-08-06T16:58:50.266+03:00,39.851407,RC_CHANNELS,Waiting for controlled touchdown,1,1,10.0,6.02,-0.31990158359530635,0.0,-0.09999999922536333,356.9999996891463,1500,1500,1655,1500,1500,1500,1655,1500,3.9800000000000004,-10.0,-9.900000000774636
2026-08-06T16:58:50.277+03:00,39.861970,V2_EXTENSION,Waiting for controlled touchdown,1,1,10.0,6.02,-0.31990158359530635,0.0,-0.09999999922536333,356.9999996891463,1500,1500,1650,1500,1500,1500,1655,1500,3.9800000000000004,-10.0,-9.900000000774636
2026-08-06T16:58:50.328+03:00,39.913394,V2_EXTENSION,Waiting for controlled touchdown,1,1,10.0,6.02,-0.31990158359530635,0.0,-0.09999999922536333,356.9999996891463,1500,1500,1650,1500,1500,1500,1655,1500,3.9800000000000004,-10.0,-9.900000000774636
2026-08-06T16:58:50.349+03:00,39.934144,V2_EXTENSION,Waiting for controlled touchdown,1,1,10.0,6.02,-0.31990158359530635,0.0,-0.09999999922536333,356.9999996891463,1500,1500,1650,1500,1500,1500,1650,1500,3.9800000000000004,-10.0,-9.900000000774636
2026-08-06T16:58:50.375+03:00,39.960192,V2_EXTENSION,Waiting for controlled touchdown,1,1,10.0,6.02,-0.31990158359530635,0.0,-0.09999999922536333,356.9999996891463,1500,1500,1650,1500,1500,1500,1650,1500,3.9800000000000004,-10.0,-9.900000000774636
2026-08-06T16:58:50.426+03:00,40.011622,V2_EXTENSION,Waiting for controlled touchdown,1,1,10.0,6.02,-0.31990158359530635,0.0,-0.09999999922536333,356.9999996891463,1500,1500,1650,1500,1500,1500,1650,1500,3.9800000000000004,-10.0,-9.900000000774636
2026-08-06T16:58:50.452+03:00,40.037265,V2_EXTENSION,Waiting for controlled touchdown,1,1,10.0,6.02,-0.31990158359530635,0.0,-0.09999999922536333,356.9999996891463,1500,1500,1650,1500,1500,1500,1650,1500,3.9800000000000004,-10.0,-9.900000000774636
2026-08-06T16:58:50.478+03:00,40.063167,V2_EXTENSION,Waiting for controlled touchdown,1,1,10.0,6.02,-0.31990158359530635,0.0,-0.09999999922536333,356.9999996891463,1500,1500,1650,1500,1500,1500,1650,1500,3.9800000000000004,-10.0,-9.900000000774636
2026-08-06T16:58:50.524+03:00,40.109385,V2_EXTENSION,Waiting for controlled touchdown,1,1,10.0,6.02,-0.31990158359530635,0.0,-0.09999999922536333,356.9999996891463,1500,1500,1650,1500,1500,1500,1650,1500,3.9800000000000004,-10.0,-9.900000000774636
2026-08-06T16:58:50.550+03:00,40.134985,V2_EXTENSION,Waiting for controlled touchdown,1,1,10.0,6.02,-0.31990158359530635,0.0,-0.09999999922536333,356.9999996891463,1500,1500,1650,1500,1500,1500,1650,1500,3.9800000000000004,-10.0,-9.900000000774636
2026-08-06T16:58:50.576+03:00,40.160903,V2_EXTENSION,Waiting for controlled touchdown,1,1,10.0,6.02,-0.31990158359530635,0.0,-0.09999999922536333,356.9999996891463,1500,1500,1650,1500,1500,1500,1650,1500,3.9800000000000004,-10.0,-9.900000000774636
2026-08-06T16:58:50.627+03:00,40.212212,V2_EXTENSION,Waiting for controlled touchdown,1,1,10.0,6.02,-0.31990158359530635,0.0,-0.09999999922536333,356.9999996891463,1500,1500,1650,1500,1500,1500,1650,1500,3.9800000000000004,-10.0,-9.900000000774636
2026-08-06T16:58:50.652+03:00,40.237878,V2_EXTENSION,Waiting for controlled touchdown,1,1,10.0,6.02,-0.31990158359530635,0.0,-0.09999999922536333,356.9999996891463,1500,1500,1650,1500,1500,1500,1650,1500,3.9800000000000004,-10.0,-9.900000000774636
2026-08-06T16:58:50.678+03:00,40.263598,V2_EXTENSION,Waiting for controlled touchdown,1,1,10.0,6.02,-0.31990158359530635,0.0,-0.09999999922536333,356.9999996891463,1500,1500,1650,1500,1500,1500,1650,1500,3.9800000000000004,-10.0,-9.900000000774636
2026-08-06T16:58:50.729+03:00,40.314859,V2_EXTENSION,Waiting for controlled touchdown,1,1,10.0,6.02,-0.31990158359530635,0.0,-0.09999999922536333,356.9999996891463,1500,1500,1650,1500,1500,1500,1650,1500,3.9800000000000004,-10.0,-9.900000000774636
2026-08-06T16:58:50.750+03:00,40.335427,V2_EXTENSION,Waiting for controlled touchdown,1,1,10.0,6.02,-0.31990158359530635,0.0,-0.09999999922536333,356.9999996891463,1500,1500,1650,1500,1500,1500,1650,1500,3.9800000000000004,-10.0,-9.900000000774636
2026-08-06T16:58:50.771+03:00,40.356016,GLOBAL_POSITION_INT,Waiting for controlled touchdown,1,1,10.0,5.88,-0.27731682928759066,0.0,-0.09999999922536333,356.9999996891463,1500,1500,1650,1500,1500,1500,1650,1500,4.12,-10.0,-9.900000000774636
2026-08-06T16:58:50.771+03:00,40.356138,ATTITUDE,Waiting for controlled touchdown,1,1,10.0,5.88,-0.27731682928759066,0.0,0.29999999767609,356.9999996891463,1500,1500,1650,1500,1500,1500,1650,1500,4.12,-10.0,-10.29999999767609
2026-08-06T16:58:50.771+03:00,40.356246,RC_CHANNELS,Waiting for controlled touchdown,1,1,10.0,5.88,-0.27731682928759066,0.0,0.29999999767609,356.9999996891463,1500,1500,1650,1500,1500,1500,1650,1500,4.12,-10.0,-10.29999999767609
2026-08-06T16:58:50.776+03:00,40.361692,V2_EXTENSION,Waiting for controlled touchdown,1,1,10.0,5.88,-0.27731682928759066,0.0,0.29999999767609,356.9999996891463,1500,1500,1650,1500,1500,1500,1650,1500,4.12,-10.0,-10.29999999767609
2026-08-06T16:58:50.828+03:00,40.413128,V2_EXTENSION,Waiting for controlled touchdown,1,1,10.0,5.88,-0.27731682928759066,0.0,0.29999999767609,356.9999996891463,1500,1500,1648,1500,1500,1500,1650,1500,4.12,-10.0,-10.29999999767609
2026-08-06T16:58:50.848+03:00,40.433755,V2_EXTENSION,Waiting for controlled touchdown,1,1,10.0,5.88,-0.27731682928759066,0.0,0.29999999767609,356.9999996891463,1500,1500,1648,1500,1500,1500,1648,1500,4.12,-10.0,-10.29999999767609
2026-08-06T16:58:50.880+03:00,40.464906,V2_EXTENSION,Waiting for controlled touchdown,1,1,10.0,5.88,-0.27731682928759066,0.0,0.29999999767609,356.9999996891463,1500,1500,1648,1500,1500,1500,1648,1500,4.12,-10.0,-10.29999999767609
2026-08-06T16:58:50.926+03:00,40.511122,V2_EXTENSION,Waiting for controlled touchdown,1,1,10.0,5.88,-0.27731682928759066,0.0,0.29999999767609,356.9999996891463,1500,1500,1648,1500,1500,1500,1648,1500,4.12,-10.0,-10.29999999767609
2026-08-06T16:58:50.951+03:00,40.536780,V2_EXTENSION,Waiting for controlled touchdown,1,1,10.0,5.88,-0.27731682928759066,0.0,0.29999999767609,356.9999996891463,1500,1500,1648,1500,1500,1500,1648,1500,4.12,-10.0,-10.29999999767609
2026-08-06T16:58:50.977+03:00,40.562686,V2_EXTENSION,Waiting for controlled touchdown,1,1,10.0,5.88,-0.27731682928759066,0.0,0.29999999767609,356.9999996891463,1500,1500,1648,1500,1500,1500,1648,1500,4.12,-10.0,-10.29999999767609
2026-08-06T16:58:51.029+03:00,40.614070,V2_EXTENSION,Waiting for controlled touchdown,1,1,10.0,5.88,-0.27731682928759066,0.0,0.29999999767609,356.9999996891463,1500,1500,1648,1500,1500,1500,1648,1500,4.12,-10.0,-10.29999999767609
2026-08-06T16:58:51.049+03:00,40.634655,V2_EXTENSION,Waiting for controlled touchdown,1,1,10.0,5.88,-0.27731682928759066,0.0,0.29999999767609,356.9999996891463,1500,1500,1648,1500,1500,1500,1648,1500,4.12,-10.0,-10.29999999767609
2026-08-06T16:58:51.080+03:00,40.665534,V2_EXTENSION,Waiting for controlled touchdown,1,1,10.0,5.88,-0.27731682928759066,0.0,0.29999999767609,356.9999996891463,1500,1500,1648,1500,1500,1500,1648,1500,4.12,-10.0,-10.29999999767609
2026-08-06T16:58:51.126+03:00,40.711673,V2_EXTENSION,Waiting for controlled touchdown,1,1,10.0,5.88,-0.27731682928759066,0.0,0.29999999767609,356.9999996891463,1500,1500,1648,1500,1500,1500,1648,1500,4.12,-10.0,-10.29999999767609
2026-08-06T16:58:51.152+03:00,40.737303,V2_EXTENSION,Waiting for controlled touchdown,1,1,10.0,5.88,-0.27731682928759066,0.0,0.29999999767609,356.9999996891463,1500,1500,1648,1500,1500,1500,1648,1500,4.12,-10.0,-10.29999999767609
2026-08-06T16:58:51.178+03:00,40.763069,V2_EXTENSION,Waiting for controlled touchdown,1,1,10.0,5.88,-0.27731682928759066,0.0,0.29999999767609,356.9999996891463,1500,1500,1648,1500,1500,1500,1648,1500,4.12,-10.0,-10.29999999767609
2026-08-06T16:58:51.229+03:00,40.814288,V2_EXTENSION,Waiting for controlled touchdown,1,1,10.0,5.88,-0.27731682928759066,0.0,0.29999999767609,356.9999996891463,1500,1500,1648,1500,1500,1500,1648,1500,4.12,-10.0,-10.29999999767609
2026-08-06T16:58:51.249+03:00,40.834857,V2_EXTENSION,Waiting for controlled touchdown,1,1,10.0,5.88,-0.27731682928759066,0.0,0.29999999767609,356.9999996891463,1500,1500,1648,1500,1500,1500,1648,1500,4.12,-10.0,-10.29999999767609
2026-08-06T16:58:51.270+03:00,40.855440,GLOBAL_POSITION_INT,Waiting for controlled touchdown,1,1,10.0,5.66,-0.44050026390812264,0.0,0.29999999767609,356.9999996891463,1500,1500,1648,1500,1500,1500,1648,1500,4.34,-10.0,-10.29999999767609
2026-08-06T16:58:51.270+03:00,40.855558,ATTITUDE,Waiting for controlled touchdown,1,1,10.0,5.66,-0.44050026390812264,0.0,0.4999999961268166,356.9999996891463,1500,1500,1648,1500,1500,1500,1648,1500,4.34,-10.0,-10.499999996126817
2026-08-06T16:58:51.270+03:00,40.855673,RC_CHANNELS,Waiting for controlled touchdown,1,1,10.0,5.66,-0.44050026390812264,0.0,0.4999999961268166,356.9999996891463,1500,1500,1648,1500,1500,1500,1648,1500,4.34,-10.0,-10.499999996126817
2026-08-06T16:58:51.281+03:00,40.866151,V2_EXTENSION,Waiting for controlled touchdown,1,1,10.0,5.66,-0.44050026390812264,0.0,0.4999999961268166,356.9999996891463,1500,1500,1648,1500,1500,1500,1648,1500,4.34,-10.0,-10.499999996126817
2026-08-06T16:58:51.327+03:00,40.912517,V2_EXTENSION,Waiting for controlled touchdown,1,1,10.0,5.66,-0.44050026390812264,0.0,0.4999999961268166,356.9999996891463,1500,1500,1657,1500,1500,1500,1648,1500,4.34,-10.0,-10.499999996126817
2026-08-06T16:58:51.353+03:00,40.938233,V2_EXTENSION,Waiting for controlled touchdown,1,1,10.0,5.66,-0.44050026390812264,0.0,0.4999999961268166,356.9999996891463,1500,1500,1657,1500,1500,1500,1657,1500,4.34,-10.0,-10.499999996126817
2026-08-06T16:58:51.379+03:00,40.964160,V2_EXTENSION,Waiting for controlled touchdown,1,1,10.0,5.66,-0.44050026390812264,0.0,0.4999999961268166,356.9999996891463,1500,1500,1657,1500,1500,1500,1657,1500,4.34,-10.0,-10.499999996126817
2026-08-06T16:58:51.430+03:00,41.015365,V2_EXTENSION,Waiting for controlled touchdown,1,1,10.0,5.66,-0.44050026390812264,0.0,0.4999999961268166,356.9999996891463,1500,1500,1657,1500,1500,1500,1657,1500,4.34,-10.0,-10.499999996126817
2026-08-06T16:58:51.451+03:00,41.035886,V2_EXTENSION,Waiting for controlled touchdown,1,1,10.0,5.66,-0.44050026390812264,0.0,0.4999999961268166,356.9999996891463,1500,1500,1657,1500,1500,1500,1657,1500,4.34,-10.0,-10.499999996126817
2026-08-06T16:58:51.481+03:00,41.066765,V2_EXTENSION,Waiting for controlled touchdown,1,1,10.0,5.66,-0.44050026390812264,0.0,0.4999999961268166,356.9999996891463,1500,1500,1657,1500,1500,1500,1657,1500,4.34,-10.0,-10.499999996126817
2026-08-06T16:58:51.527+03:00,41.112827,V2_EXTENSION,Waiting for controlled touchdown,1,1,10.0,5.66,-0.44050026390812264,0.0,0.4999999961268166,356.9999996891463,1500,1500,1657,1500,1500,1500,1657,1500,4.34,-10.0,-10.499999996126817
2026-08-06T16:58:51.553+03:00,41.138597,V2_EXTENSION,Waiting for controlled touchdown,1,1,10.0,5.66,-0.44050026390812264,0.0,0.4999999961268166,356.9999996891463,1500,1500,1657,1500,1500,1500,1657,1500,4.34,-10.0,-10.499999996126817
2026-08-06T16:58:51.579+03:00,41.164421,V2_EXTENSION,Waiting for controlled touchdown,1,1,10.0,5.66,-0.44050026390812264,0.0,0.4999999961268166,356.9999996891463,1500,1500,1657,1500,1500,1500,1657,1500,4.34,-10.0,-10.499999996126817
2026-08-06T16:58:51.630+03:00,41.215634,V2_EXTENSION,Waiting for controlled touchdown,1,1,10.0,5.66,-0.44050026390812264,0.0,0.4999999961268166,356.9999996891463,1500,1500,1657,1500,1500,1500,1657,1500,4.34,-10.0,-10.499999996126817
2026-08-06T16:58:51.651+03:00,41.236201,V2_EXTENSION,Waiting for controlled touchdown,1,1,10.0,5.66,-0.44050026390812264,0.0,0.4999999961268166,356.9999996891463,1500,1500,1657,1500,1500,1500,1657,1500,4.34,-10.0,-10.499999996126817
2026-08-06T16:58:51.682+03:00,41.267044,V2_EXTENSION,Waiting for controlled touchdown,1,1,10.0,5.66,-0.44050026390812264,0.0,0.4999999961268166,356.9999996891463,1500,1500,1657,1500,1500,1500,1657,1500,4.34,-10.0,-10.499999996126817
2026-08-06T16:58:51.728+03:00,41.313309,V2_EXTENSION,Waiting for controlled touchdown,1,1,10.0,5.66,-0.44050026390812264,0.0,0.4999999961268166,356.9999996891463,1500,1500,1657,1500,1500,1500,1657,1500,4.34,-10.0,-10.499999996126817
2026-08-06T16:58:51.754+03:00,41.338948,V2_EXTENSION,Waiting for controlled touchdown,1,1,10.0,5.66,-0.44050026390812264,0.0,0.4999999961268166,356.9999996891463,1500,1500,1657,1500,1500,1500,1657,1500,4.34,-10.0,-10.499999996126817
2026-08-06T16:58:51.769+03:00,41.354454,GLOBAL_POSITION_INT,Waiting for controlled touchdown,1,1,10.0,5.46,-0.40078987186931614,0.0,0.4999999961268166,356.9999996891463,1500,1500,1657,1500,1500,1500,1657,1500,4.54,-10.0,-10.499999996126817
2026-08-06T16:58:51.769+03:00,41.354560,ATTITUDE,Waiting for controlled touchdown,1,1,10.0,5.46,-0.40078987186931614,0.0,0.4999999961268166,356.9999996891463,1500,1500,1657,1500,1500,1500,1657,1500,4.54,-10.0,-10.499999996126817
2026-08-06T16:58:51.769+03:00,41.354684,RC_CHANNELS,Waiting for controlled touchdown,1,1,10.0,5.46,-0.40078987186931614,0.0,0.4999999961268166,356.9999996891463,1500,1500,1657,1500,1500,1500,1657,1500,4.54,-10.0,-10.499999996126817
2026-08-06T16:58:51.780+03:00,41.365166,V2_EXTENSION,Waiting for controlled touchdown,1,1,10.0,5.46,-0.40078987186931614,0.0,0.4999999961268166,356.9999996891463,1500,1500,1655,1500,1500,1500,1657,1500,4.54,-10.0,-10.499999996126817
2026-08-06T16:58:51.831+03:00,41.416624,V2_EXTENSION,Waiting for controlled touchdown,1,1,10.0,5.46,-0.40078987186931614,0.0,0.4999999961268166,356.9999996891463,1500,1500,1655,1500,1500,1500,1657,1500,4.54,-10.0,-10.499999996126817
2026-08-06T16:58:51.852+03:00,41.437258,V2_EXTENSION,Waiting for controlled touchdown,1,1,10.0,5.46,-0.40078987186931614,0.0,0.4999999961268166,356.9999996891463,1500,1500,1655,1500,1500,1500,1655,1500,4.54,-10.0,-10.499999996126817
2026-08-06T16:58:51.883+03:00,41.468147,V2_EXTENSION,Waiting for controlled touchdown,1,1,10.0,5.46,-0.40078987186931614,0.0,0.4999999961268166,356.9999996891463,1500,1500,1655,1500,1500,1500,1655,1500,4.54,-10.0,-10.499999996126817
2026-08-06T16:58:51.929+03:00,41.514295,V2_EXTENSION,Waiting for controlled touchdown,1,1,10.0,5.46,-0.40078987186931614,0.0,0.4999999961268166,356.9999996891463,1500,1500,1655,1500,1500,1500,1655,1500,4.54,-10.0,-10.499999996126817
2026-08-06T16:58:51.954+03:00,41.539875,V2_EXTENSION,Waiting for controlled touchdown,1,1,10.0,5.46,-0.40078987186931614,0.0,0.4999999961268166,356.9999996891463,1500,1500,1655,1500,1500,1500,1655,1500,4.54,-10.0,-10.499999996126817
2026-08-06T16:58:51.980+03:00,41.565613,V2_EXTENSION,Waiting for controlled touchdown,1,1,10.0,5.46,-0.40078987186931614,0.0,0.4999999961268166,356.9999996891463,1500,1500,1655,1500,1500,1500,1655,1500,4.54,-10.0,-10.499999996126817
2026-08-06T16:58:52.032+03:00,41.617001,V2_EXTENSION,Waiting for controlled touchdown,1,1,10.0,5.46,-0.40078987186931614,0.0,0.4999999961268166,356.9999996891463,1500,1500,1655,1500,1500,1500,1655,1500,4.54,-10.0,-10.499999996126817
2026-08-06T16:58:52.052+03:00,41.637534,V2_EXTENSION,Waiting for controlled touchdown,1,1,10.0,5.46,-0.40078987186931614,0.0,0.4999999961268166,356.9999996891463,1500,1500,1655,1500,1500,1500,1655,1500,4.54,-10.0,-10.499999996126817
2026-08-06T16:58:52.083+03:00,41.668324,V2_EXTENSION,Waiting for controlled touchdown,1,1,10.0,5.46,-0.40078987186931614,0.0,0.4999999961268166,356.9999996891463,1500,1500,1655,1500,1500,1500,1655,1500,4.54,-10.0,-10.499999996126817
2026-08-06T16:58:52.134+03:00,41.719528,V2_EXTENSION,Waiting for controlled touchdown,1,1,10.0,5.46,-0.40078987186931614,0.0,0.4999999961268166,356.9999996891463,1500,1500,1655,1500,1500,1500,1655,1500,4.54,-10.0,-10.499999996126817
2026-08-06T16:58:52.155+03:00,41.740110,V2_EXTENSION,Waiting for controlled touchdown,1,1,10.0,5.46,-0.40078987186931614,0.0,0.4999999961268166,356.9999996891463,1500,1500,1655,1500,1500,1500,1655,1500,4.54,-10.0,-10.499999996126817
2026-08-06T16:58:52.181+03:00,41.765920,V2_EXTENSION,Waiting for controlled touchdown,1,1,10.0,5.46,-0.40078987186931614,0.0,0.4999999961268166,356.9999996891463,1500,1500,1655,1500,1500,1500,1655,1500,4.54,-10.0,-10.499999996126817
2026-08-06T16:58:52.232+03:00,41.817163,V2_EXTENSION,Waiting for controlled touchdown,1,1,10.0,5.46,-0.40078987186931614,0.0,0.4999999961268166,356.9999996891463,1500,1500,1655,1500,1500,1500,1655,1500,4.54,-10.0,-10.499999996126817
2026-08-06T16:58:52.252+03:00,41.837760,V2_EXTENSION,Waiting for controlled touchdown,1,1,10.0,5.46,-0.40078987186931614,0.0,0.4999999961268166,356.9999996891463,1500,1500,1655,1500,1500,1500,1655,1500,4.54,-10.0,-10.499999996126817
2026-08-06T16:58:52.268+03:00,41.853666,GLOBAL_POSITION_INT,Waiting for controlled touchdown,1,1,10.0,5.02,-0.8814078055274928,0.0,0.4999999961268166,356.9999996891463,1500,1500,1655,1500,1500,1500,1655,1500,4.98,-10.0,-10.499999996126817
2026-08-06T16:58:52.268+03:00,41.853814,ATTITUDE,Waiting for controlled touchdown,1,1,10.0,5.02,-0.8814078055274928,0.0,0.4999999961268166,356.9999996891463,1500,1500,1655,1500,1500,1500,1655,1500,4.98,-10.0,-10.499999996126817
2026-08-06T16:58:52.269+03:00,41.853943,RC_CHANNELS,Waiting for controlled touchdown,1,1,10.0,5.02,-0.8814078055274928,0.0,0.4999999961268166,356.9999996891463,1500,1500,1655,1500,1500,1500,1655,1500,4.98,-10.0,-10.499999996126817
2026-08-06T16:58:52.284+03:00,41.869531,V2_EXTENSION,Waiting for controlled touchdown,1,1,10.0,5.02,-0.8814078055274928,0.0,0.4999999961268166,356.9999996891463,1500,1500,1679,1500,1500,1500,1655,1500,4.98,-10.0,-10.499999996126817
2026-08-06T16:58:52.331+03:00,41.916245,V2_EXTENSION,Waiting for controlled touchdown,1,1,10.0,5.02,-0.8814078055274928,0.0,0.4999999961268166,356.9999996891463,1500,1500,1679,1500,1500,1500,1655,1500,4.98,-10.0,-10.499999996126817
2026-08-06T16:58:52.351+03:00,41.936828,V2_EXTENSION,Waiting for controlled touchdown,1,1,10.0,5.02,-0.8814078055274928,0.0,0.4999999961268166,356.9999996891463,1500,1500,1679,1500,1500,1500,1679,1500,4.98,-10.0,-10.499999996126817
2026-08-06T16:58:52.382+03:00,41.967720,V2_EXTENSION,Waiting for controlled touchdown,1,1,10.0,5.02,-0.8814078055274928,0.0,0.4999999961268166,356.9999996891463,1500,1500,1679,1500,1500,1500,1679,1500,4.98,-10.0,-10.499999996126817
2026-08-06T16:58:52.434+03:00,42.018961,V2_EXTENSION,Waiting for controlled touchdown,1,1,10.0,5.02,-0.8814078055274928,0.0,0.4999999961268166,356.9999996891463,1500,1500,1679,1500,1500,1500,1679,1500,4.98,-10.0,-10.499999996126817
2026-08-06T16:58:52.454+03:00,42.039484,V2_EXTENSION,Waiting for controlled touchdown,1,1,10.0,5.02,-0.8814078055274928,0.0,0.4999999961268166,356.9999996891463,1500,1500,1679,1500,1500,1500,1679,1500,4.98,-10.0,-10.499999996126817
2026-08-06T16:58:52.485+03:00,42.070361,V2_EXTENSION,Waiting for controlled touchdown,1,1,10.0,5.02,-0.8814078055274928,0.0,0.4999999961268166,356.9999996891463,1500,1500,1679,1500,1500,1500,1679,1500,4.98,-10.0,-10.499999996126817
2026-08-06T16:58:52.531+03:00,42.116504,V2_EXTENSION,Waiting for controlled touchdown,1,1,10.0,5.02,-0.8814078055274928,0.0,0.4999999961268166,356.9999996891463,1500,1500,1679,1500,1500,1500,1679,1500,4.98,-10.0,-10.499999996126817
2026-08-06T16:58:52.552+03:00,42.137116,V2_EXTENSION,Waiting for controlled touchdown,1,1,10.0,5.02,-0.8814078055274928,0.0,0.4999999961268166,356.9999996891463,1500,1500,1679,1500,1500,1500,1679,1500,4.98,-10.0,-10.499999996126817
2026-08-06T16:58:52.583+03:00,42.167997,V2_EXTENSION,Waiting for controlled touchdown,1,1,10.0,5.02,-0.8814078055274928,0.0,0.4999999961268166,356.9999996891463,1500,1500,1679,1500,1500,1500,1679,1500,4.98,-10.0,-10.499999996126817
2026-08-06T16:58:52.634+03:00,42.219165,V2_EXTENSION,Waiting for controlled touchdown,1,1,10.0,5.02,-0.8814078055274928,0.0,0.4999999961268166,356.9999996891463,1500,1500,1679,1500,1500,1500,1679,1500,4.98,-10.0,-10.499999996126817
2026-08-06T16:58:52.654+03:00,42.239755,V2_EXTENSION,Waiting for controlled touchdown,1,1,10.0,5.02,-0.8814078055274928,0.0,0.4999999961268166,356.9999996891463,1500,1500,1679,1500,1500,1500,1679,1500,4.98,-10.0,-10.499999996126817
2026-08-06T16:58:52.685+03:00,42.270700,V2_EXTENSION,Waiting for controlled touchdown,1,1,10.0,5.02,-0.8814078055274928,0.0,0.4999999961268166,356.9999996891463,1500,1500,1679,1500,1500,1500,1679,1500,4.98,-10.0,-10.499999996126817
2026-08-06T16:58:52.731+03:00,42.316829,V2_EXTENSION,Waiting for controlled touchdown,1,1,10.0,5.02,-0.8814078055274928,0.0,0.4999999961268166,356.9999996891463,1500,1500,1679,1500,1500,1500,1679,1500,4.98,-10.0,-10.499999996126817
2026-08-06T16:58:52.752+03:00,42.337477,V2_EXTENSION,Waiting for controlled touchdown,1,1,10.0,5.02,-0.8814078055274928,0.0,0.4999999961268166,356.9999996891463,1500,1500,1679,1500,1500,1500,1679,1500,4.98,-10.0,-10.499999996126817
2026-08-06T16:58:52.768+03:00,42.353019,GLOBAL_POSITION_INT,Waiting for controlled touchdown,1,1,10.0,4.76,-0.5206683904359504,0.0,0.4999999961268166,356.9999996891463,1500,1500,1679,1500,1500,1500,1679,1500,5.24,-10.0,-10.499999996126817
2026-08-06T16:58:52.768+03:00,42.353152,ATTITUDE,Waiting for controlled touchdown,1,1,10.0,4.76,-0.5206683904359504,0.0,0.3999999969014533,356.9999996891463,1500,1500,1679,1500,1500,1500,1679,1500,5.24,-10.0,-10.399999996901453
2026-08-06T16:58:52.768+03:00,42.353268,RC_CHANNELS,Waiting for controlled touchdown,1,1,10.0,4.76,-0.5206683904359504,0.0,0.3999999969014533,356.9999996891463,1500,1500,1679,1500,1500,1500,1679,1500,5.24,-10.0,-10.399999996901453
2026-08-06T16:58:52.783+03:00,42.368807,V2_EXTENSION,Waiting for controlled touchdown,1,1,10.0,4.76,-0.5206683904359504,0.0,0.3999999969014533,356.9999996891463,1500,1500,1679,1500,1500,1500,1679,1500,5.24,-10.0,-10.399999996901453
2026-08-06T16:58:52.835+03:00,42.420354,V2_EXTENSION,Waiting for controlled touchdown,1,1,10.0,4.76,-0.5206683904359504,0.0,0.3999999969014533,356.9999996891463,1500,1500,1661,1500,1500,1500,1679,1500,5.24,-10.0,-10.399999996901453
2026-08-06T16:58:52.856+03:00,42.441026,V2_EXTENSION,Waiting for controlled touchdown,1,1,10.0,4.76,-0.5206683904359504,0.0,0.3999999969014533,356.9999996891463,1500,1500,1661,1500,1500,1500,1661,1500,5.24,-10.0,-10.399999996901453
2026-08-06T16:58:52.886+03:00,42.471826,V2_EXTENSION,Waiting for controlled touchdown,1,1,10.0,4.76,-0.5206683904359504,0.0,0.3999999969014533,356.9999996891463,1500,1500,1661,1500,1500,1500,1661,1500,5.24,-10.0,-10.399999996901453
2026-08-06T16:58:52.933+03:00,42.518218,V2_EXTENSION,Waiting for controlled touchdown,1,1,10.0,4.76,-0.5206683904359504,0.0,0.3999999969014533,356.9999996891463,1500,1500,1661,1500,1500,1500,1661,1500,5.24,-10.0,-10.399999996901453
2026-08-06T16:58:52.953+03:00,42.538778,V2_EXTENSION,Waiting for controlled touchdown,1,1,10.0,4.76,-0.5206683904359504,0.0,0.3999999969014533,356.9999996891463,1500,1500,1661,1500,1500,1500,1661,1500,5.24,-10.0,-10.399999996901453
2026-08-06T16:58:52.984+03:00,42.569588,V2_EXTENSION,Waiting for controlled touchdown,1,1,10.0,4.76,-0.5206683904359504,0.0,0.3999999969014533,356.9999996891463,1500,1500,1661,1500,1500,1500,1661,1500,5.24,-10.0,-10.399999996901453
2026-08-06T16:58:53.035+03:00,42.620873,V2_EXTENSION,Waiting for controlled touchdown,1,1,10.0,4.76,-0.5206683904359504,0.0,0.3999999969014533,356.9999996891463,1500,1500,1661,1500,1500,1500,1661,1500,5.24,-10.0,-10.399999996901453
2026-08-06T16:58:53.056+03:00,42.641355,V2_EXTENSION,Waiting for controlled touchdown,1,1,10.0,4.76,-0.5206683904359504,0.0,0.3999999969014533,356.9999996891463,1500,1500,1661,1500,1500,1500,1661,1500,5.24,-10.0,-10.399999996901453
2026-08-06T16:58:53.087+03:00,42.672144,V2_EXTENSION,Waiting for controlled touchdown,1,1,10.0,4.76,-0.5206683904359504,0.0,0.3999999969014533,356.9999996891463,1500,1500,1661,1500,1500,1500,1661,1500,5.24,-10.0,-10.399999996901453
2026-08-06T16:58:53.133+03:00,42.718358,V2_EXTENSION,Waiting for controlled touchdown,1,1,10.0,4.76,-0.5206683904359504,0.0,0.3999999969014533,356.9999996891463,1500,1500,1661,1500,1500,1500,1661,1500,5.24,-10.0,-10.399999996901453
2026-08-06T16:58:53.154+03:00,42.738914,V2_EXTENSION,Waiting for controlled touchdown,1,1,10.0,4.76,-0.5206683904359504,0.0,0.3999999969014533,356.9999996891463,1500,1500,1661,1500,1500,1500,1661,1500,5.24,-10.0,-10.399999996901453
2026-08-06T16:58:53.184+03:00,42.769806,V2_EXTENSION,Waiting for controlled touchdown,1,1,10.0,4.76,-0.5206683904359504,0.0,0.3999999969014533,356.9999996891463,1500,1500,1661,1500,1500,1500,1661,1500,5.24,-10.0,-10.399999996901453
2026-08-06T16:58:53.236+03:00,42.821022,V2_EXTENSION,Waiting for controlled touchdown,1,1,10.0,4.76,-0.5206683904359504,0.0,0.3999999969014533,356.9999996891463,1500,1500,1661,1500,1500,1500,1661,1500,5.24,-10.0,-10.399999996901453
2026-08-06T16:58:53.256+03:00,42.841496,V2_EXTENSION,Waiting for controlled touchdown,1,1,10.0,4.76,-0.5206683904359504,0.0,0.3999999969014533,356.9999996891463,1500,1500,1661,1500,1500,1500,1661,1500,5.24,-10.0,-10.399999996901453
2026-08-06T16:58:53.266+03:00,42.851860,GLOBAL_POSITION_INT,Waiting for controlled touchdown,1,1,10.0,4.36,-0.8018405318879115,0.0,0.3999999969014533,356.9999996891463,1500,1500,1661,1500,1500,1500,1661,1500,5.64,-10.0,-10.399999996901453
2026-08-06T16:58:53.267+03:00,42.851960,ATTITUDE,Waiting for controlled touchdown,1,1,10.0,4.36,-0.8018405318879115,0.0,0.29999999767609,356.9999996891463,1500,1500,1661,1500,1500,1500,1661,1500,5.64,-10.0,-10.29999999767609
2026-08-06T16:58:53.267+03:00,42.852064,RC_CHANNELS,Waiting for controlled touchdown,1,1,10.0,4.36,-0.8018405318879115,0.0,0.29999999767609,356.9999996891463,1500,1500,1661,1500,1500,1500,1661,1500,5.64,-10.0,-10.29999999767609
2026-08-06T16:58:53.287+03:00,42.872815,V2_EXTENSION,Waiting for controlled touchdown,1,1,10.0,4.36,-0.8018405318879115,0.0,0.29999999767609,356.9999996891463,1500,1500,1675,1500,1500,1500,1661,1500,5.64,-10.0,-10.29999999767609
2026-08-06T16:58:53.334+03:00,42.919146,V2_EXTENSION,Waiting for controlled touchdown,1,1,10.0,4.36,-0.8018405318879115,0.0,0.29999999767609,356.9999996891463,1500,1500,1675,1500,1500,1500,1661,1500,5.64,-10.0,-10.29999999767609
2026-08-06T16:58:53.354+03:00,42.939810,V2_EXTENSION,Waiting for controlled touchdown,1,1,10.0,4.36,-0.8018405318879115,0.0,0.29999999767609,356.9999996891463,1500,1500,1675,1500,1500,1500,1675,1500,5.64,-10.0,-10.29999999767609
2026-08-06T16:58:53.385+03:00,42.970806,V2_EXTENSION,Waiting for controlled touchdown,1,1,10.0,4.36,-0.8018405318879115,0.0,0.29999999767609,356.9999996891463,1500,1500,1675,1500,1500,1500,1675,1500,5.64,-10.0,-10.29999999767609
2026-08-06T16:58:53.437+03:00,43.022019,V2_EXTENSION,Waiting for controlled touchdown,1,1,10.0,4.36,-0.8018405318879115,0.0,0.29999999767609,356.9999996891463,1500,1500,1675,1500,1500,1500,1675,1500,5.64,-10.0,-10.29999999767609
2026-08-06T16:58:53.457+03:00,43.042505,V2_EXTENSION,Waiting for controlled touchdown,1,1,10.0,4.36,-0.8018405318879115,0.0,0.29999999767609,356.9999996891463,1500,1500,1675,1500,1500,1500,1675,1500,5.64,-10.0,-10.29999999767609
2026-08-06T16:58:53.488+03:00,43.073397,V2_EXTENSION,Waiting for controlled touchdown,1,1,10.0,4.36,-0.8018405318879115,0.0,0.29999999767609,356.9999996891463,1500,1500,1675,1500,1500,1500,1675,1500,5.64,-10.0,-10.29999999767609
2026-08-06T16:58:53.539+03:00,43.124591,V2_EXTENSION,Waiting for controlled touchdown,1,1,10.0,4.36,-0.8018405318879115,0.0,0.29999999767609,356.9999996891463,1500,1500,1675,1500,1500,1500,1675,1500,5.64,-10.0,-10.29999999767609
2026-08-06T16:58:53.555+03:00,43.140061,V2_EXTENSION,Waiting for controlled touchdown,1,1,10.0,4.36,-0.8018405318879115,0.0,0.29999999767609,356.9999996891463,1500,1500,1675,1500,1500,1500,1675,1500,5.64,-10.0,-10.29999999767609
2026-08-06T16:58:53.585+03:00,43.170849,V2_EXTENSION,Waiting for controlled touchdown,1,1,10.0,4.36,-0.8018405318879115,0.0,0.29999999767609,356.9999996891463,1500,1500,1675,1500,1500,1500,1675,1500,5.64,-10.0,-10.29999999767609
2026-08-06T16:58:53.637+03:00,43.222113,V2_EXTENSION,Waiting for controlled touchdown,1,1,10.0,4.36,-0.8018405318879115,0.0,0.29999999767609,356.9999996891463,1500,1500,1675,1500,1500,1500,1675,1500,5.64,-10.0,-10.29999999767609
2026-08-06T16:58:53.657+03:00,43.242733,V2_EXTENSION,Waiting for controlled touchdown,1,1,10.0,4.36,-0.8018405318879115,0.0,0.29999999767609,356.9999996891463,1500,1500,1675,1500,1500,1500,1675,1500,5.64,-10.0,-10.29999999767609
2026-08-06T16:58:53.688+03:00,43.273521,V2_EXTENSION,Waiting for controlled touchdown,1,1,10.0,4.36,-0.8018405318879115,0.0,0.29999999767609,356.9999996891463,1500,1500,1675,1500,1500,1500,1675,1500,5.64,-10.0,-10.29999999767609
2026-08-06T16:58:53.739+03:00,43.324849,V2_EXTENSION,Waiting for controlled touchdown,1,1,10.0,4.36,-0.8018405318879115,0.0,0.29999999767609,356.9999996891463,1500,1500,1675,1500,1500,1500,1675,1500,5.64,-10.0,-10.29999999767609
2026-08-06T16:58:53.755+03:00,43.340276,V2_EXTENSION,Waiting for controlled touchdown,1,1,10.0,4.36,-0.8018405318879115,0.0,0.29999999767609,356.9999996891463,1500,1500,1675,1500,1500,1500,1675,1500,5.64,-10.0,-10.29999999767609
2026-08-06T16:58:53.770+03:00,43.355704,GLOBAL_POSITION_INT,Waiting for controlled touchdown,1,1,10.0,4.12,-0.47634479775639543,0.0,0.29999999767609,356.9999996891463,1500,1500,1675,1500,1500,1500,1675,1500,5.88,-10.0,-10.29999999767609
2026-08-06T16:58:53.770+03:00,43.355847,ATTITUDE,Waiting for controlled touchdown,1,1,10.0,4.12,-0.47634479775639543,0.0,-0.09999999922536333,356.9999996891463,1500,1500,1675,1500,1500,1500,1675,1500,5.88,-10.0,-9.900000000774636
2026-08-06T16:58:53.771+03:00,43.355969,RC_CHANNELS,Waiting for controlled touchdown,1,1,10.0,4.12,-0.47634479775639543,0.0,-0.09999999922536333,356.9999996891463,1500,1500,1675,1500,1500,1500,1675,1500,5.88,-10.0,-9.900000000774636
2026-08-06T16:58:53.787+03:00,43.371896,V2_EXTENSION,Waiting for controlled touchdown,1,1,10.0,4.12,-0.47634479775639543,0.0,-0.09999999922536333,356.9999996891463,1500,1500,1658,1500,1500,1500,1675,1500,5.88,-10.0,-9.900000000774636
2026-08-06T16:58:53.838+03:00,43.423375,V2_EXTENSION,Waiting for controlled touchdown,1,1,10.0,4.12,-0.47634479775639543,0.0,-0.09999999922536333,356.9999996891463,1500,1500,1658,1500,1500,1500,1675,1500,5.88,-10.0,-9.900000000774636
2026-08-06T16:58:53.853+03:00,43.438815,V2_EXTENSION,Waiting for controlled touchdown,1,1,10.0,4.12,-0.47634479775639543,0.0,-0.09999999922536333,356.9999996891463,1500,1500,1658,1500,1500,1500,1658,1500,5.88,-10.0,-9.900000000774636
2026-08-06T16:58:53.889+03:00,43.474793,V2_EXTENSION,Waiting for controlled touchdown,1,1,10.0,4.12,-0.47634479775639543,0.0,-0.09999999922536333,356.9999996891463,1500,1500,1658,1500,1500,1500,1658,1500,5.88,-10.0,-9.900000000774636
2026-08-06T16:58:53.936+03:00,43.521008,V2_EXTENSION,Waiting for controlled touchdown,1,1,10.0,4.12,-0.47634479775639543,0.0,-0.09999999922536333,356.9999996891463,1500,1500,1658,1500,1500,1500,1658,1500,5.88,-10.0,-9.900000000774636
2026-08-06T16:58:53.956+03:00,43.541698,V2_EXTENSION,Waiting for controlled touchdown,1,1,10.0,4.12,-0.47634479775639543,0.0,-0.09999999922536333,356.9999996891463,1500,1500,1658,1500,1500,1500,1658,1500,5.88,-10.0,-9.900000000774636
2026-08-06T16:58:53.987+03:00,43.572733,V2_EXTENSION,Waiting for controlled touchdown,1,1,10.0,4.12,-0.47634479775639543,0.0,-0.09999999922536333,356.9999996891463,1500,1500,1658,1500,1500,1500,1658,1500,5.88,-10.0,-9.900000000774636
2026-08-06T16:58:54.039+03:00,43.624069,V2_EXTENSION,Waiting for controlled touchdown,1,1,10.0,4.12,-0.47634479775639543,0.0,-0.09999999922536333,356.9999996891463,1500,1500,1658,1500,1500,1500,1658,1500,5.88,-10.0,-9.900000000774636
2026-08-06T16:58:54.054+03:00,43.639517,V2_EXTENSION,Waiting for controlled touchdown,1,1,10.0,4.12,-0.47634479775639543,0.0,-0.09999999922536333,356.9999996891463,1500,1500,1658,1500,1500,1500,1658,1500,5.88,-10.0,-9.900000000774636
2026-08-06T16:58:54.090+03:00,43.675458,V2_EXTENSION,Waiting for controlled touchdown,1,1,10.0,4.12,-0.47634479775639543,0.0,-0.09999999922536333,356.9999996891463,1500,1500,1658,1500,1500,1500,1658,1500,5.88,-10.0,-9.900000000774636
2026-08-06T16:58:54.136+03:00,43.721666,V2_EXTENSION,Waiting for controlled touchdown,1,1,10.0,4.12,-0.47634479775639543,0.0,-0.09999999922536333,356.9999996891463,1500,1500,1658,1500,1500,1500,1658,1500,5.88,-10.0,-9.900000000774636
2026-08-06T16:58:54.157+03:00,43.742246,V2_EXTENSION,Waiting for controlled touchdown,1,1,10.0,4.12,-0.47634479775639543,0.0,-0.09999999922536333,356.9999996891463,1500,1500,1658,1500,1500,1500,1658,1500,5.88,-10.0,-9.900000000774636
2026-08-06T16:58:54.188+03:00,43.773138,V2_EXTENSION,Waiting for controlled touchdown,1,1,10.0,4.12,-0.47634479775639543,0.0,-0.09999999922536333,356.9999996891463,1500,1500,1658,1500,1500,1500,1658,1500,5.88,-10.0,-9.900000000774636
2026-08-06T16:58:54.239+03:00,43.824365,V2_EXTENSION,Waiting for controlled touchdown,1,1,10.0,4.12,-0.47634479775639543,0.0,-0.09999999922536333,356.9999996891463,1500,1500,1658,1500,1500,1500,1658,1500,5.88,-10.0,-9.900000000774636
2026-08-06T16:58:54.254+03:00,43.839860,V2_EXTENSION,Waiting for controlled touchdown,1,1,10.0,4.12,-0.47634479775639543,0.0,-0.09999999922536333,356.9999996891463,1500,1500,1658,1500,1500,1500,1658,1500,5.88,-10.0,-9.900000000774636
2026-08-06T16:58:54.270+03:00,43.855332,GLOBAL_POSITION_INT,Waiting for controlled touchdown,1,1,10.0,3.99,-0.26019561140073194,0.0,-0.09999999922536333,356.9999996891463,1500,1500,1658,1500,1500,1500,1658,1500,6.01,-10.0,-9.900000000774636
2026-08-06T16:58:54.270+03:00,43.855486,ATTITUDE,Waiting for controlled touchdown,1,1,10.0,3.99,-0.26019561140073194,0.0,-0.29999999767609,356.9999996891463,1500,1500,1658,1500,1500,1500,1658,1500,6.01,-10.0,-9.70000000232391
2026-08-06T16:58:54.270+03:00,43.855603,RC_CHANNELS,Waiting for controlled touchdown,1,1,10.0,3.99,-0.26019561140073194,0.0,-0.29999999767609,356.9999996891463,1500,1500,1658,1500,1500,1500,1658,1500,6.01,-10.0,-9.70000000232391
2026-08-06T16:58:54.291+03:00,43.876303,V2_EXTENSION,Waiting for controlled touchdown,1,1,10.0,3.99,-0.26019561140073194,0.0,-0.29999999767609,356.9999996891463,1500,1500,1648,1500,1500,1500,1658,1500,6.01,-10.0,-9.70000000232391
2026-08-06T16:58:54.337+03:00,43.922600,V2_EXTENSION,Waiting for controlled touchdown,1,1,10.0,3.99,-0.26019561140073194,0.0,-0.29999999767609,356.9999996891463,1500,1500,1648,1500,1500,1500,1658,1500,6.01,-10.0,-9.70000000232391
2026-08-06T16:58:54.358+03:00,43.943298,V2_EXTENSION,Waiting for controlled touchdown,1,1,10.0,3.99,-0.26019561140073194,0.0,-0.29999999767609,356.9999996891463,1500,1500,1648,1500,1500,1500,1648,1500,6.01,-10.0,-9.70000000232391
2026-08-06T16:58:54.389+03:00,43.974132,V2_EXTENSION,Waiting for controlled touchdown,1,1,10.0,3.99,-0.26019561140073194,0.0,-0.29999999767609,356.9999996891463,1500,1500,1648,1500,1500,1500,1648,1500,6.01,-10.0,-9.70000000232391
2026-08-06T16:58:54.440+03:00,44.025623,V2_EXTENSION,Waiting for controlled touchdown,1,1,10.0,3.99,-0.26019561140073194,0.0,-0.29999999767609,356.9999996891463,1500,1500,1648,1500,1500,1500,1648,1500,6.01,-10.0,-9.70000000232391
2026-08-06T16:58:54.456+03:00,44.041109,V2_EXTENSION,Waiting for controlled touchdown,1,1,10.0,3.99,-0.26019561140073194,0.0,-0.29999999767609,356.9999996891463,1500,1500,1648,1500,1500,1500,1648,1500,6.01,-10.0,-9.70000000232391
2026-08-06T16:58:54.492+03:00,44.076984,V2_EXTENSION,Waiting for controlled touchdown,1,1,10.0,3.99,-0.26019561140073194,0.0,-0.29999999767609,356.9999996891463,1500,1500,1648,1500,1500,1500,1648,1500,6.01,-10.0,-9.70000000232391
2026-08-06T16:58:54.538+03:00,44.123229,V2_EXTENSION,Waiting for controlled touchdown,1,1,10.0,3.99,-0.26019561140073194,0.0,-0.29999999767609,356.9999996891463,1500,1500,1648,1500,1500,1500,1648,1500,6.01,-10.0,-9.70000000232391
2026-08-06T16:58:54.558+03:00,44.143805,V2_EXTENSION,Waiting for controlled touchdown,1,1,10.0,3.99,-0.26019561140073194,0.0,-0.29999999767609,356.9999996891463,1500,1500,1648,1500,1500,1500,1648,1500,6.01,-10.0,-9.70000000232391
2026-08-06T16:58:54.589+03:00,44.174639,V2_EXTENSION,Waiting for controlled touchdown,1,1,10.0,3.99,-0.26019561140073194,0.0,-0.29999999767609,356.9999996891463,1500,1500,1648,1500,1500,1500,1648,1500,6.01,-10.0,-9.70000000232391
2026-08-06T16:58:54.641+03:00,44.226003,V2_EXTENSION,Waiting for controlled touchdown,1,1,10.0,3.99,-0.26019561140073194,0.0,-0.29999999767609,356.9999996891463,1500,1500,1648,1500,1500,1500,1648,1500,6.01,-10.0,-9.70000000232391
2026-08-06T16:58:54.656+03:00,44.241408,V2_EXTENSION,Waiting for controlled touchdown,1,1,10.0,3.99,-0.26019561140073194,0.0,-0.29999999767609,356.9999996891463,1500,1500,1648,1500,1500,1500,1648,1500,6.01,-10.0,-9.70000000232391
2026-08-06T16:58:54.692+03:00,44.277445,V2_EXTENSION,Waiting for controlled touchdown,1,1,10.0,3.99,-0.26019561140073194,0.0,-0.29999999767609,356.9999996891463,1500,1500,1648,1500,1500,1500,1648,1500,6.01,-10.0,-9.70000000232391
2026-08-06T16:58:54.743+03:00,44.328789,V2_EXTENSION,Waiting for controlled touchdown,1,1,10.0,3.99,-0.26019561140073194,0.0,-0.29999999767609,356.9999996891463,1500,1500,1648,1500,1500,1500,1648,1500,6.01,-10.0,-9.70000000232391
2026-08-06T16:58:54.759+03:00,44.344244,V2_EXTENSION,Waiting for controlled touchdown,1,1,10.0,3.99,-0.26019561140073194,0.0,-0.29999999767609,356.9999996891463,1500,1500,1648,1500,1500,1500,1648,1500,6.01,-10.0,-9.70000000232391
2026-08-06T16:58:54.769+03:00,44.354669,GLOBAL_POSITION_INT,Waiting for controlled touchdown,1,1,10.0,3.82,-0.3404461778903107,0.0,-0.29999999767609,356.9999996891463,1500,1500,1648,1500,1500,1500,1648,1500,6.18,-10.0,-9.70000000232391
2026-08-06T16:58:54.769+03:00,44.354774,ATTITUDE,Waiting for controlled touchdown,1,1,10.0,3.82,-0.3404461778903107,0.0,-0.3999999969014533,356.9999996891463,1500,1500,1648,1500,1500,1500,1648,1500,6.18,-10.0,-9.600000003098547
2026-08-06T16:58:54.770+03:00,44.354882,RC_CHANNELS,Waiting for controlled touchdown,1,1,10.0,3.82,-0.3404461778903107,0.0,-0.3999999969014533,356.9999996891463,1500,1500,1648,1500,1500,1500,1648,1500,6.18,-10.0,-9.600000003098547
2026-08-06T16:58:54.791+03:00,44.376174,V2_EXTENSION,Waiting for controlled touchdown,1,1,10.0,3.82,-0.3404461778903107,0.0,-0.3999999969014533,356.9999996891463,1500,1500,1652,1500,1500,1500,1648,1500,6.18,-10.0,-9.600000003098547
2026-08-06T16:58:54.842+03:00,44.427615,V2_EXTENSION,Waiting for controlled touchdown,1,1,10.0,3.82,-0.3404461778903107,0.0,-0.3999999969014533,356.9999996891463,1500,1500,1652,1500,1500,1500,1648,1500,6.18,-10.0,-9.600000003098547
2026-08-06T16:58:54.858+03:00,44.443078,V2_EXTENSION,Waiting for controlled touchdown,1,1,10.0,3.82,-0.3404461778903107,0.0,-0.3999999969014533,356.9999996891463,1500,1500,1652,1500,1500,1500,1652,1500,6.18,-10.0,-9.600000003098547
2026-08-06T16:58:54.894+03:00,44.479041,V2_EXTENSION,Waiting for controlled touchdown,1,1,10.0,3.82,-0.3404461778903107,0.0,-0.3999999969014533,356.9999996891463,1500,1500,1652,1500,1500,1500,1652,1500,6.18,-10.0,-9.600000003098547
2026-08-06T16:58:54.940+03:00,44.525354,V2_EXTENSION,Waiting for controlled touchdown,1,1,10.0,3.82,-0.3404461778903107,0.0,-0.3999999969014533,356.9999996891463,1500,1500,1652,1500,1500,1500,1652,1500,6.18,-10.0,-9.600000003098547
2026-08-06T16:58:54.955+03:00,44.540826,V2_EXTENSION,Waiting for controlled touchdown,1,1,10.0,3.82,-0.3404461778903107,0.0,-0.3999999969014533,356.9999996891463,1500,1500,1652,1500,1500,1500,1652,1500,6.18,-10.0,-9.600000003098547
2026-08-06T16:58:54.992+03:00,44.576953,V2_EXTENSION,Waiting for controlled touchdown,1,1,10.0,3.82,-0.3404461778903107,0.0,-0.3999999969014533,356.9999996891463,1500,1500,1652,1500,1500,1500,1652,1500,6.18,-10.0,-9.600000003098547
2026-08-06T16:58:55.043+03:00,44.628339,V2_EXTENSION,Waiting for controlled touchdown,1,1,10.0,3.82,-0.3404461778903107,0.0,-0.3999999969014533,356.9999996891463,1500,1500,1652,1500,1500,1500,1652,1500,6.18,-10.0,-9.600000003098547
2026-08-06T16:58:55.058+03:00,44.643782,V2_EXTENSION,Waiting for controlled touchdown,1,1,10.0,3.82,-0.3404461778903107,0.0,-0.3999999969014533,356.9999996891463,1500,1500,1652,1500,1500,1500,1652,1500,6.18,-10.0,-9.600000003098547
2026-08-06T16:58:55.094+03:00,44.679745,V2_EXTENSION,Waiting for controlled touchdown,1,1,10.0,3.82,-0.3404461778903107,0.0,-0.3999999969014533,356.9999996891463,1500,1500,1652,1500,1500,1500,1652,1500,6.18,-10.0,-9.600000003098547
2026-08-06T16:58:55.141+03:00,44.725913,V2_EXTENSION,Waiting for controlled touchdown,1,1,10.0,3.82,-0.3404461778903107,0.0,-0.3999999969014533,356.9999996891463,1500,1500,1652,1500,1500,1500,1652,1500,6.18,-10.0,-9.600000003098547
2026-08-06T16:58:55.156+03:00,44.741388,V2_EXTENSION,Waiting for controlled touchdown,1,1,10.0,3.82,-0.3404461778903107,0.0,-0.3999999969014533,356.9999996891463,1500,1500,1652,1500,1500,1500,1652,1500,6.18,-10.0,-9.600000003098547
2026-08-06T16:58:55.192+03:00,44.777463,V2_EXTENSION,Waiting for controlled touchdown,1,1,10.0,3.82,-0.3404461778903107,0.0,-0.3999999969014533,356.9999996891463,1500,1500,1652,1500,1500,1500,1652,1500,6.18,-10.0,-9.600000003098547
2026-08-06T16:58:55.243+03:00,44.828733,V2_EXTENSION,Waiting for controlled touchdown,1,1,10.0,3.82,-0.3404461778903107,0.0,-0.3999999969014533,356.9999996891463,1500,1500,1652,1500,1500,1500,1652,1500,6.18,-10.0,-9.600000003098547
2026-08-06T16:58:55.259+03:00,44.844240,V2_EXTENSION,Waiting for controlled touchdown,1,1,10.0,3.82,-0.3404461778903107,0.0,-0.3999999969014533,356.9999996891463,1500,1500,1652,1500,1500,1500,1652,1500,6.18,-10.0,-9.600000003098547
2026-08-06T16:58:55.269+03:00,44.854611,GLOBAL_POSITION_INT,Waiting for controlled touchdown,1,1,10.0,3.63,-0.3800458837003758,0.0,-0.3999999969014533,356.9999996891463,1500,1500,1652,1500,1500,1500,1652,1500,6.37,-10.0,-9.600000003098547
2026-08-06T16:58:55.269+03:00,44.854731,ATTITUDE,Waiting for controlled touchdown,1,1,10.0,3.63,-0.3800458837003758,0.0,-0.3999999969014533,356.9999996891463,1500,1500,1652,1500,1500,1500,1652,1500,6.37,-10.0,-9.600000003098547
2026-08-06T16:58:55.269+03:00,44.854852,RC_CHANNELS,Waiting for controlled touchdown,1,1,10.0,3.63,-0.3800458837003758,0.0,-0.3999999969014533,356.9999996891463,1500,1500,1652,1500,1500,1500,1652,1500,6.37,-10.0,-9.600000003098547
2026-08-06T16:58:55.290+03:00,44.875686,V2_EXTENSION,Waiting for controlled touchdown,1,1,10.0,3.63,-0.3800458837003758,0.0,-0.3999999969014533,356.9999996891463,1500,1500,1654,1500,1500,1500,1652,1500,6.37,-10.0,-9.600000003098547
2026-08-06T16:58:55.342+03:00,44.927185,V2_EXTENSION,Waiting for controlled touchdown,1,1,10.0,3.63,-0.3800458837003758,0.0,-0.3999999969014533,356.9999996891463,1500,1500,1654,1500,1500,1500,1652,1500,6.37,-10.0,-9.600000003098547
2026-08-06T16:58:55.357+03:00,44.942684,V2_EXTENSION,Waiting for controlled touchdown,1,1,10.0,3.63,-0.3800458837003758,0.0,-0.3999999969014533,356.9999996891463,1500,1500,1654,1500,1500,1500,1654,1500,6.37,-10.0,-9.600000003098547
2026-08-06T16:58:55.393+03:00,44.978660,V2_EXTENSION,Waiting for controlled touchdown,1,1,10.0,3.63,-0.3800458837003758,0.0,-0.3999999969014533,356.9999996891463,1500,1500,1654,1500,1500,1500,1654,1500,6.37,-10.0,-9.600000003098547
2026-08-06T16:58:55.445+03:00,45.029949,V2_EXTENSION,Waiting for controlled touchdown,1,1,10.0,3.63,-0.3800458837003758,0.0,-0.3999999969014533,356.9999996891463,1500,1500,1654,1500,1500,1500,1654,1500,6.37,-10.0,-9.600000003098547
2026-08-06T16:58:55.460+03:00,45.045321,V2_EXTENSION,Waiting for controlled touchdown,1,1,10.0,3.63,-0.3800458837003758,0.0,-0.3999999969014533,356.9999996891463,1500,1500,1654,1500,1500,1500,1654,1500,6.37,-10.0,-9.600000003098547
2026-08-06T16:58:55.491+03:00,45.076300,V2_EXTENSION,Waiting for controlled touchdown,1,1,10.0,3.63,-0.3800458837003758,0.0,-0.3999999969014533,356.9999996891463,1500,1500,1654,1500,1500,1500,1654,1500,6.37,-10.0,-9.600000003098547
2026-08-06T16:58:55.542+03:00,45.127627,V2_EXTENSION,Waiting for controlled touchdown,1,1,10.0,3.63,-0.3800458837003758,0.0,-0.3999999969014533,356.9999996891463,1500,1500,1654,1500,1500,1500,1654,1500,6.37,-10.0,-9.600000003098547
2026-08-06T16:58:55.558+03:00,45.143095,V2_EXTENSION,Waiting for controlled touchdown,1,1,10.0,3.63,-0.3800458837003758,0.0,-0.3999999969014533,356.9999996891463,1500,1500,1654,1500,1500,1500,1654,1500,6.37,-10.0,-9.600000003098547
2026-08-06T16:58:55.594+03:00,45.179234,V2_EXTENSION,Waiting for controlled touchdown,1,1,10.0,3.63,-0.3800458837003758,0.0,-0.3999999969014533,356.9999996891463,1500,1500,1654,1500,1500,1500,1654,1500,6.37,-10.0,-9.600000003098547
2026-08-06T16:58:55.645+03:00,45.230511,V2_EXTENSION,Waiting for controlled touchdown,1,1,10.0,3.63,-0.3800458837003758,0.0,-0.3999999969014533,356.9999996891463,1500,1500,1654,1500,1500,1500,1654,1500,6.37,-10.0,-9.600000003098547
2026-08-06T16:58:55.656+03:00,45.240918,V2_EXTENSION,Waiting for controlled touchdown,1,1,10.0,3.63,-0.3800458837003758,0.0,-0.3999999969014533,356.9999996891463,1500,1500,1654,1500,1500,1500,1654,1500,6.37,-10.0,-9.600000003098547
2026-08-06T16:58:55.692+03:00,45.276895,V2_EXTENSION,Waiting for controlled touchdown,1,1,10.0,3.63,-0.3800458837003758,0.0,-0.3999999969014533,356.9999996891463,1500,1500,1654,1500,1500,1500,1654,1500,6.37,-10.0,-9.600000003098547
2026-08-06T16:58:55.743+03:00,45.328352,V2_EXTENSION,Waiting for controlled touchdown,1,1,10.0,3.63,-0.3800458837003758,0.0,-0.3999999969014533,356.9999996891463,1500,1500,1654,1500,1500,1500,1654,1500,6.37,-10.0,-9.600000003098547
2026-08-06T16:58:55.759+03:00,45.344072,V2_EXTENSION,Waiting for controlled touchdown,1,1,10.0,3.63,-0.3800458837003758,0.0,-0.3999999969014533,356.9999996891463,1500,1500,1654,1500,1500,1500,1654,1500,6.37,-10.0,-9.600000003098547
2026-08-06T16:58:55.769+03:00,45.354596,GLOBAL_POSITION_INT,Waiting for controlled touchdown,1,1,10.0,3.32,-0.6200765731821926,0.0,-0.3999999969014533,356.9999996891463,1500,1500,1654,1500,1500,1500,1654,1500,6.68,-10.0,-9.600000003098547
2026-08-06T16:58:55.769+03:00,45.354815,ATTITUDE,Waiting for controlled touchdown,1,1,10.0,3.32,-0.6200765731821926,0.0,-0.3999999969014533,356.9999996891463,1500,1500,1654,1500,1500,1500,1654,1500,6.68,-10.0,-9.600000003098547
2026-08-06T16:58:55.770+03:00,45.355044,RC_CHANNELS,Waiting for controlled touchdown,1,1,10.0,3.32,-0.6200765731821926,0.0,-0.3999999969014533,356.9999996891463,1500,1500,1654,1500,1500,1500,1654,1500,6.68,-10.0,-9.600000003098547
2026-08-06T16:58:55.796+03:00,45.381750,V2_EXTENSION,Waiting for controlled touchdown,1,1,10.0,3.32,-0.6200765731821926,0.0,-0.3999999969014533,356.9999996891463,1500,1500,1666,1500,1500,1500,1654,1500,6.68,-10.0,-9.600000003098547
2026-08-06T16:58:55.843+03:00,45.428160,V2_EXTENSION,Waiting for controlled touchdown,1,1,10.0,3.32,-0.6200765731821926,0.0,-0.3999999969014533,356.9999996891463,1500,1500,1666,1500,1500,1500,1654,1500,6.68,-10.0,-9.600000003098547
2026-08-06T16:58:55.858+03:00,45.443795,V2_EXTENSION,Waiting for controlled touchdown,1,1,10.0,3.32,-0.6200765731821926,0.0,-0.3999999969014533,356.9999996891463,1500,1500,1666,1500,1500,1500,1666,1500,6.68,-10.0,-9.600000003098547
2026-08-06T16:58:55.894+03:00,45.479801,V2_EXTENSION,Waiting for controlled touchdown,1,1,10.0,3.32,-0.6200765731821926,0.0,-0.3999999969014533,356.9999996891463,1500,1500,1666,1500,1500,1500,1666,1500,6.68,-10.0,-9.600000003098547
2026-08-06T16:58:55.946+03:00,45.531144,V2_EXTENSION,Waiting for controlled touchdown,1,1,10.0,3.32,-0.6200765731821926,0.0,-0.3999999969014533,356.9999996891463,1500,1500,1666,1500,1500,1500,1666,1500,6.68,-10.0,-9.600000003098547
2026-08-06T16:58:55.956+03:00,45.541523,V2_EXTENSION,Waiting for controlled touchdown,1,1,10.0,3.32,-0.6200765731821926,0.0,-0.3999999969014533,356.9999996891463,1500,1500,1666,1500,1500,1500,1666,1500,6.68,-10.0,-9.600000003098547
2026-08-06T16:58:55.997+03:00,45.582786,V2_EXTENSION,Waiting for controlled touchdown,1,1,10.0,3.32,-0.6200765731821926,0.0,-0.3999999969014533,356.9999996891463,1500,1500,1666,1500,1500,1500,1666,1500,6.68,-10.0,-9.600000003098547
2026-08-06T16:58:56.044+03:00,45.629090,V2_EXTENSION,Waiting for controlled touchdown,1,1,10.0,3.32,-0.6200765731821926,0.0,-0.3999999969014533,356.9999996891463,1500,1500,1666,1500,1500,1500,1666,1500,6.68,-10.0,-9.600000003098547
2026-08-06T16:58:56.059+03:00,45.644505,V2_EXTENSION,Waiting for controlled touchdown,1,1,10.0,3.32,-0.6200765731821926,0.0,-0.3999999969014533,356.9999996891463,1500,1500,1666,1500,1500,1500,1666,1500,6.68,-10.0,-9.600000003098547
2026-08-06T16:58:56.095+03:00,45.680456,V2_EXTENSION,Waiting for controlled touchdown,1,1,10.0,3.32,-0.6200765731821926,0.0,-0.3999999969014533,356.9999996891463,1500,1500,1666,1500,1500,1500,1666,1500,6.68,-10.0,-9.600000003098547
2026-08-06T16:58:56.146+03:00,45.731828,V2_EXTENSION,Waiting for controlled touchdown,1,1,10.0,3.32,-0.6200765731821926,0.0,-0.3999999969014533,356.9999996891463,1500,1500,1666,1500,1500,1500,1666,1500,6.68,-10.0,-9.600000003098547
2026-08-06T16:58:56.157+03:00,45.742193,V2_EXTENSION,Waiting for controlled touchdown,1,1,10.0,3.32,-0.6200765731821926,0.0,-0.3999999969014533,356.9999996891463,1500,1500,1666,1500,1500,1500,1666,1500,6.68,-10.0,-9.600000003098547
2026-08-06T16:58:56.198+03:00,45.783302,V2_EXTENSION,Waiting for controlled touchdown,1,1,10.0,3.32,-0.6200765731821926,0.0,-0.3999999969014533,356.9999996891463,1500,1500,1666,1500,1500,1500,1666,1500,6.68,-10.0,-9.600000003098547
2026-08-06T16:58:56.244+03:00,45.829418,V2_EXTENSION,Waiting for controlled touchdown,1,1,10.0,3.32,-0.6200765731821926,0.0,-0.3999999969014533,356.9999996891463,1500,1500,1666,1500,1500,1500,1666,1500,6.68,-10.0,-9.600000003098547
2026-08-06T16:58:56.260+03:00,45.844915,V2_EXTENSION,Waiting for controlled touchdown,1,1,10.0,3.32,-0.6200765731821926,0.0,-0.3999999969014533,356.9999996891463,1500,1500,1666,1500,1500,1500,1666,1500,6.68,-10.0,-9.600000003098547
2026-08-06T16:58:56.270+03:00,45.855324,GLOBAL_POSITION_INT,Waiting for controlled touchdown,1,1,10.0,3.03,-0.5791009250129178,0.0,-0.3999999969014533,356.9999996891463,1500,1500,1666,1500,1500,1500,1666,1500,6.970000000000001,-10.0,-9.600000003098547
2026-08-06T16:58:56.270+03:00,45.855448,ATTITUDE,Waiting for controlled touchdown,1,1,10.0,3.03,-0.5791009250129178,0.0,-0.09999999922536333,356.9999996891463,1500,1500,1666,1500,1500,1500,1666,1500,6.970000000000001,-10.0,-9.900000000774636
2026-08-06T16:58:56.270+03:00,45.855580,RC_CHANNELS,Waiting for controlled touchdown,1,1,10.0,3.03,-0.5791009250129178,0.0,-0.09999999922536333,356.9999996891463,1500,1500,1666,1500,1500,1500,1666,1500,6.970000000000001,-10.0,-9.900000000774636
2026-08-06T16:58:56.296+03:00,45.881437,V2_EXTENSION,Waiting for controlled touchdown,1,1,10.0,3.03,-0.5791009250129178,0.0,-0.09999999922536333,356.9999996891463,1500,1500,1663,1500,1500,1500,1666,1500,6.970000000000001,-10.0,-9.900000000774636
2026-08-06T16:58:56.347+03:00,45.932860,V2_EXTENSION,Waiting for controlled touchdown,1,1,10.0,3.03,-0.5791009250129178,0.0,-0.09999999922536333,356.9999996891463,1500,1500,1663,1500,1500,1500,1666,1500,6.970000000000001,-10.0,-9.900000000774636
2026-08-06T16:58:56.358+03:00,45.943349,V2_EXTENSION,Waiting for controlled touchdown,1,1,10.0,3.03,-0.5791009250129178,0.0,-0.09999999922536333,356.9999996891463,1500,1500,1663,1500,1500,1500,1663,1500,6.970000000000001,-10.0,-9.900000000774636
2026-08-06T16:58:56.399+03:00,45.984494,V2_EXTENSION,Waiting for controlled touchdown,1,1,10.0,3.03,-0.5791009250129178,0.0,-0.09999999922536333,356.9999996891463,1500,1500,1663,1500,1500,1500,1663,1500,6.970000000000001,-10.0,-9.900000000774636
2026-08-06T16:58:56.445+03:00,46.030649,V2_EXTENSION,Waiting for controlled touchdown,1,1,10.0,3.03,-0.5791009250129178,0.0,-0.09999999922536333,356.9999996891463,1500,1500,1663,1500,1500,1500,1663,1500,6.970000000000001,-10.0,-9.900000000774636
2026-08-06T16:58:56.461+03:00,46.046125,V2_EXTENSION,Waiting for controlled touchdown,1,1,10.0,3.03,-0.5791009250129178,0.0,-0.09999999922536333,356.9999996891463,1500,1500,1663,1500,1500,1500,1663,1500,6.970000000000001,-10.0,-9.900000000774636
2026-08-06T16:58:56.497+03:00,46.082091,V2_EXTENSION,Waiting for controlled touchdown,1,1,10.0,3.03,-0.5791009250129178,0.0,-0.09999999922536333,356.9999996891463,1500,1500,1663,1500,1500,1500,1663,1500,6.970000000000001,-10.0,-9.900000000774636
2026-08-06T16:58:56.548+03:00,46.133298,V2_EXTENSION,Waiting for controlled touchdown,1,1,10.0,3.03,-0.5791009250129178,0.0,-0.09999999922536333,356.9999996891463,1500,1500,1663,1500,1500,1500,1663,1500,6.970000000000001,-10.0,-9.900000000774636
2026-08-06T16:58:56.558+03:00,46.143707,V2_EXTENSION,Waiting for controlled touchdown,1,1,10.0,3.03,-0.5791009250129178,0.0,-0.09999999922536333,356.9999996891463,1500,1500,1663,1500,1500,1500,1663,1500,6.970000000000001,-10.0,-9.900000000774636
2026-08-06T16:58:56.599+03:00,46.184745,V2_EXTENSION,Waiting for controlled touchdown,1,1,10.0,3.03,-0.5791009250129178,0.0,-0.09999999922536333,356.9999996891463,1500,1500,1663,1500,1500,1500,1663,1500,6.970000000000001,-10.0,-9.900000000774636
2026-08-06T16:58:56.646+03:00,46.230923,V2_EXTENSION,Waiting for controlled touchdown,1,1,10.0,3.03,-0.5791009250129178,0.0,-0.09999999922536333,356.9999996891463,1500,1500,1663,1500,1500,1500,1663,1500,6.970000000000001,-10.0,-9.900000000774636
2026-08-06T16:58:56.661+03:00,46.246372,V2_EXTENSION,Waiting for controlled touchdown,1,1,10.0,3.03,-0.5791009250129178,0.0,-0.09999999922536333,356.9999996891463,1500,1500,1663,1500,1500,1500,1663,1500,6.970000000000001,-10.0,-9.900000000774636
2026-08-06T16:58:56.697+03:00,46.282347,V2_EXTENSION,Waiting for controlled touchdown,1,1,10.0,3.03,-0.5791009250129178,0.0,-0.09999999922536333,356.9999996891463,1500,1500,1663,1500,1500,1500,1663,1500,6.970000000000001,-10.0,-9.900000000774636
2026-08-06T16:58:56.748+03:00,46.333620,V2_EXTENSION,Waiting for controlled touchdown,1,1,10.0,3.03,-0.5791009250129178,0.0,-0.09999999922536333,356.9999996891463,1500,1500,1663,1500,1500,1500,1663,1500,6.970000000000001,-10.0,-9.900000000774636
2026-08-06T16:58:56.759+03:00,46.343944,V2_EXTENSION,Waiting for controlled touchdown,1,1,10.0,3.03,-0.5791009250129178,0.0,-0.09999999922536333,356.9999996891463,1500,1500,1663,1500,1500,1500,1663,1500,6.970000000000001,-10.0,-9.900000000774636
2026-08-06T16:58:56.769+03:00,46.354338,GLOBAL_POSITION_INT,Waiting for controlled touchdown,1,1,10.0,2.79,-0.4809490412938869,0.0,-0.09999999922536333,356.9999996891463,1500,1500,1663,1500,1500,1500,1663,1500,7.21,-10.0,-9.900000000774636
2026-08-06T16:58:56.769+03:00,46.354450,ATTITUDE,Waiting for controlled touchdown,1,1,10.0,2.79,-0.4809490412938869,0.0,0.0,356.9999996891463,1500,1500,1663,1500,1500,1500,1663,1500,7.21,-10.0,-10.0
2026-08-06T16:58:56.769+03:00,46.354558,RC_CHANNELS,Waiting for controlled touchdown,1,1,10.0,2.79,-0.4809490412938869,0.0,0.0,356.9999996891463,1500,1500,1663,1500,1500,1500,1663,1500,7.21,-10.0,-10.0
2026-08-06T16:58:56.800+03:00,46.385561,V2_EXTENSION,Waiting for controlled touchdown,1,1,10.0,2.79,-0.4809490412938869,0.0,0.0,356.9999996891463,1500,1500,1659,1500,1500,1500,1663,1500,7.21,-10.0,-10.0
2026-08-06T16:58:56.847+03:00,46.431974,V2_EXTENSION,Waiting for controlled touchdown,1,1,10.0,2.79,-0.4809490412938869,0.0,0.0,356.9999996891463,1500,1500,1659,1500,1500,1500,1663,1500,7.21,-10.0,-10.0
2026-08-06T16:58:56.862+03:00,46.447380,V2_EXTENSION,Waiting for controlled touchdown,1,1,10.0,2.79,-0.4809490412938869,0.0,0.0,356.9999996891463,1500,1500,1659,1500,1500,1500,1659,1500,7.21,-10.0,-10.0
2026-08-06T16:58:56.898+03:00,46.483350,V2_EXTENSION,Waiting for controlled touchdown,1,1,10.0,2.79,-0.4809490412938869,0.0,0.0,356.9999996891463,1500,1500,1659,1500,1500,1500,1659,1500,7.21,-10.0,-10.0
2026-08-06T16:58:56.949+03:00,46.534710,V2_EXTENSION,Waiting for controlled touchdown,1,1,10.0,2.79,-0.4809490412938869,0.0,0.0,356.9999996891463,1500,1500,1659,1500,1500,1500,1659,1500,7.21,-10.0,-10.0
2026-08-06T16:58:56.960+03:00,46.545085,V2_EXTENSION,Waiting for controlled touchdown,1,1,10.0,2.79,-0.4809490412938869,0.0,0.0,356.9999996891463,1500,1500,1659,1500,1500,1500,1659,1500,7.21,-10.0,-10.0
2026-08-06T16:58:57.001+03:00,46.586228,V2_EXTENSION,Waiting for controlled touchdown,1,1,10.0,2.79,-0.4809490412938869,0.0,0.0,356.9999996891463,1500,1500,1659,1500,1500,1500,1659,1500,7.21,-10.0,-10.0
2026-08-06T16:58:57.047+03:00,46.632442,V2_EXTENSION,Waiting for controlled touchdown,1,1,10.0,2.79,-0.4809490412938869,0.0,0.0,356.9999996891463,1500,1500,1659,1500,1500,1500,1659,1500,7.21,-10.0,-10.0
2026-08-06T16:58:57.063+03:00,46.647927,V2_EXTENSION,Waiting for controlled touchdown,1,1,10.0,2.79,-0.4809490412938869,0.0,0.0,356.9999996891463,1500,1500,1659,1500,1500,1500,1659,1500,7.21,-10.0,-10.0
2026-08-06T16:58:57.098+03:00,46.683881,V2_EXTENSION,Waiting for controlled touchdown,1,1,10.0,2.79,-0.4809490412938869,0.0,0.0,356.9999996891463,1500,1500,1659,1500,1500,1500,1659,1500,7.21,-10.0,-10.0
2026-08-06T16:58:57.150+03:00,46.735042,V2_EXTENSION,Waiting for controlled touchdown,1,1,10.0,2.79,-0.4809490412938869,0.0,0.0,356.9999996891463,1500,1500,1659,1500,1500,1500,1659,1500,7.21,-10.0,-10.0
2026-08-06T16:58:57.160+03:00,46.745387,V2_EXTENSION,Waiting for controlled touchdown,1,1,10.0,2.79,-0.4809490412938869,0.0,0.0,356.9999996891463,1500,1500,1659,1500,1500,1500,1659,1500,7.21,-10.0,-10.0
2026-08-06T16:58:57.201+03:00,46.786348,V2_EXTENSION,Waiting for controlled touchdown,1,1,10.0,2.79,-0.4809490412938869,0.0,0.0,356.9999996891463,1500,1500,1659,1500,1500,1500,1659,1500,7.21,-10.0,-10.0
2026-08-06T16:58:57.252+03:00,46.837530,V2_EXTENSION,Waiting for controlled touchdown,1,1,10.0,2.79,-0.4809490412938869,0.0,0.0,356.9999996891463,1500,1500,1659,1500,1500,1500,1659,1500,7.21,-10.0,-10.0
2026-08-06T16:58:57.263+03:00,46.847911,V2_EXTENSION,Waiting for controlled touchdown,1,1,10.0,2.79,-0.4809490412938869,0.0,0.0,356.9999996891463,1500,1500,1659,1500,1500,1500,1659,1500,7.21,-10.0,-10.0
2026-08-06T16:58:57.268+03:00,46.853148,GLOBAL_POSITION_INT,Waiting for controlled touchdown,1,1,10.0,2.52,-0.5412850345718861,0.0,0.0,356.9999996891463,1500,1500,1659,1500,1500,1500,1659,1500,7.48,-10.0,-10.0
2026-08-06T16:58:57.268+03:00,46.853271,ATTITUDE,Waiting for controlled touchdown,1,1,10.0,2.52,-0.5412850345718861,0.0,0.09999999922536333,356.9999996891463,1500,1500,1659,1500,1500,1500,1659,1500,7.48,-10.0,-10.099999999225364
2026-08-06T16:58:57.268+03:00,46.853389,RC_CHANNELS,Waiting for controlled touchdown,1,1,10.0,2.52,-0.5412850345718861,0.0,0.09999999922536333,356.9999996891463,1500,1500,1659,1500,1500,1500,1659,1500,7.48,-10.0,-10.099999999225364
2026-08-06T16:58:57.299+03:00,46.884382,V2_EXTENSION,Waiting for controlled touchdown,1,1,10.0,2.52,-0.5412850345718861,0.0,0.09999999922536333,356.9999996891463,1500,1500,1662,1500,1500,1500,1659,1500,7.48,-10.0,-10.099999999225364
2026-08-06T16:58:57.350+03:00,46.935849,V2_EXTENSION,Waiting for controlled touchdown,1,1,10.0,2.52,-0.5412850345718861,0.0,0.09999999922536333,356.9999996891463,1500,1500,1662,1500,1500,1500,1659,1500,7.48,-10.0,-10.099999999225364
2026-08-06T16:58:57.361+03:00,46.946225,V2_EXTENSION,Waiting for controlled touchdown,1,1,10.0,2.52,-0.5412850345718861,0.0,0.09999999922536333,356.9999996891463,1500,1500,1662,1500,1500,1500,1662,1500,7.48,-10.0,-10.099999999225364
2026-08-06T16:58:57.402+03:00,46.987185,V2_EXTENSION,Waiting for controlled touchdown,1,1,10.0,2.52,-0.5412850345718861,0.0,0.09999999922536333,356.9999996891463,1500,1500,1662,1500,1500,1500,1662,1500,7.48,-10.0,-10.099999999225364
2026-08-06T16:58:57.453+03:00,47.038512,V2_EXTENSION,Waiting for controlled touchdown,1,1,10.0,2.52,-0.5412850345718861,0.0,0.09999999922536333,356.9999996891463,1500,1500,1662,1500,1500,1500,1662,1500,7.48,-10.0,-10.099999999225364
2026-08-06T16:58:57.458+03:00,47.043718,V2_EXTENSION,Waiting for controlled touchdown,1,1,10.0,2.52,-0.5412850345718861,0.0,0.09999999922536333,356.9999996891463,1500,1500,1662,1500,1500,1500,1662,1500,7.48,-10.0,-10.099999999225364
2026-08-06T16:58:57.499+03:00,47.084823,V2_EXTENSION,Waiting for controlled touchdown,1,1,10.0,2.52,-0.5412850345718861,0.0,0.09999999922536333,356.9999996891463,1500,1500,1662,1500,1500,1500,1662,1500,7.48,-10.0,-10.099999999225364
2026-08-06T16:58:57.551+03:00,47.136092,V2_EXTENSION,Waiting for controlled touchdown,1,1,10.0,2.52,-0.5412850345718861,0.0,0.09999999922536333,356.9999996891463,1500,1500,1662,1500,1500,1500,1662,1500,7.48,-10.0,-10.099999999225364
2026-08-06T16:58:57.561+03:00,47.146399,V2_EXTENSION,Waiting for controlled touchdown,1,1,10.0,2.52,-0.5412850345718861,0.0,0.09999999922536333,356.9999996891463,1500,1500,1662,1500,1500,1500,1662,1500,7.48,-10.0,-10.099999999225364
2026-08-06T16:58:57.602+03:00,47.187460,V2_EXTENSION,Waiting for controlled touchdown,1,1,10.0,2.52,-0.5412850345718861,0.0,0.09999999922536333,356.9999996891463,1500,1500,1662,1500,1500,1500,1662,1500,7.48,-10.0,-10.099999999225364
2026-08-06T16:58:57.653+03:00,47.238813,V2_EXTENSION,Waiting for controlled touchdown,1,1,10.0,2.52,-0.5412850345718861,0.0,0.09999999922536333,356.9999996891463,1500,1500,1662,1500,1500,1500,1662,1500,7.48,-10.0,-10.099999999225364
2026-08-06T16:58:57.659+03:00,47.244042,V2_EXTENSION,Waiting for controlled touchdown,1,1,10.0,2.52,-0.5412850345718861,0.0,0.09999999922536333,356.9999996891463,1500,1500,1662,1500,1500,1500,1662,1500,7.48,-10.0,-10.099999999225364
2026-08-06T16:58:57.700+03:00,47.285070,V2_EXTENSION,Waiting for controlled touchdown,1,1,10.0,2.52,-0.5412850345718861,0.0,0.09999999922536333,356.9999996891463,1500,1500,1662,1500,1500,1500,1662,1500,7.48,-10.0,-10.099999999225364
2026-08-06T16:58:57.751+03:00,47.336524,V2_EXTENSION,Waiting for controlled touchdown,1,1,10.0,2.52,-0.5412850345718861,0.0,0.09999999922536333,356.9999996891463,1500,1500,1662,1500,1500,1500,1662,1500,7.48,-10.0,-10.099999999225364
2026-08-06T16:58:57.762+03:00,47.346882,V2_EXTENSION,Waiting for controlled touchdown,1,1,10.0,2.52,-0.5412850345718861,0.0,0.09999999922536333,356.9999996891463,1500,1500,1662,1500,1500,1500,1662,1500,7.48,-10.0,-10.099999999225364
2026-08-06T16:58:57.772+03:00,47.357395,GLOBAL_POSITION_INT,Waiting for controlled touchdown,1,1,10.0,2.17,-0.6941661058842006,0.0,0.09999999922536333,356.9999996891463,1500,1500,1662,1500,1500,1500,1662,1500,7.83,-10.0,-10.099999999225364
2026-08-06T16:58:57.772+03:00,47.357571,ATTITUDE,Waiting for controlled touchdown,1,1,10.0,2.17,-0.6941661058842006,0.0,0.09999999922536333,356.9999996891463,1500,1500,1662,1500,1500,1500,1662,1500,7.83,-10.0,-10.099999999225364
2026-08-06T16:58:57.772+03:00,47.357731,RC_CHANNELS,Waiting for controlled touchdown,1,1,10.0,2.17,-0.6941661058842006,0.0,0.09999999922536333,356.9999996891463,1500,1500,1662,1500,1500,1500,1662,1500,7.83,-10.0,-10.099999999225364
2026-08-06T16:58:57.803+03:00,47.388683,V2_EXTENSION,Waiting for controlled touchdown,1,1,10.0,2.17,-0.6941661058842006,0.0,0.09999999922536333,356.9999996891463,1500,1500,1669,1500,1500,1500,1662,1500,7.83,-10.0,-10.099999999225364
2026-08-06T16:58:57.855+03:00,47.439995,V2_EXTENSION,Waiting for controlled touchdown,1,1,10.0,2.17,-0.6941661058842006,0.0,0.09999999922536333,356.9999996891463,1500,1500,1669,1500,1500,1500,1662,1500,7.83,-10.0,-10.099999999225364
2026-08-06T16:58:57.860+03:00,47.445313,V2_EXTENSION,Waiting for controlled touchdown,1,1,10.0,2.17,-0.6941661058842006,0.0,0.09999999922536333,356.9999996891463,1500,1500,1669,1500,1500,1500,1669,1500,7.83,-10.0,-10.099999999225364
2026-08-06T16:58:57.901+03:00,47.486500,V2_EXTENSION,Waiting for controlled touchdown,1,1,10.0,2.17,-0.6941661058842006,0.0,0.09999999922536333,356.9999996891463,1500,1500,1669,1500,1500,1500,1669,1500,7.83,-10.0,-10.099999999225364
2026-08-06T16:58:57.952+03:00,47.537749,V2_EXTENSION,Waiting for controlled touchdown,1,1,10.0,2.17,-0.6941661058842006,0.0,0.09999999922536333,356.9999996891463,1500,1500,1669,1500,1500,1500,1669,1500,7.83,-10.0,-10.099999999225364
2026-08-06T16:58:57.963+03:00,47.548091,V2_EXTENSION,Waiting for controlled touchdown,1,1,10.0,2.17,-0.6941661058842006,0.0,0.09999999922536333,356.9999996891463,1500,1500,1669,1500,1500,1500,1669,1500,7.83,-10.0,-10.099999999225364
2026-08-06T16:58:58.004+03:00,47.589121,V2_EXTENSION,Waiting for controlled touchdown,1,1,10.0,2.17,-0.6941661058842006,0.0,0.09999999922536333,356.9999996891463,1500,1500,1669,1500,1500,1500,1669,1500,7.83,-10.0,-10.099999999225364
2026-08-06T16:58:58.055+03:00,47.640357,V2_EXTENSION,Waiting for controlled touchdown,1,1,10.0,2.17,-0.6941661058842006,0.0,0.09999999922536333,356.9999996891463,1500,1500,1669,1500,1500,1500,1669,1500,7.83,-10.0,-10.099999999225364
2026-08-06T16:58:58.060+03:00,47.645661,V2_EXTENSION,Waiting for controlled touchdown,1,1,10.0,2.17,-0.6941661058842006,0.0,0.09999999922536333,356.9999996891463,1500,1500,1669,1500,1500,1500,1669,1500,7.83,-10.0,-10.099999999225364
2026-08-06T16:58:58.101+03:00,47.686656,V2_EXTENSION,Waiting for controlled touchdown,1,1,10.0,2.17,-0.6941661058842006,0.0,0.09999999922536333,356.9999996891463,1500,1500,1669,1500,1500,1500,1669,1500,7.83,-10.0,-10.099999999225364
2026-08-06T16:58:58.153+03:00,47.737940,V2_EXTENSION,Waiting for controlled touchdown,1,1,10.0,2.17,-0.6941661058842006,0.0,0.09999999922536333,356.9999996891463,1500,1500,1669,1500,1500,1500,1669,1500,7.83,-10.0,-10.099999999225364
2026-08-06T16:58:58.163+03:00,47.748343,V2_EXTENSION,Waiting for controlled touchdown,1,1,10.0,2.17,-0.6941661058842006,0.0,0.09999999922536333,356.9999996891463,1500,1500,1669,1500,1500,1500,1669,1500,7.83,-10.0,-10.099999999225364
2026-08-06T16:58:58.204+03:00,47.789434,V2_EXTENSION,Waiting for controlled touchdown,1,1,10.0,2.17,-0.6941661058842006,0.0,0.09999999922536333,356.9999996891463,1500,1500,1669,1500,1500,1500,1669,1500,7.83,-10.0,-10.099999999225364
2026-08-06T16:58:58.255+03:00,47.840523,V2_EXTENSION,Waiting for controlled touchdown,1,1,10.0,2.17,-0.6941661058842006,0.0,0.09999999922536333,356.9999996891463,1500,1500,1669,1500,1500,1500,1669,1500,7.83,-10.0,-10.099999999225364
2026-08-06T16:58:58.260+03:00,47.845779,V2_EXTENSION,Waiting for controlled touchdown,1,1,10.0,2.17,-0.6941661058842006,0.0,0.09999999922536333,356.9999996891463,1500,1500,1669,1500,1500,1500,1669,1500,7.83,-10.0,-10.099999999225364
2026-08-06T16:58:58.271+03:00,47.856234,GLOBAL_POSITION_INT,Waiting for controlled touchdown,1,1,10.0,1.94,-0.46103758344809087,0.0,0.09999999922536333,356.9999996891463,1500,1500,1669,1500,1500,1500,1669,1500,8.06,-10.0,-10.099999999225364
2026-08-06T16:58:58.271+03:00,47.856337,ATTITUDE,Waiting for controlled touchdown,1,1,10.0,1.94,-0.46103758344809087,0.0,0.29999999767609,357.99999402514953,1500,1500,1669,1500,1500,1500,1669,1500,8.06,-10.0,-10.29999999767609
2026-08-06T16:58:58.271+03:00,47.856442,RC_CHANNELS,Waiting for controlled touchdown,1,1,10.0,1.94,-0.46103758344809087,0.0,0.29999999767609,357.99999402514953,1500,1500,1669,1500,1500,1500,1669,1500,8.06,-10.0,-10.29999999767609
2026-08-06T16:58:58.302+03:00,47.887454,V2_EXTENSION,Waiting for controlled touchdown,1,1,10.0,1.94,-0.46103758344809087,0.0,0.29999999767609,357.99999402514953,1500,1500,1658,1500,1500,1500,1669,1500,8.06,-10.0,-10.29999999767609
2026-08-06T16:58:58.353+03:00,47.938861,V2_EXTENSION,Waiting for controlled touchdown,1,1,10.0,1.94,-0.46103758344809087,0.0,0.29999999767609,357.99999402514953,1500,1500,1658,1500,1500,1500,1669,1500,8.06,-10.0,-10.29999999767609
2026-08-06T16:58:58.364+03:00,47.949273,V2_EXTENSION,Waiting for controlled touchdown,1,1,10.0,1.94,-0.46103758344809087,0.0,0.29999999767609,357.99999402514953,1500,1500,1658,1500,1500,1500,1658,1500,8.06,-10.0,-10.29999999767609
2026-08-06T16:58:58.405+03:00,47.990379,V2_EXTENSION,Waiting for controlled touchdown,1,1,10.0,1.94,-0.46103758344809087,0.0,0.29999999767609,357.99999402514953,1500,1500,1658,1500,1500,1500,1658,1500,8.06,-10.0,-10.29999999767609
2026-08-06T16:58:58.456+03:00,48.041682,V2_EXTENSION,Waiting for controlled touchdown,1,1,10.0,1.94,-0.46103758344809087,0.0,0.29999999767609,357.99999402514953,1500,1500,1658,1500,1500,1500,1658,1500,8.06,-10.0,-10.29999999767609
2026-08-06T16:58:58.462+03:00,48.046947,V2_EXTENSION,Waiting for controlled touchdown,1,1,10.0,1.94,-0.46103758344809087,0.0,0.29999999767609,357.99999402514953,1500,1500,1658,1500,1500,1500,1658,1500,8.06,-10.0,-10.29999999767609
2026-08-06T16:58:58.503+03:00,48.087980,V2_EXTENSION,Waiting for controlled touchdown,1,1,10.0,1.94,-0.46103758344809087,0.0,0.29999999767609,357.99999402514953,1500,1500,1658,1500,1500,1500,1658,1500,8.06,-10.0,-10.29999999767609
2026-08-06T16:58:58.554+03:00,48.139196,V2_EXTENSION,Waiting for controlled touchdown,1,1,10.0,1.94,-0.46103758344809087,0.0,0.29999999767609,357.99999402514953,1500,1500,1658,1500,1500,1500,1658,1500,8.06,-10.0,-10.29999999767609
2026-08-06T16:58:58.564+03:00,48.149585,V2_EXTENSION,Waiting for controlled touchdown,1,1,10.0,1.94,-0.46103758344809087,0.0,0.29999999767609,357.99999402514953,1500,1500,1658,1500,1500,1500,1658,1500,8.06,-10.0,-10.29999999767609
2026-08-06T16:58:58.605+03:00,48.190656,V2_EXTENSION,Waiting for controlled touchdown,1,1,10.0,1.94,-0.46103758344809087,0.0,0.29999999767609,357.99999402514953,1500,1500,1658,1500,1500,1500,1658,1500,8.06,-10.0,-10.29999999767609
2026-08-06T16:58:58.657+03:00,48.241943,V2_EXTENSION,Waiting for controlled touchdown,1,1,10.0,1.94,-0.46103758344809087,0.0,0.29999999767609,357.99999402514953,1500,1500,1658,1500,1500,1500,1658,1500,8.06,-10.0,-10.29999999767609
2026-08-06T16:58:58.662+03:00,48.247241,V2_EXTENSION,Waiting for controlled touchdown,1,1,10.0,1.94,-0.46103758344809087,0.0,0.29999999767609,357.99999402514953,1500,1500,1658,1500,1500,1500,1658,1500,8.06,-10.0,-10.29999999767609
2026-08-06T16:58:58.703+03:00,48.288341,V2_EXTENSION,Waiting for controlled touchdown,1,1,10.0,1.94,-0.46103758344809087,0.0,0.29999999767609,357.99999402514953,1500,1500,1658,1500,1500,1500,1658,1500,8.06,-10.0,-10.29999999767609
2026-08-06T16:58:58.754+03:00,48.339509,V2_EXTENSION,Waiting for controlled touchdown,1,1,10.0,1.94,-0.46103758344809087,0.0,0.29999999767609,357.99999402514953,1500,1500,1658,1500,1500,1500,1658,1500,8.06,-10.0,-10.29999999767609
2026-08-06T16:58:58.765+03:00,48.349966,V2_EXTENSION,Waiting for controlled touchdown,1,1,10.0,1.94,-0.46103758344809087,0.0,0.29999999767609,357.99999402514953,1500,1500,1658,1500,1500,1500,1658,1500,8.06,-10.0,-10.29999999767609
2026-08-06T16:58:58.770+03:00,48.355302,GLOBAL_POSITION_INT,Waiting for controlled touchdown,1,1,10.0,1.72,-0.4408266902805763,0.0,0.29999999767609,357.99999402514953,1500,1500,1658,1500,1500,1500,1658,1500,8.28,-10.0,-10.29999999767609
2026-08-06T16:58:58.770+03:00,48.355426,ATTITUDE,Waiting for controlled touchdown,1,1,10.0,1.72,-0.4408266902805763,0.0,0.29999999767609,357.99999402514953,1500,1500,1658,1500,1500,1500,1658,1500,8.28,-10.0,-10.29999999767609
2026-08-06T16:58:58.770+03:00,48.355541,RC_CHANNELS,Waiting for controlled touchdown,1,1,10.0,1.72,-0.4408266902805763,0.0,0.29999999767609,357.99999402514953,1500,1500,1658,1500,1500,1500,1658,1500,8.28,-10.0,-10.29999999767609
2026-08-06T16:58:58.806+03:00,48.391636,V2_EXTENSION,Waiting for controlled touchdown,1,1,10.0,1.72,-0.4408266902805763,0.0,0.29999999767609,357.99999402514953,1500,1500,1657,1500,1500,1500,1658,1500,8.28,-10.0,-10.29999999767609
2026-08-06T16:58:58.858+03:00,48.443324,V2_EXTENSION,Waiting for controlled touchdown,1,1,10.0,1.72,-0.4408266902805763,0.0,0.29999999767609,357.99999402514953,1500,1500,1657,1500,1500,1500,1658,1500,8.28,-10.0,-10.29999999767609
2026-08-06T16:58:58.863+03:00,48.448655,V2_EXTENSION,Waiting for controlled touchdown,1,1,10.0,1.72,-0.4408266902805763,0.0,0.29999999767609,357.99999402514953,1500,1500,1657,1500,1500,1500,1657,1500,8.28,-10.0,-10.29999999767609
2026-08-06T16:58:58.904+03:00,48.489674,V2_EXTENSION,Waiting for controlled touchdown,1,1,10.0,1.72,-0.4408266902805763,0.0,0.29999999767609,357.99999402514953,1500,1500,1657,1500,1500,1500,1657,1500,8.28,-10.0,-10.29999999767609
2026-08-06T16:58:58.956+03:00,48.540901,V2_EXTENSION,Waiting for controlled touchdown,1,1,10.0,1.72,-0.4408266902805763,0.0,0.29999999767609,357.99999402514953,1500,1500,1657,1500,1500,1500,1657,1500,8.28,-10.0,-10.29999999767609
2026-08-06T16:58:58.961+03:00,48.546171,V2_EXTENSION,Waiting for controlled touchdown,1,1,10.0,1.72,-0.4408266902805763,0.0,0.29999999767609,357.99999402514953,1500,1500,1657,1500,1500,1500,1657,1500,8.28,-10.0,-10.29999999767609
2026-08-06T16:58:59.007+03:00,48.592432,V2_EXTENSION,Waiting for controlled touchdown,1,1,10.0,1.72,-0.4408266902805763,0.0,0.29999999767609,357.99999402514953,1500,1500,1657,1500,1500,1500,1657,1500,8.28,-10.0,-10.29999999767609
2026-08-06T16:58:59.058+03:00,48.643678,V2_EXTENSION,Waiting for controlled touchdown,1,1,10.0,1.72,-0.4408266902805763,0.0,0.29999999767609,357.99999402514953,1500,1500,1657,1500,1500,1500,1657,1500,8.28,-10.0,-10.29999999767609
2026-08-06T16:58:59.064+03:00,48.648950,V2_EXTENSION,Waiting for controlled touchdown,1,1,10.0,1.72,-0.4408266902805763,0.0,0.29999999767609,357.99999402514953,1500,1500,1657,1500,1500,1500,1657,1500,8.28,-10.0,-10.29999999767609
2026-08-06T16:58:59.105+03:00,48.689998,V2_EXTENSION,Waiting for controlled touchdown,1,1,10.0,1.72,-0.4408266902805763,0.0,0.29999999767609,357.99999402514953,1500,1500,1657,1500,1500,1500,1657,1500,8.28,-10.0,-10.29999999767609
2026-08-06T16:58:59.156+03:00,48.741228,V2_EXTENSION,Waiting for controlled touchdown,1,1,10.0,1.72,-0.4408266902805763,0.0,0.29999999767609,357.99999402514953,1500,1500,1657,1500,1500,1500,1657,1500,8.28,-10.0,-10.29999999767609
2026-08-06T16:58:59.161+03:00,48.746517,V2_EXTENSION,Waiting for controlled touchdown,1,1,10.0,1.72,-0.4408266902805763,0.0,0.29999999767609,357.99999402514953,1500,1500,1657,1500,1500,1500,1657,1500,8.28,-10.0,-10.29999999767609
2026-08-06T16:58:59.208+03:00,48.792907,V2_EXTENSION,Waiting for controlled touchdown,1,1,10.0,1.72,-0.4408266902805763,0.0,0.29999999767609,357.99999402514953,1500,1500,1657,1500,1500,1500,1657,1500,8.28,-10.0,-10.29999999767609
2026-08-06T16:58:59.259+03:00,48.844414,V2_EXTENSION,Waiting for controlled touchdown,1,1,10.0,1.72,-0.4408266902805763,0.0,0.29999999767609,357.99999402514953,1500,1500,1657,1500,1500,1500,1657,1500,8.28,-10.0,-10.29999999767609
2026-08-06T16:58:59.264+03:00,48.849675,V2_EXTENSION,Waiting for controlled touchdown,1,1,10.0,1.72,-0.4408266902805763,0.0,0.29999999767609,357.99999402514953,1500,1500,1657,1500,1500,1500,1657,1500,8.28,-10.0,-10.29999999767609
2026-08-06T16:58:59.270+03:00,48.854901,GLOBAL_POSITION_INT,Waiting for controlled touchdown,1,1,10.0,1.51,-0.4203231241739739,0.0,0.29999999767609,357.99999402514953,1500,1500,1657,1500,1500,1500,1657,1500,8.49,-10.0,-10.29999999767609
2026-08-06T16:58:59.270+03:00,48.855004,ATTITUDE,Waiting for controlled touchdown,1,1,10.0,1.51,-0.4203231241739739,0.0,0.29999999767609,357.99999402514953,1500,1500,1657,1500,1500,1500,1657,1500,8.49,-10.0,-10.29999999767609
2026-08-06T16:58:59.270+03:00,48.855129,RC_CHANNELS,Waiting for controlled touchdown,1,1,10.0,1.51,-0.4203231241739739,0.0,0.29999999767609,357.99999402514953,1500,1500,1657,1500,1500,1500,1657,1500,8.49,-10.0,-10.29999999767609
2026-08-06T16:58:59.306+03:00,48.891255,V2_EXTENSION,Waiting for controlled touchdown,1,1,10.0,1.51,-0.4203231241739739,0.0,0.29999999767609,357.99999402514953,1500,1500,1656,1500,1500,1500,1657,1500,8.49,-10.0,-10.29999999767609
2026-08-06T16:58:59.358+03:00,48.943066,V2_EXTENSION,Waiting for controlled touchdown,1,1,10.0,1.51,-0.4203231241739739,0.0,0.29999999767609,357.99999402514953,1500,1500,1656,1500,1500,1500,1657,1500,8.49,-10.0,-10.29999999767609
2026-08-06T16:58:59.363+03:00,48.948334,V2_EXTENSION,Waiting for controlled touchdown,1,1,10.0,1.51,-0.4203231241739739,0.0,0.29999999767609,357.99999402514953,1500,1500,1656,1500,1500,1500,1656,1500,8.49,-10.0,-10.29999999767609
2026-08-06T16:58:59.409+03:00,48.994576,V2_EXTENSION,Waiting for controlled touchdown,1,1,10.0,1.51,-0.4203231241739739,0.0,0.29999999767609,357.99999402514953,1500,1500,1656,1500,1500,1500,1656,1500,8.49,-10.0,-10.29999999767609
2026-08-06T16:58:59.455+03:00,49.040722,V2_EXTENSION,Waiting for controlled touchdown,1,1,10.0,1.51,-0.4203231241739739,0.0,0.29999999767609,357.99999402514953,1500,1500,1656,1500,1500,1500,1656,1500,8.49,-10.0,-10.29999999767609
2026-08-06T16:58:59.466+03:00,49.051079,V2_EXTENSION,Waiting for controlled touchdown,1,1,10.0,1.51,-0.4203231241739739,0.0,0.29999999767609,357.99999402514953,1500,1500,1656,1500,1500,1500,1656,1500,8.49,-10.0,-10.29999999767609
2026-08-06T16:58:59.507+03:00,49.092064,V2_EXTENSION,Waiting for controlled touchdown,1,1,10.0,1.51,-0.4203231241739739,0.0,0.29999999767609,357.99999402514953,1500,1500,1656,1500,1500,1500,1656,1500,8.49,-10.0,-10.29999999767609
2026-08-06T16:58:59.558+03:00,49.143327,V2_EXTENSION,Waiting for controlled touchdown,1,1,10.0,1.51,-0.4203231241739739,0.0,0.29999999767609,357.99999402514953,1500,1500,1656,1500,1500,1500,1656,1500,8.49,-10.0,-10.29999999767609
2026-08-06T16:58:59.563+03:00,49.148648,V2_EXTENSION,Waiting for controlled touchdown,1,1,10.0,1.51,-0.4203231241739739,0.0,0.29999999767609,357.99999402514953,1500,1500,1656,1500,1500,1500,1656,1500,8.49,-10.0,-10.29999999767609
2026-08-06T16:58:59.609+03:00,49.194714,V2_EXTENSION,Waiting for controlled touchdown,1,1,10.0,1.51,-0.4203231241739739,0.0,0.29999999767609,357.99999402514953,1500,1500,1656,1500,1500,1500,1656,1500,8.49,-10.0,-10.29999999767609
2026-08-06T16:58:59.661+03:00,49.245942,V2_EXTENSION,Waiting for controlled touchdown,1,1,10.0,1.51,-0.4203231241739739,0.0,0.29999999767609,357.99999402514953,1500,1500,1656,1500,1500,1500,1656,1500,8.49,-10.0,-10.29999999767609
2026-08-06T16:58:59.666+03:00,49.251188,V2_EXTENSION,Waiting for controlled touchdown,1,1,10.0,1.51,-0.4203231241739739,0.0,0.29999999767609,357.99999402514953,1500,1500,1656,1500,1500,1500,1656,1500,8.49,-10.0,-10.29999999767609
2026-08-06T16:58:59.707+03:00,49.292146,V2_EXTENSION,Waiting for controlled touchdown,1,1,10.0,1.51,-0.4203231241739739,0.0,0.29999999767609,357.99999402514953,1500,1500,1656,1500,1500,1500,1656,1500,8.49,-10.0,-10.29999999767609
2026-08-06T16:58:59.758+03:00,49.343593,V2_EXTENSION,Waiting for controlled touchdown,1,1,10.0,1.51,-0.4203231241739739,0.0,0.29999999767609,357.99999402514953,1500,1500,1656,1500,1500,1500,1656,1500,8.49,-10.0,-10.29999999767609
2026-08-06T16:58:59.763+03:00,49.348838,V2_EXTENSION,Waiting for controlled touchdown,1,1,10.0,1.51,-0.4203231241739739,0.0,0.29999999767609,357.99999402514953,1500,1500,1656,1500,1500,1500,1656,1500,8.49,-10.0,-10.29999999767609
2026-08-06T16:58:59.769+03:00,49.354095,GLOBAL_POSITION_INT,Waiting for controlled touchdown,1,1,10.0,1.3,-0.4206736541912782,0.0,0.29999999767609,357.99999402514953,1500,1500,1656,1500,1500,1500,1656,1500,8.7,-10.0,-10.29999999767609
2026-08-06T16:58:59.769+03:00,49.354194,ATTITUDE,Waiting for controlled touchdown,1,1,10.0,1.3,-0.4206736541912782,0.0,0.19999999845072666,357.99999402514953,1500,1500,1656,1500,1500,1500,1656,1500,8.7,-10.0,-10.199999998450727
2026-08-06T16:58:59.769+03:00,49.354299,RC_CHANNELS,Waiting for controlled touchdown,1,1,10.0,1.3,-0.4206736541912782,0.0,0.19999999845072666,357.99999402514953,1500,1500,1656,1500,1500,1500,1656,1500,8.7,-10.0,-10.199999998450727
2026-08-06T16:58:59.810+03:00,49.395444,V2_EXTENSION,Waiting for controlled touchdown,1,1,10.0,1.3,-0.4206736541912782,0.0,0.19999999845072666,357.99999402514953,1500,1500,1656,1500,1500,1500,1656,1500,8.7,-10.0,-10.199999998450727
2026-08-06T16:58:59.856+03:00,49.441661,V2_EXTENSION,Waiting for controlled touchdown,1,1,10.0,1.3,-0.4206736541912782,0.0,0.19999999845072666,357.99999402514953,1500,1500,1656,1500,1500,1500,1656,1500,8.7,-10.0,-10.199999998450727
2026-08-06T16:58:59.867+03:00,49.452001,V2_EXTENSION,Waiting for controlled touchdown,1,1,10.0,1.3,-0.4206736541912782,0.0,0.19999999845072666,357.99999402514953,1500,1500,1656,1500,1500,1500,1656,1500,8.7,-10.0,-10.199999998450727
2026-08-06T16:58:59.908+03:00,49.493163,V2_EXTENSION,Waiting for controlled touchdown,1,1,10.0,1.3,-0.4206736541912782,0.0,0.19999999845072666,357.99999402514953,1500,1500,1656,1500,1500,1500,1656,1500,8.7,-10.0,-10.199999998450727
2026-08-06T16:58:59.959+03:00,49.544525,V2_EXTENSION,Waiting for controlled touchdown,1,1,10.0,1.3,-0.4206736541912782,0.0,0.19999999845072666,357.99999402514953,1500,1500,1656,1500,1500,1500,1656,1500,8.7,-10.0,-10.199999998450727
2026-08-06T16:58:59.964+03:00,49.549773,V2_EXTENSION,Waiting for controlled touchdown,1,1,10.0,1.3,-0.4206736541912782,0.0,0.19999999845072666,357.99999402514953,1500,1500,1656,1500,1500,1500,1656,1500,8.7,-10.0,-10.199999998450727
2026-08-06T16:59:00.011+03:00,49.596136,V2_EXTENSION,Waiting for controlled touchdown,1,1,10.0,1.3,-0.4206736541912782,0.0,0.19999999845072666,357.99999402514953,1500,1500,1656,1500,1500,1500,1656,1500,8.7,-10.0,-10.199999998450727
2026-08-06T16:59:00.057+03:00,49.642482,V2_EXTENSION,Waiting for controlled touchdown,1,1,10.0,1.3,-0.4206736541912782,0.0,0.19999999845072666,357.99999402514953,1500,1500,1656,1500,1500,1500,1656,1500,8.7,-10.0,-10.199999998450727
2026-08-06T16:59:00.068+03:00,49.652898,V2_EXTENSION,Waiting for controlled touchdown,1,1,10.0,1.3,-0.4206736541912782,0.0,0.19999999845072666,357.99999402514953,1500,1500,1656,1500,1500,1500,1656,1500,8.7,-10.0,-10.199999998450727
2026-08-06T16:59:00.109+03:00,49.694064,V2_EXTENSION,Waiting for controlled touchdown,1,1,10.0,1.3,-0.4206736541912782,0.0,0.19999999845072666,357.99999402514953,1500,1500,1656,1500,1500,1500,1656,1500,8.7,-10.0,-10.199999998450727
2026-08-06T16:59:00.160+03:00,49.745356,V2_EXTENSION,Waiting for controlled touchdown,1,1,10.0,1.3,-0.4206736541912782,0.0,0.19999999845072666,357.99999402514953,1500,1500,1656,1500,1500,1500,1656,1500,8.7,-10.0,-10.199999998450727
2026-08-06T16:59:00.165+03:00,49.750583,V2_EXTENSION,Waiting for controlled touchdown,1,1,10.0,1.3,-0.4206736541912782,0.0,0.19999999845072666,357.99999402514953,1500,1500,1656,1500,1500,1500,1656,1500,8.7,-10.0,-10.199999998450727
2026-08-06T16:59:00.212+03:00,49.797009,V2_EXTENSION,Waiting for controlled touchdown,1,1,10.0,1.3,-0.4206736541912782,0.0,0.19999999845072666,357.99999402514953,1500,1500,1656,1500,1500,1500,1656,1500,8.7,-10.0,-10.199999998450727
2026-08-06T16:59:00.258+03:00,49.843206,V2_EXTENSION,Waiting for controlled touchdown,1,1,10.0,1.3,-0.4206736541912782,0.0,0.19999999845072666,357.99999402514953,1500,1500,1656,1500,1500,1500,1656,1500,8.7,-10.0,-10.199999998450727
2026-08-06T16:59:00.263+03:00,49.848485,V2_EXTENSION,Waiting for controlled touchdown,1,1,10.0,1.3,-0.4206736541912782,0.0,0.19999999845072666,357.99999402514953,1500,1500,1656,1500,1500,1500,1656,1500,8.7,-10.0,-10.199999998450727
2026-08-06T16:59:00.268+03:00,49.853742,GLOBAL_POSITION_INT,Waiting for controlled touchdown,1,1,10.0,1.05,-0.5003541186255049,0.0,0.19999999845072666,357.99999402514953,1500,1500,1656,1500,1500,1500,1656,1500,8.95,-10.0,-10.199999998450727
2026-08-06T16:59:00.268+03:00,49.853857,ATTITUDE,Waiting for controlled touchdown,1,1,10.0,1.05,-0.5003541186255049,0.0,0.19999999845072666,357.99999402514953,1500,1500,1656,1500,1500,1500,1656,1500,8.95,-10.0,-10.199999998450727
2026-08-06T16:59:00.269+03:00,49.853981,RC_CHANNELS,Waiting for controlled touchdown,1,1,10.0,1.05,-0.5003541186255049,0.0,0.19999999845072666,357.99999402514953,1500,1500,1656,1500,1500,1500,1656,1500,8.95,-10.0,-10.199999998450727
2026-08-06T16:59:00.310+03:00,49.895126,V2_EXTENSION,Waiting for controlled touchdown,1,1,10.0,1.05,-0.5003541186255049,0.0,0.19999999845072666,357.99999402514953,1500,1500,1660,1500,1500,1500,1656,1500,8.95,-10.0,-10.199999998450727
2026-08-06T16:59:00.361+03:00,49.946610,V2_EXTENSION,Waiting for controlled touchdown,1,1,10.0,1.05,-0.5003541186255049,0.0,0.19999999845072666,357.99999402514953,1500,1500,1660,1500,1500,1500,1656,1500,8.95,-10.0,-10.199999998450727
2026-08-06T16:59:00.367+03:00,49.951880,V2_EXTENSION,Waiting for controlled touchdown,1,1,10.0,1.05,-0.5003541186255049,0.0,0.19999999845072666,357.99999402514953,1500,1500,1660,1500,1500,1500,1660,1500,8.95,-10.0,-10.199999998450727
2026-08-06T16:59:00.413+03:00,49.997993,V2_EXTENSION,Waiting for controlled touchdown,1,1,10.0,1.05,-0.5003541186255049,0.0,0.19999999845072666,357.99999402514953,1500,1500,1660,1500,1500,1500,1660,1500,8.95,-10.0,-10.199999998450727
2026-08-06T16:59:00.459+03:00,50.044178,V2_EXTENSION,Waiting for controlled touchdown,1,1,10.0,1.05,-0.5003541186255049,0.0,0.19999999845072666,357.99999402514953,1500,1500,1660,1500,1500,1500,1660,1500,8.95,-10.0,-10.199999998450727
2026-08-06T16:59:00.464+03:00,50.049431,V2_EXTENSION,Waiting for controlled touchdown,1,1,10.0,1.05,-0.5003541186255049,0.0,0.19999999845072666,357.99999402514953,1500,1500,1660,1500,1500,1500,1660,1500,8.95,-10.0,-10.199999998450727
2026-08-06T16:59:00.510+03:00,50.095591,V2_EXTENSION,Waiting for controlled touchdown,1,1,10.0,1.05,-0.5003541186255049,0.0,0.19999999845072666,357.99999402514953,1500,1500,1660,1500,1500,1500,1660,1500,8.95,-10.0,-10.199999998450727
2026-08-06T16:59:00.562+03:00,50.146945,V2_EXTENSION,Waiting for controlled touchdown,1,1,10.0,1.05,-0.5003541186255049,0.0,0.19999999845072666,357.99999402514953,1500,1500,1660,1500,1500,1500,1660,1500,8.95,-10.0,-10.199999998450727
2026-08-06T16:59:00.567+03:00,50.152222,V2_EXTENSION,Waiting for controlled touchdown,1,1,10.0,1.05,-0.5003541186255049,0.0,0.19999999845072666,357.99999402514953,1500,1500,1660,1500,1500,1500,1660,1500,8.95,-10.0,-10.199999998450727
2026-08-06T16:59:00.613+03:00,50.198663,V2_EXTENSION,Waiting for controlled touchdown,1,1,10.0,1.05,-0.5003541186255049,0.0,0.19999999845072666,357.99999402514953,1500,1500,1660,1500,1500,1500,1660,1500,8.95,-10.0,-10.199999998450727
2026-08-06T16:59:00.659+03:00,50.244743,V2_EXTENSION,Waiting for controlled touchdown,1,1,10.0,1.05,-0.5003541186255049,0.0,0.19999999845072666,357.99999402514953,1500,1500,1660,1500,1500,1500,1660,1500,8.95,-10.0,-10.199999998450727
2026-08-06T16:59:00.665+03:00,50.249964,V2_EXTENSION,Waiting for controlled touchdown,1,1,10.0,1.05,-0.5003541186255049,0.0,0.19999999845072666,357.99999402514953,1500,1500,1660,1500,1500,1500,1660,1500,8.95,-10.0,-10.199999998450727
2026-08-06T16:59:00.711+03:00,50.296107,V2_EXTENSION,Waiting for controlled touchdown,1,1,10.0,1.05,-0.5003541186255049,0.0,0.19999999845072666,357.99999402514953,1500,1500,1660,1500,1500,1500,1660,1500,8.95,-10.0,-10.199999998450727
2026-08-06T16:59:00.762+03:00,50.347336,V2_EXTENSION,Waiting for controlled touchdown,1,1,10.0,1.05,-0.5003541186255049,0.0,0.19999999845072666,357.99999402514953,1500,1500,1660,1500,1500,1500,1660,1500,8.95,-10.0,-10.199999998450727
2026-08-06T16:59:00.767+03:00,50.352579,V2_EXTENSION,Waiting for controlled touchdown,1,1,10.0,1.05,-0.5003541186255049,0.0,0.19999999845072666,357.99999402514953,1500,1500,1660,1500,1500,1500,1660,1500,8.95,-10.0,-10.199999998450727
2026-08-06T16:59:00.772+03:00,50.357855,GLOBAL_POSITION_INT,Waiting for controlled touchdown,1,1,10.0,0.83,-0.43642243324180685,0.0,0.19999999845072666,357.99999402514953,1500,1500,1660,1500,1500,1500,1660,1500,9.17,-10.0,-10.199999998450727
2026-08-06T16:59:00.773+03:00,50.357962,ATTITUDE,Waiting for controlled touchdown,1,1,10.0,0.83,-0.43642243324180685,0.0,0.29999999767609,357.99999402514953,1500,1500,1660,1500,1500,1500,1660,1500,9.17,-10.0,-10.29999999767609
2026-08-06T16:59:00.773+03:00,50.358071,RC_CHANNELS,Waiting for controlled touchdown,1,1,10.0,0.83,-0.43642243324180685,0.0,0.29999999767609,357.99999402514953,1500,1500,1660,1500,1500,1500,1660,1500,9.17,-10.0,-10.29999999767609
2026-08-06T16:59:00.814+03:00,50.399565,V2_EXTENSION,Waiting for controlled touchdown,1,1,10.0,0.83,-0.43642243324180685,0.0,0.29999999767609,357.99999402514953,1500,1500,1656,1500,1500,1500,1660,1500,9.17,-10.0,-10.29999999767609
2026-08-06T16:59:00.861+03:00,50.446142,V2_EXTENSION,Waiting for controlled touchdown,1,1,10.0,0.83,-0.43642243324180685,0.0,0.29999999767609,357.99999402514953,1500,1500,1656,1500,1500,1500,1660,1500,9.17,-10.0,-10.29999999767609
2026-08-06T16:59:00.866+03:00,50.451376,V2_EXTENSION,Waiting for controlled touchdown,1,1,10.0,0.83,-0.43642243324180685,0.0,0.29999999767609,357.99999402514953,1500,1500,1656,1500,1500,1500,1656,1500,9.17,-10.0,-10.29999999767609
2026-08-06T16:59:00.912+03:00,50.497566,V2_EXTENSION,Waiting for controlled touchdown,1,1,10.0,0.83,-0.43642243324180685,0.0,0.29999999767609,357.99999402514953,1500,1500,1656,1500,1500,1500,1656,1500,9.17,-10.0,-10.29999999767609
2026-08-06T16:59:00.963+03:00,50.548752,V2_EXTENSION,Waiting for controlled touchdown,1,1,10.0,0.83,-0.43642243324180685,0.0,0.29999999767609,357.99999402514953,1500,1500,1656,1500,1500,1500,1656,1500,9.17,-10.0,-10.29999999767609
2026-08-06T16:59:00.969+03:00,50.553986,V2_EXTENSION,Waiting for controlled touchdown,1,1,10.0,0.83,-0.43642243324180685,0.0,0.29999999767609,357.99999402514953,1500,1500,1656,1500,1500,1500,1656,1500,9.17,-10.0,-10.29999999767609
2026-08-06T16:59:01.015+03:00,50.600197,V2_EXTENSION,Waiting for controlled touchdown,1,1,10.0,0.83,-0.43642243324180685,0.0,0.29999999767609,357.99999402514953,1500,1500,1656,1500,1500,1500,1656,1500,9.17,-10.0,-10.29999999767609
2026-08-06T16:59:01.061+03:00,50.646285,V2_EXTENSION,Waiting for controlled touchdown,1,1,10.0,0.83,-0.43642243324180685,0.0,0.29999999767609,357.99999402514953,1500,1500,1656,1500,1500,1500,1656,1500,9.17,-10.0,-10.29999999767609
2026-08-06T16:59:01.066+03:00,50.651605,V2_EXTENSION,Waiting for controlled touchdown,1,1,10.0,0.83,-0.43642243324180685,0.0,0.29999999767609,357.99999402514953,1500,1500,1656,1500,1500,1500,1656,1500,9.17,-10.0,-10.29999999767609
2026-08-06T16:59:01.113+03:00,50.697898,V2_EXTENSION,Waiting for controlled touchdown,1,1,10.0,0.83,-0.43642243324180685,0.0,0.29999999767609,357.99999402514953,1500,1500,1656,1500,1500,1500,1656,1500,9.17,-10.0,-10.29999999767609
2026-08-06T16:59:01.164+03:00,50.749061,V2_EXTENSION,Waiting for controlled touchdown,1,1,10.0,0.83,-0.43642243324180685,0.0,0.29999999767609,357.99999402514953,1500,1500,1656,1500,1500,1500,1656,1500,9.17,-10.0,-10.29999999767609
2026-08-06T16:59:01.169+03:00,50.754445,V2_EXTENSION,Waiting for controlled touchdown,1,1,10.0,0.83,-0.43642243324180685,0.0,0.29999999767609,357.99999402514953,1500,1500,1656,1500,1500,1500,1656,1500,9.17,-10.0,-10.29999999767609
2026-08-06T16:59:01.215+03:00,50.800602,V2_EXTENSION,Waiting for controlled touchdown,1,1,10.0,0.83,-0.43642243324180685,0.0,0.29999999767609,357.99999402514953,1500,1500,1656,1500,1500,1500,1656,1500,9.17,-10.0,-10.29999999767609
2026-08-06T16:59:01.266+03:00,50.851830,V2_EXTENSION,Waiting for controlled touchdown,1,1,10.0,0.83,-0.43642243324180685,0.0,0.29999999767609,357.99999402514953,1500,1500,1656,1500,1500,1500,1656,1500,9.17,-10.0,-10.29999999767609
2026-08-06T16:59:01.267+03:00,50.851981,V2_EXTENSION,Waiting for controlled touchdown,1,1,10.0,0.83,-0.43642243324180685,0.0,0.29999999767609,357.99999402514953,1500,1500,1656,1500,1500,1500,1656,1500,9.17,-10.0,-10.29999999767609
2026-08-06T16:59:01.272+03:00,50.857266,GLOBAL_POSITION_INT,Waiting for controlled touchdown,1,1,10.0,0.52,-0.6207280419277387,0.0,0.29999999767609,357.99999402514953,1500,1500,1656,1500,1500,1500,1656,1500,9.48,-10.0,-10.29999999767609
2026-08-06T16:59:01.272+03:00,50.857367,ATTITUDE,Waiting for controlled touchdown,1,1,10.0,0.52,-0.6207280419277387,0.0,0.19999999845072666,357.99999402514953,1500,1500,1656,1500,1500,1500,1656,1500,9.48,-10.0,-10.199999998450727
2026-08-06T16:59:01.272+03:00,50.857476,RC_CHANNELS,Waiting for controlled touchdown,1,1,10.0,0.52,-0.6207280419277387,0.0,0.19999999845072666,357.99999402514953,1500,1500,1656,1500,1500,1500,1656,1500,9.48,-10.0,-10.199999998450727
2026-08-06T16:59:01.313+03:00,50.898570,V2_EXTENSION,Waiting for controlled touchdown,1,1,10.0,0.52,-0.6207280419277387,0.0,0.19999999845072666,357.99999402514953,1500,1500,1666,1500,1500,1500,1656,1500,9.48,-10.0,-10.199999998450727
2026-08-06T16:59:01.364+03:00,50.949850,V2_EXTENSION,Waiting for controlled touchdown,1,1,10.0,0.52,-0.6207280419277387,0.0,0.19999999845072666,357.99999402514953,1500,1500,1666,1500,1500,1500,1656,1500,9.48,-10.0,-10.199999998450727
2026-08-06T16:59:01.365+03:00,50.949990,V2_EXTENSION,Waiting for controlled touchdown,1,1,10.0,0.52,-0.6207280419277387,0.0,0.19999999845072666,357.99999402514953,1500,1500,1666,1500,1500,1500,1666,1500,9.48,-10.0,-10.199999998450727
2026-08-06T16:59:01.416+03:00,51.001274,V2_EXTENSION,Waiting for controlled touchdown,1,1,10.0,0.52,-0.6207280419277387,0.0,0.19999999845072666,357.99999402514953,1500,1500,1666,1500,1500,1500,1666,1500,9.48,-10.0,-10.199999998450727
2026-08-06T16:59:01.467+03:00,51.052440,V2_EXTENSION,Waiting for controlled touchdown,1,1,10.0,0.52,-0.6207280419277387,0.0,0.19999999845072666,357.99999402514953,1500,1500,1666,1500,1500,1500,1666,1500,9.48,-10.0,-10.199999998450727
2026-08-06T16:59:01.467+03:00,51.052600,V2_EXTENSION,Waiting for controlled touchdown,1,1,10.0,0.52,-0.6207280419277387,0.0,0.19999999845072666,357.99999402514953,1500,1500,1666,1500,1500,1500,1666,1500,9.48,-10.0,-10.199999998450727
2026-08-06T16:59:01.513+03:00,51.098664,V2_EXTENSION,Waiting for controlled touchdown,1,1,10.0,0.52,-0.6207280419277387,0.0,0.19999999845072666,357.99999402514953,1500,1500,1666,1500,1500,1500,1666,1500,9.48,-10.0,-10.199999998450727
2026-08-06T16:59:01.565+03:00,51.150014,V2_EXTENSION,Waiting for controlled touchdown,1,1,10.0,0.52,-0.6207280419277387,0.0,0.19999999845072666,357.99999402514953,1500,1500,1666,1500,1500,1500,1666,1500,9.48,-10.0,-10.199999998450727
2026-08-06T16:59:01.565+03:00,51.150166,V2_EXTENSION,Waiting for controlled touchdown,1,1,10.0,0.52,-0.6207280419277387,0.0,0.19999999845072666,357.99999402514953,1500,1500,1666,1500,1500,1500,1666,1500,9.48,-10.0,-10.199999998450727
2026-08-06T16:59:01.616+03:00,51.201361,V2_EXTENSION,Waiting for controlled touchdown,1,1,10.0,0.52,-0.6207280419277387,0.0,0.19999999845072666,357.99999402514953,1500,1500,1666,1500,1500,1500,1666,1500,9.48,-10.0,-10.199999998450727
2026-08-06T16:59:01.667+03:00,51.252606,V2_EXTENSION,Waiting for controlled touchdown,1,1,10.0,0.52,-0.6207280419277387,0.0,0.19999999845072666,357.99999402514953,1500,1500,1666,1500,1500,1500,1666,1500,9.48,-10.0,-10.199999998450727
2026-08-06T16:59:01.667+03:00,51.252772,V2_EXTENSION,Waiting for controlled touchdown,1,1,10.0,0.52,-0.6207280419277387,0.0,0.19999999845072666,357.99999402514953,1500,1500,1666,1500,1500,1500,1666,1500,9.48,-10.0,-10.199999998450727
2026-08-06T16:59:01.713+03:00,51.298876,V2_EXTENSION,Waiting for controlled touchdown,1,1,10.0,0.52,-0.6207280419277387,0.0,0.19999999845072666,357.99999402514953,1500,1500,1666,1500,1500,1500,1666,1500,9.48,-10.0,-10.199999998450727
2026-08-06T16:59:01.765+03:00,51.350251,V2_EXTENSION,Waiting for controlled touchdown,1,1,10.0,0.52,-0.6207280419277387,0.0,0.19999999845072666,357.99999402514953,1500,1500,1666,1500,1500,1500,1666,1500,9.48,-10.0,-10.199999998450727
2026-08-06T16:59:01.765+03:00,51.350390,V2_EXTENSION,Waiting for controlled touchdown,1,1,10.0,0.52,-0.6207280419277387,0.0,0.19999999845072666,357.99999402514953,1500,1500,1666,1500,1500,1500,1666,1500,9.48,-10.0,-10.199999998450727
2026-08-06T16:59:01.770+03:00,51.355647,GLOBAL_POSITION_INT,Waiting for controlled touchdown,1,1,10.0,0.21,-0.6220382314653373,0.0,0.19999999845072666,357.99999402514953,1500,1500,1666,1500,1500,1500,1666,1500,9.79,-10.0,-10.199999998450727
2026-08-06T16:59:01.770+03:00,51.355801,ATTITUDE,Waiting for controlled touchdown,1,1,10.0,0.21,-0.6220382314653373,0.0,0.0,357.99999402514953,1500,1500,1666,1500,1500,1500,1666,1500,9.79,-10.0,-10.0
2026-08-06T16:59:01.771+03:00,51.355939,RC_CHANNELS,Waiting for controlled touchdown,1,1,10.0,0.21,-0.6220382314653373,0.0,0.0,357.99999402514953,1500,1500,1666,1500,1500,1500,1666,1500,9.79,-10.0,-10.0
2026-08-06T16:59:01.817+03:00,51.402465,V2_EXTENSION,Waiting for controlled touchdown,1,1,10.0,0.21,-0.6220382314653373,0.0,0.0,357.99999402514953,1500,1500,1666,1500,1500,1500,1666,1500,9.79,-10.0,-10.0
2026-08-06T16:59:01.869+03:00,51.453939,V2_EXTENSION,Waiting for controlled touchdown,1,1,10.0,0.21,-0.6220382314653373,0.0,0.0,357.99999402514953,1500,1500,1666,1500,1500,1500,1666,1500,9.79,-10.0,-10.0
2026-08-06T16:59:01.869+03:00,51.454069,V2_EXTENSION,Waiting for controlled touchdown,1,1,10.0,0.21,-0.6220382314653373,0.0,0.0,357.99999402514953,1500,1500,1666,1500,1500,1500,1666,1500,9.79,-10.0,-10.0
2026-08-06T16:59:01.915+03:00,51.500108,V2_EXTENSION,Waiting for controlled touchdown,1,1,10.0,0.21,-0.6220382314653373,0.0,0.0,357.99999402514953,1500,1500,1666,1500,1500,1500,1666,1500,9.79,-10.0,-10.0
2026-08-06T16:59:01.966+03:00,51.551367,V2_EXTENSION,Waiting for controlled touchdown,1,1,10.0,0.21,-0.6220382314653373,0.0,0.0,357.99999402514953,1500,1500,1666,1500,1500,1500,1666,1500,9.79,-10.0,-10.0
2026-08-06T16:59:01.966+03:00,51.551513,V2_EXTENSION,Waiting for controlled touchdown,1,1,10.0,0.21,-0.6220382314653373,0.0,0.0,357.99999402514953,1500,1500,1666,1500,1500,1500,1666,1500,9.79,-10.0,-10.0
2026-08-06T16:59:02.017+03:00,51.602843,V2_EXTENSION,Waiting for controlled touchdown,1,1,10.0,0.21,-0.6220382314653373,0.0,0.0,357.99999402514953,1500,1500,1666,1500,1500,1500,1666,1500,9.79,-10.0,-10.0
2026-08-06T16:59:02.069+03:00,51.654169,V2_EXTENSION,Waiting for controlled touchdown,1,1,10.0,0.21,-0.6220382314653373,0.0,0.0,357.99999402514953,1500,1500,1666,1500,1500,1500,1666,1500,9.79,-10.0,-10.0
2026-08-06T16:59:02.069+03:00,51.654302,V2_EXTENSION,Waiting for controlled touchdown,1,1,10.0,0.21,-0.6220382314653373,0.0,0.0,357.99999402514953,1500,1500,1666,1500,1500,1500,1666,1500,9.79,-10.0,-10.0
2026-08-06T16:59:02.115+03:00,51.700445,V2_EXTENSION,Waiting for controlled touchdown,1,1,10.0,0.21,-0.6220382314653373,0.0,0.0,357.99999402514953,1500,1500,1666,1500,1500,1500,1666,1500,9.79,-10.0,-10.0
2026-08-06T16:59:02.166+03:00,51.751688,V2_EXTENSION,Waiting for controlled touchdown,1,1,10.0,0.21,-0.6220382314653373,0.0,0.0,357.99999402514953,1500,1500,1666,1500,1500,1500,1666,1500,9.79,-10.0,-10.0
2026-08-06T16:59:02.166+03:00,51.751825,V2_EXTENSION,Waiting for controlled touchdown,1,1,10.0,0.21,-0.6220382314653373,0.0,0.0,357.99999402514953,1500,1500,1666,1500,1500,1500,1666,1500,9.79,-10.0,-10.0
2026-08-06T16:59:02.218+03:00,51.803142,V2_EXTENSION,Waiting for controlled touchdown,1,1,10.0,0.21,-0.6220382314653373,0.0,0.0,357.99999402514953,1500,1500,1666,1500,1500,1500,1666,1500,9.79,-10.0,-10.0
2026-08-06T16:59:02.269+03:00,51.854374,V2_EXTENSION,Waiting for controlled touchdown,1,1,10.0,0.21,-0.6220382314653373,0.0,0.0,357.99999402514953,1500,1500,1666,1500,1500,1500,1666,1500,9.79,-10.0,-10.0
2026-08-06T16:59:02.269+03:00,51.854523,V2_EXTENSION,Waiting for controlled touchdown,1,1,10.0,0.21,-0.6220382314653373,0.0,0.0,357.99999402514953,1500,1500,1666,1500,1500,1500,1666,1500,9.79,-10.0,-10.0
2026-08-06T16:59:02.269+03:00,51.854644,GLOBAL_POSITION_INT,Waiting for controlled touchdown,1,1,10.0,0.01,-0.4007715204445702,0.0,0.0,357.99999402514953,1500,1500,1666,1500,1500,1500,1666,1500,9.99,-10.0,-10.0
2026-08-06T16:59:02.269+03:00,51.854720,ATTITUDE,Waiting for controlled touchdown,1,1,10.0,0.01,-0.4007715204445702,0.0,0.0,357.99999402514953,1500,1500,1666,1500,1500,1500,1666,1500,9.99,-10.0,-10.0
2026-08-06T16:59:02.269+03:00,51.854834,RC_CHANNELS,Waiting for controlled touchdown,1,1,10.0,0.01,-0.4007715204445702,0.0,0.0,357.99999402514953,1500,1500,1666,1500,1500,1500,1666,1500,9.99,-10.0,-10.0
2026-08-06T16:59:02.316+03:00,51.901053,V2_EXTENSION,Waiting for controlled touchdown,1,1,10.0,0.01,-0.4007715204445702,0.0,0.0,357.99999402514953,1500,1500,1655,1500,1500,1500,1666,1500,9.99,-10.0,-10.0
2026-08-06T16:59:02.367+03:00,51.952613,V2_EXTENSION,Waiting for controlled touchdown,1,1,10.0,0.01,-0.4007715204445702,0.0,0.0,357.99999402514953,1500,1500,1655,1500,1500,1500,1666,1500,9.99,-10.0,-10.0
2026-08-06T16:59:02.367+03:00,51.952772,V2_EXTENSION,Waiting for controlled touchdown,1,1,10.0,0.01,-0.4007715204445702,0.0,0.0,357.99999402514953,1500,1500,1655,1500,1500,1500,1655,1500,9.99,-10.0,-10.0
2026-08-06T16:59:02.419+03:00,52.004201,V2_EXTENSION,Waiting for controlled touchdown,1,1,10.0,0.01,-0.4007715204445702,0.0,0.0,357.99999402514953,1500,1500,1655,1500,1500,1500,1655,1500,9.99,-10.0,-10.0
2026-08-06T16:59:02.470+03:00,52.055572,V2_EXTENSION,Waiting for controlled touchdown,1,1,10.0,0.01,-0.4007715204445702,0.0,0.0,357.99999402514953,1500,1500,1655,1500,1500,1500,1655,1500,9.99,-10.0,-10.0
2026-08-06T16:59:02.470+03:00,52.055705,V2_EXTENSION,Waiting for controlled touchdown,1,1,10.0,0.01,-0.4007715204445702,0.0,0.0,357.99999402514953,1500,1500,1655,1500,1500,1500,1655,1500,9.99,-10.0,-10.0
2026-08-06T16:59:02.516+03:00,52.101855,V2_EXTENSION,Waiting for controlled touchdown,1,1,10.0,0.01,-0.4007715204445702,0.0,0.0,357.99999402514953,1500,1500,1655,1500,1500,1500,1655,1500,9.99,-10.0,-10.0
2026-08-06T16:59:02.568+03:00,52.153034,V2_EXTENSION,Waiting for controlled touchdown,1,1,10.0,0.01,-0.4007715204445702,0.0,0.0,357.99999402514953,1500,1500,1655,1500,1500,1500,1655,1500,9.99,-10.0,-10.0
2026-08-06T16:59:02.568+03:00,52.153216,V2_EXTENSION,Waiting for controlled touchdown,1,1,10.0,0.01,-0.4007715204445702,0.0,0.0,357.99999402514953,1500,1500,1655,1500,1500,1500,1655,1500,9.99,-10.0,-10.0
2026-08-06T16:59:02.619+03:00,52.204399,V2_EXTENSION,Waiting for controlled touchdown,1,1,10.0,0.01,-0.4007715204445702,0.0,0.0,357.99999402514953,1500,1500,1655,1500,1500,1500,1655,1500,9.99,-10.0,-10.0
2026-08-06T16:59:02.670+03:00,52.255638,V2_EXTENSION,Waiting for controlled touchdown,1,1,10.0,0.01,-0.4007715204445702,0.0,0.0,357.99999402514953,1500,1500,1655,1500,1500,1500,1655,1500,9.99,-10.0,-10.0
2026-08-06T16:59:02.670+03:00,52.255778,V2_EXTENSION,Waiting for controlled touchdown,1,1,10.0,0.01,-0.4007715204445702,0.0,0.0,357.99999402514953,1500,1500,1655,1500,1500,1500,1655,1500,9.99,-10.0,-10.0
2026-08-06T16:59:02.716+03:00,52.301777,V2_EXTENSION,Waiting for controlled touchdown,1,1,10.0,0.01,-0.4007715204445702,0.0,0.0,357.99999402514953,1500,1500,1655,1500,1500,1500,1655,1500,9.99,-10.0,-10.0
2026-08-06T16:59:02.768+03:00,52.352955,V2_EXTENSION,Waiting for controlled touchdown,1,1,10.0,0.01,-0.4007715204445702,0.0,0.0,357.99999402514953,1500,1500,1655,1500,1500,1500,1655,1500,9.99,-10.0,-10.0
2026-08-06T16:59:02.768+03:00,52.353224,V2_EXTENSION,Waiting for controlled touchdown,1,1,10.0,0.01,-0.4007715204445702,0.0,0.0,357.99999402514953,1500,1500,1655,1500,1500,1500,1655,1500,9.99,-10.0,-10.0
2026-08-06T16:59:02.773+03:00,52.358477,GLOBAL_POSITION_INT,Waiting for controlled touchdown,1,1,10.0,0.0,-0.019847959470810663,0.0,0.0,357.99999402514953,1500,1500,1655,1500,1500,1500,1655,1500,10.0,-10.0,-10.0
2026-08-06T16:59:02.773+03:00,52.358568,ATTITUDE,Waiting for controlled touchdown,1,1,10.0,0.0,-0.019847959470810663,0.0,-0.09999999922536333,357.99999402514953,1500,1500,1655,1500,1500,1500,1655,1500,10.0,-10.0,-9.900000000774636
2026-08-06T16:59:02.773+03:00,52.358683,RC_CHANNELS,Waiting for controlled touchdown,1,1,10.0,0.0,-0.019847959470810663,0.0,-0.09999999922536333,357.99999402514953,1500,1500,1655,1500,1500,1500,1655,1500,10.0,-10.0,-9.900000000774636
2026-08-06T16:59:02.820+03:00,52.404970,V2_EXTENSION,Waiting for controlled touchdown,1,1,10.0,0.0,-0.019847959470810663,0.0,-0.09999999922536333,357.99999402514953,1500,1500,1635,1500,1500,1500,1655,1500,10.0,-10.0,-9.900000000774636
2026-08-06T16:59:02.871+03:00,52.456154,V2_EXTENSION,Waiting for controlled touchdown,1,1,10.0,0.0,-0.019847959470810663,0.0,-0.09999999922536333,357.99999402514953,1500,1500,1635,1500,1500,1500,1635,1500,10.0,-10.0,-9.900000000774636
2026-08-06T16:59:02.871+03:00,52.456417,V2_EXTENSION,Waiting for controlled touchdown,1,1,10.0,0.0,-0.019847959470810663,0.0,-0.09999999922536333,357.99999402514953,1500,1500,1635,1500,1500,1500,1635,1500,10.0,-10.0,-9.900000000774636
2026-08-06T16:59:02.917+03:00,52.502592,V2_EXTENSION,Waiting for controlled touchdown,1,1,10.0,0.0,-0.019847959470810663,0.0,-0.09999999922536333,357.99999402514953,1500,1500,1635,1500,1500,1500,1635,1500,10.0,-10.0,-9.900000000774636
2026-08-06T16:59:02.968+03:00,52.553776,V2_EXTENSION,Waiting for controlled touchdown,1,1,10.0,0.0,-0.019847959470810663,0.0,-0.09999999922536333,357.99999402514953,1500,1500,1635,1500,1500,1500,1635,1500,10.0,-10.0,-9.900000000774636
2026-08-06T16:59:02.969+03:00,52.554066,V2_EXTENSION,Waiting for controlled touchdown,1,1,10.0,0.0,-0.019847959470810663,0.0,-0.09999999922536333,357.99999402514953,1500,1500,1635,1500,1500,1500,1635,1500,10.0,-10.0,-9.900000000774636
2026-08-06T16:59:03.020+03:00,52.605409,V2_EXTENSION,Waiting for controlled touchdown,1,1,10.0,0.0,-0.019847959470810663,0.0,-0.09999999922536333,357.99999402514953,1500,1500,1635,1500,1500,1500,1635,1500,10.0,-10.0,-9.900000000774636
2026-08-06T16:59:03.071+03:00,52.656568,V2_EXTENSION,Waiting for controlled touchdown,1,1,10.0,0.0,-0.019847959470810663,0.0,-0.09999999922536333,357.99999402514953,1500,1500,1635,1500,1500,1500,1635,1500,10.0,-10.0,-9.900000000774636
2026-08-06T16:59:03.071+03:00,52.656812,V2_EXTENSION,Waiting for controlled touchdown,1,1,10.0,0.0,-0.019847959470810663,0.0,-0.09999999922536333,357.99999402514953,1500,1500,1635,1500,1500,1500,1635,1500,10.0,-10.0,-9.900000000774636
2026-08-06T16:59:03.118+03:00,52.703133,V2_EXTENSION,Waiting for controlled touchdown,1,1,10.0,0.0,-0.019847959470810663,0.0,-0.09999999922536333,357.99999402514953,1500,1500,1635,1500,1500,1500,1635,1500,10.0,-10.0,-9.900000000774636
2026-08-06T16:59:03.169+03:00,52.754294,V2_EXTENSION,Waiting for controlled touchdown,1,1,10.0,0.0,-0.019847959470810663,0.0,-0.09999999922536333,357.99999402514953,1500,1500,1635,1500,1500,1500,1635,1500,10.0,-10.0,-9.900000000774636
2026-08-06T16:59:03.169+03:00,52.754536,V2_EXTENSION,Waiting for controlled touchdown,1,1,10.0,0.0,-0.019847959470810663,0.0,-0.09999999922536333,357.99999402514953,1500,1500,1635,1500,1500,1500,1635,1500,10.0,-10.0,-9.900000000774636
2026-08-06T16:59:03.220+03:00,52.805672,V2_EXTENSION,Waiting for controlled touchdown,1,1,10.0,0.0,-0.019847959470810663,0.0,-0.09999999922536333,357.99999402514953,1500,1500,1635,1500,1500,1500,1635,1500,10.0,-10.0,-9.900000000774636
2026-08-06T16:59:03.271+03:00,52.856831,V2_EXTENSION,Waiting for controlled touchdown,1,1,10.0,0.0,-0.019847959470810663,0.0,-0.09999999922536333,357.99999402514953,1500,1500,1635,1500,1500,1500,1635,1500,10.0,-10.0,-9.900000000774636
2026-08-06T16:59:03.272+03:00,52.857068,V2_EXTENSION,Waiting for controlled touchdown,1,1,10.0,0.0,-0.019847959470810663,0.0,-0.09999999922536333,357.99999402514953,1500,1500,1635,1500,1500,1500,1635,1500,10.0,-10.0,-9.900000000774636
2026-08-06T16:59:03.272+03:00,52.857168,GLOBAL_POSITION_INT,Waiting for controlled touchdown,1,1,10.0,0.0,0.0,0.0,-0.09999999922536333,357.99999402514953,1500,1500,1635,1500,1500,1500,1635,1500,10.0,-10.0,-9.900000000774636
2026-08-06T16:59:03.272+03:00,52.857242,ATTITUDE,Waiting for controlled touchdown,1,1,10.0,0.0,0.0,0.0,-0.09999999922536333,357.99999402514953,1500,1500,1635,1500,1500,1500,1635,1500,10.0,-10.0,-9.900000000774636
2026-08-06T16:59:03.272+03:00,52.857346,RC_CHANNELS,Waiting for controlled touchdown,1,1,10.0,0.0,0.0,0.0,-0.09999999922536333,357.99999402514953,1500,1500,1635,1500,1500,1500,1635,1500,10.0,-10.0,-9.900000000774636
2026-08-06T16:59:03.319+03:00,52.903931,V2_EXTENSION,Disarming and waiting for IDLE,1,1,10.0,0.0,0.0,0.0,-0.09999999922536333,357.99999402514953,1500,1500,1000,1500,1500,1500,1635,1500,10.0,-10.0,-9.900000000774636
2026-08-06T16:59:03.370+03:00,52.955081,V2_EXTENSION,Disarming and waiting for IDLE,1,1,10.0,0.0,0.0,0.0,-0.09999999922536333,357.99999402514953,1500,1500,1000,1500,1500,1500,1000,1500,10.0,-10.0,-9.900000000774636
2026-08-06T16:59:03.370+03:00,52.955323,V2_EXTENSION,Disarming and waiting for IDLE,1,1,10.0,0.0,0.0,0.0,-0.09999999922536333,357.99999402514953,1500,1500,1000,1500,1500,1500,1000,1500,10.0,-10.0,-9.900000000774636
2026-08-06T16:59:03.421+03:00,53.006527,V2_EXTENSION,Disarming and waiting for IDLE,1,1,10.0,0.0,0.0,0.0,-0.09999999922536333,357.99999402514953,1500,1500,1000,1500,1500,1500,1000,1500,10.0,-10.0,-9.900000000774636
2026-08-06T16:59:03.467+03:00,53.052543,V2_EXTENSION,Disarming and waiting for IDLE,1,1,10.0,0.0,0.0,0.0,-0.09999999922536333,357.99999402514953,1500,1500,1000,1500,1500,1500,1000,1500,10.0,-10.0,-9.900000000774636
2026-08-06T16:59:03.473+03:00,53.057891,V2_EXTENSION,Disarming and waiting for IDLE,1,1,10.0,0.0,0.0,0.0,-0.09999999922536333,357.99999402514953,1500,1500,1000,1500,1500,1500,1000,1500,10.0,-10.0,-9.900000000774636
2026-08-06T16:59:03.519+03:00,53.103987,V2_EXTENSION,Disarming and waiting for IDLE,1,1,10.0,0.0,0.0,0.0,-0.09999999922536333,357.99999402514953,1500,1500,1000,1500,1500,1500,1000,1500,10.0,-10.0,-9.900000000774636
2026-08-06T16:59:03.570+03:00,53.155094,V2_EXTENSION,Disarming and waiting for IDLE,1,1,10.0,0.0,0.0,0.0,-0.09999999922536333,357.99999402514953,1500,1500,1000,1500,1500,1500,1000,1500,10.0,-10.0,-9.900000000774636
2026-08-06T16:59:03.570+03:00,53.155399,V2_EXTENSION,Disarming and waiting for IDLE,1,1,10.0,0.0,0.0,0.0,-0.09999999922536333,357.99999402514953,1500,1500,1000,1500,1500,1500,1000,1500,10.0,-10.0,-9.900000000774636
2026-08-06T16:59:03.621+03:00,53.206674,V2_EXTENSION,Disarming and waiting for IDLE,1,1,10.0,0.0,0.0,0.0,-0.09999999922536333,357.99999402514953,1500,1500,1000,1500,1500,1500,1000,1500,10.0,-10.0,-9.900000000774636
2026-08-06T16:59:03.672+03:00,53.257730,V2_EXTENSION,Disarming and waiting for IDLE,1,1,10.0,0.0,0.0,0.0,-0.09999999922536333,357.99999402514953,1500,1500,1000,1500,1500,1500,1000,1500,10.0,-10.0,-9.900000000774636
2026-08-06T16:59:03.673+03:00,53.258086,V2_EXTENSION,Disarming and waiting for IDLE,1,1,10.0,0.0,0.0,0.0,-0.09999999922536333,357.99999402514953,1500,1500,1000,1500,1500,1500,1000,1500,10.0,-10.0,-9.900000000774636
2026-08-06T16:59:03.724+03:00,53.309522,V2_EXTENSION,Disarming and waiting for IDLE,1,1,10.0,0.0,0.0,0.0,-0.09999999922536333,357.99999402514953,1500,1500,1000,1500,1500,1500,1000,1500,10.0,-10.0,-9.900000000774636
2026-08-06T16:59:03.770+03:00,53.355561,V2_EXTENSION,Disarming and waiting for IDLE,1,1,10.0,0.0,0.0,0.0,-0.09999999922536333,357.99999402514953,1500,1500,1000,1500,1500,1500,1000,1500,10.0,-10.0,-9.900000000774636
2026-08-06T16:59:03.770+03:00,53.355683,GLOBAL_POSITION_INT,Disarming and waiting for IDLE,1,1,10.0,0.0,0.0,0.0,-0.09999999922536333,357.99999402514953,1500,1500,1000,1500,1500,1500,1000,1500,10.0,-10.0,-9.900000000774636
2026-08-06T16:59:03.770+03:00,53.355761,ATTITUDE,Disarming and waiting for IDLE,1,1,10.0,0.0,0.0,0.0,-0.09999999922536333,357.99999402514953,1500,1500,1000,1500,1500,1500,1000,1500,10.0,-10.0,-9.900000000774636
2026-08-06T16:59:03.770+03:00,53.355865,RC_CHANNELS,Disarming and waiting for IDLE,1,1,10.0,0.0,0.0,0.0,-0.09999999922536333,357.99999402514953,1500,1500,1000,1500,1500,1500,1000,1500,10.0,-10.0,-9.900000000774636
2026-08-06T16:59:03.771+03:00,53.356068,V2_EXTENSION,Disarming and waiting for IDLE,1,1,10.0,0.0,0.0,0.0,-0.09999999922536333,357.99999402514953,1500,1500,1000,1500,1500,1500,1000,1500,10.0,-10.0,-9.900000000774636
2026-08-06T16:59:03.822+03:00,53.407200,V2_EXTENSION,Disarming and waiting for IDLE,1,1,10.0,0.0,0.0,0.0,-0.09999999922536333,357.99999402514953,1500,1500,1000,1500,1500,1500,1000,1500,10.0,-10.0,-9.900000000774636
2026-08-06T16:59:03.868+03:00,53.453236,V2_EXTENSION,Disarming and waiting for IDLE,1,1,10.0,0.0,0.0,0.0,-0.09999999922536333,357.99999402514953,1500,1500,1000,1500,1500,1500,1000,1500,10.0,-10.0,-9.900000000774636
2026-08-06T16:59:03.873+03:00,53.458691,V2_EXTENSION,Disarming and waiting for IDLE,1,1,10.0,0.0,0.0,0.0,-0.09999999922536333,357.99999402514953,1500,1500,1000,1500,1500,1500,1000,1500,10.0,-10.0,-9.900000000774636
2026-08-06T16:59:03.934+03:00,53.519809,V2_EXTENSION,Disarming and waiting for IDLE,0,0,10.0,0.0,0.0,0.0,-0.09999999922536333,357.99999402514953,1500,1500,1000,1500,1500,1500,1000,1500,10.0,-10.0,-9.900000000774636
2026-08-06T16:59:03.975+03:00,53.560310,V2_EXTENSION,Disarming and waiting for IDLE,0,0,10.0,0.0,0.0,0.0,-0.09999999922536333,357.99999402514953,1500,1500,1000,1500,1500,1500,1000,1500,10.0,-10.0,-9.900000000774636
2026-08-06T16:59:03.975+03:00,53.560612,V2_EXTENSION,Disarming and waiting for IDLE,0,0,10.0,0.0,0.0,0.0,-0.09999999922536333,357.99999402514953,1500,1500,1000,1500,1500,1500,1000,1500,10.0,-10.0,-9.900000000774636
2026-08-06T16:59:04.036+03:00,53.621323,V2_EXTENSION,Disarming and waiting for IDLE,0,0,10.0,0.0,0.0,0.0,-0.09999999922536333,357.99999402514953,1500,1500,1000,1500,1500,1500,1000,1500,10.0,-10.0,-9.900000000774636
2026-08-06T16:59:04.076+03:00,53.661798,V2_EXTENSION,Disarming and waiting for IDLE,0,0,10.0,0.0,0.0,0.0,-0.09999999922536333,357.99999402514953,1500,1500,1000,1500,1500,1500,1000,1500,10.0,-10.0,-9.900000000774636
2026-08-06T16:59:04.077+03:00,53.662043,V2_EXTENSION,Disarming and waiting for IDLE,0,0,10.0,0.0,0.0,0.0,-0.09999999922536333,357.99999402514953,1500,1500,1000,1500,1500,1500,1000,1500,10.0,-10.0,-9.900000000774636
2026-08-06T16:59:04.137+03:00,53.722786,V2_EXTENSION,Disarming and waiting for IDLE,0,0,10.0,0.0,0.0,0.0,-0.09999999922536333,357.99999402514953,1500,1500,1000,1500,1500,1500,1000,1500,10.0,-10.0,-9.900000000774636
2026-08-06T16:59:04.178+03:00,53.763434,V2_EXTENSION,Disarming and waiting for IDLE,0,0,10.0,0.0,0.0,0.0,-0.09999999922536333,357.99999402514953,1500,1500,1000,1500,1500,1500,1000,1500,10.0,-10.0,-9.900000000774636
2026-08-06T16:59:04.178+03:00,53.763735,V2_EXTENSION,Disarming and waiting for IDLE,0,0,10.0,0.0,0.0,0.0,-0.09999999922536333,357.99999402514953,1500,1500,1000,1500,1500,1500,1000,1500,10.0,-10.0,-9.900000000774636
2026-08-06T16:59:04.239+03:00,53.824480,V2_EXTENSION,Disarming and waiting for IDLE,0,0,10.0,0.0,0.0,0.0,-0.09999999922536333,357.99999402514953,1500,1500,1000,1500,1500,1500,1000,1500,10.0,-10.0,-9.900000000774636
2026-08-06T16:59:04.280+03:00,53.864970,V2_EXTENSION,Disarming and waiting for IDLE,0,0,10.0,0.0,0.0,0.0,-0.09999999922536333,357.99999402514953,1500,1500,1000,1500,1500,1500,1000,1500,10.0,-10.0,-9.900000000774636
2026-08-06T16:59:04.280+03:00,53.865110,GLOBAL_POSITION_INT,Disarming and waiting for IDLE,0,0,10.0,0.0,0.0,0.0,-0.09999999922536333,357.99999402514953,1500,1500,1000,1500,1500,1500,1000,1500,10.0,-10.0,-9.900000000774636
2026-08-06T16:59:04.280+03:00,53.865197,ATTITUDE,Disarming and waiting for IDLE,0,0,10.0,0.0,0.0,0.0,0.0,357.99999402514953,1500,1500,1000,1500,1500,1500,1000,1500,10.0,-10.0,-10.0
2026-08-06T16:59:04.280+03:00,53.865298,RC_CHANNELS,Disarming and waiting for IDLE,0,0,10.0,0.0,0.0,0.0,0.0,357.99999402514953,1500,1500,1000,1500,1500,1500,1000,1500,10.0,-10.0,-10.0
2026-08-06T16:59:04.280+03:00,53.865497,V2_EXTENSION,Disarming and waiting for IDLE,0,0,10.0,0.0,0.0,0.0,0.0,357.99999402514953,1500,1500,1000,1500,1500,1500,1000,1500,10.0,-10.0,-10.0
2026-08-06T16:59:04.341+03:00,53.926299,V2_EXTENSION,Disarming and waiting for IDLE,0,0,10.0,0.0,0.0,0.0,0.0,357.99999402514953,1500,1500,1000,1500,1500,1500,1000,1500,10.0,-10.0,-10.0
2026-08-06T16:59:04.381+03:00,53.966744,V2_EXTENSION,Disarming and waiting for IDLE,0,0,10.0,0.0,0.0,0.0,0.0,357.99999402514953,1500,1500,1000,1500,1500,1500,1000,1500,10.0,-10.0,-10.0
2026-08-06T16:59:04.382+03:00,53.966973,V2_EXTENSION,Disarming and waiting for IDLE,0,0,10.0,0.0,0.0,0.0,0.0,357.99999402514953,1500,1500,1000,1500,1500,1500,1000,1500,10.0,-10.0,-10.0
