local_time,elapsed_s,sample_source,phase,state,state_id,armed,altitude_setpoint_m,altitude_m,vertical_speed_m_s,roll_deg,pitch_deg,yaw_deg,joystick_throttle_pwm,output_throttle_pwm,output_correction_pwm,output_saturated,output_roll_pwm,output_pitch_pwm,output_yaw_pwm,TAKEOFF_ALT,TAKEOFF_RATE,ALT_KP,ALT_KI,ALT_KD,ALT_OUT_LIMIT,HOV_BASELINE
2026-08-06T16:03:20.232+03:00,0.026537,V2_CHANNEL_STATUS,Waiting for bt-app telemetry,,,0,,,,,,,1000,1000,,0,1500,1500,1500,,,,,,,
2026-08-06T16:03:20.300+03:00,0.093586,GLOBAL_POSITION_INT,Waiting for bt-app telemetry,,,0,,0.0,,,,,1000,1000,,0,1500,1500,1500,,,,,,,
2026-08-06T16:03:20.300+03:00,0.093842,RC_CHANNELS,Waiting for bt-app telemetry,,,0,,0.0,,0.0,0.0,356.9999996891463,1000,1000,,0,1500,1500,1500,,,,,,,
2026-08-06T16:03:20.331+03:00,0.124997,V2_CHANNEL_STATUS,Waiting for bt-app telemetry,,,0,,0.0,,0.0,0.0,356.9999996891463,1000,1000,,0,1500,1500,1500,,,,,,,
2026-08-06T16:03:20.434+03:00,0.227848,V2_CHANNEL_STATUS,Waiting for bt-app telemetry,,,0,,0.0,,0.0,0.0,356.9999996891463,1000,1000,,0,1500,1500,1500,,,,,,,
2026-08-06T16:03:20.532+03:00,0.325643,V2_CHANNEL_STATUS,Waiting for bt-app telemetry,,,0,,0.0,,0.0,0.0,356.9999996891463,1000,1000,,0,1500,1500,1500,,,,,,,
2026-08-06T16:03:20.635+03:00,0.428696,V2_CHANNEL_STATUS,Waiting for bt-app telemetry,,,0,,0.0,,0.0,0.0,356.9999996891463,1000,1000,,0,1500,1500,1500,,,,,,,
2026-08-06T16:03:20.733+03:00,0.526783,V2_CHANNEL_STATUS,Waiting for bt-app telemetry,,,0,,0.0,,0.0,0.0,356.9999996891463,1000,1000,,0,1500,1500,1500,,,,,,,
2026-08-06T16:03:20.800+03:00,0.594003,GLOBAL_POSITION_INT,Waiting for bt-app telemetry,IDLE,0,0,,0.0,0.0,0.0,0.0,356.9999996891463,1000,1000,,0,1500,1500,1500,,,,,,,
2026-08-06T16:03:20.800+03:00,0.594242,RC_CHANNELS,Waiting for bt-app telemetry,IDLE,0,0,,0.0,0.0,0.0,0.0,356.9999996891463,1000,1000,,0,1500,1500,1500,,,,,,,
2026-08-06T16:03:20.832+03:00,0.625767,V2_CHANNEL_STATUS,Reading active takeoff parameters,IDLE,0,0,,0.0,0.0,0.0,0.0,356.9999996891463,1000,1000,,0,1500,1500,1500,,,20.0,0.0,35.0,,
2026-08-06T16:03:20.935+03:00,0.729108,V2_CHANNEL_STATUS,Arming in MANUAL mode,IDLE,0,0,,0.0,0.0,0.0,0.0,356.9999996891463,1000,1000,-660,1,1500,1500,1500,10.0,1.5,20.0,0.0,35.0,150.0,1660
2026-08-06T16:03:21.033+03:00,0.827167,V2_CHANNEL_STATUS,Arming in MANUAL mode,IDLE,0,0,,0.0,0.0,0.0,0.0,356.9999996891463,1000,1000,-660,1,1500,1500,1500,10.0,1.5,20.0,0.0,35.0,150.0,1660
2026-08-06T16:03:21.136+03:00,0.930346,V2_CHANNEL_STATUS,Arming in MANUAL mode,IDLE,0,0,,0.0,0.0,0.0,0.0,356.9999996891463,1000,1000,-660,1,1500,1500,1500,10.0,1.5,20.0,0.0,35.0,150.0,1660
2026-08-06T16:03:21.234+03:00,1.028307,V2_CHANNEL_STATUS,Arming in MANUAL mode,IDLE,0,0,,0.0,0.0,0.0,0.0,356.9999996891463,1000,1000,-660,1,1500,1500,1500,10.0,1.5,20.0,0.0,35.0,150.0,1660
2026-08-06T16:03:21.301+03:00,1.095265,GLOBAL_POSITION_INT,Arming in MANUAL mode,IDLE,0,0,,0.0,0.0,0.0,0.0,356.9999996891463,1000,1000,-660,1,1500,1500,1500,10.0,1.5,20.0,0.0,35.0,150.0,1660
2026-08-06T16:03:21.301+03:00,1.095529,RC_CHANNELS,Arming in MANUAL mode,IDLE,0,0,,0.0,0.0,0.0,0.0,356.9999996891463,1000,1000,-660,1,1500,1500,1500,10.0,1.5,20.0,0.0,35.0,150.0,1660
2026-08-06T16:03:21.333+03:00,1.126625,V2_CHANNEL_STATUS,Arming in MANUAL mode,IDLE,0,0,,0.0,0.0,0.0,0.0,356.9999996891463,1000,1000,-660,1,1500,1500,1500,10.0,1.5,20.0,0.0,35.0,150.0,1660
2026-08-06T16:03:21.435+03:00,1.229478,V2_CHANNEL_STATUS,Arming in MANUAL mode,IDLE,0,0,,0.0,0.0,0.0,0.0,356.9999996891463,1000,1000,-660,1,1500,1500,1500,10.0,1.5,20.0,0.0,35.0,150.0,1660
2026-08-06T16:03:21.533+03:00,1.327474,V2_CHANNEL_STATUS,Arming in MANUAL mode,IDLE,0,0,,0.0,0.0,0.0,0.0,356.9999996891463,1000,1000,-660,1,1500,1500,1500,10.0,1.5,20.0,0.0,35.0,150.0,1660
2026-08-06T16:03:21.636+03:00,1.430541,V2_CHANNEL_STATUS,Arming in MANUAL mode,IDLE,0,0,,0.0,0.0,0.0,0.0,356.9999996891463,1000,1000,-660,1,1500,1500,1500,10.0,1.5,20.0,0.0,35.0,150.0,1660
2026-08-06T16:03:21.734+03:00,1.528270,V2_CHANNEL_STATUS,Arming in MANUAL mode,IDLE,0,0,,0.0,0.0,0.0,0.0,356.9999996891463,1000,1000,-660,1,1500,1500,1500,10.0,1.5,20.0,0.0,35.0,150.0,1660
2026-08-06T16:03:21.801+03:00,1.595377,GLOBAL_POSITION_INT,Arming in MANUAL mode,6,6,0,,0.0,0.0,0.0,0.0,356.9999996891463,1000,1000,-660,1,1500,1500,1500,10.0,1.5,20.0,0.0,35.0,150.0,1660
2026-08-06T16:03:21.802+03:00,1.595600,RC_CHANNELS,Arming in MANUAL mode,6,6,0,,0.0,0.0,0.0,0.0,356.9999996891463,1000,1000,-660,1,1500,1500,1500,10.0,1.5,20.0,0.0,35.0,150.0,1660
2026-08-06T16:03:21.833+03:00,1.626664,V2_CHANNEL_STATUS,Arming in MANUAL mode,6,6,0,,0.0,0.0,0.0,0.0,356.9999996891463,1000,1000,-660,1,1500,1500,1500,10.0,1.5,20.0,0.0,35.0,150.0,1660
2026-08-06T16:03:21.936+03:00,1.729610,V2_CHANNEL_STATUS,Arming in MANUAL mode,6,6,0,,0.0,0.0,0.0,0.0,356.9999996891463,1000,1000,-660,1,1500,1500,1500,10.0,1.5,20.0,0.0,35.0,150.0,1660
2026-08-06T16:03:22.033+03:00,1.827443,V2_CHANNEL_STATUS,Arming in MANUAL mode,6,6,0,,0.0,0.0,0.0,0.0,356.9999996891463,1000,1000,-660,1,1500,1500,1500,10.0,1.5,20.0,0.0,35.0,150.0,1660
2026-08-06T16:03:22.136+03:00,1.930245,V2_CHANNEL_STATUS,Arming in MANUAL mode,6,6,0,,0.0,0.0,0.0,0.0,356.9999996891463,1000,1000,-660,1,1500,1500,1500,10.0,1.5,20.0,0.0,35.0,150.0,1660
2026-08-06T16:03:22.234+03:00,2.027952,V2_CHANNEL_STATUS,Arming in MANUAL mode,6,6,0,,0.0,0.0,0.0,0.0,356.9999996891463,1000,1000,-660,1,1500,1500,1500,10.0,1.5,20.0,0.0,35.0,150.0,1660
2026-08-06T16:03:22.301+03:00,2.094872,GLOBAL_POSITION_INT,Arming in MANUAL mode,6,6,0,,0.0,0.0,0.0,0.0,356.9999996891463,1000,1000,-660,1,1500,1500,1500,10.0,1.5,20.0,0.0,35.0,150.0,1660
2026-08-06T16:03:22.301+03:00,2.095099,RC_CHANNELS,Arming in MANUAL mode,6,6,0,,0.0,0.0,0.0,0.0,356.9999996891463,1000,1000,-660,1,1500,1500,1500,10.0,1.5,20.0,0.0,35.0,150.0,1660
2026-08-06T16:03:22.337+03:00,2.131526,V2_CHANNEL_STATUS,Arming in MANUAL mode,6,6,0,,0.0,0.0,0.0,0.0,356.9999996891463,1000,1000,-660,1,1500,1500,1500,10.0,1.5,20.0,0.0,35.0,150.0,1660
2026-08-06T16:03:22.435+03:00,2.229330,V2_CHANNEL_STATUS,Arming in MANUAL mode,6,6,0,,0.0,0.0,0.0,0.0,356.9999996891463,1000,1000,-660,1,1500,1500,1500,10.0,1.5,20.0,0.0,35.0,150.0,1660
2026-08-06T16:03:22.539+03:00,2.332612,V2_CHANNEL_STATUS,Arming in MANUAL mode,6,6,0,,0.0,0.0,0.0,0.0,356.9999996891463,1000,1000,-660,1,1500,1500,1500,10.0,1.5,20.0,0.0,35.0,150.0,1660
2026-08-06T16:03:22.638+03:00,2.431597,V2_CHANNEL_STATUS,Arming in MANUAL mode,6,6,0,,0.0,0.0,0.0,0.0,356.9999996891463,1000,1000,-660,1,1500,1500,1500,10.0,1.5,20.0,0.0,35.0,150.0,1660
2026-08-06T16:03:22.735+03:00,2.529289,V2_CHANNEL_STATUS,Arming in MANUAL mode,6,6,0,,0.0,0.0,0.0,0.0,356.9999996891463,1000,1000,-660,1,1500,1500,1500,10.0,1.5,20.0,0.0,35.0,150.0,1660
2026-08-06T16:03:22.803+03:00,2.596553,GLOBAL_POSITION_INT,Arming in MANUAL mode,6,6,0,,0.0,0.0,0.0,0.0,356.9999996891463,1000,1000,-660,1,1500,1500,1500,10.0,1.5,20.0,0.0,35.0,150.0,1660
2026-08-06T16:03:22.803+03:00,2.596803,RC_CHANNELS,Arming in MANUAL mode,6,6,0,,0.0,0.0,0.0,0.0,356.9999996891463,1000,1000,-660,1,1500,1500,1500,10.0,1.5,20.0,0.0,35.0,150.0,1660
2026-08-06T16:03:22.839+03:00,2.632882,V2_CHANNEL_STATUS,Arming in MANUAL mode,6,6,0,,0.0,0.0,0.0,0.0,356.9999996891463,1000,1000,-660,1,1500,1500,1500,10.0,1.5,20.0,0.0,35.0,150.0,1660
2026-08-06T16:03:22.937+03:00,2.730918,V2_CHANNEL_STATUS,Arming in MANUAL mode,6,6,0,,0.0,0.0,0.0,0.0,356.9999996891463,1000,1000,-660,1,1500,1500,1500,10.0,1.5,20.0,0.0,35.0,150.0,1660
2026-08-06T16:03:23.035+03:00,2.829052,V2_CHANNEL_STATUS,Arming in MANUAL mode,6,6,0,,0.0,0.0,0.0,0.0,356.9999996891463,1000,1000,-660,1,1500,1500,1500,10.0,1.5,20.0,0.0,35.0,150.0,1660
2026-08-06T16:03:23.138+03:00,2.932156,V2_CHANNEL_STATUS,Arming in MANUAL mode,6,6,0,,0.0,0.0,0.0,0.0,356.9999996891463,1000,1000,-660,1,1500,1500,1500,10.0,1.5,20.0,0.0,35.0,150.0,1660
2026-08-06T16:03:23.236+03:00,3.029978,V2_CHANNEL_STATUS,Arming in MANUAL mode,6,6,0,,0.0,0.0,0.0,0.0,356.9999996891463,1000,1000,-660,1,1500,1500,1500,10.0,1.5,20.0,0.0,35.0,150.0,1660
2026-08-06T16:03:23.303+03:00,3.097014,GLOBAL_POSITION_INT,Arming in MANUAL mode,6,6,0,,0.0,0.0,0.0,0.0,356.9999996891463,1000,1000,-660,1,1500,1500,1500,10.0,1.5,20.0,0.0,35.0,150.0,1660
2026-08-06T16:03:23.303+03:00,3.097241,RC_CHANNELS,Arming in MANUAL mode,6,6,0,,0.0,0.0,0.0,0.0,356.9999996891463,1000,1000,-660,1,1500,1500,1500,10.0,1.5,20.0,0.0,35.0,150.0,1660
2026-08-06T16:03:23.339+03:00,3.133193,V2_CHANNEL_STATUS,Arming in MANUAL mode,6,6,0,,0.0,0.0,0.0,0.0,356.9999996891463,1000,1000,-660,1,1500,1500,1500,10.0,1.5,20.0,0.0,35.0,150.0,1660
2026-08-06T16:03:23.437+03:00,3.231367,V2_CHANNEL_STATUS,Arming in MANUAL mode,6,6,0,,0.0,0.0,0.0,0.0,356.9999996891463,1000,1000,-660,1,1500,1500,1500,10.0,1.5,20.0,0.0,35.0,150.0,1660
2026-08-06T16:03:23.536+03:00,3.330132,V2_CHANNEL_STATUS,Arming in MANUAL mode,6,6,0,,0.0,0.0,0.0,0.0,356.9999996891463,1000,1000,-660,1,1500,1500,1500,10.0,1.5,20.0,0.0,35.0,150.0,1660
2026-08-06T16:03:23.639+03:00,3.433270,V2_CHANNEL_STATUS,Arming in MANUAL mode,6,6,0,,0.0,0.0,0.0,0.0,356.9999996891463,1000,1000,-660,1,1500,1500,1500,10.0,1.5,20.0,0.0,35.0,150.0,1660
2026-08-06T16:03:23.737+03:00,3.531054,V2_CHANNEL_STATUS,Arming in MANUAL mode,6,6,0,,0.0,0.0,0.0,0.0,356.9999996891463,1000,1000,-660,1,1500,1500,1500,10.0,1.5,20.0,0.0,35.0,150.0,1660
2026-08-06T16:03:23.799+03:00,3.593267,GLOBAL_POSITION_INT,Arming in MANUAL mode,6,6,0,,0.0,0.0,0.0,0.0,356.9999996891463,1000,1000,-660,1,1500,1500,1500,10.0,1.5,20.0,0.0,35.0,150.0,1660
2026-08-06T16:03:23.800+03:00,3.593552,RC_CHANNELS,Arming in MANUAL mode,6,6,0,,0.0,0.0,0.0,0.0,356.9999996891463,1000,1000,-660,1,1500,1500,1500,10.0,1.5,20.0,0.0,35.0,150.0,1660
2026-08-06T16:03:23.841+03:00,3.634850,V2_CHANNEL_STATUS,Arming in MANUAL mode,6,6,0,,0.0,0.0,0.0,0.0,356.9999996891463,1000,1000,-660,1,1500,1500,1500,10.0,1.5,20.0,0.0,35.0,150.0,1660
2026-08-06T16:03:23.939+03:00,3.732843,V2_CHANNEL_STATUS,Arming in MANUAL mode,6,6,0,,0.0,0.0,0.0,0.0,356.9999996891463,1000,1000,-660,1,1500,1500,1500,10.0,1.5,20.0,0.0,35.0,150.0,1660
2026-08-06T16:03:24.042+03:00,3.835936,V2_CHANNEL_STATUS,Arming in MANUAL mode,6,6,0,,0.0,0.0,0.0,0.0,356.9999996891463,1000,1000,-660,1,1500,1500,1500,10.0,1.5,20.0,0.0,35.0,150.0,1660
2026-08-06T16:03:24.140+03:00,3.934032,V2_CHANNEL_STATUS,Arming in MANUAL mode,6,6,0,,0.0,0.0,0.0,0.0,356.9999996891463,1000,1000,-660,1,1500,1500,1500,10.0,1.5,20.0,0.0,35.0,150.0,1660
2026-08-06T16:03:24.238+03:00,4.032117,V2_CHANNEL_STATUS,Arming in MANUAL mode,6,6,0,,0.0,0.0,0.0,0.0,356.9999996891463,1000,1000,-660,1,1500,1500,1500,10.0,1.5,20.0,0.0,35.0,150.0,1660
2026-08-06T16:03:24.300+03:00,4.094297,GLOBAL_POSITION_INT,Arming in MANUAL mode,6,6,0,,0.0,0.0,0.0,0.0,356.9999996891463,1000,1000,-660,1,1500,1500,1500,10.0,1.5,20.0,0.0,35.0,150.0,1660
2026-08-06T16:03:24.301+03:00,4.094547,RC_CHANNELS,Arming in MANUAL mode,6,6,0,,0.0,0.0,0.0,0.0,356.9999996891463,1000,1000,-660,1,1500,1500,1500,10.0,1.5,20.0,0.0,35.0,150.0,1660
2026-08-06T16:03:24.342+03:00,4.135778,V2_CHANNEL_STATUS,Arming in MANUAL mode,6,6,0,,0.0,0.0,0.0,0.0,356.9999996891463,1000,1000,-660,1,1500,1500,1500,10.0,1.5,20.0,0.0,35.0,150.0,1660
2026-08-06T16:03:24.440+03:00,4.233658,V2_CHANNEL_STATUS,Arming in MANUAL mode,6,6,0,,0.0,0.0,0.0,0.0,356.9999996891463,1000,1000,-660,1,1500,1500,1500,10.0,1.5,20.0,0.0,35.0,150.0,1660
2026-08-06T16:03:24.543+03:00,4.336600,V2_CHANNEL_STATUS,Arming in MANUAL mode,6,6,0,,0.0,0.0,0.0,0.0,356.9999996891463,1000,1000,-660,1,1500,1500,1500,10.0,1.5,20.0,0.0,35.0,150.0,1660
2026-08-06T16:03:24.640+03:00,4.434307,V2_CHANNEL_STATUS,Arming in MANUAL mode,6,6,0,,0.0,0.0,0.0,0.0,356.9999996891463,1000,1000,-660,1,1500,1500,1500,10.0,1.5,20.0,0.0,35.0,150.0,1660
2026-08-06T16:03:24.743+03:00,4.537341,V2_CHANNEL_STATUS,Arming in MANUAL mode,6,6,0,,0.0,0.0,0.0,0.0,356.9999996891463,1000,1000,-660,1,1500,1500,1500,10.0,1.5,20.0,0.0,35.0,150.0,1660
2026-08-06T16:03:24.800+03:00,4.594353,GLOBAL_POSITION_INT,Arming in MANUAL mode,MANUAL,1,1,,0.0,0.0,0.0,0.0,356.9999996891463,1000,1000,-660,1,1500,1500,1500,10.0,1.5,20.0,0.0,35.0,150.0,1660
2026-08-06T16:03:24.801+03:00,4.594570,RC_CHANNELS,Arming in MANUAL mode,MANUAL,1,1,,0.0,0.0,0.0,0.0,356.9999996891463,1000,1000,-660,1,1500,1500,1500,10.0,1.5,20.0,0.0,35.0,150.0,1660
2026-08-06T16:03:24.842+03:00,4.635910,V2_CHANNEL_STATUS,Requesting automatic takeoff from MANUAL,MANUAL,1,1,,0.0,0.0,0.0,0.0,356.9999996891463,1000,1660,0,0,1500,1500,1500,10.0,1.5,20.0,0.0,35.0,150.0,1660
2026-08-06T16:03:24.941+03:00,4.734663,V2_CHANNEL_STATUS,Requesting automatic takeoff from MANUAL,MANUAL,1,1,,0.0,0.0,0.0,0.0,356.9999996891463,1000,1663,3,0,1500,1500,1500,10.0,1.5,20.0,0.0,35.0,150.0,1660
2026-08-06T16:03:25.044+03:00,4.837658,V2_CHANNEL_STATUS,Requesting automatic takeoff from MANUAL,MANUAL,1,1,,0.0,0.0,0.0,0.0,356.9999996891463,1000,1666,6,0,1500,1500,1500,10.0,1.5,20.0,0.0,35.0,150.0,1660
2026-08-06T16:03:25.142+03:00,4.935636,V2_CHANNEL_STATUS,Requesting automatic takeoff from MANUAL,MANUAL,1,1,,0.0,0.0,0.0,0.0,356.9999996891463,1000,1669,9,0,1500,1500,1500,10.0,1.5,20.0,0.0,35.0,150.0,1660
2026-08-06T16:03:25.240+03:00,5.034280,V2_CHANNEL_STATUS,Requesting automatic takeoff from MANUAL,MANUAL,1,1,,0.0,0.0,0.0,0.0,356.9999996891463,1000,1672,12,0,1500,1500,1500,10.0,1.5,20.0,0.0,35.0,150.0,1660
2026-08-06T16:03:25.303+03:00,5.096621,GLOBAL_POSITION_INT,Requesting automatic takeoff from MANUAL,MANUAL,1,1,,0.0,0.0,0.0,0.0,356.9999996891463,1000,1672,12,0,1500,1500,1500,10.0,1.5,20.0,0.0,35.0,150.0,1660
2026-08-06T16:03:25.303+03:00,5.096840,RC_CHANNELS,Requesting automatic takeoff from MANUAL,MANUAL,1,1,,0.0,0.0,0.0,0.0,356.9999996891463,1000,1672,12,0,1500,1500,1500,10.0,1.5,20.0,0.0,35.0,150.0,1660
2026-08-06T16:03:25.344+03:00,5.137907,V2_CHANNEL_STATUS,Requesting automatic takeoff from MANUAL,MANUAL,1,1,,0.0,0.0,0.0,0.0,356.9999996891463,1000,1675,15,0,1500,1500,1500,10.0,1.5,20.0,0.0,35.0,150.0,1660
2026-08-06T16:03:25.442+03:00,5.235825,V2_CHANNEL_STATUS,Requesting automatic takeoff from MANUAL,MANUAL,1,1,,0.0,0.0,0.0,0.0,356.9999996891463,1000,1678,18,0,1500,1500,1500,10.0,1.5,20.0,0.0,35.0,150.0,1660
2026-08-06T16:03:25.540+03:00,5.334027,V2_CHANNEL_STATUS,Requesting automatic takeoff from MANUAL,MANUAL,1,1,,0.0,0.0,0.0,0.0,356.9999996891463,1000,1681,21,0,1500,1500,1500,10.0,1.5,20.0,0.0,35.0,150.0,1660
2026-08-06T16:03:25.643+03:00,5.437134,V2_CHANNEL_STATUS,Requesting automatic takeoff from MANUAL,MANUAL,1,1,,0.0,0.0,0.0,0.0,356.9999996891463,1000,1684,24,0,1500,1500,1500,10.0,1.5,20.0,0.0,35.0,150.0,1660
2026-08-06T16:03:25.741+03:00,5.535191,V2_CHANNEL_STATUS,Requesting automatic takeoff from MANUAL,MANUAL,1,1,,0.0,0.0,0.0,0.0,356.9999996891463,1000,1687,27,0,1500,1500,1500,10.0,1.5,20.0,0.0,35.0,150.0,1660
2026-08-06T16:03:25.804+03:00,5.597550,GLOBAL_POSITION_INT,Recording TAKEOFF until ALT_HOLD,TAKEOFF,5,1,,0.0,0.0,0.0,0.0,356.9999996891463,1000,1687,27,0,1500,1500,1500,10.0,1.5,20.0,0.0,35.0,150.0,1660
2026-08-06T16:03:25.804+03:00,5.597785,RC_CHANNELS,Recording TAKEOFF until ALT_HOLD,TAKEOFF,5,1,,0.0,0.0,0.0,0.0,356.9999996891463,1000,1687,27,0,1500,1500,1500,10.0,1.5,20.0,0.0,35.0,150.0,1660
2026-08-06T16:03:25.845+03:00,5.638891,V2_CHANNEL_STATUS,Recording TAKEOFF until ALT_HOLD,TAKEOFF,5,1,,0.0,0.0,0.0,0.0,356.9999996891463,1000,1690,30,0,1500,1500,1500,10.0,1.5,20.0,0.0,35.0,150.0,1660
2026-08-06T16:03:25.943+03:00,5.736692,V2_CHANNEL_STATUS,Recording TAKEOFF until ALT_HOLD,TAKEOFF,5,1,,0.0,0.0,0.0,0.0,356.9999996891463,1000,1693,33,0,1500,1500,1500,10.0,1.5,20.0,0.0,35.0,150.0,1660
2026-08-06T16:03:26.046+03:00,5.839934,V2_CHANNEL_STATUS,Recording TAKEOFF until ALT_HOLD,TAKEOFF,5,1,,0.0,0.0,0.0,0.0,356.9999996891463,1000,1684,24,0,1500,1500,1500,10.0,1.5,20.0,0.0,35.0,150.0,1660
2026-08-06T16:03:26.144+03:00,5.938099,V2_CHANNEL_STATUS,Recording TAKEOFF until ALT_HOLD,TAKEOFF,5,1,,0.0,0.0,0.0,0.0,356.9999996891463,1000,1682,22,0,1500,1500,1500,10.0,1.5,20.0,0.0,35.0,150.0,1660
2026-08-06T16:03:26.247+03:00,6.041456,V2_CHANNEL_STATUS,Recording TAKEOFF until ALT_HOLD,TAKEOFF,5,1,,0.0,0.0,0.0,0.0,356.9999996891463,1000,1685,25,0,1500,1500,1500,10.0,1.5,20.0,0.0,35.0,150.0,1660
2026-08-06T16:03:26.305+03:00,6.098611,GLOBAL_POSITION_INT,Recording TAKEOFF until ALT_HOLD,TAKEOFF,5,1,,0.17,0.3392807837214838,0.0,0.0,356.9999996891463,1000,1685,25,0,1500,1500,1500,10.0,1.5,20.0,0.0,35.0,150.0,1660
2026-08-06T16:03:26.305+03:00,6.098877,RC_CHANNELS,Recording TAKEOFF until ALT_HOLD,TAKEOFF,5,1,,0.17,0.3392807837214838,0.0,0.0,356.9999996891463,1000,1685,25,0,1500,1500,1500,10.0,1.5,20.0,0.0,35.0,150.0,1660
2026-08-06T16:03:26.346+03:00,6.139937,V2_CHANNEL_STATUS,Recording TAKEOFF until ALT_HOLD,TAKEOFF,5,1,,0.17,0.3392807837214838,0.0,0.0,356.9999996891463,1000,1688,28,0,1500,1500,1500,10.0,1.5,20.0,0.0,35.0,150.0,1660
2026-08-06T16:03:26.444+03:00,6.237830,V2_CHANNEL_STATUS,Recording TAKEOFF until ALT_HOLD,TAKEOFF,5,1,,0.17,0.3392807837214838,0.0,0.0,356.9999996891463,1000,1689,29,0,1500,1500,1500,10.0,1.5,20.0,0.0,35.0,150.0,1660
2026-08-06T16:03:26.547+03:00,6.340801,V2_CHANNEL_STATUS,Recording TAKEOFF until ALT_HOLD,TAKEOFF,5,1,,0.17,0.3392807837214838,0.0,0.0,356.9999996891463,1000,1692,32,0,1500,1500,1500,10.0,1.5,20.0,0.0,35.0,150.0,1660
2026-08-06T16:03:26.645+03:00,6.438636,V2_CHANNEL_STATUS,Recording TAKEOFF until ALT_HOLD,TAKEOFF,5,1,,0.17,0.3392807837214838,0.0,0.0,356.9999996891463,1000,1697,37,0,1500,1500,1500,10.0,1.5,20.0,0.0,35.0,150.0,1660
2026-08-06T16:03:26.747+03:00,6.541536,V2_CHANNEL_STATUS,Recording TAKEOFF until ALT_HOLD,TAKEOFF,5,1,,0.17,0.3392807837214838,0.0,0.0,356.9999996891463,1000,1678,18,0,1500,1500,1500,10.0,1.5,20.0,0.0,35.0,150.0,1660
2026-08-06T16:03:26.804+03:00,6.598419,GLOBAL_POSITION_INT,Recording TAKEOFF until ALT_HOLD,TAKEOFF,5,1,,0.44,0.5402115728636503,0.0,0.0,356.9999996891463,1000,1678,18,0,1500,1500,1500,10.0,1.5,20.0,0.0,35.0,150.0,1660
2026-08-06T16:03:26.805+03:00,6.598663,RC_CHANNELS,Recording TAKEOFF until ALT_HOLD,TAKEOFF,5,1,,0.44,0.5402115728636503,0.0,0.0,356.9999996891463,1000,1678,18,0,1500,1500,1500,10.0,1.5,20.0,0.0,35.0,150.0,1660
2026-08-06T16:03:26.846+03:00,6.640146,V2_CHANNEL_STATUS,Recording TAKEOFF until ALT_HOLD,TAKEOFF,5,1,,0.44,0.5402115728636503,0.0,0.0,356.9999996891463,1000,1681,21,0,1500,1500,1500,10.0,1.5,20.0,0.0,35.0,150.0,1660
2026-08-06T16:03:26.944+03:00,6.738130,V2_CHANNEL_STATUS,Recording TAKEOFF until ALT_HOLD,TAKEOFF,5,1,,0.44,0.5402115728636503,0.0,0.0,356.9999996891463,1000,1680,20,0,1500,1500,1500,10.0,1.5,20.0,0.0,35.0,150.0,1660
2026-08-06T16:03:27.047+03:00,6.841295,V2_CHANNEL_STATUS,Recording TAKEOFF until ALT_HOLD,TAKEOFF,5,1,,0.44,0.5402115728636503,0.0,0.0,356.9999996891463,1000,1683,23,0,1500,1500,1500,10.0,1.5,20.0,0.0,35.0,150.0,1660
2026-08-06T16:03:27.145+03:00,6.939306,V2_CHANNEL_STATUS,Recording TAKEOFF until ALT_HOLD,TAKEOFF,5,1,,0.44,0.5402115728636503,0.0,0.0,356.9999996891463,1000,1678,18,0,1500,1500,1500,10.0,1.5,20.0,0.0,35.0,150.0,1660
2026-08-06T16:03:27.248+03:00,7.042377,V2_CHANNEL_STATUS,Recording TAKEOFF until ALT_HOLD,TAKEOFF,5,1,,0.44,0.5402115728636503,0.0,0.0,356.9999996891463,1000,1657,-3,0,1500,1500,1500,10.0,1.5,20.0,0.0,35.0,150.0,1660
2026-08-06T16:03:27.300+03:00,7.094205,GLOBAL_POSITION_INT,Recording TAKEOFF until ALT_HOLD,TAKEOFF,5,1,,1.0,1.1295280320361123,0.0,0.0,356.9999996891463,1000,1657,-3,0,1500,1500,1500,10.0,1.5,20.0,0.0,35.0,150.0,1660
2026-08-06T16:03:27.300+03:00,7.094475,RC_CHANNELS,Recording TAKEOFF until ALT_HOLD,TAKEOFF,5,1,,1.0,1.1295280320361123,0.0,0.0,356.9999996891463,1000,1657,-3,0,1500,1500,1500,10.0,1.5,20.0,0.0,35.0,150.0,1660
2026-08-06T16:03:27.347+03:00,7.141197,V2_CHANNEL_STATUS,Recording TAKEOFF until ALT_HOLD,TAKEOFF,5,1,,1.0,1.1295280320361123,0.0,0.0,356.9999996891463,1000,1660,0,0,1500,1500,1500,10.0,1.5,20.0,0.0,35.0,150.0,1660
2026-08-06T16:03:27.445+03:00,7.238882,V2_CHANNEL_STATUS,Recording TAKEOFF until ALT_HOLD,TAKEOFF,5,1,,1.0,1.1295280320361123,0.0,0.0,356.9999996891463,1000,1673,13,0,1500,1500,1500,10.0,1.5,20.0,0.0,35.0,150.0,1660
2026-08-06T16:03:27.548+03:00,7.341918,V2_CHANNEL_STATUS,Recording TAKEOFF until ALT_HOLD,TAKEOFF,5,1,,1.0,1.1295280320361123,0.0,0.0,356.9999996891463,1000,1679,19,0,1500,1500,1500,10.0,1.5,20.0,0.0,35.0,150.0,1660
2026-08-06T16:03:27.646+03:00,7.439901,V2_CHANNEL_STATUS,Recording TAKEOFF until ALT_HOLD,TAKEOFF,5,1,,1.0,1.1295280320361123,0.0,0.0,356.9999996891463,1000,1682,22,0,1500,1500,1500,10.0,1.5,20.0,0.0,35.0,150.0,1660
2026-08-06T16:03:27.749+03:00,7.542936,V2_CHANNEL_STATUS,Recording TAKEOFF until ALT_HOLD,TAKEOFF,5,1,,1.0,1.1295280320361123,0.0,0.0,356.9999996891463,1000,1685,25,0,1500,1500,1500,10.0,1.5,20.0,0.0,35.0,150.0,1660
2026-08-06T16:03:27.800+03:00,7.594475,GLOBAL_POSITION_INT,Recording TAKEOFF until ALT_HOLD,TAKEOFF,5,1,,1.58,1.1593410258131396,0.0,0.0,356.9999996891463,1000,1685,25,0,1500,1500,1500,10.0,1.5,20.0,0.0,35.0,150.0,1660
2026-08-06T16:03:27.801+03:00,7.594684,RC_CHANNELS,Recording TAKEOFF until ALT_HOLD,TAKEOFF,5,1,,1.58,1.1593410258131396,0.0,0.0,356.9999996891463,1000,1685,25,0,1500,1500,1500,10.0,1.5,20.0,0.0,35.0,150.0,1660
2026-08-06T16:03:27.847+03:00,7.641252,V2_CHANNEL_STATUS,Recording TAKEOFF until ALT_HOLD,TAKEOFF,5,1,,1.58,1.1593410258131396,0.0,0.0,356.9999996891463,1000,1681,21,0,1500,1500,1500,10.0,1.5,20.0,0.0,35.0,150.0,1660
2026-08-06T16:03:27.950+03:00,7.744307,V2_CHANNEL_STATUS,Recording TAKEOFF until ALT_HOLD,TAKEOFF,5,1,,1.58,1.1593410258131396,0.0,0.0,356.9999996891463,1000,1661,1,0,1500,1500,1500,10.0,1.5,20.0,0.0,35.0,150.0,1660
2026-08-06T16:03:28.048+03:00,7.842146,V2_CHANNEL_STATUS,Recording TAKEOFF until ALT_HOLD,TAKEOFF,5,1,,1.58,1.1593410258131396,0.0,0.0,356.9999996891463,1000,1664,4,0,1500,1500,1500,10.0,1.5,20.0,0.0,35.0,150.0,1660
2026-08-06T16:03:28.146+03:00,7.940106,V2_CHANNEL_STATUS,Recording TAKEOFF until ALT_HOLD,TAKEOFF,5,1,,1.58,1.1593410258131396,0.0,0.0,356.9999996891463,1000,1649,-11,0,1500,1500,1500,10.0,1.5,20.0,0.0,35.0,150.0,1660
2026-08-06T16:03:28.249+03:00,8.043056,V2_CHANNEL_STATUS,Recording TAKEOFF until ALT_HOLD,TAKEOFF,5,1,,1.58,1.1593410258131396,0.0,0.0,356.9999996891463,1000,1649,-11,0,1500,1500,1500,10.0,1.5,20.0,0.0,35.0,150.0,1660
2026-08-06T16:03:28.301+03:00,8.094660,GLOBAL_POSITION_INT,Recording TAKEOFF until ALT_HOLD,TAKEOFF,5,1,,2.43,1.6993706345791246,0.0,0.0,356.9999996891463,1000,1649,-11,0,1500,1500,1500,10.0,1.5,20.0,0.0,35.0,150.0,1660
2026-08-06T16:03:28.301+03:00,8.094900,RC_CHANNELS,Recording TAKEOFF until ALT_HOLD,TAKEOFF,5,1,,2.43,1.6993706345791246,0.0,0.0,356.9999996891463,1000,1649,-11,0,1500,1500,1500,10.0,1.5,20.0,0.0,35.0,150.0,1660
2026-08-06T16:03:28.347+03:00,8.141511,V2_CHANNEL_STATUS,Recording TAKEOFF until ALT_HOLD,TAKEOFF,5,1,,2.43,1.6993706345791246,0.0,0.0,356.9999996891463,1000,1652,-8,0,1500,1500,1500,10.0,1.5,20.0,0.0,35.0,150.0,1660
2026-08-06T16:03:28.451+03:00,8.244578,V2_CHANNEL_STATUS,Recording TAKEOFF until ALT_HOLD,TAKEOFF,5,1,,2.43,1.6993706345791246,0.0,0.0,356.9999996891463,1000,1655,-5,0,1500,1500,1500,10.0,1.5,20.0,0.0,35.0,150.0,1660
2026-08-06T16:03:28.548+03:00,8.342521,V2_CHANNEL_STATUS,Recording TAKEOFF until ALT_HOLD,TAKEOFF,5,1,,2.43,1.6993706345791246,0.0,0.0,356.9999996891463,1000,1634,-26,0,1500,1500,1500,10.0,1.5,20.0,0.0,35.0,150.0,1660
2026-08-06T16:03:28.652+03:00,8.445883,V2_CHANNEL_STATUS,Recording TAKEOFF until ALT_HOLD,TAKEOFF,5,1,,2.43,1.6993706345791246,0.0,0.0,356.9999996891463,1000,1637,-23,0,1500,1500,1500,10.0,1.5,20.0,0.0,35.0,150.0,1660
2026-08-06T16:03:28.750+03:00,8.543708,V2_CHANNEL_STATUS,Recording TAKEOFF until ALT_HOLD,TAKEOFF,5,1,,2.43,1.6993706345791246,0.0,0.0,356.9999996891463,1000,1652,-8,0,1500,1500,1500,10.0,1.5,20.0,0.0,35.0,150.0,1660
2026-08-06T16:03:28.801+03:00,8.595337,GLOBAL_POSITION_INT,Recording TAKEOFF until ALT_HOLD,TAKEOFF,5,1,,3.33,1.7975693734754012,0.0,0.0,356.9999996891463,1000,1652,-8,0,1500,1500,1500,10.0,1.5,20.0,0.0,35.0,150.0,1660
2026-08-06T16:03:28.802+03:00,8.595549,RC_CHANNELS,Recording TAKEOFF until ALT_HOLD,TAKEOFF,5,1,,3.33,1.7975693734754012,0.0,0.0,356.9999996891463,1000,1652,-8,0,1500,1500,1500,10.0,1.5,20.0,0.0,35.0,150.0,1660
2026-08-06T16:03:28.848+03:00,8.642278,V2_CHANNEL_STATUS,Recording TAKEOFF until ALT_HOLD,TAKEOFF,5,1,,3.33,1.7975693734754012,0.0,0.0,356.9999996891463,1000,1655,-5,0,1500,1500,1500,10.0,1.5,20.0,0.0,35.0,150.0,1660
2026-08-06T16:03:28.951+03:00,8.745335,V2_CHANNEL_STATUS,Recording TAKEOFF until ALT_HOLD,TAKEOFF,5,1,,3.33,1.7975693734754012,0.0,0.0,356.9999996891463,1000,1674,14,0,1500,1500,1500,10.0,1.5,20.0,0.0,35.0,150.0,1660
2026-08-06T16:03:29.050+03:00,8.843740,V2_CHANNEL_STATUS,Recording TAKEOFF until ALT_HOLD,TAKEOFF,5,1,,3.33,1.7975693734754012,0.0,0.0,356.9999996891463,1000,1677,17,0,1500,1500,1500,10.0,1.5,20.0,0.0,35.0,150.0,1660
2026-08-06T16:03:29.153+03:00,8.947259,V2_CHANNEL_STATUS,Recording TAKEOFF until ALT_HOLD,TAKEOFF,5,1,,3.33,1.7975693734754012,0.0,0.0,356.9999996891463,1000,1655,-5,0,1500,1500,1500,10.0,1.5,20.0,0.0,35.0,150.0,1660
2026-08-06T16:03:29.251+03:00,9.045451,V2_CHANNEL_STATUS,Recording TAKEOFF until ALT_HOLD,TAKEOFF,5,1,,3.33,1.7975693734754012,0.0,0.0,356.9999996891463,1000,1658,-2,0,1500,1500,1500,10.0,1.5,20.0,0.0,35.0,150.0,1660
2026-08-06T16:03:29.303+03:00,9.097518,GLOBAL_POSITION_INT,Recording TAKEOFF until ALT_HOLD,TAKEOFF,5,1,,4.14,1.6130889272011102,0.0,0.0,356.9999996891463,1000,1658,-2,0,1500,1500,1500,10.0,1.5,20.0,0.0,35.0,150.0,1660
2026-08-06T16:03:29.304+03:00,9.097848,RC_CHANNELS,Recording TAKEOFF until ALT_HOLD,TAKEOFF,5,1,,4.14,1.6130889272011102,0.0,0.0,356.9999996891463,1000,1658,-2,0,1500,1500,1500,10.0,1.5,20.0,0.0,35.0,150.0,1660
2026-08-06T16:03:29.351+03:00,9.144637,V2_CHANNEL_STATUS,Recording TAKEOFF until ALT_HOLD,TAKEOFF,5,1,,4.14,1.6130889272011102,0.0,0.0,356.9999996891463,1000,1660,0,0,1500,1500,1500,10.0,1.5,20.0,0.0,35.0,150.0,1660
2026-08-06T16:03:29.454+03:00,9.247679,V2_CHANNEL_STATUS,Recording TAKEOFF until ALT_HOLD,TAKEOFF,5,1,,4.14,1.6130889272011102,0.0,0.0,356.9999996891463,1000,1663,3,0,1500,1500,1500,10.0,1.5,20.0,0.0,35.0,150.0,1660
2026-08-06T16:03:29.552+03:00,9.345904,V2_CHANNEL_STATUS,Recording TAKEOFF until ALT_HOLD,TAKEOFF,5,1,,4.14,1.6130889272011102,0.0,0.0,356.9999996891463,1000,1662,2,0,1500,1500,1500,10.0,1.5,20.0,0.0,35.0,150.0,1660
2026-08-06T16:03:29.650+03:00,9.444262,V2_CHANNEL_STATUS,Recording TAKEOFF until ALT_HOLD,TAKEOFF,5,1,,4.14,1.6130889272011102,0.0,0.0,356.9999996891463,1000,1659,-1,0,1500,1500,1500,10.0,1.5,20.0,0.0,35.0,150.0,1660
2026-08-06T16:03:29.753+03:00,9.547489,V2_CHANNEL_STATUS,Recording TAKEOFF until ALT_HOLD,TAKEOFF,5,1,,4.14,1.6130889272011102,0.0,0.0,356.9999996891463,1000,1661,1,0,1500,1500,1500,10.0,1.5,20.0,0.0,35.0,150.0,1660
2026-08-06T16:03:29.805+03:00,9.599385,GLOBAL_POSITION_INT,Recording TAKEOFF until ALT_HOLD,TAKEOFF,5,1,,4.64,0.9962395722038715,0.0,0.0,356.9999996891463,1000,1661,1,0,1500,1500,1500,10.0,1.5,20.0,0.0,35.0,150.0,1660
2026-08-06T16:03:29.806+03:00,9.599817,RC_CHANNELS,Recording TAKEOFF until ALT_HOLD,TAKEOFF,5,1,,4.64,0.9962395722038715,0.0,0.0,356.9999996891463,1000,1661,1,0,1500,1500,1500,10.0,1.5,20.0,0.0,35.0,150.0,1660
2026-08-06T16:03:29.852+03:00,9.646441,V2_CHANNEL_STATUS,Recording TAKEOFF until ALT_HOLD,TAKEOFF,5,1,,4.64,0.9962395722038715,0.0,0.0,356.9999996891463,1000,1659,-1,0,1500,1500,1500,10.0,1.5,20.0,0.0,35.0,150.0,1660
2026-08-06T16:03:29.951+03:00,9.744583,V2_CHANNEL_STATUS,Recording TAKEOFF until ALT_HOLD,TAKEOFF,5,1,,4.64,0.9962395722038715,0.0,0.0,356.9999996891463,1000,1661,1,0,1500,1500,1500,10.0,1.5,20.0,0.0,35.0,150.0,1660
2026-08-06T16:03:30.054+03:00,9.847659,V2_CHANNEL_STATUS,Recording TAKEOFF until ALT_HOLD,TAKEOFF,5,1,,4.64,0.9962395722038715,0.0,0.0,356.9999996891463,1000,1640,-20,0,1500,1500,1500,10.0,1.5,20.0,0.0,35.0,150.0,1660
2026-08-06T16:03:30.152+03:00,9.945715,V2_CHANNEL_STATUS,Recording TAKEOFF until ALT_HOLD,TAKEOFF,5,1,,4.64,0.9962395722038715,0.0,0.0,356.9999996891463,1000,1662,2,0,1500,1500,1500,10.0,1.5,20.0,0.0,35.0,150.0,1660
2026-08-06T16:03:30.255+03:00,10.048960,V2_CHANNEL_STATUS,Recording TAKEOFF until ALT_HOLD,TAKEOFF,5,1,,4.64,0.9962395722038715,0.0,0.0,356.9999996891463,1000,1658,-2,0,1500,1500,1500,10.0,1.5,20.0,0.0,35.0,150.0,1660
2026-08-06T16:03:30.301+03:00,10.095496,GLOBAL_POSITION_INT,Recording TAKEOFF until ALT_HOLD,TAKEOFF,5,1,,5.62,1.9752892841091478,0.0,0.0,356.9999996891463,1000,1658,-2,0,1500,1500,1500,10.0,1.5,20.0,0.0,35.0,150.0,1660
2026-08-06T16:03:30.302+03:00,10.095745,RC_CHANNELS,Recording TAKEOFF until ALT_HOLD,TAKEOFF,5,1,,5.62,1.9752892841091478,0.0,0.0,356.9999996891463,1000,1658,-2,0,1500,1500,1500,10.0,1.5,20.0,0.0,35.0,150.0,1660
2026-08-06T16:03:30.353+03:00,10.147398,V2_CHANNEL_STATUS,Recording TAKEOFF until ALT_HOLD,TAKEOFF,5,1,,5.62,1.9752892841091478,0.0,0.0,356.9999996891463,1000,1660,0,0,1500,1500,1500,10.0,1.5,20.0,0.0,35.0,150.0,1660
2026-08-06T16:03:30.451+03:00,10.245392,V2_CHANNEL_STATUS,Recording TAKEOFF until ALT_HOLD,TAKEOFF,5,1,,5.62,1.9752892841091478,0.0,0.0,356.9999996891463,1000,1663,3,0,1500,1500,1500,10.0,1.5,20.0,0.0,35.0,150.0,1660
2026-08-06T16:03:30.554+03:00,10.348408,V2_CHANNEL_STATUS,Recording TAKEOFF until ALT_HOLD,TAKEOFF,5,1,,5.62,1.9752892841091478,0.0,0.0,356.9999996891463,1000,1672,12,0,1500,1500,1500,10.0,1.5,20.0,0.0,35.0,150.0,1660
2026-08-06T16:03:30.652+03:00,10.446258,V2_CHANNEL_STATUS,Recording TAKEOFF until ALT_HOLD,TAKEOFF,5,1,,5.62,1.9752892841091478,0.0,0.0,356.9999996891463,1000,1651,-9,0,1500,1500,1500,10.0,1.5,20.0,0.0,35.0,150.0,1660
2026-08-06T16:03:30.756+03:00,10.549708,V2_CHANNEL_STATUS,Recording TAKEOFF until ALT_HOLD,TAKEOFF,5,1,,5.62,1.9752892841091478,0.0,0.0,356.9999996891463,1000,1657,-3,0,1500,1500,1500,10.0,1.5,20.0,0.0,35.0,150.0,1660
2026-08-06T16:03:30.803+03:00,10.596588,GLOBAL_POSITION_INT,Recording TAKEOFF until ALT_HOLD,TAKEOFF,5,1,,6.35,1.456822070920163,0.0,0.0,356.9999996891463,1000,1657,-3,0,1500,1500,1500,10.0,1.5,20.0,0.0,35.0,150.0,1660
2026-08-06T16:03:30.803+03:00,10.596820,RC_CHANNELS,Recording TAKEOFF until ALT_HOLD,TAKEOFF,5,1,,6.35,1.456822070920163,0.0,0.0,356.9999996891463,1000,1657,-3,0,1500,1500,1500,10.0,1.5,20.0,0.0,35.0,150.0,1660
2026-08-06T16:03:30.854+03:00,10.648268,V2_CHANNEL_STATUS,Recording TAKEOFF until ALT_HOLD,TAKEOFF,5,1,,6.35,1.456822070920163,0.0,0.0,356.9999996891463,1000,1660,0,0,1500,1500,1500,10.0,1.5,20.0,0.0,35.0,150.0,1660
2026-08-06T16:03:30.952+03:00,10.746304,V2_CHANNEL_STATUS,Recording TAKEOFF until ALT_HOLD,TAKEOFF,5,1,,6.35,1.456822070920163,0.0,0.0,356.9999996891463,1000,1665,5,0,1500,1500,1500,10.0,1.5,20.0,0.0,35.0,150.0,1660
2026-08-06T16:03:31.055+03:00,10.849496,V2_CHANNEL_STATUS,Recording TAKEOFF until ALT_HOLD,TAKEOFF,5,1,,6.35,1.456822070920163,0.0,0.0,356.9999996891463,1000,1668,8,0,1500,1500,1500,10.0,1.5,20.0,0.0,35.0,150.0,1660
2026-08-06T16:03:31.154+03:00,10.948043,V2_CHANNEL_STATUS,Recording TAKEOFF until ALT_HOLD,TAKEOFF,5,1,,6.35,1.456822070920163,0.0,0.0,356.9999996891463,1000,1668,8,0,1500,1500,1500,10.0,1.5,20.0,0.0,35.0,150.0,1660
2026-08-06T16:03:31.258+03:00,11.051551,V2_CHANNEL_STATUS,Recording TAKEOFF until ALT_HOLD,TAKEOFF,5,1,,6.35,1.456822070920163,0.0,0.0,356.9999996891463,1000,1671,11,0,1500,1500,1500,10.0,1.5,20.0,0.0,35.0,150.0,1660
2026-08-06T16:03:31.304+03:00,11.098161,GLOBAL_POSITION_INT,Recording TAKEOFF until ALT_HOLD,TAKEOFF,5,1,,7.04,1.3756943050852497,0.0,0.0,356.9999996891463,1000,1671,11,0,1500,1500,1500,10.0,1.5,20.0,0.0,35.0,150.0,1660
2026-08-06T16:03:31.304+03:00,11.098441,RC_CHANNELS,Recording TAKEOFF until ALT_HOLD,TAKEOFF,5,1,,7.04,1.3756943050852497,0.0,0.0,356.9999996891463,1000,1671,11,0,1500,1500,1500,10.0,1.5,20.0,0.0,35.0,150.0,1660
2026-08-06T16:03:31.356+03:00,11.150293,V2_CHANNEL_STATUS,Recording TAKEOFF until ALT_HOLD,TAKEOFF,5,1,,7.04,1.3756943050852497,0.0,0.0,356.9999996891463,1000,1662,2,0,1500,1500,1500,10.0,1.5,20.0,0.0,35.0,150.0,1660
2026-08-06T16:03:31.454+03:00,11.248405,V2_CHANNEL_STATUS,Recording TAKEOFF until ALT_HOLD,TAKEOFF,5,1,,7.04,1.3756943050852497,0.0,0.0,356.9999996891463,1000,1611,-49,0,1500,1500,1500,10.0,1.5,20.0,0.0,35.0,150.0,1660
2026-08-06T16:03:31.557+03:00,11.351511,V2_CHANNEL_STATUS,Recording TAKEOFF until ALT_HOLD,TAKEOFF,5,1,,7.04,1.3756943050852497,0.0,0.0,356.9999996891463,1000,1647,-13,0,1500,1500,1500,10.0,1.5,20.0,0.0,35.0,150.0,1660
2026-08-06T16:03:31.655+03:00,11.449411,V2_CHANNEL_STATUS,Recording TAKEOFF until ALT_HOLD,TAKEOFF,5,1,,7.04,1.3756943050852497,0.0,0.0,356.9999996891463,1000,1647,-13,0,1500,1500,1500,10.0,1.5,20.0,0.0,35.0,150.0,1660
2026-08-06T16:03:31.758+03:00,11.552344,V2_CHANNEL_STATUS,Recording TAKEOFF until ALT_HOLD,TAKEOFF,5,1,,7.04,1.3756943050852497,0.0,0.0,356.9999996891463,1000,1667,7,0,1500,1500,1500,10.0,1.5,20.0,0.0,35.0,150.0,1660
2026-08-06T16:03:31.805+03:00,11.599164,GLOBAL_POSITION_INT,Recording TAKEOFF until ALT_HOLD,TAKEOFF,5,1,,7.82,1.556862504868881,0.0,0.0,356.9999996891463,1000,1667,7,0,1500,1500,1500,10.0,1.5,20.0,0.0,35.0,150.0,1660
2026-08-06T16:03:31.805+03:00,11.599392,RC_CHANNELS,Recording TAKEOFF until ALT_HOLD,TAKEOFF,5,1,,7.82,1.556862504868881,0.0,0.0,356.9999996891463,1000,1667,7,0,1500,1500,1500,10.0,1.5,20.0,0.0,35.0,150.0,1660
2026-08-06T16:03:31.857+03:00,11.651031,V2_CHANNEL_STATUS,Recording TAKEOFF until ALT_HOLD,TAKEOFF,5,1,,7.82,1.556862504868881,0.0,0.0,356.9999996891463,1000,1667,7,0,1500,1500,1500,10.0,1.5,20.0,0.0,35.0,150.0,1660
2026-08-06T16:03:31.955+03:00,11.749107,V2_CHANNEL_STATUS,Recording TAKEOFF until ALT_HOLD,TAKEOFF,5,1,,7.82,1.556862504868881,0.0,0.0,356.9999996891463,1000,1659,-1,0,1500,1500,1500,10.0,1.5,20.0,0.0,35.0,150.0,1660
2026-08-06T16:03:32.058+03:00,11.851979,V2_CHANNEL_STATUS,Recording TAKEOFF until ALT_HOLD,TAKEOFF,5,1,,7.82,1.556862504868881,0.0,0.0,356.9999996891463,1000,1645,-15,0,1500,1500,1500,10.0,1.5,20.0,0.0,35.0,150.0,1660
2026-08-06T16:03:32.156+03:00,11.950043,V2_CHANNEL_STATUS,Recording TAKEOFF until ALT_HOLD,TAKEOFF,5,1,,7.82,1.556862504868881,0.0,0.0,356.9999996891463,1000,1645,-15,0,1500,1500,1500,10.0,1.5,20.0,0.0,35.0,150.0,1660
2026-08-06T16:03:32.259+03:00,12.053271,V2_CHANNEL_STATUS,Recording TAKEOFF until ALT_HOLD,TAKEOFF,5,1,,7.82,1.556862504868881,0.0,0.0,356.9999996891463,1000,1636,-24,0,1500,1500,1500,10.0,1.5,20.0,0.0,35.0,150.0,1660
2026-08-06T16:03:32.306+03:00,12.099785,GLOBAL_POSITION_INT,Recording TAKEOFF until ALT_HOLD,TAKEOFF,5,1,,8.5,1.3583242379661082,0.0,0.0,356.9999996891463,1000,1636,-24,0,1500,1500,1500,10.0,1.5,20.0,0.0,35.0,150.0,1660
2026-08-06T16:03:32.306+03:00,12.100002,RC_CHANNELS,Recording TAKEOFF until ALT_HOLD,TAKEOFF,5,1,,8.5,1.3583242379661082,0.0,0.0,356.9999996891463,1000,1636,-24,0,1500,1500,1500,10.0,1.5,20.0,0.0,35.0,150.0,1660
2026-08-06T16:03:32.358+03:00,12.151711,V2_CHANNEL_STATUS,Recording TAKEOFF until ALT_HOLD,TAKEOFF,5,1,,8.5,1.3583242379661082,0.0,0.0,356.9999996891463,1000,1644,-16,0,1500,1500,1500,10.0,1.5,20.0,0.0,35.0,150.0,1660
2026-08-06T16:03:32.456+03:00,12.250097,V2_CHANNEL_STATUS,Recording TAKEOFF until ALT_HOLD,TAKEOFF,5,1,,8.5,1.3583242379661082,0.0,0.0,356.9999996891463,1000,1644,-16,0,1500,1500,1500,10.0,1.5,20.0,0.0,35.0,150.0,1660
2026-08-06T16:03:32.559+03:00,12.353043,V2_CHANNEL_STATUS,Recording TAKEOFF until ALT_HOLD,TAKEOFF,5,1,,8.5,1.3583242379661082,0.0,0.0,356.9999996891463,1000,1642,-18,0,1500,1500,1500,10.0,1.5,20.0,0.0,35.0,150.0,1660
2026-08-06T16:03:32.657+03:00,12.451203,V2_CHANNEL_STATUS,Recording TAKEOFF until ALT_HOLD,TAKEOFF,5,1,,8.5,1.3583242379661082,0.0,0.0,356.9999996891463,1000,1642,-18,0,1500,1500,1500,10.0,1.5,20.0,0.0,35.0,150.0,1660
2026-08-06T16:03:32.760+03:00,12.554291,V2_CHANNEL_STATUS,Recording TAKEOFF until ALT_HOLD,TAKEOFF,5,1,,8.5,1.3583242379661082,0.0,0.0,356.9999996891463,1000,1643,-17,0,1500,1500,1500,10.0,1.5,20.0,0.0,35.0,150.0,1660
2026-08-06T16:03:32.802+03:00,12.596356,GLOBAL_POSITION_INT,Recording TAKEOFF until ALT_HOLD,TAKEOFF,5,1,,9.08,1.1680672776951382,0.0,0.0,356.9999996891463,1000,1643,-17,0,1500,1500,1500,10.0,1.5,20.0,0.0,35.0,150.0,1660
2026-08-06T16:03:32.803+03:00,12.596867,RC_CHANNELS,Recording TAKEOFF until ALT_HOLD,TAKEOFF,5,1,,9.08,1.1680672776951382,0.0,0.0,356.9999996891463,1000,1643,-17,0,1500,1500,1500,10.0,1.5,20.0,0.0,35.0,150.0,1660
2026-08-06T16:03:32.859+03:00,12.653354,V2_CHANNEL_STATUS,Recording TAKEOFF until ALT_HOLD,TAKEOFF,5,1,,9.08,1.1680672776951382,0.0,0.0,356.9999996891463,1000,1639,-21,0,1500,1500,1500,10.0,1.5,20.0,0.0,35.0,150.0,1660
2026-08-06T16:03:32.957+03:00,12.751162,V2_CHANNEL_STATUS,Recording TAKEOFF until ALT_HOLD,TAKEOFF,5,1,,9.08,1.1680672776951382,0.0,0.0,356.9999996891463,1000,1639,-21,0,1500,1500,1500,10.0,1.5,20.0,0.0,35.0,150.0,1660
2026-08-06T16:03:33.060+03:00,12.854224,V2_CHANNEL_STATUS,Recording TAKEOFF until ALT_HOLD,TAKEOFF,5,1,,9.08,1.1680672776951382,0.0,0.0,356.9999996891463,1000,1638,-22,0,1500,1500,1500,10.0,1.5,20.0,0.0,35.0,150.0,1660
2026-08-06T16:03:33.158+03:00,12.952223,V2_CHANNEL_STATUS,Recording TAKEOFF until ALT_HOLD,TAKEOFF,5,1,,9.08,1.1680672776951382,0.0,0.0,356.9999996891463,1000,1624,-36,0,1500,1500,1500,10.0,1.5,20.0,0.0,35.0,150.0,1660
2026-08-06T16:03:33.261+03:00,13.055214,V2_CHANNEL_STATUS,Recording TAKEOFF until ALT_HOLD,TAKEOFF,5,1,,9.08,1.1680672776951382,0.0,0.0,356.9999996891463,1000,1624,-36,0,1500,1500,1500,10.0,1.5,20.0,0.0,35.0,150.0,1660
2026-08-06T16:03:33.303+03:00,13.096806,GLOBAL_POSITION_INT,Recording TAKEOFF until ALT_HOLD,TAKEOFF,5,1,,9.59,1.0190244656222711,0.0,0.0,356.9999996891463,1000,1624,-36,0,1500,1500,1500,10.0,1.5,20.0,0.0,35.0,150.0,1660
2026-08-06T16:03:33.303+03:00,13.097198,RC_CHANNELS,Recording TAKEOFF until ALT_HOLD,TAKEOFF,5,1,,9.59,1.0190244656222711,0.0,0.0,356.9999996891463,1000,1624,-36,0,1500,1500,1500,10.0,1.5,20.0,0.0,35.0,150.0,1660
2026-08-06T16:03:33.360+03:00,13.154084,V2_CHANNEL_STATUS,Recording TAKEOFF until ALT_HOLD,TAKEOFF,5,1,,9.59,1.0190244656222711,0.0,0.0,356.9999996891463,1000,1634,-26,0,1500,1500,1500,10.0,1.5,20.0,0.0,35.0,150.0,1660
2026-08-06T16:03:33.458+03:00,13.252493,V2_CHANNEL_STATUS,Recording TAKEOFF until ALT_HOLD,TAKEOFF,5,1,,9.59,1.0190244656222711,0.0,0.0,356.9999996891463,1000,1634,-26,0,1500,1500,1500,10.0,1.5,20.0,0.0,35.0,150.0,1660
2026-08-06T16:03:33.562+03:00,13.356068,V2_CHANNEL_STATUS,Recording TAKEOFF until ALT_HOLD,TAKEOFF,5,1,,9.59,1.0190244656222711,0.0,0.0,356.9999996891463,1000,1639,-21,0,1500,1500,1500,10.0,1.5,20.0,0.0,35.0,150.0,1660
2026-08-06T16:03:33.661+03:00,13.454972,V2_CHANNEL_STATUS,Recording TAKEOFF until ALT_HOLD,TAKEOFF,5,1,,9.59,1.0190244656222711,0.0,0.0,356.9999996891463,1000,1638,-22,0,1500,1500,1500,10.0,1.5,20.0,0.0,35.0,150.0,1660
2026-08-06T16:03:33.759+03:00,13.553437,V2_CHANNEL_STATUS,Recording TAKEOFF until ALT_HOLD,TAKEOFF,5,1,,9.59,1.0190244656222711,0.0,0.0,356.9999996891463,1000,1638,-22,0,1500,1500,1500,10.0,1.5,20.0,0.0,35.0,150.0,1660
2026-08-06T16:03:33.806+03:00,13.599966,GLOBAL_POSITION_INT,Recording TAKEOFF until ALT_HOLD,TAKEOFF,5,1,,10.03,0.8744708050277795,0.0,0.0,356.9999996891463,1000,1638,-22,0,1500,1500,1500,10.0,1.5,20.0,0.0,35.0,150.0,1660
2026-08-06T16:03:33.806+03:00,13.600195,RC_CHANNELS,Recording TAKEOFF until ALT_HOLD,TAKEOFF,5,1,,10.03,0.8744708050277795,0.0,0.0,356.9999996891463,1000,1638,-22,0,1500,1500,1500,10.0,1.5,20.0,0.0,35.0,150.0,1660
2026-08-06T16:03:33.863+03:00,13.656852,V2_CHANNEL_STATUS,Recording TAKEOFF until ALT_HOLD,TAKEOFF,5,1,,10.03,0.8744708050277795,0.0,0.0,356.9999996891463,1000,1644,-16,0,1500,1500,1500,10.0,1.5,20.0,0.0,35.0,150.0,1660
2026-08-06T16:03:33.961+03:00,13.754746,V2_CHANNEL_STATUS,Recording TAKEOFF until ALT_HOLD,TAKEOFF,5,1,,10.03,0.8744708050277795,0.0,0.0,356.9999996891463,1000,1648,-12,0,1500,1500,1500,10.0,1.5,20.0,0.0,35.0,150.0,1660
2026-08-06T16:03:34.059+03:00,13.852593,V2_CHANNEL_STATUS,Recording TAKEOFF until ALT_HOLD,TAKEOFF,5,1,,10.03,0.8744708050277795,0.0,0.0,356.9999996891463,1000,1648,-12,0,1500,1500,1500,10.0,1.5,20.0,0.0,35.0,150.0,1660
2026-08-06T16:03:34.162+03:00,13.955630,V2_CHANNEL_STATUS,Recording TAKEOFF until ALT_HOLD,TAKEOFF,5,1,,10.03,0.8744708050277795,0.0,0.0,356.9999996891463,1000,1646,-14,0,1500,1500,1500,10.0,1.5,20.0,0.0,35.0,150.0,1660
2026-08-06T16:03:34.260+03:00,14.054028,V2_CHANNEL_STATUS,Recording TAKEOFF until ALT_HOLD,TAKEOFF,5,1,,10.03,0.8744708050277795,0.0,0.0,356.9999996891463,1000,1651,-9,0,1500,1500,1500,10.0,1.5,20.0,0.0,35.0,150.0,1660
2026-08-06T16:03:34.307+03:00,14.100610,GLOBAL_POSITION_INT,Recording TAKEOFF until ALT_HOLD,TAKEOFF,5,1,,10.16,0.25966432619555113,0.0,0.0,356.9999996891463,1000,1651,-9,0,1500,1500,1500,10.0,1.5,20.0,0.0,35.0,150.0,1660
2026-08-06T16:03:34.307+03:00,14.100845,RC_CHANNELS,Recording TAKEOFF until ALT_HOLD,TAKEOFF,5,1,,10.16,0.25966432619555113,0.0,0.0,356.9999996891463,1000,1651,-9,0,1500,1500,1500,10.0,1.5,20.0,0.0,35.0,150.0,1660
2026-08-06T16:03:34.364+03:00,14.157640,V2_CHANNEL_STATUS,Recording TAKEOFF until ALT_HOLD,TAKEOFF,5,1,,10.16,0.25966432619555113,0.0,0.0,356.9999996891463,1000,1651,-9,0,1500,1500,1500,10.0,1.5,20.0,0.0,35.0,150.0,1660
2026-08-06T16:03:34.461+03:00,14.255442,V2_CHANNEL_STATUS,Recording TAKEOFF until ALT_HOLD,TAKEOFF,5,1,,10.16,0.25966432619555113,0.0,0.0,356.9999996891463,1000,1657,-3,0,1500,1500,1500,10.0,1.5,20.0,0.0,35.0,150.0,1660
2026-08-06T16:03:34.559+03:00,14.353472,V2_CHANNEL_STATUS,Recording TAKEOFF until ALT_HOLD,TAKEOFF,5,1,,10.16,0.25966432619555113,0.0,0.0,356.9999996891463,1000,1657,-3,0,1500,1500,1500,10.0,1.5,20.0,0.0,35.0,150.0,1660
2026-08-06T16:03:34.662+03:00,14.456409,V2_CHANNEL_STATUS,Recording TAKEOFF until ALT_HOLD,TAKEOFF,5,1,,10.16,0.25966432619555113,0.0,0.0,356.9999996891463,1000,1657,-3,0,1500,1500,1500,10.0,1.5,20.0,0.0,35.0,150.0,1660
2026-08-06T16:03:34.760+03:00,14.554293,V2_CHANNEL_STATUS,Recording TAKEOFF until ALT_HOLD,TAKEOFF,5,1,,10.16,0.25966432619555113,0.0,0.0,356.9999996891463,1000,1657,-3,0,1500,1500,1500,10.0,1.5,20.0,0.0,35.0,150.0,1660
2026-08-06T16:03:34.807+03:00,14.601084,GLOBAL_POSITION_INT,Recording TAKEOFF until ALT_HOLD,TAKEOFF,5,1,,10.16,0.0,0.0,0.0,356.9999996891463,1000,1657,-3,0,1500,1500,1500,10.0,1.5,20.0,0.0,35.0,150.0,1660
2026-08-06T16:03:34.807+03:00,14.601302,RC_CHANNELS,Recording TAKEOFF until ALT_HOLD,TAKEOFF,5,1,,10.16,0.0,0.0,0.0,356.9999996891463,1000,1657,-3,0,1500,1500,1500,10.0,1.5,20.0,0.0,35.0,150.0,1660
2026-08-06T16:03:34.864+03:00,14.657981,V2_CHANNEL_STATUS,Recording TAKEOFF until ALT_HOLD,TAKEOFF,5,1,,10.16,0.0,0.0,0.0,356.9999996891463,1000,1657,-3,0,1500,1500,1500,10.0,1.5,20.0,0.0,35.0,150.0,1660
2026-08-06T16:03:34.962+03:00,14.756037,V2_CHANNEL_STATUS,Recording TAKEOFF until ALT_HOLD,TAKEOFF,5,1,,10.16,0.0,0.0,0.0,356.9999996891463,1000,1657,-3,0,1500,1500,1500,10.0,1.5,20.0,0.0,35.0,150.0,1660
2026-08-06T16:03:35.061+03:00,14.854994,V2_CHANNEL_STATUS,Recording TAKEOFF until ALT_HOLD,TAKEOFF,5,1,,10.16,0.0,0.0,0.0,356.9999996891463,1000,1657,-3,0,1500,1500,1500,10.0,1.5,20.0,0.0,35.0,150.0,1660
2026-08-06T16:03:35.164+03:00,14.958129,V2_CHANNEL_STATUS,Recording TAKEOFF until ALT_HOLD,TAKEOFF,5,1,,10.16,0.0,0.0,0.0,356.9999996891463,1000,1657,-3,0,1500,1500,1500,10.0,1.5,20.0,0.0,35.0,150.0,1660
2026-08-06T16:03:35.262+03:00,15.055941,V2_CHANNEL_STATUS,Recording TAKEOFF until ALT_HOLD,TAKEOFF,5,1,,10.16,0.0,0.0,0.0,356.9999996891463,1000,1657,-3,0,1500,1500,1500,10.0,1.5,20.0,0.0,35.0,150.0,1660
2026-08-06T16:03:35.303+03:00,15.097522,GLOBAL_POSITION_INT,Recording TAKEOFF until ALT_HOLD,TAKEOFF,5,1,,10.16,0.0,0.0,0.0,356.9999996891463,1000,1657,-3,0,1500,1500,1500,10.0,1.5,20.0,0.0,35.0,150.0,1660
2026-08-06T16:03:35.304+03:00,15.097730,RC_CHANNELS,Recording TAKEOFF until ALT_HOLD,TAKEOFF,5,1,,10.16,0.0,0.0,0.0,356.9999996891463,1000,1657,-3,0,1500,1500,1500,10.0,1.5,20.0,0.0,35.0,150.0,1660
2026-08-06T16:03:35.366+03:00,15.159584,V2_CHANNEL_STATUS,Recording TAKEOFF until ALT_HOLD,TAKEOFF,5,1,,10.16,0.0,0.0,0.0,356.9999996891463,1000,1657,-3,0,1500,1500,1500,10.0,1.5,20.0,0.0,35.0,150.0,1660
2026-08-06T16:03:35.464+03:00,15.258158,V2_CHANNEL_STATUS,Recording TAKEOFF until ALT_HOLD,TAKEOFF,5,1,10.079997062683105,10.16,0.0,0.0,0.0,356.9999996891463,1000,1735,75,0,1500,1500,1500,10.0,1.5,20.0,0.0,35.0,150.0,1660
2026-08-06T16:03:35.563+03:00,15.357204,V2_CHANNEL_STATUS,Recording TAKEOFF until ALT_HOLD,TAKEOFF,5,1,9.980000495910645,10.16,0.0,0.0,0.0,356.9999996891463,1000,1732,72,0,1500,1500,1500,10.0,1.5,20.0,0.0,35.0,150.0,1660
2026-08-06T16:03:35.662+03:00,15.455715,V2_CHANNEL_STATUS,Recording TAKEOFF until ALT_HOLD,TAKEOFF,5,1,9.880009651184082,10.16,0.0,0.0,0.0,356.9999996891463,1000,1657,-3,0,1500,1500,1500,10.0,1.5,20.0,0.0,35.0,150.0,1660
2026-08-06T16:03:35.765+03:00,15.559284,V2_CHANNEL_STATUS,Recording TAKEOFF until ALT_HOLD,TAKEOFF,5,1,9.780038833618164,10.16,0.0,0.0,0.0,356.9999996891463,1000,1652,-8,0,1500,1500,1500,10.0,1.5,20.0,0.0,35.0,150.0,1660
2026-08-06T16:03:35.822+03:00,15.616075,GLOBAL_POSITION_INT,Recording ALT_HOLD response for 15.0 seconds,ALT_HOLD,7,1,9.739998817443848,10.09,-0.13499150418336883,0.0,0.0,356.9999996891463,1500,1652,-8,0,1500,1500,1500,10.0,1.5,20.0,0.0,35.0,150.0,1660
2026-08-06T16:03:35.822+03:00,15.616288,RC_CHANNELS,Recording ALT_HOLD response for 15.0 seconds,ALT_HOLD,7,1,9.739998817443848,10.09,-0.13499150418336883,0.0,0.0,356.9999996891463,1500,1652,-8,0,1500,1500,1500,10.0,1.5,20.0,0.0,35.0,150.0,1660
2026-08-06T16:03:35.863+03:00,15.657095,V2_CHANNEL_STATUS,Recording ALT_HOLD response for 15.0 seconds,ALT_HOLD,7,1,9.739998817443848,10.09,-0.13499150418336883,0.0,0.0,356.9999996891463,1500,1650,-10,0,1500,1500,1500,10.0,1.5,20.0,0.0,35.0,150.0,1660
2026-08-06T16:03:35.965+03:00,15.758719,V2_CHANNEL_STATUS,Recording ALT_HOLD response for 15.0 seconds,ALT_HOLD,7,1,9.739998817443848,10.09,-0.13499150418336883,0.0,0.0,356.9999996891463,1500,1648,-12,0,1500,1500,1500,10.0,1.5,20.0,0.0,35.0,150.0,1660
2026-08-06T16:03:36.066+03:00,15.860333,V2_CHANNEL_STATUS,Recording ALT_HOLD response for 15.0 seconds,ALT_HOLD,7,1,9.739998817443848,10.09,-0.13499150418336883,0.0,0.0,356.9999996891463,1500,1648,-12,0,1500,1500,1500,10.0,1.5,20.0,0.0,35.0,150.0,1660
2026-08-06T16:03:36.168+03:00,15.962002,V2_CHANNEL_STATUS,Recording ALT_HOLD response for 15.0 seconds,ALT_HOLD,7,1,9.739998817443848,10.09,-0.13499150418336883,0.0,0.0,356.9999996891463,1500,1644,-16,0,1500,1500,1500,10.0,1.5,20.0,0.0,35.0,150.0,1660
2026-08-06T16:03:36.270+03:00,16.063763,V2_CHANNEL_STATUS,Recording ALT_HOLD response for 15.0 seconds,ALT_HOLD,7,1,9.739998817443848,10.09,-0.13499150418336883,0.0,0.0,356.9999996891463,1500,1644,-16,0,1500,1500,1500,10.0,1.5,20.0,0.0,35.0,150.0,1660
2026-08-06T16:03:36.310+03:00,16.104499,GLOBAL_POSITION_INT,Recording ALT_HOLD response for 15.0 seconds,ALT_HOLD,7,1,9.739998817443848,10.19,0.20473953221402763,0.0,0.0,356.9999996891463,1500,1644,-16,0,1500,1500,1500,10.0,1.5,20.0,0.0,35.0,150.0,1660
2026-08-06T16:03:36.311+03:00,16.104716,RC_CHANNELS,Recording ALT_HOLD response for 15.0 seconds,ALT_HOLD,7,1,9.739998817443848,10.19,0.20473953221402763,0.0,0.0,356.9999996891463,1500,1644,-16,0,1500,1500,1500,10.0,1.5,20.0,0.0,35.0,150.0,1660
2026-08-06T16:03:36.372+03:00,16.165882,V2_CHANNEL_STATUS,Recording ALT_HOLD response for 15.0 seconds,ALT_HOLD,7,1,9.739998817443848,10.19,0.20473953221402763,0.0,0.0,356.9999996891463,1500,1639,-21,0,1500,1500,1500,10.0,1.5,20.0,0.0,35.0,150.0,1660
2026-08-06T16:03:36.474+03:00,16.267620,V2_CHANNEL_STATUS,Recording ALT_HOLD response for 15.0 seconds,ALT_HOLD,7,1,9.739998817443848,10.19,0.20473953221402763,0.0,0.0,356.9999996891463,1500,1639,-21,0,1500,1500,1500,10.0,1.5,20.0,0.0,35.0,150.0,1660
2026-08-06T16:03:36.575+03:00,16.369106,V2_CHANNEL_STATUS,Recording ALT_HOLD response for 15.0 seconds,ALT_HOLD,7,1,9.739998817443848,10.19,0.20473953221402763,0.0,0.0,356.9999996891463,1500,1637,-23,0,1500,1500,1500,10.0,1.5,20.0,0.0,35.0,150.0,1660
2026-08-06T16:03:36.677+03:00,16.470701,V2_CHANNEL_STATUS,Recording ALT_HOLD response for 15.0 seconds,ALT_HOLD,7,1,9.739998817443848,10.19,0.20473953221402763,0.0,0.0,356.9999996891463,1500,1637,-23,0,1500,1500,1500,10.0,1.5,20.0,0.0,35.0,150.0,1660
2026-08-06T16:03:36.780+03:00,16.573784,V2_CHANNEL_STATUS,Recording ALT_HOLD response for 15.0 seconds,ALT_HOLD,7,1,9.739998817443848,10.19,0.20473953221402763,0.0,0.0,356.9999996891463,1500,1634,-26,0,1500,1500,1500,10.0,1.5,20.0,0.0,35.0,150.0,1660
2026-08-06T16:03:36.821+03:00,16.615282,GLOBAL_POSITION_INT,Recording ALT_HOLD response for 15.0 seconds,ALT_HOLD,7,1,9.739998817443848,10.34,0.2936878509949844,0.0,0.0,356.9999996891463,1500,1634,-26,0,1500,1500,1500,10.0,1.5,20.0,0.0,35.0,150.0,1660
2026-08-06T16:03:36.822+03:00,16.615680,RC_CHANNELS,Recording ALT_HOLD response for 15.0 seconds,ALT_HOLD,7,1,9.739998817443848,10.34,0.2936878509949844,0.0,0.0,356.9999996891463,1500,1634,-26,0,1500,1500,1500,10.0,1.5,20.0,0.0,35.0,150.0,1660
2026-08-06T16:03:36.884+03:00,16.678335,V2_CHANNEL_STATUS,Recording ALT_HOLD response for 15.0 seconds,ALT_HOLD,7,1,9.739998817443848,10.34,0.2936878509949844,0.0,0.0,356.9999996891463,1500,1630,-30,0,1500,1500,1500,10.0,1.5,20.0,0.0,35.0,150.0,1660
2026-08-06T16:03:36.968+03:00,16.761784,V2_CHANNEL_STATUS,Recording ALT_HOLD response for 15.0 seconds,ALT_HOLD,7,1,9.739998817443848,10.34,0.2936878509949844,0.0,0.0,356.9999996891463,1500,1638,-22,0,1500,1500,1500,10.0,1.5,20.0,0.0,35.0,150.0,1660
2026-08-06T16:03:37.070+03:00,16.864232,V2_CHANNEL_STATUS,Recording ALT_HOLD response for 15.0 seconds,ALT_HOLD,7,1,9.739998817443848,10.34,0.2936878509949844,0.0,0.0,356.9999996891463,1500,1638,-22,0,1500,1500,1500,10.0,1.5,20.0,0.0,35.0,150.0,1660
2026-08-06T16:03:37.172+03:00,16.966556,V2_CHANNEL_STATUS,Recording ALT_HOLD response for 15.0 seconds,ALT_HOLD,7,1,9.739998817443848,10.34,0.2936878509949844,0.0,0.0,356.9999996891463,1500,1643,-17,0,1500,1500,1500,10.0,1.5,20.0,0.0,35.0,150.0,1660
2026-08-06T16:03:37.275+03:00,17.069506,V2_CHANNEL_STATUS,Recording ALT_HOLD response for 15.0 seconds,ALT_HOLD,7,1,9.739998817443848,10.34,0.2936878509949844,0.0,0.0,356.9999996891463,1500,1647,-13,0,1500,1500,1500,10.0,1.5,20.0,0.0,35.0,150.0,1660
2026-08-06T16:03:37.317+03:00,17.110890,GLOBAL_POSITION_INT,Recording ALT_HOLD response for 15.0 seconds,ALT_HOLD,7,1,9.739998817443848,10.35,0.02017834891880033,0.0,0.0,356.9999996891463,1500,1647,-13,0,1500,1500,1500,10.0,1.5,20.0,0.0,35.0,150.0,1660
2026-08-06T16:03:37.317+03:00,17.111412,RC_CHANNELS,Recording ALT_HOLD response for 15.0 seconds,ALT_HOLD,7,1,9.739998817443848,10.35,0.02017834891880033,0.0,0.0,356.9999996891463,1500,1647,-13,0,1500,1500,1500,10.0,1.5,20.0,0.0,35.0,150.0,1660
2026-08-06T16:03:37.379+03:00,17.173397,V2_CHANNEL_STATUS,Recording ALT_HOLD response for 15.0 seconds,ALT_HOLD,7,1,9.739998817443848,10.35,0.02017834891880033,0.0,0.0,356.9999996891463,1500,1645,-15,0,1500,1500,1500,10.0,1.5,20.0,0.0,35.0,150.0,1660
2026-08-06T16:03:37.481+03:00,17.275492,V2_CHANNEL_STATUS,Recording ALT_HOLD response for 15.0 seconds,ALT_HOLD,7,1,9.739998817443848,10.35,0.02017834891880033,0.0,0.0,356.9999996891463,1500,1651,-9,0,1500,1500,1500,10.0,1.5,20.0,0.0,35.0,150.0,1660
2026-08-06T16:03:37.583+03:00,17.377227,V2_CHANNEL_STATUS,Recording ALT_HOLD response for 15.0 seconds,ALT_HOLD,7,1,9.739998817443848,10.35,0.02017834891880033,0.0,0.0,356.9999996891463,1500,1651,-9,0,1500,1500,1500,10.0,1.5,20.0,0.0,35.0,150.0,1660
2026-08-06T16:03:37.685+03:00,17.478924,V2_CHANNEL_STATUS,Recording ALT_HOLD response for 15.0 seconds,ALT_HOLD,7,1,9.739998817443848,10.35,0.02017834891880033,0.0,0.0,356.9999996891463,1500,1647,-13,0,1500,1500,1500,10.0,1.5,20.0,0.0,35.0,150.0,1660
2026-08-06T16:03:37.766+03:00,17.560488,V2_CHANNEL_STATUS,Recording ALT_HOLD response for 15.0 seconds,ALT_HOLD,7,1,9.739998817443848,10.35,0.02017834891880033,0.0,0.0,356.9999996891463,1500,1649,-11,0,1500,1500,1500,10.0,1.5,20.0,0.0,35.0,150.0,1660
2026-08-06T16:03:37.807+03:00,17.601156,GLOBAL_POSITION_INT,Recording ALT_HOLD response for 15.0 seconds,ALT_HOLD,7,1,9.739998817443848,10.23,-0.24473964461633899,0.0,0.0,356.9999996891463,1500,1649,-11,0,1500,1500,1500,10.0,1.5,20.0,0.0,35.0,150.0,1660
2026-08-06T16:03:37.807+03:00,17.601448,RC_CHANNELS,Recording ALT_HOLD response for 15.0 seconds,ALT_HOLD,7,1,9.739998817443848,10.23,-0.24473964461633899,0.0,0.0,356.9999996891463,1500,1649,-11,0,1500,1500,1500,10.0,1.5,20.0,0.0,35.0,150.0,1660
2026-08-06T16:03:37.868+03:00,17.662521,V2_CHANNEL_STATUS,Recording ALT_HOLD response for 15.0 seconds,ALT_HOLD,7,1,9.739998817443848,10.23,-0.24473964461633899,0.0,0.0,356.9999996891463,1500,1649,-11,0,1500,1500,1500,10.0,1.5,20.0,0.0,35.0,150.0,1660
2026-08-06T16:03:37.970+03:00,17.764077,V2_CHANNEL_STATUS,Recording ALT_HOLD response for 15.0 seconds,ALT_HOLD,7,1,9.739998817443848,10.23,-0.24473964461633899,0.0,0.0,356.9999996891463,1500,1653,-7,0,1500,1500,1500,10.0,1.5,20.0,0.0,35.0,150.0,1660
2026-08-06T16:03:38.072+03:00,17.866091,V2_CHANNEL_STATUS,Recording ALT_HOLD response for 15.0 seconds,ALT_HOLD,7,1,9.739998817443848,10.23,-0.24473964461633899,0.0,0.0,356.9999996891463,1500,1656,-4,0,1500,1500,1500,10.0,1.5,20.0,0.0,35.0,150.0,1660
2026-08-06T16:03:38.174+03:00,17.967905,V2_CHANNEL_STATUS,Recording ALT_HOLD response for 15.0 seconds,ALT_HOLD,7,1,9.739998817443848,10.23,-0.24473964461633899,0.0,0.0,356.9999996891463,1500,1676,16,0,1500,1500,1500,10.0,1.5,20.0,0.0,35.0,150.0,1660
2026-08-06T16:03:38.276+03:00,18.069644,V2_CHANNEL_STATUS,Recording ALT_HOLD response for 15.0 seconds,ALT_HOLD,7,1,9.739998817443848,10.23,-0.24473964461633899,0.0,0.0,356.9999996891463,1500,1676,16,0,1500,1500,1500,10.0,1.5,20.0,0.0,35.0,150.0,1660
2026-08-06T16:03:38.316+03:00,18.110362,GLOBAL_POSITION_INT,Recording ALT_HOLD response for 15.0 seconds,ALT_HOLD,7,1,9.739998817443848,9.91,-0.6284368426077167,0.0,0.0,356.9999996891463,1500,1676,16,0,1500,1500,1500,10.0,1.5,20.0,0.0,35.0,150.0,1660
2026-08-06T16:03:38.317+03:00,18.110648,RC_CHANNELS,Recording ALT_HOLD response for 15.0 seconds,ALT_HOLD,7,1,9.739998817443848,9.91,-0.6284368426077167,0.0,0.0,356.9999996891463,1500,1676,16,0,1500,1500,1500,10.0,1.5,20.0,0.0,35.0,150.0,1660
2026-08-06T16:03:38.378+03:00,18.171782,V2_CHANNEL_STATUS,Recording ALT_HOLD response for 15.0 seconds,ALT_HOLD,7,1,9.739998817443848,9.91,-0.6284368426077167,0.0,0.0,356.9999996891463,1500,1665,5,0,1500,1500,1500,10.0,1.5,20.0,0.0,35.0,150.0,1660
2026-08-06T16:03:38.480+03:00,18.274012,V2_CHANNEL_STATUS,Recording ALT_HOLD response for 15.0 seconds,ALT_HOLD,7,1,9.739998817443848,9.91,-0.6284368426077167,0.0,0.0,356.9999996891463,1500,1667,7,0,1500,1500,1500,10.0,1.5,20.0,0.0,35.0,150.0,1660
2026-08-06T16:03:38.582+03:00,18.376160,V2_CHANNEL_STATUS,Recording ALT_HOLD response for 15.0 seconds,ALT_HOLD,7,1,9.739998817443848,9.91,-0.6284368426077167,0.0,0.0,356.9999996891463,1500,1667,7,0,1500,1500,1500,10.0,1.5,20.0,0.0,35.0,150.0,1660
2026-08-06T16:03:38.685+03:00,18.478555,V2_CHANNEL_STATUS,Recording ALT_HOLD response for 15.0 seconds,ALT_HOLD,7,1,9.739998817443848,9.91,-0.6284368426077167,0.0,0.0,356.9999996891463,1500,1673,13,0,1500,1500,1500,10.0,1.5,20.0,0.0,35.0,150.0,1660
2026-08-06T16:03:38.786+03:00,18.580116,V2_CHANNEL_STATUS,Recording ALT_HOLD response for 15.0 seconds,ALT_HOLD,7,1,9.739998817443848,9.91,-0.6284368426077167,0.0,0.0,356.9999996891463,1500,1674,14,0,1500,1500,1500,10.0,1.5,20.0,0.0,35.0,150.0,1660
2026-08-06T16:03:38.807+03:00,18.600591,GLOBAL_POSITION_INT,Recording ALT_HOLD response for 15.0 seconds,ALT_HOLD,7,1,9.739998817443848,9.65,-0.5303447183521445,0.0,0.0,356.9999996891463,1500,1674,14,0,1500,1500,1500,10.0,1.5,20.0,0.0,35.0,150.0,1660
2026-08-06T16:03:38.807+03:00,18.600844,RC_CHANNELS,Recording ALT_HOLD response for 15.0 seconds,ALT_HOLD,7,1,9.739998817443848,9.65,-0.5303447183521445,0.0,0.0,356.9999996891463,1500,1674,14,0,1500,1500,1500,10.0,1.5,20.0,0.0,35.0,150.0,1660
2026-08-06T16:03:38.888+03:00,18.682214,V2_CHANNEL_STATUS,Recording ALT_HOLD response for 15.0 seconds,ALT_HOLD,7,1,9.739998817443848,9.65,-0.5303447183521445,0.0,0.0,356.9999996891463,1500,1675,15,0,1500,1500,1500,10.0,1.5,20.0,0.0,35.0,150.0,1660
2026-08-06T16:03:38.990+03:00,18.784068,V2_CHANNEL_STATUS,Recording ALT_HOLD response for 15.0 seconds,ALT_HOLD,7,1,9.739998817443848,9.65,-0.5303447183521445,0.0,0.0,356.9999996891463,1500,1675,15,0,1500,1500,1500,10.0,1.5,20.0,0.0,35.0,150.0,1660
2026-08-06T16:03:39.072+03:00,18.865569,V2_CHANNEL_STATUS,Recording ALT_HOLD response for 15.0 seconds,ALT_HOLD,7,1,9.739998817443848,9.65,-0.5303447183521445,0.0,0.0,356.9999996891463,1500,1673,13,0,1500,1500,1500,10.0,1.5,20.0,0.0,35.0,150.0,1660
2026-08-06T16:03:39.173+03:00,18.967381,V2_CHANNEL_STATUS,Recording ALT_HOLD response for 15.0 seconds,ALT_HOLD,7,1,9.739998817443848,9.65,-0.5303447183521445,0.0,0.0,356.9999996891463,1500,1673,13,0,1500,1500,1500,10.0,1.5,20.0,0.0,35.0,150.0,1660
2026-08-06T16:03:39.275+03:00,19.069178,V2_CHANNEL_STATUS,Recording ALT_HOLD response for 15.0 seconds,ALT_HOLD,7,1,9.739998817443848,9.65,-0.5303447183521445,0.0,0.0,356.9999996891463,1500,1675,15,0,1500,1500,1500,10.0,1.5,20.0,0.0,35.0,150.0,1660
2026-08-06T16:03:39.316+03:00,19.109805,GLOBAL_POSITION_INT,Recording ALT_HOLD response for 15.0 seconds,ALT_HOLD,7,1,9.739998817443848,9.47,-0.3534898877391512,0.0,0.0,356.9999996891463,1500,1675,15,0,1500,1500,1500,10.0,1.5,20.0,0.0,35.0,150.0,1660
2026-08-06T16:03:39.316+03:00,19.110055,RC_CHANNELS,Recording ALT_HOLD response for 15.0 seconds,ALT_HOLD,7,1,9.739998817443848,9.47,-0.3534898877391512,0.0,0.0,356.9999996891463,1500,1675,15,0,1500,1500,1500,10.0,1.5,20.0,0.0,35.0,150.0,1660
2026-08-06T16:03:39.377+03:00,19.171159,V2_CHANNEL_STATUS,Recording ALT_HOLD response for 15.0 seconds,ALT_HOLD,7,1,9.739998817443848,9.47,-0.3534898877391512,0.0,0.0,356.9999996891463,1500,1679,19,0,1500,1500,1500,10.0,1.5,20.0,0.0,35.0,150.0,1660
2026-08-06T16:03:39.479+03:00,19.272974,V2_CHANNEL_STATUS,Recording ALT_HOLD response for 15.0 seconds,ALT_HOLD,7,1,9.739998817443848,9.47,-0.3534898877391512,0.0,0.0,356.9999996891463,1500,1679,19,0,1500,1500,1500,10.0,1.5,20.0,0.0,35.0,150.0,1660
2026-08-06T16:03:39.581+03:00,19.374583,V2_CHANNEL_STATUS,Recording ALT_HOLD response for 15.0 seconds,ALT_HOLD,7,1,9.739998817443848,9.47,-0.3534898877391512,0.0,0.0,356.9999996891463,1500,1681,21,0,1500,1500,1500,10.0,1.5,20.0,0.0,35.0,150.0,1660
2026-08-06T16:03:39.682+03:00,19.476282,V2_CHANNEL_STATUS,Recording ALT_HOLD response for 15.0 seconds,ALT_HOLD,7,1,9.739998817443848,9.47,-0.3534898877391512,0.0,0.0,356.9999996891463,1500,1681,21,0,1500,1500,1500,10.0,1.5,20.0,0.0,35.0,150.0,1660
2026-08-06T16:03:39.784+03:00,19.578098,V2_CHANNEL_STATUS,Recording ALT_HOLD response for 15.0 seconds,ALT_HOLD,7,1,9.739998817443848,9.47,-0.3534898877391512,0.0,0.0,356.9999996891463,1500,1678,18,0,1500,1500,1500,10.0,1.5,20.0,0.0,35.0,150.0,1660
2026-08-06T16:03:39.825+03:00,19.618764,GLOBAL_POSITION_INT,Recording ALT_HOLD response for 15.0 seconds,ALT_HOLD,7,1,9.739998817443848,9.27,-0.39296037815274315,0.0,0.0,356.9999996891463,1500,1678,18,0,1500,1500,1500,10.0,1.5,20.0,0.0,35.0,150.0,1660
2026-08-06T16:03:39.825+03:00,19.618999,RC_CHANNELS,Recording ALT_HOLD response for 15.0 seconds,ALT_HOLD,7,1,9.739998817443848,9.27,-0.39296037815274315,0.0,0.0,356.9999996891463,1500,1678,18,0,1500,1500,1500,10.0,1.5,20.0,0.0,35.0,150.0,1660
2026-08-06T16:03:39.886+03:00,19.680287,V2_CHANNEL_STATUS,Recording ALT_HOLD response for 15.0 seconds,ALT_HOLD,7,1,9.739998817443848,9.27,-0.39296037815274315,0.0,0.0,356.9999996891463,1500,1678,18,0,1500,1500,1500,10.0,1.5,20.0,0.0,35.0,150.0,1660
2026-08-06T16:03:39.989+03:00,19.782712,V2_CHANNEL_STATUS,Recording ALT_HOLD response for 15.0 seconds,ALT_HOLD,7,1,9.739998817443848,9.27,-0.39296037815274315,0.0,0.0,356.9999996891463,1500,1682,22,0,1500,1500,1500,10.0,1.5,20.0,0.0,35.0,150.0,1660
2026-08-06T16:03:40.090+03:00,19.884529,V2_CHANNEL_STATUS,Recording ALT_HOLD response for 15.0 seconds,ALT_HOLD,7,1,9.739998817443848,9.27,-0.39296037815274315,0.0,0.0,356.9999996891463,1500,1680,20,0,1500,1500,1500,10.0,1.5,20.0,0.0,35.0,150.0,1660
2026-08-06T16:03:40.192+03:00,19.986399,V2_CHANNEL_STATUS,Recording ALT_HOLD response for 15.0 seconds,ALT_HOLD,7,1,9.739998817443848,9.27,-0.39296037815274315,0.0,0.0,356.9999996891463,1500,1680,20,0,1500,1500,1500,10.0,1.5,20.0,0.0,35.0,150.0,1660
2026-08-06T16:03:40.274+03:00,20.067969,V2_CHANNEL_STATUS,Recording ALT_HOLD response for 15.0 seconds,ALT_HOLD,7,1,9.739998817443848,9.27,-0.39296037815274315,0.0,0.0,356.9999996891463,1500,1675,15,0,1500,1500,1500,10.0,1.5,20.0,0.0,35.0,150.0,1660
2026-08-06T16:03:40.314+03:00,20.108515,GLOBAL_POSITION_INT,Recording ALT_HOLD response for 15.0 seconds,ALT_HOLD,7,1,9.739998817443848,9.19,-0.16334675115409106,0.0,0.0,356.9999996891463,1500,1675,15,0,1500,1500,1500,10.0,1.5,20.0,0.0,35.0,150.0,1660
2026-08-06T16:03:40.315+03:00,20.108731,RC_CHANNELS,Recording ALT_HOLD response for 15.0 seconds,ALT_HOLD,7,1,9.739998817443848,9.19,-0.16334675115409106,0.0,0.0,356.9999996891463,1500,1675,15,0,1500,1500,1500,10.0,1.5,20.0,0.0,35.0,150.0,1660
2026-08-06T16:03:40.376+03:00,20.169792,V2_CHANNEL_STATUS,Recording ALT_HOLD response for 15.0 seconds,ALT_HOLD,7,1,9.739998817443848,9.19,-0.16334675115409106,0.0,0.0,356.9999996891463,1500,1669,9,0,1500,1500,1500,10.0,1.5,20.0,0.0,35.0,150.0,1660
2026-08-06T16:03:40.478+03:00,20.271615,V2_CHANNEL_STATUS,Recording ALT_HOLD response for 15.0 seconds,ALT_HOLD,7,1,9.739998817443848,9.19,-0.16334675115409106,0.0,0.0,356.9999996891463,1500,1669,9,0,1500,1500,1500,10.0,1.5,20.0,0.0,35.0,150.0,1660
2026-08-06T16:03:40.579+03:00,20.373314,V2_CHANNEL_STATUS,Recording ALT_HOLD response for 15.0 seconds,ALT_HOLD,7,1,9.739998817443848,9.19,-0.16334675115409106,0.0,0.0,356.9999996891463,1500,1672,12,0,1500,1500,1500,10.0,1.5,20.0,0.0,35.0,150.0,1660
2026-08-06T16:03:40.681+03:00,20.474791,V2_CHANNEL_STATUS,Recording ALT_HOLD response for 15.0 seconds,ALT_HOLD,7,1,9.739998817443848,9.19,-0.16334675115409106,0.0,0.0,356.9999996891463,1500,1665,5,0,1500,1500,1500,10.0,1.5,20.0,0.0,35.0,150.0,1660
2026-08-06T16:03:40.782+03:00,20.576343,V2_CHANNEL_STATUS,Recording ALT_HOLD response for 15.0 seconds,ALT_HOLD,7,1,9.739998817443848,9.19,-0.16334675115409106,0.0,0.0,356.9999996891463,1500,1665,5,0,1500,1500,1500,10.0,1.5,20.0,0.0,35.0,150.0,1660
2026-08-06T16:03:40.823+03:00,20.616993,GLOBAL_POSITION_INT,Recording ALT_HOLD response for 15.0 seconds,ALT_HOLD,7,1,9.739998817443848,9.33,0.275330346635543,0.0,0.0,356.9999996891463,1500,1665,5,0,1500,1500,1500,10.0,1.5,20.0,0.0,35.0,150.0,1660
2026-08-06T16:03:40.823+03:00,20.617219,RC_CHANNELS,Recording ALT_HOLD response for 15.0 seconds,ALT_HOLD,7,1,9.739998817443848,9.33,0.275330346635543,0.0,0.0,356.9999996891463,1500,1665,5,0,1500,1500,1500,10.0,1.5,20.0,0.0,35.0,150.0,1660
2026-08-06T16:03:40.884+03:00,20.678305,V2_CHANNEL_STATUS,Recording ALT_HOLD response for 15.0 seconds,ALT_HOLD,7,1,9.739998817443848,9.33,0.275330346635543,0.0,0.0,356.9999996891463,1500,1668,8,0,1500,1500,1500,10.0,1.5,20.0,0.0,35.0,150.0,1660
2026-08-06T16:03:40.986+03:00,20.779855,V2_CHANNEL_STATUS,Recording ALT_HOLD response for 15.0 seconds,ALT_HOLD,7,1,9.739998817443848,9.33,0.275330346635543,0.0,0.0,356.9999996891463,1500,1662,2,0,1500,1500,1500,10.0,1.5,20.0,0.0,35.0,150.0,1660
2026-08-06T16:03:41.088+03:00,20.881952,V2_CHANNEL_STATUS,Recording ALT_HOLD response for 15.0 seconds,ALT_HOLD,7,1,9.739998817443848,9.33,0.275330346635543,0.0,0.0,356.9999996891463,1500,1662,2,0,1500,1500,1500,10.0,1.5,20.0,0.0,35.0,150.0,1660
2026-08-06T16:03:41.190+03:00,20.983799,V2_CHANNEL_STATUS,Recording ALT_HOLD response for 15.0 seconds,ALT_HOLD,7,1,9.739998817443848,9.33,0.275330346635543,0.0,0.0,356.9999996891463,1500,1658,-2,0,1500,1500,1500,10.0,1.5,20.0,0.0,35.0,150.0,1660
2026-08-06T16:03:41.292+03:00,21.085686,V2_CHANNEL_STATUS,Recording ALT_HOLD response for 15.0 seconds,ALT_HOLD,7,1,9.739998817443848,9.33,0.275330346635543,0.0,0.0,356.9999996891463,1500,1663,3,0,1500,1500,1500,10.0,1.5,20.0,0.0,35.0,150.0,1660
2026-08-06T16:03:41.312+03:00,21.106070,GLOBAL_POSITION_INT,Recording ALT_HOLD response for 15.0 seconds,ALT_HOLD,7,1,9.739998817443848,9.49,0.32714696249003056,0.0,0.0,356.9999996891463,1500,1663,3,0,1500,1500,1500,10.0,1.5,20.0,0.0,35.0,150.0,1660
2026-08-06T16:03:41.312+03:00,21.106288,RC_CHANNELS,Recording ALT_HOLD response for 15.0 seconds,ALT_HOLD,7,1,9.739998817443848,9.49,0.32714696249003056,0.0,0.0,356.9999996891463,1500,1663,3,0,1500,1500,1500,10.0,1.5,20.0,0.0,35.0,150.0,1660
2026-08-06T16:03:41.394+03:00,21.187927,V2_CHANNEL_STATUS,Recording ALT_HOLD response for 15.0 seconds,ALT_HOLD,7,1,9.739998817443848,9.49,0.32714696249003056,0.0,0.0,356.9999996891463,1500,1649,-11,0,1500,1500,1500,10.0,1.5,20.0,0.0,35.0,150.0,1660
2026-08-06T16:03:41.496+03:00,21.289570,V2_CHANNEL_STATUS,Recording ALT_HOLD response for 15.0 seconds,ALT_HOLD,7,1,9.739998817443848,9.49,0.32714696249003056,0.0,0.0,356.9999996891463,1500,1649,-11,0,1500,1500,1500,10.0,1.5,20.0,0.0,35.0,150.0,1660
2026-08-06T16:03:41.577+03:00,21.370861,V2_CHANNEL_STATUS,Recording ALT_HOLD response for 15.0 seconds,ALT_HOLD,7,1,9.739998817443848,9.49,0.32714696249003056,0.0,0.0,356.9999996891463,1500,1654,-6,0,1500,1500,1500,10.0,1.5,20.0,0.0,35.0,150.0,1660
2026-08-06T16:03:41.678+03:00,21.472383,V2_CHANNEL_STATUS,Recording ALT_HOLD response for 15.0 seconds,ALT_HOLD,7,1,9.739998817443848,9.49,0.32714696249003056,0.0,0.0,356.9999996891463,1500,1645,-15,0,1500,1500,1500,10.0,1.5,20.0,0.0,35.0,150.0,1660
2026-08-06T16:03:41.780+03:00,21.574166,V2_CHANNEL_STATUS,Recording ALT_HOLD response for 15.0 seconds,ALT_HOLD,7,1,9.739998817443848,9.49,0.32714696249003056,0.0,0.0,356.9999996891463,1500,1645,-15,0,1500,1500,1500,10.0,1.5,20.0,0.0,35.0,150.0,1660
2026-08-06T16:03:41.821+03:00,21.615168,GLOBAL_POSITION_INT,Recording ALT_HOLD response for 15.0 seconds,ALT_HOLD,7,1,9.739998817443848,9.8,0.6089532147669149,0.0,0.0,356.9999996891463,1500,1645,-15,0,1500,1500,1500,10.0,1.5,20.0,0.0,35.0,150.0,1660
2026-08-06T16:03:41.822+03:00,21.615730,RC_CHANNELS,Recording ALT_HOLD response for 15.0 seconds,ALT_HOLD,7,1,9.739998817443848,9.8,0.6089532147669149,0.0,0.0,356.9999996891463,1500,1645,-15,0,1500,1500,1500,10.0,1.5,20.0,0.0,35.0,150.0,1660
2026-08-06T16:03:41.883+03:00,21.676883,V2_CHANNEL_STATUS,Recording ALT_HOLD response for 15.0 seconds,ALT_HOLD,7,1,9.739998817443848,9.8,0.6089532147669149,0.0,0.0,356.9999996891463,1500,1649,-11,0,1500,1500,1500,10.0,1.5,20.0,0.0,35.0,150.0,1660
2026-08-06T16:03:41.985+03:00,21.778674,V2_CHANNEL_STATUS,Recording ALT_HOLD response for 15.0 seconds,ALT_HOLD,7,1,9.739998817443848,9.8,0.6089532147669149,0.0,0.0,356.9999996891463,1500,1651,-9,0,1500,1500,1500,10.0,1.5,20.0,0.0,35.0,150.0,1660
2026-08-06T16:03:42.086+03:00,21.880303,V2_CHANNEL_STATUS,Recording ALT_HOLD response for 15.0 seconds,ALT_HOLD,7,1,9.739998817443848,9.8,0.6089532147669149,0.0,0.0,356.9999996891463,1500,1651,-9,0,1500,1500,1500,10.0,1.5,20.0,0.0,35.0,150.0,1660
2026-08-06T16:03:42.188+03:00,21.982112,V2_CHANNEL_STATUS,Recording ALT_HOLD response for 15.0 seconds,ALT_HOLD,7,1,9.739998817443848,9.8,0.6089532147669149,0.0,0.0,356.9999996891463,1500,1647,-13,0,1500,1500,1500,10.0,1.5,20.0,0.0,35.0,150.0,1660
2026-08-06T16:03:42.290+03:00,22.083984,V2_CHANNEL_STATUS,Recording ALT_HOLD response for 15.0 seconds,ALT_HOLD,7,1,9.739998817443848,9.8,0.6089532147669149,0.0,0.0,356.9999996891463,1500,1644,-16,0,1500,1500,1500,10.0,1.5,20.0,0.0,35.0,150.0,1660
2026-08-06T16:03:42.311+03:00,22.104694,GLOBAL_POSITION_INT,Recording ALT_HOLD response for 15.0 seconds,ALT_HOLD,7,1,9.739998817443848,9.97,0.34725570091846886,0.0,0.0,356.9999996891463,1500,1644,-16,0,1500,1500,1500,10.0,1.5,20.0,0.0,35.0,150.0,1660
2026-08-06T16:03:42.311+03:00,22.104925,RC_CHANNELS,Recording ALT_HOLD response for 15.0 seconds,ALT_HOLD,7,1,9.739998817443848,9.97,0.34725570091846886,0.0,0.0,356.9999996891463,1500,1644,-16,0,1500,1500,1500,10.0,1.5,20.0,0.0,35.0,150.0,1660
2026-08-06T16:03:42.392+03:00,22.186475,V2_CHANNEL_STATUS,Recording ALT_HOLD response for 15.0 seconds,ALT_HOLD,7,1,9.739998817443848,9.97,0.34725570091846886,0.0,0.0,356.9999996891463,1500,1644,-16,0,1500,1500,1500,10.0,1.5,20.0,0.0,35.0,150.0,1660
2026-08-06T16:03:42.494+03:00,22.287915,V2_CHANNEL_STATUS,Recording ALT_HOLD response for 15.0 seconds,ALT_HOLD,7,1,9.739998817443848,9.97,0.34725570091846886,0.0,0.0,356.9999996891463,1500,1644,-16,0,1500,1500,1500,10.0,1.5,20.0,0.0,35.0,150.0,1660
2026-08-06T16:03:42.595+03:00,22.389528,V2_CHANNEL_STATUS,Recording ALT_HOLD response for 15.0 seconds,ALT_HOLD,7,1,9.739998817443848,9.97,0.34725570091846886,0.0,0.0,356.9999996891463,1500,1645,-15,0,1500,1500,1500,10.0,1.5,20.0,0.0,35.0,150.0,1660
2026-08-06T16:03:42.678+03:00,22.472046,V2_CHANNEL_STATUS,Recording ALT_HOLD response for 15.0 seconds,ALT_HOLD,7,1,9.739998817443848,9.97,0.34725570091846886,0.0,0.0,356.9999996891463,1500,1645,-15,0,1500,1500,1500,10.0,1.5,20.0,0.0,35.0,150.0,1660
2026-08-06T16:03:42.780+03:00,22.573552,V2_CHANNEL_STATUS,Recording ALT_HOLD response for 15.0 seconds,ALT_HOLD,7,1,9.739998817443848,9.97,0.34725570091846886,0.0,0.0,356.9999996891463,1500,1646,-14,0,1500,1500,1500,10.0,1.5,20.0,0.0,35.0,150.0,1660
2026-08-06T16:03:42.820+03:00,22.614435,GLOBAL_POSITION_INT,Recording ALT_HOLD response for 15.0 seconds,ALT_HOLD,7,1,9.739998817443848,10.08,0.2157951257969394,0.0,0.0,356.9999996891463,1500,1646,-14,0,1500,1500,1500,10.0,1.5,20.0,0.0,35.0,150.0,1660
2026-08-06T16:03:42.821+03:00,22.614674,RC_CHANNELS,Recording ALT_HOLD response for 15.0 seconds,ALT_HOLD,7,1,9.739998817443848,10.08,0.2157951257969394,0.0,0.0,356.9999996891463,1500,1646,-14,0,1500,1500,1500,10.0,1.5,20.0,0.0,35.0,150.0,1660
2026-08-06T16:03:42.882+03:00,22.676352,V2_CHANNEL_STATUS,Recording ALT_HOLD response for 15.0 seconds,ALT_HOLD,7,1,9.739998817443848,10.08,0.2157951257969394,0.0,0.0,356.9999996891463,1500,1649,-11,0,1500,1500,1500,10.0,1.5,20.0,0.0,35.0,150.0,1660
2026-08-06T16:03:42.984+03:00,22.778440,V2_CHANNEL_STATUS,Recording ALT_HOLD response for 15.0 seconds,ALT_HOLD,7,1,9.739998817443848,10.08,0.2157951257969394,0.0,0.0,356.9999996891463,1500,1649,-11,0,1500,1500,1500,10.0,1.5,20.0,0.0,35.0,150.0,1660
2026-08-06T16:03:43.086+03:00,22.880001,V2_CHANNEL_STATUS,Recording ALT_HOLD response for 15.0 seconds,ALT_HOLD,7,1,9.739998817443848,10.08,0.2157951257969394,0.0,0.0,356.9999996891463,1500,1649,-11,0,1500,1500,1500,10.0,1.5,20.0,0.0,35.0,150.0,1660
2026-08-06T16:03:43.188+03:00,22.981681,V2_CHANNEL_STATUS,Recording ALT_HOLD response for 15.0 seconds,ALT_HOLD,7,1,9.739998817443848,10.08,0.2157951257969394,0.0,0.0,356.9999996891463,1500,1649,-11,0,1500,1500,1500,10.0,1.5,20.0,0.0,35.0,150.0,1660
2026-08-06T16:03:43.290+03:00,23.083665,V2_CHANNEL_STATUS,Recording ALT_HOLD response for 15.0 seconds,ALT_HOLD,7,1,9.739998817443848,10.08,0.2157951257969394,0.0,0.0,356.9999996891463,1500,1649,-11,0,1500,1500,1500,10.0,1.5,20.0,0.0,35.0,150.0,1660
2026-08-06T16:03:43.310+03:00,23.104322,GLOBAL_POSITION_INT,Recording ALT_HOLD response for 15.0 seconds,ALT_HOLD,7,1,9.739998817443848,10.08,0.0,0.0,0.0,356.9999996891463,1500,1649,-11,0,1500,1500,1500,10.0,1.5,20.0,0.0,35.0,150.0,1660
2026-08-06T16:03:43.311+03:00,23.104536,RC_CHANNELS,Recording ALT_HOLD response for 15.0 seconds,ALT_HOLD,7,1,9.739998817443848,10.08,0.0,0.0,0.0,356.9999996891463,1500,1649,-11,0,1500,1500,1500,10.0,1.5,20.0,0.0,35.0,150.0,1660
2026-08-06T16:03:43.392+03:00,23.185625,V2_CHANNEL_STATUS,Recording ALT_HOLD response for 15.0 seconds,ALT_HOLD,7,1,9.739998817443848,10.08,0.0,0.0,0.0,356.9999996891463,1500,1649,-11,0,1500,1500,1500,10.0,1.5,20.0,0.0,35.0,150.0,1660
2026-08-06T16:03:43.493+03:00,23.287335,V2_CHANNEL_STATUS,Recording ALT_HOLD response for 15.0 seconds,ALT_HOLD,7,1,9.739998817443848,10.08,0.0,0.0,0.0,356.9999996891463,1500,1649,-11,0,1500,1500,1500,10.0,1.5,20.0,0.0,35.0,150.0,1660
2026-08-06T16:03:43.595+03:00,23.389059,V2_CHANNEL_STATUS,Recording ALT_HOLD response for 15.0 seconds,ALT_HOLD,7,1,9.739998817443848,10.08,0.0,0.0,0.0,356.9999996891463,1500,1649,-11,0,1500,1500,1500,10.0,1.5,20.0,0.0,35.0,150.0,1660
2026-08-06T16:03:43.697+03:00,23.490931,V2_CHANNEL_STATUS,Recording ALT_HOLD response for 15.0 seconds,ALT_HOLD,7,1,9.739998817443848,10.08,0.0,0.0,0.0,356.9999996891463,1500,1649,-11,0,1500,1500,1500,10.0,1.5,20.0,0.0,35.0,150.0,1660
2026-08-06T16:03:43.799+03:00,23.592896,V2_CHANNEL_STATUS,Recording ALT_HOLD response for 15.0 seconds,ALT_HOLD,7,1,9.739998817443848,10.08,0.0,0.0,0.0,356.9999996891463,1500,1657,-3,0,1500,1500,1500,10.0,1.5,20.0,0.0,35.0,150.0,1660
2026-08-06T16:03:43.820+03:00,23.613594,GLOBAL_POSITION_INT,Recording ALT_HOLD response for 15.0 seconds,ALT_HOLD,7,1,9.739998817443848,10.03,-0.09818246754808564,0.0,0.0,356.9999996891463,1500,1657,-3,0,1500,1500,1500,10.0,1.5,20.0,0.0,35.0,150.0,1660
2026-08-06T16:03:43.820+03:00,23.613884,RC_CHANNELS,Recording ALT_HOLD response for 15.0 seconds,ALT_HOLD,7,1,9.739998817443848,10.03,-0.09818246754808564,0.0,0.0,356.9999996891463,1500,1657,-3,0,1500,1500,1500,10.0,1.5,20.0,0.0,35.0,150.0,1660
2026-08-06T16:03:43.881+03:00,23.674988,V2_CHANNEL_STATUS,Recording ALT_HOLD response for 15.0 seconds,ALT_HOLD,7,1,9.739998817443848,10.03,-0.09818246754808564,0.0,0.0,356.9999996891463,1500,1657,-3,0,1500,1500,1500,10.0,1.5,20.0,0.0,35.0,150.0,1660
2026-08-06T16:03:43.983+03:00,23.776608,V2_CHANNEL_STATUS,Recording ALT_HOLD response for 15.0 seconds,ALT_HOLD,7,1,9.739998817443848,10.03,-0.09818246754808564,0.0,0.0,356.9999996891463,1500,1662,2,0,1500,1500,1500,10.0,1.5,20.0,0.0,35.0,150.0,1660
2026-08-06T16:03:44.084+03:00,23.878254,V2_CHANNEL_STATUS,Recording ALT_HOLD response for 15.0 seconds,ALT_HOLD,7,1,9.739998817443848,10.03,-0.09818246754808564,0.0,0.0,356.9999996891463,1500,1662,2,0,1500,1500,1500,10.0,1.5,20.0,0.0,35.0,150.0,1660
2026-08-06T16:03:44.186+03:00,23.979838,V2_CHANNEL_STATUS,Recording ALT_HOLD response for 15.0 seconds,ALT_HOLD,7,1,9.739998817443848,10.03,-0.09818246754808564,0.0,0.0,356.9999996891463,1500,1657,-3,0,1500,1500,1500,10.0,1.5,20.0,0.0,35.0,150.0,1660
2026-08-06T16:03:44.288+03:00,24.081722,V2_CHANNEL_STATUS,Recording ALT_HOLD response for 15.0 seconds,ALT_HOLD,7,1,9.739998817443848,10.03,-0.09818246754808564,0.0,0.0,356.9999996891463,1500,1663,3,0,1500,1500,1500,10.0,1.5,20.0,0.0,35.0,150.0,1660
2026-08-06T16:03:44.308+03:00,24.102313,GLOBAL_POSITION_INT,Recording ALT_HOLD response for 15.0 seconds,ALT_HOLD,7,1,9.739998817443848,9.88,-0.3069212529394214,0.0,0.0,356.9999996891463,1500,1663,3,0,1500,1500,1500,10.0,1.5,20.0,0.0,35.0,150.0,1660
2026-08-06T16:03:44.309+03:00,24.102647,RC_CHANNELS,Recording ALT_HOLD response for 15.0 seconds,ALT_HOLD,7,1,9.739998817443848,9.88,-0.3069212529394214,0.0,0.0,356.9999996891463,1500,1663,3,0,1500,1500,1500,10.0,1.5,20.0,0.0,35.0,150.0,1660
2026-08-06T16:03:44.390+03:00,24.184030,V2_CHANNEL_STATUS,Recording ALT_HOLD response for 15.0 seconds,ALT_HOLD,7,1,9.739998817443848,9.88,-0.3069212529394214,0.0,0.0,356.9999996891463,1500,1663,3,0,1500,1500,1500,10.0,1.5,20.0,0.0,35.0,150.0,1660
2026-08-06T16:03:44.492+03:00,24.285568,V2_CHANNEL_STATUS,Recording ALT_HOLD response for 15.0 seconds,ALT_HOLD,7,1,9.739998817443848,9.88,-0.3069212529394214,0.0,0.0,356.9999996891463,1500,1666,6,0,1500,1500,1500,10.0,1.5,20.0,0.0,35.0,150.0,1660
2026-08-06T16:03:44.593+03:00,24.387104,V2_CHANNEL_STATUS,Recording ALT_HOLD response for 15.0 seconds,ALT_HOLD,7,1,9.739998817443848,9.88,-0.3069212529394214,0.0,0.0,356.9999996891463,1500,1666,6,0,1500,1500,1500,10.0,1.5,20.0,0.0,35.0,150.0,1660
2026-08-06T16:03:44.695+03:00,24.488630,V2_CHANNEL_STATUS,Recording ALT_HOLD response for 15.0 seconds,ALT_HOLD,7,1,9.739998817443848,9.88,-0.3069212529394214,0.0,0.0,356.9999996891463,1500,1666,6,0,1500,1500,1500,10.0,1.5,20.0,0.0,35.0,150.0,1660
2026-08-06T16:03:44.796+03:00,24.590397,V2_CHANNEL_STATUS,Recording ALT_HOLD response for 15.0 seconds,ALT_HOLD,7,1,9.739998817443848,9.88,-0.3069212529394214,0.0,0.0,356.9999996891463,1500,1669,9,0,1500,1500,1500,10.0,1.5,20.0,0.0,35.0,150.0,1660
2026-08-06T16:03:44.818+03:00,24.611625,GLOBAL_POSITION_INT,Recording ALT_HOLD response for 15.0 seconds,ALT_HOLD,7,1,9.739998817443848,9.68,-0.39269513301288406,0.0,0.0,356.9999996891463,1500,1669,9,0,1500,1500,1500,10.0,1.5,20.0,0.0,35.0,150.0,1660
2026-08-06T16:03:44.818+03:00,24.611940,RC_CHANNELS,Recording ALT_HOLD response for 15.0 seconds,ALT_HOLD,7,1,9.739998817443848,9.68,-0.39269513301288406,0.0,0.0,356.9999996891463,1500,1669,9,0,1500,1500,1500,10.0,1.5,20.0,0.0,35.0,150.0,1660
2026-08-06T16:03:44.899+03:00,24.693368,V2_CHANNEL_STATUS,Recording ALT_HOLD response for 15.0 seconds,ALT_HOLD,7,1,9.739998817443848,9.68,-0.39269513301288406,0.0,0.0,356.9999996891463,1500,1669,9,0,1500,1500,1500,10.0,1.5,20.0,0.0,35.0,150.0,1660
2026-08-06T16:03:45.001+03:00,24.794888,V2_CHANNEL_STATUS,Recording ALT_HOLD response for 15.0 seconds,ALT_HOLD,7,1,9.739998817443848,9.68,-0.39269513301288406,0.0,0.0,356.9999996891463,1500,1672,12,0,1500,1500,1500,10.0,1.5,20.0,0.0,35.0,150.0,1660
2026-08-06T16:03:45.102+03:00,24.896394,V2_CHANNEL_STATUS,Recording ALT_HOLD response for 15.0 seconds,ALT_HOLD,7,1,9.739998817443848,9.68,-0.39269513301288406,0.0,0.0,356.9999996891463,1500,1672,12,0,1500,1500,1500,10.0,1.5,20.0,0.0,35.0,150.0,1660
2026-08-06T16:03:45.184+03:00,24.977748,V2_CHANNEL_STATUS,Recording ALT_HOLD response for 15.0 seconds,ALT_HOLD,7,1,9.739998817443848,9.68,-0.39269513301288406,0.0,0.0,356.9999996891463,1500,1671,11,0,1500,1500,1500,10.0,1.5,20.0,0.0,35.0,150.0,1660
2026-08-06T16:03:45.285+03:00,25.079338,V2_CHANNEL_STATUS,Recording ALT_HOLD response for 15.0 seconds,ALT_HOLD,7,1,9.739998817443848,9.68,-0.39269513301288406,0.0,0.0,356.9999996891463,1500,1672,12,0,1500,1500,1500,10.0,1.5,20.0,0.0,35.0,150.0,1660
2026-08-06T16:03:45.326+03:00,25.120128,GLOBAL_POSITION_INT,Recording ALT_HOLD response for 15.0 seconds,ALT_HOLD,7,1,9.739998817443848,9.52,-0.31464273976242724,0.0,0.0,356.9999996891463,1500,1672,12,0,1500,1500,1500,10.0,1.5,20.0,0.0,35.0,150.0,1660
2026-08-06T16:03:45.326+03:00,25.120356,RC_CHANNELS,Recording ALT_HOLD response for 15.0 seconds,ALT_HOLD,7,1,9.739998817443848,9.52,-0.31464273976242724,0.0,0.0,356.9999996891463,1500,1672,12,0,1500,1500,1500,10.0,1.5,20.0,0.0,35.0,150.0,1660
2026-08-06T16:03:45.388+03:00,25.181610,V2_CHANNEL_STATUS,Recording ALT_HOLD response for 15.0 seconds,ALT_HOLD,7,1,9.739998817443848,9.52,-0.31464273976242724,0.0,0.0,356.9999996891463,1500,1672,12,0,1500,1500,1500,10.0,1.5,20.0,0.0,35.0,150.0,1660
2026-08-06T16:03:45.489+03:00,25.283222,V2_CHANNEL_STATUS,Recording ALT_HOLD response for 15.0 seconds,ALT_HOLD,7,1,9.739998817443848,9.52,-0.31464273976242724,0.0,0.0,356.9999996891463,1500,1671,11,0,1500,1500,1500,10.0,1.5,20.0,0.0,35.0,150.0,1660
2026-08-06T16:03:45.591+03:00,25.384799,V2_CHANNEL_STATUS,Recording ALT_HOLD response for 15.0 seconds,ALT_HOLD,7,1,9.739998817443848,9.52,-0.31464273976242724,0.0,0.0,356.9999996891463,1500,1674,14,0,1500,1500,1500,10.0,1.5,20.0,0.0,35.0,150.0,1660
2026-08-06T16:03:45.693+03:00,25.486563,V2_CHANNEL_STATUS,Recording ALT_HOLD response for 15.0 seconds,ALT_HOLD,7,1,9.739998817443848,9.52,-0.31464273976242724,0.0,0.0,356.9999996891463,1500,1674,14,0,1500,1500,1500,10.0,1.5,20.0,0.0,35.0,150.0,1660
2026-08-06T16:03:45.794+03:00,25.588537,V2_CHANNEL_STATUS,Recording ALT_HOLD response for 15.0 seconds,ALT_HOLD,7,1,9.739998817443848,9.52,-0.31464273976242724,0.0,0.0,356.9999996891463,1500,1673,13,0,1500,1500,1500,10.0,1.5,20.0,0.0,35.0,150.0,1660
2026-08-06T16:03:45.816+03:00,25.609780,GLOBAL_POSITION_INT,Recording ALT_HOLD response for 15.0 seconds,ALT_HOLD,7,1,9.739998817443848,9.42,-0.20422566639033812,0.0,0.0,356.9999996891463,1500,1673,13,0,1500,1500,1500,10.0,1.5,20.0,0.0,35.0,150.0,1660
2026-08-06T16:03:45.816+03:00,25.610103,RC_CHANNELS,Recording ALT_HOLD response for 15.0 seconds,ALT_HOLD,7,1,9.739998817443848,9.42,-0.20422566639033812,0.0,0.0,356.9999996891463,1500,1673,13,0,1500,1500,1500,10.0,1.5,20.0,0.0,35.0,150.0,1660
2026-08-06T16:03:45.897+03:00,25.691333,V2_CHANNEL_STATUS,Recording ALT_HOLD response for 15.0 seconds,ALT_HOLD,7,1,9.739998817443848,9.42,-0.20422566639033812,0.0,0.0,356.9999996891463,1500,1669,9,0,1500,1500,1500,10.0,1.5,20.0,0.0,35.0,150.0,1660
2026-08-06T16:03:45.999+03:00,25.793019,V2_CHANNEL_STATUS,Recording ALT_HOLD response for 15.0 seconds,ALT_HOLD,7,1,9.739998817443848,9.42,-0.20422566639033812,0.0,0.0,356.9999996891463,1500,1669,9,0,1500,1500,1500,10.0,1.5,20.0,0.0,35.0,150.0,1660
2026-08-06T16:03:46.101+03:00,25.894813,V2_CHANNEL_STATUS,Recording ALT_HOLD response for 15.0 seconds,ALT_HOLD,7,1,9.739998817443848,9.42,-0.20422566639033812,0.0,0.0,356.9999996891463,1500,1669,9,0,1500,1500,1500,10.0,1.5,20.0,0.0,35.0,150.0,1660
2026-08-06T16:03:46.203+03:00,25.996701,V2_CHANNEL_STATUS,Recording ALT_HOLD response for 15.0 seconds,ALT_HOLD,7,1,9.739998817443848,9.42,-0.20422566639033812,0.0,0.0,356.9999996891463,1500,1671,11,0,1500,1500,1500,10.0,1.5,20.0,0.0,35.0,150.0,1660
2026-08-06T16:03:46.304+03:00,26.098423,V2_CHANNEL_STATUS,Recording ALT_HOLD response for 15.0 seconds,ALT_HOLD,7,1,9.739998817443848,9.42,-0.20422566639033812,0.0,0.0,356.9999996891463,1500,1671,11,0,1500,1500,1500,10.0,1.5,20.0,0.0,35.0,150.0,1660
2026-08-06T16:03:46.325+03:00,26.119131,GLOBAL_POSITION_INT,Recording ALT_HOLD response for 15.0 seconds,ALT_HOLD,7,1,9.739998817443848,9.41,-0.019633074215791035,0.0,0.0,356.9999996891463,1500,1671,11,0,1500,1500,1500,10.0,1.5,20.0,0.0,35.0,150.0,1660
2026-08-06T16:03:46.325+03:00,26.119509,RC_CHANNELS,Recording ALT_HOLD response for 15.0 seconds,ALT_HOLD,7,1,9.739998817443848,9.41,-0.019633074215791035,0.0,0.0,356.9999996891463,1500,1671,11,0,1500,1500,1500,10.0,1.5,20.0,0.0,35.0,150.0,1660
2026-08-06T16:03:46.386+03:00,26.180476,V2_CHANNEL_STATUS,Recording ALT_HOLD response for 15.0 seconds,ALT_HOLD,7,1,9.739998817443848,9.41,-0.019633074215791035,0.0,0.0,356.9999996891463,1500,1669,9,0,1500,1500,1500,10.0,1.5,20.0,0.0,35.0,150.0,1660
2026-08-06T16:03:46.488+03:00,26.282138,V2_CHANNEL_STATUS,Recording ALT_HOLD response for 15.0 seconds,ALT_HOLD,7,1,9.739998817443848,9.41,-0.019633074215791035,0.0,0.0,356.9999996891463,1500,1669,9,0,1500,1500,1500,10.0,1.5,20.0,0.0,35.0,150.0,1660
2026-08-06T16:03:46.590+03:00,26.383830,V2_CHANNEL_STATUS,Recording ALT_HOLD response for 15.0 seconds,ALT_HOLD,7,1,9.739998817443848,9.41,-0.019633074215791035,0.0,0.0,356.9999996891463,1500,1669,9,0,1500,1500,1500,10.0,1.5,20.0,0.0,35.0,150.0,1660
2026-08-06T16:03:46.691+03:00,26.485402,V2_CHANNEL_STATUS,Recording ALT_HOLD response for 15.0 seconds,ALT_HOLD,7,1,9.739998817443848,9.41,-0.019633074215791035,0.0,0.0,356.9999996891463,1500,1669,9,0,1500,1500,1500,10.0,1.5,20.0,0.0,35.0,150.0,1660
2026-08-06T16:03:46.793+03:00,26.586966,V2_CHANNEL_STATUS,Recording ALT_HOLD response for 15.0 seconds,ALT_HOLD,7,1,9.739998817443848,9.41,-0.019633074215791035,0.0,0.0,356.9999996891463,1500,1668,8,0,1500,1500,1500,10.0,1.5,20.0,0.0,35.0,150.0,1660
2026-08-06T16:03:46.814+03:00,26.607624,GLOBAL_POSITION_INT,Recording ALT_HOLD response for 15.0 seconds,ALT_HOLD,7,1,9.739998817443848,9.42,0.020470488257581732,0.0,0.0,356.9999996891463,1500,1668,8,0,1500,1500,1500,10.0,1.5,20.0,0.0,35.0,150.0,1660
2026-08-06T16:03:46.814+03:00,26.607854,RC_CHANNELS,Recording ALT_HOLD response for 15.0 seconds,ALT_HOLD,7,1,9.739998817443848,9.42,0.020470488257581732,0.0,0.0,356.9999996891463,1500,1668,8,0,1500,1500,1500,10.0,1.5,20.0,0.0,35.0,150.0,1660
2026-08-06T16:03:46.896+03:00,26.689587,V2_CHANNEL_STATUS,Recording ALT_HOLD response for 15.0 seconds,ALT_HOLD,7,1,9.739998817443848,9.42,0.020470488257581732,0.0,0.0,356.9999996891463,1500,1661,1,0,1500,1500,1500,10.0,1.5,20.0,0.0,35.0,150.0,1660
2026-08-06T16:03:46.998+03:00,26.792018,V2_CHANNEL_STATUS,Recording ALT_HOLD response for 15.0 seconds,ALT_HOLD,7,1,9.739998817443848,9.42,0.020470488257581732,0.0,0.0,356.9999996891463,1500,1661,1,0,1500,1500,1500,10.0,1.5,20.0,0.0,35.0,150.0,1660
2026-08-06T16:03:47.100+03:00,26.893693,V2_CHANNEL_STATUS,Recording ALT_HOLD response for 15.0 seconds,ALT_HOLD,7,1,9.739998817443848,9.42,0.020470488257581732,0.0,0.0,356.9999996891463,1500,1665,5,0,1500,1500,1500,10.0,1.5,20.0,0.0,35.0,150.0,1660
2026-08-06T16:03:47.202+03:00,26.995926,V2_CHANNEL_STATUS,Recording ALT_HOLD response for 15.0 seconds,ALT_HOLD,7,1,9.739998817443848,9.42,0.020470488257581732,0.0,0.0,356.9999996891463,1500,1665,5,0,1500,1500,1500,10.0,1.5,20.0,0.0,35.0,150.0,1660
2026-08-06T16:03:47.304+03:00,27.097626,V2_CHANNEL_STATUS,Recording ALT_HOLD response for 15.0 seconds,ALT_HOLD,7,1,9.739998817443848,9.42,0.020470488257581732,0.0,0.0,356.9999996891463,1500,1659,-1,0,1500,1500,1500,10.0,1.5,20.0,0.0,35.0,150.0,1660
2026-08-06T16:03:47.324+03:00,27.118498,GLOBAL_POSITION_INT,Recording ALT_HOLD response for 15.0 seconds,ALT_HOLD,7,1,9.739998817443848,9.54,0.23489756861110125,0.0,0.0,356.9999996891463,1500,1659,-1,0,1500,1500,1500,10.0,1.5,20.0,0.0,35.0,150.0,1660
2026-08-06T16:03:47.325+03:00,27.118878,RC_CHANNELS,Recording ALT_HOLD response for 15.0 seconds,ALT_HOLD,7,1,9.739998817443848,9.54,0.23489756861110125,0.0,0.0,356.9999996891463,1500,1659,-1,0,1500,1500,1500,10.0,1.5,20.0,0.0,35.0,150.0,1660
2026-08-06T16:03:47.406+03:00,27.200131,V2_CHANNEL_STATUS,Recording ALT_HOLD response for 15.0 seconds,ALT_HOLD,7,1,9.739998817443848,9.54,0.23489756861110125,0.0,0.0,356.9999996891463,1500,1659,-1,0,1500,1500,1500,10.0,1.5,20.0,0.0,35.0,150.0,1660
2026-08-06T16:03:47.508+03:00,27.301900,V2_CHANNEL_STATUS,Recording ALT_HOLD response for 15.0 seconds,ALT_HOLD,7,1,9.739998817443848,9.54,0.23489756861110125,0.0,0.0,356.9999996891463,1500,1659,-1,0,1500,1500,1500,10.0,1.5,20.0,0.0,35.0,150.0,1660
2026-08-06T16:03:47.590+03:00,27.383660,V2_CHANNEL_STATUS,Recording ALT_HOLD response for 15.0 seconds,ALT_HOLD,7,1,9.739998817443848,9.54,0.23489756861110125,0.0,0.0,356.9999996891463,1500,1653,-7,0,1500,1500,1500,10.0,1.5,20.0,0.0,35.0,150.0,1660
2026-08-06T16:03:47.692+03:00,27.485735,V2_CHANNEL_STATUS,Recording ALT_HOLD response for 15.0 seconds,ALT_HOLD,7,1,9.739998817443848,9.54,0.23489756861110125,0.0,0.0,356.9999996891463,1500,1651,-9,0,1500,1500,1500,10.0,1.5,20.0,0.0,35.0,150.0,1660
2026-08-06T16:03:47.794+03:00,27.587619,V2_CHANNEL_STATUS,Recording ALT_HOLD response for 15.0 seconds,ALT_HOLD,7,1,9.739998817443848,9.54,0.23489756861110125,0.0,0.0,356.9999996891463,1500,1651,-9,0,1500,1500,1500,10.0,1.5,20.0,0.0,35.0,150.0,1660
2026-08-06T16:03:47.814+03:00,27.608451,GLOBAL_POSITION_INT,Recording ALT_HOLD response for 15.0 seconds,ALT_HOLD,7,1,9.739998817443848,9.74,0.408202019537324,0.0,0.0,356.9999996891463,1500,1651,-9,0,1500,1500,1500,10.0,1.5,20.0,0.0,35.0,150.0,1660
2026-08-06T16:03:47.815+03:00,27.608733,RC_CHANNELS,Recording ALT_HOLD response for 15.0 seconds,ALT_HOLD,7,1,9.739998817443848,9.74,0.408202019537324,0.0,0.0,356.9999996891463,1500,1651,-9,0,1500,1500,1500,10.0,1.5,20.0,0.0,35.0,150.0,1660
2026-08-06T16:03:47.896+03:00,27.690494,V2_CHANNEL_STATUS,Recording ALT_HOLD response for 15.0 seconds,ALT_HOLD,7,1,9.739998817443848,9.74,0.408202019537324,0.0,0.0,356.9999996891463,1500,1656,-4,0,1500,1500,1500,10.0,1.5,20.0,0.0,35.0,150.0,1660
2026-08-06T16:03:47.998+03:00,27.792153,V2_CHANNEL_STATUS,Recording ALT_HOLD response for 15.0 seconds,ALT_HOLD,7,1,9.739998817443848,9.74,0.408202019537324,0.0,0.0,356.9999996891463,1500,1654,-6,0,1500,1500,1500,10.0,1.5,20.0,0.0,35.0,150.0,1660
2026-08-06T16:03:48.100+03:00,27.893647,V2_CHANNEL_STATUS,Recording ALT_HOLD response for 15.0 seconds,ALT_HOLD,7,1,9.739998817443848,9.74,0.408202019537324,0.0,0.0,356.9999996891463,1500,1654,-6,0,1500,1500,1500,10.0,1.5,20.0,0.0,35.0,150.0,1660
2026-08-06T16:03:48.201+03:00,27.995144,V2_CHANNEL_STATUS,Recording ALT_HOLD response for 15.0 seconds,ALT_HOLD,7,1,9.739998817443848,9.74,0.408202019537324,0.0,0.0,356.9999996891463,1500,1654,-6,0,1500,1500,1500,10.0,1.5,20.0,0.0,35.0,150.0,1660
2026-08-06T16:03:48.304+03:00,28.097768,V2_CHANNEL_STATUS,Recording ALT_HOLD response for 15.0 seconds,ALT_HOLD,7,1,9.739998817443848,9.74,0.408202019537324,0.0,0.0,356.9999996891463,1500,1654,-6,0,1500,1500,1500,10.0,1.5,20.0,0.0,35.0,150.0,1660
2026-08-06T16:03:48.324+03:00,28.118390,GLOBAL_POSITION_INT,Recording ALT_HOLD response for 15.0 seconds,ALT_HOLD,7,1,9.739998817443848,9.81,0.13726784579210466,0.0,0.0,356.9999996891463,1500,1654,-6,0,1500,1500,1500,10.0,1.5,20.0,0.0,35.0,150.0,1660
2026-08-06T16:03:48.325+03:00,28.118610,RC_CHANNELS,Recording ALT_HOLD response for 15.0 seconds,ALT_HOLD,7,1,9.739998817443848,9.81,0.13726784579210466,0.0,0.0,356.9999996891463,1500,1654,-6,0,1500,1500,1500,10.0,1.5,20.0,0.0,35.0,150.0,1660
2026-08-06T16:03:48.406+03:00,28.199765,V2_CHANNEL_STATUS,Recording ALT_HOLD response for 15.0 seconds,ALT_HOLD,7,1,9.739998817443848,9.81,0.13726784579210466,0.0,0.0,356.9999996891463,1500,1651,-9,0,1500,1500,1500,10.0,1.5,20.0,0.0,35.0,150.0,1660
2026-08-06T16:03:48.507+03:00,28.301505,V2_CHANNEL_STATUS,Recording ALT_HOLD response for 15.0 seconds,ALT_HOLD,7,1,9.739998817443848,9.81,0.13726784579210466,0.0,0.0,356.9999996891463,1500,1651,-9,0,1500,1500,1500,10.0,1.5,20.0,0.0,35.0,150.0,1660
2026-08-06T16:03:48.609+03:00,28.403322,V2_CHANNEL_STATUS,Recording ALT_HOLD response for 15.0 seconds,ALT_HOLD,7,1,9.739998817443848,9.81,0.13726784579210466,0.0,0.0,356.9999996891463,1500,1649,-11,0,1500,1500,1500,10.0,1.5,20.0,0.0,35.0,150.0,1660
2026-08-06T16:03:48.711+03:00,28.505022,V2_CHANNEL_STATUS,Recording ALT_HOLD response for 15.0 seconds,ALT_HOLD,7,1,9.739998817443848,9.81,0.13726784579210466,0.0,0.0,356.9999996891463,1500,1653,-7,0,1500,1500,1500,10.0,1.5,20.0,0.0,35.0,150.0,1660
2026-08-06T16:03:48.793+03:00,28.586842,V2_CHANNEL_STATUS,Recording ALT_HOLD response for 15.0 seconds,ALT_HOLD,7,1,9.739998817443848,9.81,0.13726784579210466,0.0,0.0,356.9999996891463,1500,1653,-7,0,1500,1500,1500,10.0,1.5,20.0,0.0,35.0,150.0,1660
2026-08-06T16:03:48.813+03:00,28.607496,GLOBAL_POSITION_INT,Recording ALT_HOLD response for 15.0 seconds,ALT_HOLD,7,1,9.739998817443848,9.91,0.20445351895779282,0.0,0.0,356.9999996891463,1500,1653,-7,0,1500,1500,1500,10.0,1.5,20.0,0.0,35.0,150.0,1660
2026-08-06T16:03:48.814+03:00,28.607713,RC_CHANNELS,Recording ALT_HOLD response for 15.0 seconds,ALT_HOLD,7,1,9.739998817443848,9.91,0.20445351895779282,0.0,0.0,356.9999996891463,1500,1653,-7,0,1500,1500,1500,10.0,1.5,20.0,0.0,35.0,150.0,1660
2026-08-06T16:03:48.895+03:00,28.689086,V2_CHANNEL_STATUS,Recording ALT_HOLD response for 15.0 seconds,ALT_HOLD,7,1,9.739998817443848,9.91,0.20445351895779282,0.0,0.0,356.9999996891463,1500,1651,-9,0,1500,1500,1500,10.0,1.5,20.0,0.0,35.0,150.0,1660
2026-08-06T16:03:48.997+03:00,28.790698,V2_CHANNEL_STATUS,Recording ALT_HOLD response for 15.0 seconds,ALT_HOLD,7,1,9.739998817443848,9.91,0.20445351895779282,0.0,0.0,356.9999996891463,1500,1651,-9,0,1500,1500,1500,10.0,1.5,20.0,0.0,35.0,150.0,1660
2026-08-06T16:03:49.099+03:00,28.892988,V2_CHANNEL_STATUS,Recording ALT_HOLD response for 15.0 seconds,ALT_HOLD,7,1,9.739998817443848,9.91,0.20445351895779282,0.0,0.0,356.9999996891463,1500,1647,-13,0,1500,1500,1500,10.0,1.5,20.0,0.0,35.0,150.0,1660
2026-08-06T16:03:49.201+03:00,28.994778,V2_CHANNEL_STATUS,Recording ALT_HOLD response for 15.0 seconds,ALT_HOLD,7,1,9.739998817443848,9.91,0.20445351895779282,0.0,0.0,356.9999996891463,1500,1651,-9,0,1500,1500,1500,10.0,1.5,20.0,0.0,35.0,150.0,1660
2026-08-06T16:03:49.302+03:00,29.096491,V2_CHANNEL_STATUS,Recording ALT_HOLD response for 15.0 seconds,ALT_HOLD,7,1,9.739998817443848,9.91,0.20445351895779282,0.0,0.0,356.9999996891463,1500,1651,-9,0,1500,1500,1500,10.0,1.5,20.0,0.0,35.0,150.0,1660
2026-08-06T16:03:49.323+03:00,29.116870,GLOBAL_POSITION_INT,Recording ALT_HOLD response for 15.0 seconds,ALT_HOLD,7,1,9.739998817443848,9.99,0.15705803167618831,0.0,0.0,356.9999996891463,1500,1651,-9,0,1500,1500,1500,10.0,1.5,20.0,0.0,35.0,150.0,1660
2026-08-06T16:03:49.323+03:00,29.117115,RC_CHANNELS,Recording ALT_HOLD response for 15.0 seconds,ALT_HOLD,7,1,9.739998817443848,9.99,0.15705803167618831,0.0,0.0,356.9999996891463,1500,1651,-9,0,1500,1500,1500,10.0,1.5,20.0,0.0,35.0,150.0,1660
2026-08-06T16:03:49.405+03:00,29.198774,V2_CHANNEL_STATUS,Recording ALT_HOLD response for 15.0 seconds,ALT_HOLD,7,1,9.739998817443848,9.99,0.15705803167618831,0.0,0.0,356.9999996891463,1500,1652,-8,0,1500,1500,1500,10.0,1.5,20.0,0.0,35.0,150.0,1660
2026-08-06T16:03:49.507+03:00,29.300710,V2_CHANNEL_STATUS,Recording ALT_HOLD response for 15.0 seconds,ALT_HOLD,7,1,9.739998817443848,9.99,0.15705803167618831,0.0,0.0,356.9999996891463,1500,1657,-3,0,1500,1500,1500,10.0,1.5,20.0,0.0,35.0,150.0,1660
2026-08-06T16:03:49.608+03:00,29.402427,V2_CHANNEL_STATUS,Recording ALT_HOLD response for 15.0 seconds,ALT_HOLD,7,1,9.739998817443848,9.99,0.15705803167618831,0.0,0.0,356.9999996891463,1500,1657,-3,0,1500,1500,1500,10.0,1.5,20.0,0.0,35.0,150.0,1660
2026-08-06T16:03:49.710+03:00,29.504009,V2_CHANNEL_STATUS,Recording ALT_HOLD response for 15.0 seconds,ALT_HOLD,7,1,9.739998817443848,9.99,0.15705803167618831,0.0,0.0,356.9999996891463,1500,1658,-2,0,1500,1500,1500,10.0,1.5,20.0,0.0,35.0,150.0,1660
2026-08-06T16:03:49.812+03:00,29.605582,V2_CHANNEL_STATUS,Recording ALT_HOLD response for 15.0 seconds,ALT_HOLD,7,1,9.739998817443848,9.99,0.15705803167618831,0.0,0.0,356.9999996891463,1500,1658,-2,0,1500,1500,1500,10.0,1.5,20.0,0.0,35.0,150.0,1660
2026-08-06T16:03:49.812+03:00,29.605838,GLOBAL_POSITION_INT,Recording ALT_HOLD response for 15.0 seconds,ALT_HOLD,7,1,9.739998817443848,9.93,-0.12270314512961016,0.0,0.0,356.9999996891463,1500,1658,-2,0,1500,1500,1500,10.0,1.5,20.0,0.0,35.0,150.0,1660
2026-08-06T16:03:49.812+03:00,29.606133,RC_CHANNELS,Recording ALT_HOLD response for 15.0 seconds,ALT_HOLD,7,1,9.739998817443848,9.93,-0.12270314512961016,0.0,0.0,356.9999996891463,1500,1658,-2,0,1500,1500,1500,10.0,1.5,20.0,0.0,35.0,150.0,1660
2026-08-06T16:03:49.914+03:00,29.707692,V2_CHANNEL_STATUS,Recording ALT_HOLD response for 15.0 seconds,ALT_HOLD,7,1,9.739998817443848,9.93,-0.12270314512961016,0.0,0.0,356.9999996891463,1500,1655,-5,0,1500,1500,1500,10.0,1.5,20.0,0.0,35.0,150.0,1660
2026-08-06T16:03:49.995+03:00,29.789163,V2_CHANNEL_STATUS,Recording ALT_HOLD response for 15.0 seconds,ALT_HOLD,7,1,9.739998817443848,9.93,-0.12270314512961016,0.0,0.0,356.9999996891463,1500,1659,-1,0,1500,1500,1500,10.0,1.5,20.0,0.0,35.0,150.0,1660
2026-08-06T16:03:50.097+03:00,29.891092,V2_CHANNEL_STATUS,Recording ALT_HOLD response for 15.0 seconds,ALT_HOLD,7,1,9.739998817443848,9.93,-0.12270314512961016,0.0,0.0,356.9999996891463,1500,1659,-1,0,1500,1500,1500,10.0,1.5,20.0,0.0,35.0,150.0,1660
2026-08-06T16:03:50.199+03:00,29.992885,V2_CHANNEL_STATUS,Recording ALT_HOLD response for 15.0 seconds,ALT_HOLD,7,1,9.739998817443848,9.93,-0.12270314512961016,0.0,0.0,356.9999996891463,1500,1662,2,0,1500,1500,1500,10.0,1.5,20.0,0.0,35.0,150.0,1660
2026-08-06T16:03:50.301+03:00,30.095274,V2_CHANNEL_STATUS,Recording ALT_HOLD response for 15.0 seconds,ALT_HOLD,7,1,9.739998817443848,9.93,-0.12270314512961016,0.0,0.0,356.9999996891463,1500,1659,-1,0,1500,1500,1500,10.0,1.5,20.0,0.0,35.0,150.0,1660
2026-08-06T16:03:50.322+03:00,30.115731,GLOBAL_POSITION_INT,Recording ALT_HOLD response for 15.0 seconds,ALT_HOLD,7,1,9.739998817443848,9.83,-0.1961253645542784,0.0,0.0,356.9999996891463,1500,1659,-1,0,1500,1500,1500,10.0,1.5,20.0,0.0,35.0,150.0,1660
2026-08-06T16:03:50.322+03:00,30.115986,RC_CHANNELS,Recording ALT_HOLD response for 15.0 seconds,ALT_HOLD,7,1,9.739998817443848,9.83,-0.1961253645542784,0.0,0.0,356.9999996891463,1500,1659,-1,0,1500,1500,1500,10.0,1.5,20.0,0.0,35.0,150.0,1660
2026-08-06T16:03:50.403+03:00,30.197332,V2_CHANNEL_STATUS,Recording ALT_HOLD response for 15.0 seconds,ALT_HOLD,7,1,9.739998817443848,9.83,-0.1961253645542784,0.0,0.0,356.9999996891463,1500,1659,-1,0,1500,1500,1500,10.0,1.5,20.0,0.0,35.0,150.0,1660
2026-08-06T16:03:50.505+03:00,30.299229,V2_CHANNEL_STATUS,Recording ALT_HOLD response for 15.0 seconds,ALT_HOLD,7,1,9.739998817443848,9.83,-0.1961253645542784,0.0,0.0,356.9999996891463,1500,1665,5,0,1500,1500,1500,10.0,1.5,20.0,0.0,35.0,150.0,1660
2026-08-06T16:03:50.607+03:00,30.400979,V2_CHANNEL_STATUS,Recording ALT_HOLD response for 15.0 seconds,ALT_HOLD,7,1,9.739998817443848,9.83,-0.1961253645542784,0.0,0.0,356.9999996891463,1500,1662,2,0,1500,1500,1500,10.0,1.5,20.0,0.0,35.0,150.0,1660
2026-08-06T16:03:50.709+03:00,30.502676,V2_CHANNEL_STATUS,Recording ALT_HOLD response for 15.0 seconds,ALT_HOLD,7,1,9.739998817443848,9.83,-0.1961253645542784,0.0,0.0,356.9999996891463,1500,1662,2,0,1500,1500,1500,10.0,1.5,20.0,0.0,35.0,150.0,1660
2026-08-06T16:03:50.810+03:00,30.604298,V2_CHANNEL_STATUS,Switching to MANUAL for landing,ALT_HOLD,7,1,9.739998817443848,9.83,-0.1961253645542784,0.0,0.0,356.9999996891463,1600,1665,5,0,1500,1500,1500,10.0,1.5,20.0,0.0,35.0,150.0,1660
2026-08-06T16:03:50.811+03:00,30.604547,GLOBAL_POSITION_INT,Switching to MANUAL for landing,ALT_HOLD,7,1,9.739998817443848,9.72,-0.22502424918376954,0.0,0.0,356.9999996891463,1600,1665,5,0,1500,1500,1500,10.0,1.5,20.0,0.0,35.0,150.0,1660
2026-08-06T16:03:50.811+03:00,30.604721,RC_CHANNELS,Switching to MANUAL for landing,ALT_HOLD,7,1,9.739998817443848,9.72,-0.22502424918376954,0.0,0.0,356.9999996891463,1600,1665,5,0,1500,1500,1500,10.0,1.5,20.0,0.0,35.0,150.0,1660
2026-08-06T16:03:50.899+03:00,30.692749,V2_CHANNEL_STATUS,Switching to MANUAL for landing,ALT_HOLD,7,1,9.739998817443848,9.72,-0.22502424918376954,0.0,0.0,356.9999996891463,1600,1600,-60,0,1500,1500,1500,10.0,1.5,20.0,0.0,35.0,150.0,1660
2026-08-06T16:03:50.997+03:00,30.791056,V2_CHANNEL_STATUS,Switching to MANUAL for landing,ALT_HOLD,7,1,9.739998817443848,9.72,-0.22502424918376954,0.0,0.0,356.9999996891463,1600,1600,-60,0,1500,1500,1500,10.0,1.5,20.0,0.0,35.0,150.0,1660
2026-08-06T16:03:51.101+03:00,30.895177,V2_CHANNEL_STATUS,Switching to MANUAL for landing,ALT_HOLD,7,1,9.739998817443848,9.72,-0.22502424918376954,0.0,0.0,356.9999996891463,1600,1600,-60,0,1500,1500,1500,10.0,1.5,20.0,0.0,35.0,150.0,1660
2026-08-06T16:03:51.199+03:00,30.993348,V2_CHANNEL_STATUS,Switching to MANUAL for landing,ALT_HOLD,7,1,9.739998817443848,9.72,-0.22502424918376954,0.0,0.0,356.9999996891463,1600,1600,-60,0,1500,1500,1500,10.0,1.5,20.0,0.0,35.0,150.0,1660
2026-08-06T16:03:51.298+03:00,31.091902,V2_CHANNEL_STATUS,Switching to MANUAL for landing,ALT_HOLD,7,1,9.739998817443848,9.72,-0.22502424918376954,0.0,0.0,356.9999996891463,1600,1600,-60,0,1500,1500,1500,10.0,1.5,20.0,0.0,35.0,150.0,1660
2026-08-06T16:03:51.313+03:00,31.107496,GLOBAL_POSITION_INT,Switching to MANUAL for landing,ALT_HOLD,7,1,9.739998817443848,9.61,-0.2187193170476257,0.0,0.0,356.9999996891463,1600,1600,-60,0,1500,1500,1500,10.0,1.5,20.0,0.0,35.0,150.0,1660
2026-08-06T16:03:51.314+03:00,31.107982,RC_CHANNELS,Switching to MANUAL for landing,ALT_HOLD,7,1,9.739998817443848,9.61,-0.2187193170476257,0.0,0.0,356.9999996891463,1600,1600,-60,0,1500,1500,1500,10.0,1.5,20.0,0.0,35.0,150.0,1660
2026-08-06T16:03:51.397+03:00,31.190835,V2_CHANNEL_STATUS,Switching to MANUAL for landing,ALT_HOLD,7,1,9.739998817443848,9.61,-0.2187193170476257,0.0,0.0,356.9999996891463,1600,1600,-60,0,1500,1500,1500,10.0,1.5,20.0,0.0,35.0,150.0,1660
2026-08-06T16:03:51.500+03:00,31.293980,V2_CHANNEL_STATUS,Switching to MANUAL for landing,ALT_HOLD,7,1,9.739998817443848,9.61,-0.2187193170476257,0.0,0.0,356.9999996891463,1600,1600,-60,0,1500,1500,1500,10.0,1.5,20.0,0.0,35.0,150.0,1660
2026-08-06T16:03:51.598+03:00,31.391870,V2_CHANNEL_STATUS,Switching to MANUAL for landing,ALT_HOLD,7,1,9.739998817443848,9.61,-0.2187193170476257,0.0,0.0,356.9999996891463,1600,1600,-60,0,1500,1500,1500,10.0,1.5,20.0,0.0,35.0,150.0,1660
2026-08-06T16:03:51.701+03:00,31.495014,V2_CHANNEL_STATUS,Switching to MANUAL for landing,ALT_HOLD,7,1,9.739998817443848,9.61,-0.2187193170476257,0.0,0.0,356.9999996891463,1600,1600,-60,0,1500,1500,1500,10.0,1.5,20.0,0.0,35.0,150.0,1660
2026-08-06T16:03:51.799+03:00,31.593358,V2_CHANNEL_STATUS,Switching to MANUAL for landing,ALT_HOLD,7,1,9.739998817443848,9.61,-0.2187193170476257,0.0,0.0,356.9999996891463,1600,1600,-60,0,1500,1500,1500,10.0,1.5,20.0,0.0,35.0,150.0,1660
2026-08-06T16:03:51.810+03:00,31.604049,GLOBAL_POSITION_INT,Waiting for touchdown,MANUAL,1,1,9.739998817443848,9.25,-0.7249981605223662,0.0,0.0,356.9999996891463,1600,1600,-60,0,1500,1500,1500,10.0,1.5,20.0,0.0,35.0,150.0,1660
2026-08-06T16:03:51.810+03:00,31.604297,RC_CHANNELS,Waiting for touchdown,MANUAL,1,1,9.739998817443848,9.25,-0.7249981605223662,0.0,0.0,356.9999996891463,1600,1600,-60,0,1500,1500,1500,10.0,1.5,20.0,0.0,35.0,150.0,1660
2026-08-06T16:03:51.898+03:00,31.692270,V2_CHANNEL_STATUS,Waiting for touchdown,MANUAL,1,1,9.739998817443848,9.25,-0.7249981605223662,0.0,0.0,356.9999996891463,1600,1600,-60,0,1500,1500,1500,10.0,1.5,20.0,0.0,35.0,150.0,1660
2026-08-06T16:03:52.002+03:00,31.795620,V2_CHANNEL_STATUS,Waiting for touchdown,MANUAL,1,1,9.739998817443848,9.25,-0.7249981605223662,0.0,0.0,356.9999996891463,1600,1600,-60,0,1500,1500,1500,10.0,1.5,20.0,0.0,35.0,150.0,1660
2026-08-06T16:03:52.100+03:00,31.894140,V2_CHANNEL_STATUS,Waiting for touchdown,MANUAL,1,1,9.739998817443848,9.25,-0.7249981605223662,0.0,0.0,356.9999996891463,1600,1600,-60,0,1500,1500,1500,10.0,1.5,20.0,0.0,35.0,150.0,1660
2026-08-06T16:03:52.203+03:00,31.997229,V2_CHANNEL_STATUS,Waiting for touchdown,MANUAL,1,1,9.739998817443848,9.25,-0.7249981605223662,0.0,0.0,356.9999996891463,1600,1600,-60,0,1500,1500,1500,10.0,1.5,20.0,0.0,35.0,150.0,1660
2026-08-06T16:03:52.301+03:00,32.095364,V2_CHANNEL_STATUS,Waiting for touchdown,MANUAL,1,1,9.739998817443848,9.25,-0.7249981605223662,0.0,0.0,356.9999996891463,1600,1600,-60,0,1500,1500,1500,10.0,1.5,20.0,0.0,35.0,150.0,1660
2026-08-06T16:03:52.312+03:00,32.105814,GLOBAL_POSITION_INT,Waiting for touchdown,MANUAL,1,1,9.739998817443848,8.55,-1.3950592080199415,0.0,0.0,356.9999996891463,1600,1600,-60,0,1500,1500,1500,10.0,1.5,20.0,0.0,35.0,150.0,1660
2026-08-06T16:03:52.312+03:00,32.106064,RC_CHANNELS,Waiting for touchdown,MANUAL,1,1,9.739998817443848,8.55,-1.3950592080199415,0.0,0.0,356.9999996891463,1600,1600,-60,0,1500,1500,1500,10.0,1.5,20.0,0.0,35.0,150.0,1660
2026-08-06T16:03:52.400+03:00,32.193841,V2_CHANNEL_STATUS,Waiting for touchdown,MANUAL,1,1,9.739998817443848,8.55,-1.3950592080199415,0.0,0.0,356.9999996891463,1600,1600,-60,0,1500,1500,1500,10.0,1.5,20.0,0.0,35.0,150.0,1660
2026-08-06T16:03:52.503+03:00,32.297280,V2_CHANNEL_STATUS,Waiting for touchdown,MANUAL,1,1,9.739998817443848,8.55,-1.3950592080199415,0.0,0.0,356.9999996891463,1600,1600,-60,0,1500,1500,1500,10.0,1.5,20.0,0.0,35.0,150.0,1660
2026-08-06T16:03:52.601+03:00,32.395205,V2_CHANNEL_STATUS,Waiting for touchdown,MANUAL,1,1,9.739998817443848,8.55,-1.3950592080199415,0.0,0.0,356.9999996891463,1600,1600,-60,0,1500,1500,1500,10.0,1.5,20.0,0.0,35.0,150.0,1660
2026-08-06T16:03:52.700+03:00,32.493574,V2_CHANNEL_STATUS,Waiting for touchdown,MANUAL,1,1,9.739998817443848,8.55,-1.3950592080199415,0.0,0.0,356.9999996891463,1600,1600,-60,0,1500,1500,1500,10.0,1.5,20.0,0.0,35.0,150.0,1660
2026-08-06T16:03:52.803+03:00,32.597085,V2_CHANNEL_STATUS,Waiting for touchdown,MANUAL,1,1,9.739998817443848,8.55,-1.3950592080199415,0.0,0.0,356.9999996891463,1600,1600,-60,0,1500,1500,1500,10.0,1.5,20.0,0.0,35.0,150.0,1660
2026-08-06T16:03:52.814+03:00,32.607557,GLOBAL_POSITION_INT,Waiting for touchdown,MANUAL,1,1,9.739998817443848,7.31,-2.4713770839176004,0.0,0.0,356.9999996891463,1600,1600,-60,0,1500,1500,1500,10.0,1.5,20.0,0.0,35.0,150.0,1660
2026-08-06T16:03:52.814+03:00,32.607794,RC_CHANNELS,Waiting for touchdown,MANUAL,1,1,9.739998817443848,7.31,-2.4713770839176004,0.0,0.0,356.9999996891463,1600,1600,-60,0,1500,1500,1500,10.0,1.5,20.0,0.0,35.0,150.0,1660
2026-08-06T16:03:52.902+03:00,32.696097,V2_CHANNEL_STATUS,Waiting for touchdown,MANUAL,1,1,9.739998817443848,7.31,-2.4713770839176004,0.0,0.0,356.9999996891463,1600,1600,-60,0,1500,1500,1500,10.0,1.5,20.0,0.0,35.0,150.0,1660
2026-08-06T16:03:53.001+03:00,32.794791,V2_CHANNEL_STATUS,Waiting for touchdown,MANUAL,1,1,9.739998817443848,7.31,-2.4713770839176004,0.0,0.0,356.9999996891463,1600,1600,-60,0,1500,1500,1500,10.0,1.5,20.0,0.0,35.0,150.0,1660
2026-08-06T16:03:53.104+03:00,32.898356,V2_CHANNEL_STATUS,Waiting for touchdown,MANUAL,1,1,9.739998817443848,7.31,-2.4713770839176004,0.0,0.0,356.9999996891463,1600,1600,-60,0,1500,1500,1500,10.0,1.5,20.0,0.0,35.0,150.0,1660
2026-08-06T16:03:53.202+03:00,32.996431,V2_CHANNEL_STATUS,Waiting for touchdown,MANUAL,1,1,9.739998817443848,7.31,-2.4713770839176004,0.0,0.0,356.9999996891463,1600,1600,-60,0,1500,1500,1500,10.0,1.5,20.0,0.0,35.0,150.0,1660
2026-08-06T16:03:53.306+03:00,33.099582,V2_CHANNEL_STATUS,Waiting for touchdown,MANUAL,1,1,9.739998817443848,7.31,-2.4713770839176004,0.0,0.0,356.9999996891463,1600,1600,-60,0,1500,1500,1500,10.0,1.5,20.0,0.0,35.0,150.0,1660
2026-08-06T16:03:53.311+03:00,33.104894,GLOBAL_POSITION_INT,Waiting for touchdown,MANUAL,1,1,9.739998817443848,5.47,-3.6997251655733248,0.0,0.0,356.9999996891463,1600,1600,-60,0,1500,1500,1500,10.0,1.5,20.0,0.0,35.0,150.0,1660
2026-08-06T16:03:53.311+03:00,33.105108,RC_CHANNELS,Waiting for touchdown,MANUAL,1,1,9.739998817443848,5.47,-3.6997251655733248,0.0,0.0,356.9999996891463,1600,1600,-60,0,1500,1500,1500,10.0,1.5,20.0,0.0,35.0,150.0,1660
2026-08-06T16:03:53.405+03:00,33.198555,V2_CHANNEL_STATUS,Waiting for touchdown,MANUAL,1,1,9.739998817443848,5.47,-3.6997251655733248,0.0,0.0,356.9999996891463,1600,1600,-60,0,1500,1500,1500,10.0,1.5,20.0,0.0,35.0,150.0,1660
2026-08-06T16:03:53.503+03:00,33.296639,V2_CHANNEL_STATUS,Waiting for touchdown,MANUAL,1,1,9.739998817443848,5.47,-3.6997251655733248,0.0,0.0,356.9999996891463,1600,1600,-60,0,1500,1500,1500,10.0,1.5,20.0,0.0,35.0,150.0,1660
2026-08-06T16:03:53.606+03:00,33.399983,V2_CHANNEL_STATUS,Waiting for touchdown,MANUAL,1,1,9.739998817443848,5.47,-3.6997251655733248,0.0,0.0,356.9999996891463,1600,1600,-60,0,1500,1500,1500,10.0,1.5,20.0,0.0,35.0,150.0,1660
2026-08-06T16:03:53.704+03:00,33.498543,V2_CHANNEL_STATUS,Waiting for touchdown,MANUAL,1,1,9.739998817443848,5.47,-3.6997251655733248,0.0,0.0,356.9999996891463,1600,1600,-60,0,1500,1500,1500,10.0,1.5,20.0,0.0,35.0,150.0,1660
2026-08-06T16:03:53.803+03:00,33.596598,V2_CHANNEL_STATUS,Waiting for touchdown,MANUAL,1,1,9.739998817443848,5.47,-3.6997251655733248,0.0,0.0,356.9999996891463,1600,1600,-60,0,1500,1500,1500,10.0,1.5,20.0,0.0,35.0,150.0,1660
2026-08-06T16:03:53.813+03:00,33.607089,GLOBAL_POSITION_INT,Waiting for touchdown,MANUAL,1,1,9.739998817443848,3.77,-3.3851383225270992,0.0,0.0,356.9999996891463,1600,1600,-60,0,1500,1500,1500,10.0,1.5,20.0,0.0,35.0,150.0,1660
2026-08-06T16:03:53.813+03:00,33.607315,RC_CHANNELS,Waiting for touchdown,MANUAL,1,1,9.739998817443848,3.77,-3.3851383225270992,0.0,0.0,356.9999996891463,1600,1600,-60,0,1500,1500,1500,10.0,1.5,20.0,0.0,35.0,150.0,1660
2026-08-06T16:03:53.906+03:00,33.700131,V2_CHANNEL_STATUS,Waiting for touchdown,MANUAL,1,1,9.739998817443848,3.77,-3.3851383225270992,0.0,0.0,356.9999996891463,1600,1600,-60,0,1500,1500,1500,10.0,1.5,20.0,0.0,35.0,150.0,1660
2026-08-06T16:03:54.005+03:00,33.798683,V2_CHANNEL_STATUS,Waiting for touchdown,MANUAL,1,1,9.739998817443848,3.77,-3.3851383225270992,0.0,0.0,356.9999996891463,1600,1600,-60,0,1500,1500,1500,10.0,1.5,20.0,0.0,35.0,150.0,1660
2026-08-06T16:03:54.108+03:00,33.901867,V2_CHANNEL_STATUS,Waiting for touchdown,MANUAL,1,1,9.739998817443848,3.77,-3.3851383225270992,0.0,0.0,356.9999996891463,1600,1600,-60,0,1500,1500,1500,10.0,1.5,20.0,0.0,35.0,150.0,1660
2026-08-06T16:03:54.206+03:00,34.000497,V2_CHANNEL_STATUS,Waiting for touchdown,MANUAL,1,1,9.739998817443848,3.77,-3.3851383225270992,0.0,0.0,356.9999996891463,1600,1600,-60,0,1500,1500,1500,10.0,1.5,20.0,0.0,35.0,150.0,1660
2026-08-06T16:03:54.304+03:00,34.098496,V2_CHANNEL_STATUS,Waiting for touchdown,MANUAL,1,1,9.739998817443848,3.77,-3.3851383225270992,0.0,0.0,356.9999996891463,1600,1600,-60,0,1500,1500,1500,10.0,1.5,20.0,0.0,35.0,150.0,1660
2026-08-06T16:03:54.315+03:00,34.108973,GLOBAL_POSITION_INT,Waiting for touchdown,MANUAL,1,1,9.739998817443848,1.33,-4.861764212178929,0.0,0.0,356.9999996891463,1600,1600,-60,0,1500,1500,1500,10.0,1.5,20.0,0.0,35.0,150.0,1660
2026-08-06T16:03:54.315+03:00,34.109308,RC_CHANNELS,Waiting for touchdown,MANUAL,1,1,9.739998817443848,1.33,-4.861764212178929,0.0,0.0,356.9999996891463,1600,1600,-60,0,1500,1500,1500,10.0,1.5,20.0,0.0,35.0,150.0,1660
2026-08-06T16:03:54.409+03:00,34.202716,V2_CHANNEL_STATUS,Waiting for touchdown,MANUAL,1,1,9.739998817443848,1.33,-4.861764212178929,0.0,0.0,356.9999996891463,1600,1600,-60,0,1500,1500,1500,10.0,1.5,20.0,0.0,35.0,150.0,1660
2026-08-06T16:03:54.507+03:00,34.301246,V2_CHANNEL_STATUS,Waiting for touchdown,MANUAL,1,1,9.739998817443848,1.33,-4.861764212178929,0.0,0.0,356.9999996891463,1600,1600,-60,0,1500,1500,1500,10.0,1.5,20.0,0.0,35.0,150.0,1660
2026-08-06T16:03:54.606+03:00,34.399669,V2_CHANNEL_STATUS,Waiting for touchdown,MANUAL,1,1,9.739998817443848,1.33,-4.861764212178929,0.0,0.0,356.9999996891463,1600,1600,-60,0,1500,1500,1500,10.0,1.5,20.0,0.0,35.0,150.0,1660
2026-08-06T16:03:54.709+03:00,34.502901,V2_CHANNEL_STATUS,Waiting for touchdown,MANUAL,1,1,9.739998817443848,1.33,-4.861764212178929,0.0,0.0,356.9999996891463,1600,1600,-60,0,1500,1500,1500,10.0,1.5,20.0,0.0,35.0,150.0,1660
2026-08-06T16:03:54.807+03:00,34.601537,V2_CHANNEL_STATUS,Waiting for touchdown,MANUAL,1,1,9.739998817443848,1.33,-4.861764212178929,0.0,0.0,356.9999996891463,1600,1600,-60,0,1500,1500,1500,10.0,1.5,20.0,0.0,35.0,150.0,1660
2026-08-06T16:03:54.813+03:00,34.606809,GLOBAL_POSITION_INT,Waiting for touchdown,MANUAL,1,1,9.739998817443848,-0.06,-2.7920296106571665,0.0,0.0,356.9999996891463,1600,1600,-60,0,1500,1500,1500,10.0,1.5,20.0,0.0,35.0,150.0,1660
2026-08-06T16:03:54.813+03:00,34.607050,RC_CHANNELS,Waiting for touchdown,MANUAL,1,1,9.739998817443848,-0.06,-2.7920296106571665,0.0,0.0,356.9999996891463,1600,1600,-60,0,1500,1500,1500,10.0,1.5,20.0,0.0,35.0,150.0,1660
2026-08-06T16:03:54.906+03:00,34.700456,V2_CHANNEL_STATUS,Waiting for touchdown,MANUAL,1,1,9.739998817443848,-0.06,-2.7920296106571665,0.0,0.0,356.9999996891463,1600,1600,-60,0,1500,1500,1500,10.0,1.5,20.0,0.0,35.0,150.0,1660
2026-08-06T16:03:55.005+03:00,34.798679,V2_CHANNEL_STATUS,Waiting for touchdown,MANUAL,1,1,9.739998817443848,-0.06,-2.7920296106571665,0.0,0.0,356.9999996891463,1600,1600,-60,0,1500,1500,1500,10.0,1.5,20.0,0.0,35.0,150.0,1660
2026-08-06T16:03:55.108+03:00,34.901936,V2_CHANNEL_STATUS,Waiting for touchdown,MANUAL,1,1,9.739998817443848,-0.06,-2.7920296106571665,0.0,0.0,356.9999996891463,1600,1600,-60,0,1500,1500,1500,10.0,1.5,20.0,0.0,35.0,150.0,1660
2026-08-06T16:03:55.206+03:00,35.000156,V2_CHANNEL_STATUS,Waiting for touchdown,MANUAL,1,1,9.739998817443848,-0.06,-2.7920296106571665,0.0,0.0,356.9999996891463,1600,1600,-60,0,1500,1500,1500,10.0,1.5,20.0,0.0,35.0,150.0,1660
2026-08-06T16:03:55.309+03:00,35.103122,V2_CHANNEL_STATUS,Waiting for touchdown,MANUAL,1,1,9.739998817443848,-0.06,-2.7920296106571665,0.0,0.0,356.9999996891463,1600,1600,-60,0,1500,1500,1500,10.0,1.5,20.0,0.0,35.0,150.0,1660
2026-08-06T16:03:55.314+03:00,35.108446,GLOBAL_POSITION_INT,Waiting for touchdown,MANUAL,1,1,9.739998817443848,-0.08,-0.03986979966170079,0.0,0.0,356.9999996891463,1600,1600,-60,0,1500,1500,1500,10.0,1.5,20.0,0.0,35.0,150.0,1660
2026-08-06T16:03:55.315+03:00,35.108778,RC_CHANNELS,Waiting for touchdown,MANUAL,1,1,9.739998817443848,-0.08,-0.03986979966170079,0.0,0.0,356.9999996891463,1600,1600,-60,0,1500,1500,1500,10.0,1.5,20.0,0.0,35.0,150.0,1660
2026-08-06T16:03:55.408+03:00,35.201798,V2_CHANNEL_STATUS,Waiting for touchdown,MANUAL,1,1,9.739998817443848,-0.08,-0.03986979966170079,0.0,0.0,356.9999996891463,1600,1600,-60,0,1500,1500,1500,10.0,1.5,20.0,0.0,35.0,150.0,1660
2026-08-06T16:03:55.506+03:00,35.300156,V2_CHANNEL_STATUS,Waiting for touchdown,MANUAL,1,1,9.739998817443848,-0.08,-0.03986979966170079,0.0,0.0,356.9999996891463,1600,1600,-60,0,1500,1500,1500,10.0,1.5,20.0,0.0,35.0,150.0,1660
2026-08-06T16:03:55.610+03:00,35.403946,V2_CHANNEL_STATUS,Waiting for touchdown,MANUAL,1,1,9.739998817443848,-0.08,-0.03986979966170079,0.0,0.0,356.9999996891463,1600,1600,-60,0,1500,1500,1500,10.0,1.5,20.0,0.0,35.0,150.0,1660
2026-08-06T16:03:55.709+03:00,35.502601,V2_CHANNEL_STATUS,Waiting for touchdown,MANUAL,1,1,9.739998817443848,-0.08,-0.03986979966170079,0.0,0.0,356.9999996891463,1600,1600,-60,0,1500,1500,1500,10.0,1.5,20.0,0.0,35.0,150.0,1660
2026-08-06T16:03:55.807+03:00,35.601307,V2_CHANNEL_STATUS,Waiting for touchdown,MANUAL,1,1,9.739998817443848,-0.08,-0.03986979966170079,0.0,0.0,356.9999996891463,1600,1600,-60,0,1500,1500,1500,10.0,1.5,20.0,0.0,35.0,150.0,1660
2026-08-06T16:03:55.813+03:00,35.606719,GLOBAL_POSITION_INT,Waiting for touchdown,MANUAL,1,1,9.739998817443848,-0.01,0.14048796696599342,0.0,0.0,356.9999996891463,1600,1600,-60,0,1500,1500,1500,10.0,1.5,20.0,0.0,35.0,150.0,1660
2026-08-06T16:03:55.813+03:00,35.607023,RC_CHANNELS,Waiting for touchdown,MANUAL,1,1,9.739998817443848,-0.01,0.14048796696599342,0.0,0.0,356.9999996891463,1600,1600,-60,0,1500,1500,1500,10.0,1.5,20.0,0.0,35.0,150.0,1660
2026-08-06T16:03:55.911+03:00,35.705271,V2_CHANNEL_STATUS,Disarming and waiting for IDLE,MANUAL,1,1,9.739998817443848,-0.01,0.14048796696599342,0.0,0.0,356.9999996891463,1000,1000,-660,1,1500,1500,1500,10.0,1.5,20.0,0.0,35.0,150.0,1660
2026-08-06T16:03:56.009+03:00,35.803475,V2_CHANNEL_STATUS,Disarming and waiting for IDLE,MANUAL,1,1,9.739998817443848,-0.01,0.14048796696599342,0.0,0.0,356.9999996891463,1000,1000,-660,1,1500,1500,1500,10.0,1.5,20.0,0.0,35.0,150.0,1660
2026-08-06T16:03:56.108+03:00,35.901743,V2_CHANNEL_STATUS,Disarming and waiting for IDLE,MANUAL,1,1,9.739998817443848,-0.01,0.14048796696599342,0.0,0.0,356.9999996891463,1000,1000,-660,1,1500,1500,1500,10.0,1.5,20.0,0.0,35.0,150.0,1660
2026-08-06T16:03:56.211+03:00,36.005029,V2_CHANNEL_STATUS,Disarming and waiting for IDLE,MANUAL,1,1,9.739998817443848,-0.01,0.14048796696599342,0.0,0.0,356.9999996891463,1000,1000,-660,1,1500,1500,1500,10.0,1.5,20.0,0.0,35.0,150.0,1660
2026-08-06T16:03:56.310+03:00,36.103620,V2_CHANNEL_STATUS,Disarming and waiting for IDLE,MANUAL,1,1,9.739998817443848,-0.01,0.14048796696599342,0.0,0.0,356.9999996891463,1000,1000,-660,1,1500,1500,1500,10.0,1.5,20.0,0.0,35.0,150.0,1660
2026-08-06T16:03:56.315+03:00,36.109028,GLOBAL_POSITION_INT,Disarming and waiting for IDLE,MANUAL,1,1,9.739998817443848,0.0,0.01990850405992684,0.0,0.0,356.9999996891463,1000,1000,-660,1,1500,1500,1500,10.0,1.5,20.0,0.0,35.0,150.0,1660
2026-08-06T16:03:56.315+03:00,36.109482,RC_CHANNELS,Disarming and waiting for IDLE,MANUAL,1,1,9.739998817443848,0.0,0.01990850405992684,0.0,0.0,356.9999996891463,1000,1000,-660,1,1500,1500,1500,10.0,1.5,20.0,0.0,35.0,150.0,1660
2026-08-06T16:03:56.409+03:00,36.202792,V2_CHANNEL_STATUS,Disarming and waiting for IDLE,MANUAL,1,1,9.739998817443848,0.0,0.01990850405992684,0.0,0.0,356.9999996891463,1000,1000,-660,1,1500,1500,1500,10.0,1.5,20.0,0.0,35.0,150.0,1660
2026-08-06T16:03:56.512+03:00,36.306176,V2_CHANNEL_STATUS,Disarming and waiting for IDLE,MANUAL,1,1,9.739998817443848,0.0,0.01990850405992684,0.0,0.0,356.9999996891463,1000,1000,-660,1,1500,1500,1500,10.0,1.5,20.0,0.0,35.0,150.0,1660
2026-08-06T16:03:56.611+03:00,36.404640,V2_CHANNEL_STATUS,Disarming and waiting for IDLE,MANUAL,1,1,9.739998817443848,0.0,0.01990850405992684,0.0,0.0,356.9999996891463,1000,1000,-660,1,1500,1500,1500,10.0,1.5,20.0,0.0,35.0,150.0,1660
2026-08-06T16:03:56.709+03:00,36.502673,V2_CHANNEL_STATUS,Disarming and waiting for IDLE,MANUAL,1,1,9.739998817443848,0.0,0.01990850405992684,0.0,0.0,356.9999996891463,1000,1000,-660,1,1500,1500,1500,10.0,1.5,20.0,0.0,35.0,150.0,1660
2026-08-06T16:03:56.823+03:00,36.616713,V2_CHANNEL_STATUS,Disarming and waiting for IDLE,IDLE,0,0,9.739998817443848,0.0,0.01990850405992684,0.0,0.0,356.9999996891463,1000,1000,-660,1,1500,1500,1500,10.0,1.5,20.0,0.0,35.0,150.0,1660
2026-08-06T16:03:56.823+03:00,36.616896,GLOBAL_POSITION_INT,Disarming and waiting for IDLE,IDLE,0,0,9.739998817443848,0.0,0.0,0.0,0.0,356.9999996891463,1000,1000,-660,1,1500,1500,1500,10.0,1.5,20.0,0.0,35.0,150.0,1660
2026-08-06T16:03:56.823+03:00,36.617082,RC_CHANNELS,Disarming and waiting for IDLE,IDLE,0,0,9.739998817443848,0.0,0.0,0.0,0.0,356.9999996891463,1000,1000,-660,1,1500,1500,1500,10.0,1.5,20.0,0.0,35.0,150.0,1660
2026-08-06T16:03:56.925+03:00,36.718716,V2_CHANNEL_STATUS,Disarming and waiting for IDLE,IDLE,0,0,9.739998817443848,0.0,0.0,0.0,0.0,356.9999996891463,1000,1000,-660,1,1500,1500,1500,10.0,1.5,20.0,0.0,35.0,150.0,1660
2026-08-06T16:03:57.026+03:00,36.820506,V2_CHANNEL_STATUS,Disarming and waiting for IDLE,IDLE,0,0,9.739998817443848,0.0,0.0,0.0,0.0,356.9999996891463,1000,1000,-660,1,1500,1500,1500,10.0,1.5,20.0,0.0,35.0,150.0,1660
2026-08-06T16:03:57.128+03:00,36.922071,V2_CHANNEL_STATUS,Disarming and waiting for IDLE,IDLE,0,0,9.739998817443848,0.0,0.0,0.0,0.0,356.9999996891463,1000,1000,-660,1,1500,1500,1500,10.0,1.5,20.0,0.0,35.0,150.0,1660
2026-08-06T16:03:57.209+03:00,37.003534,V2_CHANNEL_STATUS,Disarming and waiting for IDLE,IDLE,0,0,9.739998817443848,0.0,0.0,0.0,0.0,356.9999996891463,1000,1000,-660,1,1500,1500,1500,10.0,1.5,20.0,0.0,35.0,150.0,1660
