local_time,elapsed_s,sample_source,phase,state,state_id,armed,altitude_setpoint_m,altitude_m,vertical_speed_m_s,roll_deg,pitch_deg,yaw_deg,joystick_throttle_pwm,output_throttle_pwm,output_correction_pwm,output_saturated,output_roll_pwm,output_pitch_pwm,output_yaw_pwm,TAKEOFF_ALT,TAKEOFF_RATE,ALT_KP,ALT_KI,ALT_KD,ALT_OUT_LIMIT,HOV_BASELINE
2026-08-06T15:47:51.377+03:00,0.021658,V2_CHANNEL_STATUS,Waiting for bt-app telemetry,,,0,,,,,,,1000,1000,,0,1500,1500,1500,,,,,,,
2026-08-06T15:47:51.480+03:00,0.124544,V2_CHANNEL_STATUS,Waiting for bt-app telemetry,,,0,,,,,,,1000,1000,,0,1500,1500,1500,,,,,,,
2026-08-06T15:47:51.578+03:00,0.222345,V2_CHANNEL_STATUS,Waiting for bt-app telemetry,,,0,,,,,,,1000,1000,,0,1500,1500,1500,,,,,,,
2026-08-06T15:47:51.681+03:00,0.325566,V2_CHANNEL_STATUS,Waiting for bt-app telemetry,,,0,,,,,,,1000,1000,,0,1500,1500,1500,,,,,,,
2026-08-06T15:47:51.779+03:00,0.423649,V2_CHANNEL_STATUS,Waiting for bt-app telemetry,,,0,,,,,,,1000,1000,,0,1500,1500,1500,,,,,,,
2026-08-06T15:47:51.846+03:00,0.490692,GLOBAL_POSITION_INT,Waiting for bt-app telemetry,,,0,,0.0,,,,,1000,1000,,0,1500,1500,1500,,,,,,,
2026-08-06T15:47:51.846+03:00,0.490994,RC_CHANNELS,Waiting for bt-app telemetry,,,0,,0.0,,0.0,0.0,356.0000053531431,1000,1000,,0,1500,1500,1500,,,,,,,
2026-08-06T15:47:51.877+03:00,0.522103,V2_CHANNEL_STATUS,Waiting for bt-app telemetry,,,0,,0.0,,0.0,0.0,356.0000053531431,1000,1000,,0,1500,1500,1500,,,,,,,
2026-08-06T15:47:51.981+03:00,0.625350,V2_CHANNEL_STATUS,Waiting for bt-app telemetry,,,0,,0.0,,0.0,0.0,356.0000053531431,1000,1000,,0,1500,1500,1500,,,,,,,
2026-08-06T15:47:52.079+03:00,0.723490,V2_CHANNEL_STATUS,Waiting for bt-app telemetry,,,0,,0.0,,0.0,0.0,356.0000053531431,1000,1000,,0,1500,1500,1500,,,,,,,
2026-08-06T15:47:52.182+03:00,0.826405,V2_CHANNEL_STATUS,Waiting for bt-app telemetry,,,0,,0.0,,0.0,0.0,356.0000053531431,1000,1000,,0,1500,1500,1500,,,,,,,
2026-08-06T15:47:52.280+03:00,0.924478,V2_CHANNEL_STATUS,Waiting for bt-app telemetry,,,0,,0.0,,0.0,0.0,356.0000053531431,1000,1000,,0,1500,1500,1500,,,,,,,
2026-08-06T15:47:52.347+03:00,0.991902,GLOBAL_POSITION_INT,Waiting for bt-app telemetry,IDLE,0,0,,0.0,0.0,0.0,0.0,356.0000053531431,1000,1000,,0,1500,1500,1500,,,,,,,
2026-08-06T15:47:52.347+03:00,0.992150,RC_CHANNELS,Waiting for bt-app telemetry,IDLE,0,0,,0.0,0.0,0.0,0.0,356.0000053531431,1000,1000,,0,1500,1500,1500,,,,,,,
2026-08-06T15:47:52.379+03:00,1.023387,V2_CHANNEL_STATUS,Reading active takeoff parameters,IDLE,0,0,,0.0,0.0,0.0,0.0,356.0000053531431,1000,1000,,0,1500,1500,1500,,,20.0,0.0,20.0,,
2026-08-06T15:47:52.482+03:00,1.126821,V2_CHANNEL_STATUS,Arming in MANUAL mode,IDLE,0,0,,0.0,0.0,0.0,0.0,356.0000053531431,1000,1000,-660,1,1500,1500,1500,2.0,0.30000001192092896,20.0,0.0,20.0,150.0,1660
2026-08-06T15:47:52.580+03:00,1.224763,V2_CHANNEL_STATUS,Arming in MANUAL mode,IDLE,0,0,,0.0,0.0,0.0,0.0,356.0000053531431,1000,1000,-660,1,1500,1500,1500,2.0,0.30000001192092896,20.0,0.0,20.0,150.0,1660
2026-08-06T15:47:52.683+03:00,1.327846,V2_CHANNEL_STATUS,Arming in MANUAL mode,IDLE,0,0,,0.0,0.0,0.0,0.0,356.0000053531431,1000,1000,-660,1,1500,1500,1500,2.0,0.30000001192092896,20.0,0.0,20.0,150.0,1660
2026-08-06T15:47:52.781+03:00,1.425949,V2_CHANNEL_STATUS,Arming in MANUAL mode,IDLE,0,0,,0.0,0.0,0.0,0.0,356.0000053531431,1000,1000,-660,1,1500,1500,1500,2.0,0.30000001192092896,20.0,0.0,20.0,150.0,1660
2026-08-06T15:47:52.848+03:00,1.492854,GLOBAL_POSITION_INT,Arming in MANUAL mode,IDLE,0,0,,0.0,0.0,0.0,0.0,356.0000053531431,1000,1000,-660,1,1500,1500,1500,2.0,0.30000001192092896,20.0,0.0,20.0,150.0,1660
2026-08-06T15:47:52.848+03:00,1.493172,RC_CHANNELS,Arming in MANUAL mode,IDLE,0,0,,0.0,0.0,0.0,0.0,356.0000053531431,1000,1000,-660,1,1500,1500,1500,2.0,0.30000001192092896,20.0,0.0,20.0,150.0,1660
2026-08-06T15:47:52.880+03:00,1.524424,V2_CHANNEL_STATUS,Arming in MANUAL mode,IDLE,0,0,,0.0,0.0,0.0,0.0,356.0000053531431,1000,1000,-660,1,1500,1500,1500,2.0,0.30000001192092896,20.0,0.0,20.0,150.0,1660
2026-08-06T15:47:52.983+03:00,1.627587,V2_CHANNEL_STATUS,Arming in MANUAL mode,IDLE,0,0,,0.0,0.0,0.0,0.0,356.0000053531431,1000,1000,-660,1,1500,1500,1500,2.0,0.30000001192092896,20.0,0.0,20.0,150.0,1660
2026-08-06T15:47:53.081+03:00,1.725543,V2_CHANNEL_STATUS,Arming in MANUAL mode,IDLE,0,0,,0.0,0.0,0.0,0.0,356.0000053531431,1000,1000,-660,1,1500,1500,1500,2.0,0.30000001192092896,20.0,0.0,20.0,150.0,1660
2026-08-06T15:47:53.184+03:00,1.828795,V2_CHANNEL_STATUS,Arming in MANUAL mode,IDLE,0,0,,0.0,0.0,0.0,0.0,356.0000053531431,1000,1000,-660,1,1500,1500,1500,2.0,0.30000001192092896,20.0,0.0,20.0,150.0,1660
2026-08-06T15:47:53.282+03:00,1.926834,V2_CHANNEL_STATUS,Arming in MANUAL mode,IDLE,0,0,,0.0,0.0,0.0,0.0,356.0000053531431,1000,1000,-660,1,1500,1500,1500,2.0,0.30000001192092896,20.0,0.0,20.0,150.0,1660
2026-08-06T15:47:53.349+03:00,1.993911,GLOBAL_POSITION_INT,Arming in MANUAL mode,6,6,0,,0.0,0.0,0.0,0.0,356.0000053531431,1000,1000,-660,1,1500,1500,1500,2.0,0.30000001192092896,20.0,0.0,20.0,150.0,1660
2026-08-06T15:47:53.350+03:00,1.994239,RC_CHANNELS,Arming in MANUAL mode,6,6,0,,0.0,0.0,0.0,0.0,356.0000053531431,1000,1000,-660,1,1500,1500,1500,2.0,0.30000001192092896,20.0,0.0,20.0,150.0,1660
2026-08-06T15:47:53.381+03:00,2.025515,V2_CHANNEL_STATUS,Arming in MANUAL mode,6,6,0,,0.0,0.0,0.0,0.0,356.0000053531431,1000,1000,-660,1,1500,1500,1500,2.0,0.30000001192092896,20.0,0.0,20.0,150.0,1660
2026-08-06T15:47:53.484+03:00,2.128489,V2_CHANNEL_STATUS,Arming in MANUAL mode,6,6,0,,0.0,0.0,0.0,0.0,356.0000053531431,1000,1000,-660,1,1500,1500,1500,2.0,0.30000001192092896,20.0,0.0,20.0,150.0,1660
2026-08-06T15:47:53.582+03:00,2.226741,V2_CHANNEL_STATUS,Arming in MANUAL mode,6,6,0,,0.0,0.0,0.0,0.0,356.0000053531431,1000,1000,-660,1,1500,1500,1500,2.0,0.30000001192092896,20.0,0.0,20.0,150.0,1660
2026-08-06T15:47:53.685+03:00,2.329915,V2_CHANNEL_STATUS,Arming in MANUAL mode,6,6,0,,0.0,0.0,0.0,0.0,356.0000053531431,1000,1000,-660,1,1500,1500,1500,2.0,0.30000001192092896,20.0,0.0,20.0,150.0,1660
2026-08-06T15:47:53.783+03:00,2.427919,V2_CHANNEL_STATUS,Arming in MANUAL mode,6,6,0,,0.0,0.0,0.0,0.0,356.0000053531431,1000,1000,-660,1,1500,1500,1500,2.0,0.30000001192092896,20.0,0.0,20.0,150.0,1660
2026-08-06T15:47:53.850+03:00,2.495000,GLOBAL_POSITION_INT,Arming in MANUAL mode,6,6,0,,0.0,0.0,0.0,0.0,356.0000053531431,1000,1000,-660,1,1500,1500,1500,2.0,0.30000001192092896,20.0,0.0,20.0,150.0,1660
2026-08-06T15:47:53.851+03:00,2.495230,RC_CHANNELS,Arming in MANUAL mode,6,6,0,,0.0,0.0,0.0,0.0,356.0000053531431,1000,1000,-660,1,1500,1500,1500,2.0,0.30000001192092896,20.0,0.0,20.0,150.0,1660
2026-08-06T15:47:53.882+03:00,2.526403,V2_CHANNEL_STATUS,Arming in MANUAL mode,6,6,0,,0.0,0.0,0.0,0.0,356.0000053531431,1000,1000,-660,1,1500,1500,1500,2.0,0.30000001192092896,20.0,0.0,20.0,150.0,1660
2026-08-06T15:47:53.985+03:00,2.629707,V2_CHANNEL_STATUS,Arming in MANUAL mode,6,6,0,,0.0,0.0,0.0,0.0,356.0000053531431,1000,1000,-660,1,1500,1500,1500,2.0,0.30000001192092896,20.0,0.0,20.0,150.0,1660
2026-08-06T15:47:54.083+03:00,2.727741,V2_CHANNEL_STATUS,Arming in MANUAL mode,6,6,0,,0.0,0.0,0.0,0.0,356.0000053531431,1000,1000,-660,1,1500,1500,1500,2.0,0.30000001192092896,20.0,0.0,20.0,150.0,1660
2026-08-06T15:47:54.186+03:00,2.830797,V2_CHANNEL_STATUS,Arming in MANUAL mode,6,6,0,,0.0,0.0,0.0,0.0,356.0000053531431,1000,1000,-660,1,1500,1500,1500,2.0,0.30000001192092896,20.0,0.0,20.0,150.0,1660
2026-08-06T15:47:54.284+03:00,2.928548,V2_CHANNEL_STATUS,Arming in MANUAL mode,6,6,0,,0.0,0.0,0.0,0.0,356.0000053531431,1000,1000,-660,1,1500,1500,1500,2.0,0.30000001192092896,20.0,0.0,20.0,150.0,1660
2026-08-06T15:47:54.351+03:00,2.995883,GLOBAL_POSITION_INT,Arming in MANUAL mode,6,6,0,,0.0,0.0,0.0,0.0,356.0000053531431,1000,1000,-660,1,1500,1500,1500,2.0,0.30000001192092896,20.0,0.0,20.0,150.0,1660
2026-08-06T15:47:54.351+03:00,2.996127,RC_CHANNELS,Arming in MANUAL mode,6,6,0,,0.0,0.0,0.0,0.0,356.0000053531431,1000,1000,-660,1,1500,1500,1500,2.0,0.30000001192092896,20.0,0.0,20.0,150.0,1660
2026-08-06T15:47:54.382+03:00,3.027058,V2_CHANNEL_STATUS,Arming in MANUAL mode,6,6,0,,0.0,0.0,0.0,0.0,356.0000053531431,1000,1000,-660,1,1500,1500,1500,2.0,0.30000001192092896,20.0,0.0,20.0,150.0,1660
2026-08-06T15:47:54.485+03:00,3.130142,V2_CHANNEL_STATUS,Arming in MANUAL mode,6,6,0,,0.0,0.0,0.0,0.0,356.0000053531431,1000,1000,-660,1,1500,1500,1500,2.0,0.30000001192092896,20.0,0.0,20.0,150.0,1660
2026-08-06T15:47:54.583+03:00,3.227897,V2_CHANNEL_STATUS,Arming in MANUAL mode,6,6,0,,0.0,0.0,0.0,0.0,356.0000053531431,1000,1000,-660,1,1500,1500,1500,2.0,0.30000001192092896,20.0,0.0,20.0,150.0,1660
2026-08-06T15:47:54.686+03:00,3.330926,V2_CHANNEL_STATUS,Arming in MANUAL mode,6,6,0,,0.0,0.0,0.0,0.0,356.0000053531431,1000,1000,-660,1,1500,1500,1500,2.0,0.30000001192092896,20.0,0.0,20.0,150.0,1660
2026-08-06T15:47:54.785+03:00,3.429375,V2_CHANNEL_STATUS,Arming in MANUAL mode,6,6,0,,0.0,0.0,0.0,0.0,356.0000053531431,1000,1000,-660,1,1500,1500,1500,2.0,0.30000001192092896,20.0,0.0,20.0,150.0,1660
2026-08-06T15:47:54.847+03:00,3.491517,GLOBAL_POSITION_INT,Arming in MANUAL mode,6,6,0,,0.0,0.0,0.0,0.0,356.0000053531431,1000,1000,-660,1,1500,1500,1500,2.0,0.30000001192092896,20.0,0.0,20.0,150.0,1660
2026-08-06T15:47:54.847+03:00,3.491773,RC_CHANNELS,Arming in MANUAL mode,6,6,0,,0.0,0.0,0.0,0.0,356.0000053531431,1000,1000,-660,1,1500,1500,1500,2.0,0.30000001192092896,20.0,0.0,20.0,150.0,1660
2026-08-06T15:47:54.888+03:00,3.532903,V2_CHANNEL_STATUS,Arming in MANUAL mode,6,6,0,,0.0,0.0,0.0,0.0,356.0000053531431,1000,1000,-660,1,1500,1500,1500,2.0,0.30000001192092896,20.0,0.0,20.0,150.0,1660
2026-08-06T15:47:54.987+03:00,3.631433,V2_CHANNEL_STATUS,Arming in MANUAL mode,6,6,0,,0.0,0.0,0.0,0.0,356.0000053531431,1000,1000,-660,1,1500,1500,1500,2.0,0.30000001192092896,20.0,0.0,20.0,150.0,1660
2026-08-06T15:47:55.085+03:00,3.729286,V2_CHANNEL_STATUS,Arming in MANUAL mode,6,6,0,,0.0,0.0,0.0,0.0,356.0000053531431,1000,1000,-660,1,1500,1500,1500,2.0,0.30000001192092896,20.0,0.0,20.0,150.0,1660
2026-08-06T15:47:55.188+03:00,3.832287,V2_CHANNEL_STATUS,Arming in MANUAL mode,6,6,0,,0.0,0.0,0.0,0.0,356.0000053531431,1000,1000,-660,1,1500,1500,1500,2.0,0.30000001192092896,20.0,0.0,20.0,150.0,1660
2026-08-06T15:47:55.286+03:00,3.930237,V2_CHANNEL_STATUS,Arming in MANUAL mode,6,6,0,,0.0,0.0,0.0,0.0,356.0000053531431,1000,1000,-660,1,1500,1500,1500,2.0,0.30000001192092896,20.0,0.0,20.0,150.0,1660
2026-08-06T15:47:55.348+03:00,3.992359,GLOBAL_POSITION_INT,Arming in MANUAL mode,6,6,0,,0.0,0.0,0.0,0.0,356.0000053531431,1000,1000,-660,1,1500,1500,1500,2.0,0.30000001192092896,20.0,0.0,20.0,150.0,1660
2026-08-06T15:47:55.348+03:00,3.992660,RC_CHANNELS,Arming in MANUAL mode,6,6,0,,0.0,0.0,0.0,0.0,356.0000053531431,1000,1000,-660,1,1500,1500,1500,2.0,0.30000001192092896,20.0,0.0,20.0,150.0,1660
2026-08-06T15:47:55.384+03:00,4.028910,V2_CHANNEL_STATUS,Arming in MANUAL mode,6,6,0,,0.0,0.0,0.0,0.0,356.0000053531431,1000,1000,-660,1,1500,1500,1500,2.0,0.30000001192092896,20.0,0.0,20.0,150.0,1660
2026-08-06T15:47:55.488+03:00,4.132575,V2_CHANNEL_STATUS,Arming in MANUAL mode,6,6,0,,0.0,0.0,0.0,0.0,356.0000053531431,1000,1000,-660,1,1500,1500,1500,2.0,0.30000001192092896,20.0,0.0,20.0,150.0,1660
2026-08-06T15:47:55.586+03:00,4.230809,V2_CHANNEL_STATUS,Arming in MANUAL mode,6,6,0,,0.0,0.0,0.0,0.0,356.0000053531431,1000,1000,-660,1,1500,1500,1500,2.0,0.30000001192092896,20.0,0.0,20.0,150.0,1660
2026-08-06T15:47:55.689+03:00,4.333965,V2_CHANNEL_STATUS,Arming in MANUAL mode,6,6,0,,0.0,0.0,0.0,0.0,356.0000053531431,1000,1000,-660,1,1500,1500,1500,2.0,0.30000001192092896,20.0,0.0,20.0,150.0,1660
2026-08-06T15:47:55.788+03:00,4.432388,V2_CHANNEL_STATUS,Arming in MANUAL mode,6,6,0,,0.0,0.0,0.0,0.0,356.0000053531431,1000,1000,-660,1,1500,1500,1500,2.0,0.30000001192092896,20.0,0.0,20.0,150.0,1660
2026-08-06T15:47:55.850+03:00,4.495109,GLOBAL_POSITION_INT,Arming in MANUAL mode,6,6,0,,0.0,0.0,0.0,0.0,356.0000053531431,1000,1000,-660,1,1500,1500,1500,2.0,0.30000001192092896,20.0,0.0,20.0,150.0,1660
2026-08-06T15:47:55.851+03:00,4.495354,RC_CHANNELS,Arming in MANUAL mode,6,6,0,,0.0,0.0,0.0,0.0,356.0000053531431,1000,1000,-660,1,1500,1500,1500,2.0,0.30000001192092896,20.0,0.0,20.0,150.0,1660
2026-08-06T15:47:55.887+03:00,4.531360,V2_CHANNEL_STATUS,Arming in MANUAL mode,6,6,0,,0.0,0.0,0.0,0.0,356.0000053531431,1000,1000,-660,1,1500,1500,1500,2.0,0.30000001192092896,20.0,0.0,20.0,150.0,1660
2026-08-06T15:47:55.990+03:00,4.634456,V2_CHANNEL_STATUS,Arming in MANUAL mode,6,6,0,,0.0,0.0,0.0,0.0,356.0000053531431,1000,1000,-660,1,1500,1500,1500,2.0,0.30000001192092896,20.0,0.0,20.0,150.0,1660
2026-08-06T15:47:56.088+03:00,4.732732,V2_CHANNEL_STATUS,Arming in MANUAL mode,6,6,0,,0.0,0.0,0.0,0.0,356.0000053531431,1000,1000,-660,1,1500,1500,1500,2.0,0.30000001192092896,20.0,0.0,20.0,150.0,1660
2026-08-06T15:47:56.186+03:00,4.830798,V2_CHANNEL_STATUS,Arming in MANUAL mode,6,6,0,,0.0,0.0,0.0,0.0,356.0000053531431,1000,1000,-660,1,1500,1500,1500,2.0,0.30000001192092896,20.0,0.0,20.0,150.0,1660
2026-08-06T15:47:56.289+03:00,4.933687,V2_CHANNEL_STATUS,Arming in MANUAL mode,6,6,0,,0.0,0.0,0.0,0.0,356.0000053531431,1000,1000,-660,1,1500,1500,1500,2.0,0.30000001192092896,20.0,0.0,20.0,150.0,1660
2026-08-06T15:47:56.352+03:00,4.996504,GLOBAL_POSITION_INT,Requesting automatic takeoff from MANUAL,MANUAL,1,1,,0.0,0.0,0.0,0.0,356.0000053531431,1000,1000,-660,1,1500,1500,1500,2.0,0.30000001192092896,20.0,0.0,20.0,150.0,1660
2026-08-06T15:47:56.352+03:00,4.996737,RC_CHANNELS,Requesting automatic takeoff from MANUAL,MANUAL,1,1,,0.0,0.0,0.0,0.0,356.0000053531431,1000,1000,-660,1,1500,1500,1500,2.0,0.30000001192092896,20.0,0.0,20.0,150.0,1660
2026-08-06T15:47:56.388+03:00,5.033115,V2_CHANNEL_STATUS,Requesting automatic takeoff from MANUAL,MANUAL,1,1,,0.0,0.0,0.0,0.0,356.0000053531431,1000,1660,0,0,1500,1500,1500,2.0,0.30000001192092896,20.0,0.0,20.0,150.0,1660
2026-08-06T15:47:56.492+03:00,5.136420,V2_CHANNEL_STATUS,Requesting automatic takeoff from MANUAL,MANUAL,1,1,,0.0,0.0,0.0,0.0,356.0000053531431,1000,1660,0,0,1500,1500,1500,2.0,0.30000001192092896,20.0,0.0,20.0,150.0,1660
2026-08-06T15:47:56.590+03:00,5.234654,V2_CHANNEL_STATUS,Requesting automatic takeoff from MANUAL,MANUAL,1,1,,0.0,0.0,0.0,0.0,356.0000053531431,1000,1661,1,0,1500,1500,1500,2.0,0.30000001192092896,20.0,0.0,20.0,150.0,1660
2026-08-06T15:47:56.688+03:00,5.332655,V2_CHANNEL_STATUS,Requesting automatic takeoff from MANUAL,MANUAL,1,1,,0.0,0.0,0.0,0.0,356.0000053531431,1000,1661,1,0,1500,1500,1500,2.0,0.30000001192092896,20.0,0.0,20.0,150.0,1660
2026-08-06T15:47:56.791+03:00,5.435788,V2_CHANNEL_STATUS,Requesting automatic takeoff from MANUAL,MANUAL,1,1,,0.0,0.0,0.0,0.0,356.0000053531431,1000,1662,2,0,1500,1500,1500,2.0,0.30000001192092896,20.0,0.0,20.0,150.0,1660
2026-08-06T15:47:56.848+03:00,5.492816,GLOBAL_POSITION_INT,Requesting automatic takeoff from MANUAL,MANUAL,1,1,,0.0,0.0,0.0,0.0,356.0000053531431,1000,1662,2,0,1500,1500,1500,2.0,0.30000001192092896,20.0,0.0,20.0,150.0,1660
2026-08-06T15:47:56.848+03:00,5.493060,RC_CHANNELS,Requesting automatic takeoff from MANUAL,MANUAL,1,1,,0.0,0.0,0.0,0.0,356.0000053531431,1000,1662,2,0,1500,1500,1500,2.0,0.30000001192092896,20.0,0.0,20.0,150.0,1660
2026-08-06T15:47:56.889+03:00,5.534131,V2_CHANNEL_STATUS,Requesting automatic takeoff from MANUAL,MANUAL,1,1,,0.0,0.0,0.0,0.0,356.0000053531431,1000,1663,3,0,1500,1500,1500,2.0,0.30000001192092896,20.0,0.0,20.0,150.0,1660
2026-08-06T15:47:56.993+03:00,5.637231,V2_CHANNEL_STATUS,Requesting automatic takeoff from MANUAL,MANUAL,1,1,,0.0,0.0,0.0,0.0,356.0000053531431,1000,1663,3,0,1500,1500,1500,2.0,0.30000001192092896,20.0,0.0,20.0,150.0,1660
2026-08-06T15:47:57.090+03:00,5.735025,V2_CHANNEL_STATUS,Requesting automatic takeoff from MANUAL,MANUAL,1,1,,0.0,0.0,0.0,0.0,356.0000053531431,1000,1664,4,0,1500,1500,1500,2.0,0.30000001192092896,20.0,0.0,20.0,150.0,1660
2026-08-06T15:47:57.188+03:00,5.833046,V2_CHANNEL_STATUS,Requesting automatic takeoff from MANUAL,MANUAL,1,1,,0.0,0.0,0.0,0.0,356.0000053531431,1000,1664,4,0,1500,1500,1500,2.0,0.30000001192092896,20.0,0.0,20.0,150.0,1660
2026-08-06T15:47:57.291+03:00,5.935980,V2_CHANNEL_STATUS,Requesting automatic takeoff from MANUAL,MANUAL,1,1,,0.0,0.0,0.0,0.0,356.0000053531431,1000,1665,5,0,1500,1500,1500,2.0,0.30000001192092896,20.0,0.0,20.0,150.0,1660
2026-08-06T15:47:57.349+03:00,5.993246,GLOBAL_POSITION_INT,Requesting automatic takeoff from MANUAL,TAKEOFF,5,1,,0.0,0.0,0.0,0.0,356.0000053531431,1000,1665,5,0,1500,1500,1500,2.0,0.30000001192092896,20.0,0.0,20.0,150.0,1660
2026-08-06T15:47:57.349+03:00,5.993485,RC_CHANNELS,Requesting automatic takeoff from MANUAL,TAKEOFF,5,1,,0.0,0.0,0.0,0.0,356.0000053531431,1000,1665,5,0,1500,1500,1500,2.0,0.30000001192092896,20.0,0.0,20.0,150.0,1660
2026-08-06T15:47:57.390+03:00,6.034641,V2_CHANNEL_STATUS,Recording TAKEOFF until ALT_HOLD,TAKEOFF,5,1,,0.0,0.0,0.0,0.0,356.0000053531431,1000,1666,6,0,1500,1500,1500,2.0,0.30000001192092896,20.0,0.0,20.0,150.0,1660
2026-08-06T15:47:57.493+03:00,6.137627,V2_CHANNEL_STATUS,Recording TAKEOFF until ALT_HOLD,TAKEOFF,5,1,,0.0,0.0,0.0,0.0,356.0000053531431,1000,1666,6,0,1500,1500,1500,2.0,0.30000001192092896,20.0,0.0,20.0,150.0,1660
2026-08-06T15:47:57.591+03:00,6.235421,V2_CHANNEL_STATUS,Recording TAKEOFF until ALT_HOLD,TAKEOFF,5,1,,0.0,0.0,0.0,0.0,356.0000053531431,1000,1667,7,0,1500,1500,1500,2.0,0.30000001192092896,20.0,0.0,20.0,150.0,1660
2026-08-06T15:47:57.694+03:00,6.338570,V2_CHANNEL_STATUS,Recording TAKEOFF until ALT_HOLD,TAKEOFF,5,1,,0.0,0.0,0.0,0.0,356.0000053531431,1000,1667,7,0,1500,1500,1500,2.0,0.30000001192092896,20.0,0.0,20.0,150.0,1660
2026-08-06T15:47:57.792+03:00,6.436596,V2_CHANNEL_STATUS,Recording TAKEOFF until ALT_HOLD,TAKEOFF,5,1,,0.0,0.0,0.0,0.0,356.0000053531431,1000,1668,8,0,1500,1500,1500,2.0,0.30000001192092896,20.0,0.0,20.0,150.0,1660
2026-08-06T15:47:57.849+03:00,6.493392,GLOBAL_POSITION_INT,Recording TAKEOFF until ALT_HOLD,TAKEOFF,5,1,,0.0,0.0,0.0,0.0,356.0000053531431,1000,1668,8,0,1500,1500,1500,2.0,0.30000001192092896,20.0,0.0,20.0,150.0,1660
2026-08-06T15:47:57.849+03:00,6.493656,RC_CHANNELS,Recording TAKEOFF until ALT_HOLD,TAKEOFF,5,1,,0.0,0.0,0.0,0.0,356.0000053531431,1000,1668,8,0,1500,1500,1500,2.0,0.30000001192092896,20.0,0.0,20.0,150.0,1660
2026-08-06T15:47:57.890+03:00,6.534753,V2_CHANNEL_STATUS,Recording TAKEOFF until ALT_HOLD,TAKEOFF,5,1,,0.0,0.0,0.0,0.0,356.0000053531431,1000,1669,9,0,1500,1500,1500,2.0,0.30000001192092896,20.0,0.0,20.0,150.0,1660
2026-08-06T15:47:57.994+03:00,6.638355,V2_CHANNEL_STATUS,Recording TAKEOFF until ALT_HOLD,TAKEOFF,5,1,,0.0,0.0,0.0,0.0,356.0000053531431,1000,1669,9,0,1500,1500,1500,2.0,0.30000001192092896,20.0,0.0,20.0,150.0,1660
2026-08-06T15:47:58.092+03:00,6.736272,V2_CHANNEL_STATUS,Recording TAKEOFF until ALT_HOLD,TAKEOFF,5,1,,0.0,0.0,0.0,0.0,356.0000053531431,1000,1670,10,0,1500,1500,1500,2.0,0.30000001192092896,20.0,0.0,20.0,150.0,1660
2026-08-06T15:47:58.195+03:00,6.839323,V2_CHANNEL_STATUS,Recording TAKEOFF until ALT_HOLD,TAKEOFF,5,1,,0.0,0.0,0.0,0.0,356.0000053531431,1000,1666,6,0,1500,1500,1500,2.0,0.30000001192092896,20.0,0.0,20.0,150.0,1660
2026-08-06T15:47:58.292+03:00,6.937032,V2_CHANNEL_STATUS,Recording TAKEOFF until ALT_HOLD,TAKEOFF,5,1,,0.0,0.0,0.0,0.0,356.0000053531431,1000,1666,6,0,1500,1500,1500,2.0,0.30000001192092896,20.0,0.0,20.0,150.0,1660
2026-08-06T15:47:58.349+03:00,6.993867,GLOBAL_POSITION_INT,Recording TAKEOFF until ALT_HOLD,TAKEOFF,5,1,,0.06,0.11988531627494431,0.0,0.0,356.0000053531431,1000,1666,6,0,1500,1500,1500,2.0,0.30000001192092896,20.0,0.0,20.0,150.0,1660
2026-08-06T15:47:58.349+03:00,6.994088,RC_CHANNELS,Recording TAKEOFF until ALT_HOLD,TAKEOFF,5,1,,0.06,0.11988531627494431,0.0,0.0,356.0000053531431,1000,1666,6,0,1500,1500,1500,2.0,0.30000001192092896,20.0,0.0,20.0,150.0,1660
2026-08-06T15:47:58.391+03:00,7.035492,V2_CHANNEL_STATUS,Recording TAKEOFF until ALT_HOLD,TAKEOFF,5,1,,0.06,0.11988531627494431,0.0,0.0,356.0000053531431,1000,1666,6,0,1500,1500,1500,2.0,0.30000001192092896,20.0,0.0,20.0,150.0,1660
2026-08-06T15:47:58.494+03:00,7.138696,V2_CHANNEL_STATUS,Recording TAKEOFF until ALT_HOLD,TAKEOFF,5,1,,0.06,0.11988531627494431,0.0,0.0,356.0000053531431,1000,1668,8,0,1500,1500,1500,2.0,0.30000001192092896,20.0,0.0,20.0,150.0,1660
2026-08-06T15:47:58.592+03:00,7.236566,V2_CHANNEL_STATUS,Recording TAKEOFF until ALT_HOLD,TAKEOFF,5,1,,0.06,0.11988531627494431,0.0,0.0,356.0000053531431,1000,1669,9,0,1500,1500,1500,2.0,0.30000001192092896,20.0,0.0,20.0,150.0,1660
2026-08-06T15:47:58.695+03:00,7.339831,V2_CHANNEL_STATUS,Recording TAKEOFF until ALT_HOLD,TAKEOFF,5,1,,0.06,0.11988531627494431,0.0,0.0,356.0000053531431,1000,1666,6,0,1500,1500,1500,2.0,0.30000001192092896,20.0,0.0,20.0,150.0,1660
2026-08-06T15:47:58.793+03:00,7.437720,V2_CHANNEL_STATUS,Recording TAKEOFF until ALT_HOLD,TAKEOFF,5,1,,0.06,0.11988531627494431,0.0,0.0,356.0000053531431,1000,1666,6,0,1500,1500,1500,2.0,0.30000001192092896,20.0,0.0,20.0,150.0,1660
2026-08-06T15:47:58.850+03:00,7.494269,GLOBAL_POSITION_INT,Recording TAKEOFF until ALT_HOLD,TAKEOFF,5,1,,0.2,0.2797762354777839,0.0,0.0,356.0000053531431,1000,1666,6,0,1500,1500,1500,2.0,0.30000001192092896,20.0,0.0,20.0,150.0,1660
2026-08-06T15:47:58.850+03:00,7.494502,RC_CHANNELS,Recording TAKEOFF until ALT_HOLD,TAKEOFF,5,1,,0.2,0.2797762354777839,0.0,0.0,356.0000053531431,1000,1666,6,0,1500,1500,1500,2.0,0.30000001192092896,20.0,0.0,20.0,150.0,1660
2026-08-06T15:47:58.891+03:00,7.535910,V2_CHANNEL_STATUS,Recording TAKEOFF until ALT_HOLD,TAKEOFF,5,1,,0.2,0.2797762354777839,0.0,0.0,356.0000053531431,1000,1662,2,0,1500,1500,1500,2.0,0.30000001192092896,20.0,0.0,20.0,150.0,1660
2026-08-06T15:47:58.994+03:00,7.638813,V2_CHANNEL_STATUS,Recording TAKEOFF until ALT_HOLD,TAKEOFF,5,1,,0.2,0.2797762354777839,0.0,0.0,356.0000053531431,1000,1663,3,0,1500,1500,1500,2.0,0.30000001192092896,20.0,0.0,20.0,150.0,1660
2026-08-06T15:47:59.092+03:00,7.736651,V2_CHANNEL_STATUS,Recording TAKEOFF until ALT_HOLD,TAKEOFF,5,1,,0.2,0.2797762354777839,0.0,0.0,356.0000053531431,1000,1666,6,0,1500,1500,1500,2.0,0.30000001192092896,20.0,0.0,20.0,150.0,1660
2026-08-06T15:47:59.195+03:00,7.839664,V2_CHANNEL_STATUS,Recording TAKEOFF until ALT_HOLD,TAKEOFF,5,1,,0.2,0.2797762354777839,0.0,0.0,356.0000053531431,1000,1666,6,0,1500,1500,1500,2.0,0.30000001192092896,20.0,0.0,20.0,150.0,1660
2026-08-06T15:47:59.293+03:00,7.937766,V2_CHANNEL_STATUS,Recording TAKEOFF until ALT_HOLD,TAKEOFF,5,1,,0.2,0.2797762354777839,0.0,0.0,356.0000053531431,1000,1664,4,0,1500,1500,1500,2.0,0.30000001192092896,20.0,0.0,20.0,150.0,1660
2026-08-06T15:47:59.350+03:00,7.994736,GLOBAL_POSITION_INT,Recording TAKEOFF until ALT_HOLD,TAKEOFF,5,1,,0.38,0.359664380668095,0.0,0.0,356.0000053531431,1000,1664,4,0,1500,1500,1500,2.0,0.30000001192092896,20.0,0.0,20.0,150.0,1660
2026-08-06T15:47:59.350+03:00,7.995011,RC_CHANNELS,Recording TAKEOFF until ALT_HOLD,TAKEOFF,5,1,,0.38,0.359664380668095,0.0,0.0,356.0000053531431,1000,1664,4,0,1500,1500,1500,2.0,0.30000001192092896,20.0,0.0,20.0,150.0,1660
2026-08-06T15:47:59.397+03:00,8.041520,V2_CHANNEL_STATUS,Recording TAKEOFF until ALT_HOLD,TAKEOFF,5,1,,0.38,0.359664380668095,0.0,0.0,356.0000053531431,1000,1661,1,0,1500,1500,1500,2.0,0.30000001192092896,20.0,0.0,20.0,150.0,1660
2026-08-06T15:47:59.495+03:00,8.139481,V2_CHANNEL_STATUS,Recording TAKEOFF until ALT_HOLD,TAKEOFF,5,1,,0.38,0.359664380668095,0.0,0.0,356.0000053531431,1000,1661,1,0,1500,1500,1500,2.0,0.30000001192092896,20.0,0.0,20.0,150.0,1660
2026-08-06T15:47:59.593+03:00,8.237647,V2_CHANNEL_STATUS,Recording TAKEOFF until ALT_HOLD,TAKEOFF,5,1,,0.38,0.359664380668095,0.0,0.0,356.0000053531431,1000,1668,8,0,1500,1500,1500,2.0,0.30000001192092896,20.0,0.0,20.0,150.0,1660
2026-08-06T15:47:59.693+03:00,8.337459,V2_CHANNEL_STATUS,Recording TAKEOFF until ALT_HOLD,TAKEOFF,5,1,,0.38,0.359664380668095,0.0,0.0,356.0000053531431,1000,1668,8,0,1500,1500,1500,2.0,0.30000001192092896,20.0,0.0,20.0,150.0,1660
2026-08-06T15:47:59.796+03:00,8.440972,V2_CHANNEL_STATUS,Recording TAKEOFF until ALT_HOLD,TAKEOFF,5,1,,0.38,0.359664380668095,0.0,0.0,356.0000053531431,1000,1663,3,0,1500,1500,1500,2.0,0.30000001192092896,20.0,0.0,20.0,150.0,1660
2026-08-06T15:47:59.853+03:00,8.497810,GLOBAL_POSITION_INT,Recording TAKEOFF until ALT_HOLD,TAKEOFF,5,1,,0.47,0.17890048689631977,0.0,0.0,356.0000053531431,1000,1663,3,0,1500,1500,1500,2.0,0.30000001192092896,20.0,0.0,20.0,150.0,1660
2026-08-06T15:47:59.853+03:00,8.498073,RC_CHANNELS,Recording TAKEOFF until ALT_HOLD,TAKEOFF,5,1,,0.47,0.17890048689631977,0.0,0.0,356.0000053531431,1000,1663,3,0,1500,1500,1500,2.0,0.30000001192092896,20.0,0.0,20.0,150.0,1660
2026-08-06T15:47:59.895+03:00,8.539405,V2_CHANNEL_STATUS,Recording TAKEOFF until ALT_HOLD,TAKEOFF,5,1,,0.47,0.17890048689631977,0.0,0.0,356.0000053531431,1000,1664,4,0,1500,1500,1500,2.0,0.30000001192092896,20.0,0.0,20.0,150.0,1660
2026-08-06T15:47:59.998+03:00,8.642660,V2_CHANNEL_STATUS,Recording TAKEOFF until ALT_HOLD,TAKEOFF,5,1,,0.47,0.17890048689631977,0.0,0.0,356.0000053531431,1000,1660,0,0,1500,1500,1500,2.0,0.30000001192092896,20.0,0.0,20.0,150.0,1660
2026-08-06T15:48:00.096+03:00,8.740772,V2_CHANNEL_STATUS,Recording TAKEOFF until ALT_HOLD,TAKEOFF,5,1,,0.47,0.17890048689631977,0.0,0.0,356.0000053531431,1000,1660,0,0,1500,1500,1500,2.0,0.30000001192092896,20.0,0.0,20.0,150.0,1660
2026-08-06T15:48:00.194+03:00,8.838523,V2_CHANNEL_STATUS,Recording TAKEOFF until ALT_HOLD,TAKEOFF,5,1,,0.47,0.17890048689631977,0.0,0.0,356.0000053531431,1000,1661,1,0,1500,1500,1500,2.0,0.30000001192092896,20.0,0.0,20.0,150.0,1660
2026-08-06T15:48:00.297+03:00,8.941577,V2_CHANNEL_STATUS,Recording TAKEOFF until ALT_HOLD,TAKEOFF,5,1,,0.47,0.17890048689631977,0.0,0.0,356.0000053531431,1000,1657,-3,0,1500,1500,1500,2.0,0.30000001192092896,20.0,0.0,20.0,150.0,1660
2026-08-06T15:48:00.354+03:00,8.998492,GLOBAL_POSITION_INT,Recording TAKEOFF until ALT_HOLD,TAKEOFF,5,1,,0.75,0.5592356188266803,0.0,0.0,356.0000053531431,1000,1657,-3,0,1500,1500,1500,2.0,0.30000001192092896,20.0,0.0,20.0,150.0,1660
2026-08-06T15:48:00.354+03:00,8.998718,RC_CHANNELS,Recording TAKEOFF until ALT_HOLD,TAKEOFF,5,1,,0.75,0.5592356188266803,0.0,0.0,356.0000053531431,1000,1657,-3,0,1500,1500,1500,2.0,0.30000001192092896,20.0,0.0,20.0,150.0,1660
2026-08-06T15:48:00.395+03:00,9.040102,V2_CHANNEL_STATUS,Recording TAKEOFF until ALT_HOLD,TAKEOFF,5,1,,0.75,0.5592356188266803,0.0,0.0,356.0000053531431,1000,1658,-2,0,1500,1500,1500,2.0,0.30000001192092896,20.0,0.0,20.0,150.0,1660
2026-08-06T15:48:00.499+03:00,9.143324,V2_CHANNEL_STATUS,Recording TAKEOFF until ALT_HOLD,TAKEOFF,5,1,,0.75,0.5592356188266803,0.0,0.0,356.0000053531431,1000,1660,0,0,1500,1500,1500,2.0,0.30000001192092896,20.0,0.0,20.0,150.0,1660
2026-08-06T15:48:00.596+03:00,9.241142,V2_CHANNEL_STATUS,Recording TAKEOFF until ALT_HOLD,TAKEOFF,5,1,,0.75,0.5592356188266803,0.0,0.0,356.0000053531431,1000,1661,1,0,1500,1500,1500,2.0,0.30000001192092896,20.0,0.0,20.0,150.0,1660
2026-08-06T15:48:00.700+03:00,9.344284,V2_CHANNEL_STATUS,Recording TAKEOFF until ALT_HOLD,TAKEOFF,5,1,,0.75,0.5592356188266803,0.0,0.0,356.0000053531431,1000,1658,-2,0,1500,1500,1500,2.0,0.30000001192092896,20.0,0.0,20.0,150.0,1660
2026-08-06T15:48:00.797+03:00,9.442145,V2_CHANNEL_STATUS,Recording TAKEOFF until ALT_HOLD,TAKEOFF,5,1,,0.75,0.5592356188266803,0.0,0.0,356.0000053531431,1000,1659,-1,0,1500,1500,1500,2.0,0.30000001192092896,20.0,0.0,20.0,150.0,1660
2026-08-06T15:48:00.854+03:00,9.499148,GLOBAL_POSITION_INT,Recording TAKEOFF until ALT_HOLD,TAKEOFF,5,1,,0.97,0.4394543138103959,0.0,0.0,356.0000053531431,1000,1659,-1,0,1500,1500,1500,2.0,0.30000001192092896,20.0,0.0,20.0,150.0,1660
2026-08-06T15:48:00.855+03:00,9.499640,RC_CHANNELS,Recording TAKEOFF until ALT_HOLD,TAKEOFF,5,1,,0.97,0.4394543138103959,0.0,0.0,356.0000053531431,1000,1659,-1,0,1500,1500,1500,2.0,0.30000001192092896,20.0,0.0,20.0,150.0,1660
2026-08-06T15:48:00.896+03:00,9.541069,V2_CHANNEL_STATUS,Recording TAKEOFF until ALT_HOLD,TAKEOFF,5,1,,0.97,0.4394543138103959,0.0,0.0,356.0000053531431,1000,1660,0,0,1500,1500,1500,2.0,0.30000001192092896,20.0,0.0,20.0,150.0,1660
2026-08-06T15:48:01.000+03:00,9.644265,V2_CHANNEL_STATUS,Recording TAKEOFF until ALT_HOLD,TAKEOFF,5,1,,0.97,0.4394543138103959,0.0,0.0,356.0000053531431,1000,1660,0,0,1500,1500,1500,2.0,0.30000001192092896,20.0,0.0,20.0,150.0,1660
2026-08-06T15:48:01.098+03:00,9.742232,V2_CHANNEL_STATUS,Recording TAKEOFF until ALT_HOLD,TAKEOFF,5,1,,0.97,0.4394543138103959,0.0,0.0,356.0000053531431,1000,1657,-3,0,1500,1500,1500,2.0,0.30000001192092896,20.0,0.0,20.0,150.0,1660
2026-08-06T15:48:01.196+03:00,9.840641,V2_CHANNEL_STATUS,Recording TAKEOFF until ALT_HOLD,TAKEOFF,5,1,,0.97,0.4394543138103959,0.0,0.0,356.0000053531431,1000,1658,-2,0,1500,1500,1500,2.0,0.30000001192092896,20.0,0.0,20.0,150.0,1660
2026-08-06T15:48:01.299+03:00,9.943875,V2_CHANNEL_STATUS,Recording TAKEOFF until ALT_HOLD,TAKEOFF,5,1,,0.97,0.4394543138103959,0.0,0.0,356.0000053531431,1000,1657,-3,0,1500,1500,1500,2.0,0.30000001192092896,20.0,0.0,20.0,150.0,1660
2026-08-06T15:48:01.351+03:00,9.995579,GLOBAL_POSITION_INT,Recording TAKEOFF until ALT_HOLD,TAKEOFF,5,1,,1.16,0.3827031247491759,0.0,0.0,356.0000053531431,1000,1657,-3,0,1500,1500,1500,2.0,0.30000001192092896,20.0,0.0,20.0,150.0,1660
2026-08-06T15:48:01.351+03:00,9.995801,RC_CHANNELS,Recording TAKEOFF until ALT_HOLD,TAKEOFF,5,1,,1.16,0.3827031247491759,0.0,0.0,356.0000053531431,1000,1657,-3,0,1500,1500,1500,2.0,0.30000001192092896,20.0,0.0,20.0,150.0,1660
2026-08-06T15:48:01.398+03:00,10.042266,V2_CHANNEL_STATUS,Recording TAKEOFF until ALT_HOLD,TAKEOFF,5,1,,1.16,0.3827031247491759,0.0,0.0,356.0000053531431,1000,1659,-1,0,1500,1500,1500,2.0,0.30000001192092896,20.0,0.0,20.0,150.0,1660
2026-08-06T15:48:01.501+03:00,10.145371,V2_CHANNEL_STATUS,Recording TAKEOFF until ALT_HOLD,TAKEOFF,5,1,,1.16,0.3827031247491759,0.0,0.0,356.0000053531431,1000,1659,-1,0,1500,1500,1500,2.0,0.30000001192092896,20.0,0.0,20.0,150.0,1660
2026-08-06T15:48:01.599+03:00,10.243415,V2_CHANNEL_STATUS,Recording TAKEOFF until ALT_HOLD,TAKEOFF,5,1,,1.16,0.3827031247491759,0.0,0.0,356.0000053531431,1000,1656,-4,0,1500,1500,1500,2.0,0.30000001192092896,20.0,0.0,20.0,150.0,1660
2026-08-06T15:48:01.697+03:00,10.341584,V2_CHANNEL_STATUS,Recording TAKEOFF until ALT_HOLD,TAKEOFF,5,1,,1.16,0.3827031247491759,0.0,0.0,356.0000053531431,1000,1656,-4,0,1500,1500,1500,2.0,0.30000001192092896,20.0,0.0,20.0,150.0,1660
2026-08-06T15:48:01.800+03:00,10.444727,V2_CHANNEL_STATUS,Recording TAKEOFF until ALT_HOLD,TAKEOFF,5,1,,1.16,0.3827031247491759,0.0,0.0,356.0000053531431,1000,1657,-3,0,1500,1500,1500,2.0,0.30000001192092896,20.0,0.0,20.0,150.0,1660
2026-08-06T15:48:01.852+03:00,10.496293,GLOBAL_POSITION_INT,Recording TAKEOFF until ALT_HOLD,TAKEOFF,5,1,,1.38,0.4393786904763351,0.0,0.0,356.0000053531431,1000,1657,-3,0,1500,1500,1500,2.0,0.30000001192092896,20.0,0.0,20.0,150.0,1660
2026-08-06T15:48:01.852+03:00,10.496513,RC_CHANNELS,Recording TAKEOFF until ALT_HOLD,TAKEOFF,5,1,,1.38,0.4393786904763351,0.0,0.0,356.0000053531431,1000,1657,-3,0,1500,1500,1500,2.0,0.30000001192092896,20.0,0.0,20.0,150.0,1660
2026-08-06T15:48:01.898+03:00,10.542894,V2_CHANNEL_STATUS,Recording TAKEOFF until ALT_HOLD,TAKEOFF,5,1,,1.38,0.4393786904763351,0.0,0.0,356.0000053531431,1000,1655,-5,0,1500,1500,1500,2.0,0.30000001192092896,20.0,0.0,20.0,150.0,1660
2026-08-06T15:48:02.001+03:00,10.645947,V2_CHANNEL_STATUS,Recording TAKEOFF until ALT_HOLD,TAKEOFF,5,1,,1.38,0.4393786904763351,0.0,0.0,356.0000053531431,1000,1656,-4,0,1500,1500,1500,2.0,0.30000001192092896,20.0,0.0,20.0,150.0,1660
2026-08-06T15:48:02.099+03:00,10.743737,V2_CHANNEL_STATUS,Recording TAKEOFF until ALT_HOLD,TAKEOFF,5,1,,1.38,0.4393786904763351,0.0,0.0,356.0000053531431,1000,1654,-6,0,1500,1500,1500,2.0,0.30000001192092896,20.0,0.0,20.0,150.0,1660
2026-08-06T15:48:02.202+03:00,10.846925,V2_CHANNEL_STATUS,Recording TAKEOFF until ALT_HOLD,TAKEOFF,5,1,,1.38,0.4393786904763351,0.0,0.0,356.0000053531431,1000,1655,-5,0,1500,1500,1500,2.0,0.30000001192092896,20.0,0.0,20.0,150.0,1660
2026-08-06T15:48:02.300+03:00,10.944916,V2_CHANNEL_STATUS,Recording TAKEOFF until ALT_HOLD,TAKEOFF,5,1,,1.38,0.4393786904763351,0.0,0.0,356.0000053531431,1000,1654,-6,0,1500,1500,1500,2.0,0.30000001192092896,20.0,0.0,20.0,150.0,1660
2026-08-06T15:48:02.352+03:00,10.996681,GLOBAL_POSITION_INT,Recording TAKEOFF until ALT_HOLD,TAKEOFF,5,1,,1.62,0.47962191591075887,0.0,0.0,356.0000053531431,1000,1654,-6,0,1500,1500,1500,2.0,0.30000001192092896,20.0,0.0,20.0,150.0,1660
2026-08-06T15:48:02.352+03:00,10.996936,RC_CHANNELS,Recording TAKEOFF until ALT_HOLD,TAKEOFF,5,1,,1.62,0.47962191591075887,0.0,0.0,356.0000053531431,1000,1654,-6,0,1500,1500,1500,2.0,0.30000001192092896,20.0,0.0,20.0,150.0,1660
2026-08-06T15:48:02.399+03:00,11.043368,V2_CHANNEL_STATUS,Recording TAKEOFF until ALT_HOLD,TAKEOFF,5,1,,1.62,0.47962191591075887,0.0,0.0,356.0000053531431,1000,1660,0,0,1500,1500,1500,2.0,0.30000001192092896,20.0,0.0,20.0,150.0,1660
2026-08-06T15:48:02.502+03:00,11.146590,V2_CHANNEL_STATUS,Recording TAKEOFF until ALT_HOLD,TAKEOFF,5,1,,1.62,0.47962191591075887,0.0,0.0,356.0000053531431,1000,1660,0,0,1500,1500,1500,2.0,0.30000001192092896,20.0,0.0,20.0,150.0,1660
2026-08-06T15:48:02.600+03:00,11.244837,V2_CHANNEL_STATUS,Recording TAKEOFF until ALT_HOLD,TAKEOFF,5,1,,1.62,0.47962191591075887,0.0,0.0,356.0000053531431,1000,1658,-2,0,1500,1500,1500,2.0,0.30000001192092896,20.0,0.0,20.0,150.0,1660
2026-08-06T15:48:02.703+03:00,11.348115,V2_CHANNEL_STATUS,Recording TAKEOFF until ALT_HOLD,TAKEOFF,5,1,,1.62,0.47962191591075887,0.0,0.0,356.0000053531431,1000,1655,-5,0,1500,1500,1500,2.0,0.30000001192092896,20.0,0.0,20.0,150.0,1660
2026-08-06T15:48:02.802+03:00,11.446354,V2_CHANNEL_STATUS,Recording TAKEOFF until ALT_HOLD,TAKEOFF,5,1,,1.62,0.47962191591075887,0.0,0.0,356.0000053531431,1000,1656,-4,0,1500,1500,1500,2.0,0.30000001192092896,20.0,0.0,20.0,150.0,1660
2026-08-06T15:48:02.853+03:00,11.497864,GLOBAL_POSITION_INT,Recording TAKEOFF until ALT_HOLD,TAKEOFF,5,1,,1.81,0.37910688261331155,0.0,0.0,356.0000053531431,1000,1656,-4,0,1500,1500,1500,2.0,0.30000001192092896,20.0,0.0,20.0,150.0,1660
2026-08-06T15:48:02.853+03:00,11.498100,RC_CHANNELS,Recording TAKEOFF until ALT_HOLD,TAKEOFF,5,1,,1.81,0.37910688261331155,0.0,0.0,356.0000053531431,1000,1656,-4,0,1500,1500,1500,2.0,0.30000001192092896,20.0,0.0,20.0,150.0,1660
2026-08-06T15:48:02.900+03:00,11.544580,V2_CHANNEL_STATUS,Recording TAKEOFF until ALT_HOLD,TAKEOFF,5,1,,1.81,0.37910688261331155,0.0,0.0,356.0000053531431,1000,1657,-3,0,1500,1500,1500,2.0,0.30000001192092896,20.0,0.0,20.0,150.0,1660
2026-08-06T15:48:03.003+03:00,11.647687,V2_CHANNEL_STATUS,Recording TAKEOFF until ALT_HOLD,TAKEOFF,5,1,,1.81,0.37910688261331155,0.0,0.0,356.0000053531431,1000,1660,0,0,1500,1500,1500,2.0,0.30000001192092896,20.0,0.0,20.0,150.0,1660
2026-08-06T15:48:03.101+03:00,11.745593,V2_CHANNEL_STATUS,Recording TAKEOFF until ALT_HOLD,TAKEOFF,5,1,,1.81,0.37910688261331155,0.0,0.0,356.0000053531431,1000,1660,0,0,1500,1500,1500,2.0,0.30000001192092896,20.0,0.0,20.0,150.0,1660
2026-08-06T15:48:03.204+03:00,11.849009,V2_CHANNEL_STATUS,Recording TAKEOFF until ALT_HOLD,TAKEOFF,5,1,,1.81,0.37910688261331155,0.0,0.0,356.0000053531431,1000,1660,0,0,1500,1500,1500,2.0,0.30000001192092896,20.0,0.0,20.0,150.0,1660
2026-08-06T15:48:03.303+03:00,11.947417,V2_CHANNEL_STATUS,Recording TAKEOFF until ALT_HOLD,TAKEOFF,5,1,,1.81,0.37910688261331155,0.0,0.0,356.0000053531431,1000,1659,-1,0,1500,1500,1500,2.0,0.30000001192092896,20.0,0.0,20.0,150.0,1660
2026-08-06T15:48:03.353+03:00,11.997600,GLOBAL_POSITION_INT,Recording TAKEOFF until ALT_HOLD,TAKEOFF,5,1,,1.89,0.1600892071191888,0.0,0.0,356.0000053531431,1000,1659,-1,0,1500,1500,1500,2.0,0.30000001192092896,20.0,0.0,20.0,150.0,1660
2026-08-06T15:48:03.353+03:00,11.997973,RC_CHANNELS,Recording TAKEOFF until ALT_HOLD,TAKEOFF,5,1,,1.89,0.1600892071191888,0.0,0.0,356.0000053531431,1000,1659,-1,0,1500,1500,1500,2.0,0.30000001192092896,20.0,0.0,20.0,150.0,1660
2026-08-06T15:48:03.405+03:00,12.049732,V2_CHANNEL_STATUS,Recording TAKEOFF until ALT_HOLD,TAKEOFF,5,1,,1.89,0.1600892071191888,0.0,0.0,356.0000053531431,1000,1659,-1,0,1500,1500,1500,2.0,0.30000001192092896,20.0,0.0,20.0,150.0,1660
2026-08-06T15:48:03.503+03:00,12.147815,V2_CHANNEL_STATUS,Recording TAKEOFF until ALT_HOLD,TAKEOFF,5,1,,1.89,0.1600892071191888,0.0,0.0,356.0000053531431,1000,1657,-3,0,1500,1500,1500,2.0,0.30000001192092896,20.0,0.0,20.0,150.0,1660
2026-08-06T15:48:03.601+03:00,12.245785,V2_CHANNEL_STATUS,Recording TAKEOFF until ALT_HOLD,TAKEOFF,5,1,,1.89,0.1600892071191888,0.0,0.0,356.0000053531431,1000,1657,-3,0,1500,1500,1500,2.0,0.30000001192092896,20.0,0.0,20.0,150.0,1660
2026-08-06T15:48:03.704+03:00,12.348797,V2_CHANNEL_STATUS,Recording TAKEOFF until ALT_HOLD,TAKEOFF,5,1,,1.89,0.1600892071191888,0.0,0.0,356.0000053531431,1000,1657,-3,0,1500,1500,1500,2.0,0.30000001192092896,20.0,0.0,20.0,150.0,1660
2026-08-06T15:48:03.802+03:00,12.446753,V2_CHANNEL_STATUS,Recording TAKEOFF until ALT_HOLD,TAKEOFF,5,1,,1.89,0.1600892071191888,0.0,0.0,356.0000053531431,1000,1658,-2,0,1500,1500,1500,2.0,0.30000001192092896,20.0,0.0,20.0,150.0,1660
2026-08-06T15:48:03.854+03:00,12.498355,GLOBAL_POSITION_INT,Recording TAKEOFF until ALT_HOLD,TAKEOFF,5,1,,1.99,0.19969072701516985,0.0,0.0,356.0000053531431,1000,1658,-2,0,1500,1500,1500,2.0,0.30000001192092896,20.0,0.0,20.0,150.0,1660
2026-08-06T15:48:03.854+03:00,12.498588,RC_CHANNELS,Recording TAKEOFF until ALT_HOLD,TAKEOFF,5,1,,1.99,0.19969072701516985,0.0,0.0,356.0000053531431,1000,1658,-2,0,1500,1500,1500,2.0,0.30000001192092896,20.0,0.0,20.0,150.0,1660
2026-08-06T15:48:03.906+03:00,12.550232,V2_CHANNEL_STATUS,Recording TAKEOFF until ALT_HOLD,TAKEOFF,5,1,,1.99,0.19969072701516985,0.0,0.0,356.0000053531431,1000,1658,-2,0,1500,1500,1500,2.0,0.30000001192092896,20.0,0.0,20.0,150.0,1660
2026-08-06T15:48:04.003+03:00,12.647933,V2_CHANNEL_STATUS,Recording TAKEOFF until ALT_HOLD,TAKEOFF,5,1,,1.99,0.19969072701516985,0.0,0.0,356.0000053531431,1000,1652,-8,0,1500,1500,1500,2.0,0.30000001192092896,20.0,0.0,20.0,150.0,1660
2026-08-06T15:48:04.106+03:00,12.751148,V2_CHANNEL_STATUS,Recording TAKEOFF until ALT_HOLD,TAKEOFF,5,1,,1.99,0.19969072701516985,0.0,0.0,356.0000053531431,1000,1652,-8,0,1500,1500,1500,2.0,0.30000001192092896,20.0,0.0,20.0,150.0,1660
2026-08-06T15:48:04.204+03:00,12.848905,V2_CHANNEL_STATUS,Recording TAKEOFF until ALT_HOLD,TAKEOFF,5,1,,1.99,0.19969072701516985,0.0,0.0,356.0000053531431,1000,1656,-4,0,1500,1500,1500,2.0,0.30000001192092896,20.0,0.0,20.0,150.0,1660
2026-08-06T15:48:04.302+03:00,12.947032,V2_CHANNEL_STATUS,Recording TAKEOFF until ALT_HOLD,TAKEOFF,5,1,,1.99,0.19969072701516985,0.0,0.0,356.0000053531431,1000,1655,-5,0,1500,1500,1500,2.0,0.30000001192092896,20.0,0.0,20.0,150.0,1660
2026-08-06T15:48:04.354+03:00,12.998983,GLOBAL_POSITION_INT,Recording TAKEOFF until ALT_HOLD,TAKEOFF,5,1,,2.11,0.23969806046244538,0.0,0.0,356.0000053531431,1000,1655,-5,0,1500,1500,1500,2.0,0.30000001192092896,20.0,0.0,20.0,150.0,1660
2026-08-06T15:48:04.355+03:00,12.999223,RC_CHANNELS,Recording TAKEOFF until ALT_HOLD,TAKEOFF,5,1,,2.11,0.23969806046244538,0.0,0.0,356.0000053531431,1000,1655,-5,0,1500,1500,1500,2.0,0.30000001192092896,20.0,0.0,20.0,150.0,1660
2026-08-06T15:48:04.406+03:00,13.050867,V2_CHANNEL_STATUS,Recording TAKEOFF until ALT_HOLD,TAKEOFF,5,1,,2.11,0.23969806046244538,0.0,0.0,356.0000053531431,1000,1655,-5,0,1500,1500,1500,2.0,0.30000001192092896,20.0,0.0,20.0,150.0,1660
2026-08-06T15:48:04.504+03:00,13.148907,V2_CHANNEL_STATUS,Recording TAKEOFF until ALT_HOLD,TAKEOFF,5,1,,2.11,0.23969806046244538,0.0,0.0,356.0000053531431,1000,1653,-7,0,1500,1500,1500,2.0,0.30000001192092896,20.0,0.0,20.0,150.0,1660
2026-08-06T15:48:04.607+03:00,13.252182,V2_CHANNEL_STATUS,Recording TAKEOFF until ALT_HOLD,TAKEOFF,5,1,,2.11,0.23969806046244538,0.0,0.0,356.0000053531431,1000,1653,-7,0,1500,1500,1500,2.0,0.30000001192092896,20.0,0.0,20.0,150.0,1660
2026-08-06T15:48:04.706+03:00,13.350257,V2_CHANNEL_STATUS,Recording TAKEOFF until ALT_HOLD,TAKEOFF,5,1,,2.11,0.23969806046244538,0.0,0.0,356.0000053531431,1000,1656,-4,0,1500,1500,1500,2.0,0.30000001192092896,20.0,0.0,20.0,150.0,1660
2026-08-06T15:48:04.804+03:00,13.448377,V2_CHANNEL_STATUS,Recording TAKEOFF until ALT_HOLD,TAKEOFF,5,1,,2.11,0.23969806046244538,0.0,0.0,356.0000053531431,1000,1656,-4,0,1500,1500,1500,2.0,0.30000001192092896,20.0,0.0,20.0,150.0,1660
2026-08-06T15:48:04.855+03:00,13.500151,GLOBAL_POSITION_INT,Recording TAKEOFF until ALT_HOLD,TAKEOFF,5,1,,2.17,0.11972216318996583,0.0,0.0,356.0000053531431,1000,1656,-4,0,1500,1500,1500,2.0,0.30000001192092896,20.0,0.0,20.0,150.0,1660
2026-08-06T15:48:04.856+03:00,13.500382,RC_CHANNELS,Recording TAKEOFF until ALT_HOLD,TAKEOFF,5,1,,2.17,0.11972216318996583,0.0,0.0,356.0000053531431,1000,1656,-4,0,1500,1500,1500,2.0,0.30000001192092896,20.0,0.0,20.0,150.0,1660
2026-08-06T15:48:04.907+03:00,13.552066,V2_CHANNEL_STATUS,Recording TAKEOFF until ALT_HOLD,TAKEOFF,5,1,,2.17,0.11972216318996583,0.0,0.0,356.0000053531431,1000,1656,-4,0,1500,1500,1500,2.0,0.30000001192092896,20.0,0.0,20.0,150.0,1660
2026-08-06T15:48:05.005+03:00,13.649946,V2_CHANNEL_STATUS,Recording TAKEOFF until ALT_HOLD,TAKEOFF,5,1,,2.17,0.11972216318996583,0.0,0.0,356.0000053531431,1000,1657,-3,0,1500,1500,1500,2.0,0.30000001192092896,20.0,0.0,20.0,150.0,1660
2026-08-06T15:48:05.108+03:00,13.752987,V2_CHANNEL_STATUS,Recording TAKEOFF until ALT_HOLD,TAKEOFF,5,1,,2.17,0.11972216318996583,0.0,0.0,356.0000053531431,1000,1657,-3,0,1500,1500,1500,2.0,0.30000001192092896,20.0,0.0,20.0,150.0,1660
2026-08-06T15:48:05.206+03:00,13.851000,V2_CHANNEL_STATUS,Recording TAKEOFF until ALT_HOLD,TAKEOFF,5,1,,2.17,0.11972216318996583,0.0,0.0,356.0000053531431,1000,1657,-3,0,1500,1500,1500,2.0,0.30000001192092896,20.0,0.0,20.0,150.0,1660
2026-08-06T15:48:05.304+03:00,13.948919,V2_CHANNEL_STATUS,Recording TAKEOFF until ALT_HOLD,TAKEOFF,5,1,,2.17,0.11972216318996583,0.0,0.0,356.0000053531431,1000,1657,-3,0,1500,1500,1500,2.0,0.30000001192092896,20.0,0.0,20.0,150.0,1660
2026-08-06T15:48:05.356+03:00,14.000604,GLOBAL_POSITION_INT,Recording TAKEOFF until ALT_HOLD,TAKEOFF,5,1,,2.17,0.0,0.0,0.0,356.0000053531431,1000,1657,-3,0,1500,1500,1500,2.0,0.30000001192092896,20.0,0.0,20.0,150.0,1660
2026-08-06T15:48:05.356+03:00,14.000820,RC_CHANNELS,Recording TAKEOFF until ALT_HOLD,TAKEOFF,5,1,,2.17,0.0,0.0,0.0,356.0000053531431,1000,1657,-3,0,1500,1500,1500,2.0,0.30000001192092896,20.0,0.0,20.0,150.0,1660
2026-08-06T15:48:05.408+03:00,14.052358,V2_CHANNEL_STATUS,Recording TAKEOFF until ALT_HOLD,TAKEOFF,5,1,,2.17,0.0,0.0,0.0,356.0000053531431,1000,1657,-3,0,1500,1500,1500,2.0,0.30000001192092896,20.0,0.0,20.0,150.0,1660
2026-08-06T15:48:05.506+03:00,14.150298,V2_CHANNEL_STATUS,Recording TAKEOFF until ALT_HOLD,TAKEOFF,5,1,,2.17,0.0,0.0,0.0,356.0000053531431,1000,1657,-3,0,1500,1500,1500,2.0,0.30000001192092896,20.0,0.0,20.0,150.0,1660
2026-08-06T15:48:05.609+03:00,14.253338,V2_CHANNEL_STATUS,Recording TAKEOFF until ALT_HOLD,TAKEOFF,5,1,,2.17,0.0,0.0,0.0,356.0000053531431,1000,1657,-3,0,1500,1500,1500,2.0,0.30000001192092896,20.0,0.0,20.0,150.0,1660
2026-08-06T15:48:05.707+03:00,14.351810,V2_CHANNEL_STATUS,Recording TAKEOFF until ALT_HOLD,TAKEOFF,5,1,2.109895944595337,2.17,0.0,0.0,0.0,356.0000053531431,1000,1658,-2,0,1500,1500,1500,2.0,0.30000001192092896,20.0,0.0,20.0,150.0,1660
2026-08-06T15:48:05.805+03:00,14.450131,V2_CHANNEL_STATUS,Recording TAKEOFF until ALT_HOLD,TAKEOFF,5,1,2.0100460052490234,2.17,0.0,0.0,0.0,356.0000053531431,1000,1655,-5,0,1500,1500,1500,2.0,0.30000001192092896,20.0,0.0,20.0,150.0,1660
2026-08-06T15:48:05.852+03:00,14.496636,GLOBAL_POSITION_INT,Recording TAKEOFF until ALT_HOLD,TAKEOFF,5,1,2.0,2.17,0.0,0.0,0.0,356.0000053531431,1000,1655,-5,0,1500,1500,1500,2.0,0.30000001192092896,20.0,0.0,20.0,150.0,1660
2026-08-06T15:48:05.852+03:00,14.496847,RC_CHANNELS,Recording TAKEOFF until ALT_HOLD,TAKEOFF,5,1,2.0,2.17,0.0,0.0,0.0,356.0000053531431,1000,1655,-5,0,1500,1500,1500,2.0,0.30000001192092896,20.0,0.0,20.0,150.0,1660
2026-08-06T15:48:05.909+03:00,14.553545,V2_CHANNEL_STATUS,Recording TAKEOFF until ALT_HOLD,TAKEOFF,5,1,2.0,2.17,0.0,0.0,0.0,356.0000053531431,1000,1654,-6,0,1500,1500,1500,2.0,0.30000001192092896,20.0,0.0,20.0,150.0,1660
2026-08-06T15:48:06.007+03:00,14.651650,V2_CHANNEL_STATUS,Recording TAKEOFF until ALT_HOLD,TAKEOFF,5,1,2.0,2.17,0.0,0.0,0.0,356.0000053531431,1000,1654,-6,0,1500,1500,1500,2.0,0.30000001192092896,20.0,0.0,20.0,150.0,1660
2026-08-06T15:48:06.110+03:00,14.754894,V2_CHANNEL_STATUS,Recording TAKEOFF until ALT_HOLD,TAKEOFF,5,1,2.0,2.17,0.0,0.0,0.0,356.0000053531431,1000,1662,2,0,1500,1500,1500,2.0,0.30000001192092896,20.0,0.0,20.0,150.0,1660
2026-08-06T15:48:06.208+03:00,14.852738,V2_CHANNEL_STATUS,Recording TAKEOFF until ALT_HOLD,TAKEOFF,5,1,2.0,2.17,0.0,0.0,0.0,356.0000053531431,1000,1662,2,0,1500,1500,1500,2.0,0.30000001192092896,20.0,0.0,20.0,150.0,1660
2026-08-06T15:48:06.306+03:00,14.950749,V2_CHANNEL_STATUS,Recording TAKEOFF until ALT_HOLD,TAKEOFF,5,1,2.0,2.17,0.0,0.0,0.0,356.0000053531431,1000,1659,-1,0,1500,1500,1500,2.0,0.30000001192092896,20.0,0.0,20.0,150.0,1660
2026-08-06T15:48:06.368+03:00,15.012972,GLOBAL_POSITION_INT,Recording ALT_HOLD response for 15.0 seconds,ALT_HOLD,7,1,2.0,2.09,-0.15493834013044777,0.0,0.0,356.0000053531431,1500,1659,-1,0,1500,1500,1500,2.0,0.30000001192092896,20.0,0.0,20.0,150.0,1660
2026-08-06T15:48:06.368+03:00,15.013182,RC_CHANNELS,Recording ALT_HOLD response for 15.0 seconds,ALT_HOLD,7,1,2.0,2.09,-0.15493834013044777,0.0,0.0,356.0000053531431,1500,1659,-1,0,1500,1500,1500,2.0,0.30000001192092896,20.0,0.0,20.0,150.0,1660
2026-08-06T15:48:06.409+03:00,15.053891,V2_CHANNEL_STATUS,Recording ALT_HOLD response for 15.0 seconds,ALT_HOLD,7,1,2.0,2.09,-0.15493834013044777,0.0,0.0,356.0000053531431,1500,1658,-2,0,1500,1500,1500,2.0,0.30000001192092896,20.0,0.0,20.0,150.0,1660
2026-08-06T15:48:06.511+03:00,15.155484,V2_CHANNEL_STATUS,Recording ALT_HOLD response for 15.0 seconds,ALT_HOLD,7,1,2.0,2.09,-0.15493834013044777,0.0,0.0,356.0000053531431,1500,1658,-2,0,1500,1500,1500,2.0,0.30000001192092896,20.0,0.0,20.0,150.0,1660
2026-08-06T15:48:06.613+03:00,15.257254,V2_CHANNEL_STATUS,Recording ALT_HOLD response for 15.0 seconds,ALT_HOLD,7,1,2.0,2.09,-0.15493834013044777,0.0,0.0,356.0000053531431,1500,1660,0,0,1500,1500,1500,2.0,0.30000001192092896,20.0,0.0,20.0,150.0,1660
2026-08-06T15:48:06.714+03:00,15.358810,V2_CHANNEL_STATUS,Recording ALT_HOLD response for 15.0 seconds,ALT_HOLD,7,1,2.0,2.09,-0.15493834013044777,0.0,0.0,356.0000053531431,1500,1660,0,0,1500,1500,1500,2.0,0.30000001192092896,20.0,0.0,20.0,150.0,1660
2026-08-06T15:48:06.816+03:00,15.460426,V2_CHANNEL_STATUS,Recording ALT_HOLD response for 15.0 seconds,ALT_HOLD,7,1,2.0,2.09,-0.15493834013044777,0.0,0.0,356.0000053531431,1500,1663,3,0,1500,1500,1500,2.0,0.30000001192092896,20.0,0.0,20.0,150.0,1660
2026-08-06T15:48:06.856+03:00,15.501118,GLOBAL_POSITION_INT,Recording ALT_HOLD response for 15.0 seconds,ALT_HOLD,7,1,2.0,2.02,-0.14339808491961376,0.0,0.0,356.0000053531431,1500,1663,3,0,1500,1500,1500,2.0,0.30000001192092896,20.0,0.0,20.0,150.0,1660
2026-08-06T15:48:06.857+03:00,15.501325,RC_CHANNELS,Recording ALT_HOLD response for 15.0 seconds,ALT_HOLD,7,1,2.0,2.02,-0.14339808491961376,0.0,0.0,356.9999996891463,1500,1663,3,0,1500,1500,1500,2.0,0.30000001192092896,20.0,0.0,20.0,150.0,1660
2026-08-06T15:48:06.918+03:00,15.562354,V2_CHANNEL_STATUS,Recording ALT_HOLD response for 15.0 seconds,ALT_HOLD,7,1,2.0,2.02,-0.14339808491961376,0.0,0.0,356.9999996891463,1500,1663,3,0,1500,1500,1500,2.0,0.30000001192092896,20.0,0.0,20.0,150.0,1660
2026-08-06T15:48:07.019+03:00,15.663814,V2_CHANNEL_STATUS,Recording ALT_HOLD response for 15.0 seconds,ALT_HOLD,7,1,2.0,2.02,-0.14339808491961376,0.0,0.0,356.9999996891463,1500,1665,5,0,1500,1500,1500,2.0,0.30000001192092896,20.0,0.0,20.0,150.0,1660
2026-08-06T15:48:07.121+03:00,15.765221,V2_CHANNEL_STATUS,Recording ALT_HOLD response for 15.0 seconds,ALT_HOLD,7,1,2.0,2.02,-0.14339808491961376,0.0,0.0,356.9999996891463,1500,1665,5,0,1500,1500,1500,2.0,0.30000001192092896,20.0,0.0,20.0,150.0,1660
2026-08-06T15:48:07.223+03:00,15.867266,V2_CHANNEL_STATUS,Recording ALT_HOLD response for 15.0 seconds,ALT_HOLD,7,1,2.0,2.02,-0.14339808491961376,0.0,0.0,356.9999996891463,1500,1667,7,0,1500,1500,1500,2.0,0.30000001192092896,20.0,0.0,20.0,150.0,1660
2026-08-06T15:48:07.324+03:00,15.968731,V2_CHANNEL_STATUS,Recording ALT_HOLD response for 15.0 seconds,ALT_HOLD,7,1,2.0,2.02,-0.14339808491961376,0.0,0.0,356.9999996891463,1500,1663,3,0,1500,1500,1500,2.0,0.30000001192092896,20.0,0.0,20.0,150.0,1660
2026-08-06T15:48:07.365+03:00,16.009699,GLOBAL_POSITION_INT,Recording ALT_HOLD response for 15.0 seconds,ALT_HOLD,7,1,2.0,1.92,-0.1966276096106606,0.0,0.0,356.9999996891463,1500,1663,3,0,1500,1500,1500,2.0,0.30000001192092896,20.0,0.0,20.0,150.0,1660
2026-08-06T15:48:07.365+03:00,16.009954,RC_CHANNELS,Recording ALT_HOLD response for 15.0 seconds,ALT_HOLD,7,1,2.0,1.92,-0.1966276096106606,0.0,0.0,356.9999996891463,1500,1663,3,0,1500,1500,1500,2.0,0.30000001192092896,20.0,0.0,20.0,150.0,1660
2026-08-06T15:48:07.426+03:00,16.071032,V2_CHANNEL_STATUS,Recording ALT_HOLD response for 15.0 seconds,ALT_HOLD,7,1,2.0,1.92,-0.1966276096106606,0.0,0.0,356.9999996891463,1500,1663,3,0,1500,1500,1500,2.0,0.30000001192092896,20.0,0.0,20.0,150.0,1660
2026-08-06T15:48:07.528+03:00,16.172938,V2_CHANNEL_STATUS,Recording ALT_HOLD response for 15.0 seconds,ALT_HOLD,7,1,2.0,1.92,-0.1966276096106606,0.0,0.0,356.9999996891463,1500,1662,2,0,1500,1500,1500,2.0,0.30000001192092896,20.0,0.0,20.0,150.0,1660
2026-08-06T15:48:07.610+03:00,16.254422,V2_CHANNEL_STATUS,Recording ALT_HOLD response for 15.0 seconds,ALT_HOLD,7,1,2.0,1.92,-0.1966276096106606,0.0,0.0,356.9999996891463,1500,1666,6,0,1500,1500,1500,2.0,0.30000001192092896,20.0,0.0,20.0,150.0,1660
2026-08-06T15:48:07.711+03:00,16.355913,V2_CHANNEL_STATUS,Recording ALT_HOLD response for 15.0 seconds,ALT_HOLD,7,1,2.0,1.92,-0.1966276096106606,0.0,0.0,356.9999996891463,1500,1666,6,0,1500,1500,1500,2.0,0.30000001192092896,20.0,0.0,20.0,150.0,1660
2026-08-06T15:48:07.813+03:00,16.457394,V2_CHANNEL_STATUS,Recording ALT_HOLD response for 15.0 seconds,ALT_HOLD,7,1,2.0,1.92,-0.1966276096106606,0.0,0.0,356.9999996891463,1500,1668,8,0,1500,1500,1500,2.0,0.30000001192092896,20.0,0.0,20.0,150.0,1660
2026-08-06T15:48:07.853+03:00,16.498099,GLOBAL_POSITION_INT,Recording ALT_HOLD response for 15.0 seconds,ALT_HOLD,7,1,2.0,1.86,-0.1228489652815513,0.0,0.0,356.9999996891463,1500,1668,8,0,1500,1500,1500,2.0,0.30000001192092896,20.0,0.0,20.0,150.0,1660
2026-08-06T15:48:07.854+03:00,16.498320,RC_CHANNELS,Recording ALT_HOLD response for 15.0 seconds,ALT_HOLD,7,1,2.0,1.86,-0.1228489652815513,0.0,0.0,356.9999996891463,1500,1668,8,0,1500,1500,1500,2.0,0.30000001192092896,20.0,0.0,20.0,150.0,1660
2026-08-06T15:48:07.915+03:00,16.559458,V2_CHANNEL_STATUS,Recording ALT_HOLD response for 15.0 seconds,ALT_HOLD,7,1,2.0,1.86,-0.1228489652815513,0.0,0.0,356.9999996891463,1500,1668,8,0,1500,1500,1500,2.0,0.30000001192092896,20.0,0.0,20.0,150.0,1660
2026-08-06T15:48:08.016+03:00,16.661053,V2_CHANNEL_STATUS,Recording ALT_HOLD response for 15.0 seconds,ALT_HOLD,7,1,2.0,1.86,-0.1228489652815513,0.0,0.0,356.9999996891463,1500,1666,6,0,1500,1500,1500,2.0,0.30000001192092896,20.0,0.0,20.0,150.0,1660
2026-08-06T15:48:08.118+03:00,16.762888,V2_CHANNEL_STATUS,Recording ALT_HOLD response for 15.0 seconds,ALT_HOLD,7,1,2.0,1.86,-0.1228489652815513,0.0,0.0,356.9999996891463,1500,1664,4,0,1500,1500,1500,2.0,0.30000001192092896,20.0,0.0,20.0,150.0,1660
2026-08-06T15:48:08.220+03:00,16.864355,V2_CHANNEL_STATUS,Recording ALT_HOLD response for 15.0 seconds,ALT_HOLD,7,1,2.0,1.86,-0.1228489652815513,0.0,0.0,356.9999996891463,1500,1664,4,0,1500,1500,1500,2.0,0.30000001192092896,20.0,0.0,20.0,150.0,1660
2026-08-06T15:48:08.321+03:00,16.965861,V2_CHANNEL_STATUS,Recording ALT_HOLD response for 15.0 seconds,ALT_HOLD,7,1,2.0,1.86,-0.1228489652815513,0.0,0.0,356.9999996891463,1500,1665,5,0,1500,1500,1500,2.0,0.30000001192092896,20.0,0.0,20.0,150.0,1660
2026-08-06T15:48:08.362+03:00,17.006618,GLOBAL_POSITION_INT,Recording ALT_HOLD response for 15.0 seconds,ALT_HOLD,7,1,2.0,1.83,-0.058995384358741784,0.0,0.0,356.9999996891463,1500,1665,5,0,1500,1500,1500,2.0,0.30000001192092896,20.0,0.0,20.0,150.0,1660
2026-08-06T15:48:08.362+03:00,17.006875,RC_CHANNELS,Recording ALT_HOLD response for 15.0 seconds,ALT_HOLD,7,1,2.0,1.83,-0.058995384358741784,0.0,0.0,356.9999996891463,1500,1665,5,0,1500,1500,1500,2.0,0.30000001192092896,20.0,0.0,20.0,150.0,1660
2026-08-06T15:48:08.423+03:00,17.067769,V2_CHANNEL_STATUS,Recording ALT_HOLD response for 15.0 seconds,ALT_HOLD,7,1,2.0,1.83,-0.058995384358741784,0.0,0.0,356.9999996891463,1500,1665,5,0,1500,1500,1500,2.0,0.30000001192092896,20.0,0.0,20.0,150.0,1660
2026-08-06T15:48:08.525+03:00,17.169278,V2_CHANNEL_STATUS,Recording ALT_HOLD response for 15.0 seconds,ALT_HOLD,7,1,2.0,1.83,-0.058995384358741784,0.0,0.0,356.9999996891463,1500,1665,5,0,1500,1500,1500,2.0,0.30000001192092896,20.0,0.0,20.0,150.0,1660
2026-08-06T15:48:08.626+03:00,17.270917,V2_CHANNEL_STATUS,Recording ALT_HOLD response for 15.0 seconds,ALT_HOLD,7,1,2.0,1.83,-0.058995384358741784,0.0,0.0,356.9999996891463,1500,1665,5,0,1500,1500,1500,2.0,0.30000001192092896,20.0,0.0,20.0,150.0,1660
2026-08-06T15:48:08.728+03:00,17.373167,V2_CHANNEL_STATUS,Recording ALT_HOLD response for 15.0 seconds,ALT_HOLD,7,1,2.0,1.83,-0.058995384358741784,0.0,0.0,356.9999996891463,1500,1665,5,0,1500,1500,1500,2.0,0.30000001192092896,20.0,0.0,20.0,150.0,1660
2026-08-06T15:48:08.830+03:00,17.474744,V2_CHANNEL_STATUS,Recording ALT_HOLD response for 15.0 seconds,ALT_HOLD,7,1,2.0,1.83,-0.058995384358741784,0.0,0.0,356.9999996891463,1500,1665,5,0,1500,1500,1500,2.0,0.30000001192092896,20.0,0.0,20.0,150.0,1660
2026-08-06T15:48:08.871+03:00,17.515505,GLOBAL_POSITION_INT,Recording ALT_HOLD response for 15.0 seconds,ALT_HOLD,7,1,2.0,1.83,0.0,0.0,0.0,356.9999996891463,1500,1665,5,0,1500,1500,1500,2.0,0.30000001192092896,20.0,0.0,20.0,150.0,1660
2026-08-06T15:48:08.871+03:00,17.515781,RC_CHANNELS,Recording ALT_HOLD response for 15.0 seconds,ALT_HOLD,7,1,2.0,1.83,0.0,0.0,0.0,356.9999996891463,1500,1665,5,0,1500,1500,1500,2.0,0.30000001192092896,20.0,0.0,20.0,150.0,1660
2026-08-06T15:48:08.912+03:00,17.556481,V2_CHANNEL_STATUS,Recording ALT_HOLD response for 15.0 seconds,ALT_HOLD,7,1,2.0,1.83,0.0,0.0,0.0,356.9999996891463,1500,1665,5,0,1500,1500,1500,2.0,0.30000001192092896,20.0,0.0,20.0,150.0,1660
2026-08-06T15:48:09.013+03:00,17.657977,V2_CHANNEL_STATUS,Recording ALT_HOLD response for 15.0 seconds,ALT_HOLD,7,1,2.0,1.83,0.0,0.0,0.0,356.9999996891463,1500,1663,3,0,1500,1500,1500,2.0,0.30000001192092896,20.0,0.0,20.0,150.0,1660
2026-08-06T15:48:09.115+03:00,17.759649,V2_CHANNEL_STATUS,Recording ALT_HOLD response for 15.0 seconds,ALT_HOLD,7,1,2.0,1.83,0.0,0.0,0.0,356.9999996891463,1500,1663,3,0,1500,1500,1500,2.0,0.30000001192092896,20.0,0.0,20.0,150.0,1660
2026-08-06T15:48:09.216+03:00,17.861121,V2_CHANNEL_STATUS,Recording ALT_HOLD response for 15.0 seconds,ALT_HOLD,7,1,2.0,1.83,0.0,0.0,0.0,356.9999996891463,1500,1660,0,0,1500,1500,1500,2.0,0.30000001192092896,20.0,0.0,20.0,150.0,1660
2026-08-06T15:48:09.318+03:00,17.962710,V2_CHANNEL_STATUS,Recording ALT_HOLD response for 15.0 seconds,ALT_HOLD,7,1,2.0,1.83,0.0,0.0,0.0,356.9999996891463,1500,1660,0,0,1500,1500,1500,2.0,0.30000001192092896,20.0,0.0,20.0,150.0,1660
2026-08-06T15:48:09.359+03:00,18.003458,GLOBAL_POSITION_INT,Recording ALT_HOLD response for 15.0 seconds,ALT_HOLD,7,1,2.0,1.91,0.1639502615761643,0.0,0.0,356.9999996891463,1500,1660,0,0,1500,1500,1500,2.0,0.30000001192092896,20.0,0.0,20.0,150.0,1660
2026-08-06T15:48:09.359+03:00,18.003709,RC_CHANNELS,Recording ALT_HOLD response for 15.0 seconds,ALT_HOLD,7,1,2.0,1.91,0.1639502615761643,0.0,0.0,356.9999996891463,1500,1660,0,0,1500,1500,1500,2.0,0.30000001192092896,20.0,0.0,20.0,150.0,1660
2026-08-06T15:48:09.420+03:00,18.064698,V2_CHANNEL_STATUS,Recording ALT_HOLD response for 15.0 seconds,ALT_HOLD,7,1,2.0,1.91,0.1639502615761643,0.0,0.0,356.9999996891463,1500,1659,-1,0,1500,1500,1500,2.0,0.30000001192092896,20.0,0.0,20.0,150.0,1660
2026-08-06T15:48:09.522+03:00,18.166772,V2_CHANNEL_STATUS,Recording ALT_HOLD response for 15.0 seconds,ALT_HOLD,7,1,2.0,1.91,0.1639502615761643,0.0,0.0,356.9999996891463,1500,1662,2,0,1500,1500,1500,2.0,0.30000001192092896,20.0,0.0,20.0,150.0,1660
2026-08-06T15:48:09.624+03:00,18.268566,V2_CHANNEL_STATUS,Recording ALT_HOLD response for 15.0 seconds,ALT_HOLD,7,1,2.0,1.91,0.1639502615761643,0.0,0.0,356.9999996891463,1500,1660,0,0,1500,1500,1500,2.0,0.30000001192092896,20.0,0.0,20.0,150.0,1660
2026-08-06T15:48:09.725+03:00,18.370110,V2_CHANNEL_STATUS,Recording ALT_HOLD response for 15.0 seconds,ALT_HOLD,7,1,2.0,1.91,0.1639502615761643,0.0,0.0,356.9999996891463,1500,1660,0,0,1500,1500,1500,2.0,0.30000001192092896,20.0,0.0,20.0,150.0,1660
2026-08-06T15:48:09.827+03:00,18.471709,V2_CHANNEL_STATUS,Recording ALT_HOLD response for 15.0 seconds,ALT_HOLD,7,1,2.0,1.91,0.1639502615761643,0.0,0.0,356.9999996891463,1500,1654,-6,0,1500,1500,1500,2.0,0.30000001192092896,20.0,0.0,20.0,150.0,1660
2026-08-06T15:48:09.868+03:00,18.512492,GLOBAL_POSITION_INT,Recording ALT_HOLD response for 15.0 seconds,ALT_HOLD,7,1,2.0,1.97,0.11786945743794676,0.0,0.0,356.9999996891463,1500,1654,-6,0,1500,1500,1500,2.0,0.30000001192092896,20.0,0.0,20.0,150.0,1660
2026-08-06T15:48:09.868+03:00,18.512704,RC_CHANNELS,Recording ALT_HOLD response for 15.0 seconds,ALT_HOLD,7,1,2.0,1.97,0.11786945743794676,0.0,0.0,356.9999996891463,1500,1654,-6,0,1500,1500,1500,2.0,0.30000001192092896,20.0,0.0,20.0,150.0,1660
2026-08-06T15:48:09.929+03:00,18.573582,V2_CHANNEL_STATUS,Recording ALT_HOLD response for 15.0 seconds,ALT_HOLD,7,1,2.0,1.97,0.11786945743794676,0.0,0.0,356.9999996891463,1500,1654,-6,0,1500,1500,1500,2.0,0.30000001192092896,20.0,0.0,20.0,150.0,1660
2026-08-06T15:48:10.030+03:00,18.675075,V2_CHANNEL_STATUS,Recording ALT_HOLD response for 15.0 seconds,ALT_HOLD,7,1,2.0,1.97,0.11786945743794676,0.0,0.0,356.9999996891463,1500,1657,-3,0,1500,1500,1500,2.0,0.30000001192092896,20.0,0.0,20.0,150.0,1660
2026-08-06T15:48:10.132+03:00,18.776721,V2_CHANNEL_STATUS,Recording ALT_HOLD response for 15.0 seconds,ALT_HOLD,7,1,2.0,1.97,0.11786945743794676,0.0,0.0,356.9999996891463,1500,1658,-2,0,1500,1500,1500,2.0,0.30000001192092896,20.0,0.0,20.0,150.0,1660
2026-08-06T15:48:10.214+03:00,18.858305,V2_CHANNEL_STATUS,Recording ALT_HOLD response for 15.0 seconds,ALT_HOLD,7,1,2.0,1.97,0.11786945743794676,0.0,0.0,356.9999996891463,1500,1658,-2,0,1500,1500,1500,2.0,0.30000001192092896,20.0,0.0,20.0,150.0,1660
2026-08-06T15:48:10.315+03:00,18.959954,V2_CHANNEL_STATUS,Recording ALT_HOLD response for 15.0 seconds,ALT_HOLD,7,1,2.0,1.97,0.11786945743794676,0.0,0.0,356.9999996891463,1500,1660,0,0,1500,1500,1500,2.0,0.30000001192092896,20.0,0.0,20.0,150.0,1660
2026-08-06T15:48:10.356+03:00,19.000828,GLOBAL_POSITION_INT,Recording ALT_HOLD response for 15.0 seconds,ALT_HOLD,7,1,2.0,2.0,0.06143320648367466,0.0,0.0,356.9999996891463,1500,1660,0,0,1500,1500,1500,2.0,0.30000001192092896,20.0,0.0,20.0,150.0,1660
2026-08-06T15:48:10.356+03:00,19.001043,RC_CHANNELS,Recording ALT_HOLD response for 15.0 seconds,ALT_HOLD,7,1,2.0,2.0,0.06143320648367466,0.0,0.0,356.9999996891463,1500,1660,0,0,1500,1500,1500,2.0,0.30000001192092896,20.0,0.0,20.0,150.0,1660
2026-08-06T15:48:10.417+03:00,19.061974,V2_CHANNEL_STATUS,Recording ALT_HOLD response for 15.0 seconds,ALT_HOLD,7,1,2.0,2.0,0.06143320648367466,0.0,0.0,356.9999996891463,1500,1655,-5,0,1500,1500,1500,2.0,0.30000001192092896,20.0,0.0,20.0,150.0,1660
2026-08-06T15:48:10.519+03:00,19.163567,V2_CHANNEL_STATUS,Recording ALT_HOLD response for 15.0 seconds,ALT_HOLD,7,1,2.0,2.0,0.06143320648367466,0.0,0.0,356.9999996891463,1500,1655,-5,0,1500,1500,1500,2.0,0.30000001192092896,20.0,0.0,20.0,150.0,1660
2026-08-06T15:48:10.621+03:00,19.265277,V2_CHANNEL_STATUS,Recording ALT_HOLD response for 15.0 seconds,ALT_HOLD,7,1,2.0,2.0,0.06143320648367466,0.0,0.0,356.9999996891463,1500,1653,-7,0,1500,1500,1500,2.0,0.30000001192092896,20.0,0.0,20.0,150.0,1660
2026-08-06T15:48:10.722+03:00,19.366839,V2_CHANNEL_STATUS,Recording ALT_HOLD response for 15.0 seconds,ALT_HOLD,7,1,2.0,2.0,0.06143320648367466,0.0,0.0,356.9999996891463,1500,1653,-7,0,1500,1500,1500,2.0,0.30000001192092896,20.0,0.0,20.0,150.0,1660
2026-08-06T15:48:10.824+03:00,19.468985,V2_CHANNEL_STATUS,Recording ALT_HOLD response for 15.0 seconds,ALT_HOLD,7,1,2.0,2.0,0.06143320648367466,0.0,0.0,356.9999996891463,1500,1655,-5,0,1500,1500,1500,2.0,0.30000001192092896,20.0,0.0,20.0,150.0,1660
2026-08-06T15:48:10.865+03:00,19.509657,GLOBAL_POSITION_INT,Recording ALT_HOLD response for 15.0 seconds,ALT_HOLD,7,1,2.0,2.08,0.1572279631432043,0.0,0.0,356.9999996891463,1500,1655,-5,0,1500,1500,1500,2.0,0.30000001192092896,20.0,0.0,20.0,150.0,1660
2026-08-06T15:48:10.865+03:00,19.509979,RC_CHANNELS,Recording ALT_HOLD response for 15.0 seconds,ALT_HOLD,7,1,2.0,2.08,0.1572279631432043,0.0,0.0,356.9999996891463,1500,1655,-5,0,1500,1500,1500,2.0,0.30000001192092896,20.0,0.0,20.0,150.0,1660
2026-08-06T15:48:10.927+03:00,19.571226,V2_CHANNEL_STATUS,Recording ALT_HOLD response for 15.0 seconds,ALT_HOLD,7,1,2.0,2.08,0.1572279631432043,0.0,0.0,356.9999996891463,1500,1655,-5,0,1500,1500,1500,2.0,0.30000001192092896,20.0,0.0,20.0,150.0,1660
2026-08-06T15:48:11.028+03:00,19.672839,V2_CHANNEL_STATUS,Recording ALT_HOLD response for 15.0 seconds,ALT_HOLD,7,1,2.0,2.08,0.1572279631432043,0.0,0.0,356.9999996891463,1500,1657,-3,0,1500,1500,1500,2.0,0.30000001192092896,20.0,0.0,20.0,150.0,1660
2026-08-06T15:48:11.130+03:00,19.774578,V2_CHANNEL_STATUS,Recording ALT_HOLD response for 15.0 seconds,ALT_HOLD,7,1,2.0,2.08,0.1572279631432043,0.0,0.0,356.9999996891463,1500,1657,-3,0,1500,1500,1500,2.0,0.30000001192092896,20.0,0.0,20.0,150.0,1660
2026-08-06T15:48:11.232+03:00,19.876285,V2_CHANNEL_STATUS,Recording ALT_HOLD response for 15.0 seconds,ALT_HOLD,7,1,2.0,2.08,0.1572279631432043,0.0,0.0,356.9999996891463,1500,1657,-3,0,1500,1500,1500,2.0,0.30000001192092896,20.0,0.0,20.0,150.0,1660
2026-08-06T15:48:11.333+03:00,19.978178,V2_CHANNEL_STATUS,Recording ALT_HOLD response for 15.0 seconds,ALT_HOLD,7,1,2.0,2.08,0.1572279631432043,0.0,0.0,356.9999996891463,1500,1657,-3,0,1500,1500,1500,2.0,0.30000001192092896,20.0,0.0,20.0,150.0,1660
2026-08-06T15:48:11.354+03:00,19.998606,GLOBAL_POSITION_INT,Recording ALT_HOLD response for 15.0 seconds,ALT_HOLD,7,1,2.0,2.08,0.0,0.0,0.0,356.9999996891463,1500,1657,-3,0,1500,1500,1500,2.0,0.30000001192092896,20.0,0.0,20.0,150.0,1660
2026-08-06T15:48:11.354+03:00,19.998888,RC_CHANNELS,Recording ALT_HOLD response for 15.0 seconds,ALT_HOLD,7,1,2.0,2.08,0.0,0.0,0.0,356.9999996891463,1500,1657,-3,0,1500,1500,1500,2.0,0.30000001192092896,20.0,0.0,20.0,150.0,1660
2026-08-06T15:48:11.436+03:00,20.080332,V2_CHANNEL_STATUS,Recording ALT_HOLD response for 15.0 seconds,ALT_HOLD,7,1,2.0,2.08,0.0,0.0,0.0,356.9999996891463,1500,1657,-3,0,1500,1500,1500,2.0,0.30000001192092896,20.0,0.0,20.0,150.0,1660
2026-08-06T15:48:11.517+03:00,20.161623,V2_CHANNEL_STATUS,Recording ALT_HOLD response for 15.0 seconds,ALT_HOLD,7,1,2.0,2.08,0.0,0.0,0.0,356.9999996891463,1500,1657,-3,0,1500,1500,1500,2.0,0.30000001192092896,20.0,0.0,20.0,150.0,1660
2026-08-06T15:48:11.618+03:00,20.263134,V2_CHANNEL_STATUS,Recording ALT_HOLD response for 15.0 seconds,ALT_HOLD,7,1,2.0,2.08,0.0,0.0,0.0,356.9999996891463,1500,1657,-3,0,1500,1500,1500,2.0,0.30000001192092896,20.0,0.0,20.0,150.0,1660
2026-08-06T15:48:11.720+03:00,20.364566,V2_CHANNEL_STATUS,Recording ALT_HOLD response for 15.0 seconds,ALT_HOLD,7,1,2.0,2.08,0.0,0.0,0.0,356.9999996891463,1500,1657,-3,0,1500,1500,1500,2.0,0.30000001192092896,20.0,0.0,20.0,150.0,1660
2026-08-06T15:48:11.821+03:00,20.465998,V2_CHANNEL_STATUS,Recording ALT_HOLD response for 15.0 seconds,ALT_HOLD,7,1,2.0,2.08,0.0,0.0,0.0,356.9999996891463,1500,1657,-3,0,1500,1500,1500,2.0,0.30000001192092896,20.0,0.0,20.0,150.0,1660
2026-08-06T15:48:11.862+03:00,20.506588,GLOBAL_POSITION_INT,Recording ALT_HOLD response for 15.0 seconds,ALT_HOLD,7,1,2.0,2.08,0.0,0.0,0.0,356.9999996891463,1500,1657,-3,0,1500,1500,1500,2.0,0.30000001192092896,20.0,0.0,20.0,150.0,1660
2026-08-06T15:48:11.862+03:00,20.506987,RC_CHANNELS,Recording ALT_HOLD response for 15.0 seconds,ALT_HOLD,7,1,2.0,2.08,0.0,0.0,0.0,356.9999996891463,1500,1657,-3,0,1500,1500,1500,2.0,0.30000001192092896,20.0,0.0,20.0,150.0,1660
2026-08-06T15:48:11.923+03:00,20.568141,V2_CHANNEL_STATUS,Recording ALT_HOLD response for 15.0 seconds,ALT_HOLD,7,1,2.0,2.08,0.0,0.0,0.0,356.9999996891463,1500,1660,0,0,1500,1500,1500,2.0,0.30000001192092896,20.0,0.0,20.0,150.0,1660
2026-08-06T15:48:12.025+03:00,20.669655,V2_CHANNEL_STATUS,Recording ALT_HOLD response for 15.0 seconds,ALT_HOLD,7,1,2.0,2.08,0.0,0.0,0.0,356.9999996891463,1500,1660,0,0,1500,1500,1500,2.0,0.30000001192092896,20.0,0.0,20.0,150.0,1660
2026-08-06T15:48:12.126+03:00,20.771163,V2_CHANNEL_STATUS,Recording ALT_HOLD response for 15.0 seconds,ALT_HOLD,7,1,2.0,2.08,0.0,0.0,0.0,356.9999996891463,1500,1663,3,0,1500,1500,1500,2.0,0.30000001192092896,20.0,0.0,20.0,150.0,1660
2026-08-06T15:48:12.228+03:00,20.872604,V2_CHANNEL_STATUS,Recording ALT_HOLD response for 15.0 seconds,ALT_HOLD,7,1,2.0,2.08,0.0,0.0,0.0,356.9999996891463,1500,1663,3,0,1500,1500,1500,2.0,0.30000001192092896,20.0,0.0,20.0,150.0,1660
2026-08-06T15:48:12.329+03:00,20.974067,V2_CHANNEL_STATUS,Recording ALT_HOLD response for 15.0 seconds,ALT_HOLD,7,1,2.0,2.08,0.0,0.0,0.0,356.9999996891463,1500,1660,0,0,1500,1500,1500,2.0,0.30000001192092896,20.0,0.0,20.0,150.0,1660
2026-08-06T15:48:12.370+03:00,21.014825,GLOBAL_POSITION_INT,Recording ALT_HOLD response for 15.0 seconds,ALT_HOLD,7,1,2.0,2.009,-0.1396961476124998,0.0,0.0,356.9999996891463,1500,1660,0,0,1500,1500,1500,2.0,0.30000001192092896,20.0,0.0,20.0,150.0,1660
2026-08-06T15:48:12.370+03:00,21.015079,RC_CHANNELS,Recording ALT_HOLD response for 15.0 seconds,ALT_HOLD,7,1,2.0,2.009,-0.1396961476124998,0.0,0.0,356.9999996891463,1500,1660,0,0,1500,1500,1500,2.0,0.30000001192092896,20.0,0.0,20.0,150.0,1660
2026-08-06T15:48:12.432+03:00,21.076348,V2_CHANNEL_STATUS,Recording ALT_HOLD response for 15.0 seconds,ALT_HOLD,7,1,2.0,2.009,-0.1396961476124998,0.0,0.0,356.9999996891463,1500,1660,0,0,1500,1500,1500,2.0,0.30000001192092896,20.0,0.0,20.0,150.0,1660
2026-08-06T15:48:12.533+03:00,21.177961,V2_CHANNEL_STATUS,Recording ALT_HOLD response for 15.0 seconds,ALT_HOLD,7,1,2.0,2.009,-0.1396961476124998,0.0,0.0,356.9999996891463,1500,1661,1,0,1500,1500,1500,2.0,0.30000001192092896,20.0,0.0,20.0,150.0,1660
2026-08-06T15:48:12.635+03:00,21.279647,V2_CHANNEL_STATUS,Recording ALT_HOLD response for 15.0 seconds,ALT_HOLD,7,1,2.0,2.009,-0.1396961476124998,0.0,0.0,356.9999996891463,1500,1662,2,0,1500,1500,1500,2.0,0.30000001192092896,20.0,0.0,20.0,150.0,1660
2026-08-06T15:48:12.736+03:00,21.381158,V2_CHANNEL_STATUS,Recording ALT_HOLD response for 15.0 seconds,ALT_HOLD,7,1,2.0,2.009,-0.1396961476124998,0.0,0.0,356.9999996891463,1500,1662,2,0,1500,1500,1500,2.0,0.30000001192092896,20.0,0.0,20.0,150.0,1660
2026-08-06T15:48:12.838+03:00,21.482669,V2_CHANNEL_STATUS,Recording ALT_HOLD response for 15.0 seconds,ALT_HOLD,7,1,2.0,2.009,-0.1396961476124998,0.0,0.0,356.9999996891463,1500,1667,7,0,1500,1500,1500,2.0,0.30000001192092896,20.0,0.0,20.0,150.0,1660
2026-08-06T15:48:12.858+03:00,21.503168,GLOBAL_POSITION_INT,Recording ALT_HOLD response for 15.0 seconds,ALT_HOLD,7,1,2.0,1.94,-0.14130169033961615,0.0,0.0,356.9999996891463,1500,1667,7,0,1500,1500,1500,2.0,0.30000001192092896,20.0,0.0,20.0,150.0,1660
2026-08-06T15:48:12.859+03:00,21.503512,RC_CHANNELS,Recording ALT_HOLD response for 15.0 seconds,ALT_HOLD,7,1,2.0,1.94,-0.14130169033961615,0.0,0.0,356.9999996891463,1500,1667,7,0,1500,1500,1500,2.0,0.30000001192092896,20.0,0.0,20.0,150.0,1660
2026-08-06T15:48:12.920+03:00,21.564667,V2_CHANNEL_STATUS,Recording ALT_HOLD response for 15.0 seconds,ALT_HOLD,7,1,2.0,1.94,-0.14130169033961615,0.0,0.0,356.9999996891463,1500,1665,5,0,1500,1500,1500,2.0,0.30000001192092896,20.0,0.0,20.0,150.0,1660
2026-08-06T15:48:13.022+03:00,21.666399,V2_CHANNEL_STATUS,Recording ALT_HOLD response for 15.0 seconds,ALT_HOLD,7,1,2.0,1.94,-0.14130169033961615,0.0,0.0,356.9999996891463,1500,1665,5,0,1500,1500,1500,2.0,0.30000001192092896,20.0,0.0,20.0,150.0,1660
2026-08-06T15:48:13.123+03:00,21.767915,V2_CHANNEL_STATUS,Recording ALT_HOLD response for 15.0 seconds,ALT_HOLD,7,1,2.0,1.94,-0.14130169033961615,0.0,0.0,356.9999996891463,1500,1662,2,0,1500,1500,1500,2.0,0.30000001192092896,20.0,0.0,20.0,150.0,1660
2026-08-06T15:48:13.225+03:00,21.869312,V2_CHANNEL_STATUS,Recording ALT_HOLD response for 15.0 seconds,ALT_HOLD,7,1,2.0,1.94,-0.14130169033961615,0.0,0.0,356.9999996891463,1500,1662,2,0,1500,1500,1500,2.0,0.30000001192092896,20.0,0.0,20.0,150.0,1660
2026-08-06T15:48:13.326+03:00,21.970830,V2_CHANNEL_STATUS,Recording ALT_HOLD response for 15.0 seconds,ALT_HOLD,7,1,2.0,1.94,-0.14130169033961615,0.0,0.0,356.9999996891463,1500,1662,2,0,1500,1500,1500,2.0,0.30000001192092896,20.0,0.0,20.0,150.0,1660
2026-08-06T15:48:13.367+03:00,22.011377,GLOBAL_POSITION_INT,Recording ALT_HOLD response for 15.0 seconds,ALT_HOLD,7,1,2.0,1.92,-0.03935171977064519,0.0,0.0,356.9999996891463,1500,1662,2,0,1500,1500,1500,2.0,0.30000001192092896,20.0,0.0,20.0,150.0,1660
2026-08-06T15:48:13.367+03:00,22.011639,RC_CHANNELS,Recording ALT_HOLD response for 15.0 seconds,ALT_HOLD,7,1,2.0,1.92,-0.03935171977064519,0.0,0.0,356.9999996891463,1500,1662,2,0,1500,1500,1500,2.0,0.30000001192092896,20.0,0.0,20.0,150.0,1660
2026-08-06T15:48:13.428+03:00,22.072646,V2_CHANNEL_STATUS,Recording ALT_HOLD response for 15.0 seconds,ALT_HOLD,7,1,2.0,1.92,-0.03935171977064519,0.0,0.0,356.9999996891463,1500,1662,2,0,1500,1500,1500,2.0,0.30000001192092896,20.0,0.0,20.0,150.0,1660
2026-08-06T15:48:13.529+03:00,22.174142,V2_CHANNEL_STATUS,Recording ALT_HOLD response for 15.0 seconds,ALT_HOLD,7,1,2.0,1.92,-0.03935171977064519,0.0,0.0,356.9999996891463,1500,1662,2,0,1500,1500,1500,2.0,0.30000001192092896,20.0,0.0,20.0,150.0,1660
2026-08-06T15:48:13.631+03:00,22.275746,V2_CHANNEL_STATUS,Recording ALT_HOLD response for 15.0 seconds,ALT_HOLD,7,1,2.0,1.92,-0.03935171977064519,0.0,0.0,356.9999996891463,1500,1665,5,0,1500,1500,1500,2.0,0.30000001192092896,20.0,0.0,20.0,150.0,1660
2026-08-06T15:48:13.732+03:00,22.377158,V2_CHANNEL_STATUS,Recording ALT_HOLD response for 15.0 seconds,ALT_HOLD,7,1,2.0,1.92,-0.03935171977064519,0.0,0.0,356.9999996891463,1500,1665,5,0,1500,1500,1500,2.0,0.30000001192092896,20.0,0.0,20.0,150.0,1660
2026-08-06T15:48:13.834+03:00,22.478522,V2_CHANNEL_STATUS,Recording ALT_HOLD response for 15.0 seconds,ALT_HOLD,7,1,2.0,1.92,-0.03935171977064519,0.0,0.0,356.9999996891463,1500,1668,8,0,1500,1500,1500,2.0,0.30000001192092896,20.0,0.0,20.0,150.0,1660
2026-08-06T15:48:13.854+03:00,22.498847,GLOBAL_POSITION_INT,Recording ALT_HOLD response for 15.0 seconds,ALT_HOLD,7,1,2.0,1.87,-0.10256995210801204,0.0,0.0,356.9999996891463,1500,1668,8,0,1500,1500,1500,2.0,0.30000001192092896,20.0,0.0,20.0,150.0,1660
2026-08-06T15:48:13.854+03:00,22.499069,RC_CHANNELS,Recording ALT_HOLD response for 15.0 seconds,ALT_HOLD,7,1,2.0,1.87,-0.10256995210801204,0.0,0.0,356.9999996891463,1500,1668,8,0,1500,1500,1500,2.0,0.30000001192092896,20.0,0.0,20.0,150.0,1660
2026-08-06T15:48:13.936+03:00,22.580240,V2_CHANNEL_STATUS,Recording ALT_HOLD response for 15.0 seconds,ALT_HOLD,7,1,2.0,1.87,-0.10256995210801204,0.0,0.0,356.9999996891463,1500,1666,6,0,1500,1500,1500,2.0,0.30000001192092896,20.0,0.0,20.0,150.0,1660
2026-08-06T15:48:14.037+03:00,22.681782,V2_CHANNEL_STATUS,Recording ALT_HOLD response for 15.0 seconds,ALT_HOLD,7,1,2.0,1.87,-0.10256995210801204,0.0,0.0,356.9999996891463,1500,1666,6,0,1500,1500,1500,2.0,0.30000001192092896,20.0,0.0,20.0,150.0,1660
2026-08-06T15:48:14.139+03:00,22.783314,V2_CHANNEL_STATUS,Recording ALT_HOLD response for 15.0 seconds,ALT_HOLD,7,1,2.0,1.87,-0.10256995210801204,0.0,0.0,356.9999996891463,1500,1666,6,0,1500,1500,1500,2.0,0.30000001192092896,20.0,0.0,20.0,150.0,1660
2026-08-06T15:48:14.240+03:00,22.884919,V2_CHANNEL_STATUS,Recording ALT_HOLD response for 15.0 seconds,ALT_HOLD,7,1,2.0,1.87,-0.10256995210801204,0.0,0.0,356.9999996891463,1500,1666,6,0,1500,1500,1500,2.0,0.30000001192092896,20.0,0.0,20.0,150.0,1660
2026-08-06T15:48:14.322+03:00,22.966365,V2_CHANNEL_STATUS,Recording ALT_HOLD response for 15.0 seconds,ALT_HOLD,7,1,2.0,1.87,-0.10256995210801204,0.0,0.0,356.9999996891463,1500,1666,6,0,1500,1500,1500,2.0,0.30000001192092896,20.0,0.0,20.0,150.0,1660
2026-08-06T15:48:14.362+03:00,23.007021,GLOBAL_POSITION_INT,Recording ALT_HOLD response for 15.0 seconds,ALT_HOLD,7,1,2.0,1.83,-0.07871422966531519,0.0,0.0,356.9999996891463,1500,1666,6,0,1500,1500,1500,2.0,0.30000001192092896,20.0,0.0,20.0,150.0,1660
2026-08-06T15:48:14.363+03:00,23.007361,RC_CHANNELS,Recording ALT_HOLD response for 15.0 seconds,ALT_HOLD,7,1,2.0,1.83,-0.07871422966531519,0.0,0.0,356.9999996891463,1500,1666,6,0,1500,1500,1500,2.0,0.30000001192092896,20.0,0.0,20.0,150.0,1660
2026-08-06T15:48:14.424+03:00,23.068395,V2_CHANNEL_STATUS,Recording ALT_HOLD response for 15.0 seconds,ALT_HOLD,7,1,2.0,1.83,-0.07871422966531519,0.0,0.0,356.9999996891463,1500,1661,1,0,1500,1500,1500,2.0,0.30000001192092896,20.0,0.0,20.0,150.0,1660
2026-08-06T15:48:14.525+03:00,23.169902,V2_CHANNEL_STATUS,Recording ALT_HOLD response for 15.0 seconds,ALT_HOLD,7,1,2.0,1.83,-0.07871422966531519,0.0,0.0,356.9999996891463,1500,1661,1,0,1500,1500,1500,2.0,0.30000001192092896,20.0,0.0,20.0,150.0,1660
2026-08-06T15:48:14.627+03:00,23.271500,V2_CHANNEL_STATUS,Recording ALT_HOLD response for 15.0 seconds,ALT_HOLD,7,1,2.0,1.83,-0.07871422966531519,0.0,0.0,356.9999996891463,1500,1658,-2,0,1500,1500,1500,2.0,0.30000001192092896,20.0,0.0,20.0,150.0,1660
2026-08-06T15:48:14.728+03:00,23.372979,V2_CHANNEL_STATUS,Recording ALT_HOLD response for 15.0 seconds,ALT_HOLD,7,1,2.0,1.83,-0.07871422966531519,0.0,0.0,356.9999996891463,1500,1658,-2,0,1500,1500,1500,2.0,0.30000001192092896,20.0,0.0,20.0,150.0,1660
2026-08-06T15:48:14.830+03:00,23.474639,V2_CHANNEL_STATUS,Recording ALT_HOLD response for 15.0 seconds,ALT_HOLD,7,1,2.0,1.83,-0.07871422966531519,0.0,0.0,356.9999996891463,1500,1661,1,0,1500,1500,1500,2.0,0.30000001192092896,20.0,0.0,20.0,150.0,1660
2026-08-06T15:48:14.870+03:00,23.515190,GLOBAL_POSITION_INT,Recording ALT_HOLD response for 15.0 seconds,ALT_HOLD,7,1,2.0,1.91,0.1574282697368433,0.0,0.0,356.9999996891463,1500,1661,1,0,1500,1500,1500,2.0,0.30000001192092896,20.0,0.0,20.0,150.0,1660
2026-08-06T15:48:14.871+03:00,23.515531,RC_CHANNELS,Recording ALT_HOLD response for 15.0 seconds,ALT_HOLD,7,1,2.0,1.91,0.1574282697368433,0.0,0.0,356.9999996891463,1500,1661,1,0,1500,1500,1500,2.0,0.30000001192092896,20.0,0.0,20.0,150.0,1660
2026-08-06T15:48:14.932+03:00,23.576493,V2_CHANNEL_STATUS,Recording ALT_HOLD response for 15.0 seconds,ALT_HOLD,7,1,2.0,1.91,0.1574282697368433,0.0,0.0,356.9999996891463,1500,1662,2,0,1500,1500,1500,2.0,0.30000001192092896,20.0,0.0,20.0,150.0,1660
2026-08-06T15:48:15.033+03:00,23.678085,V2_CHANNEL_STATUS,Recording ALT_HOLD response for 15.0 seconds,ALT_HOLD,7,1,2.0,1.91,0.1574282697368433,0.0,0.0,356.9999996891463,1500,1660,0,0,1500,1500,1500,2.0,0.30000001192092896,20.0,0.0,20.0,150.0,1660
2026-08-06T15:48:15.135+03:00,23.779736,V2_CHANNEL_STATUS,Recording ALT_HOLD response for 15.0 seconds,ALT_HOLD,7,1,2.0,1.91,0.1574282697368433,0.0,0.0,356.9999996891463,1500,1660,0,0,1500,1500,1500,2.0,0.30000001192092896,20.0,0.0,20.0,150.0,1660
2026-08-06T15:48:15.237+03:00,23.881432,V2_CHANNEL_STATUS,Recording ALT_HOLD response for 15.0 seconds,ALT_HOLD,7,1,2.0,1.91,0.1574282697368433,0.0,0.0,356.9999996891463,1500,1660,0,0,1500,1500,1500,2.0,0.30000001192092896,20.0,0.0,20.0,150.0,1660
2026-08-06T15:48:15.338+03:00,23.982863,V2_CHANNEL_STATUS,Recording ALT_HOLD response for 15.0 seconds,ALT_HOLD,7,1,2.0,1.91,0.1574282697368433,0.0,0.0,356.9999996891463,1500,1652,-8,0,1500,1500,1500,2.0,0.30000001192092896,20.0,0.0,20.0,150.0,1660
2026-08-06T15:48:15.359+03:00,24.003400,GLOBAL_POSITION_INT,Recording ALT_HOLD response for 15.0 seconds,ALT_HOLD,7,1,2.0,1.98,0.14337815417363498,0.0,0.0,356.9999996891463,1500,1652,-8,0,1500,1500,1500,2.0,0.30000001192092896,20.0,0.0,20.0,150.0,1660
2026-08-06T15:48:15.359+03:00,24.003632,RC_CHANNELS,Recording ALT_HOLD response for 15.0 seconds,ALT_HOLD,7,1,2.0,1.98,0.14337815417363498,0.0,0.0,356.9999996891463,1500,1652,-8,0,1500,1500,1500,2.0,0.30000001192092896,20.0,0.0,20.0,150.0,1660
2026-08-06T15:48:15.440+03:00,24.085142,V2_CHANNEL_STATUS,Recording ALT_HOLD response for 15.0 seconds,ALT_HOLD,7,1,2.0,1.98,0.14337815417363498,0.0,0.0,356.9999996891463,1500,1652,-8,0,1500,1500,1500,2.0,0.30000001192092896,20.0,0.0,20.0,150.0,1660
2026-08-06T15:48:15.542+03:00,24.186815,V2_CHANNEL_STATUS,Recording ALT_HOLD response for 15.0 seconds,ALT_HOLD,7,1,2.0,1.98,0.14337815417363498,0.0,0.0,356.9999996891463,1500,1659,-1,0,1500,1500,1500,2.0,0.30000001192092896,20.0,0.0,20.0,150.0,1660
2026-08-06T15:48:15.644+03:00,24.288220,V2_CHANNEL_STATUS,Recording ALT_HOLD response for 15.0 seconds,ALT_HOLD,7,1,2.0,1.98,0.14337815417363498,0.0,0.0,356.9999996891463,1500,1659,-1,0,1500,1500,1500,2.0,0.30000001192092896,20.0,0.0,20.0,150.0,1660
2026-08-06T15:48:15.725+03:00,24.369513,V2_CHANNEL_STATUS,Recording ALT_HOLD response for 15.0 seconds,ALT_HOLD,7,1,2.0,1.98,0.14337815417363498,0.0,0.0,356.9999996891463,1500,1658,-2,0,1500,1500,1500,2.0,0.30000001192092896,20.0,0.0,20.0,150.0,1660
2026-08-06T15:48:15.827+03:00,24.471204,V2_CHANNEL_STATUS,Recording ALT_HOLD response for 15.0 seconds,ALT_HOLD,7,1,2.0,1.98,0.14337815417363498,0.0,0.0,356.9999996891463,1500,1660,0,0,1500,1500,1500,2.0,0.30000001192092896,20.0,0.0,20.0,150.0,1660
2026-08-06T15:48:15.867+03:00,24.512005,GLOBAL_POSITION_INT,Recording ALT_HOLD response for 15.0 seconds,ALT_HOLD,7,1,2.0,2.0,0.039323564543145506,0.0,0.0,356.9999996891463,1500,1660,0,0,1500,1500,1500,2.0,0.30000001192092896,20.0,0.0,20.0,150.0,1660
2026-08-06T15:48:15.868+03:00,24.512228,RC_CHANNELS,Recording ALT_HOLD response for 15.0 seconds,ALT_HOLD,7,1,2.0,2.0,0.039323564543145506,0.0,0.0,356.9999996891463,1500,1660,0,0,1500,1500,1500,2.0,0.30000001192092896,20.0,0.0,20.0,150.0,1660
2026-08-06T15:48:15.928+03:00,24.573111,V2_CHANNEL_STATUS,Recording ALT_HOLD response for 15.0 seconds,ALT_HOLD,7,1,2.0,2.0,0.039323564543145506,0.0,0.0,356.9999996891463,1500,1660,0,0,1500,1500,1500,2.0,0.30000001192092896,20.0,0.0,20.0,150.0,1660
2026-08-06T15:48:16.030+03:00,24.674721,V2_CHANNEL_STATUS,Recording ALT_HOLD response for 15.0 seconds,ALT_HOLD,7,1,2.0,2.0,0.039323564543145506,0.0,0.0,356.9999996891463,1500,1658,-2,0,1500,1500,1500,2.0,0.30000001192092896,20.0,0.0,20.0,150.0,1660
2026-08-06T15:48:16.132+03:00,24.776251,V2_CHANNEL_STATUS,Recording ALT_HOLD response for 15.0 seconds,ALT_HOLD,7,1,2.0,2.0,0.039323564543145506,0.0,0.0,356.9999996891463,1500,1651,-9,0,1500,1500,1500,2.0,0.30000001192092896,20.0,0.0,20.0,150.0,1660
2026-08-06T15:48:16.233+03:00,24.877765,V2_CHANNEL_STATUS,Recording ALT_HOLD response for 15.0 seconds,ALT_HOLD,7,1,2.0,2.0,0.039323564543145506,0.0,0.0,356.9999996891463,1500,1651,-9,0,1500,1500,1500,2.0,0.30000001192092896,20.0,0.0,20.0,150.0,1660
2026-08-06T15:48:16.335+03:00,24.979421,V2_CHANNEL_STATUS,Recording ALT_HOLD response for 15.0 seconds,ALT_HOLD,7,1,2.0,2.0,0.039323564543145506,0.0,0.0,356.9999996891463,1500,1656,-4,0,1500,1500,1500,2.0,0.30000001192092896,20.0,0.0,20.0,150.0,1660
2026-08-06T15:48:16.355+03:00,25.000034,GLOBAL_POSITION_INT,Recording ALT_HOLD response for 15.0 seconds,ALT_HOLD,7,1,2.0,2.07,0.14343443160287797,0.0,0.0,356.9999996891463,1500,1656,-4,0,1500,1500,1500,2.0,0.30000001192092896,20.0,0.0,20.0,150.0,1660
2026-08-06T15:48:16.356+03:00,25.000258,RC_CHANNELS,Recording ALT_HOLD response for 15.0 seconds,ALT_HOLD,7,1,2.0,2.07,0.14343443160287797,0.0,0.0,356.9999996891463,1500,1656,-4,0,1500,1500,1500,2.0,0.30000001192092896,20.0,0.0,20.0,150.0,1660
2026-08-06T15:48:16.437+03:00,25.081452,V2_CHANNEL_STATUS,Recording ALT_HOLD response for 15.0 seconds,ALT_HOLD,7,1,2.0,2.07,0.14343443160287797,0.0,0.0,356.9999996891463,1500,1656,-4,0,1500,1500,1500,2.0,0.30000001192092896,20.0,0.0,20.0,150.0,1660
2026-08-06T15:48:16.538+03:00,25.182852,V2_CHANNEL_STATUS,Recording ALT_HOLD response for 15.0 seconds,ALT_HOLD,7,1,2.0,2.07,0.14343443160287797,0.0,0.0,356.9999996891463,1500,1656,-4,0,1500,1500,1500,2.0,0.30000001192092896,20.0,0.0,20.0,150.0,1660
2026-08-06T15:48:16.640+03:00,25.284795,V2_CHANNEL_STATUS,Recording ALT_HOLD response for 15.0 seconds,ALT_HOLD,7,1,2.0,2.07,0.14343443160287797,0.0,0.0,356.9999996891463,1500,1657,-3,0,1500,1500,1500,2.0,0.30000001192092896,20.0,0.0,20.0,150.0,1660
2026-08-06T15:48:16.742+03:00,25.386382,V2_CHANNEL_STATUS,Recording ALT_HOLD response for 15.0 seconds,ALT_HOLD,7,1,2.0,2.07,0.14343443160287797,0.0,0.0,356.9999996891463,1500,1657,-3,0,1500,1500,1500,2.0,0.30000001192092896,20.0,0.0,20.0,150.0,1660
2026-08-06T15:48:16.843+03:00,25.487905,V2_CHANNEL_STATUS,Recording ALT_HOLD response for 15.0 seconds,ALT_HOLD,7,1,2.0,2.07,0.14343443160287797,0.0,0.0,356.9999996891463,1500,1657,-3,0,1500,1500,1500,2.0,0.30000001192092896,20.0,0.0,20.0,150.0,1660
2026-08-06T15:48:16.864+03:00,25.508526,GLOBAL_POSITION_INT,Recording ALT_HOLD response for 15.0 seconds,ALT_HOLD,7,1,2.0,2.08,0.019666725430786475,0.0,0.0,356.9999996891463,1500,1657,-3,0,1500,1500,1500,2.0,0.30000001192092896,20.0,0.0,20.0,150.0,1660
2026-08-06T15:48:16.864+03:00,25.508896,RC_CHANNELS,Recording ALT_HOLD response for 15.0 seconds,ALT_HOLD,7,1,2.0,2.08,0.019666725430786475,0.0,0.0,356.9999996891463,1500,1657,-3,0,1500,1500,1500,2.0,0.30000001192092896,20.0,0.0,20.0,150.0,1660
2026-08-06T15:48:16.945+03:00,25.590202,V2_CHANNEL_STATUS,Recording ALT_HOLD response for 15.0 seconds,ALT_HOLD,7,1,2.0,2.08,0.019666725430786475,0.0,0.0,356.9999996891463,1500,1657,-3,0,1500,1500,1500,2.0,0.30000001192092896,20.0,0.0,20.0,150.0,1660
2026-08-06T15:48:17.027+03:00,25.671504,V2_CHANNEL_STATUS,Recording ALT_HOLD response for 15.0 seconds,ALT_HOLD,7,1,2.0,2.08,0.019666725430786475,0.0,0.0,356.9999996891463,1500,1657,-3,0,1500,1500,1500,2.0,0.30000001192092896,20.0,0.0,20.0,150.0,1660
2026-08-06T15:48:17.128+03:00,25.773087,V2_CHANNEL_STATUS,Recording ALT_HOLD response for 15.0 seconds,ALT_HOLD,7,1,2.0,2.08,0.019666725430786475,0.0,0.0,356.9999996891463,1500,1657,-3,0,1500,1500,1500,2.0,0.30000001192092896,20.0,0.0,20.0,150.0,1660
2026-08-06T15:48:17.230+03:00,25.874653,V2_CHANNEL_STATUS,Recording ALT_HOLD response for 15.0 seconds,ALT_HOLD,7,1,2.0,2.08,0.019666725430786475,0.0,0.0,356.9999996891463,1500,1657,-3,0,1500,1500,1500,2.0,0.30000001192092896,20.0,0.0,20.0,150.0,1660
2026-08-06T15:48:17.332+03:00,25.976662,V2_CHANNEL_STATUS,Recording ALT_HOLD response for 15.0 seconds,ALT_HOLD,7,1,2.0,2.08,0.019666725430786475,0.0,0.0,356.9999996891463,1500,1660,0,0,1500,1500,1500,2.0,0.30000001192092896,20.0,0.0,20.0,150.0,1660
2026-08-06T15:48:17.373+03:00,26.017492,GLOBAL_POSITION_INT,Recording ALT_HOLD response for 15.0 seconds,ALT_HOLD,7,1,2.0,2.06,-0.03929380984031654,0.0,0.0,356.9999996891463,1500,1660,0,0,1500,1500,1500,2.0,0.30000001192092896,20.0,0.0,20.0,150.0,1660
2026-08-06T15:48:17.373+03:00,26.017740,RC_CHANNELS,Recording ALT_HOLD response for 15.0 seconds,ALT_HOLD,7,1,2.0,2.06,-0.03929380984031654,0.0,0.0,356.9999996891463,1500,1660,0,0,1500,1500,1500,2.0,0.30000001192092896,20.0,0.0,20.0,150.0,1660
2026-08-06T15:48:17.434+03:00,26.078630,V2_CHANNEL_STATUS,Recording ALT_HOLD response for 15.0 seconds,ALT_HOLD,7,1,2.0,2.06,-0.03929380984031654,0.0,0.0,356.9999996891463,1500,1664,4,0,1500,1500,1500,2.0,0.30000001192092896,20.0,0.0,20.0,150.0,1660
2026-08-06T15:48:17.535+03:00,26.180055,V2_CHANNEL_STATUS,Recording ALT_HOLD response for 15.0 seconds,ALT_HOLD,7,1,2.0,2.06,-0.03929380984031654,0.0,0.0,356.9999996891463,1500,1664,4,0,1500,1500,1500,2.0,0.30000001192092896,20.0,0.0,20.0,150.0,1660
2026-08-06T15:48:17.637+03:00,26.281695,V2_CHANNEL_STATUS,Recording ALT_HOLD response for 15.0 seconds,ALT_HOLD,7,1,2.0,2.06,-0.03929380984031654,0.0,0.0,356.9999996891463,1500,1662,2,0,1500,1500,1500,2.0,0.30000001192092896,20.0,0.0,20.0,150.0,1660
2026-08-06T15:48:17.739+03:00,26.383385,V2_CHANNEL_STATUS,Recording ALT_HOLD response for 15.0 seconds,ALT_HOLD,7,1,2.0,2.06,-0.03929380984031654,0.0,0.0,356.9999996891463,1500,1662,2,0,1500,1500,1500,2.0,0.30000001192092896,20.0,0.0,20.0,150.0,1660
2026-08-06T15:48:17.840+03:00,26.484906,V2_CHANNEL_STATUS,Recording ALT_HOLD response for 15.0 seconds,ALT_HOLD,7,1,2.0,2.06,-0.03929380984031654,0.0,0.0,356.9999996891463,1500,1660,0,0,1500,1500,1500,2.0,0.30000001192092896,20.0,0.0,20.0,150.0,1660
2026-08-06T15:48:17.861+03:00,26.505669,GLOBAL_POSITION_INT,Recording ALT_HOLD response for 15.0 seconds,ALT_HOLD,7,1,2.0,2.0,-0.12290984558709948,0.0,0.0,356.9999996891463,1500,1660,0,0,1500,1500,1500,2.0,0.30000001192092896,20.0,0.0,20.0,150.0,1660
2026-08-06T15:48:17.861+03:00,26.506054,RC_CHANNELS,Recording ALT_HOLD response for 15.0 seconds,ALT_HOLD,7,1,2.0,2.0,-0.12290984558709948,0.0,0.0,356.9999996891463,1500,1660,0,0,1500,1500,1500,2.0,0.30000001192092896,20.0,0.0,20.0,150.0,1660
2026-08-06T15:48:17.943+03:00,26.587689,V2_CHANNEL_STATUS,Recording ALT_HOLD response for 15.0 seconds,ALT_HOLD,7,1,2.0,2.0,-0.12290984558709948,0.0,0.0,356.9999996891463,1500,1660,0,0,1500,1500,1500,2.0,0.30000001192092896,20.0,0.0,20.0,150.0,1660
2026-08-06T15:48:18.045+03:00,26.689994,V2_CHANNEL_STATUS,Recording ALT_HOLD response for 15.0 seconds,ALT_HOLD,7,1,2.0,2.0,-0.12290984558709948,0.0,0.0,356.9999996891463,1500,1662,2,0,1500,1500,1500,2.0,0.30000001192092896,20.0,0.0,20.0,150.0,1660
2026-08-06T15:48:18.147+03:00,26.791933,V2_CHANNEL_STATUS,Recording ALT_HOLD response for 15.0 seconds,ALT_HOLD,7,1,2.0,2.0,-0.12290984558709948,0.0,0.0,356.9999996891463,1500,1667,7,0,1500,1500,1500,2.0,0.30000001192092896,20.0,0.0,20.0,150.0,1660
2026-08-06T15:48:18.229+03:00,26.873458,V2_CHANNEL_STATUS,Recording ALT_HOLD response for 15.0 seconds,ALT_HOLD,7,1,2.0,2.0,-0.12290984558709948,0.0,0.0,356.9999996891463,1500,1667,7,0,1500,1500,1500,2.0,0.30000001192092896,20.0,0.0,20.0,150.0,1660
2026-08-06T15:48:18.330+03:00,26.975009,V2_CHANNEL_STATUS,Recording ALT_HOLD response for 15.0 seconds,ALT_HOLD,7,1,2.0,2.0,-0.12290984558709948,0.0,0.0,356.9999996891463,1500,1664,4,0,1500,1500,1500,2.0,0.30000001192092896,20.0,0.0,20.0,150.0,1660
2026-08-06T15:48:18.371+03:00,27.015867,GLOBAL_POSITION_INT,Recording ALT_HOLD response for 15.0 seconds,ALT_HOLD,7,1,2.0,1.92,-0.15679770449406313,0.0,0.0,356.9999996891463,1500,1664,4,0,1500,1500,1500,2.0,0.30000001192092896,20.0,0.0,20.0,150.0,1660
2026-08-06T15:48:18.371+03:00,27.016103,RC_CHANNELS,Recording ALT_HOLD response for 15.0 seconds,ALT_HOLD,7,1,2.0,1.92,-0.15679770449406313,0.0,0.0,356.9999996891463,1500,1664,4,0,1500,1500,1500,2.0,0.30000001192092896,20.0,0.0,20.0,150.0,1660
2026-08-06T15:48:18.432+03:00,27.076939,V2_CHANNEL_STATUS,Recording ALT_HOLD response for 15.0 seconds,ALT_HOLD,7,1,2.0,1.92,-0.15679770449406313,0.0,0.0,356.9999996891463,1500,1662,2,0,1500,1500,1500,2.0,0.30000001192092896,20.0,0.0,20.0,150.0,1660
2026-08-06T15:48:18.534+03:00,27.178312,V2_CHANNEL_STATUS,Recording ALT_HOLD response for 15.0 seconds,ALT_HOLD,7,1,2.0,1.92,-0.15679770449406313,0.0,0.0,356.9999996891463,1500,1662,2,0,1500,1500,1500,2.0,0.30000001192092896,20.0,0.0,20.0,150.0,1660
2026-08-06T15:48:18.635+03:00,27.279760,V2_CHANNEL_STATUS,Recording ALT_HOLD response for 15.0 seconds,ALT_HOLD,7,1,2.0,1.92,-0.15679770449406313,0.0,0.0,356.9999996891463,1500,1662,2,0,1500,1500,1500,2.0,0.30000001192092896,20.0,0.0,20.0,150.0,1660
2026-08-06T15:48:18.737+03:00,27.381230,V2_CHANNEL_STATUS,Recording ALT_HOLD response for 15.0 seconds,ALT_HOLD,7,1,2.0,1.92,-0.15679770449406313,0.0,0.0,356.9999996891463,1500,1662,2,0,1500,1500,1500,2.0,0.30000001192092896,20.0,0.0,20.0,150.0,1660
2026-08-06T15:48:18.838+03:00,27.482760,V2_CHANNEL_STATUS,Recording ALT_HOLD response for 15.0 seconds,ALT_HOLD,7,1,2.0,1.92,-0.15679770449406313,0.0,0.0,356.9999996891463,1500,1662,2,0,1500,1500,1500,2.0,0.30000001192092896,20.0,0.0,20.0,150.0,1660
2026-08-06T15:48:18.859+03:00,27.503264,GLOBAL_POSITION_INT,Recording ALT_HOLD response for 15.0 seconds,ALT_HOLD,7,1,2.0,1.92,0.0,0.0,0.0,356.9999996891463,1500,1662,2,0,1500,1500,1500,2.0,0.30000001192092896,20.0,0.0,20.0,150.0,1660
2026-08-06T15:48:18.859+03:00,27.503530,RC_CHANNELS,Recording ALT_HOLD response for 15.0 seconds,ALT_HOLD,7,1,2.0,1.92,0.0,0.0,0.0,356.9999996891463,1500,1662,2,0,1500,1500,1500,2.0,0.30000001192092896,20.0,0.0,20.0,150.0,1660
2026-08-06T15:48:18.940+03:00,27.584650,V2_CHANNEL_STATUS,Recording ALT_HOLD response for 15.0 seconds,ALT_HOLD,7,1,2.0,1.92,0.0,0.0,0.0,356.9999996891463,1500,1662,2,0,1500,1500,1500,2.0,0.30000001192092896,20.0,0.0,20.0,150.0,1660
2026-08-06T15:48:19.042+03:00,27.686236,V2_CHANNEL_STATUS,Recording ALT_HOLD response for 15.0 seconds,ALT_HOLD,7,1,2.0,1.92,0.0,0.0,0.0,356.9999996891463,1500,1662,2,0,1500,1500,1500,2.0,0.30000001192092896,20.0,0.0,20.0,150.0,1660
2026-08-06T15:48:19.143+03:00,27.787890,V2_CHANNEL_STATUS,Recording ALT_HOLD response for 15.0 seconds,ALT_HOLD,7,1,2.0,1.92,0.0,0.0,0.0,356.9999996891463,1500,1662,2,0,1500,1500,1500,2.0,0.30000001192092896,20.0,0.0,20.0,150.0,1660
2026-08-06T15:48:19.246+03:00,27.890281,V2_CHANNEL_STATUS,Recording ALT_HOLD response for 15.0 seconds,ALT_HOLD,7,1,2.0,1.92,0.0,0.0,0.0,356.9999996891463,1500,1662,2,0,1500,1500,1500,2.0,0.30000001192092896,20.0,0.0,20.0,150.0,1660
2026-08-06T15:48:19.348+03:00,27.992677,V2_CHANNEL_STATUS,Recording ALT_HOLD response for 15.0 seconds,ALT_HOLD,7,1,2.0,1.92,0.0,0.0,0.0,356.9999996891463,1500,1662,2,0,1500,1500,1500,2.0,0.30000001192092896,20.0,0.0,20.0,150.0,1660
2026-08-06T15:48:19.369+03:00,28.013304,GLOBAL_POSITION_INT,Recording ALT_HOLD response for 15.0 seconds,ALT_HOLD,7,1,2.0,1.92,0.0,0.0,0.0,356.9999996891463,1500,1662,2,0,1500,1500,1500,2.0,0.30000001192092896,20.0,0.0,20.0,150.0,1660
2026-08-06T15:48:19.369+03:00,28.013663,RC_CHANNELS,Recording ALT_HOLD response for 15.0 seconds,ALT_HOLD,7,1,2.0,1.92,0.0,0.0,0.0,356.9999996891463,1500,1662,2,0,1500,1500,1500,2.0,0.30000001192092896,20.0,0.0,20.0,150.0,1660
2026-08-06T15:48:19.450+03:00,28.094828,V2_CHANNEL_STATUS,Recording ALT_HOLD response for 15.0 seconds,ALT_HOLD,7,1,2.0,1.92,0.0,0.0,0.0,356.9999996891463,1500,1662,2,0,1500,1500,1500,2.0,0.30000001192092896,20.0,0.0,20.0,150.0,1660
2026-08-06T15:48:19.552+03:00,28.196310,V2_CHANNEL_STATUS,Recording ALT_HOLD response for 15.0 seconds,ALT_HOLD,7,1,2.0,1.92,0.0,0.0,0.0,356.9999996891463,1500,1662,2,0,1500,1500,1500,2.0,0.30000001192092896,20.0,0.0,20.0,150.0,1660
2026-08-06T15:48:19.633+03:00,28.277714,V2_CHANNEL_STATUS,Recording ALT_HOLD response for 15.0 seconds,ALT_HOLD,7,1,2.0,1.92,0.0,0.0,0.0,356.9999996891463,1500,1662,2,0,1500,1500,1500,2.0,0.30000001192092896,20.0,0.0,20.0,150.0,1660
2026-08-06T15:48:19.735+03:00,28.379591,V2_CHANNEL_STATUS,Recording ALT_HOLD response for 15.0 seconds,ALT_HOLD,7,1,2.0,1.92,0.0,0.0,0.0,356.9999996891463,1500,1662,2,0,1500,1500,1500,2.0,0.30000001192092896,20.0,0.0,20.0,150.0,1660
2026-08-06T15:48:19.837+03:00,28.481372,V2_CHANNEL_STATUS,Recording ALT_HOLD response for 15.0 seconds,ALT_HOLD,7,1,2.0,1.92,0.0,0.0,0.0,356.9999996891463,1500,1662,2,0,1500,1500,1500,2.0,0.30000001192092896,20.0,0.0,20.0,150.0,1660
2026-08-06T15:48:19.857+03:00,28.501917,GLOBAL_POSITION_INT,Recording ALT_HOLD response for 15.0 seconds,ALT_HOLD,7,1,2.0,1.92,0.0,0.0,0.0,356.9999996891463,1500,1662,2,0,1500,1500,1500,2.0,0.30000001192092896,20.0,0.0,20.0,150.0,1660
2026-08-06T15:48:19.857+03:00,28.502132,RC_CHANNELS,Recording ALT_HOLD response for 15.0 seconds,ALT_HOLD,7,1,2.0,1.92,0.0,0.0,0.0,356.9999996891463,1500,1662,2,0,1500,1500,1500,2.0,0.30000001192092896,20.0,0.0,20.0,150.0,1660
2026-08-06T15:48:19.939+03:00,28.583405,V2_CHANNEL_STATUS,Recording ALT_HOLD response for 15.0 seconds,ALT_HOLD,7,1,2.0,1.92,0.0,0.0,0.0,356.9999996891463,1500,1662,2,0,1500,1500,1500,2.0,0.30000001192092896,20.0,0.0,20.0,150.0,1660
2026-08-06T15:48:20.040+03:00,28.684981,V2_CHANNEL_STATUS,Recording ALT_HOLD response for 15.0 seconds,ALT_HOLD,7,1,2.0,1.92,0.0,0.0,0.0,356.9999996891463,1500,1662,2,0,1500,1500,1500,2.0,0.30000001192092896,20.0,0.0,20.0,150.0,1660
2026-08-06T15:48:20.142+03:00,28.786661,V2_CHANNEL_STATUS,Recording ALT_HOLD response for 15.0 seconds,ALT_HOLD,7,1,2.0,1.92,0.0,0.0,0.0,356.9999996891463,1500,1662,2,0,1500,1500,1500,2.0,0.30000001192092896,20.0,0.0,20.0,150.0,1660
2026-08-06T15:48:20.243+03:00,28.888128,V2_CHANNEL_STATUS,Recording ALT_HOLD response for 15.0 seconds,ALT_HOLD,7,1,2.0,1.92,0.0,0.0,0.0,356.9999996891463,1500,1662,2,0,1500,1500,1500,2.0,0.30000001192092896,20.0,0.0,20.0,150.0,1660
2026-08-06T15:48:20.345+03:00,28.989716,V2_CHANNEL_STATUS,Recording ALT_HOLD response for 15.0 seconds,ALT_HOLD,7,1,2.0,1.92,0.0,0.0,0.0,356.9999996891463,1500,1662,2,0,1500,1500,1500,2.0,0.30000001192092896,20.0,0.0,20.0,150.0,1660
2026-08-06T15:48:20.366+03:00,29.010388,GLOBAL_POSITION_INT,Recording ALT_HOLD response for 15.0 seconds,ALT_HOLD,7,1,2.0,1.92,0.0,0.0,0.0,356.9999996891463,1500,1662,2,0,1500,1500,1500,2.0,0.30000001192092896,20.0,0.0,20.0,150.0,1660
2026-08-06T15:48:20.366+03:00,29.010626,RC_CHANNELS,Recording ALT_HOLD response for 15.0 seconds,ALT_HOLD,7,1,2.0,1.92,0.0,0.0,0.0,356.9999996891463,1500,1662,2,0,1500,1500,1500,2.0,0.30000001192092896,20.0,0.0,20.0,150.0,1660
2026-08-06T15:48:20.447+03:00,29.091620,V2_CHANNEL_STATUS,Recording ALT_HOLD response for 15.0 seconds,ALT_HOLD,7,1,2.0,1.92,0.0,0.0,0.0,356.9999996891463,1500,1662,2,0,1500,1500,1500,2.0,0.30000001192092896,20.0,0.0,20.0,150.0,1660
2026-08-06T15:48:20.548+03:00,29.193071,V2_CHANNEL_STATUS,Recording ALT_HOLD response for 15.0 seconds,ALT_HOLD,7,1,2.0,1.92,0.0,0.0,0.0,356.9999996891463,1500,1660,0,0,1500,1500,1500,2.0,0.30000001192092896,20.0,0.0,20.0,150.0,1660
2026-08-06T15:48:20.650+03:00,29.294626,V2_CHANNEL_STATUS,Recording ALT_HOLD response for 15.0 seconds,ALT_HOLD,7,1,2.0,1.92,0.0,0.0,0.0,356.9999996891463,1500,1660,0,0,1500,1500,1500,2.0,0.30000001192092896,20.0,0.0,20.0,150.0,1660
2026-08-06T15:48:20.752+03:00,29.396229,V2_CHANNEL_STATUS,Recording ALT_HOLD response for 15.0 seconds,ALT_HOLD,7,1,2.0,1.92,0.0,0.0,0.0,356.9999996891463,1500,1657,-3,0,1500,1500,1500,2.0,0.30000001192092896,20.0,0.0,20.0,150.0,1660
2026-08-06T15:48:20.853+03:00,29.498051,V2_CHANNEL_STATUS,Recording ALT_HOLD response for 15.0 seconds,ALT_HOLD,7,1,2.0,1.92,0.0,0.0,0.0,356.9999996891463,1500,1657,-3,0,1500,1500,1500,2.0,0.30000001192092896,20.0,0.0,20.0,150.0,1660
2026-08-06T15:48:20.874+03:00,29.518593,GLOBAL_POSITION_INT,Recording ALT_HOLD response for 15.0 seconds,ALT_HOLD,7,1,2.0,1.99,0.13773822756675855,0.0,0.0,356.9999996891463,1500,1657,-3,0,1500,1500,1500,2.0,0.30000001192092896,20.0,0.0,20.0,150.0,1660
2026-08-06T15:48:20.874+03:00,29.518800,RC_CHANNELS,Recording ALT_HOLD response for 15.0 seconds,ALT_HOLD,7,1,2.0,1.99,0.13773822756675855,0.0,0.0,356.9999996891463,1500,1657,-3,0,1500,1500,1500,2.0,0.30000001192092896,20.0,0.0,20.0,150.0,1660
2026-08-06T15:48:20.935+03:00,29.579830,V2_CHANNEL_STATUS,Recording ALT_HOLD response for 15.0 seconds,ALT_HOLD,7,1,2.0,1.99,0.13773822756675855,0.0,0.0,356.9999996891463,1500,1657,-3,0,1500,1500,1500,2.0,0.30000001192092896,20.0,0.0,20.0,150.0,1660
2026-08-06T15:48:21.037+03:00,29.681332,V2_CHANNEL_STATUS,Recording ALT_HOLD response for 15.0 seconds,ALT_HOLD,7,1,2.0,1.99,0.13773822756675855,0.0,0.0,356.9999996891463,1500,1658,-2,0,1500,1500,1500,2.0,0.30000001192092896,20.0,0.0,20.0,150.0,1660
2026-08-06T15:48:21.138+03:00,29.782879,V2_CHANNEL_STATUS,Recording ALT_HOLD response for 15.0 seconds,ALT_HOLD,7,1,2.0,1.99,0.13773822756675855,0.0,0.0,356.9999996891463,1500,1660,0,0,1500,1500,1500,2.0,0.30000001192092896,20.0,0.0,20.0,150.0,1660
2026-08-06T15:48:21.240+03:00,29.884593,V2_CHANNEL_STATUS,Recording ALT_HOLD response for 15.0 seconds,ALT_HOLD,7,1,2.0,1.99,0.13773822756675855,0.0,0.0,356.9999996891463,1500,1660,0,0,1500,1500,1500,2.0,0.30000001192092896,20.0,0.0,20.0,150.0,1660
2026-08-06T15:48:21.341+03:00,29.986133,V2_CHANNEL_STATUS,Recording ALT_HOLD response for 15.0 seconds,ALT_HOLD,7,1,2.0,1.99,0.13773822756675855,0.0,0.0,356.9999996891463,1500,1660,0,0,1500,1500,1500,2.0,0.30000001192092896,20.0,0.0,20.0,150.0,1660
2026-08-06T15:48:21.362+03:00,30.006925,GLOBAL_POSITION_INT,Switching to MANUAL for landing,ALT_HOLD,7,1,2.0,2.0,0.02047819790760855,0.0,0.0,356.9999996891463,1600,1660,0,0,1500,1500,1500,2.0,0.30000001192092896,20.0,0.0,20.0,150.0,1660
2026-08-06T15:48:21.363+03:00,30.007304,RC_CHANNELS,Switching to MANUAL for landing,ALT_HOLD,7,1,2.0,2.0,0.02047819790760855,0.0,0.0,356.9999996891463,1600,1660,0,0,1500,1500,1500,2.0,0.30000001192092896,20.0,0.0,20.0,150.0,1660
2026-08-06T15:48:21.440+03:00,30.084670,V2_CHANNEL_STATUS,Switching to MANUAL for landing,ALT_HOLD,7,1,2.0,2.0,0.02047819790760855,0.0,0.0,356.9999996891463,1600,1600,-60,0,1500,1500,1500,2.0,0.30000001192092896,20.0,0.0,20.0,150.0,1660
2026-08-06T15:48:21.538+03:00,30.182813,V2_CHANNEL_STATUS,Switching to MANUAL for landing,ALT_HOLD,7,1,2.0,2.0,0.02047819790760855,0.0,0.0,356.9999996891463,1600,1600,-60,0,1500,1500,1500,2.0,0.30000001192092896,20.0,0.0,20.0,150.0,1660
2026-08-06T15:48:21.636+03:00,30.280943,V2_CHANNEL_STATUS,Switching to MANUAL for landing,ALT_HOLD,7,1,2.0,2.0,0.02047819790760855,0.0,0.0,356.9999996891463,1600,1600,-60,0,1500,1500,1500,2.0,0.30000001192092896,20.0,0.0,20.0,150.0,1660
2026-08-06T15:48:21.740+03:00,30.384288,V2_CHANNEL_STATUS,Switching to MANUAL for landing,ALT_HOLD,7,1,2.0,2.0,0.02047819790760855,0.0,0.0,356.9999996891463,1600,1600,-60,0,1500,1500,1500,2.0,0.30000001192092896,20.0,0.0,20.0,150.0,1660
2026-08-06T15:48:21.838+03:00,30.482334,V2_CHANNEL_STATUS,Switching to MANUAL for landing,ALT_HOLD,7,1,2.0,2.0,0.02047819790760855,0.0,0.0,356.9999996891463,1600,1600,-60,0,1500,1500,1500,2.0,0.30000001192092896,20.0,0.0,20.0,150.0,1660
2026-08-06T15:48:21.858+03:00,30.503198,GLOBAL_POSITION_INT,Switching to MANUAL for landing,ALT_HOLD,7,1,2.0,2.0,0.0,0.0,0.0,356.9999996891463,1600,1600,-60,0,1500,1500,1500,2.0,0.30000001192092896,20.0,0.0,20.0,150.0,1660
2026-08-06T15:48:21.859+03:00,30.503403,RC_CHANNELS,Switching to MANUAL for landing,ALT_HOLD,7,1,2.0,2.0,0.0,0.0,0.0,356.9999996891463,1600,1600,-60,0,1500,1500,1500,2.0,0.30000001192092896,20.0,0.0,20.0,150.0,1660
2026-08-06T15:48:21.941+03:00,30.585854,V2_CHANNEL_STATUS,Switching to MANUAL for landing,ALT_HOLD,7,1,2.0,2.0,0.0,0.0,0.0,356.9999996891463,1600,1600,-60,0,1500,1500,1500,2.0,0.30000001192092896,20.0,0.0,20.0,150.0,1660
2026-08-06T15:48:22.039+03:00,30.683631,V2_CHANNEL_STATUS,Switching to MANUAL for landing,ALT_HOLD,7,1,2.0,2.0,0.0,0.0,0.0,356.9999996891463,1600,1600,-60,0,1500,1500,1500,2.0,0.30000001192092896,20.0,0.0,20.0,150.0,1660
2026-08-06T15:48:22.142+03:00,30.786924,V2_CHANNEL_STATUS,Switching to MANUAL for landing,ALT_HOLD,7,1,2.0,2.0,0.0,0.0,0.0,356.9999996891463,1600,1600,-60,0,1500,1500,1500,2.0,0.30000001192092896,20.0,0.0,20.0,150.0,1660
2026-08-06T15:48:22.240+03:00,30.885004,V2_CHANNEL_STATUS,Switching to MANUAL for landing,ALT_HOLD,7,1,2.0,2.0,0.0,0.0,0.0,356.9999996891463,1600,1600,-60,0,1500,1500,1500,2.0,0.30000001192092896,20.0,0.0,20.0,150.0,1660
2026-08-06T15:48:22.338+03:00,30.982931,V2_CHANNEL_STATUS,Switching to MANUAL for landing,ALT_HOLD,7,1,2.0,2.0,0.0,0.0,0.0,356.9999996891463,1600,1600,-60,0,1500,1500,1500,2.0,0.30000001192092896,20.0,0.0,20.0,150.0,1660
2026-08-06T15:48:22.359+03:00,31.004077,GLOBAL_POSITION_INT,Waiting for touchdown,MANUAL,1,1,2.0,1.88,-0.2395795603851727,0.0,0.0,356.9999996891463,1600,1600,-60,0,1500,1500,1500,2.0,0.30000001192092896,20.0,0.0,20.0,150.0,1660
2026-08-06T15:48:22.360+03:00,31.004341,RC_CHANNELS,Waiting for touchdown,MANUAL,1,1,2.0,1.88,-0.2395795603851727,0.0,0.0,356.9999996891463,1600,1600,-60,0,1500,1500,1500,2.0,0.30000001192092896,20.0,0.0,20.0,150.0,1660
2026-08-06T15:48:22.442+03:00,31.086578,V2_CHANNEL_STATUS,Waiting for touchdown,MANUAL,1,1,2.0,1.88,-0.2395795603851727,0.0,0.0,356.9999996891463,1600,1600,-60,0,1500,1500,1500,2.0,0.30000001192092896,20.0,0.0,20.0,150.0,1660
2026-08-06T15:48:22.540+03:00,31.184690,V2_CHANNEL_STATUS,Waiting for touchdown,MANUAL,1,1,2.0,1.88,-0.2395795603851727,0.0,0.0,356.9999996891463,1600,1600,-60,0,1500,1500,1500,2.0,0.30000001192092896,20.0,0.0,20.0,150.0,1660
2026-08-06T15:48:22.639+03:00,31.283311,V2_CHANNEL_STATUS,Waiting for touchdown,MANUAL,1,1,2.0,1.88,-0.2395795603851727,0.0,0.0,356.9999996891463,1600,1600,-60,0,1500,1500,1500,2.0,0.30000001192092896,20.0,0.0,20.0,150.0,1660
2026-08-06T15:48:22.742+03:00,31.386560,V2_CHANNEL_STATUS,Waiting for touchdown,MANUAL,1,1,2.0,1.88,-0.2395795603851727,0.0,0.0,356.9999996891463,1600,1600,-60,0,1500,1500,1500,2.0,0.30000001192092896,20.0,0.0,20.0,150.0,1660
2026-08-06T15:48:22.840+03:00,31.484547,V2_CHANNEL_STATUS,Waiting for touchdown,MANUAL,1,1,2.0,1.88,-0.2395795603851727,0.0,0.0,356.9999996891463,1600,1600,-60,0,1500,1500,1500,2.0,0.30000001192092896,20.0,0.0,20.0,150.0,1660
2026-08-06T15:48:22.860+03:00,31.505191,GLOBAL_POSITION_INT,Waiting for touchdown,MANUAL,1,1,2.0,1.22,-1.3170477715500033,0.0,0.0,356.9999996891463,1600,1600,-60,0,1500,1500,1500,2.0,0.30000001192092896,20.0,0.0,20.0,150.0,1660
2026-08-06T15:48:22.861+03:00,31.505430,RC_CHANNELS,Waiting for touchdown,MANUAL,1,1,2.0,1.22,-1.3170477715500033,0.0,0.0,356.9999996891463,1600,1600,-60,0,1500,1500,1500,2.0,0.30000001192092896,20.0,0.0,20.0,150.0,1660
2026-08-06T15:48:22.943+03:00,31.588122,V2_CHANNEL_STATUS,Waiting for touchdown,MANUAL,1,1,2.0,1.22,-1.3170477715500033,0.0,0.0,356.9999996891463,1600,1600,-60,0,1500,1500,1500,2.0,0.30000001192092896,20.0,0.0,20.0,150.0,1660
2026-08-06T15:48:23.041+03:00,31.686003,V2_CHANNEL_STATUS,Waiting for touchdown,MANUAL,1,1,2.0,1.22,-1.3170477715500033,0.0,0.0,356.9999996891463,1600,1600,-60,0,1500,1500,1500,2.0,0.30000001192092896,20.0,0.0,20.0,150.0,1660
2026-08-06T15:48:23.139+03:00,31.783905,V2_CHANNEL_STATUS,Waiting for touchdown,MANUAL,1,1,2.0,1.22,-1.3170477715500033,0.0,0.0,356.9999996891463,1600,1600,-60,0,1500,1500,1500,2.0,0.30000001192092896,20.0,0.0,20.0,150.0,1660
2026-08-06T15:48:23.243+03:00,31.887254,V2_CHANNEL_STATUS,Waiting for touchdown,MANUAL,1,1,2.0,1.22,-1.3170477715500033,0.0,0.0,356.9999996891463,1600,1600,-60,0,1500,1500,1500,2.0,0.30000001192092896,20.0,0.0,20.0,150.0,1660
2026-08-06T15:48:23.341+03:00,31.985596,V2_CHANNEL_STATUS,Waiting for touchdown,MANUAL,1,1,2.0,1.22,-1.3170477715500033,0.0,0.0,356.9999996891463,1600,1600,-60,0,1500,1500,1500,2.0,0.30000001192092896,20.0,0.0,20.0,150.0,1660
2026-08-06T15:48:23.362+03:00,32.006327,GLOBAL_POSITION_INT,Waiting for touchdown,MANUAL,1,1,2.0,0.16,-2.1151604366727175,0.0,0.0,356.9999996891463,1600,1600,-60,0,1500,1500,1500,2.0,0.30000001192092896,20.0,0.0,20.0,150.0,1660
2026-08-06T15:48:23.362+03:00,32.006545,RC_CHANNELS,Waiting for touchdown,MANUAL,1,1,2.0,0.16,-2.1151604366727175,0.0,0.0,356.9999996891463,1600,1600,-60,0,1500,1500,1500,2.0,0.30000001192092896,20.0,0.0,20.0,150.0,1660
2026-08-06T15:48:23.444+03:00,32.088983,V2_CHANNEL_STATUS,Waiting for touchdown,MANUAL,1,1,2.0,0.16,-2.1151604366727175,0.0,0.0,356.9999996891463,1600,1600,-60,0,1500,1500,1500,2.0,0.30000001192092896,20.0,0.0,20.0,150.0,1660
2026-08-06T15:48:23.542+03:00,32.186992,V2_CHANNEL_STATUS,Waiting for touchdown,MANUAL,1,1,2.0,0.16,-2.1151604366727175,0.0,0.0,356.9999996891463,1600,1600,-60,0,1500,1500,1500,2.0,0.30000001192092896,20.0,0.0,20.0,150.0,1660
2026-08-06T15:48:23.640+03:00,32.285011,V2_CHANNEL_STATUS,Waiting for touchdown,MANUAL,1,1,2.0,0.16,-2.1151604366727175,0.0,0.0,356.9999996891463,1600,1600,-60,0,1500,1500,1500,2.0,0.30000001192092896,20.0,0.0,20.0,150.0,1660
2026-08-06T15:48:23.744+03:00,32.388382,V2_CHANNEL_STATUS,Waiting for touchdown,MANUAL,1,1,2.0,0.16,-2.1151604366727175,0.0,0.0,356.9999996891463,1600,1600,-60,0,1500,1500,1500,2.0,0.30000001192092896,20.0,0.0,20.0,150.0,1660
2026-08-06T15:48:23.842+03:00,32.486574,V2_CHANNEL_STATUS,Waiting for touchdown,MANUAL,1,1,2.0,0.16,-2.1151604366727175,0.0,0.0,356.9999996891463,1600,1600,-60,0,1500,1500,1500,2.0,0.30000001192092896,20.0,0.0,20.0,150.0,1660
2026-08-06T15:48:23.857+03:00,32.502087,GLOBAL_POSITION_INT,Waiting for touchdown,MANUAL,1,1,2.0,-0.07,-0.4639339502709186,0.0,0.0,356.9999996891463,1600,1600,-60,0,1500,1500,1500,2.0,0.30000001192092896,20.0,0.0,20.0,150.0,1660
2026-08-06T15:48:23.858+03:00,32.502306,RC_CHANNELS,Waiting for touchdown,MANUAL,1,1,2.0,-0.07,-0.4639339502709186,0.0,0.0,356.9999996891463,1600,1600,-60,0,1500,1500,1500,2.0,0.30000001192092896,20.0,0.0,20.0,150.0,1660
2026-08-06T15:48:23.945+03:00,32.590057,V2_CHANNEL_STATUS,Waiting for touchdown,MANUAL,1,1,2.0,-0.07,-0.4639339502709186,0.0,0.0,356.9999996891463,1600,1600,-60,0,1500,1500,1500,2.0,0.30000001192092896,20.0,0.0,20.0,150.0,1660
2026-08-06T15:48:24.043+03:00,32.687931,V2_CHANNEL_STATUS,Waiting for touchdown,MANUAL,1,1,2.0,-0.07,-0.4639339502709186,0.0,0.0,356.9999996891463,1600,1600,-60,0,1500,1500,1500,2.0,0.30000001192092896,20.0,0.0,20.0,150.0,1660
2026-08-06T15:48:24.141+03:00,32.786047,V2_CHANNEL_STATUS,Waiting for touchdown,MANUAL,1,1,2.0,-0.07,-0.4639339502709186,0.0,0.0,356.9999996891463,1600,1600,-60,0,1500,1500,1500,2.0,0.30000001192092896,20.0,0.0,20.0,150.0,1660
2026-08-06T15:48:24.245+03:00,32.889319,V2_CHANNEL_STATUS,Waiting for touchdown,MANUAL,1,1,2.0,-0.07,-0.4639339502709186,0.0,0.0,356.9999996891463,1600,1600,-60,0,1500,1500,1500,2.0,0.30000001192092896,20.0,0.0,20.0,150.0,1660
2026-08-06T15:48:24.343+03:00,32.987754,V2_CHANNEL_STATUS,Waiting for touchdown,MANUAL,1,1,2.0,-0.07,-0.4639339502709186,0.0,0.0,356.9999996891463,1600,1600,-60,0,1500,1500,1500,2.0,0.30000001192092896,20.0,0.0,20.0,150.0,1660
2026-08-06T15:48:24.359+03:00,33.003442,GLOBAL_POSITION_INT,Waiting for touchdown,MANUAL,1,1,2.0,-0.08,-0.019946069536569567,0.0,0.0,356.9999996891463,1600,1600,-60,0,1500,1500,1500,2.0,0.30000001192092896,20.0,0.0,20.0,150.0,1660
2026-08-06T15:48:24.359+03:00,33.003648,RC_CHANNELS,Waiting for touchdown,MANUAL,1,1,2.0,-0.08,-0.019946069536569567,0.0,0.0,356.9999996891463,1600,1600,-60,0,1500,1500,1500,2.0,0.30000001192092896,20.0,0.0,20.0,150.0,1660
2026-08-06T15:48:24.441+03:00,33.086198,V2_CHANNEL_STATUS,Waiting for touchdown,MANUAL,1,1,2.0,-0.08,-0.019946069536569567,0.0,0.0,356.9999996891463,1600,1600,-60,0,1500,1500,1500,2.0,0.30000001192092896,20.0,0.0,20.0,150.0,1660
2026-08-06T15:48:24.545+03:00,33.189395,V2_CHANNEL_STATUS,Waiting for touchdown,MANUAL,1,1,2.0,-0.08,-0.019946069536569567,0.0,0.0,356.9999996891463,1600,1600,-60,0,1500,1500,1500,2.0,0.30000001192092896,20.0,0.0,20.0,150.0,1660
2026-08-06T15:48:24.643+03:00,33.287242,V2_CHANNEL_STATUS,Waiting for touchdown,MANUAL,1,1,2.0,-0.08,-0.019946069536569567,0.0,0.0,356.9999996891463,1600,1600,-60,0,1500,1500,1500,2.0,0.30000001192092896,20.0,0.0,20.0,150.0,1660
2026-08-06T15:48:24.746+03:00,33.390412,V2_CHANNEL_STATUS,Waiting for touchdown,MANUAL,1,1,2.0,-0.08,-0.019946069536569567,0.0,0.0,356.9999996891463,1600,1600,-60,0,1500,1500,1500,2.0,0.30000001192092896,20.0,0.0,20.0,150.0,1660
2026-08-06T15:48:24.843+03:00,33.488170,V2_CHANNEL_STATUS,Waiting for touchdown,MANUAL,1,1,2.0,-0.08,-0.019946069536569567,0.0,0.0,356.9999996891463,1600,1600,-60,0,1500,1500,1500,2.0,0.30000001192092896,20.0,0.0,20.0,150.0,1660
2026-08-06T15:48:24.859+03:00,33.503699,GLOBAL_POSITION_INT,Waiting for touchdown,MANUAL,1,1,2.0,-0.03,0.09994852690791459,0.0,0.0,356.9999996891463,1600,1600,-60,0,1500,1500,1500,2.0,0.30000001192092896,20.0,0.0,20.0,150.0,1660
2026-08-06T15:48:24.859+03:00,33.503917,RC_CHANNELS,Waiting for touchdown,MANUAL,1,1,2.0,-0.03,0.09994852690791459,0.0,0.0,356.9999996891463,1600,1600,-60,0,1500,1500,1500,2.0,0.30000001192092896,20.0,0.0,20.0,150.0,1660
2026-08-06T15:48:24.947+03:00,33.591898,V2_CHANNEL_STATUS,Disarming and waiting for IDLE,MANUAL,1,1,2.0,-0.03,0.09994852690791459,0.0,0.0,356.9999996891463,1000,1000,-660,1,1500,1500,1500,2.0,0.30000001192092896,20.0,0.0,20.0,150.0,1660
2026-08-06T15:48:25.045+03:00,33.689956,V2_CHANNEL_STATUS,Disarming and waiting for IDLE,MANUAL,1,1,2.0,-0.03,0.09994852690791459,0.0,0.0,356.9999996891463,1000,1000,-660,1,1500,1500,1500,2.0,0.30000001192092896,20.0,0.0,20.0,150.0,1660
2026-08-06T15:48:25.146+03:00,33.790298,V2_CHANNEL_STATUS,Disarming and waiting for IDLE,MANUAL,1,1,2.0,-0.03,0.09994852690791459,0.0,0.0,356.9999996891463,1000,1000,-660,1,1500,1500,1500,2.0,0.30000001192092896,20.0,0.0,20.0,150.0,1660
2026-08-06T15:48:25.244+03:00,33.888648,V2_CHANNEL_STATUS,Disarming and waiting for IDLE,MANUAL,1,1,2.0,-0.03,0.09994852690791459,0.0,0.0,356.9999996891463,1000,1000,-660,1,1500,1500,1500,2.0,0.30000001192092896,20.0,0.0,20.0,150.0,1660
2026-08-06T15:48:25.347+03:00,33.991732,V2_CHANNEL_STATUS,Disarming and waiting for IDLE,MANUAL,1,1,2.0,-0.03,0.09994852690791459,0.0,0.0,356.9999996891463,1000,1000,-660,1,1500,1500,1500,2.0,0.30000001192092896,20.0,0.0,20.0,150.0,1660
2026-08-06T15:48:25.373+03:00,34.017391,GLOBAL_POSITION_INT,Disarming and waiting for IDLE,IDLE,0,0,2.0,0.0,0.05840119157051106,0.0,0.0,356.9999996891463,1000,1000,-660,1,1500,1500,1500,2.0,0.30000001192092896,20.0,0.0,20.0,150.0,1660
2026-08-06T15:48:25.373+03:00,34.017611,RC_CHANNELS,Disarming and waiting for IDLE,IDLE,0,0,2.0,0.0,0.05840119157051106,0.0,0.0,356.9999996891463,1000,1000,-660,1,1500,1500,1500,2.0,0.30000001192092896,20.0,0.0,20.0,150.0,1660
2026-08-06T15:48:25.455+03:00,34.099251,V2_CHANNEL_STATUS,Disarming and waiting for IDLE,IDLE,0,0,2.0,0.0,0.05840119157051106,0.0,0.0,356.9999996891463,1000,1000,-660,1,1500,1500,1500,2.0,0.30000001192092896,20.0,0.0,20.0,150.0,1660
2026-08-06T15:48:25.556+03:00,34.200933,V2_CHANNEL_STATUS,Disarming and waiting for IDLE,IDLE,0,0,2.0,0.0,0.05840119157051106,0.0,0.0,356.9999996891463,1000,1000,-660,1,1500,1500,1500,2.0,0.30000001192092896,20.0,0.0,20.0,150.0,1660
2026-08-06T15:48:25.658+03:00,34.302445,V2_CHANNEL_STATUS,Disarming and waiting for IDLE,IDLE,0,0,2.0,0.0,0.05840119157051106,0.0,0.0,356.9999996891463,1000,1000,-660,1,1500,1500,1500,2.0,0.30000001192092896,20.0,0.0,20.0,150.0,1660
2026-08-06T15:48:25.759+03:00,34.404070,V2_CHANNEL_STATUS,Disarming and waiting for IDLE,IDLE,0,0,2.0,0.0,0.05840119157051106,0.0,0.0,356.9999996891463,1000,1000,-660,1,1500,1500,1500,2.0,0.30000001192092896,20.0,0.0,20.0,150.0,1660
