local_time,elapsed_s,sample_source,phase,state,state_id,armed,altitude_setpoint_m,altitude_m,vertical_speed_m_s,roll_deg,pitch_deg,yaw_deg,joystick_throttle_pwm,output_throttle_pwm,output_correction_pwm,output_saturated,output_roll_pwm,output_pitch_pwm,output_yaw_pwm,TAKEOFF_ALT,TAKEOFF_RATE,ALT_KP,ALT_KI,ALT_KD,ALT_OUT_LIMIT,HOV_BASELINE
2026-08-06T15:56:01.112+03:00,0.093770,V2_CHANNEL_STATUS,Waiting for bt-app telemetry,,,0,,,,,,,1000,1000,,0,1500,1500,1500,,,,,,,
2026-08-06T15:56:01.211+03:00,0.192358,V2_CHANNEL_STATUS,Waiting for bt-app telemetry,,,0,,,,,,,1000,1000,,0,1500,1500,1500,,,,,,,
2026-08-06T15:56:01.309+03:00,0.290221,V2_CHANNEL_STATUS,Waiting for bt-app telemetry,,,0,,,,,,,1000,1000,,0,1500,1500,1500,,,,,,,
2026-08-06T15:56:01.376+03:00,0.357310,GLOBAL_POSITION_INT,Waiting for bt-app telemetry,,,0,,0.0,,,,,1000,1000,,0,1500,1500,1500,,,,,,,
2026-08-06T15:56:01.376+03:00,0.357554,RC_CHANNELS,Waiting for bt-app telemetry,,,0,,0.0,,0.0,0.0,356.9999996891463,1000,1000,,0,1500,1500,1500,,,,,,,
2026-08-06T15:56:01.412+03:00,0.393526,V2_CHANNEL_STATUS,Waiting for bt-app telemetry,,,0,,0.0,,0.0,0.0,356.9999996891463,1000,1000,,0,1500,1500,1500,,,,,,,
2026-08-06T15:56:01.510+03:00,0.491400,V2_CHANNEL_STATUS,Waiting for bt-app telemetry,,,0,,0.0,,0.0,0.0,356.9999996891463,1000,1000,,0,1500,1500,1500,,,,,,,
2026-08-06T15:56:01.613+03:00,0.594760,V2_CHANNEL_STATUS,Waiting for bt-app telemetry,,,0,,0.0,,0.0,0.0,356.9999996891463,1000,1000,,0,1500,1500,1500,,,,,,,
2026-08-06T15:56:01.711+03:00,0.692766,V2_CHANNEL_STATUS,Waiting for bt-app telemetry,,,0,,0.0,,0.0,0.0,356.9999996891463,1000,1000,,0,1500,1500,1500,,,,,,,
2026-08-06T15:56:01.809+03:00,0.790807,V2_CHANNEL_STATUS,Waiting for bt-app telemetry,,,0,,0.0,,0.0,0.0,356.9999996891463,1000,1000,,0,1500,1500,1500,,,,,,,
2026-08-06T15:56:01.871+03:00,0.853021,GLOBAL_POSITION_INT,Waiting for bt-app telemetry,IDLE,0,0,,0.0,0.0,0.0,0.0,356.9999996891463,1000,1000,,0,1500,1500,1500,,,,,,,
2026-08-06T15:56:01.872+03:00,0.853242,RC_CHANNELS,Waiting for bt-app telemetry,IDLE,0,0,,0.0,0.0,0.0,0.0,356.9999996891463,1000,1000,,0,1500,1500,1500,,,,,,,
2026-08-06T15:56:01.913+03:00,0.894992,V2_CHANNEL_STATUS,Reading active takeoff parameters,IDLE,0,0,,0.0,0.0,0.0,0.0,356.9999996891463,1000,1000,,0,1500,1500,1500,,,20.0,0.0,40.0,,
2026-08-06T15:56:02.012+03:00,0.993188,V2_CHANNEL_STATUS,Arming in MANUAL mode,IDLE,0,0,,0.0,0.0,0.0,0.0,356.9999996891463,1000,1000,-660,1,1500,1500,1500,2.0,0.5,20.0,0.0,40.0,150.0,1660
2026-08-06T15:56:02.110+03:00,1.091375,V2_CHANNEL_STATUS,Arming in MANUAL mode,IDLE,0,0,,0.0,0.0,0.0,0.0,356.9999996891463,1000,1000,-660,1,1500,1500,1500,2.0,0.5,20.0,0.0,40.0,150.0,1660
2026-08-06T15:56:02.213+03:00,1.194662,V2_CHANNEL_STATUS,Arming in MANUAL mode,IDLE,0,0,,0.0,0.0,0.0,0.0,356.9999996891463,1000,1000,-660,1,1500,1500,1500,2.0,0.5,20.0,0.0,40.0,150.0,1660
2026-08-06T15:56:02.311+03:00,1.292723,V2_CHANNEL_STATUS,Arming in MANUAL mode,IDLE,0,0,,0.0,0.0,0.0,0.0,356.9999996891463,1000,1000,-660,1,1500,1500,1500,2.0,0.5,20.0,0.0,40.0,150.0,1660
2026-08-06T15:56:02.373+03:00,1.354907,GLOBAL_POSITION_INT,Arming in MANUAL mode,IDLE,0,0,,0.0,0.0,0.0,0.0,356.9999996891463,1000,1000,-660,1,1500,1500,1500,2.0,0.5,20.0,0.0,40.0,150.0,1660
2026-08-06T15:56:02.374+03:00,1.355162,RC_CHANNELS,Arming in MANUAL mode,IDLE,0,0,,0.0,0.0,0.0,0.0,356.9999996891463,1000,1000,-660,1,1500,1500,1500,2.0,0.5,20.0,0.0,40.0,150.0,1660
2026-08-06T15:56:02.410+03:00,1.391137,V2_CHANNEL_STATUS,Arming in MANUAL mode,IDLE,0,0,,0.0,0.0,0.0,0.0,356.9999996891463,1000,1000,-660,1,1500,1500,1500,2.0,0.5,20.0,0.0,40.0,150.0,1660
2026-08-06T15:56:02.513+03:00,1.494311,V2_CHANNEL_STATUS,Arming in MANUAL mode,IDLE,0,0,,0.0,0.0,0.0,0.0,356.9999996891463,1000,1000,-660,1,1500,1500,1500,2.0,0.5,20.0,0.0,40.0,150.0,1660
2026-08-06T15:56:02.611+03:00,1.592341,V2_CHANNEL_STATUS,Arming in MANUAL mode,IDLE,0,0,,0.0,0.0,0.0,0.0,356.9999996891463,1000,1000,-660,1,1500,1500,1500,2.0,0.5,20.0,0.0,40.0,150.0,1660
2026-08-06T15:56:02.714+03:00,1.695436,V2_CHANNEL_STATUS,Arming in MANUAL mode,IDLE,0,0,,0.0,0.0,0.0,0.0,356.9999996891463,1000,1000,-660,1,1500,1500,1500,2.0,0.5,20.0,0.0,40.0,150.0,1660
2026-08-06T15:56:02.812+03:00,1.793766,V2_CHANNEL_STATUS,Arming in MANUAL mode,IDLE,0,0,,0.0,0.0,0.0,0.0,356.9999996891463,1000,1000,-660,1,1500,1500,1500,2.0,0.5,20.0,0.0,40.0,150.0,1660
2026-08-06T15:56:02.876+03:00,1.857115,GLOBAL_POSITION_INT,Arming in MANUAL mode,6,6,0,,0.0,0.0,0.0,0.0,356.9999996891463,1000,1000,-660,1,1500,1500,1500,2.0,0.5,20.0,0.0,40.0,150.0,1660
2026-08-06T15:56:02.876+03:00,1.857399,RC_CHANNELS,Arming in MANUAL mode,6,6,0,,0.0,0.0,0.0,0.0,356.9999996891463,1000,1000,-660,1,1500,1500,1500,2.0,0.5,20.0,0.0,40.0,150.0,1660
2026-08-06T15:56:02.912+03:00,1.893681,V2_CHANNEL_STATUS,Arming in MANUAL mode,6,6,0,,0.0,0.0,0.0,0.0,356.9999996891463,1000,1000,-660,1,1500,1500,1500,2.0,0.5,20.0,0.0,40.0,150.0,1660
2026-08-06T15:56:03.016+03:00,1.997253,V2_CHANNEL_STATUS,Arming in MANUAL mode,6,6,0,,0.0,0.0,0.0,0.0,356.9999996891463,1000,1000,-660,1,1500,1500,1500,2.0,0.5,20.0,0.0,40.0,150.0,1660
2026-08-06T15:56:03.114+03:00,2.095477,V2_CHANNEL_STATUS,Arming in MANUAL mode,6,6,0,,0.0,0.0,0.0,0.0,356.9999996891463,1000,1000,-660,1,1500,1500,1500,2.0,0.5,20.0,0.0,40.0,150.0,1660
2026-08-06T15:56:03.212+03:00,2.193354,V2_CHANNEL_STATUS,Arming in MANUAL mode,6,6,0,,0.0,0.0,0.0,0.0,356.9999996891463,1000,1000,-660,1,1500,1500,1500,2.0,0.5,20.0,0.0,40.0,150.0,1660
2026-08-06T15:56:03.315+03:00,2.296644,V2_CHANNEL_STATUS,Arming in MANUAL mode,6,6,0,,0.0,0.0,0.0,0.0,356.9999996891463,1000,1000,-660,1,1500,1500,1500,2.0,0.5,20.0,0.0,40.0,150.0,1660
2026-08-06T15:56:03.372+03:00,2.353634,GLOBAL_POSITION_INT,Arming in MANUAL mode,6,6,0,,0.0,0.0,0.0,0.0,356.9999996891463,1000,1000,-660,1,1500,1500,1500,2.0,0.5,20.0,0.0,40.0,150.0,1660
2026-08-06T15:56:03.372+03:00,2.353861,RC_CHANNELS,Arming in MANUAL mode,6,6,0,,0.0,0.0,0.0,0.0,356.9999996891463,1000,1000,-660,1,1500,1500,1500,2.0,0.5,20.0,0.0,40.0,150.0,1660
2026-08-06T15:56:03.413+03:00,2.394956,V2_CHANNEL_STATUS,Arming in MANUAL mode,6,6,0,,0.0,0.0,0.0,0.0,356.9999996891463,1000,1000,-660,1,1500,1500,1500,2.0,0.5,20.0,0.0,40.0,150.0,1660
2026-08-06T15:56:03.517+03:00,2.498156,V2_CHANNEL_STATUS,Arming in MANUAL mode,6,6,0,,0.0,0.0,0.0,0.0,356.9999996891463,1000,1000,-660,1,1500,1500,1500,2.0,0.5,20.0,0.0,40.0,150.0,1660
2026-08-06T15:56:03.615+03:00,2.596920,V2_CHANNEL_STATUS,Arming in MANUAL mode,6,6,0,,0.0,0.0,0.0,0.0,356.9999996891463,1000,1000,-660,1,1500,1500,1500,2.0,0.5,20.0,0.0,40.0,150.0,1660
2026-08-06T15:56:03.713+03:00,2.695017,V2_CHANNEL_STATUS,Arming in MANUAL mode,6,6,0,,0.0,0.0,0.0,0.0,356.9999996891463,1000,1000,-660,1,1500,1500,1500,2.0,0.5,20.0,0.0,40.0,150.0,1660
2026-08-06T15:56:03.817+03:00,2.798302,V2_CHANNEL_STATUS,Arming in MANUAL mode,6,6,0,,0.0,0.0,0.0,0.0,356.9999996891463,1000,1000,-660,1,1500,1500,1500,2.0,0.5,20.0,0.0,40.0,150.0,1660
2026-08-06T15:56:03.874+03:00,2.855823,GLOBAL_POSITION_INT,Arming in MANUAL mode,6,6,0,,0.0,0.0,0.0,0.0,356.9999996891463,1000,1000,-660,1,1500,1500,1500,2.0,0.5,20.0,0.0,40.0,150.0,1660
2026-08-06T15:56:03.875+03:00,2.856043,RC_CHANNELS,Arming in MANUAL mode,6,6,0,,0.0,0.0,0.0,0.0,356.9999996891463,1000,1000,-660,1,1500,1500,1500,2.0,0.5,20.0,0.0,40.0,150.0,1660
2026-08-06T15:56:03.916+03:00,2.897212,V2_CHANNEL_STATUS,Arming in MANUAL mode,6,6,0,,0.0,0.0,0.0,0.0,356.9999996891463,1000,1000,-660,1,1500,1500,1500,2.0,0.5,20.0,0.0,40.0,150.0,1660
2026-08-06T15:56:04.014+03:00,2.995259,V2_CHANNEL_STATUS,Arming in MANUAL mode,6,6,0,,0.0,0.0,0.0,0.0,356.9999996891463,1000,1000,-660,1,1500,1500,1500,2.0,0.5,20.0,0.0,40.0,150.0,1660
2026-08-06T15:56:04.117+03:00,3.098676,V2_CHANNEL_STATUS,Arming in MANUAL mode,6,6,0,,0.0,0.0,0.0,0.0,356.9999996891463,1000,1000,-660,1,1500,1500,1500,2.0,0.5,20.0,0.0,40.0,150.0,1660
2026-08-06T15:56:04.215+03:00,3.196831,V2_CHANNEL_STATUS,Arming in MANUAL mode,6,6,0,,0.0,0.0,0.0,0.0,356.9999996891463,1000,1000,-660,1,1500,1500,1500,2.0,0.5,20.0,0.0,40.0,150.0,1660
2026-08-06T15:56:04.318+03:00,3.299965,V2_CHANNEL_STATUS,Arming in MANUAL mode,6,6,0,,0.0,0.0,0.0,0.0,356.9999996891463,1000,1000,-660,1,1500,1500,1500,2.0,0.5,20.0,0.0,40.0,150.0,1660
2026-08-06T15:56:04.375+03:00,3.356996,GLOBAL_POSITION_INT,Arming in MANUAL mode,6,6,0,,0.0,0.0,0.0,0.0,356.9999996891463,1000,1000,-660,1,1500,1500,1500,2.0,0.5,20.0,0.0,40.0,150.0,1660
2026-08-06T15:56:04.376+03:00,3.357280,RC_CHANNELS,Arming in MANUAL mode,6,6,0,,0.0,0.0,0.0,0.0,356.9999996891463,1000,1000,-660,1,1500,1500,1500,2.0,0.5,20.0,0.0,40.0,150.0,1660
2026-08-06T15:56:04.417+03:00,3.398408,V2_CHANNEL_STATUS,Arming in MANUAL mode,6,6,0,,0.0,0.0,0.0,0.0,356.9999996891463,1000,1000,-660,1,1500,1500,1500,2.0,0.5,20.0,0.0,40.0,150.0,1660
2026-08-06T15:56:04.515+03:00,3.496312,V2_CHANNEL_STATUS,Arming in MANUAL mode,6,6,0,,0.0,0.0,0.0,0.0,356.9999996891463,1000,1000,-660,1,1500,1500,1500,2.0,0.5,20.0,0.0,40.0,150.0,1660
2026-08-06T15:56:04.618+03:00,3.599277,V2_CHANNEL_STATUS,Arming in MANUAL mode,6,6,0,,0.0,0.0,0.0,0.0,356.9999996891463,1000,1000,-660,1,1500,1500,1500,2.0,0.5,20.0,0.0,40.0,150.0,1660
2026-08-06T15:56:04.716+03:00,3.697308,V2_CHANNEL_STATUS,Arming in MANUAL mode,6,6,0,,0.0,0.0,0.0,0.0,356.9999996891463,1000,1000,-660,1,1500,1500,1500,2.0,0.5,20.0,0.0,40.0,150.0,1660
2026-08-06T15:56:04.819+03:00,3.800402,V2_CHANNEL_STATUS,Arming in MANUAL mode,6,6,0,,0.0,0.0,0.0,0.0,356.9999996891463,1000,1000,-660,1,1500,1500,1500,2.0,0.5,20.0,0.0,40.0,150.0,1660
2026-08-06T15:56:04.876+03:00,3.857257,GLOBAL_POSITION_INT,Arming in MANUAL mode,6,6,0,,0.0,0.0,0.0,0.0,356.9999996891463,1000,1000,-660,1,1500,1500,1500,2.0,0.5,20.0,0.0,40.0,150.0,1660
2026-08-06T15:56:04.876+03:00,3.857697,RC_CHANNELS,Arming in MANUAL mode,6,6,0,,0.0,0.0,0.0,0.0,356.9999996891463,1000,1000,-660,1,1500,1500,1500,2.0,0.5,20.0,0.0,40.0,150.0,1660
2026-08-06T15:56:04.917+03:00,3.898813,V2_CHANNEL_STATUS,Arming in MANUAL mode,6,6,0,,0.0,0.0,0.0,0.0,356.9999996891463,1000,1000,-660,1,1500,1500,1500,2.0,0.5,20.0,0.0,40.0,150.0,1660
2026-08-06T15:56:05.015+03:00,3.996836,V2_CHANNEL_STATUS,Arming in MANUAL mode,6,6,0,,0.0,0.0,0.0,0.0,356.9999996891463,1000,1000,-660,1,1500,1500,1500,2.0,0.5,20.0,0.0,40.0,150.0,1660
2026-08-06T15:56:05.119+03:00,4.100429,V2_CHANNEL_STATUS,Arming in MANUAL mode,6,6,0,,0.0,0.0,0.0,0.0,356.9999996891463,1000,1000,-660,1,1500,1500,1500,2.0,0.5,20.0,0.0,40.0,150.0,1660
2026-08-06T15:56:05.217+03:00,4.198568,V2_CHANNEL_STATUS,Arming in MANUAL mode,6,6,0,,0.0,0.0,0.0,0.0,356.9999996891463,1000,1000,-660,1,1500,1500,1500,2.0,0.5,20.0,0.0,40.0,150.0,1660
2026-08-06T15:56:05.320+03:00,4.301602,V2_CHANNEL_STATUS,Arming in MANUAL mode,6,6,0,,0.0,0.0,0.0,0.0,356.9999996891463,1000,1000,-660,1,1500,1500,1500,2.0,0.5,20.0,0.0,40.0,150.0,1660
2026-08-06T15:56:05.377+03:00,4.358620,GLOBAL_POSITION_INT,Arming in MANUAL mode,6,6,0,,0.0,0.0,0.0,0.0,356.9999996891463,1000,1000,-660,1,1500,1500,1500,2.0,0.5,20.0,0.0,40.0,150.0,1660
2026-08-06T15:56:05.378+03:00,4.359261,RC_CHANNELS,Arming in MANUAL mode,6,6,0,,0.0,0.0,0.0,0.0,356.9999996891463,1000,1000,-660,1,1500,1500,1500,2.0,0.5,20.0,0.0,40.0,150.0,1660
2026-08-06T15:56:05.420+03:00,4.401077,V2_CHANNEL_STATUS,Arming in MANUAL mode,6,6,0,,0.0,0.0,0.0,0.0,356.9999996891463,1000,1000,-660,1,1500,1500,1500,2.0,0.5,20.0,0.0,40.0,150.0,1660
2026-08-06T15:56:05.517+03:00,4.498939,V2_CHANNEL_STATUS,Arming in MANUAL mode,6,6,0,,0.0,0.0,0.0,0.0,356.9999996891463,1000,1000,-660,1,1500,1500,1500,2.0,0.5,20.0,0.0,40.0,150.0,1660
2026-08-06T15:56:05.621+03:00,4.602354,V2_CHANNEL_STATUS,Arming in MANUAL mode,6,6,0,,0.0,0.0,0.0,0.0,356.9999996891463,1000,1000,-660,1,1500,1500,1500,2.0,0.5,20.0,0.0,40.0,150.0,1660
2026-08-06T15:56:05.719+03:00,4.700114,V2_CHANNEL_STATUS,Arming in MANUAL mode,6,6,0,,0.0,0.0,0.0,0.0,356.9999996891463,1000,1000,-660,1,1500,1500,1500,2.0,0.5,20.0,0.0,40.0,150.0,1660
2026-08-06T15:56:05.822+03:00,4.803244,V2_CHANNEL_STATUS,Arming in MANUAL mode,6,6,0,,0.0,0.0,0.0,0.0,356.9999996891463,1000,1000,-660,1,1500,1500,1500,2.0,0.5,20.0,0.0,40.0,150.0,1660
2026-08-06T15:56:05.873+03:00,4.854998,GLOBAL_POSITION_INT,Arming in MANUAL mode,MANUAL,1,1,,0.0,0.0,0.0,0.0,356.9999996891463,1000,1000,-660,1,1500,1500,1500,2.0,0.5,20.0,0.0,40.0,150.0,1660
2026-08-06T15:56:05.874+03:00,4.855222,RC_CHANNELS,Arming in MANUAL mode,MANUAL,1,1,,0.0,0.0,0.0,0.0,356.9999996891463,1000,1000,-660,1,1500,1500,1500,2.0,0.5,20.0,0.0,40.0,150.0,1660
2026-08-06T15:56:05.920+03:00,4.901979,V2_CHANNEL_STATUS,Requesting automatic takeoff from MANUAL,MANUAL,1,1,,0.0,0.0,0.0,0.0,356.9999996891463,1000,1660,0,0,1500,1500,1500,2.0,0.5,20.0,0.0,40.0,150.0,1660
2026-08-06T15:56:06.018+03:00,4.999878,V2_CHANNEL_STATUS,Requesting automatic takeoff from MANUAL,MANUAL,1,1,,0.0,0.0,0.0,0.0,356.9999996891463,1000,1661,1,0,1500,1500,1500,2.0,0.5,20.0,0.0,40.0,150.0,1660
2026-08-06T15:56:06.122+03:00,5.103225,V2_CHANNEL_STATUS,Requesting automatic takeoff from MANUAL,MANUAL,1,1,,0.0,0.0,0.0,0.0,356.9999996891463,1000,1662,2,0,1500,1500,1500,2.0,0.5,20.0,0.0,40.0,150.0,1660
2026-08-06T15:56:06.219+03:00,5.200995,V2_CHANNEL_STATUS,Requesting automatic takeoff from MANUAL,MANUAL,1,1,,0.0,0.0,0.0,0.0,356.9999996891463,1000,1663,3,0,1500,1500,1500,2.0,0.5,20.0,0.0,40.0,150.0,1660
2026-08-06T15:56:06.323+03:00,5.304077,V2_CHANNEL_STATUS,Requesting automatic takeoff from MANUAL,MANUAL,1,1,,0.0,0.0,0.0,0.0,356.9999996891463,1000,1664,4,0,1500,1500,1500,2.0,0.5,20.0,0.0,40.0,150.0,1660
2026-08-06T15:56:06.374+03:00,5.355656,GLOBAL_POSITION_INT,Requesting automatic takeoff from MANUAL,MANUAL,1,1,,0.0,0.0,0.0,0.0,356.9999996891463,1000,1664,4,0,1500,1500,1500,2.0,0.5,20.0,0.0,40.0,150.0,1660
2026-08-06T15:56:06.374+03:00,5.355895,RC_CHANNELS,Requesting automatic takeoff from MANUAL,MANUAL,1,1,,0.0,0.0,0.0,0.0,356.9999996891463,1000,1664,4,0,1500,1500,1500,2.0,0.5,20.0,0.0,40.0,150.0,1660
2026-08-06T15:56:06.421+03:00,5.402224,V2_CHANNEL_STATUS,Requesting automatic takeoff from MANUAL,MANUAL,1,1,,0.0,0.0,0.0,0.0,356.9999996891463,1000,1665,5,0,1500,1500,1500,2.0,0.5,20.0,0.0,40.0,150.0,1660
2026-08-06T15:56:06.519+03:00,5.500120,V2_CHANNEL_STATUS,Requesting automatic takeoff from MANUAL,MANUAL,1,1,,0.0,0.0,0.0,0.0,356.9999996891463,1000,1666,6,0,1500,1500,1500,2.0,0.5,20.0,0.0,40.0,150.0,1660
2026-08-06T15:56:06.621+03:00,5.603032,V2_CHANNEL_STATUS,Requesting automatic takeoff from MANUAL,MANUAL,1,1,,0.0,0.0,0.0,0.0,356.9999996891463,1000,1667,7,0,1500,1500,1500,2.0,0.5,20.0,0.0,40.0,150.0,1660
2026-08-06T15:56:06.719+03:00,5.700948,V2_CHANNEL_STATUS,Requesting automatic takeoff from MANUAL,MANUAL,1,1,,0.0,0.0,0.0,0.0,356.9999996891463,1000,1668,8,0,1500,1500,1500,2.0,0.5,20.0,0.0,40.0,150.0,1660
2026-08-06T15:56:06.823+03:00,5.804081,V2_CHANNEL_STATUS,Requesting automatic takeoff from MANUAL,MANUAL,1,1,,0.0,0.0,0.0,0.0,356.9999996891463,1000,1669,9,0,1500,1500,1500,2.0,0.5,20.0,0.0,40.0,150.0,1660
2026-08-06T15:56:06.874+03:00,5.855745,GLOBAL_POSITION_INT,Requesting automatic takeoff from MANUAL,TAKEOFF,5,1,,0.0,0.0,0.0,0.0,356.9999996891463,1000,1669,9,0,1500,1500,1500,2.0,0.5,20.0,0.0,40.0,150.0,1660
2026-08-06T15:56:06.874+03:00,5.855944,RC_CHANNELS,Requesting automatic takeoff from MANUAL,TAKEOFF,5,1,,0.0,0.0,0.0,0.0,356.9999996891463,1000,1669,9,0,1500,1500,1500,2.0,0.5,20.0,0.0,40.0,150.0,1660
2026-08-06T15:56:06.921+03:00,5.902589,V2_CHANNEL_STATUS,Recording TAKEOFF until ALT_HOLD,TAKEOFF,5,1,,0.0,0.0,0.0,0.0,356.9999996891463,1000,1670,10,0,1500,1500,1500,2.0,0.5,20.0,0.0,40.0,150.0,1660
2026-08-06T15:56:07.019+03:00,6.000675,V2_CHANNEL_STATUS,Recording TAKEOFF until ALT_HOLD,TAKEOFF,5,1,,0.0,0.0,0.0,0.0,356.9999996891463,1000,1671,11,0,1500,1500,1500,2.0,0.5,20.0,0.0,40.0,150.0,1660
2026-08-06T15:56:07.123+03:00,6.104042,V2_CHANNEL_STATUS,Recording TAKEOFF until ALT_HOLD,TAKEOFF,5,1,,0.0,0.0,0.0,0.0,356.9999996891463,1000,1672,12,0,1500,1500,1500,2.0,0.5,20.0,0.0,40.0,150.0,1660
2026-08-06T15:56:07.220+03:00,6.201952,V2_CHANNEL_STATUS,Recording TAKEOFF until ALT_HOLD,TAKEOFF,5,1,,0.0,0.0,0.0,0.0,356.9999996891463,1000,1673,13,0,1500,1500,1500,2.0,0.5,20.0,0.0,40.0,150.0,1660
2026-08-06T15:56:07.324+03:00,6.305178,V2_CHANNEL_STATUS,Recording TAKEOFF until ALT_HOLD,TAKEOFF,5,1,,0.0,0.0,0.0,0.0,356.9999996891463,1000,1674,14,0,1500,1500,1500,2.0,0.5,20.0,0.0,40.0,150.0,1660
2026-08-06T15:56:07.375+03:00,6.356816,GLOBAL_POSITION_INT,Recording TAKEOFF until ALT_HOLD,TAKEOFF,5,1,,0.0,0.0,0.0,0.0,356.9999996891463,1000,1674,14,0,1500,1500,1500,2.0,0.5,20.0,0.0,40.0,150.0,1660
2026-08-06T15:56:07.376+03:00,6.357073,RC_CHANNELS,Recording TAKEOFF until ALT_HOLD,TAKEOFF,5,1,,0.0,0.0,0.0,0.0,356.9999996891463,1000,1674,14,0,1500,1500,1500,2.0,0.5,20.0,0.0,40.0,150.0,1660
2026-08-06T15:56:07.422+03:00,6.403539,V2_CHANNEL_STATUS,Recording TAKEOFF until ALT_HOLD,TAKEOFF,5,1,,0.0,0.0,0.0,0.0,356.9999996891463,1000,1666,6,0,1500,1500,1500,2.0,0.5,20.0,0.0,40.0,150.0,1660
2026-08-06T15:56:07.521+03:00,6.502376,V2_CHANNEL_STATUS,Recording TAKEOFF until ALT_HOLD,TAKEOFF,5,1,,0.0,0.0,0.0,0.0,356.9999996891463,1000,1667,7,0,1500,1500,1500,2.0,0.5,20.0,0.0,40.0,150.0,1660
2026-08-06T15:56:07.624+03:00,6.605642,V2_CHANNEL_STATUS,Recording TAKEOFF until ALT_HOLD,TAKEOFF,5,1,,0.0,0.0,0.0,0.0,356.9999996891463,1000,1666,6,0,1500,1500,1500,2.0,0.5,20.0,0.0,40.0,150.0,1660
2026-08-06T15:56:07.722+03:00,6.703812,V2_CHANNEL_STATUS,Recording TAKEOFF until ALT_HOLD,TAKEOFF,5,1,,0.0,0.0,0.0,0.0,356.9999996891463,1000,1667,7,0,1500,1500,1500,2.0,0.5,20.0,0.0,40.0,150.0,1660
2026-08-06T15:56:07.825+03:00,6.807028,V2_CHANNEL_STATUS,Recording TAKEOFF until ALT_HOLD,TAKEOFF,5,1,,0.0,0.0,0.0,0.0,356.9999996891463,1000,1669,9,0,1500,1500,1500,2.0,0.5,20.0,0.0,40.0,150.0,1660
2026-08-06T15:56:07.877+03:00,6.858789,GLOBAL_POSITION_INT,Recording TAKEOFF until ALT_HOLD,TAKEOFF,5,1,,0.1,0.19921752377901025,0.0,0.0,356.9999996891463,1000,1669,9,0,1500,1500,1500,2.0,0.5,20.0,0.0,40.0,150.0,1660
2026-08-06T15:56:07.878+03:00,6.859038,RC_CHANNELS,Recording TAKEOFF until ALT_HOLD,TAKEOFF,5,1,,0.1,0.19921752377901025,0.0,0.0,356.9999996891463,1000,1669,9,0,1500,1500,1500,2.0,0.5,20.0,0.0,40.0,150.0,1660
2026-08-06T15:56:07.924+03:00,6.905550,V2_CHANNEL_STATUS,Recording TAKEOFF until ALT_HOLD,TAKEOFF,5,1,,0.1,0.19921752377901025,0.0,0.0,356.9999996891463,1000,1665,5,0,1500,1500,1500,2.0,0.5,20.0,0.0,40.0,150.0,1660
2026-08-06T15:56:08.022+03:00,7.003443,V2_CHANNEL_STATUS,Recording TAKEOFF until ALT_HOLD,TAKEOFF,5,1,,0.1,0.19921752377901025,0.0,0.0,356.9999996891463,1000,1666,6,0,1500,1500,1500,2.0,0.5,20.0,0.0,40.0,150.0,1660
2026-08-06T15:56:08.125+03:00,7.106642,V2_CHANNEL_STATUS,Recording TAKEOFF until ALT_HOLD,TAKEOFF,5,1,,0.1,0.19921752377901025,0.0,0.0,356.9999996891463,1000,1665,5,0,1500,1500,1500,2.0,0.5,20.0,0.0,40.0,150.0,1660
2026-08-06T15:56:08.223+03:00,7.204682,V2_CHANNEL_STATUS,Recording TAKEOFF until ALT_HOLD,TAKEOFF,5,1,,0.1,0.19921752377901025,0.0,0.0,356.9999996891463,1000,1666,6,0,1500,1500,1500,2.0,0.5,20.0,0.0,40.0,150.0,1660
2026-08-06T15:56:08.322+03:00,7.303506,V2_CHANNEL_STATUS,Recording TAKEOFF until ALT_HOLD,TAKEOFF,5,1,,0.1,0.19921752377901025,0.0,0.0,356.9999996891463,1000,1669,9,0,1500,1500,1500,2.0,0.5,20.0,0.0,40.0,150.0,1660
2026-08-06T15:56:08.374+03:00,7.355708,GLOBAL_POSITION_INT,Recording TAKEOFF until ALT_HOLD,TAKEOFF,5,1,,0.26,0.32197893531280153,0.0,0.0,356.9999996891463,1000,1669,9,0,1500,1500,1500,2.0,0.5,20.0,0.0,40.0,150.0,1660
2026-08-06T15:56:08.374+03:00,7.355941,RC_CHANNELS,Recording TAKEOFF until ALT_HOLD,TAKEOFF,5,1,,0.26,0.32197893531280153,0.0,0.0,356.9999996891463,1000,1669,9,0,1500,1500,1500,2.0,0.5,20.0,0.0,40.0,150.0,1660
2026-08-06T15:56:08.426+03:00,7.407555,V2_CHANNEL_STATUS,Recording TAKEOFF until ALT_HOLD,TAKEOFF,5,1,,0.26,0.32197893531280153,0.0,0.0,356.9999996891463,1000,1670,10,0,1500,1500,1500,2.0,0.5,20.0,0.0,40.0,150.0,1660
2026-08-06T15:56:08.524+03:00,7.505334,V2_CHANNEL_STATUS,Recording TAKEOFF until ALT_HOLD,TAKEOFF,5,1,,0.26,0.32197893531280153,0.0,0.0,356.9999996891463,1000,1660,0,0,1500,1500,1500,2.0,0.5,20.0,0.0,40.0,150.0,1660
2026-08-06T15:56:08.627+03:00,7.608369,V2_CHANNEL_STATUS,Recording TAKEOFF until ALT_HOLD,TAKEOFF,5,1,,0.26,0.32197893531280153,0.0,0.0,356.9999996891463,1000,1660,0,0,1500,1500,1500,2.0,0.5,20.0,0.0,40.0,150.0,1660
2026-08-06T15:56:08.725+03:00,7.706347,V2_CHANNEL_STATUS,Recording TAKEOFF until ALT_HOLD,TAKEOFF,5,1,,0.26,0.32197893531280153,0.0,0.0,356.9999996891463,1000,1660,0,0,1500,1500,1500,2.0,0.5,20.0,0.0,40.0,150.0,1660
2026-08-06T15:56:08.823+03:00,7.804428,V2_CHANNEL_STATUS,Recording TAKEOFF until ALT_HOLD,TAKEOFF,5,1,,0.26,0.32197893531280153,0.0,0.0,356.9999996891463,1000,1663,3,0,1500,1500,1500,2.0,0.5,20.0,0.0,40.0,150.0,1660
2026-08-06T15:56:08.875+03:00,7.856048,GLOBAL_POSITION_INT,Recording TAKEOFF until ALT_HOLD,TAKEOFF,5,1,,0.47,0.4197132644703108,0.0,0.0,356.9999996891463,1000,1663,3,0,1500,1500,1500,2.0,0.5,20.0,0.0,40.0,150.0,1660
2026-08-06T15:56:08.875+03:00,7.856270,RC_CHANNELS,Recording TAKEOFF until ALT_HOLD,TAKEOFF,5,1,,0.47,0.4197132644703108,0.0,0.0,356.9999996891463,1000,1663,3,0,1500,1500,1500,2.0,0.5,20.0,0.0,40.0,150.0,1660
2026-08-06T15:56:08.926+03:00,7.907905,V2_CHANNEL_STATUS,Recording TAKEOFF until ALT_HOLD,TAKEOFF,5,1,,0.47,0.4197132644703108,0.0,0.0,356.9999996891463,1000,1659,-1,0,1500,1500,1500,2.0,0.5,20.0,0.0,40.0,150.0,1660
2026-08-06T15:56:09.024+03:00,8.005720,V2_CHANNEL_STATUS,Recording TAKEOFF until ALT_HOLD,TAKEOFF,5,1,,0.47,0.4197132644703108,0.0,0.0,356.9999996891463,1000,1660,0,0,1500,1500,1500,2.0,0.5,20.0,0.0,40.0,150.0,1660
2026-08-06T15:56:09.127+03:00,8.108682,V2_CHANNEL_STATUS,Recording TAKEOFF until ALT_HOLD,TAKEOFF,5,1,,0.47,0.4197132644703108,0.0,0.0,356.9999996891463,1000,1660,0,0,1500,1500,1500,2.0,0.5,20.0,0.0,40.0,150.0,1660
2026-08-06T15:56:09.226+03:00,8.207221,V2_CHANNEL_STATUS,Recording TAKEOFF until ALT_HOLD,TAKEOFF,5,1,,0.47,0.4197132644703108,0.0,0.0,356.9999996891463,1000,1660,0,0,1500,1500,1500,2.0,0.5,20.0,0.0,40.0,150.0,1660
2026-08-06T15:56:09.324+03:00,8.305110,V2_CHANNEL_STATUS,Recording TAKEOFF until ALT_HOLD,TAKEOFF,5,1,,0.47,0.4197132644703108,0.0,0.0,356.9999996891463,1000,1661,1,0,1500,1500,1500,2.0,0.5,20.0,0.0,40.0,150.0,1660
2026-08-06T15:56:09.375+03:00,8.356730,GLOBAL_POSITION_INT,Recording TAKEOFF until ALT_HOLD,TAKEOFF,5,1,,0.7,0.45937269085050103,0.0,0.0,356.9999996891463,1000,1661,1,0,1500,1500,1500,2.0,0.5,20.0,0.0,40.0,150.0,1660
2026-08-06T15:56:09.375+03:00,8.356958,RC_CHANNELS,Recording TAKEOFF until ALT_HOLD,TAKEOFF,5,1,,0.7,0.45937269085050103,0.0,0.0,356.9999996891463,1000,1661,1,0,1500,1500,1500,2.0,0.5,20.0,0.0,40.0,150.0,1660
2026-08-06T15:56:09.427+03:00,8.408659,V2_CHANNEL_STATUS,Recording TAKEOFF until ALT_HOLD,TAKEOFF,5,1,,0.7,0.45937269085050103,0.0,0.0,356.9999996891463,1000,1666,6,0,1500,1500,1500,2.0,0.5,20.0,0.0,40.0,150.0,1660
2026-08-06T15:56:09.525+03:00,8.506579,V2_CHANNEL_STATUS,Recording TAKEOFF until ALT_HOLD,TAKEOFF,5,1,,0.7,0.45937269085050103,0.0,0.0,356.9999996891463,1000,1667,7,0,1500,1500,1500,2.0,0.5,20.0,0.0,40.0,150.0,1660
2026-08-06T15:56:09.628+03:00,8.609620,V2_CHANNEL_STATUS,Recording TAKEOFF until ALT_HOLD,TAKEOFF,5,1,,0.7,0.45937269085050103,0.0,0.0,356.9999996891463,1000,1664,4,0,1500,1500,1500,2.0,0.5,20.0,0.0,40.0,150.0,1660
2026-08-06T15:56:09.726+03:00,8.707394,V2_CHANNEL_STATUS,Recording TAKEOFF until ALT_HOLD,TAKEOFF,5,1,,0.7,0.45937269085050103,0.0,0.0,356.9999996891463,1000,1659,-1,0,1500,1500,1500,2.0,0.5,20.0,0.0,40.0,150.0,1660
2026-08-06T15:56:09.829+03:00,8.810356,V2_CHANNEL_STATUS,Recording TAKEOFF until ALT_HOLD,TAKEOFF,5,1,,0.7,0.45937269085050103,0.0,0.0,356.9999996891463,1000,1660,0,0,1500,1500,1500,2.0,0.5,20.0,0.0,40.0,150.0,1660
2026-08-06T15:56:09.875+03:00,8.856861,GLOBAL_POSITION_INT,Recording TAKEOFF until ALT_HOLD,TAKEOFF,5,1,,0.98,0.5598555101644334,0.0,0.0,356.9999996891463,1000,1660,0,0,1500,1500,1500,2.0,0.5,20.0,0.0,40.0,150.0,1660
2026-08-06T15:56:09.876+03:00,8.857070,RC_CHANNELS,Recording TAKEOFF until ALT_HOLD,TAKEOFF,5,1,,0.98,0.5598555101644334,0.0,0.0,356.9999996891463,1000,1660,0,0,1500,1500,1500,2.0,0.5,20.0,0.0,40.0,150.0,1660
2026-08-06T15:56:09.927+03:00,8.908569,V2_CHANNEL_STATUS,Recording TAKEOFF until ALT_HOLD,TAKEOFF,5,1,,0.98,0.5598555101644334,0.0,0.0,356.9999996891463,1000,1660,0,0,1500,1500,1500,2.0,0.5,20.0,0.0,40.0,150.0,1660
2026-08-06T15:56:10.030+03:00,9.011657,V2_CHANNEL_STATUS,Recording TAKEOFF until ALT_HOLD,TAKEOFF,5,1,,0.98,0.5598555101644334,0.0,0.0,356.9999996891463,1000,1661,1,0,1500,1500,1500,2.0,0.5,20.0,0.0,40.0,150.0,1660
2026-08-06T15:56:10.128+03:00,9.109597,V2_CHANNEL_STATUS,Recording TAKEOFF until ALT_HOLD,TAKEOFF,5,1,,0.98,0.5598555101644334,0.0,0.0,356.9999996891463,1000,1661,1,0,1500,1500,1500,2.0,0.5,20.0,0.0,40.0,150.0,1660
2026-08-06T15:56:10.226+03:00,9.207605,V2_CHANNEL_STATUS,Recording TAKEOFF until ALT_HOLD,TAKEOFF,5,1,,0.98,0.5598555101644334,0.0,0.0,356.9999996891463,1000,1643,-17,0,1500,1500,1500,2.0,0.5,20.0,0.0,40.0,150.0,1660
2026-08-06T15:56:10.329+03:00,9.310755,V2_CHANNEL_STATUS,Recording TAKEOFF until ALT_HOLD,TAKEOFF,5,1,,0.98,0.5598555101644334,0.0,0.0,356.9999996891463,1000,1643,-17,0,1500,1500,1500,2.0,0.5,20.0,0.0,40.0,150.0,1660
2026-08-06T15:56:10.376+03:00,9.357235,GLOBAL_POSITION_INT,Recording TAKEOFF until ALT_HOLD,TAKEOFF,5,1,,1.24,0.5196105477796672,0.0,0.0,356.9999996891463,1000,1643,-17,0,1500,1500,1500,2.0,0.5,20.0,0.0,40.0,150.0,1660
2026-08-06T15:56:10.376+03:00,9.357474,RC_CHANNELS,Recording TAKEOFF until ALT_HOLD,TAKEOFF,5,1,,1.24,0.5196105477796672,0.0,0.0,356.9999996891463,1000,1643,-17,0,1500,1500,1500,2.0,0.5,20.0,0.0,40.0,150.0,1660
2026-08-06T15:56:10.428+03:00,9.409051,V2_CHANNEL_STATUS,Recording TAKEOFF until ALT_HOLD,TAKEOFF,5,1,,1.24,0.5196105477796672,0.0,0.0,356.9999996891463,1000,1657,-3,0,1500,1500,1500,2.0,0.5,20.0,0.0,40.0,150.0,1660
2026-08-06T15:56:10.531+03:00,9.512362,V2_CHANNEL_STATUS,Recording TAKEOFF until ALT_HOLD,TAKEOFF,5,1,,1.24,0.5196105477796672,0.0,0.0,356.9999996891463,1000,1642,-18,0,1500,1500,1500,2.0,0.5,20.0,0.0,40.0,150.0,1660
2026-08-06T15:56:10.629+03:00,9.610464,V2_CHANNEL_STATUS,Recording TAKEOFF until ALT_HOLD,TAKEOFF,5,1,,1.24,0.5196105477796672,0.0,0.0,356.9999996891463,1000,1658,-2,0,1500,1500,1500,2.0,0.5,20.0,0.0,40.0,150.0,1660
2026-08-06T15:56:10.727+03:00,9.708707,V2_CHANNEL_STATUS,Recording TAKEOFF until ALT_HOLD,TAKEOFF,5,1,,1.24,0.5196105477796672,0.0,0.0,356.9999996891463,1000,1658,-2,0,1500,1500,1500,2.0,0.5,20.0,0.0,40.0,150.0,1660
2026-08-06T15:56:10.830+03:00,9.811888,V2_CHANNEL_STATUS,Recording TAKEOFF until ALT_HOLD,TAKEOFF,5,1,,1.24,0.5196105477796672,0.0,0.0,356.9999996891463,1000,1654,-6,0,1500,1500,1500,2.0,0.5,20.0,0.0,40.0,150.0,1660
2026-08-06T15:56:10.877+03:00,9.858583,GLOBAL_POSITION_INT,Recording TAKEOFF until ALT_HOLD,TAKEOFF,5,1,,1.48,0.4787223303059302,0.0,0.0,356.9999996891463,1000,1654,-6,0,1500,1500,1500,2.0,0.5,20.0,0.0,40.0,150.0,1660
2026-08-06T15:56:10.877+03:00,9.858820,RC_CHANNELS,Recording TAKEOFF until ALT_HOLD,TAKEOFF,5,1,,1.48,0.4787223303059302,0.0,0.0,356.9999996891463,1000,1654,-6,0,1500,1500,1500,2.0,0.5,20.0,0.0,40.0,150.0,1660
2026-08-06T15:56:10.929+03:00,9.910514,V2_CHANNEL_STATUS,Recording TAKEOFF until ALT_HOLD,TAKEOFF,5,1,,1.48,0.4787223303059302,0.0,0.0,356.9999996891463,1000,1650,-10,0,1500,1500,1500,2.0,0.5,20.0,0.0,40.0,150.0,1660
2026-08-06T15:56:11.032+03:00,10.013624,V2_CHANNEL_STATUS,Recording TAKEOFF until ALT_HOLD,TAKEOFF,5,1,,1.48,0.4787223303059302,0.0,0.0,356.9999996891463,1000,1650,-10,0,1500,1500,1500,2.0,0.5,20.0,0.0,40.0,150.0,1660
2026-08-06T15:56:11.130+03:00,10.111651,V2_CHANNEL_STATUS,Recording TAKEOFF until ALT_HOLD,TAKEOFF,5,1,,1.48,0.4787223303059302,0.0,0.0,356.9999996891463,1000,1652,-8,0,1500,1500,1500,2.0,0.5,20.0,0.0,40.0,150.0,1660
2026-08-06T15:56:11.228+03:00,10.209495,V2_CHANNEL_STATUS,Recording TAKEOFF until ALT_HOLD,TAKEOFF,5,1,,1.48,0.4787223303059302,0.0,0.0,356.9999996891463,1000,1654,-6,0,1500,1500,1500,2.0,0.5,20.0,0.0,40.0,150.0,1660
2026-08-06T15:56:11.331+03:00,10.312645,V2_CHANNEL_STATUS,Recording TAKEOFF until ALT_HOLD,TAKEOFF,5,1,,1.48,0.4787223303059302,0.0,0.0,356.9999996891463,1000,1654,-6,0,1500,1500,1500,2.0,0.5,20.0,0.0,40.0,150.0,1660
2026-08-06T15:56:11.378+03:00,10.359285,GLOBAL_POSITION_INT,Recording TAKEOFF until ALT_HOLD,TAKEOFF,5,1,,1.65,0.3395217028468084,0.0,0.0,356.9999996891463,1000,1654,-6,0,1500,1500,1500,2.0,0.5,20.0,0.0,40.0,150.0,1660
2026-08-06T15:56:11.378+03:00,10.359599,RC_CHANNELS,Recording TAKEOFF until ALT_HOLD,TAKEOFF,5,1,,1.65,0.3395217028468084,0.0,0.0,356.9999996891463,1000,1654,-6,0,1500,1500,1500,2.0,0.5,20.0,0.0,40.0,150.0,1660
2026-08-06T15:56:11.430+03:00,10.411171,V2_CHANNEL_STATUS,Recording TAKEOFF until ALT_HOLD,TAKEOFF,5,1,,1.65,0.3395217028468084,0.0,0.0,356.9999996891463,1000,1662,2,0,1500,1500,1500,2.0,0.5,20.0,0.0,40.0,150.0,1660
2026-08-06T15:56:11.533+03:00,10.514355,V2_CHANNEL_STATUS,Recording TAKEOFF until ALT_HOLD,TAKEOFF,5,1,,1.65,0.3395217028468084,0.0,0.0,356.9999996891463,1000,1662,2,0,1500,1500,1500,2.0,0.5,20.0,0.0,40.0,150.0,1660
2026-08-06T15:56:11.632+03:00,10.613078,V2_CHANNEL_STATUS,Recording TAKEOFF until ALT_HOLD,TAKEOFF,5,1,,1.65,0.3395217028468084,0.0,0.0,356.9999996891463,1000,1654,-6,0,1500,1500,1500,2.0,0.5,20.0,0.0,40.0,150.0,1660
2026-08-06T15:56:11.730+03:00,10.711207,V2_CHANNEL_STATUS,Recording TAKEOFF until ALT_HOLD,TAKEOFF,5,1,,1.65,0.3395217028468084,0.0,0.0,356.9999996891463,1000,1647,-13,0,1500,1500,1500,2.0,0.5,20.0,0.0,40.0,150.0,1660
2026-08-06T15:56:11.833+03:00,10.814455,V2_CHANNEL_STATUS,Recording TAKEOFF until ALT_HOLD,TAKEOFF,5,1,,1.65,0.3395217028468084,0.0,0.0,356.9999996891463,1000,1647,-13,0,1500,1500,1500,2.0,0.5,20.0,0.0,40.0,150.0,1660
2026-08-06T15:56:11.874+03:00,10.856002,GLOBAL_POSITION_INT,Recording TAKEOFF until ALT_HOLD,TAKEOFF,5,1,,1.82,0.3422466184162996,0.0,0.0,356.9999996891463,1000,1647,-13,0,1500,1500,1500,2.0,0.5,20.0,0.0,40.0,150.0,1660
2026-08-06T15:56:11.875+03:00,10.856244,RC_CHANNELS,Recording TAKEOFF until ALT_HOLD,TAKEOFF,5,1,,1.82,0.3422466184162996,0.0,0.0,356.9999996891463,1000,1647,-13,0,1500,1500,1500,2.0,0.5,20.0,0.0,40.0,150.0,1660
2026-08-06T15:56:11.931+03:00,10.913012,V2_CHANNEL_STATUS,Recording TAKEOFF until ALT_HOLD,TAKEOFF,5,1,,1.82,0.3422466184162996,0.0,0.0,356.9999996891463,1000,1654,-6,0,1500,1500,1500,2.0,0.5,20.0,0.0,40.0,150.0,1660
2026-08-06T15:56:12.029+03:00,11.010965,V2_CHANNEL_STATUS,Recording TAKEOFF until ALT_HOLD,TAKEOFF,5,1,,1.82,0.3422466184162996,0.0,0.0,356.9999996891463,1000,1650,-10,0,1500,1500,1500,2.0,0.5,20.0,0.0,40.0,150.0,1660
2026-08-06T15:56:12.132+03:00,11.113919,V2_CHANNEL_STATUS,Recording TAKEOFF until ALT_HOLD,TAKEOFF,5,1,,1.82,0.3422466184162996,0.0,0.0,356.9999996891463,1000,1650,-10,0,1500,1500,1500,2.0,0.5,20.0,0.0,40.0,150.0,1660
2026-08-06T15:56:12.230+03:00,11.211970,V2_CHANNEL_STATUS,Recording TAKEOFF until ALT_HOLD,TAKEOFF,5,1,,1.82,0.3422466184162996,0.0,0.0,356.9999996891463,1000,1656,-4,0,1500,1500,1500,2.0,0.5,20.0,0.0,40.0,150.0,1660
2026-08-06T15:56:12.333+03:00,11.314945,V2_CHANNEL_STATUS,Recording TAKEOFF until ALT_HOLD,TAKEOFF,5,1,,1.82,0.3422466184162996,0.0,0.0,356.9999996891463,1000,1656,-4,0,1500,1500,1500,2.0,0.5,20.0,0.0,40.0,150.0,1660
2026-08-06T15:56:12.375+03:00,11.356341,GLOBAL_POSITION_INT,Recording TAKEOFF until ALT_HOLD,TAKEOFF,5,1,,1.91,0.17987361430810145,0.0,0.0,356.9999996891463,1000,1656,-4,0,1500,1500,1500,2.0,0.5,20.0,0.0,40.0,150.0,1660
2026-08-06T15:56:12.375+03:00,11.356564,RC_CHANNELS,Recording TAKEOFF until ALT_HOLD,TAKEOFF,5,1,,1.91,0.17987361430810145,0.0,0.0,356.9999996891463,1000,1656,-4,0,1500,1500,1500,2.0,0.5,20.0,0.0,40.0,150.0,1660
2026-08-06T15:56:12.432+03:00,11.413203,V2_CHANNEL_STATUS,Recording TAKEOFF until ALT_HOLD,TAKEOFF,5,1,,1.91,0.17987361430810145,0.0,0.0,356.9999996891463,1000,1661,1,0,1500,1500,1500,2.0,0.5,20.0,0.0,40.0,150.0,1660
2026-08-06T15:56:12.535+03:00,11.516221,V2_CHANNEL_STATUS,Recording TAKEOFF until ALT_HOLD,TAKEOFF,5,1,,1.91,0.17987361430810145,0.0,0.0,356.9999996891463,1000,1661,1,0,1500,1500,1500,2.0,0.5,20.0,0.0,40.0,150.0,1660
2026-08-06T15:56:12.633+03:00,11.614145,V2_CHANNEL_STATUS,Recording TAKEOFF until ALT_HOLD,TAKEOFF,5,1,,1.91,0.17987361430810145,0.0,0.0,356.9999996891463,1000,1660,0,0,1500,1500,1500,2.0,0.5,20.0,0.0,40.0,150.0,1660
2026-08-06T15:56:12.736+03:00,11.717053,V2_CHANNEL_STATUS,Recording TAKEOFF until ALT_HOLD,TAKEOFF,5,1,,1.91,0.17987361430810145,0.0,0.0,356.9999996891463,1000,1661,1,0,1500,1500,1500,2.0,0.5,20.0,0.0,40.0,150.0,1660
2026-08-06T15:56:12.833+03:00,11.814978,V2_CHANNEL_STATUS,Recording TAKEOFF until ALT_HOLD,TAKEOFF,5,1,,1.91,0.17987361430810145,0.0,0.0,356.9999996891463,1000,1661,1,0,1500,1500,1500,2.0,0.5,20.0,0.0,40.0,150.0,1660
2026-08-06T15:56:12.875+03:00,11.856413,GLOBAL_POSITION_INT,Recording TAKEOFF until ALT_HOLD,TAKEOFF,5,1,,1.92,0.019997297206187897,0.0,0.0,356.9999996891463,1000,1661,1,0,1500,1500,1500,2.0,0.5,20.0,0.0,40.0,150.0,1660
2026-08-06T15:56:12.875+03:00,11.856644,RC_CHANNELS,Recording TAKEOFF until ALT_HOLD,TAKEOFF,5,1,,1.92,0.019997297206187897,0.0,0.0,356.9999996891463,1000,1661,1,0,1500,1500,1500,2.0,0.5,20.0,0.0,40.0,150.0,1660
2026-08-06T15:56:12.932+03:00,11.913372,V2_CHANNEL_STATUS,Recording TAKEOFF until ALT_HOLD,TAKEOFF,5,1,,1.92,0.019997297206187897,0.0,0.0,356.9999996891463,1000,1661,1,0,1500,1500,1500,2.0,0.5,20.0,0.0,40.0,150.0,1660
2026-08-06T15:56:13.035+03:00,12.016420,V2_CHANNEL_STATUS,Recording TAKEOFF until ALT_HOLD,TAKEOFF,5,1,,1.92,0.019997297206187897,0.0,0.0,356.9999996891463,1000,1661,1,0,1500,1500,1500,2.0,0.5,20.0,0.0,40.0,150.0,1660
2026-08-06T15:56:13.133+03:00,12.114298,V2_CHANNEL_STATUS,Recording TAKEOFF until ALT_HOLD,TAKEOFF,5,1,,1.92,0.019997297206187897,0.0,0.0,356.9999996891463,1000,1661,1,0,1500,1500,1500,2.0,0.5,20.0,0.0,40.0,150.0,1660
2026-08-06T15:56:13.236+03:00,12.217742,V2_CHANNEL_STATUS,Recording TAKEOFF until ALT_HOLD,TAKEOFF,5,1,1.9199999570846558,1.92,0.019997297206187897,0.0,0.0,356.9999996891463,1000,1662,2,0,1500,1500,1500,2.0,0.5,20.0,0.0,40.0,150.0,1660
2026-08-06T15:56:13.334+03:00,12.315792,V2_CHANNEL_STATUS,Recording TAKEOFF until ALT_HOLD,TAKEOFF,5,1,1.9199999570846558,1.92,0.019997297206187897,0.0,0.0,356.9999996891463,1000,1510,-150,1,1500,1500,1500,2.0,0.5,20.0,0.0,40.0,150.0,1660
2026-08-06T15:56:13.376+03:00,12.357111,GLOBAL_POSITION_INT,Recording TAKEOFF until ALT_HOLD,TAKEOFF,5,1,1.9199999570846558,1.96,0.07988818179024723,0.0,0.0,356.9999996891463,1000,1510,-150,1,1500,1500,1500,2.0,0.5,20.0,0.0,40.0,150.0,1660
2026-08-06T15:56:13.376+03:00,12.357333,RC_CHANNELS,Recording TAKEOFF until ALT_HOLD,TAKEOFF,5,1,1.9199999570846558,1.96,0.07988818179024723,0.0,0.0,356.9999996891463,1000,1510,-150,1,1500,1500,1500,2.0,0.5,20.0,0.0,40.0,150.0,1660
2026-08-06T15:56:13.432+03:00,12.414005,V2_CHANNEL_STATUS,Recording TAKEOFF until ALT_HOLD,TAKEOFF,5,1,1.9199999570846558,1.96,0.07988818179024723,0.0,0.0,356.9999996891463,1000,1656,-4,0,1500,1500,1500,2.0,0.5,20.0,0.0,40.0,150.0,1660
2026-08-06T15:56:13.536+03:00,12.517458,V2_CHANNEL_STATUS,Recording TAKEOFF until ALT_HOLD,TAKEOFF,5,1,1.9199999570846558,1.96,0.07988818179024723,0.0,0.0,356.9999996891463,1000,1656,-4,0,1500,1500,1500,2.0,0.5,20.0,0.0,40.0,150.0,1660
2026-08-06T15:56:13.634+03:00,12.615436,V2_CHANNEL_STATUS,Recording TAKEOFF until ALT_HOLD,TAKEOFF,5,1,1.9199999570846558,1.96,0.07988818179024723,0.0,0.0,356.9999996891463,1000,1660,0,0,1500,1500,1500,2.0,0.5,20.0,0.0,40.0,150.0,1660
2026-08-06T15:56:13.737+03:00,12.718549,V2_CHANNEL_STATUS,Recording TAKEOFF until ALT_HOLD,TAKEOFF,5,1,1.9199999570846558,1.96,0.07988818179024723,0.0,0.0,356.9999996891463,1000,1666,6,0,1500,1500,1500,2.0,0.5,20.0,0.0,40.0,150.0,1660
2026-08-06T15:56:13.835+03:00,12.816571,V2_CHANNEL_STATUS,Recording TAKEOFF until ALT_HOLD,TAKEOFF,5,1,1.9199999570846558,1.96,0.07988818179024723,0.0,0.0,356.9999996891463,1000,1666,6,0,1500,1500,1500,2.0,0.5,20.0,0.0,40.0,150.0,1660
2026-08-06T15:56:13.892+03:00,12.873105,GLOBAL_POSITION_INT,Recording ALT_HOLD response for 15.0 seconds,ALT_HOLD,7,1,1.9199999570846558,1.92,-0.0775204813581691,0.0,0.0,356.9999996891463,1500,1666,6,0,1500,1500,1500,2.0,0.5,20.0,0.0,40.0,150.0,1660
2026-08-06T15:56:13.892+03:00,12.873341,RC_CHANNELS,Recording ALT_HOLD response for 15.0 seconds,ALT_HOLD,7,1,1.9199999570846558,1.92,-0.0775204813581691,0.0,0.0,356.9999996891463,1500,1666,6,0,1500,1500,1500,2.0,0.5,20.0,0.0,40.0,150.0,1660
2026-08-06T15:56:13.953+03:00,12.934219,V2_CHANNEL_STATUS,Recording ALT_HOLD response for 15.0 seconds,ALT_HOLD,7,1,1.9199999570846558,1.92,-0.0775204813581691,0.0,0.0,356.9999996891463,1500,1666,6,0,1500,1500,1500,2.0,0.5,20.0,0.0,40.0,150.0,1660
2026-08-06T15:56:14.034+03:00,13.015609,V2_CHANNEL_STATUS,Recording ALT_HOLD response for 15.0 seconds,ALT_HOLD,7,1,1.9199999570846558,1.92,-0.0775204813581691,0.0,0.0,356.9999996891463,1500,1673,13,0,1500,1500,1500,2.0,0.5,20.0,0.0,40.0,150.0,1660
2026-08-06T15:56:14.136+03:00,13.117106,V2_CHANNEL_STATUS,Recording ALT_HOLD response for 15.0 seconds,ALT_HOLD,7,1,1.9199999570846558,1.92,-0.0775204813581691,0.0,0.0,356.9999996891463,1500,1673,13,0,1500,1500,1500,2.0,0.5,20.0,0.0,40.0,150.0,1660
2026-08-06T15:56:14.237+03:00,13.218901,V2_CHANNEL_STATUS,Recording ALT_HOLD response for 15.0 seconds,ALT_HOLD,7,1,1.9199999570846558,1.92,-0.0775204813581691,0.0,0.0,356.9999996891463,1500,1674,14,0,1500,1500,1500,2.0,0.5,20.0,0.0,40.0,150.0,1660
2026-08-06T15:56:14.339+03:00,13.320514,V2_CHANNEL_STATUS,Recording ALT_HOLD response for 15.0 seconds,ALT_HOLD,7,1,1.9199999570846558,1.92,-0.0775204813581691,0.0,0.0,356.9999996891463,1500,1677,17,0,1500,1500,1500,2.0,0.5,20.0,0.0,40.0,150.0,1660
2026-08-06T15:56:14.380+03:00,13.361343,GLOBAL_POSITION_INT,Recording ALT_HOLD response for 15.0 seconds,ALT_HOLD,7,1,1.9199999570846558,1.71,-0.43012262899542203,0.0,0.0,356.9999996891463,1500,1677,17,0,1500,1500,1500,2.0,0.5,20.0,0.0,40.0,150.0,1660
2026-08-06T15:56:14.380+03:00,13.361640,RC_CHANNELS,Recording ALT_HOLD response for 15.0 seconds,ALT_HOLD,7,1,1.9199999570846558,1.71,-0.43012262899542203,0.0,0.0,356.9999996891463,1500,1677,17,0,1500,1500,1500,2.0,0.5,20.0,0.0,40.0,150.0,1660
2026-08-06T15:56:14.441+03:00,13.422648,V2_CHANNEL_STATUS,Recording ALT_HOLD response for 15.0 seconds,ALT_HOLD,7,1,1.9199999570846558,1.71,-0.43012262899542203,0.0,0.0,356.9999996891463,1500,1677,17,0,1500,1500,1500,2.0,0.5,20.0,0.0,40.0,150.0,1660
2026-08-06T15:56:14.543+03:00,13.524348,V2_CHANNEL_STATUS,Recording ALT_HOLD response for 15.0 seconds,ALT_HOLD,7,1,1.9199999570846558,1.71,-0.43012262899542203,0.0,0.0,356.9999996891463,1500,1681,21,0,1500,1500,1500,2.0,0.5,20.0,0.0,40.0,150.0,1660
2026-08-06T15:56:14.644+03:00,13.625856,V2_CHANNEL_STATUS,Recording ALT_HOLD response for 15.0 seconds,ALT_HOLD,7,1,1.9199999570846558,1.71,-0.43012262899542203,0.0,0.0,356.9999996891463,1500,1681,21,0,1500,1500,1500,2.0,0.5,20.0,0.0,40.0,150.0,1660
2026-08-06T15:56:14.746+03:00,13.727450,V2_CHANNEL_STATUS,Recording ALT_HOLD response for 15.0 seconds,ALT_HOLD,7,1,1.9199999570846558,1.71,-0.43012262899542203,0.0,0.0,356.9999996891463,1500,1676,16,0,1500,1500,1500,2.0,0.5,20.0,0.0,40.0,150.0,1660
2026-08-06T15:56:14.847+03:00,13.828890,V2_CHANNEL_STATUS,Recording ALT_HOLD response for 15.0 seconds,ALT_HOLD,7,1,1.9199999570846558,1.71,-0.43012262899542203,0.0,0.0,356.9999996891463,1500,1673,13,0,1500,1500,1500,2.0,0.5,20.0,0.0,40.0,150.0,1660
2026-08-06T15:56:14.888+03:00,13.869729,GLOBAL_POSITION_INT,Recording ALT_HOLD response for 15.0 seconds,ALT_HOLD,7,1,1.9199999570846558,1.59,-0.23603589836128414,0.0,0.0,356.9999996891463,1500,1673,13,0,1500,1500,1500,2.0,0.5,20.0,0.0,40.0,150.0,1660
2026-08-06T15:56:14.888+03:00,13.869943,RC_CHANNELS,Recording ALT_HOLD response for 15.0 seconds,ALT_HOLD,7,1,1.9199999570846558,1.59,-0.23603589836128414,0.0,0.0,356.9999996891463,1500,1673,13,0,1500,1500,1500,2.0,0.5,20.0,0.0,40.0,150.0,1660
2026-08-06T15:56:14.949+03:00,13.930943,V2_CHANNEL_STATUS,Recording ALT_HOLD response for 15.0 seconds,ALT_HOLD,7,1,1.9199999570846558,1.59,-0.23603589836128414,0.0,0.0,356.9999996891463,1500,1673,13,0,1500,1500,1500,2.0,0.5,20.0,0.0,40.0,150.0,1660
2026-08-06T15:56:15.051+03:00,14.032499,V2_CHANNEL_STATUS,Recording ALT_HOLD response for 15.0 seconds,ALT_HOLD,7,1,1.9199999570846558,1.59,-0.23603589836128414,0.0,0.0,356.9999996891463,1500,1673,13,0,1500,1500,1500,2.0,0.5,20.0,0.0,40.0,150.0,1660
2026-08-06T15:56:15.153+03:00,14.134384,V2_CHANNEL_STATUS,Recording ALT_HOLD response for 15.0 seconds,ALT_HOLD,7,1,1.9199999570846558,1.59,-0.23603589836128414,0.0,0.0,356.9999996891463,1500,1672,12,0,1500,1500,1500,2.0,0.5,20.0,0.0,40.0,150.0,1660
2026-08-06T15:56:15.255+03:00,14.236276,V2_CHANNEL_STATUS,Recording ALT_HOLD response for 15.0 seconds,ALT_HOLD,7,1,1.9199999570846558,1.59,-0.23603589836128414,0.0,0.0,356.9999996891463,1500,1672,12,0,1500,1500,1500,2.0,0.5,20.0,0.0,40.0,150.0,1660
2026-08-06T15:56:15.356+03:00,14.337830,V2_CHANNEL_STATUS,Recording ALT_HOLD response for 15.0 seconds,ALT_HOLD,7,1,1.9199999570846558,1.59,-0.23603589836128414,0.0,0.0,356.9999996891463,1500,1672,12,0,1500,1500,1500,2.0,0.5,20.0,0.0,40.0,150.0,1660
2026-08-06T15:56:15.377+03:00,14.358365,GLOBAL_POSITION_INT,Recording ALT_HOLD response for 15.0 seconds,ALT_HOLD,7,1,1.9199999570846558,1.58,-0.02046515320738106,0.0,0.0,356.9999996891463,1500,1672,12,0,1500,1500,1500,2.0,0.5,20.0,0.0,40.0,150.0,1660
2026-08-06T15:56:15.377+03:00,14.358591,RC_CHANNELS,Recording ALT_HOLD response for 15.0 seconds,ALT_HOLD,7,1,1.9199999570846558,1.58,-0.02046515320738106,0.0,0.0,356.9999996891463,1500,1672,12,0,1500,1500,1500,2.0,0.5,20.0,0.0,40.0,150.0,1660
2026-08-06T15:56:15.438+03:00,14.419736,V2_CHANNEL_STATUS,Recording ALT_HOLD response for 15.0 seconds,ALT_HOLD,7,1,1.9199999570846558,1.58,-0.02046515320738106,0.0,0.0,356.9999996891463,1500,1672,12,0,1500,1500,1500,2.0,0.5,20.0,0.0,40.0,150.0,1660
2026-08-06T15:56:15.540+03:00,14.521407,V2_CHANNEL_STATUS,Recording ALT_HOLD response for 15.0 seconds,ALT_HOLD,7,1,1.9199999570846558,1.58,-0.02046515320738106,0.0,0.0,356.9999996891463,1500,1672,12,0,1500,1500,1500,2.0,0.5,20.0,0.0,40.0,150.0,1660
2026-08-06T15:56:15.641+03:00,14.622935,V2_CHANNEL_STATUS,Recording ALT_HOLD response for 15.0 seconds,ALT_HOLD,7,1,1.9199999570846558,1.58,-0.02046515320738106,0.0,0.0,356.9999996891463,1500,1672,12,0,1500,1500,1500,2.0,0.5,20.0,0.0,40.0,150.0,1660
2026-08-06T15:56:15.743+03:00,14.724532,V2_CHANNEL_STATUS,Recording ALT_HOLD response for 15.0 seconds,ALT_HOLD,7,1,1.9199999570846558,1.58,-0.02046515320738106,0.0,0.0,356.9999996891463,1500,1672,12,0,1500,1500,1500,2.0,0.5,20.0,0.0,40.0,150.0,1660
2026-08-06T15:56:15.845+03:00,14.826309,V2_CHANNEL_STATUS,Recording ALT_HOLD response for 15.0 seconds,ALT_HOLD,7,1,1.9199999570846558,1.58,-0.02046515320738106,0.0,0.0,356.9999996891463,1500,1671,11,0,1500,1500,1500,2.0,0.5,20.0,0.0,40.0,150.0,1660
2026-08-06T15:56:15.886+03:00,14.867098,GLOBAL_POSITION_INT,Recording ALT_HOLD response for 15.0 seconds,ALT_HOLD,7,1,1.9199999570846558,1.59,0.019656680774219053,0.0,0.0,356.9999996891463,1500,1671,11,0,1500,1500,1500,2.0,0.5,20.0,0.0,40.0,150.0,1660
2026-08-06T15:56:15.886+03:00,14.867311,RC_CHANNELS,Recording ALT_HOLD response for 15.0 seconds,ALT_HOLD,7,1,1.9199999570846558,1.59,0.019656680774219053,0.0,0.0,356.9999996891463,1500,1671,11,0,1500,1500,1500,2.0,0.5,20.0,0.0,40.0,150.0,1660
2026-08-06T15:56:15.947+03:00,14.928144,V2_CHANNEL_STATUS,Recording ALT_HOLD response for 15.0 seconds,ALT_HOLD,7,1,1.9199999570846558,1.59,0.019656680774219053,0.0,0.0,356.9999996891463,1500,1663,3,0,1500,1500,1500,2.0,0.5,20.0,0.0,40.0,150.0,1660
2026-08-06T15:56:16.048+03:00,15.029663,V2_CHANNEL_STATUS,Recording ALT_HOLD response for 15.0 seconds,ALT_HOLD,7,1,1.9199999570846558,1.59,0.019656680774219053,0.0,0.0,356.9999996891463,1500,1663,3,0,1500,1500,1500,2.0,0.5,20.0,0.0,40.0,150.0,1660
2026-08-06T15:56:16.150+03:00,15.131107,V2_CHANNEL_STATUS,Recording ALT_HOLD response for 15.0 seconds,ALT_HOLD,7,1,1.9199999570846558,1.59,0.019656680774219053,0.0,0.0,356.9999996891463,1500,1662,2,0,1500,1500,1500,2.0,0.5,20.0,0.0,40.0,150.0,1660
2026-08-06T15:56:16.251+03:00,15.232717,V2_CHANNEL_STATUS,Recording ALT_HOLD response for 15.0 seconds,ALT_HOLD,7,1,1.9199999570846558,1.59,0.019656680774219053,0.0,0.0,356.9999996891463,1500,1662,2,0,1500,1500,1500,2.0,0.5,20.0,0.0,40.0,150.0,1660
2026-08-06T15:56:16.353+03:00,15.334280,V2_CHANNEL_STATUS,Recording ALT_HOLD response for 15.0 seconds,ALT_HOLD,7,1,1.9199999570846558,1.59,0.019656680774219053,0.0,0.0,356.9999996891463,1500,1663,3,0,1500,1500,1500,2.0,0.5,20.0,0.0,40.0,150.0,1660
2026-08-06T15:56:16.393+03:00,15.374961,GLOBAL_POSITION_INT,Recording ALT_HOLD response for 15.0 seconds,ALT_HOLD,7,1,1.9199999570846558,1.74,0.2953550125538846,0.0,0.0,356.9999996891463,1500,1663,3,0,1500,1500,1500,2.0,0.5,20.0,0.0,40.0,150.0,1660
2026-08-06T15:56:16.394+03:00,15.375200,RC_CHANNELS,Recording ALT_HOLD response for 15.0 seconds,ALT_HOLD,7,1,1.9199999570846558,1.74,0.2953550125538846,0.0,0.0,356.9999996891463,1500,1663,3,0,1500,1500,1500,2.0,0.5,20.0,0.0,40.0,150.0,1660
2026-08-06T15:56:16.455+03:00,15.436059,V2_CHANNEL_STATUS,Recording ALT_HOLD response for 15.0 seconds,ALT_HOLD,7,1,1.9199999570846558,1.74,0.2953550125538846,0.0,0.0,356.9999996891463,1500,1660,0,0,1500,1500,1500,2.0,0.5,20.0,0.0,40.0,150.0,1660
2026-08-06T15:56:16.556+03:00,15.537585,V2_CHANNEL_STATUS,Recording ALT_HOLD response for 15.0 seconds,ALT_HOLD,7,1,1.9199999570846558,1.74,0.2953550125538846,0.0,0.0,356.9999996891463,1500,1660,0,0,1500,1500,1500,2.0,0.5,20.0,0.0,40.0,150.0,1660
2026-08-06T15:56:16.658+03:00,15.639072,V2_CHANNEL_STATUS,Recording ALT_HOLD response for 15.0 seconds,ALT_HOLD,7,1,1.9199999570846558,1.74,0.2953550125538846,0.0,0.0,356.9999996891463,1500,1655,-5,0,1500,1500,1500,2.0,0.5,20.0,0.0,40.0,150.0,1660
2026-08-06T15:56:16.759+03:00,15.740629,V2_CHANNEL_STATUS,Recording ALT_HOLD response for 15.0 seconds,ALT_HOLD,7,1,1.9199999570846558,1.74,0.2953550125538846,0.0,0.0,356.9999996891463,1500,1655,-5,0,1500,1500,1500,2.0,0.5,20.0,0.0,40.0,150.0,1660
2026-08-06T15:56:16.840+03:00,15.821964,V2_CHANNEL_STATUS,Recording ALT_HOLD response for 15.0 seconds,ALT_HOLD,7,1,1.9199999570846558,1.74,0.2953550125538846,0.0,0.0,356.9999996891463,1500,1652,-8,0,1500,1500,1500,2.0,0.5,20.0,0.0,40.0,150.0,1660
2026-08-06T15:56:16.881+03:00,15.862891,GLOBAL_POSITION_INT,Recording ALT_HOLD response for 15.0 seconds,ALT_HOLD,7,1,1.9199999570846558,1.95,0.4303989623402127,0.0,0.0,356.9999996891463,1500,1652,-8,0,1500,1500,1500,2.0,0.5,20.0,0.0,40.0,150.0,1660
2026-08-06T15:56:16.882+03:00,15.863138,RC_CHANNELS,Recording ALT_HOLD response for 15.0 seconds,ALT_HOLD,7,1,1.9199999570846558,1.95,0.4303989623402127,0.0,0.0,356.9999996891463,1500,1652,-8,0,1500,1500,1500,2.0,0.5,20.0,0.0,40.0,150.0,1660
2026-08-06T15:56:16.942+03:00,15.923920,V2_CHANNEL_STATUS,Recording ALT_HOLD response for 15.0 seconds,ALT_HOLD,7,1,1.9199999570846558,1.95,0.4303989623402127,0.0,0.0,356.9999996891463,1500,1652,-8,0,1500,1500,1500,2.0,0.5,20.0,0.0,40.0,150.0,1660
2026-08-06T15:56:17.044+03:00,16.025679,V2_CHANNEL_STATUS,Recording ALT_HOLD response for 15.0 seconds,ALT_HOLD,7,1,1.9199999570846558,1.95,0.4303989623402127,0.0,0.0,356.9999996891463,1500,1651,-9,0,1500,1500,1500,2.0,0.5,20.0,0.0,40.0,150.0,1660
2026-08-06T15:56:17.146+03:00,16.127448,V2_CHANNEL_STATUS,Recording ALT_HOLD response for 15.0 seconds,ALT_HOLD,7,1,1.9199999570846558,1.95,0.4303989623402127,0.0,0.0,356.9999996891463,1500,1651,-9,0,1500,1500,1500,2.0,0.5,20.0,0.0,40.0,150.0,1660
2026-08-06T15:56:17.248+03:00,16.229067,V2_CHANNEL_STATUS,Recording ALT_HOLD response for 15.0 seconds,ALT_HOLD,7,1,1.9199999570846558,1.95,0.4303989623402127,0.0,0.0,356.9999996891463,1500,1648,-12,0,1500,1500,1500,2.0,0.5,20.0,0.0,40.0,150.0,1660
2026-08-06T15:56:17.349+03:00,16.330692,V2_CHANNEL_STATUS,Recording ALT_HOLD response for 15.0 seconds,ALT_HOLD,7,1,1.9199999570846558,1.95,0.4303989623402127,0.0,0.0,356.9999996891463,1500,1643,-17,0,1500,1500,1500,2.0,0.5,20.0,0.0,40.0,150.0,1660
2026-08-06T15:56:17.390+03:00,16.371256,GLOBAL_POSITION_INT,Recording ALT_HOLD response for 15.0 seconds,ALT_HOLD,7,1,1.9199999570846558,2.19,0.4721025700418581,0.0,0.0,356.9999996891463,1500,1643,-17,0,1500,1500,1500,2.0,0.5,20.0,0.0,40.0,150.0,1660
2026-08-06T15:56:17.390+03:00,16.371474,RC_CHANNELS,Recording ALT_HOLD response for 15.0 seconds,ALT_HOLD,7,1,1.9199999570846558,2.19,0.4721025700418581,0.0,0.0,356.9999996891463,1500,1643,-17,0,1500,1500,1500,2.0,0.5,20.0,0.0,40.0,150.0,1660
2026-08-06T15:56:17.451+03:00,16.432566,V2_CHANNEL_STATUS,Recording ALT_HOLD response for 15.0 seconds,ALT_HOLD,7,1,1.9199999570846558,2.19,0.4721025700418581,0.0,0.0,356.9999996891463,1500,1643,-17,0,1500,1500,1500,2.0,0.5,20.0,0.0,40.0,150.0,1660
2026-08-06T15:56:17.553+03:00,16.534067,V2_CHANNEL_STATUS,Recording ALT_HOLD response for 15.0 seconds,ALT_HOLD,7,1,1.9199999570846558,2.19,0.4721025700418581,0.0,0.0,356.9999996891463,1500,1645,-15,0,1500,1500,1500,2.0,0.5,20.0,0.0,40.0,150.0,1660
2026-08-06T15:56:17.654+03:00,16.635638,V2_CHANNEL_STATUS,Recording ALT_HOLD response for 15.0 seconds,ALT_HOLD,7,1,1.9199999570846558,2.19,0.4721025700418581,0.0,0.0,356.9999996891463,1500,1645,-15,0,1500,1500,1500,2.0,0.5,20.0,0.0,40.0,150.0,1660
2026-08-06T15:56:17.755+03:00,16.737015,V2_CHANNEL_STATUS,Recording ALT_HOLD response for 15.0 seconds,ALT_HOLD,7,1,1.9199999570846558,2.19,0.4721025700418581,0.0,0.0,356.9999996891463,1500,1643,-17,0,1500,1500,1500,2.0,0.5,20.0,0.0,40.0,150.0,1660
2026-08-06T15:56:17.858+03:00,16.839413,V2_CHANNEL_STATUS,Recording ALT_HOLD response for 15.0 seconds,ALT_HOLD,7,1,1.9199999570846558,2.19,0.4721025700418581,0.0,0.0,356.9999996891463,1500,1647,-13,0,1500,1500,1500,2.0,0.5,20.0,0.0,40.0,150.0,1660
2026-08-06T15:56:17.879+03:00,16.860233,GLOBAL_POSITION_INT,Recording ALT_HOLD response for 15.0 seconds,ALT_HOLD,7,1,1.9199999570846558,2.32,0.26586805738897906,0.0,0.0,356.9999996891463,1500,1647,-13,0,1500,1500,1500,2.0,0.5,20.0,0.0,40.0,150.0,1660
2026-08-06T15:56:17.879+03:00,16.860644,RC_CHANNELS,Recording ALT_HOLD response for 15.0 seconds,ALT_HOLD,7,1,1.9199999570846558,2.32,0.26586805738897906,0.0,0.0,356.9999996891463,1500,1647,-13,0,1500,1500,1500,2.0,0.5,20.0,0.0,40.0,150.0,1660
2026-08-06T15:56:17.961+03:00,16.942124,V2_CHANNEL_STATUS,Recording ALT_HOLD response for 15.0 seconds,ALT_HOLD,7,1,1.9199999570846558,2.32,0.26586805738897906,0.0,0.0,356.9999996891463,1500,1647,-13,0,1500,1500,1500,2.0,0.5,20.0,0.0,40.0,150.0,1660
2026-08-06T15:56:18.042+03:00,17.023977,V2_CHANNEL_STATUS,Recording ALT_HOLD response for 15.0 seconds,ALT_HOLD,7,1,1.9199999570846558,2.32,0.26586805738897906,0.0,0.0,356.9999996891463,1500,1647,-13,0,1500,1500,1500,2.0,0.5,20.0,0.0,40.0,150.0,1660
2026-08-06T15:56:18.144+03:00,17.125378,V2_CHANNEL_STATUS,Recording ALT_HOLD response for 15.0 seconds,ALT_HOLD,7,1,1.9199999570846558,2.32,0.26586805738897906,0.0,0.0,356.9999996891463,1500,1645,-15,0,1500,1500,1500,2.0,0.5,20.0,0.0,40.0,150.0,1660
2026-08-06T15:56:18.246+03:00,17.227488,V2_CHANNEL_STATUS,Recording ALT_HOLD response for 15.0 seconds,ALT_HOLD,7,1,1.9199999570846558,2.32,0.26586805738897906,0.0,0.0,356.9999996891463,1500,1645,-15,0,1500,1500,1500,2.0,0.5,20.0,0.0,40.0,150.0,1660
2026-08-06T15:56:18.347+03:00,17.328868,V2_CHANNEL_STATUS,Recording ALT_HOLD response for 15.0 seconds,ALT_HOLD,7,1,1.9199999570846558,2.32,0.26586805738897906,0.0,0.0,356.9999996891463,1500,1651,-9,0,1500,1500,1500,2.0,0.5,20.0,0.0,40.0,150.0,1660
2026-08-06T15:56:18.388+03:00,17.369357,GLOBAL_POSITION_INT,Recording ALT_HOLD response for 15.0 seconds,ALT_HOLD,7,1,1.9199999570846558,2.35,0.05892210365713392,0.0,0.0,356.9999996891463,1500,1651,-9,0,1500,1500,1500,2.0,0.5,20.0,0.0,40.0,150.0,1660
2026-08-06T15:56:18.388+03:00,17.369564,RC_CHANNELS,Recording ALT_HOLD response for 15.0 seconds,ALT_HOLD,7,1,1.9199999570846558,2.35,0.05892210365713392,0.0,0.0,356.9999996891463,1500,1651,-9,0,1500,1500,1500,2.0,0.5,20.0,0.0,40.0,150.0,1660
2026-08-06T15:56:18.449+03:00,17.430684,V2_CHANNEL_STATUS,Recording ALT_HOLD response for 15.0 seconds,ALT_HOLD,7,1,1.9199999570846558,2.35,0.05892210365713392,0.0,0.0,356.9999996891463,1500,1651,-9,0,1500,1500,1500,2.0,0.5,20.0,0.0,40.0,150.0,1660
2026-08-06T15:56:18.551+03:00,17.532243,V2_CHANNEL_STATUS,Recording ALT_HOLD response for 15.0 seconds,ALT_HOLD,7,1,1.9199999570846558,2.35,0.05892210365713392,0.0,0.0,356.9999996891463,1500,1651,-9,0,1500,1500,1500,2.0,0.5,20.0,0.0,40.0,150.0,1660
2026-08-06T15:56:18.652+03:00,17.633702,V2_CHANNEL_STATUS,Recording ALT_HOLD response for 15.0 seconds,ALT_HOLD,7,1,1.9199999570846558,2.35,0.05892210365713392,0.0,0.0,356.9999996891463,1500,1651,-9,0,1500,1500,1500,2.0,0.5,20.0,0.0,40.0,150.0,1660
2026-08-06T15:56:18.754+03:00,17.735121,V2_CHANNEL_STATUS,Recording ALT_HOLD response for 15.0 seconds,ALT_HOLD,7,1,1.9199999570846558,2.35,0.05892210365713392,0.0,0.0,356.9999996891463,1500,1651,-9,0,1500,1500,1500,2.0,0.5,20.0,0.0,40.0,150.0,1660
2026-08-06T15:56:18.855+03:00,17.836599,V2_CHANNEL_STATUS,Recording ALT_HOLD response for 15.0 seconds,ALT_HOLD,7,1,1.9199999570846558,2.35,0.05892210365713392,0.0,0.0,356.9999996891463,1500,1656,-4,0,1500,1500,1500,2.0,0.5,20.0,0.0,40.0,150.0,1660
2026-08-06T15:56:18.896+03:00,17.877218,GLOBAL_POSITION_INT,Recording ALT_HOLD response for 15.0 seconds,ALT_HOLD,7,1,1.9199999570846558,2.29,-0.11814465142655836,0.0,0.0,356.9999996891463,1500,1656,-4,0,1500,1500,1500,2.0,0.5,20.0,0.0,40.0,150.0,1660
2026-08-06T15:56:18.896+03:00,17.877481,RC_CHANNELS,Recording ALT_HOLD response for 15.0 seconds,ALT_HOLD,7,1,1.9199999570846558,2.29,-0.11814465142655836,0.0,0.0,356.9999996891463,1500,1656,-4,0,1500,1500,1500,2.0,0.5,20.0,0.0,40.0,150.0,1660
2026-08-06T15:56:18.957+03:00,17.938594,V2_CHANNEL_STATUS,Recording ALT_HOLD response for 15.0 seconds,ALT_HOLD,7,1,1.9199999570846558,2.29,-0.11814465142655836,0.0,0.0,356.9999996891463,1500,1656,-4,0,1500,1500,1500,2.0,0.5,20.0,0.0,40.0,150.0,1660
2026-08-06T15:56:19.059+03:00,18.040154,V2_CHANNEL_STATUS,Recording ALT_HOLD response for 15.0 seconds,ALT_HOLD,7,1,1.9199999570846558,2.29,-0.11814465142655836,0.0,0.0,356.9999996891463,1500,1655,-5,0,1500,1500,1500,2.0,0.5,20.0,0.0,40.0,150.0,1660
2026-08-06T15:56:19.160+03:00,18.141626,V2_CHANNEL_STATUS,Recording ALT_HOLD response for 15.0 seconds,ALT_HOLD,7,1,1.9199999570846558,2.29,-0.11814465142655836,0.0,0.0,356.9999996891463,1500,1656,-4,0,1500,1500,1500,2.0,0.5,20.0,0.0,40.0,150.0,1660
2026-08-06T15:56:19.262+03:00,18.243189,V2_CHANNEL_STATUS,Recording ALT_HOLD response for 15.0 seconds,ALT_HOLD,7,1,1.9199999570846558,2.29,-0.11814465142655836,0.0,0.0,356.9999996891463,1500,1656,-4,0,1500,1500,1500,2.0,0.5,20.0,0.0,40.0,150.0,1660
2026-08-06T15:56:19.363+03:00,18.344632,V2_CHANNEL_STATUS,Recording ALT_HOLD response for 15.0 seconds,ALT_HOLD,7,1,1.9199999570846558,2.29,-0.11814465142655836,0.0,0.0,356.9999996891463,1500,1656,-4,0,1500,1500,1500,2.0,0.5,20.0,0.0,40.0,150.0,1660
2026-08-06T15:56:19.383+03:00,18.364988,GLOBAL_POSITION_INT,Recording ALT_HOLD response for 15.0 seconds,ALT_HOLD,7,1,1.9199999570846558,2.15,-0.28701507082338296,0.0,0.0,356.9999996891463,1500,1656,-4,0,1500,1500,1500,2.0,0.5,20.0,0.0,40.0,150.0,1660
2026-08-06T15:56:19.384+03:00,18.365194,RC_CHANNELS,Recording ALT_HOLD response for 15.0 seconds,ALT_HOLD,7,1,1.9199999570846558,2.15,-0.28701507082338296,0.0,0.0,356.9999996891463,1500,1656,-4,0,1500,1500,1500,2.0,0.5,20.0,0.0,40.0,150.0,1660
2026-08-06T15:56:19.445+03:00,18.426168,V2_CHANNEL_STATUS,Recording ALT_HOLD response for 15.0 seconds,ALT_HOLD,7,1,1.9199999570846558,2.15,-0.28701507082338296,0.0,0.0,356.9999996891463,1500,1662,2,0,1500,1500,1500,2.0,0.5,20.0,0.0,40.0,150.0,1660
2026-08-06T15:56:19.546+03:00,18.527603,V2_CHANNEL_STATUS,Recording ALT_HOLD response for 15.0 seconds,ALT_HOLD,7,1,1.9199999570846558,2.15,-0.28701507082338296,0.0,0.0,356.9999996891463,1500,1668,8,0,1500,1500,1500,2.0,0.5,20.0,0.0,40.0,150.0,1660
2026-08-06T15:56:19.648+03:00,18.629090,V2_CHANNEL_STATUS,Recording ALT_HOLD response for 15.0 seconds,ALT_HOLD,7,1,1.9199999570846558,2.15,-0.28701507082338296,0.0,0.0,356.9999996891463,1500,1665,5,0,1500,1500,1500,2.0,0.5,20.0,0.0,40.0,150.0,1660
2026-08-06T15:56:19.749+03:00,18.730614,V2_CHANNEL_STATUS,Recording ALT_HOLD response for 15.0 seconds,ALT_HOLD,7,1,1.9199999570846558,2.15,-0.28701507082338296,0.0,0.0,356.9999996891463,1500,1665,5,0,1500,1500,1500,2.0,0.5,20.0,0.0,40.0,150.0,1660
2026-08-06T15:56:19.851+03:00,18.832076,V2_CHANNEL_STATUS,Recording ALT_HOLD response for 15.0 seconds,ALT_HOLD,7,1,1.9199999570846558,2.15,-0.28701507082338296,0.0,0.0,356.9999996891463,1500,1663,3,0,1500,1500,1500,2.0,0.5,20.0,0.0,40.0,150.0,1660
2026-08-06T15:56:19.891+03:00,18.872679,GLOBAL_POSITION_INT,Recording ALT_HOLD response for 15.0 seconds,ALT_HOLD,7,1,1.9199999570846558,2.0,-0.29545630807585477,0.0,0.0,356.9999996891463,1500,1663,3,0,1500,1500,1500,2.0,0.5,20.0,0.0,40.0,150.0,1660
2026-08-06T15:56:19.891+03:00,18.872918,RC_CHANNELS,Recording ALT_HOLD response for 15.0 seconds,ALT_HOLD,7,1,1.9199999570846558,2.0,-0.29545630807585477,0.0,0.0,356.9999996891463,1500,1663,3,0,1500,1500,1500,2.0,0.5,20.0,0.0,40.0,150.0,1660
2026-08-06T15:56:19.952+03:00,18.933976,V2_CHANNEL_STATUS,Recording ALT_HOLD response for 15.0 seconds,ALT_HOLD,7,1,1.9199999570846558,2.0,-0.29545630807585477,0.0,0.0,356.9999996891463,1500,1663,3,0,1500,1500,1500,2.0,0.5,20.0,0.0,40.0,150.0,1660
2026-08-06T15:56:20.054+03:00,19.035701,V2_CHANNEL_STATUS,Recording ALT_HOLD response for 15.0 seconds,ALT_HOLD,7,1,1.9199999570846558,2.0,-0.29545630807585477,0.0,0.0,356.9999996891463,1500,1671,11,0,1500,1500,1500,2.0,0.5,20.0,0.0,40.0,150.0,1660
2026-08-06T15:56:20.156+03:00,19.137218,V2_CHANNEL_STATUS,Recording ALT_HOLD response for 15.0 seconds,ALT_HOLD,7,1,1.9199999570846558,2.0,-0.29545630807585477,0.0,0.0,356.9999996891463,1500,1673,13,0,1500,1500,1500,2.0,0.5,20.0,0.0,40.0,150.0,1660
2026-08-06T15:56:20.257+03:00,19.238768,V2_CHANNEL_STATUS,Recording ALT_HOLD response for 15.0 seconds,ALT_HOLD,7,1,1.9199999570846558,2.0,-0.29545630807585477,0.0,0.0,356.9999996891463,1500,1673,13,0,1500,1500,1500,2.0,0.5,20.0,0.0,40.0,150.0,1660
2026-08-06T15:56:20.359+03:00,19.340328,V2_CHANNEL_STATUS,Recording ALT_HOLD response for 15.0 seconds,ALT_HOLD,7,1,1.9199999570846558,2.0,-0.29545630807585477,0.0,0.0,356.9999996891463,1500,1677,17,0,1500,1500,1500,2.0,0.5,20.0,0.0,40.0,150.0,1660
2026-08-06T15:56:20.379+03:00,19.360688,GLOBAL_POSITION_INT,Recording ALT_HOLD response for 15.0 seconds,ALT_HOLD,7,1,1.9199999570846558,1.78,-0.450815296986954,0.0,0.0,356.9999996891463,1500,1677,17,0,1500,1500,1500,2.0,0.5,20.0,0.0,40.0,150.0,1660
2026-08-06T15:56:20.379+03:00,19.360953,RC_CHANNELS,Recording ALT_HOLD response for 15.0 seconds,ALT_HOLD,7,1,1.9199999570846558,1.78,-0.450815296986954,0.0,0.0,356.9999996891463,1500,1677,17,0,1500,1500,1500,2.0,0.5,20.0,0.0,40.0,150.0,1660
2026-08-06T15:56:20.461+03:00,19.442186,V2_CHANNEL_STATUS,Recording ALT_HOLD response for 15.0 seconds,ALT_HOLD,7,1,1.9199999570846558,1.78,-0.450815296986954,0.0,0.0,356.9999996891463,1500,1677,17,0,1500,1500,1500,2.0,0.5,20.0,0.0,40.0,150.0,1660
2026-08-06T15:56:20.562+03:00,19.543707,V2_CHANNEL_STATUS,Recording ALT_HOLD response for 15.0 seconds,ALT_HOLD,7,1,1.9199999570846558,1.78,-0.450815296986954,0.0,0.0,356.9999996891463,1500,1669,9,0,1500,1500,1500,2.0,0.5,20.0,0.0,40.0,150.0,1660
2026-08-06T15:56:20.664+03:00,19.645235,V2_CHANNEL_STATUS,Recording ALT_HOLD response for 15.0 seconds,ALT_HOLD,7,1,1.9199999570846558,1.78,-0.450815296986954,0.0,0.0,356.9999996891463,1500,1673,13,0,1500,1500,1500,2.0,0.5,20.0,0.0,40.0,150.0,1660
2026-08-06T15:56:20.765+03:00,19.746817,V2_CHANNEL_STATUS,Recording ALT_HOLD response for 15.0 seconds,ALT_HOLD,7,1,1.9199999570846558,1.78,-0.450815296986954,0.0,0.0,356.9999996891463,1500,1673,13,0,1500,1500,1500,2.0,0.5,20.0,0.0,40.0,150.0,1660
2026-08-06T15:56:20.867+03:00,19.848538,V2_CHANNEL_STATUS,Recording ALT_HOLD response for 15.0 seconds,ALT_HOLD,7,1,1.9199999570846558,1.78,-0.450815296986954,0.0,0.0,356.9999996891463,1500,1675,15,0,1500,1500,1500,2.0,0.5,20.0,0.0,40.0,150.0,1660
2026-08-06T15:56:20.887+03:00,19.868966,GLOBAL_POSITION_INT,Recording ALT_HOLD response for 15.0 seconds,ALT_HOLD,7,1,1.9199999570846558,1.68,-0.19674218159919105,0.0,0.0,356.9999996891463,1500,1675,15,0,1500,1500,1500,2.0,0.5,20.0,0.0,40.0,150.0,1660
2026-08-06T15:56:20.888+03:00,19.869200,RC_CHANNELS,Recording ALT_HOLD response for 15.0 seconds,ALT_HOLD,7,1,1.9199999570846558,1.68,-0.19674218159919105,0.0,0.0,356.9999996891463,1500,1675,15,0,1500,1500,1500,2.0,0.5,20.0,0.0,40.0,150.0,1660
2026-08-06T15:56:20.949+03:00,19.930698,V2_CHANNEL_STATUS,Recording ALT_HOLD response for 15.0 seconds,ALT_HOLD,7,1,1.9199999570846558,1.68,-0.19674218159919105,0.0,0.0,356.9999996891463,1500,1671,11,0,1500,1500,1500,2.0,0.5,20.0,0.0,40.0,150.0,1660
2026-08-06T15:56:21.051+03:00,20.032529,V2_CHANNEL_STATUS,Recording ALT_HOLD response for 15.0 seconds,ALT_HOLD,7,1,1.9199999570846558,1.68,-0.19674218159919105,0.0,0.0,356.9999996891463,1500,1671,11,0,1500,1500,1500,2.0,0.5,20.0,0.0,40.0,150.0,1660
2026-08-06T15:56:21.152+03:00,20.133981,V2_CHANNEL_STATUS,Recording ALT_HOLD response for 15.0 seconds,ALT_HOLD,7,1,1.9199999570846558,1.68,-0.19674218159919105,0.0,0.0,356.9999996891463,1500,1669,9,0,1500,1500,1500,2.0,0.5,20.0,0.0,40.0,150.0,1660
2026-08-06T15:56:21.254+03:00,20.235565,V2_CHANNEL_STATUS,Recording ALT_HOLD response for 15.0 seconds,ALT_HOLD,7,1,1.9199999570846558,1.68,-0.19674218159919105,0.0,0.0,356.9999996891463,1500,1669,9,0,1500,1500,1500,2.0,0.5,20.0,0.0,40.0,150.0,1660
2026-08-06T15:56:21.356+03:00,20.337189,V2_CHANNEL_STATUS,Recording ALT_HOLD response for 15.0 seconds,ALT_HOLD,7,1,1.9199999570846558,1.68,-0.19674218159919105,0.0,0.0,356.9999996891463,1500,1669,9,0,1500,1500,1500,2.0,0.5,20.0,0.0,40.0,150.0,1660
2026-08-06T15:56:21.396+03:00,20.377719,GLOBAL_POSITION_INT,Recording ALT_HOLD response for 15.0 seconds,ALT_HOLD,7,1,1.9199999570846558,1.67,-0.019655932806712243,0.0,0.0,356.9999996891463,1500,1669,9,0,1500,1500,1500,2.0,0.5,20.0,0.0,40.0,150.0,1660
2026-08-06T15:56:21.396+03:00,20.378003,RC_CHANNELS,Recording ALT_HOLD response for 15.0 seconds,ALT_HOLD,7,1,1.9199999570846558,1.67,-0.019655932806712243,0.0,0.0,356.9999996891463,1500,1669,9,0,1500,1500,1500,2.0,0.5,20.0,0.0,40.0,150.0,1660
2026-08-06T15:56:21.458+03:00,20.439149,V2_CHANNEL_STATUS,Recording ALT_HOLD response for 15.0 seconds,ALT_HOLD,7,1,1.9199999570846558,1.67,-0.019655932806712243,0.0,0.0,356.9999996891463,1500,1669,9,0,1500,1500,1500,2.0,0.5,20.0,0.0,40.0,150.0,1660
2026-08-06T15:56:21.559+03:00,20.540625,V2_CHANNEL_STATUS,Recording ALT_HOLD response for 15.0 seconds,ALT_HOLD,7,1,1.9199999570846558,1.67,-0.019655932806712243,0.0,0.0,356.9999996891463,1500,1669,9,0,1500,1500,1500,2.0,0.5,20.0,0.0,40.0,150.0,1660
2026-08-06T15:56:21.661+03:00,20.642070,V2_CHANNEL_STATUS,Recording ALT_HOLD response for 15.0 seconds,ALT_HOLD,7,1,1.9199999570846558,1.67,-0.019655932806712243,0.0,0.0,356.9999996891463,1500,1669,9,0,1500,1500,1500,2.0,0.5,20.0,0.0,40.0,150.0,1660
2026-08-06T15:56:21.762+03:00,20.743718,V2_CHANNEL_STATUS,Recording ALT_HOLD response for 15.0 seconds,ALT_HOLD,7,1,1.9199999570846558,1.67,-0.019655932806712243,0.0,0.0,356.9999996891463,1500,1668,8,0,1500,1500,1500,2.0,0.5,20.0,0.0,40.0,150.0,1660
2026-08-06T15:56:21.864+03:00,20.845471,V2_CHANNEL_STATUS,Recording ALT_HOLD response for 15.0 seconds,ALT_HOLD,7,1,1.9199999570846558,1.67,-0.019655932806712243,0.0,0.0,356.9999996891463,1500,1668,8,0,1500,1500,1500,2.0,0.5,20.0,0.0,40.0,150.0,1660
2026-08-06T15:56:21.884+03:00,20.865963,GLOBAL_POSITION_INT,Recording ALT_HOLD response for 15.0 seconds,ALT_HOLD,7,1,1.9199999570846558,1.68,0.020481403675301255,0.0,0.0,356.9999996891463,1500,1668,8,0,1500,1500,1500,2.0,0.5,20.0,0.0,40.0,150.0,1660
2026-08-06T15:56:21.885+03:00,20.866197,RC_CHANNELS,Recording ALT_HOLD response for 15.0 seconds,ALT_HOLD,7,1,1.9199999570846558,1.68,0.020481403675301255,0.0,0.0,356.9999996891463,1500,1668,8,0,1500,1500,1500,2.0,0.5,20.0,0.0,40.0,150.0,1660
2026-08-06T15:56:21.966+03:00,20.947530,V2_CHANNEL_STATUS,Recording ALT_HOLD response for 15.0 seconds,ALT_HOLD,7,1,1.9199999570846558,1.68,0.020481403675301255,0.0,0.0,356.9999996891463,1500,1665,5,0,1500,1500,1500,2.0,0.5,20.0,0.0,40.0,150.0,1660
2026-08-06T15:56:22.068+03:00,21.049044,V2_CHANNEL_STATUS,Recording ALT_HOLD response for 15.0 seconds,ALT_HOLD,7,1,1.9199999570846558,1.68,0.020481403675301255,0.0,0.0,356.9999996891463,1500,1665,5,0,1500,1500,1500,2.0,0.5,20.0,0.0,40.0,150.0,1660
2026-08-06T15:56:22.169+03:00,21.150655,V2_CHANNEL_STATUS,Recording ALT_HOLD response for 15.0 seconds,ALT_HOLD,7,1,1.9199999570846558,1.68,0.020481403675301255,0.0,0.0,356.9999996891463,1500,1663,3,0,1500,1500,1500,2.0,0.5,20.0,0.0,40.0,150.0,1660
2026-08-06T15:56:22.271+03:00,21.252308,V2_CHANNEL_STATUS,Recording ALT_HOLD response for 15.0 seconds,ALT_HOLD,7,1,1.9199999570846558,1.68,0.020481403675301255,0.0,0.0,356.9999996891463,1500,1664,4,0,1500,1500,1500,2.0,0.5,20.0,0.0,40.0,150.0,1660
2026-08-06T15:56:22.352+03:00,21.333740,V2_CHANNEL_STATUS,Recording ALT_HOLD response for 15.0 seconds,ALT_HOLD,7,1,1.9199999570846558,1.68,0.020481403675301255,0.0,0.0,356.9999996891463,1500,1659,-1,0,1500,1500,1500,2.0,0.5,20.0,0.0,40.0,150.0,1660
2026-08-06T15:56:22.393+03:00,21.374395,GLOBAL_POSITION_INT,Recording ALT_HOLD response for 15.0 seconds,ALT_HOLD,7,1,1.9199999570846558,1.8,0.2360223902096876,0.0,0.0,356.9999996891463,1500,1659,-1,0,1500,1500,1500,2.0,0.5,20.0,0.0,40.0,150.0,1660
2026-08-06T15:56:22.393+03:00,21.374630,RC_CHANNELS,Recording ALT_HOLD response for 15.0 seconds,ALT_HOLD,7,1,1.9199999570846558,1.8,0.2360223902096876,0.0,0.0,356.9999996891463,1500,1659,-1,0,1500,1500,1500,2.0,0.5,20.0,0.0,40.0,150.0,1660
2026-08-06T15:56:22.454+03:00,21.435584,V2_CHANNEL_STATUS,Recording ALT_HOLD response for 15.0 seconds,ALT_HOLD,7,1,1.9199999570846558,1.8,0.2360223902096876,0.0,0.0,356.9999996891463,1500,1659,-1,0,1500,1500,1500,2.0,0.5,20.0,0.0,40.0,150.0,1660
2026-08-06T15:56:22.556+03:00,21.537087,V2_CHANNEL_STATUS,Recording ALT_HOLD response for 15.0 seconds,ALT_HOLD,7,1,1.9199999570846558,1.8,0.2360223902096876,0.0,0.0,356.9999996891463,1500,1653,-7,0,1500,1500,1500,2.0,0.5,20.0,0.0,40.0,150.0,1660
2026-08-06T15:56:22.657+03:00,21.638826,V2_CHANNEL_STATUS,Recording ALT_HOLD response for 15.0 seconds,ALT_HOLD,7,1,1.9199999570846558,1.8,0.2360223902096876,0.0,0.0,356.9999996891463,1500,1659,-1,0,1500,1500,1500,2.0,0.5,20.0,0.0,40.0,150.0,1660
2026-08-06T15:56:22.759+03:00,21.740374,V2_CHANNEL_STATUS,Recording ALT_HOLD response for 15.0 seconds,ALT_HOLD,7,1,1.9199999570846558,1.8,0.2360223902096876,0.0,0.0,356.9999996891463,1500,1659,-1,0,1500,1500,1500,2.0,0.5,20.0,0.0,40.0,150.0,1660
2026-08-06T15:56:22.861+03:00,21.842063,V2_CHANNEL_STATUS,Recording ALT_HOLD response for 15.0 seconds,ALT_HOLD,7,1,1.9199999570846558,1.8,0.2360223902096876,0.0,0.0,356.9999996891463,1500,1656,-4,0,1500,1500,1500,2.0,0.5,20.0,0.0,40.0,150.0,1660
2026-08-06T15:56:22.881+03:00,21.862787,GLOBAL_POSITION_INT,Recording ALT_HOLD response for 15.0 seconds,ALT_HOLD,7,1,1.9199999570846558,1.94,0.28665856355763575,0.0,0.0,356.9999996891463,1500,1656,-4,0,1500,1500,1500,2.0,0.5,20.0,0.0,40.0,150.0,1660
2026-08-06T15:56:22.882+03:00,21.863119,RC_CHANNELS,Recording ALT_HOLD response for 15.0 seconds,ALT_HOLD,7,1,1.9199999570846558,1.94,0.28665856355763575,0.0,0.0,356.9999996891463,1500,1656,-4,0,1500,1500,1500,2.0,0.5,20.0,0.0,40.0,150.0,1660
2026-08-06T15:56:22.963+03:00,21.944493,V2_CHANNEL_STATUS,Recording ALT_HOLD response for 15.0 seconds,ALT_HOLD,7,1,1.9199999570846558,1.94,0.28665856355763575,0.0,0.0,356.9999996891463,1500,1656,-4,0,1500,1500,1500,2.0,0.5,20.0,0.0,40.0,150.0,1660
2026-08-06T15:56:23.065+03:00,22.046097,V2_CHANNEL_STATUS,Recording ALT_HOLD response for 15.0 seconds,ALT_HOLD,7,1,1.9199999570846558,1.94,0.28665856355763575,0.0,0.0,356.9999996891463,1500,1651,-9,0,1500,1500,1500,2.0,0.5,20.0,0.0,40.0,150.0,1660
2026-08-06T15:56:23.166+03:00,22.147737,V2_CHANNEL_STATUS,Recording ALT_HOLD response for 15.0 seconds,ALT_HOLD,7,1,1.9199999570846558,1.94,0.28665856355763575,0.0,0.0,356.9999996891463,1500,1651,-9,0,1500,1500,1500,2.0,0.5,20.0,0.0,40.0,150.0,1660
2026-08-06T15:56:23.268+03:00,22.249321,V2_CHANNEL_STATUS,Recording ALT_HOLD response for 15.0 seconds,ALT_HOLD,7,1,1.9199999570846558,1.94,0.28665856355763575,0.0,0.0,356.9999996891463,1500,1653,-7,0,1500,1500,1500,2.0,0.5,20.0,0.0,40.0,150.0,1660
2026-08-06T15:56:23.369+03:00,22.350730,V2_CHANNEL_STATUS,Recording ALT_HOLD response for 15.0 seconds,ALT_HOLD,7,1,1.9199999570846558,1.94,0.28665856355763575,0.0,0.0,356.9999996891463,1500,1656,-4,0,1500,1500,1500,2.0,0.5,20.0,0.0,40.0,150.0,1660
2026-08-06T15:56:23.390+03:00,22.371261,GLOBAL_POSITION_INT,Recording ALT_HOLD response for 15.0 seconds,ALT_HOLD,7,1,1.9199999570846558,2.07,0.2556654600841732,0.0,0.0,356.9999996891463,1500,1656,-4,0,1500,1500,1500,2.0,0.5,20.0,0.0,40.0,150.0,1660
2026-08-06T15:56:23.390+03:00,22.371482,RC_CHANNELS,Recording ALT_HOLD response for 15.0 seconds,ALT_HOLD,7,1,1.9199999570846558,2.07,0.2556654600841732,0.0,0.0,356.9999996891463,1500,1656,-4,0,1500,1500,1500,2.0,0.5,20.0,0.0,40.0,150.0,1660
2026-08-06T15:56:23.471+03:00,22.452576,V2_CHANNEL_STATUS,Recording ALT_HOLD response for 15.0 seconds,ALT_HOLD,7,1,1.9199999570846558,2.07,0.2556654600841732,0.0,0.0,356.9999996891463,1500,1656,-4,0,1500,1500,1500,2.0,0.5,20.0,0.0,40.0,150.0,1660
2026-08-06T15:56:23.573+03:00,22.554134,V2_CHANNEL_STATUS,Recording ALT_HOLD response for 15.0 seconds,ALT_HOLD,7,1,1.9199999570846558,2.07,0.2556654600841732,0.0,0.0,356.9999996891463,1500,1651,-9,0,1500,1500,1500,2.0,0.5,20.0,0.0,40.0,150.0,1660
2026-08-06T15:56:23.654+03:00,22.635413,V2_CHANNEL_STATUS,Recording ALT_HOLD response for 15.0 seconds,ALT_HOLD,7,1,1.9199999570846558,2.07,0.2556654600841732,0.0,0.0,356.9999996891463,1500,1651,-9,0,1500,1500,1500,2.0,0.5,20.0,0.0,40.0,150.0,1660
2026-08-06T15:56:23.755+03:00,22.736917,V2_CHANNEL_STATUS,Recording ALT_HOLD response for 15.0 seconds,ALT_HOLD,7,1,1.9199999570846558,2.07,0.2556654600841732,0.0,0.0,356.9999996891463,1500,1652,-8,0,1500,1500,1500,2.0,0.5,20.0,0.0,40.0,150.0,1660
2026-08-06T15:56:23.857+03:00,22.838681,V2_CHANNEL_STATUS,Recording ALT_HOLD response for 15.0 seconds,ALT_HOLD,7,1,1.9199999570846558,2.07,0.2556654600841732,0.0,0.0,356.9999996891463,1500,1647,-13,0,1500,1500,1500,2.0,0.5,20.0,0.0,40.0,150.0,1660
2026-08-06T15:56:23.898+03:00,22.879636,GLOBAL_POSITION_INT,Recording ALT_HOLD response for 15.0 seconds,ALT_HOLD,7,1,1.9199999570846558,2.2,0.2557152652029053,0.0,0.0,356.9999996891463,1500,1647,-13,0,1500,1500,1500,2.0,0.5,20.0,0.0,40.0,150.0,1660
2026-08-06T15:56:23.898+03:00,22.879873,RC_CHANNELS,Recording ALT_HOLD response for 15.0 seconds,ALT_HOLD,7,1,1.9199999570846558,2.2,0.2557152652029053,0.0,0.0,356.9999996891463,1500,1647,-13,0,1500,1500,1500,2.0,0.5,20.0,0.0,40.0,150.0,1660
2026-08-06T15:56:23.959+03:00,22.940809,V2_CHANNEL_STATUS,Recording ALT_HOLD response for 15.0 seconds,ALT_HOLD,7,1,1.9199999570846558,2.2,0.2557152652029053,0.0,0.0,356.9999996891463,1500,1647,-13,0,1500,1500,1500,2.0,0.5,20.0,0.0,40.0,150.0,1660
2026-08-06T15:56:24.061+03:00,23.042378,V2_CHANNEL_STATUS,Recording ALT_HOLD response for 15.0 seconds,ALT_HOLD,7,1,1.9199999570846558,2.2,0.2557152652029053,0.0,0.0,356.9999996891463,1500,1649,-11,0,1500,1500,1500,2.0,0.5,20.0,0.0,40.0,150.0,1660
2026-08-06T15:56:24.163+03:00,23.144222,V2_CHANNEL_STATUS,Recording ALT_HOLD response for 15.0 seconds,ALT_HOLD,7,1,1.9199999570846558,2.2,0.2557152652029053,0.0,0.0,356.9999996891463,1500,1651,-9,0,1500,1500,1500,2.0,0.5,20.0,0.0,40.0,150.0,1660
2026-08-06T15:56:24.264+03:00,23.245891,V2_CHANNEL_STATUS,Recording ALT_HOLD response for 15.0 seconds,ALT_HOLD,7,1,1.9199999570846558,2.2,0.2557152652029053,0.0,0.0,356.9999996891463,1500,1651,-9,0,1500,1500,1500,2.0,0.5,20.0,0.0,40.0,150.0,1660
2026-08-06T15:56:24.366+03:00,23.347442,V2_CHANNEL_STATUS,Recording ALT_HOLD response for 15.0 seconds,ALT_HOLD,7,1,1.9199999570846558,2.2,0.2557152652029053,0.0,0.0,356.9999996891463,1500,1651,-9,0,1500,1500,1500,2.0,0.5,20.0,0.0,40.0,150.0,1660
2026-08-06T15:56:24.386+03:00,23.368034,GLOBAL_POSITION_INT,Recording ALT_HOLD response for 15.0 seconds,ALT_HOLD,7,1,1.9199999570846558,2.25,0.10237522394044579,0.0,0.0,356.9999996891463,1500,1651,-9,0,1500,1500,1500,2.0,0.5,20.0,0.0,40.0,150.0,1660
2026-08-06T15:56:24.387+03:00,23.368336,RC_CHANNELS,Recording ALT_HOLD response for 15.0 seconds,ALT_HOLD,7,1,1.9199999570846558,2.25,0.10237522394044579,0.0,0.0,356.9999996891463,1500,1651,-9,0,1500,1500,1500,2.0,0.5,20.0,0.0,40.0,150.0,1660
2026-08-06T15:56:24.468+03:00,23.449385,V2_CHANNEL_STATUS,Recording ALT_HOLD response for 15.0 seconds,ALT_HOLD,7,1,1.9199999570846558,2.25,0.10237522394044579,0.0,0.0,356.9999996891463,1500,1651,-9,0,1500,1500,1500,2.0,0.5,20.0,0.0,40.0,150.0,1660
2026-08-06T15:56:24.570+03:00,23.551039,V2_CHANNEL_STATUS,Recording ALT_HOLD response for 15.0 seconds,ALT_HOLD,7,1,1.9199999570846558,2.25,0.10237522394044579,0.0,0.0,356.9999996891463,1500,1652,-8,0,1500,1500,1500,2.0,0.5,20.0,0.0,40.0,150.0,1660
2026-08-06T15:56:24.671+03:00,23.652511,V2_CHANNEL_STATUS,Recording ALT_HOLD response for 15.0 seconds,ALT_HOLD,7,1,1.9199999570846558,2.25,0.10237522394044579,0.0,0.0,356.9999996891463,1500,1652,-8,0,1500,1500,1500,2.0,0.5,20.0,0.0,40.0,150.0,1660
2026-08-06T15:56:24.772+03:00,23.754011,V2_CHANNEL_STATUS,Recording ALT_HOLD response for 15.0 seconds,ALT_HOLD,7,1,1.9199999570846558,2.25,0.10237522394044579,0.0,0.0,356.9999996891463,1500,1657,-3,0,1500,1500,1500,2.0,0.5,20.0,0.0,40.0,150.0,1660
2026-08-06T15:56:24.874+03:00,23.855503,V2_CHANNEL_STATUS,Recording ALT_HOLD response for 15.0 seconds,ALT_HOLD,7,1,1.9199999570846558,2.25,0.10237522394044579,0.0,0.0,356.9999996891463,1500,1657,-3,0,1500,1500,1500,2.0,0.5,20.0,0.0,40.0,150.0,1660
2026-08-06T15:56:24.895+03:00,23.876079,GLOBAL_POSITION_INT,Recording ALT_HOLD response for 15.0 seconds,ALT_HOLD,7,1,1.9199999570846558,2.18,-0.13778196117620606,0.0,0.0,356.9999996891463,1500,1657,-3,0,1500,1500,1500,2.0,0.5,20.0,0.0,40.0,150.0,1660
2026-08-06T15:56:24.895+03:00,23.876302,RC_CHANNELS,Recording ALT_HOLD response for 15.0 seconds,ALT_HOLD,7,1,1.9199999570846558,2.18,-0.13778196117620606,0.0,0.0,356.9999996891463,1500,1657,-3,0,1500,1500,1500,2.0,0.5,20.0,0.0,40.0,150.0,1660
2026-08-06T15:56:24.976+03:00,23.957499,V2_CHANNEL_STATUS,Recording ALT_HOLD response for 15.0 seconds,ALT_HOLD,7,1,1.9199999570846558,2.18,-0.13778196117620606,0.0,0.0,356.9999996891463,1500,1658,-2,0,1500,1500,1500,2.0,0.5,20.0,0.0,40.0,150.0,1660
2026-08-06T15:56:25.057+03:00,24.038813,V2_CHANNEL_STATUS,Recording ALT_HOLD response for 15.0 seconds,ALT_HOLD,7,1,1.9199999570846558,2.18,-0.13778196117620606,0.0,0.0,356.9999996891463,1500,1656,-4,0,1500,1500,1500,2.0,0.5,20.0,0.0,40.0,150.0,1660
2026-08-06T15:56:25.159+03:00,24.140406,V2_CHANNEL_STATUS,Recording ALT_HOLD response for 15.0 seconds,ALT_HOLD,7,1,1.9199999570846558,2.18,-0.13778196117620606,0.0,0.0,356.9999996891463,1500,1656,-4,0,1500,1500,1500,2.0,0.5,20.0,0.0,40.0,150.0,1660
2026-08-06T15:56:25.260+03:00,24.242032,V2_CHANNEL_STATUS,Recording ALT_HOLD response for 15.0 seconds,ALT_HOLD,7,1,1.9199999570846558,2.18,-0.13778196117620606,0.0,0.0,356.9999996891463,1500,1660,0,0,1500,1500,1500,2.0,0.5,20.0,0.0,40.0,150.0,1660
2026-08-06T15:56:25.362+03:00,24.343872,V2_CHANNEL_STATUS,Recording ALT_HOLD response for 15.0 seconds,ALT_HOLD,7,1,1.9199999570846558,2.18,-0.13778196117620606,0.0,0.0,356.9999996891463,1500,1660,0,0,1500,1500,1500,2.0,0.5,20.0,0.0,40.0,150.0,1660
2026-08-06T15:56:25.383+03:00,24.364415,GLOBAL_POSITION_INT,Recording ALT_HOLD response for 15.0 seconds,ALT_HOLD,7,1,1.9199999570846558,2.1,-0.1638219319536763,0.0,0.0,356.9999996891463,1500,1660,0,0,1500,1500,1500,2.0,0.5,20.0,0.0,40.0,150.0,1660
2026-08-06T15:56:25.383+03:00,24.364635,RC_CHANNELS,Recording ALT_HOLD response for 15.0 seconds,ALT_HOLD,7,1,1.9199999570846558,2.1,-0.1638219319536763,0.0,-0.09999999922536333,356.9999996891463,1500,1660,0,0,1500,1500,1500,2.0,0.5,20.0,0.0,40.0,150.0,1660
2026-08-06T15:56:25.464+03:00,24.445784,V2_CHANNEL_STATUS,Recording ALT_HOLD response for 15.0 seconds,ALT_HOLD,7,1,1.9199999570846558,2.1,-0.1638219319536763,0.0,-0.09999999922536333,356.9999996891463,1500,1660,0,0,1500,1500,1500,2.0,0.5,20.0,0.0,40.0,150.0,1660
2026-08-06T15:56:25.566+03:00,24.547326,V2_CHANNEL_STATUS,Recording ALT_HOLD response for 15.0 seconds,ALT_HOLD,7,1,1.9199999570846558,2.1,-0.1638219319536763,0.0,-0.09999999922536333,356.9999996891463,1500,1665,5,0,1500,1500,1500,2.0,0.5,20.0,0.0,40.0,150.0,1660
2026-08-06T15:56:25.667+03:00,24.648960,V2_CHANNEL_STATUS,Recording ALT_HOLD response for 15.0 seconds,ALT_HOLD,7,1,1.9199999570846558,2.1,-0.1638219319536763,0.0,-0.09999999922536333,356.9999996891463,1500,1663,3,0,1500,1500,1500,2.0,0.5,20.0,0.0,40.0,150.0,1660
2026-08-06T15:56:25.769+03:00,24.750890,V2_CHANNEL_STATUS,Recording ALT_HOLD response for 15.0 seconds,ALT_HOLD,7,1,1.9199999570846558,2.1,-0.1638219319536763,0.0,-0.09999999922536333,356.9999996891463,1500,1663,3,0,1500,1500,1500,2.0,0.5,20.0,0.0,40.0,150.0,1660
2026-08-06T15:56:25.871+03:00,24.852733,V2_CHANNEL_STATUS,Recording ALT_HOLD response for 15.0 seconds,ALT_HOLD,7,1,1.9199999570846558,2.1,-0.1638219319536763,0.0,-0.09999999922536333,356.9999996891463,1500,1669,9,0,1500,1500,1500,2.0,0.5,20.0,0.0,40.0,150.0,1660
2026-08-06T15:56:25.892+03:00,24.873390,GLOBAL_POSITION_INT,Recording ALT_HOLD response for 15.0 seconds,ALT_HOLD,7,1,1.9199999570846558,1.96,-0.275060373382383,0.0,-0.09999999922536333,356.9999996891463,1500,1669,9,0,1500,1500,1500,2.0,0.5,20.0,0.0,40.0,150.0,1660
2026-08-06T15:56:25.892+03:00,24.873593,RC_CHANNELS,Recording ALT_HOLD response for 15.0 seconds,ALT_HOLD,7,1,1.9199999570846558,1.96,-0.275060373382383,0.0,0.0,356.9999996891463,1500,1669,9,0,1500,1500,1500,2.0,0.5,20.0,0.0,40.0,150.0,1660
2026-08-06T15:56:25.973+03:00,24.954695,V2_CHANNEL_STATUS,Recording ALT_HOLD response for 15.0 seconds,ALT_HOLD,7,1,1.9199999570846558,1.96,-0.275060373382383,0.0,0.0,356.9999996891463,1500,1665,5,0,1500,1500,1500,2.0,0.5,20.0,0.0,40.0,150.0,1660
2026-08-06T15:56:26.075+03:00,25.056300,V2_CHANNEL_STATUS,Recording ALT_HOLD response for 15.0 seconds,ALT_HOLD,7,1,1.9199999570846558,1.96,-0.275060373382383,0.0,0.0,356.9999996891463,1500,1665,5,0,1500,1500,1500,2.0,0.5,20.0,0.0,40.0,150.0,1660
2026-08-06T15:56:26.176+03:00,25.157722,V2_CHANNEL_STATUS,Recording ALT_HOLD response for 15.0 seconds,ALT_HOLD,7,1,1.9199999570846558,1.96,-0.275060373382383,0.0,0.0,356.9999996891463,1500,1668,8,0,1500,1500,1500,2.0,0.5,20.0,0.0,40.0,150.0,1660
2026-08-06T15:56:26.278+03:00,25.259276,V2_CHANNEL_STATUS,Recording ALT_HOLD response for 15.0 seconds,ALT_HOLD,7,1,1.9199999570846558,1.96,-0.275060373382383,0.0,0.0,356.9999996891463,1500,1671,11,0,1500,1500,1500,2.0,0.5,20.0,0.0,40.0,150.0,1660
2026-08-06T15:56:26.359+03:00,25.340557,V2_CHANNEL_STATUS,Recording ALT_HOLD response for 15.0 seconds,ALT_HOLD,7,1,1.9199999570846558,1.96,-0.275060373382383,0.0,0.0,356.9999996891463,1500,1671,11,0,1500,1500,1500,2.0,0.5,20.0,0.0,40.0,150.0,1660
2026-08-06T15:56:26.380+03:00,25.361174,GLOBAL_POSITION_INT,Recording ALT_HOLD response for 15.0 seconds,ALT_HOLD,7,1,1.9199999570846558,1.85,-0.22551441422189616,0.0,0.0,356.9999996891463,1500,1671,11,0,1500,1500,1500,2.0,0.5,20.0,0.0,40.0,150.0,1660
2026-08-06T15:56:26.380+03:00,25.361428,RC_CHANNELS,Recording ALT_HOLD response for 15.0 seconds,ALT_HOLD,7,1,1.9199999570846558,1.85,-0.22551441422189616,0.0,0.0,356.9999996891463,1500,1671,11,0,1500,1500,1500,2.0,0.5,20.0,0.0,40.0,150.0,1660
2026-08-06T15:56:26.461+03:00,25.442530,V2_CHANNEL_STATUS,Recording ALT_HOLD response for 15.0 seconds,ALT_HOLD,7,1,1.9199999570846558,1.85,-0.22551441422189616,0.0,0.0,356.9999996891463,1500,1665,5,0,1500,1500,1500,2.0,0.5,20.0,0.0,40.0,150.0,1660
2026-08-06T15:56:26.563+03:00,25.544340,V2_CHANNEL_STATUS,Recording ALT_HOLD response for 15.0 seconds,ALT_HOLD,7,1,1.9199999570846558,1.85,-0.22551441422189616,0.0,0.0,356.9999996891463,1500,1665,5,0,1500,1500,1500,2.0,0.5,20.0,0.0,40.0,150.0,1660
2026-08-06T15:56:26.664+03:00,25.645906,V2_CHANNEL_STATUS,Recording ALT_HOLD response for 15.0 seconds,ALT_HOLD,7,1,1.9199999570846558,1.85,-0.22551441422189616,0.0,0.0,356.9999996891463,1500,1670,10,0,1500,1500,1500,2.0,0.5,20.0,0.0,40.0,150.0,1660
2026-08-06T15:56:26.766+03:00,25.747467,V2_CHANNEL_STATUS,Recording ALT_HOLD response for 15.0 seconds,ALT_HOLD,7,1,1.9199999570846558,1.85,-0.22551441422189616,0.0,0.0,356.9999996891463,1500,1671,11,0,1500,1500,1500,2.0,0.5,20.0,0.0,40.0,150.0,1660
2026-08-06T15:56:26.867+03:00,25.849031,V2_CHANNEL_STATUS,Recording ALT_HOLD response for 15.0 seconds,ALT_HOLD,7,1,1.9199999570846558,1.85,-0.22551441422189616,0.0,0.0,356.9999996891463,1500,1671,11,0,1500,1500,1500,2.0,0.5,20.0,0.0,40.0,150.0,1660
2026-08-06T15:56:26.888+03:00,25.869660,GLOBAL_POSITION_INT,Recording ALT_HOLD response for 15.0 seconds,ALT_HOLD,7,1,1.9199999570846558,1.76,-0.1769921542544356,0.0,0.0,356.9999996891463,1500,1671,11,0,1500,1500,1500,2.0,0.5,20.0,0.0,40.0,150.0,1660
2026-08-06T15:56:26.888+03:00,25.869868,RC_CHANNELS,Recording ALT_HOLD response for 15.0 seconds,ALT_HOLD,7,1,1.9199999570846558,1.76,-0.1769921542544356,0.0,0.0,356.9999996891463,1500,1671,11,0,1500,1500,1500,2.0,0.5,20.0,0.0,40.0,150.0,1660
2026-08-06T15:56:26.970+03:00,25.951138,V2_CHANNEL_STATUS,Recording ALT_HOLD response for 15.0 seconds,ALT_HOLD,7,1,1.9199999570846558,1.76,-0.1769921542544356,0.0,0.0,356.9999996891463,1500,1668,8,0,1500,1500,1500,2.0,0.5,20.0,0.0,40.0,150.0,1660
2026-08-06T15:56:27.071+03:00,26.052976,V2_CHANNEL_STATUS,Recording ALT_HOLD response for 15.0 seconds,ALT_HOLD,7,1,1.9199999570846558,1.76,-0.1769921542544356,0.0,0.0,356.9999996891463,1500,1668,8,0,1500,1500,1500,2.0,0.5,20.0,0.0,40.0,150.0,1660
2026-08-06T15:56:27.173+03:00,26.154570,V2_CHANNEL_STATUS,Recording ALT_HOLD response for 15.0 seconds,ALT_HOLD,7,1,1.9199999570846558,1.76,-0.1769921542544356,0.0,0.0,356.9999996891463,1500,1667,7,0,1500,1500,1500,2.0,0.5,20.0,0.0,40.0,150.0,1660
2026-08-06T15:56:27.275+03:00,26.256491,V2_CHANNEL_STATUS,Recording ALT_HOLD response for 15.0 seconds,ALT_HOLD,7,1,1.9199999570846558,1.76,-0.1769921542544356,0.0,0.0,356.9999996891463,1500,1667,7,0,1500,1500,1500,2.0,0.5,20.0,0.0,40.0,150.0,1660
2026-08-06T15:56:27.376+03:00,26.357960,V2_CHANNEL_STATUS,Recording ALT_HOLD response for 15.0 seconds,ALT_HOLD,7,1,1.9199999570846558,1.76,-0.1769921542544356,0.0,0.0,356.9999996891463,1500,1667,7,0,1500,1500,1500,2.0,0.5,20.0,0.0,40.0,150.0,1660
2026-08-06T15:56:27.397+03:00,26.378868,GLOBAL_POSITION_INT,Recording ALT_HOLD response for 15.0 seconds,ALT_HOLD,7,1,1.9199999570846558,1.75,-0.01964022520982571,0.0,0.0,356.9999996891463,1500,1667,7,0,1500,1500,1500,2.0,0.5,20.0,0.0,40.0,150.0,1660
2026-08-06T15:56:27.398+03:00,26.379470,RC_CHANNELS,Recording ALT_HOLD response for 15.0 seconds,ALT_HOLD,7,1,1.9199999570846558,1.75,-0.01964022520982571,0.0,0.0,356.9999996891463,1500,1667,7,0,1500,1500,1500,2.0,0.5,20.0,0.0,40.0,150.0,1660
2026-08-06T15:56:27.479+03:00,26.460851,V2_CHANNEL_STATUS,Recording ALT_HOLD response for 15.0 seconds,ALT_HOLD,7,1,1.9199999570846558,1.75,-0.01964022520982571,0.0,0.0,356.9999996891463,1500,1667,7,0,1500,1500,1500,2.0,0.5,20.0,0.0,40.0,150.0,1660
2026-08-06T15:56:27.581+03:00,26.562584,V2_CHANNEL_STATUS,Recording ALT_HOLD response for 15.0 seconds,ALT_HOLD,7,1,1.9199999570846558,1.75,-0.01964022520982571,0.0,0.0,356.9999996891463,1500,1667,7,0,1500,1500,1500,2.0,0.5,20.0,0.0,40.0,150.0,1660
2026-08-06T15:56:27.662+03:00,26.643944,V2_CHANNEL_STATUS,Recording ALT_HOLD response for 15.0 seconds,ALT_HOLD,7,1,1.9199999570846558,1.75,-0.01964022520982571,0.0,0.0,356.9999996891463,1500,1664,4,0,1500,1500,1500,2.0,0.5,20.0,0.0,40.0,150.0,1660
2026-08-06T15:56:27.764+03:00,26.745465,V2_CHANNEL_STATUS,Recording ALT_HOLD response for 15.0 seconds,ALT_HOLD,7,1,1.9199999570846558,1.75,-0.01964022520982571,0.0,0.0,356.9999996891463,1500,1664,4,0,1500,1500,1500,2.0,0.5,20.0,0.0,40.0,150.0,1660
2026-08-06T15:56:27.866+03:00,26.847123,V2_CHANNEL_STATUS,Recording ALT_HOLD response for 15.0 seconds,ALT_HOLD,7,1,1.9199999570846558,1.75,-0.01964022520982571,0.0,0.0,356.9999996891463,1500,1659,-1,0,1500,1500,1500,2.0,0.5,20.0,0.0,40.0,150.0,1660
2026-08-06T15:56:27.886+03:00,26.867732,GLOBAL_POSITION_INT,Recording ALT_HOLD response for 15.0 seconds,ALT_HOLD,7,1,1.9199999570846558,1.82,0.1431753670694699,0.0,0.0,356.9999996891463,1500,1659,-1,0,1500,1500,1500,2.0,0.5,20.0,0.0,40.0,150.0,1660
2026-08-06T15:56:27.886+03:00,26.867940,RC_CHANNELS,Recording ALT_HOLD response for 15.0 seconds,ALT_HOLD,7,1,1.9199999570846558,1.82,0.1431753670694699,0.0,0.0,356.9999996891463,1500,1659,-1,0,1500,1500,1500,2.0,0.5,20.0,0.0,40.0,150.0,1660
2026-08-06T15:56:27.968+03:00,26.949207,V2_CHANNEL_STATUS,Recording ALT_HOLD response for 15.0 seconds,ALT_HOLD,7,1,1.9199999570846558,1.82,0.1431753670694699,0.0,0.0,356.9999996891463,1500,1659,-1,0,1500,1500,1500,2.0,0.5,20.0,0.0,40.0,150.0,1660
2026-08-06T15:56:28.069+03:00,27.050951,V2_CHANNEL_STATUS,Recording ALT_HOLD response for 15.0 seconds,ALT_HOLD,7,1,1.9199999570846558,1.82,0.1431753670694699,0.0,0.0,356.9999996891463,1500,1664,4,0,1500,1500,1500,2.0,0.5,20.0,0.0,40.0,150.0,1660
2026-08-06T15:56:28.171+03:00,27.152720,V2_CHANNEL_STATUS,Recording ALT_HOLD response for 15.0 seconds,ALT_HOLD,7,1,1.9199999570846558,1.82,0.1431753670694699,0.0,0.0,356.9999996891463,1500,1664,4,0,1500,1500,1500,2.0,0.5,20.0,0.0,40.0,150.0,1660
2026-08-06T15:56:28.273+03:00,27.254407,V2_CHANNEL_STATUS,Recording ALT_HOLD response for 15.0 seconds,ALT_HOLD,7,1,1.9199999570846558,1.82,0.1431753670694699,0.0,0.0,356.9999996891463,1500,1662,2,0,1500,1500,1500,2.0,0.5,20.0,0.0,40.0,150.0,1660
2026-08-06T15:56:28.374+03:00,27.355949,V2_CHANNEL_STATUS,Recording ALT_HOLD response for 15.0 seconds,ALT_HOLD,7,1,1.9199999570846558,1.82,0.1431753670694699,0.0,0.0,356.9999996891463,1500,1657,-3,0,1500,1500,1500,2.0,0.5,20.0,0.0,40.0,150.0,1660
2026-08-06T15:56:28.395+03:00,27.376504,GLOBAL_POSITION_INT,Recording ALT_HOLD response for 15.0 seconds,ALT_HOLD,7,1,1.9199999570846558,1.89,0.13758628010597815,0.0,0.0,356.9999996891463,1500,1657,-3,0,1500,1500,1500,2.0,0.5,20.0,0.0,40.0,150.0,1660
2026-08-06T15:56:28.395+03:00,27.376730,RC_CHANNELS,Recording ALT_HOLD response for 15.0 seconds,ALT_HOLD,7,1,1.9199999570846558,1.89,0.13758628010597815,0.0,0.0,356.9999996891463,1500,1657,-3,0,1500,1500,1500,2.0,0.5,20.0,0.0,40.0,150.0,1660
2026-08-06T15:56:28.476+03:00,27.457853,V2_CHANNEL_STATUS,Recording ALT_HOLD response for 15.0 seconds,ALT_HOLD,7,1,1.9199999570846558,1.89,0.13758628010597815,0.0,0.0,356.9999996891463,1500,1657,-3,0,1500,1500,1500,2.0,0.5,20.0,0.0,40.0,150.0,1660
2026-08-06T15:56:28.578+03:00,27.559537,V2_CHANNEL_STATUS,Recording ALT_HOLD response for 15.0 seconds,ALT_HOLD,7,1,1.9199999570846558,1.89,0.13758628010597815,0.0,0.0,356.9999996891463,1500,1659,-1,0,1500,1500,1500,2.0,0.5,20.0,0.0,40.0,150.0,1660
2026-08-06T15:56:28.680+03:00,27.661164,V2_CHANNEL_STATUS,Recording ALT_HOLD response for 15.0 seconds,ALT_HOLD,7,1,1.9199999570846558,1.89,0.13758628010597815,0.0,0.0,356.9999996891463,1500,1656,-4,0,1500,1500,1500,2.0,0.5,20.0,0.0,40.0,150.0,1660
2026-08-06T15:56:28.781+03:00,27.762734,V2_CHANNEL_STATUS,Recording ALT_HOLD response for 15.0 seconds,ALT_HOLD,7,1,1.9199999570846558,1.89,0.13758628010597815,0.0,0.0,356.9999996891463,1500,1656,-4,0,1500,1500,1500,2.0,0.5,20.0,0.0,40.0,150.0,1660
2026-08-06T15:56:28.883+03:00,27.864253,V2_CHANNEL_STATUS,Switching to MANUAL for landing,ALT_HOLD,7,1,1.9199999570846558,1.89,0.13758628010597815,0.0,0.0,356.9999996891463,1600,1657,-3,0,1500,1500,1500,2.0,0.5,20.0,0.0,40.0,150.0,1660
2026-08-06T15:56:28.883+03:00,27.864660,GLOBAL_POSITION_INT,Switching to MANUAL for landing,ALT_HOLD,7,1,1.9199999570846558,1.98,0.1843636123724453,0.0,0.0,356.9999996891463,1600,1657,-3,0,1500,1500,1500,2.0,0.5,20.0,0.0,40.0,150.0,1660
2026-08-06T15:56:28.883+03:00,27.864840,RC_CHANNELS,Switching to MANUAL for landing,ALT_HOLD,7,1,1.9199999570846558,1.98,0.1843636123724453,0.0,0.0,356.9999996891463,1600,1657,-3,0,1500,1500,1500,2.0,0.5,20.0,0.0,40.0,150.0,1660
2026-08-06T15:56:28.967+03:00,27.948458,V2_CHANNEL_STATUS,Switching to MANUAL for landing,ALT_HOLD,7,1,1.9199999570846558,1.98,0.1843636123724453,0.0,0.0,356.9999996891463,1600,1600,-60,0,1500,1500,1500,2.0,0.5,20.0,0.0,40.0,150.0,1660
2026-08-06T15:56:29.070+03:00,28.051551,V2_CHANNEL_STATUS,Switching to MANUAL for landing,ALT_HOLD,7,1,1.9199999570846558,1.98,0.1843636123724453,0.0,0.0,356.9999996891463,1600,1600,-60,0,1500,1500,1500,2.0,0.5,20.0,0.0,40.0,150.0,1660
2026-08-06T15:56:29.168+03:00,28.149420,V2_CHANNEL_STATUS,Switching to MANUAL for landing,ALT_HOLD,7,1,1.9199999570846558,1.98,0.1843636123724453,0.0,0.0,356.9999996891463,1600,1600,-60,0,1500,1500,1500,2.0,0.5,20.0,0.0,40.0,150.0,1660
2026-08-06T15:56:29.266+03:00,28.247181,V2_CHANNEL_STATUS,Switching to MANUAL for landing,ALT_HOLD,7,1,1.9199999570846558,1.98,0.1843636123724453,0.0,0.0,356.9999996891463,1600,1600,-60,0,1500,1500,1500,2.0,0.5,20.0,0.0,40.0,150.0,1660
2026-08-06T15:56:29.369+03:00,28.350526,V2_CHANNEL_STATUS,Switching to MANUAL for landing,ALT_HOLD,7,1,1.9199999570846558,1.98,0.1843636123724453,0.0,0.0,356.9999996891463,1600,1600,-60,0,1500,1500,1500,2.0,0.5,20.0,0.0,40.0,150.0,1660
2026-08-06T15:56:29.385+03:00,28.366075,GLOBAL_POSITION_INT,Switching to MANUAL for landing,ALT_HOLD,7,1,1.9199999570846558,2.08,0.19943972478325042,0.0,0.0,356.9999996891463,1600,1600,-60,0,1500,1500,1500,2.0,0.5,20.0,0.0,40.0,150.0,1660
2026-08-06T15:56:29.385+03:00,28.366324,RC_CHANNELS,Switching to MANUAL for landing,ALT_HOLD,7,1,1.9199999570846558,2.08,0.19943972478325042,0.0,0.0,356.9999996891463,1600,1600,-60,0,1500,1500,1500,2.0,0.5,20.0,0.0,40.0,150.0,1660
2026-08-06T15:56:29.467+03:00,28.448871,V2_CHANNEL_STATUS,Switching to MANUAL for landing,ALT_HOLD,7,1,1.9199999570846558,2.08,0.19943972478325042,0.0,0.0,356.9999996891463,1600,1600,-60,0,1500,1500,1500,2.0,0.5,20.0,0.0,40.0,150.0,1660
2026-08-06T15:56:29.570+03:00,28.551899,V2_CHANNEL_STATUS,Switching to MANUAL for landing,ALT_HOLD,7,1,1.9199999570846558,2.08,0.19943972478325042,0.0,0.0,356.9999996891463,1600,1600,-60,0,1500,1500,1500,2.0,0.5,20.0,0.0,40.0,150.0,1660
2026-08-06T15:56:29.669+03:00,28.650349,V2_CHANNEL_STATUS,Switching to MANUAL for landing,ALT_HOLD,7,1,1.9199999570846558,2.08,0.19943972478325042,0.0,0.0,356.9999996891463,1600,1600,-60,0,1500,1500,1500,2.0,0.5,20.0,0.0,40.0,150.0,1660
2026-08-06T15:56:29.767+03:00,28.748272,V2_CHANNEL_STATUS,Switching to MANUAL for landing,ALT_HOLD,7,1,1.9199999570846558,2.08,0.19943972478325042,0.0,0.0,356.9999996891463,1600,1600,-60,0,1500,1500,1500,2.0,0.5,20.0,0.0,40.0,150.0,1660
2026-08-06T15:56:29.870+03:00,28.851363,V2_CHANNEL_STATUS,Switching to MANUAL for landing,ALT_HOLD,7,1,1.9199999570846558,2.08,0.19943972478325042,0.0,0.0,356.9999996891463,1600,1600,-60,0,1500,1500,1500,2.0,0.5,20.0,0.0,40.0,150.0,1660
2026-08-06T15:56:29.881+03:00,28.862103,GLOBAL_POSITION_INT,Waiting for touchdown,MANUAL,1,1,1.9199999570846558,1.95,-0.26208291651360976,0.0,0.0,356.9999996891463,1600,1600,-60,0,1500,1500,1500,2.0,0.5,20.0,0.0,40.0,150.0,1660
2026-08-06T15:56:29.881+03:00,28.862369,RC_CHANNELS,Waiting for touchdown,MANUAL,1,1,1.9199999570846558,1.95,-0.26208291651360976,0.0,0.0,356.9999996891463,1600,1600,-60,0,1500,1500,1500,2.0,0.5,20.0,0.0,40.0,150.0,1660
2026-08-06T15:56:29.969+03:00,28.950138,V2_CHANNEL_STATUS,Waiting for touchdown,MANUAL,1,1,1.9199999570846558,1.95,-0.26208291651360976,0.0,0.0,356.9999996891463,1600,1600,-60,0,1500,1500,1500,2.0,0.5,20.0,0.0,40.0,150.0,1660
2026-08-06T15:56:30.071+03:00,29.052970,V2_CHANNEL_STATUS,Waiting for touchdown,MANUAL,1,1,1.9199999570846558,1.95,-0.26208291651360976,0.0,0.0,356.9999996891463,1600,1600,-60,0,1500,1500,1500,2.0,0.5,20.0,0.0,40.0,150.0,1660
2026-08-06T15:56:30.170+03:00,29.151347,V2_CHANNEL_STATUS,Waiting for touchdown,MANUAL,1,1,1.9199999570846558,1.95,-0.26208291651360976,0.0,0.0,356.9999996891463,1600,1600,-60,0,1500,1500,1500,2.0,0.5,20.0,0.0,40.0,150.0,1660
2026-08-06T15:56:30.273+03:00,29.254169,V2_CHANNEL_STATUS,Waiting for touchdown,MANUAL,1,1,1.9199999570846558,1.95,-0.26208291651360976,0.0,0.0,356.9999996891463,1600,1600,-60,0,1500,1500,1500,2.0,0.5,20.0,0.0,40.0,150.0,1660
2026-08-06T15:56:30.371+03:00,29.352092,V2_CHANNEL_STATUS,Waiting for touchdown,MANUAL,1,1,1.9199999570846558,1.95,-0.26208291651360976,0.0,0.0,356.9999996891463,1600,1600,-60,0,1500,1500,1500,2.0,0.5,20.0,0.0,40.0,150.0,1660
2026-08-06T15:56:30.381+03:00,29.362449,GLOBAL_POSITION_INT,Waiting for touchdown,MANUAL,1,1,1.9199999570846558,1.37,-1.1592031892382817,0.0,0.0,356.9999996891463,1600,1600,-60,0,1500,1500,1500,2.0,0.5,20.0,0.0,40.0,150.0,1660
2026-08-06T15:56:30.381+03:00,29.362738,RC_CHANNELS,Waiting for touchdown,MANUAL,1,1,1.9199999570846558,1.37,-1.1592031892382817,0.0,0.0,356.9999996891463,1600,1600,-60,0,1500,1500,1500,2.0,0.5,20.0,0.0,40.0,150.0,1660
2026-08-06T15:56:30.469+03:00,29.450411,V2_CHANNEL_STATUS,Waiting for touchdown,MANUAL,1,1,1.9199999570846558,1.37,-1.1592031892382817,0.0,0.0,356.9999996891463,1600,1600,-60,0,1500,1500,1500,2.0,0.5,20.0,0.0,40.0,150.0,1660
2026-08-06T15:56:30.572+03:00,29.553475,V2_CHANNEL_STATUS,Waiting for touchdown,MANUAL,1,1,1.9199999570846558,1.37,-1.1592031892382817,0.0,0.0,356.9999996891463,1600,1600,-60,0,1500,1500,1500,2.0,0.5,20.0,0.0,40.0,150.0,1660
2026-08-06T15:56:30.670+03:00,29.651298,V2_CHANNEL_STATUS,Waiting for touchdown,MANUAL,1,1,1.9199999570846558,1.37,-1.1592031892382817,0.0,0.0,356.9999996891463,1600,1600,-60,0,1500,1500,1500,2.0,0.5,20.0,0.0,40.0,150.0,1660
2026-08-06T15:56:30.773+03:00,29.754253,V2_CHANNEL_STATUS,Waiting for touchdown,MANUAL,1,1,1.9199999570846558,1.37,-1.1592031892382817,0.0,0.0,356.9999996891463,1600,1600,-60,0,1500,1500,1500,2.0,0.5,20.0,0.0,40.0,150.0,1660
2026-08-06T15:56:30.871+03:00,29.852283,V2_CHANNEL_STATUS,Waiting for touchdown,MANUAL,1,1,1.9199999570846558,1.37,-1.1592031892382817,0.0,0.0,356.9999996891463,1600,1600,-60,0,1500,1500,1500,2.0,0.5,20.0,0.0,40.0,150.0,1660
2026-08-06T15:56:30.881+03:00,29.862688,GLOBAL_POSITION_INT,Waiting for touchdown,MANUAL,1,1,1.9199999570846558,0.59,-1.5592553560516893,0.0,0.0,356.9999996891463,1600,1600,-60,0,1500,1500,1500,2.0,0.5,20.0,0.0,40.0,150.0,1660
2026-08-06T15:56:30.881+03:00,29.862988,RC_CHANNELS,Waiting for touchdown,MANUAL,1,1,1.9199999570846558,0.59,-1.5592553560516893,0.0,0.0,356.9999996891463,1600,1600,-60,0,1500,1500,1500,2.0,0.5,20.0,0.0,40.0,150.0,1660
2026-08-06T15:56:30.970+03:00,29.951043,V2_CHANNEL_STATUS,Waiting for touchdown,MANUAL,1,1,1.9199999570846558,0.59,-1.5592553560516893,0.0,0.0,356.9999996891463,1600,1600,-60,0,1500,1500,1500,2.0,0.5,20.0,0.0,40.0,150.0,1660
2026-08-06T15:56:31.073+03:00,30.054117,V2_CHANNEL_STATUS,Waiting for touchdown,MANUAL,1,1,1.9199999570846558,0.59,-1.5592553560516893,0.0,0.0,356.9999996891463,1600,1600,-60,0,1500,1500,1500,2.0,0.5,20.0,0.0,40.0,150.0,1660
2026-08-06T15:56:31.170+03:00,30.151951,V2_CHANNEL_STATUS,Waiting for touchdown,MANUAL,1,1,1.9199999570846558,0.59,-1.5592553560516893,0.0,0.0,356.9999996891463,1600,1600,-60,0,1500,1500,1500,2.0,0.5,20.0,0.0,40.0,150.0,1660
2026-08-06T15:56:31.274+03:00,30.255148,V2_CHANNEL_STATUS,Waiting for touchdown,MANUAL,1,1,1.9199999570846558,0.59,-1.5592553560516893,0.0,0.0,356.9999996891463,1600,1600,-60,0,1500,1500,1500,2.0,0.5,20.0,0.0,40.0,150.0,1660
2026-08-06T15:56:31.372+03:00,30.353084,V2_CHANNEL_STATUS,Waiting for touchdown,MANUAL,1,1,1.9199999570846558,0.59,-1.5592553560516893,0.0,0.0,356.9999996891463,1600,1600,-60,0,1500,1500,1500,2.0,0.5,20.0,0.0,40.0,150.0,1660
2026-08-06T15:56:31.382+03:00,30.363669,GLOBAL_POSITION_INT,Waiting for touchdown,MANUAL,1,1,1.9199999570846558,-0.06,-1.297529078887425,0.0,0.0,356.9999996891463,1600,1600,-60,0,1500,1500,1500,2.0,0.5,20.0,0.0,40.0,150.0,1660
2026-08-06T15:56:31.383+03:00,30.364070,RC_CHANNELS,Waiting for touchdown,MANUAL,1,1,1.9199999570846558,-0.06,-1.297529078887425,0.0,0.0,356.9999996891463,1600,1600,-60,0,1500,1500,1500,2.0,0.5,20.0,0.0,40.0,150.0,1660
2026-08-06T15:56:31.471+03:00,30.452130,V2_CHANNEL_STATUS,Waiting for touchdown,MANUAL,1,1,1.9199999570846558,-0.06,-1.297529078887425,0.0,0.0,356.9999996891463,1600,1600,-60,0,1500,1500,1500,2.0,0.5,20.0,0.0,40.0,150.0,1660
2026-08-06T15:56:31.574+03:00,30.555052,V2_CHANNEL_STATUS,Waiting for touchdown,MANUAL,1,1,1.9199999570846558,-0.06,-1.297529078887425,0.0,0.0,356.9999996891463,1600,1600,-60,0,1500,1500,1500,2.0,0.5,20.0,0.0,40.0,150.0,1660
2026-08-06T15:56:31.671+03:00,30.652887,V2_CHANNEL_STATUS,Waiting for touchdown,MANUAL,1,1,1.9199999570846558,-0.06,-1.297529078887425,0.0,0.0,356.9999996891463,1600,1600,-60,0,1500,1500,1500,2.0,0.5,20.0,0.0,40.0,150.0,1660
2026-08-06T15:56:31.774+03:00,30.755964,V2_CHANNEL_STATUS,Waiting for touchdown,MANUAL,1,1,1.9199999570846558,-0.06,-1.297529078887425,0.0,0.0,356.9999996891463,1600,1600,-60,0,1500,1500,1500,2.0,0.5,20.0,0.0,40.0,150.0,1660
2026-08-06T15:56:31.873+03:00,30.854067,V2_CHANNEL_STATUS,Waiting for touchdown,MANUAL,1,1,1.9199999570846558,-0.06,-1.297529078887425,0.0,0.0,356.9999996891463,1600,1600,-60,0,1500,1500,1500,2.0,0.5,20.0,0.0,40.0,150.0,1660
2026-08-06T15:56:31.883+03:00,30.864791,GLOBAL_POSITION_INT,Waiting for touchdown,MANUAL,1,1,1.9199999570846558,-0.07,-0.019954451811955185,0.0,0.0,356.9999996891463,1600,1600,-60,0,1500,1500,1500,2.0,0.5,20.0,0.0,40.0,150.0,1660
2026-08-06T15:56:31.884+03:00,30.865107,RC_CHANNELS,Waiting for touchdown,MANUAL,1,1,1.9199999570846558,-0.07,-0.019954451811955185,0.0,0.0,356.9999996891463,1600,1600,-60,0,1500,1500,1500,2.0,0.5,20.0,0.0,40.0,150.0,1660
2026-08-06T15:56:31.971+03:00,30.952921,V2_CHANNEL_STATUS,Waiting for touchdown,MANUAL,1,1,1.9199999570846558,-0.07,-0.019954451811955185,0.0,0.0,356.9999996891463,1600,1600,-60,0,1500,1500,1500,2.0,0.5,20.0,0.0,40.0,150.0,1660
2026-08-06T15:56:32.075+03:00,31.056072,V2_CHANNEL_STATUS,Waiting for touchdown,MANUAL,1,1,1.9199999570846558,-0.07,-0.019954451811955185,0.0,0.0,356.9999996891463,1600,1600,-60,0,1500,1500,1500,2.0,0.5,20.0,0.0,40.0,150.0,1660
2026-08-06T15:56:32.173+03:00,31.154136,V2_CHANNEL_STATUS,Waiting for touchdown,MANUAL,1,1,1.9199999570846558,-0.07,-0.019954451811955185,0.0,0.0,356.9999996891463,1600,1600,-60,0,1500,1500,1500,2.0,0.5,20.0,0.0,40.0,150.0,1660
2026-08-06T15:56:32.275+03:00,31.256969,V2_CHANNEL_STATUS,Waiting for touchdown,MANUAL,1,1,1.9199999570846558,-0.07,-0.019954451811955185,0.0,0.0,356.9999996891463,1600,1600,-60,0,1500,1500,1500,2.0,0.5,20.0,0.0,40.0,150.0,1660
2026-08-06T15:56:32.373+03:00,31.355028,V2_CHANNEL_STATUS,Waiting for touchdown,MANUAL,1,1,1.9199999570846558,-0.07,-0.019954451811955185,0.0,0.0,356.9999996891463,1600,1600,-60,0,1500,1500,1500,2.0,0.5,20.0,0.0,40.0,150.0,1660
2026-08-06T15:56:32.384+03:00,31.365482,GLOBAL_POSITION_INT,Waiting for touchdown,MANUAL,1,1,1.9199999570846558,0.0,0.13980426505190832,0.0,0.0,356.9999996891463,1600,1600,-60,0,1500,1500,1500,2.0,0.5,20.0,0.0,40.0,150.0,1660
2026-08-06T15:56:32.384+03:00,31.365712,RC_CHANNELS,Waiting for touchdown,MANUAL,1,1,1.9199999570846558,0.0,0.13980426505190832,0.0,0.0,356.9999996891463,1600,1600,-60,0,1500,1500,1500,2.0,0.5,20.0,0.0,40.0,150.0,1660
2026-08-06T15:56:32.472+03:00,31.453669,V2_CHANNEL_STATUS,Disarming and waiting for IDLE,MANUAL,1,1,1.9199999570846558,0.0,0.13980426505190832,0.0,0.0,356.9999996891463,1000,1000,-660,1,1500,1500,1500,2.0,0.5,20.0,0.0,40.0,150.0,1660
2026-08-06T15:56:32.575+03:00,31.556714,V2_CHANNEL_STATUS,Disarming and waiting for IDLE,MANUAL,1,1,1.9199999570846558,0.0,0.13980426505190832,0.0,0.0,356.9999996891463,1000,1000,-660,1,1500,1500,1500,2.0,0.5,20.0,0.0,40.0,150.0,1660
2026-08-06T15:56:32.673+03:00,31.654802,V2_CHANNEL_STATUS,Disarming and waiting for IDLE,MANUAL,1,1,1.9199999570846558,0.0,0.13980426505190832,0.0,0.0,356.9999996891463,1000,1000,-660,1,1500,1500,1500,2.0,0.5,20.0,0.0,40.0,150.0,1660
2026-08-06T15:56:32.777+03:00,31.758091,V2_CHANNEL_STATUS,Disarming and waiting for IDLE,MANUAL,1,1,1.9199999570846558,0.0,0.13980426505190832,0.0,0.0,356.9999996891463,1000,1000,-660,1,1500,1500,1500,2.0,0.5,20.0,0.0,40.0,150.0,1660
2026-08-06T15:56:32.875+03:00,31.857011,V2_CHANNEL_STATUS,Disarming and waiting for IDLE,MANUAL,1,1,1.9199999570846558,0.0,0.13980426505190832,0.0,0.0,356.9999996891463,1000,1000,-660,1,1500,1500,1500,2.0,0.5,20.0,0.0,40.0,150.0,1660
2026-08-06T15:56:32.896+03:00,31.877570,GLOBAL_POSITION_INT,Disarming and waiting for IDLE,IDLE,0,0,1.9199999570846558,0.0,0.0,0.0,0.0,356.9999996891463,1000,1000,-660,1,1500,1500,1500,2.0,0.5,20.0,0.0,40.0,150.0,1660
2026-08-06T15:56:32.896+03:00,31.877814,RC_CHANNELS,Disarming and waiting for IDLE,IDLE,0,0,1.9199999570846558,0.0,0.0,0.0,0.0,356.9999996891463,1000,1000,-660,1,1500,1500,1500,2.0,0.5,20.0,0.0,40.0,150.0,1660
2026-08-06T15:56:32.978+03:00,31.959153,V2_CHANNEL_STATUS,Disarming and waiting for IDLE,IDLE,0,0,1.9199999570846558,0.0,0.0,0.0,0.0,356.9999996891463,1000,1000,-660,1,1500,1500,1500,2.0,0.5,20.0,0.0,40.0,150.0,1660
2026-08-06T15:56:33.079+03:00,32.060834,V2_CHANNEL_STATUS,Disarming and waiting for IDLE,IDLE,0,0,1.9199999570846558,0.0,0.0,0.0,0.0,356.9999996891463,1000,1000,-660,1,1500,1500,1500,2.0,0.5,20.0,0.0,40.0,150.0,1660
2026-08-06T15:56:33.181+03:00,32.162290,V2_CHANNEL_STATUS,Disarming and waiting for IDLE,IDLE,0,0,1.9199999570846558,0.0,0.0,0.0,0.0,356.9999996891463,1000,1000,-660,1,1500,1500,1500,2.0,0.5,20.0,0.0,40.0,150.0,1660
2026-08-06T15:56:33.282+03:00,32.263904,V2_CHANNEL_STATUS,Disarming and waiting for IDLE,IDLE,0,0,1.9199999570846558,0.0,0.0,0.0,0.0,356.9999996891463,1000,1000,-660,1,1500,1500,1500,2.0,0.5,20.0,0.0,40.0,150.0,1660
