local_time,elapsed_s,sample_source,phase,state,state_id,armed,altitude_setpoint_m,altitude_m,vertical_speed_m_s,roll_deg,pitch_deg,yaw_deg,joystick_throttle_pwm,output_throttle_pwm,output_correction_pwm,output_saturated,output_roll_pwm,output_pitch_pwm,output_yaw_pwm,TAKEOFF_ALT,TAKEOFF_RATE,ALT_KP,ALT_KI,ALT_KD,ALT_OUT_LIMIT,HOV_BASELINE
2026-08-06T15:49:34.339+03:00,0.026508,V2_CHANNEL_STATUS,Waiting for bt-app telemetry,,,0,,,,,,,1000,1000,,0,1500,1500,1500,,,,,,,
2026-08-06T15:49:34.437+03:00,0.124521,V2_CHANNEL_STATUS,Waiting for bt-app telemetry,,,0,,,,,,,1000,1000,,0,1500,1500,1500,,,,,,,
2026-08-06T15:49:34.535+03:00,0.222511,V2_CHANNEL_STATUS,Waiting for bt-app telemetry,,,0,,,,,,,1000,1000,,0,1500,1500,1500,,,,,,,
2026-08-06T15:49:34.637+03:00,0.325354,V2_CHANNEL_STATUS,Waiting for bt-app telemetry,,,0,,,,,,,1000,1000,,0,1500,1500,1500,,,,,,,
2026-08-06T15:49:34.735+03:00,0.423149,V2_CHANNEL_STATUS,Waiting for bt-app telemetry,,,0,,,,,,,1000,1000,,0,1500,1500,1500,,,,,,,
2026-08-06T15:49:34.797+03:00,0.485213,GLOBAL_POSITION_INT,Waiting for bt-app telemetry,,,0,,0.0,,,,,1000,1000,,0,1500,1500,1500,,,,,,,
2026-08-06T15:49:34.798+03:00,0.485532,RC_CHANNELS,Waiting for bt-app telemetry,,,0,,0.0,,0.0,0.0,356.9999996891463,1000,1000,,0,1500,1500,1500,,,,,,,
2026-08-06T15:49:34.839+03:00,0.526918,V2_CHANNEL_STATUS,Waiting for bt-app telemetry,,,0,,0.0,,0.0,0.0,356.9999996891463,1000,1000,,0,1500,1500,1500,,,,,,,
2026-08-06T15:49:34.938+03:00,0.625664,V2_CHANNEL_STATUS,Waiting for bt-app telemetry,,,0,,0.0,,0.0,0.0,356.9999996891463,1000,1000,,0,1500,1500,1500,,,,,,,
2026-08-06T15:49:35.036+03:00,0.723588,V2_CHANNEL_STATUS,Waiting for bt-app telemetry,,,0,,0.0,,0.0,0.0,356.9999996891463,1000,1000,,0,1500,1500,1500,,,,,,,
2026-08-06T15:49:35.139+03:00,0.826527,V2_CHANNEL_STATUS,Waiting for bt-app telemetry,,,0,,0.0,,0.0,0.0,356.9999996891463,1000,1000,,0,1500,1500,1500,,,,,,,
2026-08-06T15:49:35.237+03:00,0.924571,V2_CHANNEL_STATUS,Waiting for bt-app telemetry,,,0,,0.0,,0.0,0.0,356.9999996891463,1000,1000,,0,1500,1500,1500,,,,,,,
2026-08-06T15:49:35.294+03:00,0.981941,GLOBAL_POSITION_INT,Waiting for bt-app telemetry,IDLE,0,0,,0.0,0.0,0.0,0.0,356.9999996891463,1000,1000,,0,1500,1500,1500,,,,,,,
2026-08-06T15:49:35.294+03:00,0.982170,RC_CHANNELS,Waiting for bt-app telemetry,IDLE,0,0,,0.0,0.0,0.0,0.0,356.9999996891463,1000,1000,,0,1500,1500,1500,,,,,,,
2026-08-06T15:49:35.346+03:00,1.033800,V2_CHANNEL_STATUS,Reading active takeoff parameters,IDLE,0,0,,0.0,0.0,0.0,0.0,356.9999996891463,1000,1000,,0,1500,1500,1500,,,20.0,0.0,30.0,150.0,
2026-08-06T15:49:35.439+03:00,1.126826,V2_CHANNEL_STATUS,Arming in MANUAL mode,IDLE,0,0,,0.0,0.0,0.0,0.0,356.9999996891463,1000,1000,-660,1,1500,1500,1500,2.0,0.30000001192092896,20.0,0.0,30.0,150.0,1660
2026-08-06T15:49:35.537+03:00,1.224742,V2_CHANNEL_STATUS,Arming in MANUAL mode,IDLE,0,0,,0.0,0.0,0.0,0.0,356.9999996891463,1000,1000,-660,1,1500,1500,1500,2.0,0.30000001192092896,20.0,0.0,30.0,150.0,1660
2026-08-06T15:49:35.640+03:00,1.327755,V2_CHANNEL_STATUS,Arming in MANUAL mode,IDLE,0,0,,0.0,0.0,0.0,0.0,356.9999996891463,1000,1000,-660,1,1500,1500,1500,2.0,0.30000001192092896,20.0,0.0,30.0,150.0,1660
2026-08-06T15:49:35.738+03:00,1.425708,V2_CHANNEL_STATUS,Arming in MANUAL mode,IDLE,0,0,,0.0,0.0,0.0,0.0,356.9999996891463,1000,1000,-660,1,1500,1500,1500,2.0,0.30000001192092896,20.0,0.0,30.0,150.0,1660
2026-08-06T15:49:35.795+03:00,1.482637,GLOBAL_POSITION_INT,Arming in MANUAL mode,IDLE,0,0,,0.0,0.0,0.0,0.0,356.9999996891463,1000,1000,-660,1,1500,1500,1500,2.0,0.30000001192092896,20.0,0.0,30.0,150.0,1660
2026-08-06T15:49:35.795+03:00,1.482864,RC_CHANNELS,Arming in MANUAL mode,IDLE,0,0,,0.0,0.0,0.0,0.0,356.9999996891463,1000,1000,-660,1,1500,1500,1500,2.0,0.30000001192092896,20.0,0.0,30.0,150.0,1660
2026-08-06T15:49:35.841+03:00,1.529050,V2_CHANNEL_STATUS,Arming in MANUAL mode,IDLE,0,0,,0.0,0.0,0.0,0.0,356.9999996891463,1000,1000,-660,1,1500,1500,1500,2.0,0.30000001192092896,20.0,0.0,30.0,150.0,1660
2026-08-06T15:49:35.940+03:00,1.627551,V2_CHANNEL_STATUS,Arming in MANUAL mode,IDLE,0,0,,0.0,0.0,0.0,0.0,356.9999996891463,1000,1000,-660,1,1500,1500,1500,2.0,0.30000001192092896,20.0,0.0,30.0,150.0,1660
2026-08-06T15:49:36.037+03:00,1.725392,V2_CHANNEL_STATUS,Arming in MANUAL mode,IDLE,0,0,,0.0,0.0,0.0,0.0,356.9999996891463,1000,1000,-660,1,1500,1500,1500,2.0,0.30000001192092896,20.0,0.0,30.0,150.0,1660
2026-08-06T15:49:36.141+03:00,1.828453,V2_CHANNEL_STATUS,Arming in MANUAL mode,IDLE,0,0,,0.0,0.0,0.0,0.0,356.9999996891463,1000,1000,-660,1,1500,1500,1500,2.0,0.30000001192092896,20.0,0.0,30.0,150.0,1660
2026-08-06T15:49:36.239+03:00,1.926417,V2_CHANNEL_STATUS,Arming in MANUAL mode,IDLE,0,0,,0.0,0.0,0.0,0.0,356.9999996891463,1000,1000,-660,1,1500,1500,1500,2.0,0.30000001192092896,20.0,0.0,30.0,150.0,1660
2026-08-06T15:49:36.296+03:00,1.983532,GLOBAL_POSITION_INT,Arming in MANUAL mode,6,6,0,,0.0,0.0,0.0,0.0,356.9999996891463,1000,1000,-660,1,1500,1500,1500,2.0,0.30000001192092896,20.0,0.0,30.0,150.0,1660
2026-08-06T15:49:36.296+03:00,1.983856,RC_CHANNELS,Arming in MANUAL mode,6,6,0,,0.0,0.0,0.0,0.0,356.9999996891463,1000,1000,-660,1,1500,1500,1500,2.0,0.30000001192092896,20.0,0.0,30.0,150.0,1660
2026-08-06T15:49:36.343+03:00,2.030439,V2_CHANNEL_STATUS,Arming in MANUAL mode,6,6,0,,0.0,0.0,0.0,0.0,356.9999996891463,1000,1000,-660,1,1500,1500,1500,2.0,0.30000001192092896,20.0,0.0,30.0,150.0,1660
2026-08-06T15:49:36.441+03:00,2.128428,V2_CHANNEL_STATUS,Arming in MANUAL mode,6,6,0,,0.0,0.0,0.0,0.0,356.9999996891463,1000,1000,-660,1,1500,1500,1500,2.0,0.30000001192092896,20.0,0.0,30.0,150.0,1660
2026-08-06T15:49:36.539+03:00,2.227132,V2_CHANNEL_STATUS,Arming in MANUAL mode,6,6,0,,0.0,0.0,0.0,0.0,356.9999996891463,1000,1000,-660,1,1500,1500,1500,2.0,0.30000001192092896,20.0,0.0,30.0,150.0,1660
2026-08-06T15:49:36.643+03:00,2.330858,V2_CHANNEL_STATUS,Arming in MANUAL mode,6,6,0,,0.0,0.0,0.0,0.0,356.9999996891463,1000,1000,-660,1,1500,1500,1500,2.0,0.30000001192092896,20.0,0.0,30.0,150.0,1660
2026-08-06T15:49:36.741+03:00,2.428823,V2_CHANNEL_STATUS,Arming in MANUAL mode,6,6,0,,0.0,0.0,0.0,0.0,356.9999996891463,1000,1000,-660,1,1500,1500,1500,2.0,0.30000001192092896,20.0,0.0,30.0,150.0,1660
2026-08-06T15:49:36.798+03:00,2.485470,GLOBAL_POSITION_INT,Arming in MANUAL mode,6,6,0,,0.0,0.0,0.0,0.0,356.9999996891463,1000,1000,-660,1,1500,1500,1500,2.0,0.30000001192092896,20.0,0.0,30.0,150.0,1660
2026-08-06T15:49:36.798+03:00,2.485746,RC_CHANNELS,Arming in MANUAL mode,6,6,0,,0.0,0.0,0.0,0.0,356.9999996891463,1000,1000,-660,1,1500,1500,1500,2.0,0.30000001192092896,20.0,0.0,30.0,150.0,1660
2026-08-06T15:49:36.839+03:00,2.526983,V2_CHANNEL_STATUS,Arming in MANUAL mode,6,6,0,,0.0,0.0,0.0,0.0,356.9999996891463,1000,1000,-660,1,1500,1500,1500,2.0,0.30000001192092896,20.0,0.0,30.0,150.0,1660
2026-08-06T15:49:36.942+03:00,2.629941,V2_CHANNEL_STATUS,Arming in MANUAL mode,6,6,0,,0.0,0.0,0.0,0.0,356.9999996891463,1000,1000,-660,1,1500,1500,1500,2.0,0.30000001192092896,20.0,0.0,30.0,150.0,1660
2026-08-06T15:49:37.040+03:00,2.728020,V2_CHANNEL_STATUS,Arming in MANUAL mode,6,6,0,,0.0,0.0,0.0,0.0,356.9999996891463,1000,1000,-660,1,1500,1500,1500,2.0,0.30000001192092896,20.0,0.0,30.0,150.0,1660
2026-08-06T15:49:37.143+03:00,2.830897,V2_CHANNEL_STATUS,Arming in MANUAL mode,6,6,0,,0.0,0.0,0.0,0.0,356.9999996891463,1000,1000,-660,1,1500,1500,1500,2.0,0.30000001192092896,20.0,0.0,30.0,150.0,1660
2026-08-06T15:49:37.241+03:00,2.929130,V2_CHANNEL_STATUS,Arming in MANUAL mode,6,6,0,,0.0,0.0,0.0,0.0,356.9999996891463,1000,1000,-660,1,1500,1500,1500,2.0,0.30000001192092896,20.0,0.0,30.0,150.0,1660
2026-08-06T15:49:37.298+03:00,2.986026,GLOBAL_POSITION_INT,Arming in MANUAL mode,6,6,0,,0.0,0.0,0.0,0.0,356.9999996891463,1000,1000,-660,1,1500,1500,1500,2.0,0.30000001192092896,20.0,0.0,30.0,150.0,1660
2026-08-06T15:49:37.298+03:00,2.986304,RC_CHANNELS,Arming in MANUAL mode,6,6,0,,0.0,0.0,0.0,0.0,356.9999996891463,1000,1000,-660,1,1500,1500,1500,2.0,0.30000001192092896,20.0,0.0,30.0,150.0,1660
2026-08-06T15:49:37.345+03:00,3.032638,V2_CHANNEL_STATUS,Arming in MANUAL mode,6,6,0,,0.0,0.0,0.0,0.0,356.9999996891463,1000,1000,-660,1,1500,1500,1500,2.0,0.30000001192092896,20.0,0.0,30.0,150.0,1660
2026-08-06T15:49:37.443+03:00,3.131121,V2_CHANNEL_STATUS,Arming in MANUAL mode,6,6,0,,0.0,0.0,0.0,0.0,356.9999996891463,1000,1000,-660,1,1500,1500,1500,2.0,0.30000001192092896,20.0,0.0,30.0,150.0,1660
2026-08-06T15:49:37.541+03:00,3.228833,V2_CHANNEL_STATUS,Arming in MANUAL mode,6,6,0,,0.0,0.0,0.0,0.0,356.9999996891463,1000,1000,-660,1,1500,1500,1500,2.0,0.30000001192092896,20.0,0.0,30.0,150.0,1660
2026-08-06T15:49:37.644+03:00,3.331805,V2_CHANNEL_STATUS,Arming in MANUAL mode,6,6,0,,0.0,0.0,0.0,0.0,356.9999996891463,1000,1000,-660,1,1500,1500,1500,2.0,0.30000001192092896,20.0,0.0,30.0,150.0,1660
2026-08-06T15:49:37.742+03:00,3.429950,V2_CHANNEL_STATUS,Arming in MANUAL mode,6,6,0,,0.0,0.0,0.0,0.0,356.9999996891463,1000,1000,-660,1,1500,1500,1500,2.0,0.30000001192092896,20.0,0.0,30.0,150.0,1660
2026-08-06T15:49:37.799+03:00,3.486818,GLOBAL_POSITION_INT,Arming in MANUAL mode,6,6,0,,0.0,0.0,0.0,0.0,356.9999996891463,1000,1000,-660,1,1500,1500,1500,2.0,0.30000001192092896,20.0,0.0,30.0,150.0,1660
2026-08-06T15:49:37.799+03:00,3.487044,RC_CHANNELS,Arming in MANUAL mode,6,6,0,,0.0,0.0,0.0,0.0,356.9999996891463,1000,1000,-660,1,1500,1500,1500,2.0,0.30000001192092896,20.0,0.0,30.0,150.0,1660
2026-08-06T15:49:37.846+03:00,3.533479,V2_CHANNEL_STATUS,Arming in MANUAL mode,6,6,0,,0.0,0.0,0.0,0.0,356.9999996891463,1000,1000,-660,1,1500,1500,1500,2.0,0.30000001192092896,20.0,0.0,30.0,150.0,1660
2026-08-06T15:49:37.944+03:00,3.631775,V2_CHANNEL_STATUS,Arming in MANUAL mode,6,6,0,,0.0,0.0,0.0,0.0,356.9999996891463,1000,1000,-660,1,1500,1500,1500,2.0,0.30000001192092896,20.0,0.0,30.0,150.0,1660
2026-08-06T15:49:38.042+03:00,3.730247,V2_CHANNEL_STATUS,Arming in MANUAL mode,6,6,0,,0.0,0.0,0.0,0.0,356.9999996891463,1000,1000,-660,1,1500,1500,1500,2.0,0.30000001192092896,20.0,0.0,30.0,150.0,1660
2026-08-06T15:49:38.145+03:00,3.833364,V2_CHANNEL_STATUS,Arming in MANUAL mode,6,6,0,,0.0,0.0,0.0,0.0,356.9999996891463,1000,1000,-660,1,1500,1500,1500,2.0,0.30000001192092896,20.0,0.0,30.0,150.0,1660
2026-08-06T15:49:38.243+03:00,3.931168,V2_CHANNEL_STATUS,Arming in MANUAL mode,6,6,0,,0.0,0.0,0.0,0.0,356.9999996891463,1000,1000,-660,1,1500,1500,1500,2.0,0.30000001192092896,20.0,0.0,30.0,150.0,1660
2026-08-06T15:49:38.295+03:00,3.983050,GLOBAL_POSITION_INT,Arming in MANUAL mode,6,6,0,,0.0,0.0,0.0,0.0,356.9999996891463,1000,1000,-660,1,1500,1500,1500,2.0,0.30000001192092896,20.0,0.0,30.0,150.0,1660
2026-08-06T15:49:38.295+03:00,3.983330,RC_CHANNELS,Arming in MANUAL mode,6,6,0,,0.0,0.0,0.0,0.0,356.9999996891463,1000,1000,-660,1,1500,1500,1500,2.0,0.30000001192092896,20.0,0.0,30.0,150.0,1660
2026-08-06T15:49:38.347+03:00,4.034945,V2_CHANNEL_STATUS,Arming in MANUAL mode,6,6,0,,0.0,0.0,0.0,0.0,356.9999996891463,1000,1000,-660,1,1500,1500,1500,2.0,0.30000001192092896,20.0,0.0,30.0,150.0,1660
2026-08-06T15:49:38.445+03:00,4.133007,V2_CHANNEL_STATUS,Arming in MANUAL mode,6,6,0,,0.0,0.0,0.0,0.0,356.9999996891463,1000,1000,-660,1,1500,1500,1500,2.0,0.30000001192092896,20.0,0.0,30.0,150.0,1660
2026-08-06T15:49:38.543+03:00,4.231219,V2_CHANNEL_STATUS,Arming in MANUAL mode,6,6,0,,0.0,0.0,0.0,0.0,356.9999996891463,1000,1000,-660,1,1500,1500,1500,2.0,0.30000001192092896,20.0,0.0,30.0,150.0,1660
2026-08-06T15:49:38.646+03:00,4.334386,V2_CHANNEL_STATUS,Arming in MANUAL mode,6,6,0,,0.0,0.0,0.0,0.0,356.9999996891463,1000,1000,-660,1,1500,1500,1500,2.0,0.30000001192092896,20.0,0.0,30.0,150.0,1660
2026-08-06T15:49:38.745+03:00,4.432530,V2_CHANNEL_STATUS,Arming in MANUAL mode,6,6,0,,0.0,0.0,0.0,0.0,356.9999996891463,1000,1000,-660,1,1500,1500,1500,2.0,0.30000001192092896,20.0,0.0,30.0,150.0,1660
2026-08-06T15:49:38.796+03:00,4.484033,GLOBAL_POSITION_INT,Arming in MANUAL mode,6,6,0,,0.0,0.0,0.0,0.0,356.9999996891463,1000,1000,-660,1,1500,1500,1500,2.0,0.30000001192092896,20.0,0.0,30.0,150.0,1660
2026-08-06T15:49:38.796+03:00,4.484294,RC_CHANNELS,Arming in MANUAL mode,6,6,0,,0.0,0.0,0.0,0.0,356.9999996891463,1000,1000,-660,1,1500,1500,1500,2.0,0.30000001192092896,20.0,0.0,30.0,150.0,1660
2026-08-06T15:49:38.848+03:00,4.535848,V2_CHANNEL_STATUS,Arming in MANUAL mode,6,6,0,,0.0,0.0,0.0,0.0,356.9999996891463,1000,1000,-660,1,1500,1500,1500,2.0,0.30000001192092896,20.0,0.0,30.0,150.0,1660
2026-08-06T15:49:38.946+03:00,4.633668,V2_CHANNEL_STATUS,Arming in MANUAL mode,6,6,0,,0.0,0.0,0.0,0.0,356.9999996891463,1000,1000,-660,1,1500,1500,1500,2.0,0.30000001192092896,20.0,0.0,30.0,150.0,1660
2026-08-06T15:49:39.044+03:00,4.731752,V2_CHANNEL_STATUS,Arming in MANUAL mode,6,6,0,,0.0,0.0,0.0,0.0,356.9999996891463,1000,1000,-660,1,1500,1500,1500,2.0,0.30000001192092896,20.0,0.0,30.0,150.0,1660
2026-08-06T15:49:39.147+03:00,4.834932,V2_CHANNEL_STATUS,Arming in MANUAL mode,6,6,0,,0.0,0.0,0.0,0.0,356.9999996891463,1000,1000,-660,1,1500,1500,1500,2.0,0.30000001192092896,20.0,0.0,30.0,150.0,1660
2026-08-06T15:49:39.245+03:00,4.932773,V2_CHANNEL_STATUS,Arming in MANUAL mode,6,6,0,,0.0,0.0,0.0,0.0,356.9999996891463,1000,1000,-660,1,1500,1500,1500,2.0,0.30000001192092896,20.0,0.0,30.0,150.0,1660
2026-08-06T15:49:39.297+03:00,4.984621,GLOBAL_POSITION_INT,Requesting automatic takeoff from MANUAL,MANUAL,1,1,,0.0,0.0,0.0,0.0,356.9999996891463,1000,1000,-660,1,1500,1500,1500,2.0,0.30000001192092896,20.0,0.0,30.0,150.0,1660
2026-08-06T15:49:39.297+03:00,4.984931,RC_CHANNELS,Requesting automatic takeoff from MANUAL,MANUAL,1,1,,0.0,0.0,0.0,0.0,356.9999996891463,1000,1000,-660,1,1500,1500,1500,2.0,0.30000001192092896,20.0,0.0,30.0,150.0,1660
2026-08-06T15:49:39.349+03:00,5.036700,V2_CHANNEL_STATUS,Requesting automatic takeoff from MANUAL,MANUAL,1,1,,0.0,0.0,0.0,0.0,356.9999996891463,1000,1660,0,0,1500,1500,1500,2.0,0.30000001192092896,20.0,0.0,30.0,150.0,1660
2026-08-06T15:49:39.447+03:00,5.134568,V2_CHANNEL_STATUS,Requesting automatic takeoff from MANUAL,MANUAL,1,1,,0.0,0.0,0.0,0.0,356.9999996891463,1000,1660,0,0,1500,1500,1500,2.0,0.30000001192092896,20.0,0.0,30.0,150.0,1660
2026-08-06T15:49:39.545+03:00,5.232526,V2_CHANNEL_STATUS,Requesting automatic takeoff from MANUAL,MANUAL,1,1,,0.0,0.0,0.0,0.0,356.9999996891463,1000,1661,1,0,1500,1500,1500,2.0,0.30000001192092896,20.0,0.0,30.0,150.0,1660
2026-08-06T15:49:39.647+03:00,5.335346,V2_CHANNEL_STATUS,Requesting automatic takeoff from MANUAL,MANUAL,1,1,,0.0,0.0,0.0,0.0,356.9999996891463,1000,1661,1,0,1500,1500,1500,2.0,0.30000001192092896,20.0,0.0,30.0,150.0,1660
2026-08-06T15:49:39.746+03:00,5.433451,V2_CHANNEL_STATUS,Requesting automatic takeoff from MANUAL,MANUAL,1,1,,0.0,0.0,0.0,0.0,356.9999996891463,1000,1662,2,0,1500,1500,1500,2.0,0.30000001192092896,20.0,0.0,30.0,150.0,1660
2026-08-06T15:49:39.797+03:00,5.485282,GLOBAL_POSITION_INT,Requesting automatic takeoff from MANUAL,MANUAL,1,1,,0.0,0.0,0.0,0.0,356.9999996891463,1000,1662,2,0,1500,1500,1500,2.0,0.30000001192092896,20.0,0.0,30.0,150.0,1660
2026-08-06T15:49:39.798+03:00,5.485562,RC_CHANNELS,Requesting automatic takeoff from MANUAL,MANUAL,1,1,,0.0,0.0,0.0,0.0,356.9999996891463,1000,1662,2,0,1500,1500,1500,2.0,0.30000001192092896,20.0,0.0,30.0,150.0,1660
2026-08-06T15:49:39.849+03:00,5.537120,V2_CHANNEL_STATUS,Requesting automatic takeoff from MANUAL,MANUAL,1,1,,0.0,0.0,0.0,0.0,356.9999996891463,1000,1663,3,0,1500,1500,1500,2.0,0.30000001192092896,20.0,0.0,30.0,150.0,1660
2026-08-06T15:49:39.947+03:00,5.635119,V2_CHANNEL_STATUS,Requesting automatic takeoff from MANUAL,MANUAL,1,1,,0.0,0.0,0.0,0.0,356.9999996891463,1000,1663,3,0,1500,1500,1500,2.0,0.30000001192092896,20.0,0.0,30.0,150.0,1660
2026-08-06T15:49:40.046+03:00,5.733660,V2_CHANNEL_STATUS,Requesting automatic takeoff from MANUAL,MANUAL,1,1,,0.0,0.0,0.0,0.0,356.9999996891463,1000,1664,4,0,1500,1500,1500,2.0,0.30000001192092896,20.0,0.0,30.0,150.0,1660
2026-08-06T15:49:40.149+03:00,5.836933,V2_CHANNEL_STATUS,Requesting automatic takeoff from MANUAL,MANUAL,1,1,,0.0,0.0,0.0,0.0,356.9999996891463,1000,1664,4,0,1500,1500,1500,2.0,0.30000001192092896,20.0,0.0,30.0,150.0,1660
2026-08-06T15:49:40.248+03:00,5.936004,V2_CHANNEL_STATUS,Requesting automatic takeoff from MANUAL,MANUAL,1,1,,0.0,0.0,0.0,0.0,356.9999996891463,1000,1665,5,0,1500,1500,1500,2.0,0.30000001192092896,20.0,0.0,30.0,150.0,1660
2026-08-06T15:49:40.295+03:00,5.983004,GLOBAL_POSITION_INT,Requesting automatic takeoff from MANUAL,TAKEOFF,5,1,,0.0,0.0,0.0,0.0,356.9999996891463,1000,1665,5,0,1500,1500,1500,2.0,0.30000001192092896,20.0,0.0,30.0,150.0,1660
2026-08-06T15:49:40.296+03:00,5.983397,RC_CHANNELS,Requesting automatic takeoff from MANUAL,TAKEOFF,5,1,,0.0,0.0,0.0,0.0,356.9999996891463,1000,1665,5,0,1500,1500,1500,2.0,0.30000001192092896,20.0,0.0,30.0,150.0,1660
2026-08-06T15:49:40.347+03:00,6.035027,V2_CHANNEL_STATUS,Recording TAKEOFF until ALT_HOLD,TAKEOFF,5,1,,0.0,0.0,0.0,0.0,356.9999996891463,1000,1666,6,0,1500,1500,1500,2.0,0.30000001192092896,20.0,0.0,30.0,150.0,1660
2026-08-06T15:49:40.450+03:00,6.138292,V2_CHANNEL_STATUS,Recording TAKEOFF until ALT_HOLD,TAKEOFF,5,1,,0.0,0.0,0.0,0.0,356.9999996891463,1000,1666,6,0,1500,1500,1500,2.0,0.30000001192092896,20.0,0.0,30.0,150.0,1660
2026-08-06T15:49:40.548+03:00,6.236327,V2_CHANNEL_STATUS,Recording TAKEOFF until ALT_HOLD,TAKEOFF,5,1,,0.0,0.0,0.0,0.0,356.9999996891463,1000,1667,7,0,1500,1500,1500,2.0,0.30000001192092896,20.0,0.0,30.0,150.0,1660
2026-08-06T15:49:40.652+03:00,6.339394,V2_CHANNEL_STATUS,Recording TAKEOFF until ALT_HOLD,TAKEOFF,5,1,,0.0,0.0,0.0,0.0,356.9999996891463,1000,1667,7,0,1500,1500,1500,2.0,0.30000001192092896,20.0,0.0,30.0,150.0,1660
2026-08-06T15:49:40.750+03:00,6.437661,V2_CHANNEL_STATUS,Recording TAKEOFF until ALT_HOLD,TAKEOFF,5,1,,0.0,0.0,0.0,0.0,356.9999996891463,1000,1668,8,0,1500,1500,1500,2.0,0.30000001192092896,20.0,0.0,30.0,150.0,1660
2026-08-06T15:49:40.796+03:00,6.484225,GLOBAL_POSITION_INT,Recording TAKEOFF until ALT_HOLD,TAKEOFF,5,1,,0.0,0.0,0.0,0.0,356.9999996891463,1000,1668,8,0,1500,1500,1500,2.0,0.30000001192092896,20.0,0.0,30.0,150.0,1660
2026-08-06T15:49:40.797+03:00,6.484488,RC_CHANNELS,Recording TAKEOFF until ALT_HOLD,TAKEOFF,5,1,,0.0,0.0,0.0,0.0,356.9999996891463,1000,1668,8,0,1500,1500,1500,2.0,0.30000001192092896,20.0,0.0,30.0,150.0,1660
2026-08-06T15:49:40.848+03:00,6.535979,V2_CHANNEL_STATUS,Recording TAKEOFF until ALT_HOLD,TAKEOFF,5,1,,0.0,0.0,0.0,0.0,356.9999996891463,1000,1669,9,0,1500,1500,1500,2.0,0.30000001192092896,20.0,0.0,30.0,150.0,1660
2026-08-06T15:49:40.951+03:00,6.639216,V2_CHANNEL_STATUS,Recording TAKEOFF until ALT_HOLD,TAKEOFF,5,1,,0.0,0.0,0.0,0.0,356.9999996891463,1000,1669,9,0,1500,1500,1500,2.0,0.30000001192092896,20.0,0.0,30.0,150.0,1660
2026-08-06T15:49:41.049+03:00,6.737032,V2_CHANNEL_STATUS,Recording TAKEOFF until ALT_HOLD,TAKEOFF,5,1,,0.0,0.0,0.0,0.0,356.9999996891463,1000,1670,10,0,1500,1500,1500,2.0,0.30000001192092896,20.0,0.0,30.0,150.0,1660
2026-08-06T15:49:41.153+03:00,6.841039,V2_CHANNEL_STATUS,Recording TAKEOFF until ALT_HOLD,TAKEOFF,5,1,,0.0,0.0,0.0,0.0,356.9999996891463,1000,1671,11,0,1500,1500,1500,2.0,0.30000001192092896,20.0,0.0,30.0,150.0,1660
2026-08-06T15:49:41.252+03:00,6.939420,V2_CHANNEL_STATUS,Recording TAKEOFF until ALT_HOLD,TAKEOFF,5,1,,0.0,0.0,0.0,0.0,356.9999996891463,1000,1662,2,0,1500,1500,1500,2.0,0.30000001192092896,20.0,0.0,30.0,150.0,1660
2026-08-06T15:49:41.298+03:00,6.985873,GLOBAL_POSITION_INT,Recording TAKEOFF until ALT_HOLD,TAKEOFF,5,1,,0.05,0.09966741403648684,0.0,0.0,356.9999996891463,1000,1662,2,0,1500,1500,1500,2.0,0.30000001192092896,20.0,0.0,30.0,150.0,1660
2026-08-06T15:49:41.298+03:00,6.986189,RC_CHANNELS,Recording TAKEOFF until ALT_HOLD,TAKEOFF,5,1,,0.05,0.09966741403648684,0.0,0.0,356.9999996891463,1000,1662,2,0,1500,1500,1500,2.0,0.30000001192092896,20.0,0.0,30.0,150.0,1660
2026-08-06T15:49:41.350+03:00,7.037870,V2_CHANNEL_STATUS,Recording TAKEOFF until ALT_HOLD,TAKEOFF,5,1,,0.05,0.09966741403648684,0.0,0.0,356.9999996891463,1000,1667,7,0,1500,1500,1500,2.0,0.30000001192092896,20.0,0.0,30.0,150.0,1660
2026-08-06T15:49:41.454+03:00,7.141562,V2_CHANNEL_STATUS,Recording TAKEOFF until ALT_HOLD,TAKEOFF,5,1,,0.05,0.09966741403648684,0.0,0.0,356.9999996891463,1000,1667,7,0,1500,1500,1500,2.0,0.30000001192092896,20.0,0.0,30.0,150.0,1660
2026-08-06T15:49:41.552+03:00,7.239661,V2_CHANNEL_STATUS,Recording TAKEOFF until ALT_HOLD,TAKEOFF,5,1,,0.05,0.09966741403648684,0.0,0.0,356.9999996891463,1000,1662,2,0,1500,1500,1500,2.0,0.30000001192092896,20.0,0.0,30.0,150.0,1660
2026-08-06T15:49:41.650+03:00,7.337690,V2_CHANNEL_STATUS,Recording TAKEOFF until ALT_HOLD,TAKEOFF,5,1,,0.05,0.09966741403648684,0.0,0.0,356.9999996891463,1000,1662,2,0,1500,1500,1500,2.0,0.30000001192092896,20.0,0.0,30.0,150.0,1660
2026-08-06T15:49:41.753+03:00,7.440666,V2_CHANNEL_STATUS,Recording TAKEOFF until ALT_HOLD,TAKEOFF,5,1,,0.05,0.09966741403648684,0.0,0.0,356.9999996891463,1000,1663,3,0,1500,1500,1500,2.0,0.30000001192092896,20.0,0.0,30.0,150.0,1660
2026-08-06T15:49:41.799+03:00,7.487114,GLOBAL_POSITION_INT,Recording TAKEOFF until ALT_HOLD,TAKEOFF,5,1,,0.16,0.21945408074776956,0.0,0.0,356.9999996891463,1000,1663,3,0,1500,1500,1500,2.0,0.30000001192092896,20.0,0.0,30.0,150.0,1660
2026-08-06T15:49:41.800+03:00,7.487384,RC_CHANNELS,Recording TAKEOFF until ALT_HOLD,TAKEOFF,5,1,,0.16,0.21945408074776956,0.0,0.0,356.9999996891463,1000,1663,3,0,1500,1500,1500,2.0,0.30000001192092896,20.0,0.0,30.0,150.0,1660
2026-08-06T15:49:41.851+03:00,7.538930,V2_CHANNEL_STATUS,Recording TAKEOFF until ALT_HOLD,TAKEOFF,5,1,,0.16,0.21945408074776956,0.0,0.0,356.9999996891463,1000,1668,8,0,1500,1500,1500,2.0,0.30000001192092896,20.0,0.0,30.0,150.0,1660
2026-08-06T15:49:41.954+03:00,7.641949,V2_CHANNEL_STATUS,Recording TAKEOFF until ALT_HOLD,TAKEOFF,5,1,,0.16,0.21945408074776956,0.0,0.0,356.9999996891463,1000,1660,0,0,1500,1500,1500,2.0,0.30000001192092896,20.0,0.0,30.0,150.0,1660
2026-08-06T15:49:42.052+03:00,7.740091,V2_CHANNEL_STATUS,Recording TAKEOFF until ALT_HOLD,TAKEOFF,5,1,,0.16,0.21945408074776956,0.0,0.0,356.9999996891463,1000,1660,0,0,1500,1500,1500,2.0,0.30000001192092896,20.0,0.0,30.0,150.0,1660
2026-08-06T15:49:42.150+03:00,7.838161,V2_CHANNEL_STATUS,Recording TAKEOFF until ALT_HOLD,TAKEOFF,5,1,,0.16,0.21945408074776956,0.0,0.0,356.9999996891463,1000,1660,0,0,1500,1500,1500,2.0,0.30000001192092896,20.0,0.0,30.0,150.0,1660
2026-08-06T15:49:42.253+03:00,7.941375,V2_CHANNEL_STATUS,Recording TAKEOFF until ALT_HOLD,TAKEOFF,5,1,,0.16,0.21945408074776956,0.0,0.0,356.9999996891463,1000,1663,3,0,1500,1500,1500,2.0,0.30000001192092896,20.0,0.0,30.0,150.0,1660
2026-08-06T15:49:42.300+03:00,7.988360,GLOBAL_POSITION_INT,Recording TAKEOFF until ALT_HOLD,TAKEOFF,5,1,,0.32,0.3192059801891619,0.0,0.0,356.9999996891463,1000,1663,3,0,1500,1500,1500,2.0,0.30000001192092896,20.0,0.0,30.0,150.0,1660
2026-08-06T15:49:42.301+03:00,7.988579,RC_CHANNELS,Recording TAKEOFF until ALT_HOLD,TAKEOFF,5,1,,0.32,0.3192059801891619,0.0,0.0,356.9999996891463,1000,1663,3,0,1500,1500,1500,2.0,0.30000001192092896,20.0,0.0,30.0,150.0,1660
2026-08-06T15:49:42.352+03:00,8.040187,V2_CHANNEL_STATUS,Recording TAKEOFF until ALT_HOLD,TAKEOFF,5,1,,0.32,0.3192059801891619,0.0,0.0,356.9999996891463,1000,1663,3,0,1500,1500,1500,2.0,0.30000001192092896,20.0,0.0,30.0,150.0,1660
2026-08-06T15:49:42.456+03:00,8.143586,V2_CHANNEL_STATUS,Recording TAKEOFF until ALT_HOLD,TAKEOFF,5,1,,0.32,0.3192059801891619,0.0,0.0,356.9999996891463,1000,1659,-1,0,1500,1500,1500,2.0,0.30000001192092896,20.0,0.0,30.0,150.0,1660
2026-08-06T15:49:42.554+03:00,8.241730,V2_CHANNEL_STATUS,Recording TAKEOFF until ALT_HOLD,TAKEOFF,5,1,,0.32,0.3192059801891619,0.0,0.0,356.9999996891463,1000,1654,-6,0,1500,1500,1500,2.0,0.30000001192092896,20.0,0.0,30.0,150.0,1660
2026-08-06T15:49:42.652+03:00,8.339632,V2_CHANNEL_STATUS,Recording TAKEOFF until ALT_HOLD,TAKEOFF,5,1,,0.32,0.3192059801891619,0.0,0.0,356.9999996891463,1000,1654,-6,0,1500,1500,1500,2.0,0.30000001192092896,20.0,0.0,30.0,150.0,1660
2026-08-06T15:49:42.755+03:00,8.442694,V2_CHANNEL_STATUS,Recording TAKEOFF until ALT_HOLD,TAKEOFF,5,1,,0.32,0.3192059801891619,0.0,0.0,356.9999996891463,1000,1660,0,0,1500,1500,1500,2.0,0.30000001192092896,20.0,0.0,30.0,150.0,1660
2026-08-06T15:49:42.796+03:00,8.484041,GLOBAL_POSITION_INT,Recording TAKEOFF until ALT_HOLD,TAKEOFF,5,1,,0.51,0.3833101151884907,0.0,0.0,356.9999996891463,1000,1660,0,0,1500,1500,1500,2.0,0.30000001192092896,20.0,0.0,30.0,150.0,1660
2026-08-06T15:49:42.796+03:00,8.484296,RC_CHANNELS,Recording TAKEOFF until ALT_HOLD,TAKEOFF,5,1,,0.51,0.3833101151884907,0.0,0.0,356.9999996891463,1000,1660,0,0,1500,1500,1500,2.0,0.30000001192092896,20.0,0.0,30.0,150.0,1660
2026-08-06T15:49:42.853+03:00,8.541032,V2_CHANNEL_STATUS,Recording TAKEOFF until ALT_HOLD,TAKEOFF,5,1,,0.51,0.3833101151884907,0.0,0.0,356.9999996891463,1000,1660,0,0,1500,1500,1500,2.0,0.30000001192092896,20.0,0.0,30.0,150.0,1660
2026-08-06T15:49:42.956+03:00,8.644106,V2_CHANNEL_STATUS,Recording TAKEOFF until ALT_HOLD,TAKEOFF,5,1,,0.51,0.3833101151884907,0.0,0.0,356.9999996891463,1000,1661,1,0,1500,1500,1500,2.0,0.30000001192092896,20.0,0.0,30.0,150.0,1660
2026-08-06T15:49:43.054+03:00,8.742053,V2_CHANNEL_STATUS,Recording TAKEOFF until ALT_HOLD,TAKEOFF,5,1,,0.51,0.3833101151884907,0.0,0.0,356.9999996891463,1000,1664,4,0,1500,1500,1500,2.0,0.30000001192092896,20.0,0.0,30.0,150.0,1660
2026-08-06T15:49:43.152+03:00,8.840313,V2_CHANNEL_STATUS,Recording TAKEOFF until ALT_HOLD,TAKEOFF,5,1,,0.51,0.3833101151884907,0.0,0.0,356.9999996891463,1000,1665,5,0,1500,1500,1500,2.0,0.30000001192092896,20.0,0.0,30.0,150.0,1660
2026-08-06T15:49:43.256+03:00,8.943894,V2_CHANNEL_STATUS,Recording TAKEOFF until ALT_HOLD,TAKEOFF,5,1,,0.51,0.3833101151884907,0.0,0.0,356.9999996891463,1000,1658,-2,0,1500,1500,1500,2.0,0.30000001192092896,20.0,0.0,30.0,150.0,1660
2026-08-06T15:49:43.298+03:00,8.985428,GLOBAL_POSITION_INT,Recording TAKEOFF until ALT_HOLD,TAKEOFF,5,1,,0.67,0.3191218920914676,0.0,0.0,356.9999996891463,1000,1658,-2,0,1500,1500,1500,2.0,0.30000001192092896,20.0,0.0,30.0,150.0,1660
2026-08-06T15:49:43.298+03:00,8.985836,RC_CHANNELS,Recording TAKEOFF until ALT_HOLD,TAKEOFF,5,1,,0.67,0.3191218920914676,0.0,0.0,356.9999996891463,1000,1658,-2,0,1500,1500,1500,2.0,0.30000001192092896,20.0,0.0,30.0,150.0,1660
2026-08-06T15:49:43.355+03:00,9.042837,V2_CHANNEL_STATUS,Recording TAKEOFF until ALT_HOLD,TAKEOFF,5,1,,0.67,0.3191218920914676,0.0,0.0,356.9999996891463,1000,1659,-1,0,1500,1500,1500,2.0,0.30000001192092896,20.0,0.0,30.0,150.0,1660
2026-08-06T15:49:43.453+03:00,9.141074,V2_CHANNEL_STATUS,Recording TAKEOFF until ALT_HOLD,TAKEOFF,5,1,,0.67,0.3191218920914676,0.0,0.0,356.9999996891463,1000,1660,0,0,1500,1500,1500,2.0,0.30000001192092896,20.0,0.0,30.0,150.0,1660
2026-08-06T15:49:43.556+03:00,9.244166,V2_CHANNEL_STATUS,Recording TAKEOFF until ALT_HOLD,TAKEOFF,5,1,,0.67,0.3191218920914676,0.0,0.0,356.9999996891463,1000,1660,0,0,1500,1500,1500,2.0,0.30000001192092896,20.0,0.0,30.0,150.0,1660
2026-08-06T15:49:43.654+03:00,9.342223,V2_CHANNEL_STATUS,Recording TAKEOFF until ALT_HOLD,TAKEOFF,5,1,,0.67,0.3191218920914676,0.0,0.0,356.9999996891463,1000,1660,0,0,1500,1500,1500,2.0,0.30000001192092896,20.0,0.0,30.0,150.0,1660
2026-08-06T15:49:43.758+03:00,9.445691,V2_CHANNEL_STATUS,Recording TAKEOFF until ALT_HOLD,TAKEOFF,5,1,,0.67,0.3191218920914676,0.0,0.0,356.9999996891463,1000,1655,-5,0,1500,1500,1500,2.0,0.30000001192092896,20.0,0.0,30.0,150.0,1660
2026-08-06T15:49:43.799+03:00,9.487312,GLOBAL_POSITION_INT,Recording TAKEOFF until ALT_HOLD,TAKEOFF,5,1,,0.87,0.39850774313005327,0.0,0.0,356.9999996891463,1000,1655,-5,0,1500,1500,1500,2.0,0.30000001192092896,20.0,0.0,30.0,150.0,1660
2026-08-06T15:49:43.800+03:00,9.487701,RC_CHANNELS,Recording TAKEOFF until ALT_HOLD,TAKEOFF,5,1,,0.87,0.39850774313005327,0.0,0.0,356.9999996891463,1000,1655,-5,0,1500,1500,1500,2.0,0.30000001192092896,20.0,0.0,30.0,150.0,1660
2026-08-06T15:49:43.857+03:00,9.544725,V2_CHANNEL_STATUS,Recording TAKEOFF until ALT_HOLD,TAKEOFF,5,1,,0.87,0.39850774313005327,0.0,0.0,356.9999996891463,1000,1656,-4,0,1500,1500,1500,2.0,0.30000001192092896,20.0,0.0,30.0,150.0,1660
2026-08-06T15:49:43.955+03:00,9.642768,V2_CHANNEL_STATUS,Recording TAKEOFF until ALT_HOLD,TAKEOFF,5,1,,0.87,0.39850774313005327,0.0,0.0,356.9999996891463,1000,1663,3,0,1500,1500,1500,2.0,0.30000001192092896,20.0,0.0,30.0,150.0,1660
2026-08-06T15:49:44.059+03:00,9.746497,V2_CHANNEL_STATUS,Recording TAKEOFF until ALT_HOLD,TAKEOFF,5,1,,0.87,0.39850774313005327,0.0,0.0,356.9999996891463,1000,1663,3,0,1500,1500,1500,2.0,0.30000001192092896,20.0,0.0,30.0,150.0,1660
2026-08-06T15:49:44.157+03:00,9.844695,V2_CHANNEL_STATUS,Recording TAKEOFF until ALT_HOLD,TAKEOFF,5,1,,0.87,0.39850774313005327,0.0,0.0,356.9999996891463,1000,1660,0,0,1500,1500,1500,2.0,0.30000001192092896,20.0,0.0,30.0,150.0,1660
2026-08-06T15:49:44.255+03:00,9.942828,V2_CHANNEL_STATUS,Recording TAKEOFF until ALT_HOLD,TAKEOFF,5,1,,0.87,0.39850774313005327,0.0,0.0,356.9999996891463,1000,1660,0,0,1500,1500,1500,2.0,0.30000001192092896,20.0,0.0,30.0,150.0,1660
2026-08-06T15:49:44.297+03:00,9.984428,GLOBAL_POSITION_INT,Recording TAKEOFF until ALT_HOLD,TAKEOFF,5,1,,1.05,0.36207821885309943,0.0,0.0,356.9999996891463,1000,1660,0,0,1500,1500,1500,2.0,0.30000001192092896,20.0,0.0,30.0,150.0,1660
2026-08-06T15:49:44.297+03:00,9.984703,RC_CHANNELS,Recording TAKEOFF until ALT_HOLD,TAKEOFF,5,1,,1.05,0.36207821885309943,0.0,0.0,356.9999996891463,1000,1660,0,0,1500,1500,1500,2.0,0.30000001192092896,20.0,0.0,30.0,150.0,1660
2026-08-06T15:49:44.359+03:00,10.047200,V2_CHANNEL_STATUS,Recording TAKEOFF until ALT_HOLD,TAKEOFF,5,1,,1.05,0.36207821885309943,0.0,0.0,356.9999996891463,1000,1655,-5,0,1500,1500,1500,2.0,0.30000001192092896,20.0,0.0,30.0,150.0,1660
2026-08-06T15:49:44.459+03:00,10.147307,V2_CHANNEL_STATUS,Recording TAKEOFF until ALT_HOLD,TAKEOFF,5,1,,1.05,0.36207821885309943,0.0,0.0,356.9999996891463,1000,1662,2,0,1500,1500,1500,2.0,0.30000001192092896,20.0,0.0,30.0,150.0,1660
2026-08-06T15:49:44.559+03:00,10.246959,V2_CHANNEL_STATUS,Recording TAKEOFF until ALT_HOLD,TAKEOFF,5,1,,1.05,0.36207821885309943,0.0,0.0,356.9999996891463,1000,1656,-4,0,1500,1500,1500,2.0,0.30000001192092896,20.0,0.0,30.0,150.0,1660
2026-08-06T15:49:44.657+03:00,10.345211,V2_CHANNEL_STATUS,Recording TAKEOFF until ALT_HOLD,TAKEOFF,5,1,,1.05,0.36207821885309943,0.0,0.0,356.9999996891463,1000,1657,-3,0,1500,1500,1500,2.0,0.30000001192092896,20.0,0.0,30.0,150.0,1660
2026-08-06T15:49:44.756+03:00,10.443919,V2_CHANNEL_STATUS,Recording TAKEOFF until ALT_HOLD,TAKEOFF,5,1,,1.05,0.36207821885309943,0.0,0.0,356.9999996891463,1000,1663,3,0,1500,1500,1500,2.0,0.30000001192092896,20.0,0.0,30.0,150.0,1660
2026-08-06T15:49:44.798+03:00,10.485406,GLOBAL_POSITION_INT,Recording TAKEOFF until ALT_HOLD,TAKEOFF,5,1,,1.17,0.23953202341959212,0.0,0.0,356.9999996891463,1000,1663,3,0,1500,1500,1500,2.0,0.30000001192092896,20.0,0.0,30.0,150.0,1660
2026-08-06T15:49:44.798+03:00,10.485717,RC_CHANNELS,Recording TAKEOFF until ALT_HOLD,TAKEOFF,5,1,,1.17,0.23953202341959212,0.0,0.0,356.9999996891463,1000,1663,3,0,1500,1500,1500,2.0,0.30000001192092896,20.0,0.0,30.0,150.0,1660
2026-08-06T15:49:44.860+03:00,10.547565,V2_CHANNEL_STATUS,Recording TAKEOFF until ALT_HOLD,TAKEOFF,5,1,,1.17,0.23953202341959212,0.0,0.0,356.9999996891463,1000,1659,-1,0,1500,1500,1500,2.0,0.30000001192092896,20.0,0.0,30.0,150.0,1660
2026-08-06T15:49:44.958+03:00,10.645850,V2_CHANNEL_STATUS,Recording TAKEOFF until ALT_HOLD,TAKEOFF,5,1,,1.17,0.23953202341959212,0.0,0.0,356.9999996891463,1000,1660,0,0,1500,1500,1500,2.0,0.30000001192092896,20.0,0.0,30.0,150.0,1660
2026-08-06T15:49:45.061+03:00,10.749224,V2_CHANNEL_STATUS,Recording TAKEOFF until ALT_HOLD,TAKEOFF,5,1,,1.17,0.23953202341959212,0.0,0.0,356.9999996891463,1000,1662,2,0,1500,1500,1500,2.0,0.30000001192092896,20.0,0.0,30.0,150.0,1660
2026-08-06T15:49:45.160+03:00,10.847761,V2_CHANNEL_STATUS,Recording TAKEOFF until ALT_HOLD,TAKEOFF,5,1,,1.17,0.23953202341959212,0.0,0.0,356.9999996891463,1000,1660,0,0,1500,1500,1500,2.0,0.30000001192092896,20.0,0.0,30.0,150.0,1660
2026-08-06T15:49:45.259+03:00,10.946703,V2_CHANNEL_STATUS,Recording TAKEOFF until ALT_HOLD,TAKEOFF,5,1,,1.17,0.23953202341959212,0.0,0.0,356.9999996891463,1000,1660,0,0,1500,1500,1500,2.0,0.30000001192092896,20.0,0.0,30.0,150.0,1660
2026-08-06T15:49:45.301+03:00,10.988430,GLOBAL_POSITION_INT,Recording TAKEOFF until ALT_HOLD,TAKEOFF,5,1,,1.33,0.3180868811028815,0.0,0.0,356.9999996891463,1000,1660,0,0,1500,1500,1500,2.0,0.30000001192092896,20.0,0.0,30.0,150.0,1660
2026-08-06T15:49:45.301+03:00,10.988840,RC_CHANNELS,Recording TAKEOFF until ALT_HOLD,TAKEOFF,5,1,,1.33,0.3180868811028815,0.0,0.0,356.9999996891463,1000,1660,0,0,1500,1500,1500,2.0,0.30000001192092896,20.0,0.0,30.0,150.0,1660
2026-08-06T15:49:45.358+03:00,11.045704,V2_CHANNEL_STATUS,Recording TAKEOFF until ALT_HOLD,TAKEOFF,5,1,,1.33,0.3180868811028815,0.0,0.0,356.9999996891463,1000,1653,-7,0,1500,1500,1500,2.0,0.30000001192092896,20.0,0.0,30.0,150.0,1660
2026-08-06T15:49:45.461+03:00,11.149122,V2_CHANNEL_STATUS,Recording TAKEOFF until ALT_HOLD,TAKEOFF,5,1,,1.33,0.3180868811028815,0.0,0.0,356.9999996891463,1000,1653,-7,0,1500,1500,1500,2.0,0.30000001192092896,20.0,0.0,30.0,150.0,1660
2026-08-06T15:49:45.559+03:00,11.247144,V2_CHANNEL_STATUS,Recording TAKEOFF until ALT_HOLD,TAKEOFF,5,1,,1.33,0.3180868811028815,0.0,0.0,356.9999996891463,1000,1664,4,0,1500,1500,1500,2.0,0.30000001192092896,20.0,0.0,30.0,150.0,1660
2026-08-06T15:49:45.663+03:00,11.350484,V2_CHANNEL_STATUS,Recording TAKEOFF until ALT_HOLD,TAKEOFF,5,1,,1.33,0.3180868811028815,0.0,0.0,356.9999996891463,1000,1657,-3,0,1500,1500,1500,2.0,0.30000001192092896,20.0,0.0,30.0,150.0,1660
2026-08-06T15:49:45.761+03:00,11.448454,V2_CHANNEL_STATUS,Recording TAKEOFF until ALT_HOLD,TAKEOFF,5,1,,1.33,0.3180868811028815,0.0,0.0,356.9999996891463,1000,1658,-2,0,1500,1500,1500,2.0,0.30000001192092896,20.0,0.0,30.0,150.0,1660
2026-08-06T15:49:45.802+03:00,11.489804,GLOBAL_POSITION_INT,Recording TAKEOFF until ALT_HOLD,TAKEOFF,5,1,,1.49,0.3191056826862761,0.0,0.0,356.9999996891463,1000,1658,-2,0,1500,1500,1500,2.0,0.30000001192092896,20.0,0.0,30.0,150.0,1660
2026-08-06T15:49:45.802+03:00,11.490038,RC_CHANNELS,Recording TAKEOFF until ALT_HOLD,TAKEOFF,5,1,,1.49,0.3191056826862761,0.0,0.0,356.9999996891463,1000,1658,-2,0,1500,1500,1500,2.0,0.30000001192092896,20.0,0.0,30.0,150.0,1660
2026-08-06T15:49:45.859+03:00,11.546975,V2_CHANNEL_STATUS,Recording TAKEOFF until ALT_HOLD,TAKEOFF,5,1,,1.49,0.3191056826862761,0.0,0.0,356.9999996891463,1000,1663,3,0,1500,1500,1500,2.0,0.30000001192092896,20.0,0.0,30.0,150.0,1660
2026-08-06T15:49:45.963+03:00,11.650480,V2_CHANNEL_STATUS,Recording TAKEOFF until ALT_HOLD,TAKEOFF,5,1,,1.49,0.3191056826862761,0.0,0.0,356.9999996891463,1000,1661,1,0,1500,1500,1500,2.0,0.30000001192092896,20.0,0.0,30.0,150.0,1660
2026-08-06T15:49:46.061+03:00,11.748702,V2_CHANNEL_STATUS,Recording TAKEOFF until ALT_HOLD,TAKEOFF,5,1,,1.49,0.3191056826862761,0.0,0.0,356.9999996891463,1000,1661,1,0,1500,1500,1500,2.0,0.30000001192092896,20.0,0.0,30.0,150.0,1660
2026-08-06T15:49:46.159+03:00,11.847136,V2_CHANNEL_STATUS,Recording TAKEOFF until ALT_HOLD,TAKEOFF,5,1,,1.49,0.3191056826862761,0.0,0.0,356.9999996891463,1000,1661,1,0,1500,1500,1500,2.0,0.30000001192092896,20.0,0.0,30.0,150.0,1660
2026-08-06T15:49:46.262+03:00,11.950248,V2_CHANNEL_STATUS,Recording TAKEOFF until ALT_HOLD,TAKEOFF,5,1,,1.49,0.3191056826862761,0.0,0.0,356.9999996891463,1000,1657,-3,0,1500,1500,1500,2.0,0.30000001192092896,20.0,0.0,30.0,150.0,1660
2026-08-06T15:49:46.299+03:00,11.986634,GLOBAL_POSITION_INT,Recording TAKEOFF until ALT_HOLD,TAKEOFF,5,1,,1.63,0.28179293745512346,0.0,0.0,356.9999996891463,1000,1657,-3,0,1500,1500,1500,2.0,0.30000001192092896,20.0,0.0,30.0,150.0,1660
2026-08-06T15:49:46.299+03:00,11.986854,RC_CHANNELS,Recording TAKEOFF until ALT_HOLD,TAKEOFF,5,1,,1.63,0.28179293745512346,0.0,0.0,356.9999996891463,1000,1657,-3,0,1500,1500,1500,2.0,0.30000001192092896,20.0,0.0,30.0,150.0,1660
2026-08-06T15:49:46.361+03:00,12.049114,V2_CHANNEL_STATUS,Recording TAKEOFF until ALT_HOLD,TAKEOFF,5,1,,1.63,0.28179293745512346,0.0,0.0,356.9999996891463,1000,1657,-3,0,1500,1500,1500,2.0,0.30000001192092896,20.0,0.0,30.0,150.0,1660
2026-08-06T15:49:46.464+03:00,12.152386,V2_CHANNEL_STATUS,Recording TAKEOFF until ALT_HOLD,TAKEOFF,5,1,,1.63,0.28179293745512346,0.0,0.0,356.9999996891463,1000,1650,-10,0,1500,1500,1500,2.0,0.30000001192092896,20.0,0.0,30.0,150.0,1660
2026-08-06T15:49:46.563+03:00,12.250662,V2_CHANNEL_STATUS,Recording TAKEOFF until ALT_HOLD,TAKEOFF,5,1,,1.63,0.28179293745512346,0.0,0.0,356.9999996891463,1000,1650,-10,0,1500,1500,1500,2.0,0.30000001192092896,20.0,0.0,30.0,150.0,1660
2026-08-06T15:49:46.661+03:00,12.348855,V2_CHANNEL_STATUS,Recording TAKEOFF until ALT_HOLD,TAKEOFF,5,1,,1.63,0.28179293745512346,0.0,0.0,356.9999996891463,1000,1660,0,0,1500,1500,1500,2.0,0.30000001192092896,20.0,0.0,30.0,150.0,1660
2026-08-06T15:49:46.765+03:00,12.452527,V2_CHANNEL_STATUS,Recording TAKEOFF until ALT_HOLD,TAKEOFF,5,1,,1.63,0.28179293745512346,0.0,0.0,356.9999996891463,1000,1654,-6,0,1500,1500,1500,2.0,0.30000001192092896,20.0,0.0,30.0,150.0,1660
2026-08-06T15:49:46.801+03:00,12.489337,GLOBAL_POSITION_INT,Recording TAKEOFF until ALT_HOLD,TAKEOFF,5,1,,1.79,0.3183455720734942,0.0,0.0,356.9999996891463,1000,1654,-6,0,1500,1500,1500,2.0,0.30000001192092896,20.0,0.0,30.0,150.0,1660
2026-08-06T15:49:46.802+03:00,12.490247,RC_CHANNELS,Recording TAKEOFF until ALT_HOLD,TAKEOFF,5,1,,1.79,0.3183455720734942,0.0,0.0,356.9999996891463,1000,1654,-6,0,1500,1500,1500,2.0,0.30000001192092896,20.0,0.0,30.0,150.0,1660
2026-08-06T15:49:46.864+03:00,12.552344,V2_CHANNEL_STATUS,Recording TAKEOFF until ALT_HOLD,TAKEOFF,5,1,,1.79,0.3183455720734942,0.0,0.0,356.9999996891463,1000,1657,-3,0,1500,1500,1500,2.0,0.30000001192092896,20.0,0.0,30.0,150.0,1660
2026-08-06T15:49:46.962+03:00,12.650385,V2_CHANNEL_STATUS,Recording TAKEOFF until ALT_HOLD,TAKEOFF,5,1,,1.79,0.3183455720734942,0.0,0.0,356.9999996891463,1000,1657,-3,0,1500,1500,1500,2.0,0.30000001192092896,20.0,0.0,30.0,150.0,1660
2026-08-06T15:49:47.061+03:00,12.748523,V2_CHANNEL_STATUS,Recording TAKEOFF until ALT_HOLD,TAKEOFF,5,1,,1.79,0.3183455720734942,0.0,0.0,356.9999996891463,1000,1653,-7,0,1500,1500,1500,2.0,0.30000001192092896,20.0,0.0,30.0,150.0,1660
2026-08-06T15:49:47.164+03:00,12.852050,V2_CHANNEL_STATUS,Recording TAKEOFF until ALT_HOLD,TAKEOFF,5,1,,1.79,0.3183455720734942,0.0,0.0,356.9999996891463,1000,1657,-3,0,1500,1500,1500,2.0,0.30000001192092896,20.0,0.0,30.0,150.0,1660
2026-08-06T15:49:47.262+03:00,12.950215,V2_CHANNEL_STATUS,Recording TAKEOFF until ALT_HOLD,TAKEOFF,5,1,,1.79,0.3183455720734942,0.0,0.0,356.9999996891463,1000,1657,-3,0,1500,1500,1500,2.0,0.30000001192092896,20.0,0.0,30.0,150.0,1660
2026-08-06T15:49:47.299+03:00,12.986690,GLOBAL_POSITION_INT,Recording TAKEOFF until ALT_HOLD,TAKEOFF,5,1,,1.9,0.22112432965657203,0.0,0.0,356.9999996891463,1000,1657,-3,0,1500,1500,1500,2.0,0.30000001192092896,20.0,0.0,30.0,150.0,1660
2026-08-06T15:49:47.299+03:00,12.987035,RC_CHANNELS,Recording TAKEOFF until ALT_HOLD,TAKEOFF,5,1,,1.9,0.22112432965657203,0.0,0.0,356.9999996891463,1000,1657,-3,0,1500,1500,1500,2.0,0.30000001192092896,20.0,0.0,30.0,150.0,1660
2026-08-06T15:49:47.361+03:00,13.049130,V2_CHANNEL_STATUS,Recording TAKEOFF until ALT_HOLD,TAKEOFF,5,1,,1.9,0.22112432965657203,0.0,0.0,356.9999996891463,1000,1653,-7,0,1500,1500,1500,2.0,0.30000001192092896,20.0,0.0,30.0,150.0,1660
2026-08-06T15:49:47.465+03:00,13.152893,V2_CHANNEL_STATUS,Recording TAKEOFF until ALT_HOLD,TAKEOFF,5,1,,1.9,0.22112432965657203,0.0,0.0,356.9999996891463,1000,1653,-7,0,1500,1500,1500,2.0,0.30000001192092896,20.0,0.0,30.0,150.0,1660
2026-08-06T15:49:47.563+03:00,13.251291,V2_CHANNEL_STATUS,Recording TAKEOFF until ALT_HOLD,TAKEOFF,5,1,,1.9,0.22112432965657203,0.0,0.0,356.9999996891463,1000,1653,-7,0,1500,1500,1500,2.0,0.30000001192092896,20.0,0.0,30.0,150.0,1660
2026-08-06T15:49:47.662+03:00,13.350028,V2_CHANNEL_STATUS,Recording TAKEOFF until ALT_HOLD,TAKEOFF,5,1,,1.9,0.22112432965657203,0.0,0.0,356.9999996891463,1000,1660,0,0,1500,1500,1500,2.0,0.30000001192092896,20.0,0.0,30.0,150.0,1660
2026-08-06T15:49:47.767+03:00,13.454636,V2_CHANNEL_STATUS,Recording TAKEOFF until ALT_HOLD,TAKEOFF,5,1,,1.9,0.22112432965657203,0.0,0.0,356.9999996891463,1000,1660,0,0,1500,1500,1500,2.0,0.30000001192092896,20.0,0.0,30.0,150.0,1660
2026-08-06T15:49:47.803+03:00,13.490746,GLOBAL_POSITION_INT,Recording TAKEOFF until ALT_HOLD,TAKEOFF,5,1,,2.029,0.2559197034602414,0.0,0.0,356.9999996891463,1000,1660,0,0,1500,1500,1500,2.0,0.30000001192092896,20.0,0.0,30.0,150.0,1660
2026-08-06T15:49:47.803+03:00,13.490979,RC_CHANNELS,Recording TAKEOFF until ALT_HOLD,TAKEOFF,5,1,,2.029,0.2559197034602414,0.0,0.0,356.9999996891463,1000,1660,0,0,1500,1500,1500,2.0,0.30000001192092896,20.0,0.0,30.0,150.0,1660
2026-08-06T15:49:47.865+03:00,13.553178,V2_CHANNEL_STATUS,Recording TAKEOFF until ALT_HOLD,TAKEOFF,5,1,,2.029,0.2559197034602414,0.0,0.0,356.9999996891463,1000,1652,-8,0,1500,1500,1500,2.0,0.30000001192092896,20.0,0.0,30.0,150.0,1660
2026-08-06T15:49:47.964+03:00,13.651514,V2_CHANNEL_STATUS,Recording TAKEOFF until ALT_HOLD,TAKEOFF,5,1,,2.029,0.2559197034602414,0.0,0.0,356.9999996891463,1000,1653,-7,0,1500,1500,1500,2.0,0.30000001192092896,20.0,0.0,30.0,150.0,1660
2026-08-06T15:49:48.067+03:00,13.754997,V2_CHANNEL_STATUS,Recording TAKEOFF until ALT_HOLD,TAKEOFF,5,1,,2.029,0.2559197034602414,0.0,0.0,356.9999996891463,1000,1653,-7,0,1500,1500,1500,2.0,0.30000001192092896,20.0,0.0,30.0,150.0,1660
2026-08-06T15:49:48.166+03:00,13.853517,V2_CHANNEL_STATUS,Recording TAKEOFF until ALT_HOLD,TAKEOFF,5,1,,2.029,0.2559197034602414,0.0,0.0,356.9999996891463,1000,1655,-5,0,1500,1500,1500,2.0,0.30000001192092896,20.0,0.0,30.0,150.0,1660
2026-08-06T15:49:48.264+03:00,13.951813,V2_CHANNEL_STATUS,Recording TAKEOFF until ALT_HOLD,TAKEOFF,5,1,,2.029,0.2559197034602414,0.0,0.0,356.9999996891463,1000,1659,-1,0,1500,1500,1500,2.0,0.30000001192092896,20.0,0.0,30.0,150.0,1660
2026-08-06T15:49:48.300+03:00,13.988151,GLOBAL_POSITION_INT,Recording TAKEOFF until ALT_HOLD,TAKEOFF,5,1,,2.08,0.10253240071575612,0.0,0.0,356.9999996891463,1000,1659,-1,0,1500,1500,1500,2.0,0.30000001192092896,20.0,0.0,30.0,150.0,1660
2026-08-06T15:49:48.301+03:00,13.988383,RC_CHANNELS,Recording TAKEOFF until ALT_HOLD,TAKEOFF,5,1,,2.08,0.10253240071575612,0.0,0.0,356.9999996891463,1000,1659,-1,0,1500,1500,1500,2.0,0.30000001192092896,20.0,0.0,30.0,150.0,1660
2026-08-06T15:49:48.368+03:00,14.055586,V2_CHANNEL_STATUS,Recording TAKEOFF until ALT_HOLD,TAKEOFF,5,1,,2.08,0.10253240071575612,0.0,0.0,356.9999996891463,1000,1659,-1,0,1500,1500,1500,2.0,0.30000001192092896,20.0,0.0,30.0,150.0,1660
2026-08-06T15:49:48.466+03:00,14.153558,V2_CHANNEL_STATUS,Recording TAKEOFF until ALT_HOLD,TAKEOFF,5,1,,2.08,0.10253240071575612,0.0,0.0,356.9999996891463,1000,1659,-1,0,1500,1500,1500,2.0,0.30000001192092896,20.0,0.0,30.0,150.0,1660
2026-08-06T15:49:48.564+03:00,14.252216,V2_CHANNEL_STATUS,Recording TAKEOFF until ALT_HOLD,TAKEOFF,5,1,,2.08,0.10253240071575612,0.0,0.0,356.9999996891463,1000,1659,-1,0,1500,1500,1500,2.0,0.30000001192092896,20.0,0.0,30.0,150.0,1660
2026-08-06T15:49:48.668+03:00,14.355980,V2_CHANNEL_STATUS,Recording TAKEOFF until ALT_HOLD,TAKEOFF,5,1,,2.08,0.10253240071575612,0.0,0.0,356.9999996891463,1000,1659,-1,0,1500,1500,1500,2.0,0.30000001192092896,20.0,0.0,30.0,150.0,1660
2026-08-06T15:49:48.766+03:00,14.454139,V2_CHANNEL_STATUS,Recording TAKEOFF until ALT_HOLD,TAKEOFF,5,1,,2.08,0.10253240071575612,0.0,0.0,356.9999996891463,1000,1659,-1,0,1500,1500,1500,2.0,0.30000001192092896,20.0,0.0,30.0,150.0,1660
2026-08-06T15:49:48.802+03:00,14.490179,GLOBAL_POSITION_INT,Recording TAKEOFF until ALT_HOLD,TAKEOFF,5,1,,2.08,0.0,0.0,0.0,356.9999996891463,1000,1659,-1,0,1500,1500,1500,2.0,0.30000001192092896,20.0,0.0,30.0,150.0,1660
2026-08-06T15:49:48.803+03:00,14.490454,RC_CHANNELS,Recording TAKEOFF until ALT_HOLD,TAKEOFF,5,1,,2.08,0.0,0.0,0.0,356.9999996891463,1000,1659,-1,0,1500,1500,1500,2.0,0.30000001192092896,20.0,0.0,30.0,150.0,1660
2026-08-06T15:49:48.865+03:00,14.552723,V2_CHANNEL_STATUS,Recording TAKEOFF until ALT_HOLD,TAKEOFF,5,1,,2.08,0.0,0.0,0.0,356.9999996891463,1000,1659,-1,0,1500,1500,1500,2.0,0.30000001192092896,20.0,0.0,30.0,150.0,1660
2026-08-06T15:49:48.968+03:00,14.656201,V2_CHANNEL_STATUS,Recording TAKEOFF until ALT_HOLD,TAKEOFF,5,1,,2.08,0.0,0.0,0.0,356.9999996891463,1000,1659,-1,0,1500,1500,1500,2.0,0.30000001192092896,20.0,0.0,30.0,150.0,1660
2026-08-06T15:49:49.067+03:00,14.754593,V2_CHANNEL_STATUS,Recording TAKEOFF until ALT_HOLD,TAKEOFF,5,1,,2.08,0.0,0.0,0.0,356.9999996891463,1000,1659,-1,0,1500,1500,1500,2.0,0.30000001192092896,20.0,0.0,30.0,150.0,1660
2026-08-06T15:49:49.166+03:00,14.853615,V2_CHANNEL_STATUS,Recording TAKEOFF until ALT_HOLD,TAKEOFF,5,1,2.060004949569702,2.08,0.0,0.0,0.0,356.9999996891463,1000,1659,-1,0,1500,1500,1500,2.0,0.30000001192092896,20.0,0.0,30.0,150.0,1660
2026-08-06T15:49:49.270+03:00,14.957691,V2_CHANNEL_STATUS,Recording TAKEOFF until ALT_HOLD,TAKEOFF,5,1,2.0,2.08,0.0,0.0,0.0,356.9999996891463,1000,1657,-3,0,1500,1500,1500,2.0,0.30000001192092896,20.0,0.0,30.0,150.0,1660
2026-08-06T15:49:49.316+03:00,15.004239,GLOBAL_POSITION_INT,Recording ALT_HOLD response for 15.0 seconds,ALT_HOLD,7,1,2.0,2.08,0.0,0.0,0.0,356.9999996891463,1500,1657,-3,0,1500,1500,1500,2.0,0.30000001192092896,20.0,0.0,30.0,150.0,1660
2026-08-06T15:49:49.317+03:00,15.004559,RC_CHANNELS,Recording ALT_HOLD response for 15.0 seconds,ALT_HOLD,7,1,2.0,2.08,0.0,0.0,0.0,356.9999996891463,1500,1657,-3,0,1500,1500,1500,2.0,0.30000001192092896,20.0,0.0,30.0,150.0,1660
2026-08-06T15:49:49.378+03:00,15.065984,V2_CHANNEL_STATUS,Recording ALT_HOLD response for 15.0 seconds,ALT_HOLD,7,1,2.0,2.08,0.0,0.0,0.0,356.9999996891463,1500,1660,0,0,1500,1500,1500,2.0,0.30000001192092896,20.0,0.0,30.0,150.0,1660
2026-08-06T15:49:49.480+03:00,15.168077,V2_CHANNEL_STATUS,Recording ALT_HOLD response for 15.0 seconds,ALT_HOLD,7,1,2.0,2.08,0.0,0.0,0.0,356.9999996891463,1500,1664,4,0,1500,1500,1500,2.0,0.30000001192092896,20.0,0.0,30.0,150.0,1660
2026-08-06T15:49:49.582+03:00,15.270085,V2_CHANNEL_STATUS,Recording ALT_HOLD response for 15.0 seconds,ALT_HOLD,7,1,2.0,2.08,0.0,0.0,0.0,356.9999996891463,1500,1664,4,0,1500,1500,1500,2.0,0.30000001192092896,20.0,0.0,30.0,150.0,1660
2026-08-06T15:49:49.684+03:00,15.371761,V2_CHANNEL_STATUS,Recording ALT_HOLD response for 15.0 seconds,ALT_HOLD,7,1,2.0,2.08,0.0,0.0,0.0,356.9999996891463,1500,1660,0,0,1500,1500,1500,2.0,0.30000001192092896,20.0,0.0,30.0,150.0,1660
2026-08-06T15:49:49.786+03:00,15.473505,V2_CHANNEL_STATUS,Recording ALT_HOLD response for 15.0 seconds,ALT_HOLD,7,1,2.0,2.08,0.0,0.0,0.0,356.9999996891463,1500,1660,0,0,1500,1500,1500,2.0,0.30000001192092896,20.0,0.0,30.0,150.0,1660
2026-08-06T15:49:49.806+03:00,15.494047,GLOBAL_POSITION_INT,Recording ALT_HOLD response for 15.0 seconds,ALT_HOLD,7,1,2.0,2.009,-0.1449552493700458,0.0,0.0,356.9999996891463,1500,1660,0,0,1500,1500,1500,2.0,0.30000001192092896,20.0,0.0,30.0,150.0,1660
2026-08-06T15:49:49.807+03:00,15.494457,RC_CHANNELS,Recording ALT_HOLD response for 15.0 seconds,ALT_HOLD,7,1,2.0,2.009,-0.1449552493700458,0.0,0.0,356.9999996891463,1500,1660,0,0,1500,1500,1500,2.0,0.30000001192092896,20.0,0.0,30.0,150.0,1660
2026-08-06T15:49:49.869+03:00,15.556721,V2_CHANNEL_STATUS,Recording ALT_HOLD response for 15.0 seconds,ALT_HOLD,7,1,2.0,2.009,-0.1449552493700458,0.0,0.0,356.9999996891463,1500,1661,1,0,1500,1500,1500,2.0,0.30000001192092896,20.0,0.0,30.0,150.0,1660
2026-08-06T15:49:49.970+03:00,15.658253,V2_CHANNEL_STATUS,Recording ALT_HOLD response for 15.0 seconds,ALT_HOLD,7,1,2.0,2.009,-0.1449552493700458,0.0,0.0,356.9999996891463,1500,1661,1,0,1500,1500,1500,2.0,0.30000001192092896,20.0,0.0,30.0,150.0,1660
2026-08-06T15:49:50.072+03:00,15.759980,V2_CHANNEL_STATUS,Recording ALT_HOLD response for 15.0 seconds,ALT_HOLD,7,1,2.0,2.009,-0.1449552493700458,0.0,0.0,356.9999996891463,1500,1660,0,0,1500,1500,1500,2.0,0.30000001192092896,20.0,0.0,30.0,150.0,1660
2026-08-06T15:49:50.174+03:00,15.861649,V2_CHANNEL_STATUS,Recording ALT_HOLD response for 15.0 seconds,ALT_HOLD,7,1,2.0,2.009,-0.1449552493700458,0.0,0.0,356.9999996891463,1500,1660,0,0,1500,1500,1500,2.0,0.30000001192092896,20.0,0.0,30.0,150.0,1660
2026-08-06T15:49:50.275+03:00,15.963340,V2_CHANNEL_STATUS,Recording ALT_HOLD response for 15.0 seconds,ALT_HOLD,7,1,2.0,2.009,-0.1449552493700458,0.0,0.0,356.9999996891463,1500,1660,0,0,1500,1500,1500,2.0,0.30000001192092896,20.0,0.0,30.0,150.0,1660
2026-08-06T15:49:50.316+03:00,16.004228,GLOBAL_POSITION_INT,Recording ALT_HOLD response for 15.0 seconds,ALT_HOLD,7,1,2.0,2.0,-0.01764094917506798,0.0,0.0,356.9999996891463,1500,1660,0,0,1500,1500,1500,2.0,0.30000001192092896,20.0,0.0,30.0,150.0,1660
2026-08-06T15:49:50.317+03:00,16.004531,RC_CHANNELS,Recording ALT_HOLD response for 15.0 seconds,ALT_HOLD,7,1,2.0,2.0,-0.01764094917506798,0.0,0.0,356.9999996891463,1500,1660,0,0,1500,1500,1500,2.0,0.30000001192092896,20.0,0.0,30.0,150.0,1660
2026-08-06T15:49:50.378+03:00,16.065745,V2_CHANNEL_STATUS,Recording ALT_HOLD response for 15.0 seconds,ALT_HOLD,7,1,2.0,2.0,-0.01764094917506798,0.0,0.0,356.9999996891463,1500,1660,0,0,1500,1500,1500,2.0,0.30000001192092896,20.0,0.0,30.0,150.0,1660
2026-08-06T15:49:50.480+03:00,16.167396,V2_CHANNEL_STATUS,Recording ALT_HOLD response for 15.0 seconds,ALT_HOLD,7,1,2.0,2.0,-0.01764094917506798,0.0,0.0,356.9999996891463,1500,1660,0,0,1500,1500,1500,2.0,0.30000001192092896,20.0,0.0,30.0,150.0,1660
2026-08-06T15:49:50.581+03:00,16.269298,V2_CHANNEL_STATUS,Recording ALT_HOLD response for 15.0 seconds,ALT_HOLD,7,1,2.0,2.0,-0.01764094917506798,0.0,0.0,356.9999996891463,1500,1660,0,0,1500,1500,1500,2.0,0.30000001192092896,20.0,0.0,30.0,150.0,1660
2026-08-06T15:49:50.683+03:00,16.371146,V2_CHANNEL_STATUS,Recording ALT_HOLD response for 15.0 seconds,ALT_HOLD,7,1,2.0,2.0,-0.01764094917506798,0.0,0.0,356.9999996891463,1500,1660,0,0,1500,1500,1500,2.0,0.30000001192092896,20.0,0.0,30.0,150.0,1660
2026-08-06T15:49:50.785+03:00,16.472835,V2_CHANNEL_STATUS,Recording ALT_HOLD response for 15.0 seconds,ALT_HOLD,7,1,2.0,2.0,-0.01764094917506798,0.0,0.0,356.9999996891463,1500,1660,0,0,1500,1500,1500,2.0,0.30000001192092896,20.0,0.0,30.0,150.0,1660
2026-08-06T15:49:50.805+03:00,16.493217,GLOBAL_POSITION_INT,Recording ALT_HOLD response for 15.0 seconds,ALT_HOLD,7,1,2.0,2.0,0.0,0.0,0.0,356.9999996891463,1500,1660,0,0,1500,1500,1500,2.0,0.30000001192092896,20.0,0.0,30.0,150.0,1660
2026-08-06T15:49:50.806+03:00,16.493455,RC_CHANNELS,Recording ALT_HOLD response for 15.0 seconds,ALT_HOLD,7,1,2.0,2.0,0.0,0.0,0.0,356.9999996891463,1500,1660,0,0,1500,1500,1500,2.0,0.30000001192092896,20.0,0.0,30.0,150.0,1660
2026-08-06T15:49:50.887+03:00,16.575369,V2_CHANNEL_STATUS,Recording ALT_HOLD response for 15.0 seconds,ALT_HOLD,7,1,2.0,2.0,0.0,0.0,0.0,356.9999996891463,1500,1660,0,0,1500,1500,1500,2.0,0.30000001192092896,20.0,0.0,30.0,150.0,1660
2026-08-06T15:49:50.970+03:00,16.657625,V2_CHANNEL_STATUS,Recording ALT_HOLD response for 15.0 seconds,ALT_HOLD,7,1,2.0,2.0,0.0,0.0,0.0,356.9999996891463,1500,1660,0,0,1500,1500,1500,2.0,0.30000001192092896,20.0,0.0,30.0,150.0,1660
2026-08-06T15:49:51.071+03:00,16.759328,V2_CHANNEL_STATUS,Recording ALT_HOLD response for 15.0 seconds,ALT_HOLD,7,1,2.0,2.0,0.0,0.0,0.0,356.9999996891463,1500,1660,0,0,1500,1500,1500,2.0,0.30000001192092896,20.0,0.0,30.0,150.0,1660
2026-08-06T15:49:51.173+03:00,16.861012,V2_CHANNEL_STATUS,Recording ALT_HOLD response for 15.0 seconds,ALT_HOLD,7,1,2.0,2.0,0.0,0.0,0.0,356.9999996891463,1500,1660,0,0,1500,1500,1500,2.0,0.30000001192092896,20.0,0.0,30.0,150.0,1660
2026-08-06T15:49:51.275+03:00,16.962635,V2_CHANNEL_STATUS,Recording ALT_HOLD response for 15.0 seconds,ALT_HOLD,7,1,2.0,2.0,0.0,0.0,0.0,356.9999996891463,1500,1663,3,0,1500,1500,1500,2.0,0.30000001192092896,20.0,0.0,30.0,150.0,1660
2026-08-06T15:49:51.315+03:00,17.003372,GLOBAL_POSITION_INT,Recording ALT_HOLD response for 15.0 seconds,ALT_HOLD,7,1,2.0,1.98,-0.03920493151735393,0.0,0.0,356.9999996891463,1500,1663,3,0,1500,1500,1500,2.0,0.30000001192092896,20.0,0.0,30.0,150.0,1660
2026-08-06T15:49:51.316+03:00,17.003712,RC_CHANNELS,Recording ALT_HOLD response for 15.0 seconds,ALT_HOLD,7,1,2.0,1.98,-0.03920493151735393,0.0,0.0,356.9999996891463,1500,1663,3,0,1500,1500,1500,2.0,0.30000001192092896,20.0,0.0,30.0,150.0,1660
2026-08-06T15:49:51.377+03:00,17.064803,V2_CHANNEL_STATUS,Recording ALT_HOLD response for 15.0 seconds,ALT_HOLD,7,1,2.0,1.98,-0.03920493151735393,0.0,0.0,356.9999996891463,1500,1667,7,0,1500,1500,1500,2.0,0.30000001192092896,20.0,0.0,30.0,150.0,1660
2026-08-06T15:49:51.479+03:00,17.166693,V2_CHANNEL_STATUS,Recording ALT_HOLD response for 15.0 seconds,ALT_HOLD,7,1,2.0,1.98,-0.03920493151735393,0.0,0.0,356.9999996891463,1500,1665,5,0,1500,1500,1500,2.0,0.30000001192092896,20.0,0.0,30.0,150.0,1660
2026-08-06T15:49:51.581+03:00,17.268911,V2_CHANNEL_STATUS,Recording ALT_HOLD response for 15.0 seconds,ALT_HOLD,7,1,2.0,1.98,-0.03920493151735393,0.0,0.0,356.9999996891463,1500,1665,5,0,1500,1500,1500,2.0,0.30000001192092896,20.0,0.0,30.0,150.0,1660
2026-08-06T15:49:51.683+03:00,17.370922,V2_CHANNEL_STATUS,Recording ALT_HOLD response for 15.0 seconds,ALT_HOLD,7,1,2.0,1.98,-0.03920493151735393,0.0,0.0,356.9999996891463,1500,1662,2,0,1500,1500,1500,2.0,0.30000001192092896,20.0,0.0,30.0,150.0,1660
2026-08-06T15:49:51.785+03:00,17.473062,V2_CHANNEL_STATUS,Recording ALT_HOLD response for 15.0 seconds,ALT_HOLD,7,1,2.0,1.98,-0.03920493151735393,0.0,0.0,356.9999996891463,1500,1662,2,0,1500,1500,1500,2.0,0.30000001192092896,20.0,0.0,30.0,150.0,1660
2026-08-06T15:49:51.806+03:00,17.493524,GLOBAL_POSITION_INT,Recording ALT_HOLD response for 15.0 seconds,ALT_HOLD,7,1,2.0,1.92,-0.12240718079050208,0.0,0.0,356.9999996891463,1500,1662,2,0,1500,1500,1500,2.0,0.30000001192092896,20.0,0.0,30.0,150.0,1660
2026-08-06T15:49:51.806+03:00,17.493792,RC_CHANNELS,Recording ALT_HOLD response for 15.0 seconds,ALT_HOLD,7,1,2.0,1.92,-0.12240718079050208,0.0,0.0,356.9999996891463,1500,1662,2,0,1500,1500,1500,2.0,0.30000001192092896,20.0,0.0,30.0,150.0,1660
2026-08-06T15:49:51.887+03:00,17.575320,V2_CHANNEL_STATUS,Recording ALT_HOLD response for 15.0 seconds,ALT_HOLD,7,1,2.0,1.92,-0.12240718079050208,0.0,0.0,356.9999996891463,1500,1662,2,0,1500,1500,1500,2.0,0.30000001192092896,20.0,0.0,30.0,150.0,1660
2026-08-06T15:49:51.989+03:00,17.676834,V2_CHANNEL_STATUS,Recording ALT_HOLD response for 15.0 seconds,ALT_HOLD,7,1,2.0,1.92,-0.12240718079050208,0.0,0.0,356.9999996891463,1500,1662,2,0,1500,1500,1500,2.0,0.30000001192092896,20.0,0.0,30.0,150.0,1660
2026-08-06T15:49:52.091+03:00,17.778747,V2_CHANNEL_STATUS,Recording ALT_HOLD response for 15.0 seconds,ALT_HOLD,7,1,2.0,1.92,-0.12240718079050208,0.0,0.0,356.9999996891463,1500,1662,2,0,1500,1500,1500,2.0,0.30000001192092896,20.0,0.0,30.0,150.0,1660
2026-08-06T15:49:52.173+03:00,17.860712,V2_CHANNEL_STATUS,Recording ALT_HOLD response for 15.0 seconds,ALT_HOLD,7,1,2.0,1.92,-0.12240718079050208,0.0,0.0,356.9999996891463,1500,1662,2,0,1500,1500,1500,2.0,0.30000001192092896,20.0,0.0,30.0,150.0,1660
2026-08-06T15:49:52.275+03:00,17.962604,V2_CHANNEL_STATUS,Recording ALT_HOLD response for 15.0 seconds,ALT_HOLD,7,1,2.0,1.92,-0.12240718079050208,0.0,0.0,356.9999996891463,1500,1662,2,0,1500,1500,1500,2.0,0.30000001192092896,20.0,0.0,30.0,150.0,1660
2026-08-06T15:49:52.316+03:00,18.003482,GLOBAL_POSITION_INT,Recording ALT_HOLD response for 15.0 seconds,ALT_HOLD,7,1,2.0,1.92,0.0,0.0,0.0,356.9999996891463,1500,1662,2,0,1500,1500,1500,2.0,0.30000001192092896,20.0,0.0,30.0,150.0,1660
2026-08-06T15:49:52.316+03:00,18.003810,RC_CHANNELS,Recording ALT_HOLD response for 15.0 seconds,ALT_HOLD,7,1,2.0,1.92,0.0,0.0,0.0,356.9999996891463,1500,1662,2,0,1500,1500,1500,2.0,0.30000001192092896,20.0,0.0,30.0,150.0,1660
2026-08-06T15:49:52.377+03:00,18.064982,V2_CHANNEL_STATUS,Recording ALT_HOLD response for 15.0 seconds,ALT_HOLD,7,1,2.0,1.92,0.0,0.0,0.0,356.9999996891463,1500,1661,1,0,1500,1500,1500,2.0,0.30000001192092896,20.0,0.0,30.0,150.0,1660
2026-08-06T15:49:52.479+03:00,18.167027,V2_CHANNEL_STATUS,Recording ALT_HOLD response for 15.0 seconds,ALT_HOLD,7,1,2.0,1.92,0.0,0.0,0.0,356.9999996891463,1500,1661,1,0,1500,1500,1500,2.0,0.30000001192092896,20.0,0.0,30.0,150.0,1660
2026-08-06T15:49:52.581+03:00,18.268869,V2_CHANNEL_STATUS,Recording ALT_HOLD response for 15.0 seconds,ALT_HOLD,7,1,2.0,1.92,0.0,0.0,0.0,356.9999996891463,1500,1655,-5,0,1500,1500,1500,2.0,0.30000001192092896,20.0,0.0,30.0,150.0,1660
2026-08-06T15:49:52.683+03:00,18.370659,V2_CHANNEL_STATUS,Recording ALT_HOLD response for 15.0 seconds,ALT_HOLD,7,1,2.0,1.92,0.0,0.0,0.0,356.9999996891463,1500,1655,-5,0,1500,1500,1500,2.0,0.30000001192092896,20.0,0.0,30.0,150.0,1660
2026-08-06T15:49:52.784+03:00,18.472116,V2_CHANNEL_STATUS,Recording ALT_HOLD response for 15.0 seconds,ALT_HOLD,7,1,2.0,1.92,0.0,0.0,0.0,356.9999996891463,1500,1657,-3,0,1500,1500,1500,2.0,0.30000001192092896,20.0,0.0,30.0,150.0,1660
2026-08-06T15:49:52.805+03:00,18.492468,GLOBAL_POSITION_INT,Recording ALT_HOLD response for 15.0 seconds,ALT_HOLD,7,1,2.0,1.99,0.14314923536645335,0.0,0.0,356.9999996891463,1500,1657,-3,0,1500,1500,1500,2.0,0.30000001192092896,20.0,0.0,30.0,150.0,1660
2026-08-06T15:49:52.805+03:00,18.492706,RC_CHANNELS,Recording ALT_HOLD response for 15.0 seconds,ALT_HOLD,7,1,2.0,1.99,0.14314923536645335,0.0,0.0,356.9999996891463,1500,1657,-3,0,1500,1500,1500,2.0,0.30000001192092896,20.0,0.0,30.0,150.0,1660
2026-08-06T15:49:52.886+03:00,18.573972,V2_CHANNEL_STATUS,Recording ALT_HOLD response for 15.0 seconds,ALT_HOLD,7,1,2.0,1.99,0.14314923536645335,0.0,0.0,356.9999996891463,1500,1657,-3,0,1500,1500,1500,2.0,0.30000001192092896,20.0,0.0,30.0,150.0,1660
2026-08-06T15:49:52.987+03:00,18.675380,V2_CHANNEL_STATUS,Recording ALT_HOLD response for 15.0 seconds,ALT_HOLD,7,1,2.0,1.99,0.14314923536645335,0.0,0.0,356.9999996891463,1500,1659,-1,0,1500,1500,1500,2.0,0.30000001192092896,20.0,0.0,30.0,150.0,1660
2026-08-06T15:49:53.089+03:00,18.777167,V2_CHANNEL_STATUS,Recording ALT_HOLD response for 15.0 seconds,ALT_HOLD,7,1,2.0,1.99,0.14314923536645335,0.0,0.0,356.9999996891463,1500,1660,0,0,1500,1500,1500,2.0,0.30000001192092896,20.0,0.0,30.0,150.0,1660
2026-08-06T15:49:53.191+03:00,18.878823,V2_CHANNEL_STATUS,Recording ALT_HOLD response for 15.0 seconds,ALT_HOLD,7,1,2.0,1.99,0.14314923536645335,0.0,0.0,356.9999996891463,1500,1660,0,0,1500,1500,1500,2.0,0.30000001192092896,20.0,0.0,30.0,150.0,1660
2026-08-06T15:49:53.292+03:00,18.980333,V2_CHANNEL_STATUS,Recording ALT_HOLD response for 15.0 seconds,ALT_HOLD,7,1,2.0,1.99,0.14314923536645335,0.0,0.0,356.9999996891463,1500,1660,0,0,1500,1500,1500,2.0,0.30000001192092896,20.0,0.0,30.0,150.0,1660
2026-08-06T15:49:53.313+03:00,19.001142,GLOBAL_POSITION_INT,Recording ALT_HOLD response for 15.0 seconds,ALT_HOLD,7,1,2.0,2.0,0.019659117313526514,0.0,0.0,356.9999996891463,1500,1660,0,0,1500,1500,1500,2.0,0.30000001192092896,20.0,0.0,30.0,150.0,1660
2026-08-06T15:49:53.314+03:00,19.001391,RC_CHANNELS,Recording ALT_HOLD response for 15.0 seconds,ALT_HOLD,7,1,2.0,2.0,0.019659117313526514,0.0,0.0,356.9999996891463,1500,1660,0,0,1500,1500,1500,2.0,0.30000001192092896,20.0,0.0,30.0,150.0,1660
2026-08-06T15:49:53.375+03:00,19.062733,V2_CHANNEL_STATUS,Recording ALT_HOLD response for 15.0 seconds,ALT_HOLD,7,1,2.0,2.0,0.019659117313526514,0.0,0.0,356.9999996891463,1500,1660,0,0,1500,1500,1500,2.0,0.30000001192092896,20.0,0.0,30.0,150.0,1660
2026-08-06T15:49:53.477+03:00,19.164526,V2_CHANNEL_STATUS,Recording ALT_HOLD response for 15.0 seconds,ALT_HOLD,7,1,2.0,2.0,0.019659117313526514,0.0,0.0,356.9999996891463,1500,1660,0,0,1500,1500,1500,2.0,0.30000001192092896,20.0,0.0,30.0,150.0,1660
2026-08-06T15:49:53.578+03:00,19.266311,V2_CHANNEL_STATUS,Recording ALT_HOLD response for 15.0 seconds,ALT_HOLD,7,1,2.0,2.0,0.019659117313526514,0.0,0.0,356.9999996891463,1500,1660,0,0,1500,1500,1500,2.0,0.30000001192092896,20.0,0.0,30.0,150.0,1660
2026-08-06T15:49:53.680+03:00,19.368177,V2_CHANNEL_STATUS,Recording ALT_HOLD response for 15.0 seconds,ALT_HOLD,7,1,2.0,2.0,0.019659117313526514,0.0,0.0,356.9999996891463,1500,1660,0,0,1500,1500,1500,2.0,0.30000001192092896,20.0,0.0,30.0,150.0,1660
2026-08-06T15:49:53.782+03:00,19.469909,V2_CHANNEL_STATUS,Recording ALT_HOLD response for 15.0 seconds,ALT_HOLD,7,1,2.0,2.0,0.019659117313526514,0.0,0.0,356.9999996891463,1500,1660,0,0,1500,1500,1500,2.0,0.30000001192092896,20.0,0.0,30.0,150.0,1660
2026-08-06T15:49:53.803+03:00,19.490795,GLOBAL_POSITION_INT,Recording ALT_HOLD response for 15.0 seconds,ALT_HOLD,7,1,2.0,2.0,0.0,0.0,0.0,356.9999996891463,1500,1660,0,0,1500,1500,1500,2.0,0.30000001192092896,20.0,0.0,30.0,150.0,1660
2026-08-06T15:49:53.803+03:00,19.491174,RC_CHANNELS,Recording ALT_HOLD response for 15.0 seconds,ALT_HOLD,7,1,2.0,2.0,0.0,0.0,0.0,356.9999996891463,1500,1660,0,0,1500,1500,1500,2.0,0.30000001192092896,20.0,0.0,30.0,150.0,1660
2026-08-06T15:49:53.885+03:00,19.572575,V2_CHANNEL_STATUS,Recording ALT_HOLD response for 15.0 seconds,ALT_HOLD,7,1,2.0,2.0,0.0,0.0,0.0,356.9999996891463,1500,1660,0,0,1500,1500,1500,2.0,0.30000001192092896,20.0,0.0,30.0,150.0,1660
2026-08-06T15:49:53.987+03:00,19.674420,V2_CHANNEL_STATUS,Recording ALT_HOLD response for 15.0 seconds,ALT_HOLD,7,1,2.0,2.0,0.0,0.0,0.0,356.9999996891463,1500,1660,0,0,1500,1500,1500,2.0,0.30000001192092896,20.0,0.0,30.0,150.0,1660
2026-08-06T15:49:54.088+03:00,19.776125,V2_CHANNEL_STATUS,Recording ALT_HOLD response for 15.0 seconds,ALT_HOLD,7,1,2.0,2.0,0.0,0.0,0.0,356.9999996891463,1500,1660,0,0,1500,1500,1500,2.0,0.30000001192092896,20.0,0.0,30.0,150.0,1660
2026-08-06T15:49:54.190+03:00,19.877729,V2_CHANNEL_STATUS,Recording ALT_HOLD response for 15.0 seconds,ALT_HOLD,7,1,2.0,2.0,0.0,0.0,0.0,356.9999996891463,1500,1660,0,0,1500,1500,1500,2.0,0.30000001192092896,20.0,0.0,30.0,150.0,1660
2026-08-06T15:49:54.291+03:00,19.979288,V2_CHANNEL_STATUS,Recording ALT_HOLD response for 15.0 seconds,ALT_HOLD,7,1,2.0,2.0,0.0,0.0,0.0,356.9999996891463,1500,1660,0,0,1500,1500,1500,2.0,0.30000001192092896,20.0,0.0,30.0,150.0,1660
2026-08-06T15:49:54.312+03:00,20.000153,GLOBAL_POSITION_INT,Recording ALT_HOLD response for 15.0 seconds,ALT_HOLD,7,1,2.0,2.0,0.0,0.0,0.0,356.9999996891463,1500,1660,0,0,1500,1500,1500,2.0,0.30000001192092896,20.0,0.0,30.0,150.0,1660
2026-08-06T15:49:54.313+03:00,20.000476,RC_CHANNELS,Recording ALT_HOLD response for 15.0 seconds,ALT_HOLD,7,1,2.0,2.0,0.0,0.0,0.0,356.9999996891463,1500,1660,0,0,1500,1500,1500,2.0,0.30000001192092896,20.0,0.0,30.0,150.0,1660
2026-08-06T15:49:54.394+03:00,20.081839,V2_CHANNEL_STATUS,Recording ALT_HOLD response for 15.0 seconds,ALT_HOLD,7,1,2.0,2.0,0.0,0.0,0.0,356.9999996891463,1500,1660,0,0,1500,1500,1500,2.0,0.30000001192092896,20.0,0.0,30.0,150.0,1660
2026-08-06T15:49:54.496+03:00,20.183735,V2_CHANNEL_STATUS,Recording ALT_HOLD response for 15.0 seconds,ALT_HOLD,7,1,2.0,2.0,0.0,0.0,0.0,356.9999996891463,1500,1660,0,0,1500,1500,1500,2.0,0.30000001192092896,20.0,0.0,30.0,150.0,1660
2026-08-06T15:49:54.577+03:00,20.265276,V2_CHANNEL_STATUS,Recording ALT_HOLD response for 15.0 seconds,ALT_HOLD,7,1,2.0,2.0,0.0,0.0,0.0,356.9999996891463,1500,1660,0,0,1500,1500,1500,2.0,0.30000001192092896,20.0,0.0,30.0,150.0,1660
2026-08-06T15:49:54.680+03:00,20.367580,V2_CHANNEL_STATUS,Recording ALT_HOLD response for 15.0 seconds,ALT_HOLD,7,1,2.0,2.0,0.0,0.0,0.0,356.9999996891463,1500,1660,0,0,1500,1500,1500,2.0,0.30000001192092896,20.0,0.0,30.0,150.0,1660
2026-08-06T15:49:54.781+03:00,20.469291,V2_CHANNEL_STATUS,Recording ALT_HOLD response for 15.0 seconds,ALT_HOLD,7,1,2.0,2.0,0.0,0.0,0.0,356.9999996891463,1500,1660,0,0,1500,1500,1500,2.0,0.30000001192092896,20.0,0.0,30.0,150.0,1660
2026-08-06T15:49:54.802+03:00,20.489903,GLOBAL_POSITION_INT,Recording ALT_HOLD response for 15.0 seconds,ALT_HOLD,7,1,2.0,2.0,0.0,0.0,0.0,356.9999996891463,1500,1660,0,0,1500,1500,1500,2.0,0.30000001192092896,20.0,0.0,30.0,150.0,1660
2026-08-06T15:49:54.802+03:00,20.490173,RC_CHANNELS,Recording ALT_HOLD response for 15.0 seconds,ALT_HOLD,7,1,2.0,2.0,0.0,0.0,0.0,356.9999996891463,1500,1660,0,0,1500,1500,1500,2.0,0.30000001192092896,20.0,0.0,30.0,150.0,1660
2026-08-06T15:49:54.883+03:00,20.571311,V2_CHANNEL_STATUS,Recording ALT_HOLD response for 15.0 seconds,ALT_HOLD,7,1,2.0,2.0,0.0,0.0,0.0,356.9999996891463,1500,1660,0,0,1500,1500,1500,2.0,0.30000001192092896,20.0,0.0,30.0,150.0,1660
2026-08-06T15:49:54.985+03:00,20.673164,V2_CHANNEL_STATUS,Recording ALT_HOLD response for 15.0 seconds,ALT_HOLD,7,1,2.0,2.0,0.0,0.0,0.0,356.9999996891463,1500,1660,0,0,1500,1500,1500,2.0,0.30000001192092896,20.0,0.0,30.0,150.0,1660
2026-08-06T15:49:55.087+03:00,20.774679,V2_CHANNEL_STATUS,Recording ALT_HOLD response for 15.0 seconds,ALT_HOLD,7,1,2.0,2.0,0.0,0.0,0.0,356.9999996891463,1500,1660,0,0,1500,1500,1500,2.0,0.30000001192092896,20.0,0.0,30.0,150.0,1660
2026-08-06T15:49:55.188+03:00,20.876190,V2_CHANNEL_STATUS,Recording ALT_HOLD response for 15.0 seconds,ALT_HOLD,7,1,2.0,2.0,0.0,0.0,0.0,356.9999996891463,1500,1660,0,0,1500,1500,1500,2.0,0.30000001192092896,20.0,0.0,30.0,150.0,1660
2026-08-06T15:49:55.290+03:00,20.977819,V2_CHANNEL_STATUS,Recording ALT_HOLD response for 15.0 seconds,ALT_HOLD,7,1,2.0,2.0,0.0,0.0,0.0,356.9999996891463,1500,1660,0,0,1500,1500,1500,2.0,0.30000001192092896,20.0,0.0,30.0,150.0,1660
2026-08-06T15:49:55.311+03:00,20.998425,GLOBAL_POSITION_INT,Recording ALT_HOLD response for 15.0 seconds,ALT_HOLD,7,1,2.0,2.0,0.0,0.0,0.0,356.9999996891463,1500,1660,0,0,1500,1500,1500,2.0,0.30000001192092896,20.0,0.0,30.0,150.0,1660
2026-08-06T15:49:55.311+03:00,20.998644,RC_CHANNELS,Recording ALT_HOLD response for 15.0 seconds,ALT_HOLD,7,1,2.0,2.0,0.0,0.0,0.0,356.9999996891463,1500,1660,0,0,1500,1500,1500,2.0,0.30000001192092896,20.0,0.0,30.0,150.0,1660
2026-08-06T15:49:55.392+03:00,21.079768,V2_CHANNEL_STATUS,Recording ALT_HOLD response for 15.0 seconds,ALT_HOLD,7,1,2.0,2.0,0.0,0.0,0.0,356.9999996891463,1500,1660,0,0,1500,1500,1500,2.0,0.30000001192092896,20.0,0.0,30.0,150.0,1660
2026-08-06T15:49:55.493+03:00,21.181319,V2_CHANNEL_STATUS,Recording ALT_HOLD response for 15.0 seconds,ALT_HOLD,7,1,2.0,2.0,0.0,0.0,0.0,356.9999996891463,1500,1660,0,0,1500,1500,1500,2.0,0.30000001192092896,20.0,0.0,30.0,150.0,1660
2026-08-06T15:49:55.595+03:00,21.283097,V2_CHANNEL_STATUS,Recording ALT_HOLD response for 15.0 seconds,ALT_HOLD,7,1,2.0,2.0,0.0,0.0,0.0,356.9999996891463,1500,1660,0,0,1500,1500,1500,2.0,0.30000001192092896,20.0,0.0,30.0,150.0,1660
2026-08-06T15:49:55.697+03:00,21.384907,V2_CHANNEL_STATUS,Recording ALT_HOLD response for 15.0 seconds,ALT_HOLD,7,1,2.0,2.0,0.0,0.0,0.0,356.9999996891463,1500,1660,0,0,1500,1500,1500,2.0,0.30000001192092896,20.0,0.0,30.0,150.0,1660
2026-08-06T15:49:55.799+03:00,21.486721,V2_CHANNEL_STATUS,Recording ALT_HOLD response for 15.0 seconds,ALT_HOLD,7,1,2.0,2.0,0.0,0.0,0.0,356.9999996891463,1500,1660,0,0,1500,1500,1500,2.0,0.30000001192092896,20.0,0.0,30.0,150.0,1660
2026-08-06T15:49:55.820+03:00,21.507573,GLOBAL_POSITION_INT,Recording ALT_HOLD response for 15.0 seconds,ALT_HOLD,7,1,2.0,2.0,0.0,0.0,0.0,356.9999996891463,1500,1660,0,0,1500,1500,1500,2.0,0.30000001192092896,20.0,0.0,30.0,150.0,1660
2026-08-06T15:49:55.820+03:00,21.507842,RC_CHANNELS,Recording ALT_HOLD response for 15.0 seconds,ALT_HOLD,7,1,2.0,2.0,0.0,0.0,0.0,356.9999996891463,1500,1660,0,0,1500,1500,1500,2.0,0.30000001192092896,20.0,0.0,30.0,150.0,1660
2026-08-06T15:49:55.881+03:00,21.568815,V2_CHANNEL_STATUS,Recording ALT_HOLD response for 15.0 seconds,ALT_HOLD,7,1,2.0,2.0,0.0,0.0,0.0,356.9999996891463,1500,1660,0,0,1500,1500,1500,2.0,0.30000001192092896,20.0,0.0,30.0,150.0,1660
2026-08-06T15:49:55.983+03:00,21.670932,V2_CHANNEL_STATUS,Recording ALT_HOLD response for 15.0 seconds,ALT_HOLD,7,1,2.0,2.0,0.0,0.0,0.0,356.9999996891463,1500,1660,0,0,1500,1500,1500,2.0,0.30000001192092896,20.0,0.0,30.0,150.0,1660
2026-08-06T15:49:56.085+03:00,21.772868,V2_CHANNEL_STATUS,Recording ALT_HOLD response for 15.0 seconds,ALT_HOLD,7,1,2.0,2.0,0.0,0.0,0.0,356.9999996891463,1500,1660,0,0,1500,1500,1500,2.0,0.30000001192092896,20.0,0.0,30.0,150.0,1660
2026-08-06T15:49:56.187+03:00,21.874675,V2_CHANNEL_STATUS,Recording ALT_HOLD response for 15.0 seconds,ALT_HOLD,7,1,2.0,2.0,0.0,0.0,0.0,356.9999996891463,1500,1660,0,0,1500,1500,1500,2.0,0.30000001192092896,20.0,0.0,30.0,150.0,1660
2026-08-06T15:49:56.289+03:00,21.976393,V2_CHANNEL_STATUS,Recording ALT_HOLD response for 15.0 seconds,ALT_HOLD,7,1,2.0,2.0,0.0,0.0,0.0,356.9999996891463,1500,1660,0,0,1500,1500,1500,2.0,0.30000001192092896,20.0,0.0,30.0,150.0,1660
2026-08-06T15:49:56.309+03:00,21.997044,GLOBAL_POSITION_INT,Recording ALT_HOLD response for 15.0 seconds,ALT_HOLD,7,1,2.0,2.0,0.0,0.0,0.0,356.9999996891463,1500,1660,0,0,1500,1500,1500,2.0,0.30000001192092896,20.0,0.0,30.0,150.0,1660
2026-08-06T15:49:56.309+03:00,21.997277,RC_CHANNELS,Recording ALT_HOLD response for 15.0 seconds,ALT_HOLD,7,1,2.0,2.0,0.0,0.0,0.0,356.9999996891463,1500,1660,0,0,1500,1500,1500,2.0,0.30000001192092896,20.0,0.0,30.0,150.0,1660
2026-08-06T15:49:56.391+03:00,22.078551,V2_CHANNEL_STATUS,Recording ALT_HOLD response for 15.0 seconds,ALT_HOLD,7,1,2.0,2.0,0.0,0.0,0.0,356.9999996891463,1500,1660,0,0,1500,1500,1500,2.0,0.30000001192092896,20.0,0.0,30.0,150.0,1660
2026-08-06T15:49:56.492+03:00,22.180367,V2_CHANNEL_STATUS,Recording ALT_HOLD response for 15.0 seconds,ALT_HOLD,7,1,2.0,2.0,0.0,0.0,0.0,356.9999996891463,1500,1660,0,0,1500,1500,1500,2.0,0.30000001192092896,20.0,0.0,30.0,150.0,1660
2026-08-06T15:49:56.594+03:00,22.282062,V2_CHANNEL_STATUS,Recording ALT_HOLD response for 15.0 seconds,ALT_HOLD,7,1,2.0,2.0,0.0,0.0,0.0,356.9999996891463,1500,1660,0,0,1500,1500,1500,2.0,0.30000001192092896,20.0,0.0,30.0,150.0,1660
2026-08-06T15:49:56.696+03:00,22.383983,V2_CHANNEL_STATUS,Recording ALT_HOLD response for 15.0 seconds,ALT_HOLD,7,1,2.0,2.0,0.0,0.0,0.0,356.9999996891463,1500,1660,0,0,1500,1500,1500,2.0,0.30000001192092896,20.0,0.0,30.0,150.0,1660
2026-08-06T15:49:56.798+03:00,22.485556,V2_CHANNEL_STATUS,Recording ALT_HOLD response for 15.0 seconds,ALT_HOLD,7,1,2.0,2.0,0.0,0.0,0.0,356.9999996891463,1500,1660,0,0,1500,1500,1500,2.0,0.30000001192092896,20.0,0.0,30.0,150.0,1660
2026-08-06T15:49:56.818+03:00,22.506165,GLOBAL_POSITION_INT,Recording ALT_HOLD response for 15.0 seconds,ALT_HOLD,7,1,2.0,2.0,0.0,0.0,0.0,356.9999996891463,1500,1660,0,0,1500,1500,1500,2.0,0.30000001192092896,20.0,0.0,30.0,150.0,1660
2026-08-06T15:49:56.819+03:00,22.506380,RC_CHANNELS,Recording ALT_HOLD response for 15.0 seconds,ALT_HOLD,7,1,2.0,2.0,0.0,0.0,0.0,356.9999996891463,1500,1660,0,0,1500,1500,1500,2.0,0.30000001192092896,20.0,0.0,30.0,150.0,1660
2026-08-06T15:49:56.900+03:00,22.587537,V2_CHANNEL_STATUS,Recording ALT_HOLD response for 15.0 seconds,ALT_HOLD,7,1,2.0,2.0,0.0,0.0,0.0,356.9999996891463,1500,1660,0,0,1500,1500,1500,2.0,0.30000001192092896,20.0,0.0,30.0,150.0,1660
2026-08-06T15:49:57.001+03:00,22.688907,V2_CHANNEL_STATUS,Recording ALT_HOLD response for 15.0 seconds,ALT_HOLD,7,1,2.0,2.0,0.0,0.0,0.0,356.9999996891463,1500,1660,0,0,1500,1500,1500,2.0,0.30000001192092896,20.0,0.0,30.0,150.0,1660
2026-08-06T15:49:57.082+03:00,22.770274,V2_CHANNEL_STATUS,Recording ALT_HOLD response for 15.0 seconds,ALT_HOLD,7,1,2.0,2.0,0.0,0.0,0.0,356.9999996891463,1500,1660,0,0,1500,1500,1500,2.0,0.30000001192092896,20.0,0.0,30.0,150.0,1660
2026-08-06T15:49:57.184+03:00,22.871766,V2_CHANNEL_STATUS,Recording ALT_HOLD response for 15.0 seconds,ALT_HOLD,7,1,2.0,2.0,0.0,0.0,0.0,356.9999996891463,1500,1660,0,0,1500,1500,1500,2.0,0.30000001192092896,20.0,0.0,30.0,150.0,1660
2026-08-06T15:49:57.285+03:00,22.973332,V2_CHANNEL_STATUS,Recording ALT_HOLD response for 15.0 seconds,ALT_HOLD,7,1,2.0,2.0,0.0,0.0,0.0,356.9999996891463,1500,1660,0,0,1500,1500,1500,2.0,0.30000001192092896,20.0,0.0,30.0,150.0,1660
2026-08-06T15:49:57.306+03:00,22.993928,GLOBAL_POSITION_INT,Recording ALT_HOLD response for 15.0 seconds,ALT_HOLD,7,1,2.0,2.0,0.0,0.0,0.0,356.9999996891463,1500,1660,0,0,1500,1500,1500,2.0,0.30000001192092896,20.0,0.0,30.0,150.0,1660
2026-08-06T15:49:57.306+03:00,22.994198,RC_CHANNELS,Recording ALT_HOLD response for 15.0 seconds,ALT_HOLD,7,1,2.0,2.0,0.0,0.0,0.0,356.9999996891463,1500,1660,0,0,1500,1500,1500,2.0,0.30000001192092896,20.0,0.0,30.0,150.0,1660
2026-08-06T15:49:57.387+03:00,23.075315,V2_CHANNEL_STATUS,Recording ALT_HOLD response for 15.0 seconds,ALT_HOLD,7,1,2.0,2.0,0.0,0.0,0.0,356.9999996891463,1500,1660,0,0,1500,1500,1500,2.0,0.30000001192092896,20.0,0.0,30.0,150.0,1660
2026-08-06T15:49:57.489+03:00,23.177153,V2_CHANNEL_STATUS,Recording ALT_HOLD response for 15.0 seconds,ALT_HOLD,7,1,2.0,2.0,0.0,0.0,0.0,356.9999996891463,1500,1660,0,0,1500,1500,1500,2.0,0.30000001192092896,20.0,0.0,30.0,150.0,1660
2026-08-06T15:49:57.591+03:00,23.278682,V2_CHANNEL_STATUS,Recording ALT_HOLD response for 15.0 seconds,ALT_HOLD,7,1,2.0,2.0,0.0,0.0,0.0,356.9999996891463,1500,1660,0,0,1500,1500,1500,2.0,0.30000001192092896,20.0,0.0,30.0,150.0,1660
2026-08-06T15:49:57.693+03:00,23.380777,V2_CHANNEL_STATUS,Recording ALT_HOLD response for 15.0 seconds,ALT_HOLD,7,1,2.0,2.0,0.0,0.0,0.0,356.9999996891463,1500,1660,0,0,1500,1500,1500,2.0,0.30000001192092896,20.0,0.0,30.0,150.0,1660
2026-08-06T15:49:57.795+03:00,23.482441,V2_CHANNEL_STATUS,Recording ALT_HOLD response for 15.0 seconds,ALT_HOLD,7,1,2.0,2.0,0.0,0.0,0.0,356.9999996891463,1500,1660,0,0,1500,1500,1500,2.0,0.30000001192092896,20.0,0.0,30.0,150.0,1660
2026-08-06T15:49:57.816+03:00,23.503444,GLOBAL_POSITION_INT,Recording ALT_HOLD response for 15.0 seconds,ALT_HOLD,7,1,2.0,2.0,0.0,0.0,0.0,356.9999996891463,1500,1660,0,0,1500,1500,1500,2.0,0.30000001192092896,20.0,0.0,30.0,150.0,1660
2026-08-06T15:49:57.816+03:00,23.503706,RC_CHANNELS,Recording ALT_HOLD response for 15.0 seconds,ALT_HOLD,7,1,2.0,2.0,0.0,0.0,0.0,356.9999996891463,1500,1660,0,0,1500,1500,1500,2.0,0.30000001192092896,20.0,0.0,30.0,150.0,1660
2026-08-06T15:49:57.898+03:00,23.585518,V2_CHANNEL_STATUS,Recording ALT_HOLD response for 15.0 seconds,ALT_HOLD,7,1,2.0,2.0,0.0,0.0,0.0,356.9999996891463,1500,1660,0,0,1500,1500,1500,2.0,0.30000001192092896,20.0,0.0,30.0,150.0,1660
2026-08-06T15:49:57.999+03:00,23.687361,V2_CHANNEL_STATUS,Recording ALT_HOLD response for 15.0 seconds,ALT_HOLD,7,1,2.0,2.0,0.0,0.0,0.0,356.9999996891463,1500,1660,0,0,1500,1500,1500,2.0,0.30000001192092896,20.0,0.0,30.0,150.0,1660
2026-08-06T15:49:58.102+03:00,23.789459,V2_CHANNEL_STATUS,Recording ALT_HOLD response for 15.0 seconds,ALT_HOLD,7,1,2.0,2.0,0.0,0.0,0.0,356.9999996891463,1500,1660,0,0,1500,1500,1500,2.0,0.30000001192092896,20.0,0.0,30.0,150.0,1660
2026-08-06T15:49:58.204+03:00,23.891459,V2_CHANNEL_STATUS,Recording ALT_HOLD response for 15.0 seconds,ALT_HOLD,7,1,2.0,2.0,0.0,0.0,0.0,356.9999996891463,1500,1660,0,0,1500,1500,1500,2.0,0.30000001192092896,20.0,0.0,30.0,150.0,1660
2026-08-06T15:49:58.285+03:00,23.972928,V2_CHANNEL_STATUS,Recording ALT_HOLD response for 15.0 seconds,ALT_HOLD,7,1,2.0,2.0,0.0,0.0,0.0,356.9999996891463,1500,1660,0,0,1500,1500,1500,2.0,0.30000001192092896,20.0,0.0,30.0,150.0,1660
2026-08-06T15:49:58.306+03:00,23.993567,GLOBAL_POSITION_INT,Recording ALT_HOLD response for 15.0 seconds,ALT_HOLD,7,1,2.0,2.0,0.0,0.0,0.0,356.9999996891463,1500,1660,0,0,1500,1500,1500,2.0,0.30000001192092896,20.0,0.0,30.0,150.0,1660
2026-08-06T15:49:58.306+03:00,23.993792,RC_CHANNELS,Recording ALT_HOLD response for 15.0 seconds,ALT_HOLD,7,1,2.0,2.0,0.0,0.0,0.0,356.9999996891463,1500,1660,0,0,1500,1500,1500,2.0,0.30000001192092896,20.0,0.0,30.0,150.0,1660
2026-08-06T15:49:58.387+03:00,24.075193,V2_CHANNEL_STATUS,Recording ALT_HOLD response for 15.0 seconds,ALT_HOLD,7,1,2.0,2.0,0.0,0.0,0.0,356.9999996891463,1500,1660,0,0,1500,1500,1500,2.0,0.30000001192092896,20.0,0.0,30.0,150.0,1660
2026-08-06T15:49:58.489+03:00,24.176801,V2_CHANNEL_STATUS,Recording ALT_HOLD response for 15.0 seconds,ALT_HOLD,7,1,2.0,2.0,0.0,0.0,0.0,356.9999996891463,1500,1660,0,0,1500,1500,1500,2.0,0.30000001192092896,20.0,0.0,30.0,150.0,1660
2026-08-06T15:49:58.591+03:00,24.278420,V2_CHANNEL_STATUS,Recording ALT_HOLD response for 15.0 seconds,ALT_HOLD,7,1,2.0,2.0,0.0,0.0,0.0,356.9999996891463,1500,1660,0,0,1500,1500,1500,2.0,0.30000001192092896,20.0,0.0,30.0,150.0,1660
2026-08-06T15:49:58.692+03:00,24.380157,V2_CHANNEL_STATUS,Recording ALT_HOLD response for 15.0 seconds,ALT_HOLD,7,1,2.0,2.0,0.0,0.0,0.0,356.9999996891463,1500,1660,0,0,1500,1500,1500,2.0,0.30000001192092896,20.0,0.0,30.0,150.0,1660
2026-08-06T15:49:58.794+03:00,24.481859,V2_CHANNEL_STATUS,Recording ALT_HOLD response for 15.0 seconds,ALT_HOLD,7,1,2.0,2.0,0.0,0.0,0.0,356.9999996891463,1500,1660,0,0,1500,1500,1500,2.0,0.30000001192092896,20.0,0.0,30.0,150.0,1660
2026-08-06T15:49:58.815+03:00,24.502429,GLOBAL_POSITION_INT,Recording ALT_HOLD response for 15.0 seconds,ALT_HOLD,7,1,2.0,2.0,0.0,0.0,0.0,356.9999996891463,1500,1660,0,0,1500,1500,1500,2.0,0.30000001192092896,20.0,0.0,30.0,150.0,1660
2026-08-06T15:49:58.815+03:00,24.502681,RC_CHANNELS,Recording ALT_HOLD response for 15.0 seconds,ALT_HOLD,7,1,2.0,2.0,0.0,0.0,0.0,356.9999996891463,1500,1660,0,0,1500,1500,1500,2.0,0.30000001192092896,20.0,0.0,30.0,150.0,1660
2026-08-06T15:49:58.896+03:00,24.583821,V2_CHANNEL_STATUS,Recording ALT_HOLD response for 15.0 seconds,ALT_HOLD,7,1,2.0,2.0,0.0,0.0,0.0,356.9999996891463,1500,1660,0,0,1500,1500,1500,2.0,0.30000001192092896,20.0,0.0,30.0,150.0,1660
2026-08-06T15:49:58.998+03:00,24.685791,V2_CHANNEL_STATUS,Recording ALT_HOLD response for 15.0 seconds,ALT_HOLD,7,1,2.0,2.0,0.0,0.0,0.0,356.9999996891463,1500,1660,0,0,1500,1500,1500,2.0,0.30000001192092896,20.0,0.0,30.0,150.0,1660
2026-08-06T15:49:59.100+03:00,24.787759,V2_CHANNEL_STATUS,Recording ALT_HOLD response for 15.0 seconds,ALT_HOLD,7,1,2.0,2.0,0.0,0.0,0.0,356.9999996891463,1500,1660,0,0,1500,1500,1500,2.0,0.30000001192092896,20.0,0.0,30.0,150.0,1660
2026-08-06T15:49:59.202+03:00,24.889413,V2_CHANNEL_STATUS,Recording ALT_HOLD response for 15.0 seconds,ALT_HOLD,7,1,2.0,2.0,0.0,0.0,0.0,356.9999996891463,1500,1660,0,0,1500,1500,1500,2.0,0.30000001192092896,20.0,0.0,30.0,150.0,1660
2026-08-06T15:49:59.303+03:00,24.990986,V2_CHANNEL_STATUS,Recording ALT_HOLD response for 15.0 seconds,ALT_HOLD,7,1,2.0,2.0,0.0,0.0,0.0,356.9999996891463,1500,1660,0,0,1500,1500,1500,2.0,0.30000001192092896,20.0,0.0,30.0,150.0,1660
2026-08-06T15:49:59.303+03:00,24.991184,GLOBAL_POSITION_INT,Recording ALT_HOLD response for 15.0 seconds,ALT_HOLD,7,1,2.0,2.0,0.0,0.0,0.0,356.9999996891463,1500,1660,0,0,1500,1500,1500,2.0,0.30000001192092896,20.0,0.0,30.0,150.0,1660
2026-08-06T15:49:59.303+03:00,24.991369,RC_CHANNELS,Recording ALT_HOLD response for 15.0 seconds,ALT_HOLD,7,1,2.0,2.0,0.0,0.0,0.0,356.9999996891463,1500,1660,0,0,1500,1500,1500,2.0,0.30000001192092896,20.0,0.0,30.0,150.0,1660
2026-08-06T15:49:59.405+03:00,25.092977,V2_CHANNEL_STATUS,Recording ALT_HOLD response for 15.0 seconds,ALT_HOLD,7,1,2.0,2.0,0.0,0.0,0.0,356.9999996891463,1500,1660,0,0,1500,1500,1500,2.0,0.30000001192092896,20.0,0.0,30.0,150.0,1660
2026-08-06T15:49:59.507+03:00,25.194652,V2_CHANNEL_STATUS,Recording ALT_HOLD response for 15.0 seconds,ALT_HOLD,7,1,2.0,2.0,0.0,0.0,0.0,356.9999996891463,1500,1660,0,0,1500,1500,1500,2.0,0.30000001192092896,20.0,0.0,30.0,150.0,1660
2026-08-06T15:49:59.588+03:00,25.276273,V2_CHANNEL_STATUS,Recording ALT_HOLD response for 15.0 seconds,ALT_HOLD,7,1,2.0,2.0,0.0,0.0,0.0,356.9999996891463,1500,1660,0,0,1500,1500,1500,2.0,0.30000001192092896,20.0,0.0,30.0,150.0,1660
2026-08-06T15:49:59.690+03:00,25.377807,V2_CHANNEL_STATUS,Recording ALT_HOLD response for 15.0 seconds,ALT_HOLD,7,1,2.0,2.0,0.0,0.0,0.0,356.9999996891463,1500,1660,0,0,1500,1500,1500,2.0,0.30000001192092896,20.0,0.0,30.0,150.0,1660
2026-08-06T15:49:59.791+03:00,25.479284,V2_CHANNEL_STATUS,Recording ALT_HOLD response for 15.0 seconds,ALT_HOLD,7,1,2.0,2.0,0.0,0.0,0.0,356.9999996891463,1500,1660,0,0,1500,1500,1500,2.0,0.30000001192092896,20.0,0.0,30.0,150.0,1660
2026-08-06T15:49:59.812+03:00,25.499881,GLOBAL_POSITION_INT,Recording ALT_HOLD response for 15.0 seconds,ALT_HOLD,7,1,2.0,2.0,0.0,0.0,0.0,356.9999996891463,1500,1660,0,0,1500,1500,1500,2.0,0.30000001192092896,20.0,0.0,30.0,150.0,1660
2026-08-06T15:49:59.812+03:00,25.500269,RC_CHANNELS,Recording ALT_HOLD response for 15.0 seconds,ALT_HOLD,7,1,2.0,2.0,0.0,0.0,0.0,356.9999996891463,1500,1660,0,0,1500,1500,1500,2.0,0.30000001192092896,20.0,0.0,30.0,150.0,1660
2026-08-06T15:49:59.894+03:00,25.581814,V2_CHANNEL_STATUS,Recording ALT_HOLD response for 15.0 seconds,ALT_HOLD,7,1,2.0,2.0,0.0,0.0,0.0,356.9999996891463,1500,1660,0,0,1500,1500,1500,2.0,0.30000001192092896,20.0,0.0,30.0,150.0,1660
2026-08-06T15:49:59.996+03:00,25.683404,V2_CHANNEL_STATUS,Recording ALT_HOLD response for 15.0 seconds,ALT_HOLD,7,1,2.0,2.0,0.0,0.0,0.0,356.9999996891463,1500,1660,0,0,1500,1500,1500,2.0,0.30000001192092896,20.0,0.0,30.0,150.0,1660
2026-08-06T15:50:00.097+03:00,25.785288,V2_CHANNEL_STATUS,Recording ALT_HOLD response for 15.0 seconds,ALT_HOLD,7,1,2.0,2.0,0.0,0.0,0.0,356.9999996891463,1500,1660,0,0,1500,1500,1500,2.0,0.30000001192092896,20.0,0.0,30.0,150.0,1660
2026-08-06T15:50:00.199+03:00,25.886934,V2_CHANNEL_STATUS,Recording ALT_HOLD response for 15.0 seconds,ALT_HOLD,7,1,2.0,2.0,0.0,0.0,0.0,356.9999996891463,1500,1660,0,0,1500,1500,1500,2.0,0.30000001192092896,20.0,0.0,30.0,150.0,1660
2026-08-06T15:50:00.301+03:00,25.988516,V2_CHANNEL_STATUS,Recording ALT_HOLD response for 15.0 seconds,ALT_HOLD,7,1,2.0,2.0,0.0,0.0,0.0,356.9999996891463,1500,1660,0,0,1500,1500,1500,2.0,0.30000001192092896,20.0,0.0,30.0,150.0,1660
2026-08-06T15:50:00.321+03:00,26.008991,GLOBAL_POSITION_INT,Recording ALT_HOLD response for 15.0 seconds,ALT_HOLD,7,1,2.0,2.0,0.0,0.0,0.0,356.9999996891463,1500,1660,0,0,1500,1500,1500,2.0,0.30000001192092896,20.0,0.0,30.0,150.0,1660
2026-08-06T15:50:00.321+03:00,26.009327,RC_CHANNELS,Recording ALT_HOLD response for 15.0 seconds,ALT_HOLD,7,1,2.0,2.0,0.0,0.0,0.0,356.9999996891463,1500,1660,0,0,1500,1500,1500,2.0,0.30000001192092896,20.0,0.0,30.0,150.0,1660
2026-08-06T15:50:00.403+03:00,26.090794,V2_CHANNEL_STATUS,Recording ALT_HOLD response for 15.0 seconds,ALT_HOLD,7,1,2.0,2.0,0.0,0.0,0.0,356.9999996891463,1500,1660,0,0,1500,1500,1500,2.0,0.30000001192092896,20.0,0.0,30.0,150.0,1660
2026-08-06T15:50:00.505+03:00,26.192401,V2_CHANNEL_STATUS,Recording ALT_HOLD response for 15.0 seconds,ALT_HOLD,7,1,2.0,2.0,0.0,0.0,0.0,356.9999996891463,1500,1660,0,0,1500,1500,1500,2.0,0.30000001192092896,20.0,0.0,30.0,150.0,1660
2026-08-06T15:50:00.607+03:00,26.294422,V2_CHANNEL_STATUS,Recording ALT_HOLD response for 15.0 seconds,ALT_HOLD,7,1,2.0,2.0,0.0,0.0,0.0,356.9999996891463,1500,1660,0,0,1500,1500,1500,2.0,0.30000001192092896,20.0,0.0,30.0,150.0,1660
2026-08-06T15:50:00.708+03:00,26.396007,V2_CHANNEL_STATUS,Recording ALT_HOLD response for 15.0 seconds,ALT_HOLD,7,1,2.0,2.0,0.0,0.0,0.0,356.9999996891463,1500,1660,0,0,1500,1500,1500,2.0,0.30000001192092896,20.0,0.0,30.0,150.0,1660
2026-08-06T15:50:00.810+03:00,26.497550,V2_CHANNEL_STATUS,Recording ALT_HOLD response for 15.0 seconds,ALT_HOLD,7,1,2.0,2.0,0.0,0.0,0.0,356.9999996891463,1500,1660,0,0,1500,1500,1500,2.0,0.30000001192092896,20.0,0.0,30.0,150.0,1660
2026-08-06T15:50:00.810+03:00,26.497713,GLOBAL_POSITION_INT,Recording ALT_HOLD response for 15.0 seconds,ALT_HOLD,7,1,2.0,2.0,0.0,0.0,0.0,356.9999996891463,1500,1660,0,0,1500,1500,1500,2.0,0.30000001192092896,20.0,0.0,30.0,150.0,1660
2026-08-06T15:50:00.810+03:00,26.497891,RC_CHANNELS,Recording ALT_HOLD response for 15.0 seconds,ALT_HOLD,7,1,2.0,2.0,0.0,0.0,0.0,356.9999996891463,1500,1660,0,0,1500,1500,1500,2.0,0.30000001192092896,20.0,0.0,30.0,150.0,1660
2026-08-06T15:50:00.891+03:00,26.579289,V2_CHANNEL_STATUS,Recording ALT_HOLD response for 15.0 seconds,ALT_HOLD,7,1,2.0,2.0,0.0,0.0,0.0,356.9999996891463,1500,1660,0,0,1500,1500,1500,2.0,0.30000001192092896,20.0,0.0,30.0,150.0,1660
2026-08-06T15:50:00.993+03:00,26.681054,V2_CHANNEL_STATUS,Recording ALT_HOLD response for 15.0 seconds,ALT_HOLD,7,1,2.0,2.0,0.0,0.0,0.0,356.9999996891463,1500,1660,0,0,1500,1500,1500,2.0,0.30000001192092896,20.0,0.0,30.0,150.0,1660
2026-08-06T15:50:01.095+03:00,26.782620,V2_CHANNEL_STATUS,Recording ALT_HOLD response for 15.0 seconds,ALT_HOLD,7,1,2.0,2.0,0.0,0.0,0.0,356.9999996891463,1500,1660,0,0,1500,1500,1500,2.0,0.30000001192092896,20.0,0.0,30.0,150.0,1660
2026-08-06T15:50:01.196+03:00,26.884154,V2_CHANNEL_STATUS,Recording ALT_HOLD response for 15.0 seconds,ALT_HOLD,7,1,2.0,2.0,0.0,0.0,0.0,356.9999996891463,1500,1660,0,0,1500,1500,1500,2.0,0.30000001192092896,20.0,0.0,30.0,150.0,1660
2026-08-06T15:50:01.298+03:00,26.985787,V2_CHANNEL_STATUS,Recording ALT_HOLD response for 15.0 seconds,ALT_HOLD,7,1,2.0,2.0,0.0,0.0,0.0,356.9999996891463,1500,1660,0,0,1500,1500,1500,2.0,0.30000001192092896,20.0,0.0,30.0,150.0,1660
2026-08-06T15:50:01.318+03:00,27.006207,GLOBAL_POSITION_INT,Recording ALT_HOLD response for 15.0 seconds,ALT_HOLD,7,1,2.0,2.0,0.0,0.0,0.0,356.9999996891463,1500,1660,0,0,1500,1500,1500,2.0,0.30000001192092896,20.0,0.0,30.0,150.0,1660
2026-08-06T15:50:01.319+03:00,27.006440,RC_CHANNELS,Recording ALT_HOLD response for 15.0 seconds,ALT_HOLD,7,1,2.0,2.0,0.0,0.0,0.0,356.9999996891463,1500,1660,0,0,1500,1500,1500,2.0,0.30000001192092896,20.0,0.0,30.0,150.0,1660
2026-08-06T15:50:01.400+03:00,27.087821,V2_CHANNEL_STATUS,Recording ALT_HOLD response for 15.0 seconds,ALT_HOLD,7,1,2.0,2.0,0.0,0.0,0.0,356.9999996891463,1500,1660,0,0,1500,1500,1500,2.0,0.30000001192092896,20.0,0.0,30.0,150.0,1660
2026-08-06T15:50:01.501+03:00,27.189283,V2_CHANNEL_STATUS,Recording ALT_HOLD response for 15.0 seconds,ALT_HOLD,7,1,2.0,2.0,0.0,0.0,0.0,356.9999996891463,1500,1660,0,0,1500,1500,1500,2.0,0.30000001192092896,20.0,0.0,30.0,150.0,1660
2026-08-06T15:50:01.603+03:00,27.290848,V2_CHANNEL_STATUS,Recording ALT_HOLD response for 15.0 seconds,ALT_HOLD,7,1,2.0,2.0,0.0,0.0,0.0,356.9999996891463,1500,1660,0,0,1500,1500,1500,2.0,0.30000001192092896,20.0,0.0,30.0,150.0,1660
2026-08-06T15:50:01.704+03:00,27.392342,V2_CHANNEL_STATUS,Recording ALT_HOLD response for 15.0 seconds,ALT_HOLD,7,1,2.0,2.0,0.0,0.0,0.0,356.9999996891463,1500,1660,0,0,1500,1500,1500,2.0,0.30000001192092896,20.0,0.0,30.0,150.0,1660
2026-08-06T15:50:01.806+03:00,27.493821,V2_CHANNEL_STATUS,Recording ALT_HOLD response for 15.0 seconds,ALT_HOLD,7,1,2.0,2.0,0.0,0.0,0.0,356.9999996891463,1500,1660,0,0,1500,1500,1500,2.0,0.30000001192092896,20.0,0.0,30.0,150.0,1660
2026-08-06T15:50:01.806+03:00,27.493965,GLOBAL_POSITION_INT,Recording ALT_HOLD response for 15.0 seconds,ALT_HOLD,7,1,2.0,2.0,0.0,0.0,0.0,356.9999996891463,1500,1660,0,0,1500,1500,1500,2.0,0.30000001192092896,20.0,0.0,30.0,150.0,1660
2026-08-06T15:50:01.806+03:00,27.494134,RC_CHANNELS,Recording ALT_HOLD response for 15.0 seconds,ALT_HOLD,7,1,2.0,2.0,0.0,0.0,0.0,356.9999996891463,1500,1660,0,0,1500,1500,1500,2.0,0.30000001192092896,20.0,0.0,30.0,150.0,1660
2026-08-06T15:50:01.908+03:00,27.595547,V2_CHANNEL_STATUS,Recording ALT_HOLD response for 15.0 seconds,ALT_HOLD,7,1,2.0,2.0,0.0,0.0,0.0,356.9999996891463,1500,1660,0,0,1500,1500,1500,2.0,0.30000001192092896,20.0,0.0,30.0,150.0,1660
2026-08-06T15:50:02.009+03:00,27.697159,V2_CHANNEL_STATUS,Recording ALT_HOLD response for 15.0 seconds,ALT_HOLD,7,1,2.0,2.0,0.0,0.0,0.0,356.9999996891463,1500,1660,0,0,1500,1500,1500,2.0,0.30000001192092896,20.0,0.0,30.0,150.0,1660
2026-08-06T15:50:02.111+03:00,27.798864,V2_CHANNEL_STATUS,Recording ALT_HOLD response for 15.0 seconds,ALT_HOLD,7,1,2.0,2.0,0.0,0.0,0.0,356.9999996891463,1500,1660,0,0,1500,1500,1500,2.0,0.30000001192092896,20.0,0.0,30.0,150.0,1660
2026-08-06T15:50:02.213+03:00,27.900793,V2_CHANNEL_STATUS,Recording ALT_HOLD response for 15.0 seconds,ALT_HOLD,7,1,2.0,2.0,0.0,0.0,0.0,356.9999996891463,1500,1660,0,0,1500,1500,1500,2.0,0.30000001192092896,20.0,0.0,30.0,150.0,1660
2026-08-06T15:50:02.294+03:00,27.982221,V2_CHANNEL_STATUS,Recording ALT_HOLD response for 15.0 seconds,ALT_HOLD,7,1,2.0,2.0,0.0,0.0,0.0,356.9999996891463,1500,1660,0,0,1500,1500,1500,2.0,0.30000001192092896,20.0,0.0,30.0,150.0,1660
2026-08-06T15:50:02.315+03:00,28.002723,GLOBAL_POSITION_INT,Recording ALT_HOLD response for 15.0 seconds,ALT_HOLD,7,1,2.0,2.0,0.0,0.0,0.0,356.9999996891463,1500,1660,0,0,1500,1500,1500,2.0,0.30000001192092896,20.0,0.0,30.0,150.0,1660
2026-08-06T15:50:02.315+03:00,28.002987,RC_CHANNELS,Recording ALT_HOLD response for 15.0 seconds,ALT_HOLD,7,1,2.0,2.0,0.0,0.0,0.0,356.9999996891463,1500,1660,0,0,1500,1500,1500,2.0,0.30000001192092896,20.0,0.0,30.0,150.0,1660
2026-08-06T15:50:02.398+03:00,28.085706,V2_CHANNEL_STATUS,Recording ALT_HOLD response for 15.0 seconds,ALT_HOLD,7,1,2.0,2.0,0.0,0.0,0.0,356.9999996891463,1500,1660,0,0,1500,1500,1500,2.0,0.30000001192092896,20.0,0.0,30.0,150.0,1660
2026-08-06T15:50:02.500+03:00,28.187776,V2_CHANNEL_STATUS,Recording ALT_HOLD response for 15.0 seconds,ALT_HOLD,7,1,2.0,2.0,0.0,0.0,0.0,356.9999996891463,1500,1660,0,0,1500,1500,1500,2.0,0.30000001192092896,20.0,0.0,30.0,150.0,1660
2026-08-06T15:50:02.601+03:00,28.289272,V2_CHANNEL_STATUS,Recording ALT_HOLD response for 15.0 seconds,ALT_HOLD,7,1,2.0,2.0,0.0,0.0,0.0,356.9999996891463,1500,1660,0,0,1500,1500,1500,2.0,0.30000001192092896,20.0,0.0,30.0,150.0,1660
2026-08-06T15:50:02.703+03:00,28.390907,V2_CHANNEL_STATUS,Recording ALT_HOLD response for 15.0 seconds,ALT_HOLD,7,1,2.0,2.0,0.0,0.0,0.0,356.9999996891463,1500,1660,0,0,1500,1500,1500,2.0,0.30000001192092896,20.0,0.0,30.0,150.0,1660
2026-08-06T15:50:02.805+03:00,28.492526,V2_CHANNEL_STATUS,Recording ALT_HOLD response for 15.0 seconds,ALT_HOLD,7,1,2.0,2.0,0.0,0.0,0.0,356.9999996891463,1500,1660,0,0,1500,1500,1500,2.0,0.30000001192092896,20.0,0.0,30.0,150.0,1660
2026-08-06T15:50:02.805+03:00,28.492697,GLOBAL_POSITION_INT,Recording ALT_HOLD response for 15.0 seconds,ALT_HOLD,7,1,2.0,2.0,0.0,0.0,0.0,356.9999996891463,1500,1660,0,0,1500,1500,1500,2.0,0.30000001192092896,20.0,0.0,30.0,150.0,1660
2026-08-06T15:50:02.805+03:00,28.492883,RC_CHANNELS,Recording ALT_HOLD response for 15.0 seconds,ALT_HOLD,7,1,2.0,2.0,0.0,0.0,0.0,356.9999996891463,1500,1660,0,0,1500,1500,1500,2.0,0.30000001192092896,20.0,0.0,30.0,150.0,1660
2026-08-06T15:50:02.907+03:00,28.594406,V2_CHANNEL_STATUS,Recording ALT_HOLD response for 15.0 seconds,ALT_HOLD,7,1,2.0,2.0,0.0,0.0,0.0,356.9999996891463,1500,1660,0,0,1500,1500,1500,2.0,0.30000001192092896,20.0,0.0,30.0,150.0,1660
2026-08-06T15:50:03.008+03:00,28.695954,V2_CHANNEL_STATUS,Recording ALT_HOLD response for 15.0 seconds,ALT_HOLD,7,1,2.0,2.0,0.0,0.0,0.0,356.9999996891463,1500,1660,0,0,1500,1500,1500,2.0,0.30000001192092896,20.0,0.0,30.0,150.0,1660
2026-08-06T15:50:03.110+03:00,28.798064,V2_CHANNEL_STATUS,Recording ALT_HOLD response for 15.0 seconds,ALT_HOLD,7,1,2.0,2.0,0.0,0.0,0.0,356.9999996891463,1500,1660,0,0,1500,1500,1500,2.0,0.30000001192092896,20.0,0.0,30.0,150.0,1660
2026-08-06T15:50:03.212+03:00,28.900350,V2_CHANNEL_STATUS,Recording ALT_HOLD response for 15.0 seconds,ALT_HOLD,7,1,2.0,2.0,0.0,0.0,0.0,356.9999996891463,1500,1660,0,0,1500,1500,1500,2.0,0.30000001192092896,20.0,0.0,30.0,150.0,1660
2026-08-06T15:50:03.314+03:00,29.002368,V2_CHANNEL_STATUS,Recording ALT_HOLD response for 15.0 seconds,ALT_HOLD,7,1,2.0,2.0,0.0,0.0,0.0,356.9999996891463,1500,1660,0,0,1500,1500,1500,2.0,0.30000001192092896,20.0,0.0,30.0,150.0,1660
2026-08-06T15:50:03.315+03:00,29.002605,GLOBAL_POSITION_INT,Recording ALT_HOLD response for 15.0 seconds,ALT_HOLD,7,1,2.0,2.0,0.0,0.0,0.0,356.9999996891463,1500,1660,0,0,1500,1500,1500,2.0,0.30000001192092896,20.0,0.0,30.0,150.0,1660
2026-08-06T15:50:03.315+03:00,29.002904,RC_CHANNELS,Recording ALT_HOLD response for 15.0 seconds,ALT_HOLD,7,1,2.0,2.0,0.0,0.0,0.0,356.9999996891463,1500,1660,0,0,1500,1500,1500,2.0,0.30000001192092896,20.0,0.0,30.0,150.0,1660
2026-08-06T15:50:03.396+03:00,29.084210,V2_CHANNEL_STATUS,Recording ALT_HOLD response for 15.0 seconds,ALT_HOLD,7,1,2.0,2.0,0.0,0.0,0.0,356.9999996891463,1500,1660,0,0,1500,1500,1500,2.0,0.30000001192092896,20.0,0.0,30.0,150.0,1660
2026-08-06T15:50:03.498+03:00,29.185912,V2_CHANNEL_STATUS,Recording ALT_HOLD response for 15.0 seconds,ALT_HOLD,7,1,2.0,2.0,0.0,0.0,0.0,356.9999996891463,1500,1660,0,0,1500,1500,1500,2.0,0.30000001192092896,20.0,0.0,30.0,150.0,1660
2026-08-06T15:50:03.600+03:00,29.287863,V2_CHANNEL_STATUS,Recording ALT_HOLD response for 15.0 seconds,ALT_HOLD,7,1,2.0,2.0,0.0,0.0,0.0,356.9999996891463,1500,1660,0,0,1500,1500,1500,2.0,0.30000001192092896,20.0,0.0,30.0,150.0,1660
2026-08-06T15:50:03.702+03:00,29.389642,V2_CHANNEL_STATUS,Recording ALT_HOLD response for 15.0 seconds,ALT_HOLD,7,1,2.0,2.0,0.0,0.0,0.0,356.9999996891463,1500,1661,1,0,1500,1500,1500,2.0,0.30000001192092896,20.0,0.0,30.0,150.0,1660
2026-08-06T15:50:03.804+03:00,29.491496,V2_CHANNEL_STATUS,Recording ALT_HOLD response for 15.0 seconds,ALT_HOLD,7,1,2.0,2.0,0.0,0.0,0.0,356.9999996891463,1500,1670,10,0,1500,1500,1500,2.0,0.30000001192092896,20.0,0.0,30.0,150.0,1660
2026-08-06T15:50:03.824+03:00,29.511828,GLOBAL_POSITION_INT,Recording ALT_HOLD response for 15.0 seconds,ALT_HOLD,7,1,2.0,1.93,-0.13746752783367885,0.0,0.0,356.9999996891463,1500,1670,10,0,1500,1500,1500,2.0,0.30000001192092896,20.0,0.0,30.0,150.0,1660
2026-08-06T15:50:03.824+03:00,29.512253,RC_CHANNELS,Recording ALT_HOLD response for 15.0 seconds,ALT_HOLD,7,1,2.0,1.93,-0.13746752783367885,0.0,0.0,356.9999996891463,1500,1670,10,0,1500,1500,1500,2.0,0.30000001192092896,20.0,0.0,30.0,150.0,1660
2026-08-06T15:50:03.906+03:00,29.593833,V2_CHANNEL_STATUS,Recording ALT_HOLD response for 15.0 seconds,ALT_HOLD,7,1,2.0,1.93,-0.13746752783367885,0.0,0.0,356.9999996891463,1500,1664,4,0,1500,1500,1500,2.0,0.30000001192092896,20.0,0.0,30.0,150.0,1660
2026-08-06T15:50:04.008+03:00,29.695567,V2_CHANNEL_STATUS,Recording ALT_HOLD response for 15.0 seconds,ALT_HOLD,7,1,2.0,1.93,-0.13746752783367885,0.0,0.0,356.9999996891463,1500,1662,2,0,1500,1500,1500,2.0,0.30000001192092896,20.0,0.0,30.0,150.0,1660
2026-08-06T15:50:04.110+03:00,29.797826,V2_CHANNEL_STATUS,Recording ALT_HOLD response for 15.0 seconds,ALT_HOLD,7,1,2.0,1.93,-0.13746752783367885,0.0,0.0,356.9999996891463,1500,1662,2,0,1500,1500,1500,2.0,0.30000001192092896,20.0,0.0,30.0,150.0,1660
2026-08-06T15:50:04.212+03:00,29.899542,V2_CHANNEL_STATUS,Recording ALT_HOLD response for 15.0 seconds,ALT_HOLD,7,1,2.0,1.93,-0.13746752783367885,0.0,0.0,356.9999996891463,1500,1662,2,0,1500,1500,1500,2.0,0.30000001192092896,20.0,0.0,30.0,150.0,1660
2026-08-06T15:50:04.314+03:00,30.001577,V2_CHANNEL_STATUS,Switching to MANUAL for landing,ALT_HOLD,7,1,2.0,1.93,-0.13746752783367885,0.0,0.0,356.9999996891463,1600,1662,2,0,1500,1500,1500,2.0,0.30000001192092896,20.0,0.0,30.0,150.0,1660
2026-08-06T15:50:04.314+03:00,30.001775,GLOBAL_POSITION_INT,Switching to MANUAL for landing,ALT_HOLD,7,1,2.0,1.92,-0.020409436359499763,0.0,0.0,356.9999996891463,1600,1662,2,0,1500,1500,1500,2.0,0.30000001192092896,20.0,0.0,30.0,150.0,1660
2026-08-06T15:50:04.314+03:00,30.002040,RC_CHANNELS,Switching to MANUAL for landing,ALT_HOLD,7,1,2.0,1.92,-0.020409436359499763,0.0,0.0,356.9999996891463,1600,1662,2,0,1500,1500,1500,2.0,0.30000001192092896,20.0,0.0,30.0,150.0,1660
2026-08-06T15:50:04.402+03:00,30.090322,V2_CHANNEL_STATUS,Switching to MANUAL for landing,ALT_HOLD,7,1,2.0,1.92,-0.020409436359499763,0.0,0.0,356.9999996891463,1600,1600,-60,0,1500,1500,1500,2.0,0.30000001192092896,20.0,0.0,30.0,150.0,1660
2026-08-06T15:50:04.501+03:00,30.188445,V2_CHANNEL_STATUS,Switching to MANUAL for landing,ALT_HOLD,7,1,2.0,1.92,-0.020409436359499763,0.0,0.0,356.9999996891463,1600,1600,-60,0,1500,1500,1500,2.0,0.30000001192092896,20.0,0.0,30.0,150.0,1660
2026-08-06T15:50:04.599+03:00,30.286543,V2_CHANNEL_STATUS,Switching to MANUAL for landing,ALT_HOLD,7,1,2.0,1.92,-0.020409436359499763,0.0,0.0,356.9999996891463,1600,1600,-60,0,1500,1500,1500,2.0,0.30000001192092896,20.0,0.0,30.0,150.0,1660
2026-08-06T15:50:04.702+03:00,30.390041,V2_CHANNEL_STATUS,Switching to MANUAL for landing,ALT_HOLD,7,1,2.0,1.92,-0.020409436359499763,0.0,0.0,356.9999996891463,1600,1600,-60,0,1500,1500,1500,2.0,0.30000001192092896,20.0,0.0,30.0,150.0,1660
2026-08-06T15:50:04.800+03:00,30.488302,V2_CHANNEL_STATUS,Switching to MANUAL for landing,ALT_HOLD,7,1,2.0,1.92,-0.020409436359499763,0.0,0.0,356.9999996891463,1600,1600,-60,0,1500,1500,1500,2.0,0.30000001192092896,20.0,0.0,30.0,150.0,1660
2026-08-06T15:50:04.806+03:00,30.493682,GLOBAL_POSITION_INT,Switching to MANUAL for landing,ALT_HOLD,7,1,2.0,1.97,0.10165144088944965,0.0,0.0,356.9999996891463,1600,1600,-60,0,1500,1500,1500,2.0,0.30000001192092896,20.0,0.0,30.0,150.0,1660
2026-08-06T15:50:04.806+03:00,30.493985,RC_CHANNELS,Switching to MANUAL for landing,ALT_HOLD,7,1,2.0,1.97,0.10165144088944965,0.0,0.0,356.9999996891463,1600,1600,-60,0,1500,1500,1500,2.0,0.30000001192092896,20.0,0.0,30.0,150.0,1660
2026-08-06T15:50:04.899+03:00,30.587036,V2_CHANNEL_STATUS,Switching to MANUAL for landing,ALT_HOLD,7,1,2.0,1.97,0.10165144088944965,0.0,0.0,356.9999996891463,1600,1600,-60,0,1500,1500,1500,2.0,0.30000001192092896,20.0,0.0,30.0,150.0,1660
2026-08-06T15:50:05.003+03:00,30.690923,V2_CHANNEL_STATUS,Switching to MANUAL for landing,ALT_HOLD,7,1,2.0,1.97,0.10165144088944965,0.0,0.0,356.9999996891463,1600,1600,-60,0,1500,1500,1500,2.0,0.30000001192092896,20.0,0.0,30.0,150.0,1660
2026-08-06T15:50:05.101+03:00,30.789217,V2_CHANNEL_STATUS,Switching to MANUAL for landing,ALT_HOLD,7,1,2.0,1.97,0.10165144088944965,0.0,0.0,356.9999996891463,1600,1600,-60,0,1500,1500,1500,2.0,0.30000001192092896,20.0,0.0,30.0,150.0,1660
2026-08-06T15:50:05.199+03:00,30.887267,V2_CHANNEL_STATUS,Switching to MANUAL for landing,ALT_HOLD,7,1,2.0,1.97,0.10165144088944965,0.0,0.0,356.9999996891463,1600,1600,-60,0,1500,1500,1500,2.0,0.30000001192092896,20.0,0.0,30.0,150.0,1660
2026-08-06T15:50:05.303+03:00,30.990880,V2_CHANNEL_STATUS,Waiting for touchdown,MANUAL,1,1,2.0,1.97,0.10165144088944965,0.0,0.0,356.9999996891463,1600,1600,-60,0,1500,1500,1500,2.0,0.30000001192092896,20.0,0.0,30.0,150.0,1660
2026-08-06T15:50:05.308+03:00,30.996231,GLOBAL_POSITION_INT,Waiting for touchdown,MANUAL,1,1,2.0,1.75,-0.4377509424683006,0.0,0.0,356.9999996891463,1600,1600,-60,0,1500,1500,1500,2.0,0.30000001192092896,20.0,0.0,30.0,150.0,1660
2026-08-06T15:50:05.309+03:00,30.996444,RC_CHANNELS,Waiting for touchdown,MANUAL,1,1,2.0,1.75,-0.4377509424683006,0.0,0.0,356.9999996891463,1600,1600,-60,0,1500,1500,1500,2.0,0.30000001192092896,20.0,0.0,30.0,150.0,1660
2026-08-06T15:50:05.402+03:00,31.090013,V2_CHANNEL_STATUS,Waiting for touchdown,MANUAL,1,1,2.0,1.75,-0.4377509424683006,0.0,0.0,356.9999996891463,1600,1600,-60,0,1500,1500,1500,2.0,0.30000001192092896,20.0,0.0,30.0,150.0,1660
2026-08-06T15:50:05.500+03:00,31.188211,V2_CHANNEL_STATUS,Waiting for touchdown,MANUAL,1,1,2.0,1.75,-0.4377509424683006,0.0,0.0,356.9999996891463,1600,1600,-60,0,1500,1500,1500,2.0,0.30000001192092896,20.0,0.0,30.0,150.0,1660
2026-08-06T15:50:05.604+03:00,31.291556,V2_CHANNEL_STATUS,Waiting for touchdown,MANUAL,1,1,2.0,1.75,-0.4377509424683006,0.0,0.0,356.9999996891463,1600,1600,-60,0,1500,1500,1500,2.0,0.30000001192092896,20.0,0.0,30.0,150.0,1660
2026-08-06T15:50:05.702+03:00,31.389739,V2_CHANNEL_STATUS,Waiting for touchdown,MANUAL,1,1,2.0,1.75,-0.4377509424683006,0.0,0.0,356.9999996891463,1600,1600,-60,0,1500,1500,1500,2.0,0.30000001192092896,20.0,0.0,30.0,150.0,1660
2026-08-06T15:50:05.805+03:00,31.493118,V2_CHANNEL_STATUS,Waiting for touchdown,MANUAL,1,1,2.0,1.75,-0.4377509424683006,0.0,0.0,356.9999996891463,1600,1600,-60,0,1500,1500,1500,2.0,0.30000001192092896,20.0,0.0,30.0,150.0,1660
2026-08-06T15:50:05.805+03:00,31.493283,GLOBAL_POSITION_INT,Waiting for touchdown,MANUAL,1,1,2.0,1.04,-1.4283847153810805,0.0,0.0,356.9999996891463,1600,1600,-60,0,1500,1500,1500,2.0,0.30000001192092896,20.0,0.0,30.0,150.0,1660
2026-08-06T15:50:05.806+03:00,31.493471,RC_CHANNELS,Waiting for touchdown,MANUAL,1,1,2.0,1.04,-1.4283847153810805,0.0,0.0,356.9999996891463,1600,1600,-60,0,1500,1500,1500,2.0,0.30000001192092896,20.0,0.0,30.0,150.0,1660
2026-08-06T15:50:05.904+03:00,31.591645,V2_CHANNEL_STATUS,Waiting for touchdown,MANUAL,1,1,2.0,1.04,-1.4283847153810805,0.0,0.0,356.9999996891463,1600,1600,-60,0,1500,1500,1500,2.0,0.30000001192092896,20.0,0.0,30.0,150.0,1660
2026-08-06T15:50:06.002+03:00,31.689901,V2_CHANNEL_STATUS,Waiting for touchdown,MANUAL,1,1,2.0,1.04,-1.4283847153810805,0.0,0.0,356.9999996891463,1600,1600,-60,0,1500,1500,1500,2.0,0.30000001192092896,20.0,0.0,30.0,150.0,1660
2026-08-06T15:50:06.105+03:00,31.793018,V2_CHANNEL_STATUS,Waiting for touchdown,MANUAL,1,1,2.0,1.04,-1.4283847153810805,0.0,0.0,356.9999996891463,1600,1600,-60,0,1500,1500,1500,2.0,0.30000001192092896,20.0,0.0,30.0,150.0,1660
2026-08-06T15:50:06.203+03:00,31.891345,V2_CHANNEL_STATUS,Waiting for touchdown,MANUAL,1,1,2.0,1.04,-1.4283847153810805,0.0,0.0,356.9999996891463,1600,1600,-60,0,1500,1500,1500,2.0,0.30000001192092896,20.0,0.0,30.0,150.0,1660
2026-08-06T15:50:06.302+03:00,31.990308,V2_CHANNEL_STATUS,Waiting for touchdown,MANUAL,1,1,2.0,1.04,-1.4283847153810805,0.0,0.0,356.9999996891463,1600,1600,-60,0,1500,1500,1500,2.0,0.30000001192092896,20.0,0.0,30.0,150.0,1660
2026-08-06T15:50:06.308+03:00,31.995637,GLOBAL_POSITION_INT,Waiting for touchdown,MANUAL,1,1,2.0,0.31,-1.4531986553834015,0.0,0.0,356.9999996891463,1600,1600,-60,0,1500,1500,1500,2.0,0.30000001192092896,20.0,0.0,30.0,150.0,1660
2026-08-06T15:50:06.308+03:00,31.995867,RC_CHANNELS,Waiting for touchdown,MANUAL,1,1,2.0,0.31,-1.4531986553834015,0.0,0.0,356.9999996891463,1600,1600,-60,0,1500,1500,1500,2.0,0.30000001192092896,20.0,0.0,30.0,150.0,1660
2026-08-06T15:50:06.406+03:00,32.093985,V2_CHANNEL_STATUS,Waiting for touchdown,MANUAL,1,1,2.0,0.31,-1.4531986553834015,0.0,0.0,356.9999996891463,1600,1600,-60,0,1500,1500,1500,2.0,0.30000001192092896,20.0,0.0,30.0,150.0,1660
2026-08-06T15:50:06.504+03:00,32.192266,V2_CHANNEL_STATUS,Waiting for touchdown,MANUAL,1,1,2.0,0.31,-1.4531986553834015,0.0,0.0,356.9999996891463,1600,1600,-60,0,1500,1500,1500,2.0,0.30000001192092896,20.0,0.0,30.0,150.0,1660
2026-08-06T15:50:06.607+03:00,32.295379,V2_CHANNEL_STATUS,Waiting for touchdown,MANUAL,1,1,2.0,0.31,-1.4531986553834015,0.0,0.0,356.9999996891463,1600,1600,-60,0,1500,1500,1500,2.0,0.30000001192092896,20.0,0.0,30.0,150.0,1660
2026-08-06T15:50:06.706+03:00,32.393419,V2_CHANNEL_STATUS,Waiting for touchdown,MANUAL,1,1,2.0,0.31,-1.4531986553834015,0.0,0.0,356.9999996891463,1600,1600,-60,0,1500,1500,1500,2.0,0.30000001192092896,20.0,0.0,30.0,150.0,1660
2026-08-06T15:50:06.804+03:00,32.491904,V2_CHANNEL_STATUS,Waiting for touchdown,MANUAL,1,1,2.0,0.31,-1.4531986553834015,0.0,0.0,356.9999996891463,1600,1600,-60,0,1500,1500,1500,2.0,0.30000001192092896,20.0,0.0,30.0,150.0,1660
2026-08-06T15:50:06.809+03:00,32.497227,GLOBAL_POSITION_INT,Waiting for touchdown,MANUAL,1,1,2.0,0.01,-0.5980985251725929,0.0,0.0,356.9999996891463,1600,1600,-60,0,1500,1500,1500,2.0,0.30000001192092896,20.0,0.0,30.0,150.0,1660
2026-08-06T15:50:06.810+03:00,32.497458,RC_CHANNELS,Waiting for touchdown,MANUAL,1,1,2.0,0.01,-0.5980985251725929,0.0,0.0,356.9999996891463,1600,1600,-60,0,1500,1500,1500,2.0,0.30000001192092896,20.0,0.0,30.0,150.0,1660
2026-08-06T15:50:06.908+03:00,32.595907,V2_CHANNEL_STATUS,Waiting for touchdown,MANUAL,1,1,2.0,0.01,-0.5980985251725929,0.0,0.0,356.9999996891463,1600,1600,-60,0,1500,1500,1500,2.0,0.30000001192092896,20.0,0.0,30.0,150.0,1660
2026-08-06T15:50:07.006+03:00,32.694353,V2_CHANNEL_STATUS,Waiting for touchdown,MANUAL,1,1,2.0,0.01,-0.5980985251725929,0.0,0.0,356.9999996891463,1600,1600,-60,0,1500,1500,1500,2.0,0.30000001192092896,20.0,0.0,30.0,150.0,1660
2026-08-06T15:50:07.105+03:00,32.792660,V2_CHANNEL_STATUS,Waiting for touchdown,MANUAL,1,1,2.0,0.01,-0.5980985251725929,0.0,0.0,356.9999996891463,1600,1600,-60,0,1500,1500,1500,2.0,0.30000001192092896,20.0,0.0,30.0,150.0,1660
2026-08-06T15:50:07.208+03:00,32.896273,V2_CHANNEL_STATUS,Waiting for touchdown,MANUAL,1,1,2.0,0.01,-0.5980985251725929,0.0,0.0,356.9999996891463,1600,1600,-60,0,1500,1500,1500,2.0,0.30000001192092896,20.0,0.0,30.0,150.0,1660
2026-08-06T15:50:07.307+03:00,32.994884,V2_CHANNEL_STATUS,Waiting for touchdown,MANUAL,1,1,2.0,0.01,-0.5980985251725929,0.0,0.0,356.9999996891463,1600,1600,-60,0,1500,1500,1500,2.0,0.30000001192092896,20.0,0.0,30.0,150.0,1660
2026-08-06T15:50:07.307+03:00,32.995138,GLOBAL_POSITION_INT,Waiting for touchdown,MANUAL,1,1,2.0,0.0,-0.02008369542826574,0.0,0.0,356.9999996891463,1600,1600,-60,0,1500,1500,1500,2.0,0.30000001192092896,20.0,0.0,30.0,150.0,1660
2026-08-06T15:50:07.307+03:00,32.995357,RC_CHANNELS,Waiting for touchdown,MANUAL,1,1,2.0,0.0,-0.02008369542826574,0.0,0.0,356.9999996891463,1600,1600,-60,0,1500,1500,1500,2.0,0.30000001192092896,20.0,0.0,30.0,150.0,1660
2026-08-06T15:50:07.406+03:00,33.093780,V2_CHANNEL_STATUS,Waiting for touchdown,MANUAL,1,1,2.0,0.0,-0.02008369542826574,0.0,0.0,356.9999996891463,1600,1600,-60,0,1500,1500,1500,2.0,0.30000001192092896,20.0,0.0,30.0,150.0,1660
2026-08-06T15:50:07.509+03:00,33.196983,V2_CHANNEL_STATUS,Waiting for touchdown,MANUAL,1,1,2.0,0.0,-0.02008369542826574,0.0,0.0,356.9999996891463,1600,1600,-60,0,1500,1500,1500,2.0,0.30000001192092896,20.0,0.0,30.0,150.0,1660
2026-08-06T15:50:07.607+03:00,33.295277,V2_CHANNEL_STATUS,Waiting for touchdown,MANUAL,1,1,2.0,0.0,-0.02008369542826574,0.0,0.0,356.9999996891463,1600,1600,-60,0,1500,1500,1500,2.0,0.30000001192092896,20.0,0.0,30.0,150.0,1660
2026-08-06T15:50:07.707+03:00,33.394842,V2_CHANNEL_STATUS,Waiting for touchdown,MANUAL,1,1,2.0,0.0,-0.02008369542826574,0.0,0.0,356.9999996891463,1600,1600,-60,0,1500,1500,1500,2.0,0.30000001192092896,20.0,0.0,30.0,150.0,1660
2026-08-06T15:50:07.805+03:00,33.493162,V2_CHANNEL_STATUS,Waiting for touchdown,MANUAL,1,1,2.0,0.0,-0.02008369542826574,0.0,0.0,356.9999996891463,1600,1600,-60,0,1500,1500,1500,2.0,0.30000001192092896,20.0,0.0,30.0,150.0,1660
2026-08-06T15:50:07.811+03:00,33.498456,GLOBAL_POSITION_INT,Waiting for touchdown,MANUAL,1,1,2.0,0.0,0.0,0.0,0.0,356.9999996891463,1600,1600,-60,0,1500,1500,1500,2.0,0.30000001192092896,20.0,0.0,30.0,150.0,1660
2026-08-06T15:50:07.811+03:00,33.498713,RC_CHANNELS,Waiting for touchdown,MANUAL,1,1,2.0,0.0,0.0,0.0,0.0,356.9999996891463,1600,1600,-60,0,1500,1500,1500,2.0,0.30000001192092896,20.0,0.0,30.0,150.0,1660
2026-08-06T15:50:07.909+03:00,33.596861,V2_CHANNEL_STATUS,Disarming and waiting for IDLE,MANUAL,1,1,2.0,0.0,0.0,0.0,0.0,356.9999996891463,1000,1000,-660,1,1500,1500,1500,2.0,0.30000001192092896,20.0,0.0,30.0,150.0,1660
2026-08-06T15:50:08.007+03:00,33.695049,V2_CHANNEL_STATUS,Disarming and waiting for IDLE,MANUAL,1,1,2.0,0.0,0.0,0.0,0.0,356.9999996891463,1000,1000,-660,1,1500,1500,1500,2.0,0.30000001192092896,20.0,0.0,30.0,150.0,1660
2026-08-06T15:50:08.111+03:00,33.798612,V2_CHANNEL_STATUS,Disarming and waiting for IDLE,MANUAL,1,1,2.0,0.0,0.0,0.0,0.0,356.9999996891463,1000,1000,-660,1,1500,1500,1500,2.0,0.30000001192092896,20.0,0.0,30.0,150.0,1660
2026-08-06T15:50:08.210+03:00,33.897462,V2_CHANNEL_STATUS,Disarming and waiting for IDLE,MANUAL,1,1,2.0,0.0,0.0,0.0,0.0,356.9999996891463,1000,1000,-660,1,1500,1500,1500,2.0,0.30000001192092896,20.0,0.0,30.0,150.0,1660
2026-08-06T15:50:08.318+03:00,34.006265,GLOBAL_POSITION_INT,Disarming and waiting for IDLE,IDLE,0,0,2.0,0.0,0.0,0.0,0.0,356.9999996891463,1000,1000,-660,1,1500,1500,1500,2.0,0.30000001192092896,20.0,0.0,30.0,150.0,1660
2026-08-06T15:50:08.319+03:00,34.006418,V2_CHANNEL_STATUS,Disarming and waiting for IDLE,IDLE,0,0,2.0,0.0,0.0,0.0,0.0,356.9999996891463,1000,1000,-660,1,1500,1500,1500,2.0,0.30000001192092896,20.0,0.0,30.0,150.0,1660
2026-08-06T15:50:08.319+03:00,34.006604,RC_CHANNELS,Disarming and waiting for IDLE,IDLE,0,0,2.0,0.0,0.0,0.0,0.0,356.9999996891463,1000,1000,-660,1,1500,1500,1500,2.0,0.30000001192092896,20.0,0.0,30.0,150.0,1660
2026-08-06T15:50:08.421+03:00,34.108628,V2_CHANNEL_STATUS,Disarming and waiting for IDLE,IDLE,0,0,2.0,0.0,0.0,0.0,0.0,356.9999996891463,1000,1000,-660,1,1500,1500,1500,2.0,0.30000001192092896,20.0,0.0,30.0,150.0,1660
2026-08-06T15:50:08.523+03:00,34.210551,V2_CHANNEL_STATUS,Disarming and waiting for IDLE,IDLE,0,0,2.0,0.0,0.0,0.0,0.0,356.9999996891463,1000,1000,-660,1,1500,1500,1500,2.0,0.30000001192092896,20.0,0.0,30.0,150.0,1660
2026-08-06T15:50:08.626+03:00,34.313450,V2_CHANNEL_STATUS,Disarming and waiting for IDLE,IDLE,0,0,2.0,0.0,0.0,0.0,0.0,356.9999996891463,1000,1000,-660,1,1500,1500,1500,2.0,0.30000001192092896,20.0,0.0,30.0,150.0,1660
2026-08-06T15:50:08.708+03:00,34.395429,V2_CHANNEL_STATUS,Disarming and waiting for IDLE,IDLE,0,0,2.0,0.0,0.0,0.0,0.0,356.9999996891463,1000,1000,-660,1,1500,1500,1500,2.0,0.30000001192092896,20.0,0.0,30.0,150.0,1660
