sample_index,time_monotonic_ns,elapsed_s,end_reason,phase,tracker_id,frame_id,camera_timestamp_ns,camera_received_at_s,camera_age_s,new_camera_frame,locked,score,bbox_x,bbox_y,bbox_width,bbox_height,dx_norm,dy_norm,bbox_fill,scale_px,log_scale,scale_innovation,scale_reason,filtered_log_scale_rate_hz,inverse_ttc_measured_hz,measured_ttc_s,effective_ttc_s,ttc_prediction_age_s,roll_deg,pitch_deg,heading_deg,attitude_age_s,altitude_m,vertical_distance_m,target_ttc_s,inverse_ttc_target_hz,pitch_initial_deg,pitch_raw_deg,pitch_command_deg,vertical_nominal_m_s,vertical_alignment_m_s,vertical_target_m_s,vertical_setpoint_m_s,vario_m_s,vario_age_s,vertical_error_m_s,throttle_p_rc,throttle_i_rc,raw_vertical_accel_m_s2,filtered_vertical_accel_m_s2,throttle_d_rc,tilt_hover_rc,throttle_command_rc,yaw_rate_target_dps,yaw_rate_dps,alignment_count,commit_count,commit_block_reason,exit_requested,exit_reason,result_valid,result_reason,ch1_roll,ch2_pitch,ch3_throttle,ch4_yaw,ch5_arm,ch6_angle,ch7_aux3,ch8_aux4
0,589223075032603,0.0,commit_complete,align,0,127109,4219232078331,589223.069307408,0.00572519504930824,True,True,0.0,125,408,24,24,-0.571875,-0.75,0.05,24.0,3.174757842832732,0.0050707500234055125,,-0.0335618666855582,0.0,30.0,29.99427480495069,0.00572519504930824,0.0,0.0,0.0,0.017210426041856408,9.91,-9.41,9.41,0.10626992561105207,-10.0,-5.0,-5.0,0.0,-0.5,-0.5,-0.05,-0.05,0.19897417502943426,0.0,0.0,0.0,0.0,0.0,-0.0,1663.0,1663,-5.41875,0.0,0,0,bbox fill,False,,True,,1500,1542,1663,1500,2000,2000,1000,1000
1,589223095046180,0.020013576955534518,commit_complete,align,0,127109,4219232078331,589223.069307408,0.025738772004842758,False,True,0.0,125,408,24,24,-0.571875,-0.75,0.05,,3.174757842832732,,duplicate frame,-0.0335618666855582,0.0,30.0,29.974261227995157,0.025738772004842758,0.0,0.0,0.0,0.037224002997390926,9.95,-9.45,9.45,0.10582010582010583,-10.0,-5.0,-5.0,0.0,-0.5,-0.5,-0.06000678847776726,0.0,0.016952431993559003,-0.06000678847776726,-1.2001357695553452,-0.0036028514371628313,0.2474814799814504,0.04949629599629008,-0.4949629599629008,1662.6987015809555,1661,-5.41875,-0.40027153911069036,0,0,bbox fill,False,,True,,1500,1542,1661,1497,2000,2000,1000,1000
2,589223115008965,0.039976362022571266,commit_complete,align,0,127110,4219265043039,589223.102734976,0.012273989035747945,True,True,0.0,125,408,24,24,-0.571875,-0.75,0.05,24.0,3.1751822089347237,0.004417879097264876,,-0.02298884721255405,0.0,30.0,29.987726010964252,0.012273989035747945,0.0,0.0,0.0,0.057186788064427674,9.95,-9.45,9.45,0.10582010582010583,-10.0,-5.0,-5.0,0.0,-0.5,-0.5,-0.06998818101128564,0.0,0.03691521706059575,-0.06998818101128564,-1.3997636202257127,-0.007794328481446304,0.2474814799814504,0.04949629599629008,-0.4949629599629008,1662.90252090867,1661,-5.41875,-0.7995272404514253,0,0,bbox fill,False,,True,,1500,1542,1661,1494,2000,2000,1000,1000
3,589223135029205,0.05999660200905055,commit_complete,align,0,127110,4219265043039,589223.102734976,0.03229422902222723,False,True,0.0,125,408,24,24,-0.571875,-0.75,0.05,,3.1751822089347237,,duplicate frame,-0.02298884721255405,0.0,30.0,29.967705770977773,0.03229422902222723,0.0,0.0,0.0,0.07720702805090696,9.95,-9.45,9.45,0.10582010582010583,-10.0,-5.0,-5.0,0.0,-0.5,-0.5,-0.07999830100452528,0.0,0.05693545704707503,-0.07999830100452528,-1.5999660200905055,-0.012599084035309913,0.2474814799814504,0.04949629599629008,-0.4949629599629008,1662.1075280640887,1660,-5.41875,-1.199932040181011,0,0,bbox fill,False,,True,,1500,1542,1660,1491,2000,2000,1000,1000
4,589223155044316,0.08001171296928078,commit_complete,align,0,127111,4219302366023,589223.136156232,0.018888083985075355,True,True,0.0,125,408,24,24,-0.571875,-0.75,0.05,24.0,3.1756878709332974,0.0036399375609974527,,-0.014275978824166565,0.0,30.0,29.981111916014925,0.018888083985075355,0.0,0.0,0.0,0.09722213901113719,9.95,-9.45,9.45,0.10582010582010583,-10.0,-5.0,-5.0,0.0,-0.5,-0.5,-0.09000585648464039,0.0,0.07695056800730526,-0.09000585648464039,-1.8001171296928078,-0.018003515649141818,0.2474814799814504,0.04949629599629008,-0.4949629599629008,1662.3130836053049,1660,-5.41875,-1.6002342593856156,0,0,bbox fill,False,,True,,1500,1542,1660,1488,2000,2000,1000,1000
5,589223175021372,0.09998876904137433,commit_complete,align,0,127112,4219328755105,589223.169642729,0.005378643050789833,True,True,0.0,125,408,24,24,-0.571875,-0.75,0.05,24.0,3.1762052225890214,0.002844011936806723,,-0.007481569874756423,0.0,30.0,29.99462135694921,0.005378643050789833,0.0,0.0,0.0,0.019149697036482394,9.95,-9.45,9.45,0.10582010582010583,-10.0,-5.0,-5.0,0.0,-0.5,-0.5,-0.09999438452068717,0.0,0.09692762407939881,-0.09999438452068717,-1.9998876904137433,-0.02399629592853457,0.2474814799814504,0.04949629599629008,-0.4949629599629008,1662.518846946305,1660,-5.41875,-1.9997753808274865,0,0,bbox fill,False,,True,,1500,1542,1660,1485,2000,2000,1000,1000
6,589223195016590,0.11998398695141077,commit_complete,align,0,127112,4219328755105,589223.169642729,0.025373860960826278,False,True,0.0,125,408,24,24,-0.571875,-0.75,0.05,,3.1762052225890214,,duplicate frame,-0.007481569874756423,0.0,30.0,29.974626139039174,0.025373860960826278,0.0,0.0,0.0,0.03914491494651884,9.95,-9.45,9.45,0.10582010582010583,-10.0,-5.0,-5.0,0.0,-0.5,-0.5,-0.10999199347570539,0.0,0.11692284198943526,-0.10999199347570539,-2.1998398695141077,-0.030594237562252678,0.2474814799814504,0.04949629599629008,-0.4949629599629008,1662.7253970670392,1660,-5.41875,-2.3996797390282154,0,0,bbox fill,False,,True,,1500,1542,1660,1482,2000,2000,1000,1000
7,589223215018705,0.13998610200360417,commit_complete,align,0,127113,4219361850446,589223.203085532,0.011933173052966595,True,True,0.0,125,407,24,25,-0.571875,-0.7479166666666667,0.052083333333333336,24.49489742783178,3.1838334513120397,0.022509809686205084,,0.046365136008342446,0.046365136008342446,21.567929830294702,21.555996657241735,0.011933173052966595,0.0,0.0,0.0,0.05914702999871224,9.95,-9.45,9.45,0.10582010582010583,-10.0,-5.0,-5.0,0.0,-0.5,-0.5,-0.11999305100180209,0.0,0.13692495704162866,-0.11999305100180209,-2.3998610200360417,-0.037794581997057944,0.2474814799814504,0.04949629599629008,-0.4949629599629008,1662.932618561996,1660,-5.41875,-2.7997220400720835,0,0,bbox fill,False,,True,,1500,1542,1660,1479,2000,2000,1000,1000
8,589223235033055,0.16000045195687562,commit_complete,align,0,127113,4219361850446,589223.203085532,0.03194752300623804,False,True,0.0,125,407,24,25,-0.571875,-0.7479166666666667,0.052083333333333336,,3.1838334513120397,,duplicate frame,0.046365136008342446,0.046365136008342446,21.567929830294702,21.535982307288464,0.03194752300623804,0.0,0.0,0.0,0.07916137995198369,9.98,-9.48,9.48,0.10548523206751054,-10.0,-5.0,-5.0,0.0,-0.5,-0.5,-0.1300002259784378,0.01,0.008568511926569045,-0.1400002259784378,-2.8000045195687564,-0.04620062254586656,0.06739870872427808,0.05307677854188768,-0.5307677854188768,1662.3769729275334,1659,-5.41875,-3.2000090391375124,0,0,bbox fill,False,,True,,1500,1542,1659,1476,2000,2000,1000,1000
9,589223255022527,0.17998992395587265,commit_complete,align,0,127114,4219394804679,589223.236500255,0.018522272002883255,True,True,0.0,125,406,24,25,-0.571875,-0.74375,0.052083333333333336,24.49489742783178,3.1899614638304965,0.013082098119348462,,0.07768569639348215,0.07768569639348215,12.87238251601617,12.853860244013287,0.018522272002883255,0.0,0.0,0.0,0.09915085195098072,9.98,-9.48,9.48,0.10548523206751054,-10.0,-5.0,-5.0,0.0,-0.5,-0.5,-0.13999496197793632,0.01,0.028557983925566077,-0.14999496197793633,-2.9998992395587267,-0.055195582823212304,0.06739870872427808,0.05307677854188768,-0.5307677854188768,1662.585862607801,1659,-5.41875,-3.599798479117453,0,0,bbox fill,False,,True,,1500,1542,1659,1473,2000,2000,1000,1000
10,589223275025680,0.19999307696707547,commit_complete,align,0,127115,4219427949178,589223.270026112,0.004999567987397313,True,True,0.0,125,405,24,24,-0.571875,-0.7375,0.05,24.0,3.187486703819303,-0.014512113032857599,,0.043056632572551296,0.043056632572551296,23.22522548215957,23.220225914172172,0.004999567987397313,0.0,0.3,0.0,0.018246935913339257,9.98,-9.48,9.48,0.10548523206751054,-10.0,-5.0,-5.0,0.0,-0.5,-0.5,-0.14999653848353772,0.01,0.04856113693676889,-0.15999653848353773,-3.199930769670755,-0.06479688854485932,0.06739870872427808,0.05307677854188768,-0.5307677854188768,1662.7954954436345,1659,-5.41875,-3.9998615393415093,0,0,bbox fill,False,,True,,1500,1542,1659,1470,2000,2000,1000,1000
11,589223295027184,0.2199945809552446,commit_complete,align,0,127115,4219427949178,589223.270026112,0.025001071975566447,False,True,0.0,125,405,24,24,-0.571875,-0.7375,0.05,,3.187486703819303,,duplicate frame,0.043056632572551296,0.043056632572551296,23.22522548215957,23.200224410184003,0.025001071975566447,0.0,0.3,0.0,0.03824843990150839,9.98,-9.48,9.48,0.10548523206751054,-10.0,-5.0,-5.0,0.0,-0.5,-0.5,-0.1599972904776223,0.01,0.06856264092493802,-0.1699972904776223,-3.399945809552446,-0.07499749299525765,0.06739870872427808,0.05307677854188768,-0.5307677854188768,1663.0057110879666,1659,-5.41875,-4.399891619104892,0,0,bbox fill,False,,True,,1500,1542,1659,1467,2000,2000,1000,1000
12,589223315031590,0.23999898706097156,commit_complete,align,0,127116,4219461346787,589223.303412041,0.011619549011811614,True,True,0.0,126,403,24,24,-0.56875,-0.7291666666666666,0.05,24.0,3.1851195637970027,-0.010870359152395093,,0.01700887064321387,0.01700887064321387,30.0,29.98838045098819,0.011619549011811614,0.0,0.3,0.0,0.05825284600723535,9.98,-9.48,9.48,0.10548523206751054,-10.0,-5.0,-5.0,0.0,-0.5,-0.5,-0.16999949353048577,0.01,0.08856704703066498,-0.17999949353048578,-3.5999898706097158,-0.08579984189748469,0.06739870872427808,0.05307677854188768,-0.5307677854188768,1662.216557497926,1658,-5.387499999999999,-4.799979741219431,0,0,bbox fill,False,,True,,1500,1542,1658,1464,2000,2000,1000,1000
13,589223335024690,0.259992087027058,commit_complete,align,0,127116,4219461346787,589223.303412041,0.03161264897789806,False,True,0.0,126,403,24,24,-0.56875,-0.7291666666666666,0.05,,3.1851195637970027,,duplicate frame,0.01700887064321387,0.01700887064321387,30.0,29.968387351022102,0.03161264897789806,0.0,0.3,0.0,0.0782459459733218,9.98,-9.48,9.48,0.10548523206751054,-10.0,-5.0,-5.0,0.0,-0.5,-0.5,-0.179996043513529,0.01,0.10856014699675143,-0.189996043513529,-3.7999208702705802,-0.09719567157086537,0.06739870872427808,0.05307677854188768,-0.5307677854188768,1662.4278843272602,1658,-5.387499999999999,-5.19984174054116,0,0,bbox fill,False,,True,,1500,1542,1658,1461,2000,2000,1000,1000
14,589223355032335,0.27999973203986883,commit_complete,align,0,127117,4219493284303,589223.336890211,0.01814212405588478,True,True,0.0,126,401,24,24,-0.56875,-0.7208333333333333,0.05,24.0,3.1830166838999983,-0.007635159310849904,,-0.0012362349302727747,0.0,30.0,29.981857875944115,0.01814212405588478,0.0,0.3,0.0,0.09825359098613262,9.98,-9.48,9.48,0.10548523206751054,-10.0,-5.0,-5.0,0.0,-0.5,-0.5,-0.1899998660199344,0.01,0.12856779200956225,-0.1999998660199344,-3.9999973203986885,-0.10920025053667509,0.06739870872427808,0.05307677854188768,-0.5307677854188768,1662.6399653563542,1658,-5.387499999999999,-5.387499999999999,0,0,bbox fill,False,,True,,1500,1542,1658,1460,2000,2000,1000,1000
15,589223375027508,0.29999490501359105,commit_complete,align,0,127118,4219526332772,589223.370344155,0.004683353006839752,True,True,0.0,127,398,24,24,-0.565625,-0.7083333333333334,0.05,24.0,3.181252803149578,-0.004921496617896093,,-0.013005242768742868,0.0,30.0,29.99531664699316,0.004683353006839752,0.0,1.0,0.0,0.017438395996578038,9.98,-9.48,9.48,0.10548523206751054,-10.0,-5.0,-5.0,0.0,-0.5,-0.5,-0.19999745250679551,0.01,0.14856296498328447,-0.20999745250679552,-4.199949050135911,-0.12179705669741828,0.06739870872427808,0.05307677854188768,-0.5307677854188768,1662.8525138922523,1658,-5.35625,-5.35625,0,0,bbox fill,False,,True,,1500,1542,1658,1460,2000,2000,1000,1000
16,589223395022134,0.319989530951716,commit_complete,align,0,127118,4219526332772,589223.370344155,0.024677978944964707,False,True,0.0,127,398,24,24,-0.565625,-0.7083333333333334,0.05,,3.181252803149578,,duplicate frame,-0.013005242768742868,0.0,30.0,29.975322021055035,0.024677978944964707,0.0,1.0,0.0,0.03743302193470299,9.99,-9.49,9.49,0.1053740779768177,-10.0,-5.0,-5.0,0.0,-0.5,-0.5,-0.209994765475858,0.09,0.007090050959959626,-0.299994765475858,-5.999895309517161,-0.13979190605467418,0.49545561924768233,0.14155254668304662,-1.4155254668304662,1662.5552126824023,1655,-5.35625,-5.35625,0,0,bbox fill,False,,True,,1500,1542,1655,1460,2000,2000,1000,1000
17,589223415019970,0.33998736704234034,commit_complete,align,0,127119,4219559373182,589223.403791391,0.011228578980080783,True,True,0.0,128,396,24,24,-0.5625,-0.7,0.05,24.0,3.1798504195428574,-0.0027639833767869604,,-0.019616212649064022,0.0,30.0,29.98877142101992,0.011228578980080783,0.0,1.0,0.0,0.057430858025327325,9.99,-9.49,9.49,0.1053740779768177,-10.0,-5.0,-5.0,0.0,-0.5,-0.5,-0.21999368352117016,0.09,0.02708788705058396,-0.3099936835211702,-6.199873670423404,-0.1583895146712299,0.49545561924768233,0.14155254668304662,-1.4155254668304662,1662.773788651925,1655,-5.324999999999999,-5.324999999999999,0,0,bbox fill,False,,True,,1500,1542,1655,1460,2000,2000,1000,1000
18,589223435019021,0.35998641804326326,commit_complete,align,0,127119,4219559373182,589223.403791391,0.0312276299810037,False,True,0.0,128,396,24,24,-0.5625,-0.7,0.05,,3.1798504195428574,,duplicate frame,-0.019616212649064022,0.0,30.0,29.968772370018996,0.0312276299810037,0.1,1.5,359.0,0.00667021400295198,9.99,-9.49,9.49,0.1053740779768177,-10.0,-5.0,-5.0,0.0,-0.5,-0.5,-0.22999320902163162,0.09,0.04708693805150688,-0.31999320902163164,-6.399864180432633,-0.17758819619274768,0.49545561924768233,0.14155254668304662,-1.4155254668304662,1662.992977843456,1655,-5.324999999999999,-5.324999999999999,0,0,bbox fill,False,,True,,1500,1542,1655,1460,2000,2000,1000,1000
19,589223455047445,0.380014842026867,commit_complete,align,0,127120,4219592244726,589223.437237113,0.017810332006774843,True,True,0.0,129,394,24,24,-0.559375,-0.6916666666666667,0.05,24.0,3.178795162368456,-0.0011405108007851439,,-0.022344240591706296,0.0,30.0,29.982189667993225,0.017810332006774843,0.1,1.5,359.0,0.026698637986555696,9.99,-9.49,9.49,0.1053740779768177,-10.0,-5.0,-5.0,0.0,-0.5,-0.5,-0.24000742101343348,0.09,0.06711536203511059,-0.3300074210134335,-6.60014842026867,-0.19741678183012568,0.49545561924768233,0.14155254668304662,-1.4155254668304662,1662.2130906689292,1654,-5.293749999999999,-5.293749999999999,0,0,bbox fill,False,,True,,1500,1542,1654,1460,2000,2000,1000,1000
20,589223475017892,0.39998528896830976,commit_complete,align,0,127121,4219625441911,589223.470638507,0.004379384918138385,True,True,0.0,130,392,24,24,-0.55625,-0.6833333333333333,0.05,24.0,3.1780505824514784,4.996763796061288e-06,,-0.022332272794693846,0.0,30.0,29.99562061508186,0.004379384918138385,0.1,1.5,359.0,0.04666908492799848,9.99,-9.49,9.49,0.1053740779768177,-10.0,-5.0,-5.0,0.0,-0.5,-0.5,-0.24999264448415487,0.09,0.08708580897655338,-0.3399926444841549,-6.799852889683098,-0.2177861970315806,0.49545561924768233,0.14155254668304662,-1.4155254668304662,1662.433164553545,1654,-5.2625,-5.2625,0,0,bbox fill,False,,True,,1500,1542,1654,1461,2000,2000,1000,1000
21,589223495023305,0.4199907019501552,commit_complete,align,0,127121,4219625441911,589223.470638507,0.024384797899983823,False,True,0.0,130,392,24,24,-0.55625,-0.6833333333333333,0.05,,3.1780505824514784,,duplicate frame,-0.022332272794693846,0.0,30.0,29.975615202100016,0.024384797899983823,0.1,1.5,359.0,0.06667449790984392,9.99,-9.49,9.49,0.1053740779768177,-10.0,-5.0,-5.0,0.0,-0.5,-0.5,-0.2599953509750776,0.09,0.10709122195839882,-0.3499953509750776,-6.999907019501553,-0.23879160164552768,0.49545561924768233,0.14155254668304662,-1.4155254668304662,1662.6542240879776,1654,-5.2625,-5.2625,0,0,bbox fill,False,,True,,1500,1542,1654,1461,2000,2000,1000,1000
22,589223514998100,0.4399654970038682,commit_complete,align,0,127122,4219658486101,589223.504087166,0.0109109339537099,True,True,0.0,131,391,24,24,-0.553125,-0.6791666666666667,0.05,24.0,3.1775661792399292,0.000750232473871737,,-0.02053792289535222,0.0,30.0,29.98908906604629,0.0109109339537099,0.1,1.5,359.0,0.08664929296355695,9.99,-9.49,9.49,0.1053740779768177,-10.0,-5.0,-5.0,0.0,-0.5,-0.5,-0.2699827485019341,0.09,0.12706601701211184,-0.3599827485019341,-7.199654970038683,-0.26036334651812304,0.49545561924768233,0.14155254668304662,-1.4155254668304662,1662.8755437833872,1654,-5.231249999999999,-5.231249999999999,0,0,bbox fill,False,,True,,1500,1542,1654,1461,2000,2000,1000,1000
23,589223535009682,0.4599770789500326,commit_complete,align,0,127122,4219658486101,589223.504087166,0.03092251589987427,False,True,0.0,131,391,24,24,-0.553125,-0.6791666666666667,0.05,,3.1775661792399292,,duplicate frame,-0.02053792289535222,0.0,30.0,29.969077484100126,0.03092251589987427,0.1,1.5,359.0,0.10666087490972131,9.99,-9.49,9.49,0.1053740779768177,-10.0,-5.0,-5.0,0.0,-0.5,-0.5,-0.2799885394750163,0.09,0.1470775989582762,-0.3699885394750163,-7.399770789500327,-0.2825755144486609,0.49545561924768233,0.14155254668304662,-1.4155254668304662,1662.0978717707794,1653,-5.231249999999999,-5.231249999999999,0,0,bbox fill,False,,True,,1500,1542,1653,1461,2000,2000,1000,1000
24,589223555009531,0.47997692797798663,commit_complete,align,0,127123,4219691292486,589223.537527675,0.017481855931691825,True,True,0.0,133,391,24,24,-0.546875,-0.6791666666666667,0.05,24.0,3.177290438040761,0.0011744497033605583,,-0.017728277375910522,0.0,30.0,29.982518144068308,0.017481855931691825,0.1,1.5,359.0,0.12666072393767536,9.99,-9.49,9.49,0.1053740779768177,-10.0,-5.0,-5.0,0.0,-0.5,-0.5,-0.2899884639889933,0.09,0.16707744798623025,-0.37998846398899333,-7.599769279779867,-0.30537465018509297,0.49545561924768233,0.14155254668304662,-1.4155254668304662,1662.3206693967954,1653,-5.168749999999999,-5.168749999999999,0,0,bbox fill,False,,True,,1500,1542,1653,1461,2000,2000,1000,1000
25,589223574999706,0.4999671030091122,commit_complete,align,0,127124,4219724387755,589223.571031653,0.0039680530317127705,True,True,0.0,135,392,23,24,-0.5421875,-0.6833333333333333,0.05,23.49468024894146,3.169723613745913,-0.019922447088254636,,-0.06529862171943142,0.0,30.0,29.996031946968287,0.0039680530317127705,0.2,1.6,359.0,0.015677466988563538,9.99,-9.49,9.49,0.1053740779768177,-10.0,-5.0,-5.0,0.0,-0.5,-0.5,-0.2999835515045561,0.09,0.1870676230173558,-0.3899835515045561,-7.7996710300911225,-0.32876216854660106,0.49545561924768233,0.14155254668304662,-1.4155254668304662,1662.5439586654682,1653,-5.121875,-5.121875,0,0,bbox fill,False,,True,,1500,1542,1653,1462,2000,2000,1000,1000
26,589223595018133,0.5199855300597847,commit_complete,align,0,127124,4219724387755,589223.571031653,0.023986480082385242,False,True,0.0,135,392,23,24,-0.5421875,-0.6833333333333333,0.05,,3.169723613745913,,duplicate frame,-0.06529862171943142,0.0,30.0,29.976013519917615,0.023986480082385242,0.2,1.6,359.0,0.03569589403923601,9.99,-9.49,9.49,0.1053740779768177,-10.0,-5.0,-5.0,0.0,-0.5,-0.5,-0.3099927650298923,0.1,0.015516831073909998,-0.40999276502989235,-8.199855300597847,-0.35338439932076426,0.052200452935536774,0.12368212793354465,-1.2368212793354465,1662.7900609792541,1653,-5.121875,-5.121875,0,0,bbox fill,False,,True,,1500,1542,1653,1462,2000,2000,1000,1000
27,589223614993821,0.5399612180190161,commit_complete,align,0,127125,4219758545347,589223.604417177,0.010576643981039524,True,True,0.0,137,393,23,24,-0.5359375,-0.6875,0.05,23.49468024894146,3.1637742383740863,-0.010769561900828784,,-0.09110516441449337,0.0,30.0,29.98942335601896,0.010576643981039524,0.2,1.6,359.0,0.055671581998467445,9.99,-9.49,9.49,0.1053740779768177,-10.0,-5.0,-5.0,0.0,-0.5,-0.5,-0.31998060900950803,0.1,0.035492519033141434,-0.41998060900950807,-8.39961218019016,-0.37855260410427,0.052200452935536774,0.12368212793354465,-1.2368212793354465,1663.01498606363,1653,-5.059374999999999,-5.059374999999999,0,0,bbox fill,False,,True,,1500,1542,1653,1462,2000,2000,1000,1000
28,589223634994122,0.5599615189712495,commit_complete,align,0,127125,4219758545347,589223.604417177,0.030576944933272898,False,True,0.0,137,393,23,24,-0.5359375,-0.6875,0.05,,3.1637742383740863,,duplicate frame,-0.09110516441449337,0.0,30.0,29.969423055066727,0.030576944933272898,0.2,1.6,359.0,0.07567188295070082,9.99,-9.49,9.49,0.1053740779768177,-10.0,-5.0,-5.0,0.0,-0.5,-0.5,-0.3299807594856247,0.1,0.05549281998537481,-0.42998075948562475,-8.599615189712495,-0.4043518378844171,0.052200452935536774,0.12368212793354465,-1.2368212793354465,1662.2407883069322,1652,-5.059374999999999,-5.059374999999999,0,0,bbox fill,False,,True,,1500,1542,1652,1462,2000,2000,1000,1000
29,589223655016089,0.579983485979028,commit_complete,align,0,127126,4219790312862,589223.63789586,0.017120228963904083,True,True,0.0,139,395,24,24,-0.528125,-0.6958333333333333,0.05,24.0,3.1667895429688784,0.01732967289087295,,-0.04969452014822469,0.0,30.0,29.982879771036096,0.017120228963904083,0.0,1.0,358.0,0.00491628993768245,9.99,-9.49,9.49,0.1053740779768177,-10.0,-5.0,-5.0,0.0,-0.5,-0.5,-0.339991742989514,0.1,0.0755147869931534,-0.43999174298951405,-8.79983485979028,-0.4307803383699102,0.052200452935536774,0.12368212793354465,-1.2368212793354465,1662.4674364774955,1652,-4.981249999999999,-4.981249999999999,0,0,bbox fill,False,,True,,1500,1542,1652,1463,2000,2000,1000,1000
30,589223675014555,0.5999819519929588,commit_complete,align,0,127127,4219823313348,589223.671357718,0.00365683704148978,True,True,0.0,141,397,24,25,-0.521875,-0.70625,0.052083333333333336,24.49489742783178,3.1767950264598768,0.033338155612609555,,0.03000973459107685,0.03000973459107685,30.0,29.99634316295851,0.00365683704148978,0.0,1.0,358.0,0.024914755951613188,9.99,-9.49,9.49,0.1053740779768177,-10.0,-5.0,-5.0,0.0,-0.5,-0.5,-0.3499909759964794,0.1,0.09551325300708413,-0.4499909759964794,-8.999819519929588,-0.45777772609003353,0.052200452935536774,0.12368212793354465,-1.2368212793354465,1662.694418525355,1652,-4.918749999999999,-4.918749999999999,0,0,bbox fill,False,,True,,1500,1542,1652,1463,2000,2000,1000,1000
31,589223695014569,0.6199819659814239,commit_complete,align,0,127127,4219823313348,589223.671357718,0.02365685102995485,False,True,0.0,141,397,24,25,-0.521875,-0.70625,0.052083333333333336,,3.1767950264598768,,duplicate frame,0.03000973459107685,0.03000973459107685,30.0,29.976343148970045,0.02365685102995485,0.0,1.0,358.0,0.04491476994007826,9.99,-9.49,9.49,0.1053740779768177,-10.0,-5.0,-5.0,0.0,-0.5,-0.5,-0.3599909829907119,0.1,0.1155132669955492,-0.45999098299071195,-9.199819659814239,-0.48537720437317966,0.052200452935536774,0.12368212793354465,-1.2368212793354465,1662.9220181435228,1652,-4.918749999999999,-4.918749999999999,0,0,bbox fill,False,,True,,1500,1542,1652,1463,2000,2000,1000,1000
32,589223715032025,0.639999422011897,commit_complete,align,0,127128,4219856234264,589223.704780749,0.010251275962218642,True,True,0.0,144,400,24,24,-0.5125,-0.7166666666666667,0.05,24.0,3.177887568410817,0.000255787595582202,,0.030621977316353566,0.030621977316353566,30.0,29.98974872403778,0.010251275962218642,0.0,1.0,358.0,0.06493222597055137,9.99,-9.49,9.49,0.1053740779768177,-10.0,-5.0,-5.0,0.0,-0.5,-0.5,-0.3699997110059485,0.1,0.13553072302602232,-0.4699997110059485,-9.39999422011897,-0.5136018000213696,0.052200452935536774,0.12368212793354465,-1.2368212793354465,1662.1504172994757,1651,-4.824999999999999,-4.824999999999999,0,0,bbox fill,False,,True,,1500,1542,1651,1464,2000,2000,1000,1000
33,589223735027458,0.6599948550574481,commit_complete,align,0,127128,4219856234264,589223.704780749,0.030246709007769823,False,True,0.0,144,400,24,24,-0.5125,-0.7166666666666667,0.05,,3.177887568410817,,duplicate frame,0.030621977316353566,0.030621977316353566,30.0,29.96975329099223,0.030246709007769823,0.0,1.0,358.0,0.08492765901610255,9.99,-9.49,9.49,0.1053740779768177,-10.0,-5.0,-5.0,0.0,-0.5,-0.5,-0.37999742752872406,0.1,0.1555261560715735,-0.4799974275287241,-9.599948550574481,-0.5423950692939318,0.052200452935536774,0.12368212793354465,-1.2368212793354465,1662.379164899204,1651,-4.824999999999999,-4.824999999999999,0,0,bbox fill,False,,True,,1500,1542,1651,1464,2000,2000,1000,1000
34,589223755053329,0.6800207260530442,commit_complete,align,0,127129,4219889218887,589223.738209832,0.01684349705465138,True,True,0.0,148,402,23,24,-0.5015625,-0.725,0.05,23.49468024894146,3.171163209568368,-0.022137209892031606,,-0.022355150236905593,0.0,30.0,29.98315650294535,0.01684349705465138,0.0,1.0,358.0,0.1049535300116986,10.0,-9.5,9.5,0.10526315789473684,-10.0,-5.0,-5.0,0.0,-0.5,-0.5,-0.3900103630265221,0.07,0.004100166028365493,-0.4600103630265221,-9.200207260530442,-0.5700313938537511,-0.17497622841906751,0.06395045666302221,-0.6395045666302221,1662.4097432210144,1652,-4.715625,-4.715625,0,0,bbox fill,False,,True,,1500,1542,1652,1465,2000,2000,1000,1000
35,589223775023852,0.6999912490136921,commit_complete,align,0,127130,4219922940596,589223.771750374,0.0032734780106693506,True,True,0.0,152,404,23,24,-0.4890625,-0.7333333333333333,0.05,23.49468024894146,3.1656396218118292,-0.013639382574279768,,-0.054887439243796354,0.0,30.0,29.99672652198933,0.0032734780106693506,0.0,1.0,358.0,0.12492405297234654,10.0,-9.5,9.5,0.10526315789473684,-10.0,-5.0,-5.0,0.0,-0.5,-0.5,-0.39999562450684606,0.07,0.024070688989013433,-0.46999562450684607,-9.399912490136922,-0.5981895690856053,-0.17497622841906751,0.06395045666302221,-0.6395045666302221,1662.6376066258526,1652,-4.590625,-4.590625,0,0,bbox fill,False,,True,,1500,1542,1652,1466,2000,2000,1000,1000
36,589223795024562,0.7199919590493664,commit_complete,align,0,127130,4219922940596,589223.771750374,0.023274188046343625,False,True,0.0,152,404,23,24,-0.4890625,-0.7333333333333333,0.05,,3.1656396218118292,,duplicate frame,-0.054887439243796354,0.0,30.0,29.976725811953656,0.023274188046343625,-0.1,0.2,357.0,0.013793620048090816,10.0,-9.5,9.5,0.10526315789473684,-10.0,-5.0,-5.0,0.0,-0.5,-0.5,-0.4099959795246832,0.07,0.04407139902468771,-0.4799959795246832,-9.599919590493665,-0.6269903502998931,-0.17497622841906751,0.06395045666302221,-0.6395045666302221,1662.8664145074238,1652,-4.590625,-4.590625,0,0,bbox fill,False,,True,,1500,1542,1652,1466,2000,2000,1000,1000
37,589223815042956,0.7400103530380875,commit_complete,align,0,127131,4219955378345,589223.805150268,0.009892688016407192,True,True,0.0,156,404,23,25,-0.4765625,-0.7354166666666667,0.052083333333333336,23.979157616563597,3.1684889087923214,0.013378633240544335,,-0.02284270704657225,0.0,30.0,29.990107311983593,0.009892688016407192,-0.1,0.2,357.0,0.03381201403681189,10.0,-9.5,9.5,0.10526315789473684,-10.0,-5.0,-5.0,0.0,-0.5,-0.5,-0.42000517651904373,0.07,0.06408979301340878,-0.49000517651904374,-9.800103530380875,-0.6564177003401063,-0.17497622841906751,0.06395045666302221,-0.6395045666302221,1662.096025797351,1651,-4.465624999999999,-4.465624999999999,0,0,bbox fill,False,,True,,1500,1542,1651,1467,2000,2000,1000,1000
38,589223835022927,0.7599903240334243,commit_complete,align,0,127131,4219955378345,589223.805150268,0.029872659011743963,False,True,0.0,156,404,23,25,-0.4765625,-0.7354166666666667,0.052083333333333336,,3.1684889087923214,,duplicate frame,-0.02284270704657225,0.0,30.0,29.970127340988256,0.029872659011743963,-0.1,0.2,357.0,0.05379198503214866,10.0,-9.5,9.5,0.10526315789473684,-10.0,-5.0,-5.0,0.0,-0.5,-0.5,-0.4299951620167121,0.07,0.08406976400874555,-0.4999951620167121,-9.999903240334243,-0.6863873668448142,-0.17497622841906751,0.06395045666302221,-0.6395045666302221,1662.3257951738092,1651,-4.465624999999999,-4.465624999999999,0,0,bbox fill,False,,True,,1500,1542,1651,1467,2000,2000,1000,1000
39,589223855014045,0.7799814420286566,commit_complete,align,0,127132,4219988276111,589223.838570611,0.01644343405496329,True,True,0.0,160,404,24,25,-0.4625,-0.7354166666666667,0.052083333333333336,24.49489742783178,3.178484263160593,0.030739329919200475,,0.05073961366949675,0.05073961366949675,19.708466968505363,19.6920235344504,0.01644343405496329,-0.1,0.2,357.0,0.073783103027381,10.0,-9.5,9.5,0.10526315789473684,-10.0,-5.0,-5.0,0.0,-0.5,-0.5,-0.4399907210143283,0.07,0.1040608820039779,-0.5099907210143283,-10.199814420286566,-0.7169732208856273,-0.17497622841906751,0.06395045666302221,-0.6395045666302221,1662.5562922078025,1651,-4.325,-4.325,0,0,bbox fill,False,,True,,1500,1542,1651,1468,2000,2000,1000,1000
40,589223874992804,0.7999602010240778,commit_complete,align,0,127133,4220021361269,589223.872190177,0.0028026270447298884,True,True,0.0,165,403,23,25,-0.4484375,-0.73125,0.052083333333333336,23.979157616563597,3.179138326657983,-0.0030050865527808668,,0.04358880975423996,0.04358880975423996,22.94166795648115,22.93886532943642,0.0028026270447298884,-0.1,0.2,357.0,0.09376186202280223,10.0,-9.5,9.5,0.10526315789473684,-10.0,-5.0,-5.0,0.0,-0.5,-0.5,-0.4499801005120389,0.07,0.12403964099939913,-0.5199801005120389,-10.399602010240779,-0.7481388922172622,-0.17497622841906751,0.06395045666302221,-0.6395045666302221,1662.7872454690882,1651,-4.184375,-4.184375,0,0,bbox fill,False,,True,,1500,1542,1651,1469,2000,2000,1000,1000
41,589223894992681,0.8199600779917091,commit_complete,align,0,127133,4220021361269,589223.872190177,0.02280250401236117,False,True,0.0,165,403,23,25,-0.4484375,-0.73125,0.052083333333333336,,3.179138326657983,,duplicate frame,0.04358880975423996,0.04358880975423996,22.94166795648115,22.91886545246879,0.02280250401236117,-0.1,0.3,355.0,0.012949576019309461,10.0,-9.5,9.5,0.10526315789473684,-10.0,-5.0,-5.0,0.0,-0.5,-0.5,-0.45998003899585455,0.07,0.1440395179670304,-0.5299800389958546,-10.599600779917091,-0.7799374989429148,-0.17497622841906751,0.06395045666302221,-0.6395045666302221,1663.0190428454903,1651,-4.184375,-4.184375,0,0,bbox fill,False,,True,,1500,1542,1651,1469,2000,2000,1000,1000
42,589223915009779,0.8399771760450676,commit_complete,align,0,127134,4220054301192,589223.905476396,0.00953338306862861,True,True,0.0,170,402,23,24,-0.4328125,-0.725,0.05,23.49468024894146,3.172253909759927,-0.023815210186737712,,-0.013648595765008632,0.0,30.0,29.99046661693137,0.00953338306862861,-0.1,0.3,355.0,0.032966674072667956,10.0,-9.5,9.5,0.10526315789473684,-10.0,-5.0,-5.0,0.0,-0.5,-0.5,-0.4699885880225338,0.03,0.0026742630871012807,-0.49998858802253376,-9.999771760450676,-0.8099624607189367,-0.24785857482531093,0.0015886503653555761,-0.01588650365355576,1662.8256207248232,1652,-4.028125,-4.028125,0,0,bbox fill,False,,True,,1500,1542,1652,1470,2000,2000,1000,1000
43,589223935020897,0.8599882939597592,commit_complete,align,0,127134,4220054301192,589223.905476396,0.029544500983320177,False,True,0.0,170,402,23,24,-0.4328125,-0.725,0.05,,3.172253909759927,,duplicate frame,-0.013648595765008632,0.0,30.0,29.97045549901668,0.029544500983320177,-0.1,0.3,355.0,0.052977791987359524,10.0,-9.5,9.5,0.10526315789473684,-10.0,-5.0,-5.0,0.0,-0.5,-0.5,-0.4799941469798796,0.03,0.022685381001792848,-0.5099941469798795,-10.199882939597591,-0.8405791197519875,-0.24785857482531093,0.0015886503653555761,-0.01588650365355576,1662.0563485630032,1651,-4.028125,-4.028125,0,0,bbox fill,False,,True,,1500,1542,1651,1470,2000,2000,1000,1000
44,589223955025060,0.8799924569902942,commit_complete,align,0,127135,4220087299062,589223.938938077,0.016086983028799295,True,True,0.0,175,399,23,24,-0.4171875,-0.7125,0.05,23.49468024894146,3.1665390912201454,-0.015023181663996521,,-0.04956593457582556,0.0,30.0,29.9839130169712,0.016086983028799295,-0.1,0.3,355.0,0.0729819550178945,10.0,-9.5,9.5,0.10526315789473684,-10.0,-5.0,-5.0,0.0,-0.5,-0.5,-0.48999622849514707,0.03,0.04268954403232783,-0.519996228495147,-10.399924569902941,-0.8717853877422282,-0.24785857482531093,0.0015886503653555761,-0.01588650365355576,1662.2875964612988,1651,-3.871875,-3.871875,0,0,bbox fill,False,,True,,1500,1542,1651,1471,2000,2000,1000,1000
45,589223975021275,0.899988671997562,commit_complete,align,0,127136,4220120251684,589223.972376292,0.002644983003847301,True,True,0.0,181,396,23,24,-0.3984375,-0.7,0.05,23.49468024894146,3.1620440097454834,-0.008107671702978436,,-0.06896331376048878,0.0,30.0,29.997355016996153,0.002644983003847301,-0.1,0.3,355.0,0.0929781700251624,10.0,-9.5,9.5,0.10526315789473684,-10.0,-5.0,-5.0,0.0,-0.5,-0.5,-0.499994335998781,0.03,0.06268575903959572,-0.529994335998781,-10.59988671997562,-0.9035790298280256,-0.24785857482531093,0.0015886503653555761,-0.01588650365355576,1662.519352253457,1651,-3.6843749999999997,-3.6843749999999997,0,0,bbox fill,False,,True,,1500,1542,1651,1473,2000,2000,1000,1000
46,589223994990373,0.9199577700346708,commit_complete,align,0,127136,4220120251684,589223.972376292,0.02261408104095608,False,True,0.0,181,396,23,24,-0.3984375,-0.7,0.05,,3.1620440097454834,,duplicate frame,-0.06896331376048878,0.0,30.0,29.977385918959044,0.02261408104095608,-0.1,1.0,354.0,0.011938826995901763,10.0,-9.5,9.5,0.10526315789473684,-10.0,-5.0,-5.0,0.0,-0.5,-0.5,-0.5,0.03,0.0826548570767045,-0.53,-10.600000000000001,-0.9353298957070286,-0.24785857482531093,0.0015886503653555761,-0.01588650365355576,1662.5512163993606,1651,-3.6843749999999997,-3.6843749999999997,0,0,bbox fill,False,,True,,1500,1542,1651,1473,2000,2000,1000,1000
47,589224014998785,0.9399661819916219,commit_complete,align,0,127137,4220153440326,589224.005833276,0.00916550902184099,True,True,0.0,186,394,23,23,-0.3828125,-0.6895833333333333,0.04791666666666667,23.0,3.1512518339955427,-0.02424248933291251,,-0.12693025865965768,0.0,30.0,29.99083449097816,0.00916550902184099,-0.1,1.0,354.0,0.031947238952852786,10.0,-9.5,9.5,0.10526315789473684,-10.0,-5.0,-5.0,0.0,-0.5,-0.5,-0.5,0.03,0.10266326903365552,-0.53,-10.600000000000001,-0.9671432707185807,-0.24785857482531093,0.0015886503653555761,-0.01588650365355576,1662.583029774372,1651,-3.5281249999999997,-3.5281249999999997,0,0,bbox fill,False,,True,,1500,1542,1651,1474,2000,2000,1000,1000
48,589224035014568,0.959981965017505,commit_complete,align,0,127137,4220153440326,589224.005833276,0.029181292047724128,False,True,0.0,186,394,23,23,-0.3828125,-0.6895833333333333,0.04791666666666667,,3.1512518339955427,,duplicate frame,-0.12693025865965768,0.0,30.0,29.970818707952276,0.029181292047724128,-0.1,1.0,354.0,0.051963021978735924,10.0,-9.5,9.5,0.10526315789473684,-10.0,-5.0,-5.0,0.0,-0.5,-0.5,-0.5,0.03,0.12267905205953866,-0.53,-10.600000000000001,-0.9989683657297349,-0.24785857482531093,0.0015886503653555761,-0.01588650365355576,1662.6148548693832,1651,-3.5281249999999997,-3.5281249999999997,0,0,bbox fill,False,,True,,1500,1542,1651,1474,2000,2000,1000,1000
49,589224054996575,0.9799639720004052,commit_complete,align,0,127138,4220186344755,589224.039291402,0.015705173020251095,True,True,0.0,191,391,23,23,-0.3671875,-0.6770833333333334,0.04791666666666667,23.0,3.1429762160896084,-0.01151076947762908,,-0.15445306606150755,0.0,30.0,29.98429482697975,0.015705173020251095,-0.1,1.0,354.0,0.07194502896163613,10.0,-9.5,9.5,0.10526315789473684,-10.0,-5.0,-5.0,0.0,-0.5,-0.5,-0.5,0.03,0.14266105904243886,-0.53,-10.600000000000001,-1.0307397568325463,-0.24785857482531093,0.0015886503653555761,-0.01588650365355576,1662.646626260486,1651,-3.3718749999999997,-3.3718749999999997,0,0,bbox fill,False,,True,,1500,1542,1651,1475,2000,2000,1000,1000
50,589224075017908,0.9999853050103411,commit_complete,align,0,127139,4220219171422,589224.072800154,0.0022177540231496096,True,True,0.0,196,388,23,24,-0.3515625,-0.6666666666666666,0.05,23.49468024894146,3.144441354389939,0.018973336536320495,,-0.10915543985964656,0.0,30.0,29.99778224597685,0.0022177540231496096,-0.1,1.0,354.0,0.09196636197157204,10.0,-9.5,9.5,0.10526315789473684,-10.0,-5.0,-5.0,0.0,-0.5,-0.5,-0.5,0.0,0.01139849703758955,-0.5,-10.0,-1.0607717563474501,-0.19830266795462959,-0.03838961329864146,0.3838961329864146,1662.676875623361,1652,-3.2156249999999997,-3.2156249999999997,0,0,bbox fill,False,,True,,1500,1542,1652,1476,2000,2000,1000,1000
51,589224095020544,1.0199879410210997,commit_complete,align,0,127139,4220219171422,589224.072800154,0.02222039003390819,False,True,0.0,196,388,23,24,-0.3515625,-0.6666666666666666,0.05,,3.144441354389939,,duplicate frame,-0.10915543985964656,0.0,30.0,29.977779609966092,0.02222039003390819,-0.1,1.0,354.0,0.11196899798233062,10.0,-9.5,9.5,0.10526315789473684,-10.0,-5.0,-5.0,0.0,-0.5,-0.5,-0.5,0.0,0.03140113304834813,-0.5,-10.0,-1.090775710363588,-0.19830266795462959,-0.03838961329864146,0.3838961329864146,1662.706879577377,1652,-3.2156249999999997,-3.2156249999999997,0,0,bbox fill,False,,True,,1500,1542,1652,1476,2000,2000,1000,1000
52,589224115011312,1.0399787089554593,commit_complete,align,0,127140,4220252417368,589224.106203598,0.008807713980786502,True,True,0.0,201,387,23,23,-0.3359375,-0.6604166666666667,0.04791666666666667,23.0,3.1389398469748304,-0.005300970839508867,,-0.12185106691294209,0.0,30.0,29.991192286019213,0.008807713980786502,-0.2,1.7,352.0,0.0008815369801595807,10.0,-9.5,9.5,0.10526315789473684,-10.0,-5.0,-5.0,0.0,-0.5,-0.5,-0.5,0.0,0.05139190098270774,-0.5,-10.0,-1.1207618622651274,-0.19830266795462959,-0.03838961329864146,0.3838961329864146,1662.7368657292786,1652,-3.0593749999999997,-3.0593749999999997,0,0,bbox fill,False,,True,,1500,1542,1652,1477,2000,2000,1000,1000
53,589224135028036,1.0599954329663888,commit_complete,align,0,127140,4220252417368,589224.106203598,0.028824437991715968,False,True,0.0,201,387,23,23,-0.3359375,-0.6604166666666667,0.04791666666666667,,3.1389398469748304,,duplicate frame,-0.12185106691294209,0.0,30.0,29.971175562008284,0.028824437991715968,-0.2,1.7,352.0,0.020898260991089046,10.0,-9.5,9.5,0.10526315789473684,-10.0,-5.0,-5.0,0.0,-0.5,-0.5,-0.5,0.0,0.0714086249936372,-0.5,-10.0,-1.1507869482815216,-0.19830266795462959,-0.03838961329864146,0.3838961329864146,1662.766890815295,1652,-3.0593749999999997,-3.0593749999999997,0,0,bbox fill,False,,True,,1500,1542,1652,1477,2000,2000,1000,1000
54,589224155010172,1.0799775690538809,commit_complete,align,0,127141,4220285276844,589224.139631981,0.015378191019408405,True,True,0.0,206,386,22,23,-0.321875,-0.65625,0.04791666666666667,22.494443758403985,3.127307182967289,-0.021598228190086388,,-0.17353942563839897,0.0,30.0,29.98462180898059,0.015378191019408405,-0.2,1.7,352.0,0.040880397078581154,10.0,-9.5,9.5,0.10526315789473684,-10.0,-5.0,-5.0,0.0,-0.5,-0.5,-0.5,0.0,0.09139076108112931,-0.5,-10.0,-1.1807601524127598,-0.19830266795462959,-0.03838961329864146,0.3838961329864146,1662.7968640194263,1652,-2.91875,-2.91875,0,0,bbox fill,False,,True,,1500,1542,1652,1478,2000,2000,1000,1000
55,589224174992876,1.0999602730153129,commit_complete,align,0,127142,4220318529618,589224.173107164,0.0018857120303437114,True,True,0.0,210,386,22,23,-0.309375,-0.65625,0.04791666666666667,22.494443758403985,3.118617564439504,-0.008229584301186588,,-0.19320673395657975,0.0,30.0,29.998114287969656,0.0018857120303437114,-0.2,1.7,352.0,0.060863101040013134,10.0,-9.5,9.5,0.10526315789473684,-10.0,-5.0,-5.0,0.0,-0.5,-0.5,-0.5,0.0,0.11137346504256129,-0.5,-10.0,-1.2107342083549077,-0.19830266795462959,-0.03838961329864146,0.3838961329864146,1662.8268380753684,1652,-2.79375,-2.79375,0,0,bbox fill,False,,True,,1500,1542,1652,1479,2000,2000,1000,1000
56,589224195028111,1.1199955079937354,commit_complete,align,0,127142,4220318529618,589224.173107164,0.021920947008766234,False,True,0.0,210,386,22,23,-0.309375,-0.65625,0.04791666666666667,,3.118617564439504,,duplicate frame,-0.19320673395657975,0.0,30.0,29.978079052991234,0.021920947008766234,-0.2,1.7,352.0,0.08089833601843566,10.0,-9.5,9.5,0.10526315789473684,-10.0,-5.0,-5.0,0.0,-0.5,-0.5,-0.5,0.0,0.13140870002098382,-0.5,-10.0,-1.2407870608225415,-0.19830266795462959,-0.03838961329864146,0.3838961329864146,1662.856890927836,1652,-2.79375,-2.79375,0,0,bbox fill,False,,True,,1500,1542,1652,1479,2000,2000,1000,1000
57,589224215040656,1.1400080530438572,commit_complete,align,0,127143,4220351278207,589224.206556438,0.00848421803675592,True,True,0.0,214,387,22,23,-0.296875,-0.6604166666666667,0.04791666666666667,22.494443758403985,3.1125446277694113,0.0011133951912638551,,-0.19054384760388424,0.0,30.0,29.991515781963244,0.00848421803675592,-0.2,1.7,352.0,0.1009108810685575,10.0,-9.5,9.5,0.10526315789473684,-10.0,-5.0,-5.0,0.0,-0.5,-0.5,-0.5,0.0,0.15142124507110566,-0.5,-10.0,-1.2708058783977243,-0.19830266795462959,-0.03838961329864146,0.3838961329864146,1662.8869097454112,1652,-2.6687499999999997,-2.6687499999999997,0,0,bbox fill,False,,True,,1500,1542,1652,1480,2000,2000,1000,1000
58,589224235039838,1.1600072350120172,commit_complete,align,0,127143,4220351278207,589224.206556438,0.028483400004915893,False,True,0.0,214,387,22,23,-0.296875,-0.6604166666666667,0.04791666666666667,,3.1125446277694113,,duplicate frame,-0.19054384760388424,0.0,30.0,29.971516599995084,0.028483400004915893,-0.2,1.7,352.0,0.12091006303671747,10.0,-9.5,9.5,0.10526315789473684,-10.0,-5.0,-5.0,0.0,-0.5,-0.5,-0.5,0.0,0.17142042703926563,-0.5,-10.0,-1.3008046513499643,-0.19830266795462959,-0.03838961329864146,0.3838961329864146,1662.9169085183635,1652,-2.6687499999999997,-2.6687499999999997,0,0,bbox fill,False,,True,,1500,1542,1652,1480,2000,2000,1000,1000
59,589224255012955,1.1799803520552814,commit_complete,align,0,127144,4220384124013,589224.240033052,0.014979903004132211,True,True,0.0,218,389,22,23,-0.284375,-0.66875,0.04791666666666667,22.494443758403985,3.108651729326367,0.007102469719024729,,-0.17357087725585696,0.0,30.0,29.985020096995868,0.014979903004132211,-0.2,1.7,352.0,0.14088318007998168,10.0,-9.5,9.5,0.10526315789473684,-10.0,-5.0,-5.0,0.0,-0.5,-0.5,-0.5,0.0,0.19139354408252984,-0.5,-10.0,-1.3307643269148606,-0.19830266795462959,-0.03838961329864146,0.3838961329864146,1662.9468681939284,1652,-2.54375,-2.54375,0,0,bbox fill,False,,True,,1500,1542,1652,1481,2000,2000,1000,1000
60,589224274997786,1.1999651830410585,commit_complete,align,0,127145,4220417316594,589224.273499011,0.001498775091022253,True,True,0.0,221,391,22,23,-0.275,-0.6770833333333334,0.04791666666666667,22.494443758403985,3.1064918758886577,0.010425321161654288,,-0.14864926376041698,0.0,30.0,29.998501224908978,0.001498775091022253,-0.2,1.7,352.0,0.16086801106575876,10.0,-9.5,9.5,0.10526315789473684,-10.0,-5.0,-5.0,0.0,-0.5,-0.5,-0.5,0.0,0.009704524069093168,-0.5,-10.0,-1.3607415733935262,0.0,-0.03071169063891317,0.3071169063891317,1662.0536246670044,1651,-2.45,-2.45,0,0,bbox fill,False,,True,,1500,1542,1651,1482,2000,2000,1000,1000
61,589224295006784,1.2199741810327396,commit_complete,align,0,127145,4220417316594,589224.273499011,0.021507773082703352,False,True,0.0,221,391,22,23,-0.275,-0.6770833333333334,0.04791666666666667,,3.1064918758886577,,duplicate frame,-0.14864926376041698,0.0,30.0,29.978492226917297,0.021507773082703352,-0.1,0.9,350.0,0.01957354205660522,10.0,-9.5,9.5,0.10526315789473684,-10.0,-5.0,-5.0,0.0,-0.5,-0.5,-0.5,0.0,0.029713522060774267,-0.5,-10.0,-1.3907550703810478,0.0,-0.03071169063891317,0.3071169063891317,1662.083638163992,1651,-2.45,-2.45,0,0,bbox fill,False,,True,,1500,1542,1651,1482,2000,2000,1000,1000
62,589224315041827,1.2400092240422964,commit_complete,align,0,127146,4220450333214,589224.306925858,0.008115969016216695,True,True,0.0,224,393,22,24,-0.265625,-0.6875,0.05,22.978250586152114,3.1130817994412276,0.033025142172158795,,-0.06961065842135128,0.0,30.0,29.991884030983783,0.008115969016216695,-0.1,0.9,350.0,0.03960858506616205,10.0,-9.5,9.5,0.10526315789473684,-10.0,-5.0,-5.0,0.0,-0.5,-0.5,-0.5,0.0,0.0497485650703311,-0.5,-10.0,-1.420807634895383,0.0,-0.03071169063891317,0.3071169063891317,1662.1136907285063,1651,-2.35625,-2.35625,0,0,bbox fill,False,,True,,1500,1542,1651,1482,2000,2000,1000,1000
63,589224335019476,1.259986873017624,commit_complete,align,0,127146,4220450333214,589224.306925858,0.028093617991544306,False,True,0.0,224,393,22,24,-0.265625,-0.6875,0.05,,3.1130817994412276,,duplicate frame,-0.06961065842135128,0.0,30.0,29.971906382008456,0.028093617991544306,-0.1,0.9,350.0,0.05958623404148966,10.0,-9.5,9.5,0.10526315789473684,-10.0,-5.0,-5.0,0.0,-0.5,-0.5,-0.5,0.0,0.06972621404565871,-0.5,-10.0,-1.4507741083583745,0.0,-0.03071169063891317,0.3071169063891317,1662.1436572019693,1651,-2.35625,-2.35625,0,0,bbox fill,False,,True,,1500,1542,1651,1482,2000,2000,1000,1000
64,589224355022715,1.2799901120597497,commit_complete,align,0,127147,4220483427521,589224.340383216,0.014639499015174806,True,True,0.0,227,396,22,23,-0.25625,-0.6979166666666666,0.04791666666666667,22.494443758403985,3.111633244093645,0.0025155239232117488,,-0.06359578080472375,0.0,30.0,29.985360500984825,0.014639499015174806,-0.1,0.9,350.0,0.0795894730836153,10.0,-9.5,9.5,0.10526315789473684,-10.0,-5.0,-5.0,0.0,-0.5,-0.5,-0.5,0.0,0.08972945308778435,-0.5,-10.0,-1.480778966921563,0.0,-0.03071169063891317,0.3071169063891317,1662.1736620605325,1651,-2.2624999999999997,-2.2624999999999997,0,0,bbox fill,False,,True,,1500,1542,1651,1483,2000,2000,1000,1000
65,589224375027796,1.2999951930250973,commit_complete,align,0,127148,4220516351150,589224.373846279,0.0011815170291811228,True,True,0.0,229,398,22,24,-0.25,-0.7083333333333334,0.05,22.978250586152114,3.1182701870587346,0.025043007375993742,,-0.0037255712846715125,0.0,30.0,29.99881848297082,0.0011815170291811228,-0.1,0.9,350.0,0.09959455404896289,10.0,-9.5,9.5,0.10526315789473684,-10.0,-5.0,-5.0,0.0,-0.5,-0.5,-0.5,0.0,0.10973453405313194,-0.5,-10.0,-1.5107865883695843,0.0,-0.03071169063891317,0.3071169063891317,1662.2036696819805,1651,-2.2,-2.2,1,0,bbox fill,False,,True,,1500,1542,1651,1484,2000,2000,1000,1000
66,589224394992818,1.319960215012543,commit_complete,align,0,127148,4220516351150,589224.373846279,0.021146539016626775,False,True,0.0,229,398,22,24,-0.25,-0.7083333333333334,0.05,,3.1182701870587346,,duplicate frame,-0.0037255712846715125,0.0,30.0,29.978853460983373,0.021146539016626775,0.0,0.3,349.0,0.008683157037012279,10.0,-9.5,9.5,0.10526315789473684,-10.0,-5.0,-5.0,0.0,-0.5,-0.5,-0.5,0.0,0.1296995560405776,-0.5,-10.0,-1.5407341213507528,0.0,-0.03071169063891317,0.3071169063891317,1662.2336172149617,1651,-2.2,-2.2,1,0,bbox fill,False,,True,,1500,1542,1651,1484,2000,2000,1000,1000
67,589224415035148,1.3400025450391695,commit_complete,align,0,127149,4220549584236,589224.407304837,0.007730311015620828,True,True,0.0,230,399,23,24,-0.2453125,-0.7125,0.05,23.49468024894146,3.13166550572871,0.03862848832282717,,0.08863582286967292,0.08863582286967292,11.282120113787016,11.274389802771395,0.007730311015620828,0.0,0.3,349.0,0.028725487063638866,10.0,-9.5,9.5,0.10526315789473684,-10.0,-5.0,-5.0,0.0,-0.5,-0.5,-0.5,0.0,0.018590250052511692,-0.5,-10.0,-1.5707976163906927,0.0,-0.024569352511130536,0.24569352511130538,1662.3251040912794,1651,-2.1531249999999997,-2.1531249999999997,2,0,bbox fill,False,,True,,1500,1542,1651,1484,2000,2000,1000,1000
68,589224435035144,1.3600025409832597,commit_complete,align,0,127149,4220549584236,589224.407304837,0.027730306959711015,False,True,0.0,230,399,23,24,-0.2453125,-0.7125,0.05,,3.13166550572871,,duplicate frame,0.08863582286967292,0.08863582286967292,11.282120113787016,11.254389806827305,0.027730306959711015,0.0,0.3,349.0,0.048725483007729053,10.0,-9.5,9.5,0.10526315789473684,-10.0,-5.0,-5.0,0.0,-0.5,-0.5,-0.5,0.0,0.03859024599660188,-0.5,-10.0,-1.600797610306828,0.0,-0.024569352511130536,0.24569352511130538,1662.3551040851955,1651,-2.1531249999999997,-2.1531249999999997,2,0,bbox fill,False,,True,,1500,1542,1651,1484,2000,2000,1000,1000
69,589224455017259,1.3799846559995785,commit_complete,align,0,127150,4220582431110,589224.440759509,0.014257750008255243,True,True,0.0,232,400,22,24,-0.240625,-0.7166666666666667,0.05,22.978250586152114,3.1346018619184113,-8.264625427800709e-05,,0.08843819126985902,0.08843819126985902,11.307332111175977,11.293074361167722,0.014257750008255243,0.0,0.3,349.0,0.06870759802404791,10.0,-9.5,9.5,0.10526315789473684,-10.0,-5.0,-5.0,0.0,-0.5,-0.5,-0.5,0.0,0.05857236101292074,-0.5,-10.0,-1.6307707828313063,0.0,-0.024569352511130536,0.24569352511130538,1662.38507725772,1651,-2.10625,-2.10625,3,0,bbox fill,False,,True,,1500,1542,1651,1484,2000,2000,1000,1000
70,589224475029262,1.399996659019962,commit_complete,align,0,127151,4220616102353,589224.474269786,0.0007594759808853269,True,True,0.0,233,400,22,24,-0.2375,-0.7166666666666667,0.05,22.978250586152114,3.136509392284749,-0.003017308356335846,,0.08123488858862825,0.08123488858862825,12.30998179937168,12.309222323390795,0.0007594759808853269,0.0,0.3,349.0,0.08871960104443133,10.0,-9.5,9.5,0.10526315789473684,-10.0,-5.0,-5.0,0.0,-0.5,-0.5,-0.5,0.0,0.07858436403330415,-0.5,-10.0,-1.6607887873618814,0.0,-0.024569352511130536,0.24569352511130538,1662.4150952622506,1651,-2.0749999999999997,-2.0749999999999997,4,0,bbox fill,False,,True,,1500,1542,1651,1485,2000,2000,1000,1000
71,589224495023757,1.4199911539908499,commit_complete,align,0,127151,4220616102353,589224.474269786,0.020753970951773226,False,True,0.0,233,400,22,24,-0.2375,-0.7166666666666667,0.05,,3.136509392284749,,duplicate frame,0.08123488858862825,0.08123488858862825,12.30998179937168,12.289227828419907,0.020753970951773226,0.0,0.3,349.0,0.10871409601531923,10.0,-9.5,9.5,0.10526315789473684,-10.0,-5.0,-5.0,0.0,-0.5,-0.5,-0.5,0.0,0.09857885900419205,-0.5,-10.0,-1.6907805298182133,0.0,-0.024569352511130536,0.24569352511130538,1662.445087004707,1651,-2.0749999999999997,-2.0749999999999997,4,0,bbox fill,False,,True,,1500,1542,1651,1485,2000,2000,1000,1000
72,589224515035258,1.4400026550283656,commit_complete,tracking,0,127152,4220648884706,589224.507707385,0.0073278730269521475,True,True,0.0,233,399,22,24,-0.2375,-0.7125,0.05,22.978250586152114,3.137588549390827,-0.00467755005799475,,0.0,0.0,30.0,29.992672126973048,0.0073278730269521475,0.0,0.3,349.0,0.12872559705283493,10.0,-9.5,9.5,0.10526315789473684,-10.0,-6.644274831411544,-5.1000575051875785,-0.31674403533576617,-0.5,-0.8167440353357662,-0.5100057505187578,0.0,0.11859036004170775,-0.5100057505187578,-10.200115010375157,-1.7213984716351485,0.0,-0.024569352511130536,0.24569352511130538,1662.675819956899,1651,-2.0749999999999997,-2.0749999999999997,5,0,bbox fill,False,,True,,1500,1543,1651,1485,2000,2000,1000,1000
73,589224535023670,1.459991066949442,commit_complete,tracking,0,127152,4220648884706,589224.507707385,0.027316284948028624,False,True,0.0,233,399,22,24,-0.2375,-0.7125,0.05,,3.137588549390827,,duplicate frame,0.0,0.0,30.0,29.97268371505197,0.027316284948028624,0.0,0.6,349.0,0.007590487948618829,10.0,-9.5,9.5,0.10526315789473684,-10.0,-6.644210905732637,-5.199999564792961,-0.3169552680138949,-0.5,-0.816955268013895,-0.5199999564792961,0.0,0.13857877196278423,-0.5199999564792961,-10.399999129585922,-1.7525803916222986,0.0,-0.024569352511130536,0.24569352511130538,1662.906885996097,1651,-2.0749999999999997,-2.0749999999999997,5,0,bbox fill,False,,True,,1500,1543,1651,1485,2000,2000,1000,1000
74,589224555012868,1.4799802650231868,commit_complete,tracking,0,127153,4220682295353,589224.541227252,0.013785616029053926,True,True,0.0,233,397,22,24,-0.2375,-0.7041666666666667,0.05,22.978250586152114,3.1365244067526334,-0.00304040753769641,,-0.007256371365332179,0.0,30.0,29.986214383970946,0.013785616029053926,0.0,0.6,349.0,0.027579686022363603,10.0,-9.5,9.5,0.10526315789473684,-10.0,-6.691913729664811,-5.299945555161685,-0.31681224840032496,-0.5,-0.816812248400325,-0.5299945555161685,0.0,0.007350926985964179,-0.5299945555161685,-10.59989111032337,-1.7843628900669557,0.0,-0.019655482008904428,0.1965548200890443,1663.1876991803013,1651,-2.0749999999999997,-2.0749999999999997,5,0,bbox fill,False,,True,,1500,1544,1651,1485,2000,2000,1000,1000
75,589224574990694,1.4999580909498036,commit_complete,tracking,0,127154,4220715053441,589224.574686235,0.00030445889569818974,True,True,0.0,233,395,22,24,-0.2375,-0.6958333333333333,0.05,22.978250586152114,3.135674900013524,-0.0017334740929131343,,-0.01140108572154802,0.0,30.0,29.999695541104302,0.00030445889569818974,0.0,0.6,349.0,0.04755751194898039,10.0,-9.5,9.5,0.10526315789473684,-10.0,-6.739618854072188,-5.399834684794769,-0.3166698804320699,-0.5,-0.8166698804320699,-0.5399834684794769,0.0,0.027328752912580967,-0.5399834684794769,-10.799669369589537,-1.816725977276557,0.0,-0.019655482008904428,0.1965548200890443,1663.419840526777,1651,-2.0749999999999997,-2.0749999999999997,5,0,bbox fill,False,,True,,1500,1545,1651,1485,2000,2000,1000,1000
76,589224595022496,1.5199898929568008,commit_complete,tracking,0,127154,4220715053441,589224.574686235,0.020336260902695358,False,True,0.0,233,395,22,24,-0.2375,-0.6958333333333333,0.05,,3.135674900013524,,duplicate frame,-0.01140108572154802,0.0,30.0,29.979663739097305,0.020336260902695358,0.0,0.6,349.0,0.06758931395597756,10.0,-9.5,9.5,0.10526315789473684,-10.0,-6.739551107389714,-5.4999936948297545,-0.31688147281020995,-0.5,-0.81688147281021,-0.5499993694829755,0.0,0.047360554919578135,-0.5499993694829755,-10.999987389659509,-1.8497784126969257,0.0,-0.019655482008904428,0.1965548200890443,1662.6532109822674,1650,-2.0749999999999997,-2.0749999999999997,5,0,bbox fill,False,,True,,1500,1546,1650,1485,2000,2000,1000,1000
77,589224615018264,1.5399856610456482,commit_complete,tracking,0,127155,4220748379093,589224.608163213,0.0068550510331988335,True,True,0.0,232,393,22,23,-0.240625,-0.6854166666666667,0.04791666666666667,22.494443758403985,3.127584514102086,-0.022024891474389463,,-0.06403401215067905,0.0,30.0,29.9931449489668,0.0068550510331988335,0.0,0.6,349.0,0.08758508204482496,10.0,-9.5,9.5,0.10526315789473684,-10.0,-6.799171940014112,-5.5999725352739915,-0.31673904207658804,-0.5,-0.8167390420765881,-0.5599972535273992,0.0,0.06735632300842553,-0.5599972535273992,-11.199945070547983,-1.8833711383327016,0.0,-0.019655482008904428,0.1965548200890443,1662.8867613887917,1650,-2.10625,-2.10625,5,0,bbox fill,False,,True,,1500,1547,1650,1484,2000,2000,1000,1000
78,589224635019461,1.5599868580466136,commit_complete,tracking,0,127155,4220748379093,589224.608163213,0.02685624803416431,False,True,0.0,232,393,22,23,-0.240625,-0.6854166666666667,0.04791666666666667,,3.127584514102086,,duplicate frame,-0.06403401215067905,0.0,30.0,29.973143751965836,0.02685624803416431,0.0,0.6,349.0,0.10758627904579043,10.0,-9.5,9.5,0.10526315789473684,-10.0,-6.799101949788346,-5.699978520278819,-0.31695040328817453,-0.5,-0.8169504032881745,-0.5699978520278819,0.0,0.08735752000939101,-0.5699978520278819,-11.399957040557638,-1.9175730563183122,0.0,-0.019655482008904428,0.1965548200890443,1663.1209752767868,1650,-2.10625,-2.10625,5,0,bbox fill,False,,True,,1500,1547,1650,1484,2000,2000,1000,1000
79,589224655016163,1.5799835600191727,commit_complete,tracking,0,127156,4220780821124,589224.641627064,0.013389099040068686,True,True,0.0,231,391,22,23,-0.24375,-0.6770833333333334,0.04791666666666667,22.494443758403985,3.121181015276048,-0.012173354818945992,,-0.09313611359399761,0.0,30.0,29.98661090095993,0.013389099040068686,0.0,1.4,350.0,0.0065139130456373096,10.0,-9.5,9.5,0.10526315789473684,-10.0,-6.846808664104934,-5.799962030141614,-0.3168080591493548,-0.5,-0.8168080591493547,-0.5799962030141614,0.0,0.1073542219819501,-0.5799962030141614,-11.599924060283229,-1.9523670899689824,0.0,-0.019655482008904428,0.1965548200890443,1663.3557363301632,1650,-2.1375,-2.1375,5,0,bbox fill,False,,True,,1500,1548,1650,1484,2000,2000,1000,1000
80,589224675023760,1.5999911569524556,commit_complete,tracking,0,127156,4220780821124,589224.641627064,0.0333966959733516,False,True,0.0,231,391,22,23,-0.24375,-0.6770833333333334,0.04791666666666667,,3.121181015276048,,duplicate frame,-0.09313611359399761,0.0,30.0,29.96660330402665,0.0333966959733516,0.0,1.4,350.0,0.02652150997892022,10.0,-9.5,9.5,0.10526315789473684,-10.0,-6.846736765496096,-5.900000014808029,-0.3170195802179379,-0.5,-0.8170195802179379,-0.5900000014808029,0.0,0.12736181891523302,-0.5900000014808029,-11.800000029616058,-1.9877805366297752,0.0,-0.019655482008904428,0.1965548200890443,1663.5912257461569,1650,-2.1375,-2.1375,5,0,bbox fill,False,,True,,1500,1549,1650,1484,2000,2000,1000,1000
81,589224695030582,1.6199979790253565,commit_complete,tracking,0,127157,4220814101860,589224.67537905,0.019651532056741416,True,True,0.0,230,388,22,24,-0.246875,-0.6666666666666666,0.05,22.978250586152114,3.1238162158572846,0.016510655378224826,,-0.054002048100237836,0.0,30.0,29.98034846794326,0.019651532056741416,0.0,1.4,350.0,0.04652833205182105,10.0,-9.5,9.5,0.10526315789473684,-10.0,-6.90635991737782,-6.000034125172533,-0.3168742354732119,-0.5,-0.8168742354732119,-0.6000034125172533,0.0,0.14736864098813385,-0.6000034125172533,-12.000068250345066,-2.023793021181873,0.0,-0.019655482008904428,0.1965548200890443,1663.8273064514378,1650,-2.16875,-2.16875,5,0,bbox fill,False,,True,,1500,1550,1650,1484,2000,2000,1000,1000
82,589224715022065,1.6399894619826227,commit_complete,tracking,0,127159,4220880253500,589224.708658262,0.006363802938722074,True,True,0.0,227,386,22,24,-0.25625,-0.6583333333333333,0.05,22.978250586152114,3.1264042453085326,0.012529071607073838,,-0.023883374427964458,0.0,30.0,29.993636197061278,0.006363802938722074,0.0,1.4,350.0,0.06651981500908732,10.0,-9.5,9.5,0.10526315789473684,-10.0,-6.954069403244103,-6.0999915399588645,-0.3167338543944463,-0.5,-0.8167338543944462,-0.6099991539958864,0.0,0.006004133960232139,-0.6099991539958864,-12.199983079917729,-2.06037738425504,0.0,-0.015724385607123543,0.15724385607123542,1664.1031166081016,1650,-2.2624999999999997,-2.2624999999999997,5,0,bbox fill,False,,True,,1500,1551,1650,1483,2000,2000,1000,1000
83,589224735011912,1.6599793089553714,commit_complete,tracking,0,127159,4220880253500,589224.708658262,0.02635364991147071,False,True,0.0,227,386,22,24,-0.25625,-0.6583333333333333,0.05,,3.1264042453085326,,duplicate frame,-0.023883374427964458,0.0,30.0,29.97364635008853,0.02635364991147071,0.0,1.4,350.0,0.08650966198183596,10.0,-9.5,9.5,0.10526315789473684,-10.0,-6.953993433024497,-6.199940774822608,-0.31694508866359333,-0.5,-0.8169450886635934,-0.6199940774822608,0.0,0.025993980932980776,-0.6199940774822608,-12.399881549645215,-2.0975581444536826,0.0,-0.015724385607123543,0.15724385607123542,1664.3401958380277,1650,-2.2624999999999997,-2.2624999999999997,5,0,bbox fill,False,,True,,1500,1552,1650,1483,2000,2000,1000,1000
84,589224755026238,1.6799936350435019,commit_complete,tracking,0,127160,4220913775734,589224.742169292,0.012856946093961596,True,True,0.0,225,386,23,24,-0.2609375,-0.6583333333333333,0.05,23.49468024894146,3.136513435840481,0.031170134304717934,,0.0505282670942134,0.0505282670942134,19.79090235046913,19.778045404375167,0.012856946093961596,0.0,1.6,350.0,0.015682300087064505,10.0,-9.5,9.5,0.10526315789473684,-10.0,-6.895231984756013,-6.30001240526326,-0.4803305789710885,-0.5,-0.9803305789710886,-0.630001240526326,0.0,0.04600830702111125,-0.630001240526326,-12.60002481052652,-2.1353852952451446,0.0,-0.015724385607123543,0.15724385607123542,1663.5781662497004,1649,-2.3093749999999997,-2.3093749999999997,5,0,bbox fill,False,,True,,1500,1553,1649,1483,2000,2000,1000,1000
85,589224775032679,1.700000075972639,commit_complete,tracking,0,127160,4220913775734,589224.742169292,0.03286338702309877,False,True,0.0,225,386,23,24,-0.2609375,-0.6583333333333333,0.05,,3.136513435840481,,duplicate frame,0.0505282670942134,0.0505282670942134,19.79090235046913,19.75803896344603,0.03286338702309877,0.0,1.6,350.0,0.035688741016201675,10.0,-9.5,9.5,0.10526315789473684,-10.0,-6.895057062431604,-6.400044609908946,-0.4808169483609061,-0.5,-0.9808169483609062,-0.6400044609908946,0.0,0.06601474795024842,-0.6400044609908946,-12.800089219817892,-2.1737979295747403,0.0,-0.015724385607123543,0.15724385607123542,1663.8166432933215,1649,-2.3093749999999997,-2.3093749999999997,5,0,bbox fill,False,,True,,1500,1553,1649,1483,2000,2000,1000,1000
86,589224794987698,1.7199550949735567,commit_complete,tracking,0,127161,4220945598316,589224.775516952,0.019470745930448174,True,True,0.0,224,387,22,24,-0.265625,-0.6625,0.05,22.978250586152114,3.136920832604422,-0.0036502934635249673,,0.0417713265393851,0.0417713265393851,23.939866957711434,23.920396211780986,0.019470745930448174,0.0,1.6,350.0,0.05564376001711935,10.0,-9.5,9.5,0.10526315789473684,-10.0,-6.90167017723843,-6.499819704913534,-0.3971506122177514,-0.5,-0.8971506122177514,-0.6499819704913534,0.0,0.0859697669511661,-0.6499819704913534,-12.999639409827068,-2.2127091372889667,0.0,-0.015724385607123543,0.15724385607123542,1664.0551046910448,1649,-2.35625,-2.35625,5,0,bbox fill,False,,True,,1500,1554,1649,1482,2000,2000,1000,1000
87,589224815022731,1.7399901279713959,commit_complete,tracking,0,127162,4220978376255,589224.809004395,0.006018335931003094,True,True,0.0,222,389,22,23,-0.271875,-0.66875,0.04791666666666667,22.494443758403985,3.129551688013846,-0.025051312877097498,,-0.018075136814963248,0.0,30.0,29.993981664068997,0.006018335931003094,0.0,1.6,350.0,0.0756787930149585,10.0,-9.5,9.5,0.10526315789473684,-10.0,-6.89449538859531,-6.59999486990273,-0.3167302062926988,-0.5,-0.8167302062926989,-0.659999486990273,0.0,0.10600479994900525,-0.659999486990273,-13.19998973980546,-2.2523784717901876,0.0,-0.015724385607123543,0.15724385607123542,1664.2951243555244,1649,-2.4187499999999997,-2.4187499999999997,5,0,bbox fill,False,,True,,1500,1555,1649,1482,2000,2000,1000,1000
88,589224835018138,1.7599855350563303,commit_complete,tracking,0,127162,4220978376255,589224.809004395,0.026013743015937507,False,True,0.0,222,389,22,23,-0.271875,-0.66875,0.04791666666666667,,3.129551688013846,,duplicate frame,-0.018075136814963248,0.0,30.0,29.973986256984062,0.026013743015937507,0.0,1.6,350.0,0.09567420009989291,10.0,-9.5,9.5,0.10526315789473684,-10.0,-6.894421715738334,-6.699971905327402,-0.31694149448628844,-0.5,-0.8169414944862885,-0.6699971905327402,0.0,0.12600020703393966,-0.6699971905327402,-13.399943810654804,-2.292569071501581,0.0,-0.015724385607123543,0.15724385607123542,1664.5352690260852,1649,-2.4187499999999997,-2.4187499999999997,5,0,bbox fill,False,,True,,1500,1556,1649,1482,2000,2000,1000,1000
89,589224855013204,1.7799806010443717,commit_complete,tracking,0,127163,4221011532749,589224.842458805,0.01255439908709377,True,True,0.0,220,391,22,23,-0.278125,-0.6770833333333334,0.04791666666666667,22.494443758403985,3.123459463860704,-0.01567866033380172,,-0.05556773733669798,0.0,30.0,29.987445600912906,0.01255439908709377,0.1,1.2,351.0,0.0047350190579891205,10.0,-9.5,9.5,0.10526315789473684,-10.0,-6.846811661569047,-6.799947235267609,-0.3167992408033178,-0.5,-0.8167992408033178,-0.6799947235267609,0.0,0.14599527302198112,-0.6799947235267609,-13.599894470535219,-2.333358689606894,0.0,-0.015724385607123543,0.15724385607123542,1664.7760093040708,1649,-2.48125,-2.48125,5,0,bbox fill,False,,True,,1500,1557,1649,1481,2000,2000,1000,1000
90,589224875030512,1.7999979089945555,commit_complete,tracking,0,127163,4221011532749,589224.842458805,0.03257170703727752,False,True,0.0,220,391,22,23,-0.278125,-0.6770833333333334,0.04791666666666667,,3.123459463860704,,duplicate frame,-0.05556773733669798,0.0,30.0,29.967428292962722,0.03257170703727752,0.1,1.2,351.0,0.02475232700817287,10.0,-9.5,9.5,0.10526315789473684,-10.0,-6.846739732045542,-6.846739732045542,-0.3170108528208573,-0.5,-0.8170108528208573,-0.6900033775018528,0.0,0.16601258097216487,-0.6900033775018528,-13.800067550037056,-2.3747947198892585,0.0,-0.015724385607123543,0.15724385607123542,1665.0176184138552,1649,-2.48125,-2.48125,5,0,bbox fill,False,,True,,1500,1557,1649,1481,2000,2000,1000,1000
91,589224895018480,1.8199858770240098,commit_complete,tracking,0,127164,4221044608805,589224.875939896,0.01907858403865248,True,True,0.0,219,393,22,23,-0.28125,-0.6854166666666667,0.04791666666666667,22.494443758403985,3.118683264127968,-0.008330660744976903,,-0.07547308806255164,0.0,30.0,29.980921415961348,0.01907858403865248,0.1,1.2,351.0,0.04474029503762722,10.0,-9.5,9.5,0.10526315789473684,-10.0,-6.7991291772787985,-6.7991291772787985,-0.31686817987329624,-0.5,-0.8168681798732962,-0.69999736151658,0.0,0.004399550030939281,-0.69999736151658,-13.9999472303316,-2.416769294537346,0.0,-0.012579508485698835,0.12579508485698834,1664.290921440012,1648,-2.5124999999999997,-2.5124999999999997,5,0,bbox fill,False,,True,,1500,1557,1648,1481,2000,2000,1000,1000
92,589224915028609,1.8399960059905425,commit_complete,tracking,0,127165,4221077514210,589224.909365968,0.005662641022354364,True,True,0.0,217,394,22,24,-0.2875,-0.6916666666666667,0.05,22.978250586152114,3.1225961715634503,0.01838764659950831,,-0.03146517326130765,0.0,30.0,29.994337358977646,0.005662641022354364,0.1,1.2,351.0,0.06475042400415987,10.0,-9.5,9.5,0.10526315789473684,-10.0,-6.7634308889464805,-6.7634308889464805,-0.316726450273006,-0.5,-0.816726450273006,-0.7100024259998463,0.0,0.02440967899747193,-0.7100024259998463,-14.200048519996926,-2.45939101486977,0.0,-0.012579508485698835,0.12579508485698834,1664.5336444500097,1648,-2.5749999999999993,-2.5749999999999993,5,0,bbox fill,False,,True,,1500,1556,1648,1481,2000,2000,1000,1000
93,589224935005484,1.8599728810368106,commit_complete,tracking,0,127165,4221077514210,589224.909365968,0.02563951606862247,False,True,0.0,217,394,22,24,-0.2875,-0.6916666666666667,0.05,,3.1225961715634503,,duplicate frame,-0.03146517326130765,0.0,30.0,29.974360483931378,0.02563951606862247,0.1,1.2,351.0,0.08472729905042797,10.0,-9.5,9.5,0.10526315789473684,-10.0,-6.763362378178899,-6.763362378178899,-0.3169375375028518,-0.5,-0.8169375375028518,-0.7199908635229804,0.0,0.044386554043740034,-0.7199908635229804,-14.399817270459607,-2.5025405174149298,0.0,-0.012579508485698835,0.12579508485698834,1664.7765627030176,1648,-2.5749999999999993,-2.5749999999999993,5,0,bbox fill,False,,True,,1500,1556,1648,1481,2000,2000,1000,1000
94,589224954996429,1.8799638260388747,commit_complete,tracking,0,127166,4221110415504,589224.942827678,0.012168750981800258,True,True,0.0,216,396,22,24,-0.290625,-0.7,0.05,22.978250586152114,3.1260949901362203,0.013004848795246993,,-0.00037328044243749997,0.0,30.0,29.9878312490182,0.012168750981800258,0.1,1.2,351.0,0.10471824405249208,10.0,-9.5,9.5,0.10526315789473684,-10.0,-6.715748894721095,-6.715748894721095,-0.31679516671653374,-0.5,-0.8167951667165337,-0.7299863360240124,0.0,0.06437749904580414,-0.7299863360240124,-14.599726720480248,-2.546319867502073,0.0,-0.012579508485698835,0.12579508485698834,1665.0202515031253,1648,-2.60625,-2.60625,5,0,bbox fill,False,,True,,1500,1556,1648,1481,2000,2000,1000,1000
95,589224975022789,1.8999901859788224,commit_complete,tracking,0,127166,4221110415504,589224.942827678,0.03219511092174798,False,True,0.0,216,396,22,24,-0.290625,-0.7,0.05,,3.1260949901362203,,duplicate frame,-0.00037328044243749997,0.0,30.0,29.967804889078252,0.03219511092174798,0.1,0.7,351.0,0.0037961569614708424,10.0,-9.5,9.5,0.10526315789473684,-10.0,-6.715682041354613,-6.715682041354613,-0.31700686904372727,-0.5,-0.8170068690437273,-0.7399995159939863,0.0,0.08440385898575187,-0.7399995159939863,-14.799990319879726,-2.590778357490121,0.0,-0.012579508485698835,0.12579508485698834,1664.264973592513,1647,-2.60625,-2.60625,5,0,bbox fill,False,,True,,1500,1556,1647,1481,2000,2000,1000,1000
96,589224994986651,1.9199540480040014,commit_complete,tracking,0,127167,4221143240435,589224.976211302,0.018775349017232656,True,True,0.0,215,397,22,24,-0.29375,-0.7041666666666667,0.05,22.978250586152114,3.129045493292097,0.008465613170820951,,0.019913584012181282,0.019913584012181282,30.0,29.981224650982767,0.018775349017232656,0.1,0.7,351.0,0.02376001898664981,10.0,-9.5,9.5,0.10526315789473684,-10.0,-6.6918973104115045,-6.6918973104115045,-0.3168649750165758,-0.5,-0.8168649750165757,-0.7499814470065758,0.0,0.10436772101093084,-0.7499814470065758,-14.999628940131515,-2.6356959358785708,0.0,-0.012579508485698835,0.12579508485698834,1664.509529791153,1647,-2.6375,-2.6375,5,0,bbox fill,False,,True,,1500,1556,1647,1480,2000,2000,1000,1000
97,589225014989444,1.939956841059029,commit_complete,tracking,0,127168,4221176367815,589225.009683352,0.005306092090904713,True,True,0.0,214,397,22,24,-0.296875,-0.7041666666666667,0.05,22.978250586152114,3.131404676800045,0.004836100081670125,,0.031472123353187026,0.031472123353187026,30.0,29.994693907909095,0.005306092090904713,0.1,0.7,351.0,0.043762812041677535,10.0,-9.5,9.5,0.10526315789473684,-10.0,-6.691941619920872,-6.691941619920872,-0.31672268532452036,-0.5,-0.8167226853245204,-0.7599828435340896,0.0,0.12437051406595856,-0.7599828435340896,-15.199656870681792,-2.6813012745123226,0.0,-0.012579508485698835,0.12579508485698834,1664.755163060337,1647,-2.6687499999999997,-2.6687499999999997,5,0,bbox fill,False,,True,,1500,1556,1647,1480,2000,2000,1000,1000
98,589225035042276,1.960009673028253,commit_complete,tracking,0,127168,4221176367815,589225.009683352,0.02535892406012863,False,True,0.0,214,397,22,24,-0.296875,-0.7041666666666667,0.05,,3.131404676800045,,duplicate frame,0.031472123353187026,0.031472123353187026,30.0,29.97464107593987,0.02535892406012863,0.1,0.7,351.0,0.06381564401090145,10.0,-9.5,9.5,0.10526315789473684,-10.0,-6.6918756380848885,-6.6918756380848885,-0.31693457065697733,-0.5,-0.8169345706569773,-0.7700092595187016,0.0,0.14442334603518248,-0.7700092595187016,-15.400185190374032,-2.727623873399948,0.0,-0.012579508485698835,0.12579508485698834,1665.002013978917,1647,-2.6687499999999997,-2.6687499999999997,5,0,bbox fill,False,,True,,1500,1556,1647,1480,2000,2000,1000,1000
99,589225055019065,1.9799864620435983,commit_complete,tracking,0,127169,4221209518465,589225.043162151,0.011856914032250643,True,True,0.0,213,396,23,24,-0.2984375,-0.7,0.05,23.49468024894146,3.140968819799104,0.0243156974452976,,0.08957623255711514,0.08957623255711514,11.163675580599856,11.151818666567605,0.011856914032250643,0.1,0.7,351.0,0.08379243302624673,10.0,-9.5,9.5,0.10526315789473684,-10.0,-6.546775056422048,-6.546775056422048,-0.8518789879968507,-0.5,-1.3518789879968507,-0.7799976540263742,0.0,0.01300668902695179,-0.7799976540263742,-15.599953080527484,-2.7743694191007955,0.0,-0.010063606788559068,0.10063606788559068,1664.2736864317426,1646,-2.684375,-2.684375,5,0,bbox fill,False,,True,,1500,1555,1646,1480,2000,2000,1000,1000
100,589225075044319,2.0000117160379887,commit_complete,tracking,0,127169,4221209518465,589225.043162151,0.03188216802664101,False,True,0.0,213,396,23,24,-0.2984375,-0.7,0.05,,3.140968819799104,,duplicate frame,0.08957623255711514,0.08957623255711514,11.163675580599856,11.131793412573215,0.03188216802664101,0.0,0.9,351.0,0.0027919160202145576,10.0,-9.5,9.5,0.10526315789473684,-10.0,-6.546291119842005,-6.546291119842005,-0.853411453833654,-0.5,-1.3534114538336541,-0.7900102810235694,0.0,0.03303194302134216,-0.7900102810235694,-15.800205620471388,-2.8218298887078257,0.0,-0.010063606788559068,0.10063606788559068,1664.5213994412936,1646,-2.684375,-2.684375,5,0,bbox fill,False,,True,,1500,1555,1646,1480,2000,2000,1000,1000
101,589225095018093,2.019985490012914,commit_complete,tracking,0,127170,4221242518624,589225.076545778,0.01847231504507363,True,True,0.0,213,395,23,23,-0.2984375,-0.69375,0.04791666666666667,23.0,3.1409964551403258,-0.008464983401809345,,0.06929087911042975,0.06929087911042975,14.431913880126812,14.413441565081738,0.01847231504507363,0.0,0.9,351.0,0.022765689995139837,10.0,-9.5,9.5,0.10526315789473684,-10.0,-6.6411431432939,-6.6411431432939,-0.6591069840679044,-0.5,-1.1591069840679045,-0.799997168011032,0.0,0.05300571699626744,-0.799997168011032,-15.999943360220641,-2.8697667765511237,0.0,-0.010063606788559068,0.10063606788559068,1664.769074068886,1646,-2.684375,-2.684375,5,0,bbox fill,False,,True,,1500,1555,1646,1480,2000,2000,1000,1000
102,589225114992723,2.0399601199897006,commit_complete,tracking,0,127171,4221275516191,589225.110041015,0.004951708018779755,True,True,0.0,214,393,22,23,-0.296875,-0.6854166666666667,0.04791666666666667,22.494443758403985,3.1328002073381893,-0.030049034914548578,,-0.0024782142965761034,0.0,30.0,29.99504829198122,0.004951708018779755,0.0,0.9,351.0,0.04274031997192651,10.0,-9.5,9.5,0.10526315789473684,-10.0,-6.799178595521971,-6.741016293177833,-0.3167189433243786,-0.5,-0.8167189433243787,-0.8099844829994254,0.0,0.07298034697305411,-0.8099844829994254,-16.199689659988508,-2.9183041975556807,0.0,-0.010063606788559068,0.10063606788559068,1665.0173577896585,1646,-2.6687499999999997,-2.6687499999999997,5,0,bbox fill,False,,True,,1500,1556,1646,1480,2000,2000,1000,1000
103,589225135052598,2.0600199949694797,commit_complete,tracking,0,127171,4221275516191,589225.110041015,0.02501158299855888,False,True,0.0,214,393,22,23,-0.296875,-0.6854166666666667,0.04791666666666667,,3.1328002073381893,,duplicate frame,-0.0024782142965761034,0.0,30.0,29.97498841700144,0.02501158299855888,0.0,0.9,351.0,0.06280019495170563,10.0,-9.5,9.5,0.10526315789473684,-10.0,-6.799108408738091,-6.799108408738091,-0.31693089811543407,-0.5,-0.8169308981154341,-0.8169308981154341,0.0,0.09304022195283324,-0.8169308981154341,-16.338617962308682,-2.9674667926056237,0.0,-0.010063606788559068,0.10063606788559068,1664.2054486870288,1645,-2.6687499999999997,-2.6687499999999997,5,0,bbox fill,False,,True,,1500,1557,1645,1480,2000,2000,1000,1000
104,589225155014855,2.0799822519766167,commit_complete,tracking,0,127172,4221309754668,589225.143473498,0.011541356914676726,True,True,0.0,215,390,22,24,-0.29375,-0.675,0.05,22.978250586152114,3.1333581300610005,0.0018307873725076362,,0.0019026445646059716,0.0019026445646059716,30.0,29.988458643085323,0.011541356914676726,0.0,0.9,351.0,0.08276245195884258,10.0,-9.5,9.5,0.10526315789473684,-10.0,-6.858730236662513,-6.858730236662513,-0.3167885389864974,-0.5,-0.8167885389864974,-0.8167885389864974,0.0,0.11300247895997018,-0.8167885389864974,-16.33577077972995,-3.0163816208128207,0.0,-0.010063606788559068,0.10063606788559068,1665.2515163326573,1646,-2.6375,-2.6375,5,0,bbox fill,False,,True,,1500,1557,1646,1480,2000,2000,1000,1000
105,589225175007287,2.0999746839515865,commit_complete,tracking,0,127172,4221309754668,589225.143473498,0.03153378888964653,False,True,0.0,215,390,22,24,-0.29375,-0.675,0.05,,3.1333581300610005,,duplicate frame,0.0019026445646059716,0.0019026445646059716,30.0,29.968466211110353,0.03153378888964653,0.1,1.4,351.0,0.011958569986745715,10.0,-9.5,9.5,0.10526315789473684,-10.0,-6.85865793798931,-6.85865793798931,-0.3169998735697064,-0.5,-0.8169998735697064,-0.8169998735697064,0.0,0.0017999239498749375,-0.8169998735697064,-16.339997471394128,-3.0653830640005246,0.0,-0.008050885430847254,0.08050885430847254,1664.3248716810863,1645,-2.6375,-2.6375,5,0,bbox fill,False,,True,,1500,1557,1645,1480,2000,2000,1000,1000
106,589225194993805,2.1199612020282075,commit_complete,tracking,0,127173,4221341590405,589225.176989345,0.018004460027441382,True,True,0.0,216,388,22,24,-0.290625,-0.6666666666666666,0.05,22.978250586152114,3.1338160838718503,0.0011262430481240315,,0.004590908537596838,0.004590908537596838,30.0,29.98199553997256,0.018004460027441382,0.1,1.4,351.0,0.03194508806336671,10.0,-9.5,9.5,0.10526315789473684,-10.0,-6.906366025308868,-6.906366025308868,-0.31685682786972674,-0.5,-0.8168568278697268,-0.8168568278697268,0.0,0.021786442026495934,-0.8168568278697268,-16.337136557394537,-3.1143614352692133,0.0,-0.008050885430847254,0.08050885430847254,1664.3709891383553,1645,-2.60625,-2.60625,5,0,bbox fill,False,,True,,1500,1558,1645,1481,2000,2000,1000,1000
107,589225215013602,2.139980999054387,commit_complete,tracking,0,127174,4221374560525,589225.210389839,0.004623763030394912,True,True,0.0,217,386,23,23,-0.2859375,-0.65625,0.04791666666666667,23.0,3.1345031001904666,0.0015247934441280364,,0.008243054384464175,0.008243054384464175,30.0,29.995376236969605,0.004623763030394912,0.1,1.4,351.0,0.05196488508954644,10.0,-9.5,9.5,0.10526315789473684,-10.0,-6.965991109001499,-6.965991109001499,-0.31671548057767496,-0.5,-0.816715480577675,-0.816715480577675,0.0,0.041806239052675664,-0.816715480577675,-16.3343096115535,-3.163412869717125,0.0,-0.008050885430847254,0.08050885430847254,1664.4172136269622,1645,-2.559375,-2.559375,5,0,bbox fill,False,,True,,1500,1558,1645,1481,2000,2000,1000,1000
108,589225235013313,2.1599807100137696,commit_complete,tracking,0,127174,4221374560525,589225.210389839,0.024623473989777267,False,True,0.0,217,386,23,23,-0.2859375,-0.65625,0.04791666666666667,,3.1345031001904666,,duplicate frame,0.008243054384464175,0.008243054384464175,30.0,29.975376526010223,0.024623473989777267,0.1,1.4,351.0,0.0719645960489288,10.0,-9.5,9.5,0.10526315789473684,-10.0,-6.965914646682538,-6.965914646682538,-0.31692679462280193,-0.5,-0.8169267946228019,-0.8169267946228019,0.0,0.06180595001205802,-0.8169267946228019,-16.33853589245604,-3.2124277690194174,0.0,-0.008050885430847254,0.08050885430847254,1664.470454807167,1645,-2.559375,-2.559375,5,0,bbox fill,False,,True,,1500,1558,1645,1481,2000,2000,1000,1000
109,589225255198764,2.18016616103705,commit_complete,tracking,0,127175,4221409145027,589225.243897881,0.011300883023068309,True,True,0.0,219,384,23,23,-0.2796875,-0.6479166666666667,0.04791666666666667,23.0,3.135029526297092,0.0007149071262424478,,0.00994988554208544,0.00994988554208544,30.0,29.98869911697693,0.011300883023068309,0.1,1.4,351.0,0.09215004707220942,10.0,-9.5,9.5,0.10526315789473684,-10.0,-7.013625364510526,-7.013625364510526,-0.3167859987171616,-0.5,-0.8167859987171616,-0.8167859987171616,0.0,0.08199140103533864,-0.8167859987171616,-16.33571997434323,-3.2618893503402373,0.0,-0.008050885430847254,0.08050885430847254,1664.517100470375,1645,-2.4968749999999997,-2.4968749999999997,5,0,bbox fill,False,,True,,1500,1558,1645,1481,2000,2000,1000,1000
110,589225275009375,2.1999767719535157,commit_complete,tracking,0,127175,4221409145027,589225.243897881,0.03111149393953383,False,True,0.0,219,384,23,23,-0.2796875,-0.6479166666666667,0.04791666666666667,,3.135029526297092,,duplicate frame,0.00994988554208544,0.00994988554208544,30.0,29.968888506060466,0.03111149393953383,0.1,1.4,351.0,0.11196065798867494,10.0,-9.5,9.5,0.10526315789473684,-10.0,-7.013547754977052,-7.013547754977052,-0.3169954066891356,-0.5,-0.8169954066891356,-0.8169954066891356,0.0,0.10180201195180416,-0.8169954066891356,-16.339908133782714,-3.310444884707611,0.0,-0.008050885430847254,0.08050885430847254,1664.5698441641819,1645,-2.4968749999999997,-2.4968749999999997,5,0,bbox fill,False,,True,,1500,1558,1645,1481,2000,2000,1000,1000
111,589225295018410,2.219985806965269,commit_complete,tracking,0,127176,4221440490910,589225.277281562,0.01773684797808528,True,True,0.0,221,382,23,24,-0.2734375,-0.6416666666666667,0.05,23.49468024894146,3.142856006664628,0.021412333036798792,,0.0612619815424925,0.0612619815424925,16.323337489604064,16.30560064162598,0.01773684797808528,0.2,2.0,350.0,0.0008641689782962203,10.0,-9.5,9.5,0.10526315789473684,-10.0,-6.949098757629759,-6.949098757629759,-0.5826218983769168,-0.5,-1.082621898376917,-0.8269999241950123,0.0,0.1218110469635576,-0.8269999241950123,-16.53999848390025,-3.3600872960214176,0.0,-0.008050885430847254,0.08050885430847254,1664.819576925613,1645,-2.434375,-2.434375,5,0,bbox fill,False,,True,,1500,1558,1645,1482,2000,2000,1000,1000
112,589225315014517,2.2399819140555337,commit_complete,tracking,0,127177,4221473823970,589225.310744438,0.004270079080015421,True,True,0.0,224,382,22,23,-0.265625,-0.6395833333333333,0.04791666666666667,22.494443758403985,3.1338328228165664,-0.03163767411205143,,-0.014374491839127715,0.0,30.0,29.995729920919985,0.004270079080015421,0.2,2.0,350.0,0.02086027606856078,9.99,-9.49,9.49,0.1053740779768177,-10.0,-7.061713081299717,-7.049079293081082,-0.31637836535464237,-0.5,-0.8163783653546424,-0.8170018706498801,0.0,0.000662383041344583,-0.8170018706498801,-16.340037412997603,-3.409097866716802,0.0,-0.0064407083446778035,0.06440708344677804,1664.6847281962675,1645,-2.35625,-2.35625,5,0,bbox fill,False,,True,,1500,1559,1645,1482,2000,2000,1000,1000
113,589225335035380,2.2600027769804,commit_complete,tracking,0,127177,4221473823970,589225.310744438,0.0242909420048818,False,True,0.0,224,382,22,23,-0.265625,-0.6395833333333333,0.04791666666666667,,3.1338328228165664,,duplicate frame,-0.014374491839127715,0.0,30.0,29.975709057995118,0.0242909420048818,0.2,2.0,350.0,0.04088113899342716,9.99,-9.49,9.49,0.1053740779768177,-10.0,-7.0616328287649415,-7.0616328287649415,-0.31658967538146787,-0.5,-0.8165896753814679,-0.8165896753814679,0.0,0.02068324596621096,-0.8165896753814679,-16.331793507629357,-3.4581443565868226,0.0,-0.0064407083446778035,0.06440708344677804,1664.7255307807693,1645,-2.35625,-2.35625,5,0,bbox fill,False,,True,,1500,1559,1645,1482,2000,2000,1000,1000
114,589225355026933,2.27999433001969,commit_complete,tracking,0,127178,4221506590669,589225.344164765,0.010862168041057885,True,True,0.0,226,382,22,23,-0.259375,-0.6395833333333333,0.04791666666666667,22.494443758403985,3.1263229918145257,-0.02008408795506611,,-0.06245083281136245,0.0,30.0,29.989137831958942,0.010862168041057885,0.2,2.0,350.0,0.06087269203271717,9.99,-9.49,9.49,0.1053740779768177,-10.0,-7.061686669103774,-7.061686669103774,-0.3164479103459473,-0.5,-0.8164479103459473,-0.8164479103459473,0.0,0.04067479900550097,-0.8164479103459473,-16.328958206918948,-3.507110541697318,0.0,-0.0064407083446778035,0.06440708344677804,1664.7716616651694,1645,-2.29375,-2.29375,5,0,bbox fill,False,,True,,1500,1559,1645,1483,2000,2000,1000,1000
115,589225374993587,2.2999609840335324,commit_complete,tracking,0,127178,4221506590669,589225.344164765,0.03082882205490023,False,True,0.0,226,382,22,23,-0.259375,-0.6395833333333333,0.04791666666666667,,3.1263229918145257,,duplicate frame,-0.06245083281136245,0.0,30.0,29.9691711779451,0.03082882205490023,0.2,2.0,350.0,0.08083934604655951,9.99,-9.49,9.49,0.1053740779768177,-10.0,-7.061606598805632,-7.061606598805632,-0.31665874053213316,-0.5,-0.8166587405321332,-0.8166587405321332,0.0,0.06064145301934332,-0.8166587405321332,-16.333174810642664,-3.556028369256074,0.0,-0.0064407083446778035,0.06440708344677804,1664.824796096452,1645,-2.29375,-2.29375,5,0,bbox fill,False,,True,,1500,1559,1645,1483,2000,2000,1000,1000
116,589225394994834,2.319962230976671,commit_complete,tracking,0,127179,4221539395595,589225.377579664,0.017415169975720346,True,True,0.0,229,383,22,23,-0.25,-0.64375,0.04791666666666667,22.494443758403985,3.120397449427785,-0.01096786889854151,,-0.08870946406735605,0.0,30.0,29.98258483002428,0.017415169975720346,0.2,2.0,350.0,0.10084059298969805,9.99,-9.49,9.49,0.1053740779768177,-10.0,-7.037826177704163,-7.037826177704163,-0.31651707328771744,-0.5,-0.8165170732877174,-0.8165170732877174,0.0,0.08064269996248186,-0.8165170732877174,-16.330341465754348,-3.6050224481044233,0.0,-0.0064407083446778035,0.06440708344677804,1664.870956830412,1645,-2.2,-2.2,5,0,bbox fill,False,,True,,1500,1559,1645,1484,2000,2000,1000,1000
117,589225414992435,2.3399598320247605,commit_complete,tracking,0,127180,4221572855708,589225.411125965,0.0038664700696244836,True,True,0.0,232,384,22,24,-0.240625,-0.65,0.05,22.978250586152114,3.1234158734302486,0.017126566804433807,,-0.047866649647193886,0.0,30.0,29.996133529930376,0.0038664700696244836,0.2,2.0,350.0,0.12083819403778762,9.99,-9.49,9.49,0.1053740779768177,-10.0,-7.0021275680415425,-7.0021275680415425,-0.31637410836736024,-0.5,-0.8163741083673602,-0.8163741083673602,0.0,0.10064030101057142,-0.8163741083673602,-16.327482167347206,-3.653999019279784,0.0,-0.0064407083446778035,0.06440708344677804,1664.9170741031803,1645,-2.10625,-2.10625,5,0,bbox fill,False,,True,,1500,1558,1645,1484,2000,2000,1000,1000
118,589225435037826,2.360005222959444,commit_complete,tracking,0,127180,4221572855708,589225.411125965,0.023911861004307866,False,True,0.0,232,384,22,24,-0.240625,-0.65,0.05,,3.1234158734302486,,duplicate frame,-0.047866649647193886,0.0,30.0,29.976088138995692,0.023911861004307866,0.0,1.7,349.0,0.019782456918619573,9.99,-9.49,9.49,0.1053740779768177,-10.0,-7.002049541503244,-7.002049541503244,-0.31658567175263014,-0.5,-0.8165856717526301,-0.8165856717526301,0.0,0.1206856919452548,-0.8165856717526301,-16.331713435052603,-3.7031053563456116,0.0,-0.0064407083446778035,0.06440708344677804,1664.9704117079514,1645,-2.10625,-2.10625,5,0,bbox fill,False,,True,,1500,1558,1645,1484,2000,2000,1000,1000
119,589225454992578,2.3799599750200287,commit_complete,tracking,0,127181,4221606597938,589225.444567762,0.01042481604963541,True,True,0.0,235,386,22,23,-0.23125,-0.65625,0.04791666666666667,22.494443758403985,3.118823749447122,-0.008546792005213799,,-0.06831242174805195,0.0,30.0,29.989575183950365,0.01042481604963541,0.0,1.7,349.0,0.0397372089792043,9.96,-9.46,9.46,0.10570824524312895,-10.0,-6.967498928843202,-6.967498928843202,-0.3154429478235072,-0.5,-0.8154429478235072,-0.8154429478235072,0.0,0.009469854063354433,-0.8154429478235072,-16.308858956470146,-3.751921241875723,0.0,-0.0051525666757422425,0.05152566675742243,1665.0092545315883,1645,-2.0125,-2.0125,5,0,bbox fill,False,,True,,1500,1558,1645,1485,2000,2000,1000,1000
120,589225474995594,2.3999629910103977,commit_complete,tracking,0,127181,4221606597938,589225.444567762,0.030427832040004432,False,True,0.0,235,386,22,23,-0.23125,-0.65625,0.04791666666666667,,3.118823749447122,,duplicate frame,-0.06831242174805195,0.0,30.0,29.969572167959996,0.030427832040004432,0.0,1.7,349.0,0.05974022496957332,9.96,-9.46,9.46,0.10570824524312895,-10.0,-6.967422424281406,-6.967422424281406,-0.3156534883775732,-0.5,-0.8156534883775732,-0.8156534883775732,0.0,0.029472870053723454,-0.8156534883775732,-16.313069767551465,-3.8008678311875737,0.0,-0.0051525666757422425,0.05152566675742243,1665.0624119319816,1645,-2.0125,-2.0125,5,0,bbox fill,False,,True,,1500,1558,1645,1485,2000,2000,1000,1000
121,589225494995109,2.4199625060427934,commit_complete,tracking,0,127182,4221638527346,589225.478019552,0.01697555708233267,True,True,0.0,238,388,22,23,-0.221875,-0.6645833333333333,0.04791666666666667,22.494443758403985,3.1153939919550173,-0.0032702420173604807,,-0.07613320985734352,0.0,30.0,29.983024442917667,0.01697555708233267,0.0,1.7,349.0,0.07973974000196904,9.96,-9.46,9.46,0.10570824524312895,-10.0,-6.91977754915865,-6.91977754915865,-0.3155118663232308,-0.5,-0.8155118663232308,-0.8155118663232308,0.0,0.049472385086119175,-0.8155118663232308,-16.310237326464616,-3.849797356676459,0.0,-0.0051525666757422425,0.05152566675742243,1665.1085090163836,1645,-1.91875,-1.91875,5,0,bbox fill,False,,True,,1500,1558,1645,1486,2000,2000,1000,1000
122,589225515030447,2.4399978440487757,commit_complete,tracking,0,127183,4221671550425,589225.511423533,0.0036069140769541264,True,True,0.0,241,390,22,23,-0.2125,-0.6729166666666667,0.04791666666666667,22.494443758403985,3.112996962903402,0.00041749498512411165,,-0.07513334104534265,0.0,30.0,29.996393085923046,0.0036069140769541264,0.0,1.7,349.0,0.09977507800795138,9.96,-9.46,9.46,0.10570824524312895,-10.0,-6.872129831001182,-6.872129831001182,-0.31537125056677123,-0.5,-0.8153712505667712,-0.8153712505667712,0.0,0.06950772309210151,-0.8153712505667712,-16.307425011335425,-3.8988060724928566,0.0,-0.0051525666757422425,0.05152566675742243,1665.1547054170708,1645,-1.825,-1.825,5,0,bbox fill,False,,True,,1500,1557,1645,1486,2000,2000,1000,1000
123,589225535045484,2.4600128809688613,commit_complete,tracking,0,127183,4221671550425,589225.511423533,0.023621950997039676,False,True,0.0,241,390,22,23,-0.2125,-0.6729166666666667,0.04791666666666667,,3.112996962903402,,duplicate frame,-0.07513334104534265,0.0,30.0,29.97637804900296,0.023621950997039676,-0.1,1.0,348.0,0.008901061955839396,9.96,-9.46,9.46,0.10570824524312895,-10.0,-6.872057025094083,-6.872057025094083,-0.31558182194445095,-0.5,-0.815581821944451,-0.815581821944451,0.0,0.08952276001218706,-0.815581821944451,-16.311636438889018,-3.947777773325563,0.0,-0.0051525666757422425,0.05152566675742243,1665.207888545457,1645,-1.825,-1.825,5,0,bbox fill,False,,True,,1500,1557,1645,1486,2000,2000,1000,1000
124,589225554993166,2.479960563010536,commit_complete,tracking,0,127184,4221704644263,589225.544851204,0.01014196197502315,True,True,0.0,244,391,22,24,-0.203125,-0.6791666666666667,0.05,22.978250586152114,3.1189073793390603,0.02406271156010842,,-0.017545813600165737,0.0,30.0,29.989858038024977,0.01014196197502315,-0.1,1.0,348.0,0.028848743997514248,9.96,-9.46,9.46,0.10570824524312895,-10.0,-6.836333342601005,-6.836333342601005,-0.3154399726736086,-0.5,-0.8154399726736086,-0.8154399726736086,0.0,0.10947044205386192,-0.8154399726736086,-16.308799453472172,-3.9965761852224584,0.0,-0.0051525666757422425,0.05152566675742243,1664.2538499719371,1644,-1.73125,-1.73125,5,0,bbox fill,False,,True,,1500,1557,1644,1487,2000,2000,1000,1000
125,589225575029909,2.4999973060330376,commit_complete,tracking,0,127184,4221704644263,589225.544851204,0.03017870499752462,False,True,0.0,244,391,22,24,-0.203125,-0.6791666666666667,0.05,,3.1189073793390603,,duplicate frame,-0.017545813600165737,0.0,30.0,29.969821295002475,0.03017870499752462,-0.1,1.0,348.0,0.04888548702001572,9.96,-9.46,9.46,0.10570824524312895,-10.0,-6.836261819217944,-6.836261819217944,-0.3156508644773759,-0.5,-0.8156508644773759,-0.8156508644773759,0.0,0.12950718507636338,-0.8156508644773759,-16.313017289547517,-4.045605145525301,0.0,-0.0051525666757422425,0.05152566675742243,1664.3070967683154,1644,-1.73125,-1.73125,5,0,bbox fill,False,,True,,1500,1557,1644,1487,2000,2000,1000,1000
126,589225594990647,2.5199580440530553,commit_complete,tracking,0,127185,4221737456754,589225.578272952,0.016717695049010217,True,True,0.0,247,392,23,24,-0.1921875,-0.6833333333333333,0.05,23.49468024894146,3.13177953702485,0.03845305555953482,,0.07449738077911053,0.07449738077911053,13.423290718972572,13.406573023923562,0.016717695049010217,-0.1,1.0,348.0,0.06884622504003346,9.96,-9.46,9.46,0.10570824524312895,-10.0,-6.681873565034469,-6.681873565034469,-0.7056240236128175,-0.5,-1.2056240236128175,-0.8256312334873848,0.0,0.14946792309638113,-0.8256312334873848,-16.512624669747694,-4.095045771783659,0.0,-0.0051525666757422425,0.05152566675742243,1664.5561447747739,1644,-1.6218750000000002,-1.6218750000000002,5,0,bbox fill,False,,True,,1500,1556,1644,1488,2000,2000,1000,1000
127,589225615029586,2.5399969830177724,commit_complete,tracking,0,127186,4221770564601,589225.611809794,0.003219792037270963,True,True,0.0,251,392,22,24,-0.18125,-0.6833333333333333,0.05,22.978250586152114,3.1343725131911997,0.0002701979414321265,,0.07514192075487047,0.07514192075487047,13.308150629556312,13.304930837519041,0.003219792037270963,-0.1,1.0,348.0,0.08888516400475055,9.93,-9.43,9.43,0.10604453870625663,-10.0,-6.681134039776033,-6.681134039776033,-0.7087597910248441,-0.5,-1.208759791024844,-0.8356507029697433,-0.09,0.008224352030083537,-0.7456507029697433,-14.913014059394866,-4.139871918561086,-0.5580270296059564,-0.11572745926178507,1.1572745926178507,1664.895611385338,1647,-1.5125,-1.5125,5,0,bbox fill,False,,True,,1500,1556,1647,1489,2000,2000,1000,1000
128,589225635028234,2.559995630988851,commit_complete,tracking,0,127186,4221770564601,589225.611809794,0.023218440008349717,False,True,0.0,251,392,22,24,-0.18125,-0.6833333333333333,0.05,,3.1343725131911997,,duplicate frame,0.07514192075487047,0.07514192075487047,13.308150629556312,13.284932189547963,0.023218440008349717,-0.1,1.0,348.0,0.1088838119758293,9.93,-9.43,9.43,0.10604453870625663,-10.0,-6.680775752798806,-6.680775752798806,-0.7098267319286082,-0.5,-1.2098267319286082,-0.8456500269552827,-0.09,0.02822300000116229,-0.7556500269552827,-15.113000539105654,-4.185207855196331,-0.5580270296059564,-0.11572745926178507,1.1572745926178507,1664.1409338016842,1646,-1.5125,-1.5125,5,0,bbox fill,False,,True,,1500,1556,1646,1489,2000,2000,1000,1000
129,589225655020489,2.579987886012532,commit_complete,tracking,0,127187,4221803451822,589225.645227763,0.009792726021260023,True,True,0.0,254,392,22,23,-0.171875,-0.68125,0.04791666666666667,22.494443758403985,3.1286182594460636,-0.023615268926662658,,0.01860881685725979,0.01860881685725979,30.0,29.99020727397874,0.009792726021260023,-0.1,0.9,347.0,0.007872855057939887,9.93,-9.43,9.43,0.10604453870625663,-10.0,-6.82548227322994,-6.780737027917209,-0.31443597284444313,-0.5,-0.8144359728444431,-0.8356538994434424,-0.09,0.04821525502484292,-0.7456538994434424,-14.913077988868848,-4.229929763947556,-0.5580270296059564,-0.11572745926178507,1.1572745926178507,1664.9857331601986,1647,-1.41875,-1.41875,5,0,bbox fill,False,,True,,1500,1557,1647,1489,2000,2000,1000,1000
130,589225675007049,2.5999744459986687,commit_complete,tracking,0,127187,4221803451822,589225.645227763,0.029779286007396877,False,True,0.0,254,392,22,23,-0.171875,-0.68125,0.04791666666666667,,3.1286182594460636,,duplicate frame,0.01860881685725979,0.01860881685725979,30.0,29.970220713992603,0.029779286007396877,-0.1,0.9,347.0,0.02785941504407674,9.93,-9.43,9.43,0.10604453870625663,-10.0,-6.825411394025197,-6.825411394025197,-0.31464566410741474,-0.5,-0.8146456641074147,-0.825660619450374,-0.09,0.06820181501097977,-0.735660619450374,-14.713212389007479,-4.274039739247806,-0.5580270296059564,-0.11572745926178507,1.1572745926178507,1664.8299775356375,1647,-1.41875,-1.41875,5,0,bbox fill,False,,True,,1500,1557,1647,1489,2000,2000,1000,1000
131,589225695021949,2.6199893460143358,commit_complete,tracking,0,127188,4221836491763,589225.678629854,0.016392095014452934,True,True,0.0,257,390,22,24,-0.1625,-0.675,0.05,22.978250586152114,3.131097740994786,0.005308309012838297,,0.03132253352001559,0.03132253352001559,30.0,29.983607904985547,0.016392095014452934,-0.1,0.9,347.0,0.04787431505974382,9.93,-9.43,9.43,0.10604453870625663,-10.0,-6.861252191424264,-6.861252191424264,-0.3145051799597479,-0.5,-0.8145051799597479,-0.8156531694425404,-0.09,0.08821671502664685,-0.7256531694425404,-14.513063388850808,-4.317611366145139,-0.5580270296059564,-0.11572745926178507,1.1572745926178507,1664.6734001623781,1647,-1.3250000000000002,-1.3250000000000002,5,0,bbox fill,False,,True,,1500,1557,1647,1490,2000,2000,1000,1000
132,589225715019284,2.639986681053415,commit_complete,tracking,0,127189,4221869540142,589225.712115287,0.002903997083194554,True,True,0.0,259,389,22,23,-0.15625,-0.66875,0.04791666666666667,22.494443758403985,3.125539200359737,-0.018878254947698903,,-0.013779478365383874,0.0,30.0,29.997096002916805,0.002903997083194554,-0.1,0.9,347.0,0.06787165009882301,9.93,-9.43,9.43,0.10604453870625663,-10.0,-6.897095178440482,-6.897095178440482,-0.31436376371509633,-0.5,-0.8143637637150963,-0.8143637637150963,-0.09,0.10821405006572604,-0.7243637637150964,-14.487275274301927,-4.361067400764677,-0.5580270296059564,-0.11572745926178507,1.1572745926178507,1664.6910680824487,1647,-1.2625,-1.2625,5,0,bbox fill,False,,True,,1500,1557,1647,1491,2000,2000,1000,1000
133,589225734994630,2.659962026984431,commit_complete,tracking,0,127189,4221869540142,589225.712115287,0.022879343014210463,False,True,0.0,259,389,22,23,-0.15625,-0.66875,0.04791666666666667,,3.125539200359737,,duplicate frame,-0.013779478365383874,0.0,30.0,29.97712065698579,0.022879343014210463,-0.1,0.9,347.0,0.08784699602983892,9.93,-9.43,9.43,0.10604453870625663,-10.0,-6.897021594834436,-6.897021594834436,-0.31457324096944106,-0.5,-0.8145732409694411,-0.8145732409694411,-0.09,0.12818939599674195,-0.7245732409694411,-14.491464819388822,-4.404488204186842,-0.5580270296059564,-0.11572745926178507,1.1572745926178507,1664.7386784309579,1647,-1.2625,-1.2625,5,0,bbox fill,False,,True,,1500,1557,1647,1491,2000,2000,1000,1000
134,589225755009808,2.6799772049998865,commit_complete,tracking,0,127190,4221902565161,589225.745511207,0.009498600964434445,True,True,0.0,262,386,22,24,-0.146875,-0.6583333333333333,0.05,22.978250586152114,3.1283932139497046,0.009469119851424512,,0.008903819074372023,0.008903819074372023,30.0,29.990501399035566,0.009498600964434445,-0.1,0.9,347.0,0.10786217404529452,9.93,-9.43,9.43,0.10604453870625663,-10.0,-6.9567272140997165,-6.9567272140997165,-0.3144328890847837,-0.5,-0.8144328890847836,-0.8144328890847836,-0.09,0.14820457401219755,-0.7244328890847836,-14.488657781695673,-4.447987163892691,-0.5580270296059564,-0.11572745926178507,1.1572745926178507,1664.7793703529705,1647,-1.1687500000000002,-1.1687500000000002,5,0,bbox fill,False,,True,,1500,1558,1647,1491,2000,2000,1000,1000
135,589225775012299,2.699979695957154,commit_complete,tracking,0,127190,4221902565161,589225.745511207,0.029501091921702027,False,True,0.0,262,386,22,24,-0.146875,-0.6583333333333333,0.05,,3.1283932139497046,,duplicate frame,0.008903819074372023,0.008903819074372023,30.0,29.970498908078298,0.029501091921702027,-0.2,1.5,346.0,0.009112692903727293,9.93,-9.43,9.43,0.10604453870625663,-10.0,-6.956651179897367,-6.956651179897367,-0.31464274348326654,-0.5,-0.8146427434832666,-0.8146427434832666,-0.09,0.16820706496946514,-0.7246427434832666,-14.492854869665333,-4.491471143664012,-0.5580270296059564,-0.11572745926178507,1.1572745926178507,1664.8270514207115,1647,-1.1687500000000002,-1.1687500000000002,5,0,bbox fill,False,,True,,1500,1558,1647,1491,2000,2000,1000,1000
136,589225794990625,2.7199580220039934,commit_complete,tracking,0,127191,4221935556554,589225.778923259,0.01606736599933356,True,True,0.0,264,384,22,24,-0.140625,-0.65,0.05,22.978250586152114,3.1307408103785677,0.005857433037788962,,0.022928538162411527,0.022928538162411527,30.0,29.983932634000666,0.01606736599933356,-0.2,1.5,346.0,0.02909101895056665,9.93,-9.43,9.43,0.10604453870625663,-10.0,-7.0044267011209715,-7.0044267011209715,-0.31450177383692257,-0.5,-0.8145017738369226,-0.8145017738369226,-0.09,0.1881853910163045,-0.7245017738369226,-14.490035476738452,-4.534894141641694,-0.5580270296059564,-0.11572745926178507,1.1572745926178507,1664.8676550257624,1647,-1.10625,-1.10625,5,0,bbox fill,False,,True,,1500,1558,1647,1492,2000,2000,1000,1000
137,589225814999151,2.73996654804796,commit_complete,tracking,0,127192,4221968415607,589225.812422708,0.002576443017460406,True,True,0.0,266,382,22,23,-0.134375,-0.6395833333333333,0.04791666666666667,22.494443758403985,3.125124704578391,-0.01824056913024341,,-0.020631746345369302,0.0,30.0,29.99742355698254,0.002576443017460406,-0.2,1.5,346.0,0.04909954499453306,9.88,-9.38,9.38,0.10660980810234541,-10.0,-7.066173642560426,-7.066173642560426,-0.3126935212346464,-0.5,-0.8126935212346464,-0.8126935212346464,-0.2,0.018879130017012358,-0.6126935212346465,-12.25387042469293,-4.571671424471473,-0.5810428319836682,-0.2087905338061617,2.087905338061617,1664.737636511103,1650,-1.04375,-1.04375,5,0,bbox fill,False,,True,,1500,1559,1650,1492,2000,2000,1000,1000
138,589225835016974,2.7599843710195273,commit_complete,tracking,0,127192,4221968415607,589225.812422708,0.022594265989027917,False,True,0.0,266,382,22,23,-0.134375,-0.6395833333333333,0.04791666666666667,,3.125124704578391,,duplicate frame,-0.020631746345369302,0.0,30.0,29.977405734010972,0.022594265989027917,-0.2,1.5,346.0,0.06911736796610057,9.88,-9.38,9.38,0.10660980810234541,-10.0,-7.066093411282685,-7.066093411282685,-0.31290232661320283,-0.5,-0.8129023266132028,-0.8129023266132028,-0.2,0.03889695298857987,-0.6129023266132028,-12.258046532264055,-4.608478335290489,-0.5810428319836682,-0.2087905338061617,2.087905338061617,1664.778619529493,1650,-1.04375,-1.04375,5,0,bbox fill,False,,True,,1500,1559,1650,1492,2000,2000,1000,1000
139,589225855013619,2.7799810159485787,commit_complete,tracking,0,127193,4222002033451,589225.845883779,0.009129839949309826,True,True,0.0,268,380,22,23,-0.128125,-0.63125,0.04791666666666667,22.494443758403985,3.120526240887624,-0.01116600960598646,,-0.04732786642211909,0.0,30.0,29.99087016005069,0.009129839949309826,-0.2,1.5,346.0,0.08911401289515197,9.88,-9.38,9.38,0.10660980810234541,-10.0,-7.113919582340149,-7.113919582340149,-0.3127618488540763,-0.5,-0.8127618488540763,-0.8127618488540763,-0.2,0.05889359791763127,-0.6127618488540763,-12.255236977081525,-4.645237878643301,-0.5810428319836682,-0.2087905338061617,2.087905338061617,1664.8125695176632,1650,-0.98125,-0.98125,5,0,bbox fill,False,,True,,1500,1559,1650,1493,2000,2000,1000,1000
140,589225875031123,2.7999985200585797,commit_complete,tracking,0,127193,4222002033451,589225.845883779,0.029147344059310853,False,True,0.0,268,380,22,23,-0.128125,-0.63125,0.04791666666666667,,3.120526240887624,,duplicate frame,-0.04732786642211909,0.0,30.0,29.97085265594069,0.029147344059310853,-0.2,2.0,345.0,0.008393871015869081,9.88,-9.38,9.38,0.10660980810234541,-10.0,-7.113837461423175,-7.113837461423175,-0.31297074219677695,-0.5,-0.8129707421967769,-0.8129707421967769,-0.2,0.0789111020276323,-0.6129707421967769,-12.259414843935538,-4.682048311697004,-0.5810428319836682,-0.2087905338061617,2.087905338061617,1664.8535578175708,1650,-0.98125,-0.98125,5,0,bbox fill,False,,True,,1500,1559,1650,1493,2000,2000,1000,1000
141,589225895028695,2.819996092002839,commit_complete,tracking,0,127194,4222035344596,589225.879295688,0.01573300699237734,True,True,0.0,269,378,22,24,-0.125,-0.625,0.05,22.978250586152114,3.124406051887268,0.015603215332096632,,-0.00996821641979273,0.0,30.0,29.984266993007623,0.01573300699237734,-0.2,2.0,345.0,0.028391442960128188,9.88,-9.38,9.38,0.10660980810234541,-10.0,-7.1497211917911345,-7.1497211917911345,-0.3128307255997764,-0.5,-0.8128307255997764,-0.8128307255997764,-0.2,0.0989086739718914,-0.6128307255997765,-12.25661451199553,-4.718813691271507,-0.5810428319836682,-0.2087905338061617,2.087905338061617,1664.8875228652055,1650,-0.95,-0.95,5,0,bbox fill,False,,True,,1500,1560,1650,1493,2000,2000,1000,1000
142,589225915009381,2.8399767780210823,commit_complete,tracking,0,127195,4222068563254,589225.912822183,0.0021871980279684067,True,True,0.0,270,378,22,23,-0.121875,-0.6229166666666667,0.04791666666666667,22.494443758403985,3.1202906212694708,-0.010803517885750846,,-0.035747273589570645,0.0,30.0,29.99781280197203,0.0021871980279684067,-0.2,2.0,345.0,0.04837212897837162,9.88,-9.38,9.38,0.10660980810234541,-10.0,-7.161720875651955,-7.161720875651955,-0.31268946379261914,-0.5,-0.8126894637926192,-0.8126894637926192,-0.2,0.11888935999013484,-0.6126894637926192,-12.253789275852384,-4.755539558679685,-0.5810428319836682,-0.2087905338061617,2.087905338061617,1664.9214234964704,1650,-0.91875,-0.91875,5,0,bbox fill,False,,True,,1500,1560,1650,1493,2000,2000,1000,1000
143,589225935069361,2.8600367580074817,commit_complete,tracking,0,127195,4222068563254,589225.912822183,0.02224717801436782,False,True,0.0,270,378,22,23,-0.121875,-0.6229166666666667,0.04791666666666667,,3.1202906212694708,,duplicate frame,-0.035747273589570645,0.0,30.0,29.977752821985632,0.02224717801436782,-0.2,2.0,345.0,0.06843210896477103,9.88,-9.38,9.38,0.10660980810234541,-10.0,-7.161636759544351,-7.161636759544351,-0.3128987037721095,-0.5,-0.8128987037721095,-0.8128987037721095,-0.2,0.13894933997653425,-0.6128987037721094,-12.257974075442188,-4.792423765873761,-0.5810428319836682,-0.2087905338061617,2.087905338061617,1664.9624925032542,1650,-0.91875,-0.91875,5,0,bbox fill,False,,True,,1500,1560,1650,1493,2000,2000,1000,1000
144,589225955237543,2.8802049399819225,commit_complete,tracking,0,127196,4222100461757,589225.955189567,4.797603469341993e-05,True,True,0.0,270,378,22,23,-0.121875,-0.6229166666666667,0.04791666666666667,22.494443758403985,3.116848383947899,-0.005507768160255555,,-0.04614728916045524,0.0,30.0,29.999952023965307,4.797603469341993e-05,-0.2,2.0,345.0,0.08860029093921185,9.88,-9.38,9.38,0.10660980810234541,-10.0,-7.161729839263794,-7.161729839263794,-0.31266716668436123,-0.5,-0.8126671666843612,-0.8126671666843612,-0.2,0.15911752195097506,-0.6126671666843613,-12.253343333687226,-4.829492914596127,-0.5810428319836682,-0.2087905338061617,2.087905338061617,1664.9949309102217,1650,-0.91875,-0.91875,5,0,bbox fill,False,,True,,1500,1560,1650,1493,2000,2000,1000,1000
145,589225975036340,2.9000037369551137,commit_complete,tracking,0,127196,4222100461757,589225.955189567,0.01984677300788462,False,True,0.0,270,378,22,23,-0.121875,-0.6229166666666667,0.04791666666666667,,3.116848383947899,,duplicate frame,-0.04614728916045524,0.0,30.0,29.980153226992115,0.01984677300788462,-0.2,2.0,345.0,0.10839908791240305,9.88,-9.38,9.38,0.10660980810234541,-10.0,-7.161646830923338,-7.161646830923338,-0.31287365107776965,-0.5,-0.8128736510777697,-0.8128736510777697,-0.2,0.17891631892416626,-0.6128736510777697,-12.257473021555395,-4.865895397559848,-0.5810428319836682,-0.2087905338061617,2.087905338061617,1665.0354630810536,1650,-0.91875,-0.91875,5,0,bbox fill,False,,True,,1500,1560,1650,1493,2000,2000,1000,1000
146,589225995055673,2.9200230699498206,commit_complete,tracking,0,127197,4222133404883,589225.979650008,0.01540566491894424,True,True,0.0,271,378,22,24,-0.11875,-0.625,0.05,22.978250586152114,3.1223095902337388,0.018828540952910977,,0.0154330916299747,0.0154330916299747,30.0,29.984594335081056,0.01540566491894424,-0.2,2.0,345.0,0.12841842090710998,9.88,-9.38,9.38,0.10660980810234541,-10.0,-7.149722557133237,-7.149722557133237,-0.3128273104240629,-0.5,-0.8128273104240629,-0.8128273104240629,-0.2,0.1989356519188732,-0.6128273104240629,-12.256546208481257,-4.902700579546738,-0.5810428319836682,-0.2087905338061617,2.087905338061617,1665.0713414499664,1650,-0.8875,-0.8875,5,0,bbox fill,False,,True,,1500,1560,1650,1493,2000,2000,1000,1000
147,589226015025802,2.9399931989610195,commit_complete,tracking,0,127198,4222166772903,589226.013128801,0.001897000940516591,True,True,0.0,271,379,22,24,-0.11875,-0.6291666666666667,0.05,22.978250586152114,3.1269289261324413,0.011721870339521878,,0.04344334957004781,0.04344334957004781,23.018482918486885,23.01658591754637,0.001897000940516591,-0.2,2.0,345.0,0.14838854991830885,9.83,-9.33,9.33,0.10718113612004287,-10.0,-7.090514347243813,-7.090514347243813,-0.40535985803556585,-0.5,-0.9053598580355658,-0.8228123749296623,-0.34,0.01750106899999082,-0.4828123749296623,-9.656247498593245,-4.931626055793384,-0.6951177986769336,-0.3060559867803161,3.060559867803161,1665.5273136865835,1654,-0.8875,-0.8875,5,0,bbox fill,False,,True,,1500,1559,1654,1493,2000,2000,1000,1000
148,589226035030934,2.9599983310326934,commit_complete,tracking,0,127198,4222166772903,589226.013128801,0.02190213301219046,False,True,0.0,271,379,22,24,-0.11875,-0.6291666666666667,0.05,,3.1269289261324413,,duplicate frame,0.04344334957004781,0.04344334957004781,23.018482918486885,22.996580785474695,0.02190213301219046,-0.1,1.7,345.0,0.007209429983049631,9.83,-9.33,9.33,0.10718113612004287,-10.0,-7.090374189849485,-7.090374189849485,-0.40571248774048607,-0.5,-0.9057124877404861,-0.8328149409654992,-0.34,0.03750620107166469,-0.4928149409654992,-9.856298819309984,-4.961202539736111,-0.6951177986769336,-0.3060559867803161,3.060559867803161,1664.756941491243,1653,-0.8875,-0.8875,5,0,bbox fill,False,,True,,1500,1559,1653,1493,2000,2000,1000,1000
149,589226055016448,2.9799838450271636,commit_complete,tracking,0,127199,4222199847873,589226.04653569,0.008480758056975901,True,True,0.0,270,381,22,24,-0.121875,-0.6375,0.05,22.978250586152114,3.1305390012852303,0.006167908566000246,,0.058213736780398186,0.058213736780398186,17.17807609177086,17.169595333713882,0.008480758056975901,-0.1,1.7,345.0,0.02719494397751987,9.83,-9.33,9.33,0.10718113612004287,-10.0,-6.989902588918541,-6.989902588918541,-0.5434024401075891,-0.5,-1.043402440107589,-0.8428076979627344,-0.34,0.05749171506613493,-0.5028076979627343,-10.056153959254686,-4.991349150588595,-0.6951177986769336,-0.3060559867803161,3.060559867803161,1664.98694324204,1653,-0.91875,-0.91875,5,0,bbox fill,False,,True,,1500,1558,1653,1493,2000,2000,1000,1000
150,589226075015032,2.9999824289698154,commit_complete,tracking,0,127199,4222199847873,589226.04653569,0.02847934199962765,False,True,0.0,270,381,22,24,-0.121875,-0.6375,0.05,,3.1305390012852303,,duplicate frame,0.058213736780398186,0.058213736780398186,17.17807609177086,17.14959674977123,0.02847934199962765,-0.1,1.7,345.0,0.04719352792017162,9.83,-9.33,9.33,0.10718113612004287,-10.0,-6.989656385950558,-6.989656385950558,-0.5440361156086343,-0.5,-1.0440361156086344,-0.8528069899340602,-0.34,0.07749029900878668,-0.5128069899340602,-10.256139798681204,-5.02211539149232,-0.6951177986769336,-0.3060559867803161,3.060559867803161,1665.2176953223704,1653,-0.91875,-0.91875,5,0,bbox fill,False,,True,,1500,1558,1653,1493,2000,2000,1000,1000
151,589226095039202,3.020006599021144,commit_complete,tracking,0,127200,4222232916425,589226.080040578,0.014998623984865844,True,True,0.0,269,383,23,23,-0.1234375,-0.64375,0.04791666666666667,23.0,3.1335411154881805,0.0030047699091833024,,0.0653882598607468,0.0653882598607468,15.293265215034566,15.2782665910497,0.014998623984865844,-0.1,1.7,345.0,0.06721769797150046,9.83,-9.33,9.33,0.10718113612004287,-10.0,-6.929908439671192,-6.929908439671192,-0.6106713706295511,-0.5,-1.110671370629551,-0.8628190749597247,-0.34,0.09751446906011552,-0.5228190749597246,-10.456381499194492,-5.053522445681535,-0.6951177986769336,-0.3060559867803161,3.060559867803161,1664.449344077073,1652,-0.9343750000000001,-0.9343750000000001,5,0,bbox fill,False,,True,,1500,1558,1652,1493,2000,2000,1000,1000
152,589226114990871,3.039958268054761,commit_complete,tracking,0,127201,4222266249697,589226.113468957,0.0015219140332192183,True,True,0.0,269,385,22,23,-0.125,-0.6520833333333333,0.04791666666666667,22.494443758403985,3.1278664274883017,-0.022458604376259572,,0.011640863048809874,0.011640863048809874,30.0,29.99847808596678,0.0015219140332192183,0.0,1.2,346.0,0.006446657003834844,9.83,-9.33,9.33,0.10718113612004287,-10.0,-6.996506263571867,-6.996506263571867,-0.3110157779759018,-0.5,-0.8110157779759017,-0.8528432404429163,-0.34,0.1174661380937323,-0.5128432404429162,-10.256864808858325,-5.084218681479869,-0.6951177986769336,-0.3060559867803161,3.060559867803161,1665.280523622535,1653,-0.95,-0.95,5,0,bbox fill,False,,True,,1500,1558,1653,1493,2000,2000,1000,1000
153,589226135037629,3.0600050260545686,commit_complete,tracking,0,127201,4222266249697,589226.113468957,0.021568672033026814,False,True,0.0,269,385,22,23,-0.125,-0.6520833333333333,0.04791666666666667,,3.1278664274883017,,duplicate frame,0.011640863048809874,0.011640863048809874,30.0,29.978431327966973,0.021568672033026814,0.0,1.2,346.0,0.02649341500364244,9.83,-9.33,9.33,0.10718113612004287,-10.0,-6.9964287083123615,-6.9964287083123615,-0.3112237561041432,-0.5,-0.8112237561041432,-0.8428198614430125,-0.34,0.1375128960935399,-0.5028198614430124,-10.056397228860249,-5.114458405719404,-0.6951177986769336,-0.3060559867803161,3.060559867803161,1665.1102957667765,1653,-0.95,-0.95,5,0,bbox fill,False,,True,,1500,1558,1653,1493,2000,2000,1000,1000
154,589226155007276,3.07997467298992,commit_complete,tracking,0,127202,4222298798105,589226.146972612,0.008034663973376155,True,True,0.0,267,386,22,24,-0.13125,-0.6583333333333333,0.05,22.978250586152114,3.1304585349646223,0.006291702905397489,,0.02666418610138094,0.02666418610138094,30.0,29.991965336026624,0.008034663973376155,0.0,1.2,346.0,0.04646306193899363,9.83,-9.33,9.33,0.10718113612004287,-10.0,-6.960616149384883,-6.960616149384883,-0.31108331499679076,-0.5,-0.8110833149967908,-0.8328350379753369,-0.34,0.1574825430288911,-0.49283503797533684,-9.856700759506737,-5.143983630836617,-0.6951177986769336,-0.3060559867803161,3.060559867803161,1664.9401245225401,1653,-1.0125000000000002,-1.0125000000000002,5,0,bbox fill,False,,True,,1500,1558,1653,1492,2000,2000,1000,1000
155,589226175070248,3.1000376449665055,commit_complete,tracking,0,127202,4222298798105,589226.146972612,0.02809763594996184,False,True,0.0,267,386,22,24,-0.13125,-0.6583333333333333,0.05,,3.1304585349646223,,duplicate frame,0.02666418610138094,0.02666418610138094,30.0,29.971902364050038,0.02809763594996184,0.0,1.2,346.0,0.06652603391557932,9.75,-9.25,9.25,0.10810810810810811,-10.0,-6.963707046865894,-6.963707046865894,-0.30862238531428565,-0.5,-0.8086223853142857,-0.822803551987044,-0.53,0.0058690139558166265,-0.292803551987044,-5.85607103974088,-5.1616071592110995,-1.1067327143686339,-0.46619133229797965,4.661913322979797,1665.3557648759722,1659,-1.0125000000000002,-1.0125000000000002,5,0,bbox fill,False,,True,,1500,1558,1659,1492,2000,2000,1000,1000
156,589226195011970,3.119979367009364,commit_complete,tracking,0,127203,4222332103040,589226.180358758,0.014653212041594088,True,True,0.0,266,387,22,24,-0.134375,-0.6625,0.05,22.978250586152114,3.1324685367413534,0.0031993924796571704,,0.03433058158010711,0.03433058158010711,29.12854819154742,29.113894979505826,0.014653212041594088,0.0,1.2,346.0,0.08646775595843792,9.75,-9.25,9.25,0.10810810810810811,-10.0,-6.9364408360677645,-6.9364408360677645,-0.31771770855501685,-0.5,-0.8177177085550169,-0.8177177085550169,-0.53,0.025810735998675227,-0.2877177085550169,-5.754354171100338,-5.178819918923536,-1.1067327143686339,-0.46619133229797965,4.661913322979797,1665.2712607670442,1659,-1.04375,-1.04375,5,0,bbox fill,False,,True,,1500,1558,1659,1492,2000,2000,1000,1000
157,589226215038671,3.1400060680462047,commit_complete,tracking,0,127204,4222365038887,589226.213874832,0.0011638390133157372,True,True,0.0,264,388,23,23,-0.1390625,-0.6645833333333333,0.04791666666666667,23.0,3.134275431561792,0.0018750528728586069,,0.03880617229330467,0.03880617229330467,25.769096535515114,25.7679326965018,0.0011638390133157372,0.0,1.2,346.0,0.1064944569952786,9.75,-9.25,9.25,0.10810810810810811,-10.0,-6.909527697442176,-6.909527697442176,-0.35897330643275704,-0.5,-0.858973306432757,-0.8277310590734372,-0.53,0.045837437035515904,-0.2977310590734372,-5.954621181468744,-5.196707631651873,-1.1067327143686339,-0.46619133229797965,4.661913322979797,1664.4894154901408,1658,-1.0906250000000002,-1.0906250000000002,5,0,bbox fill,False,,True,,1500,1558,1658,1492,2000,2000,1000,1000
158,589226234995111,3.1599625080125406,commit_complete,tracking,0,127204,4222365038887,589226.213874832,0.02112027897965163,False,True,0.0,264,388,23,23,-0.1390625,-0.6645833333333333,0.04791666666666667,,3.134275431561792,,duplicate frame,0.03880617229330467,0.03880617229330467,25.769096535515114,25.747976256535463,0.02112027897965163,0.1,1.0,346.0,0.005263986065983772,9.75,-9.25,9.25,0.10810810810810811,-10.0,-6.9094268081602035,-6.9094268081602035,-0.3592515352600624,-0.5,-0.8592515352600625,-0.8377092790566052,-0.53,0.0657938770018518,-0.30770927905660517,-6.154185581132103,-5.215129976915606,-1.1067327143686339,-0.46619133229797965,4.661913322979797,1664.707402235068,1658,-1.0906250000000002,-1.0906250000000002,5,0,bbox fill,False,,True,,1500,1558,1658,1492,2000,2000,1000,1000
159,589226255169205,3.180136602022685,commit_complete,tracking,0,127205,4222398406374,589226.247315978,0.007853226969018579,True,True,0.0,263,388,22,23,-0.14375,-0.6645833333333333,0.04791666666666667,22.494443758403985,3.12776646750868,-0.02230481979222665,,-0.01455281194334393,0.0,30.0,29.99214677303098,0.007853226969018579,0.1,1.0,346.0,0.025438080076128244,9.75,-9.25,9.25,0.10810810810810811,-10.0,-6.927861114913353,-6.927861114913353,-0.3084140681892643,-0.5,-0.8084140681892643,-0.827622232051533,-0.53,0.08596797101199627,-0.29762223205153293,-5.952444641030659,-5.2331427535823565,-1.1067327143686339,-0.46619133229797965,4.661913322979797,1664.5236740716332,1658,-1.1375,-1.1375,5,0,bbox fill,False,,True,,1500,1558,1658,1492,2000,2000,1000,1000
160,589226275035852,3.2000032489886507,commit_complete,tracking,0,127205,4222398406374,589226.247315978,0.027719873934984207,False,True,0.0,263,388,22,23,-0.14375,-0.6645833333333333,0.04791666666666667,,3.12776646750868,,duplicate frame,-0.01455281194334393,0.0,30.0,29.972280126065016,0.027719873934984207,0.1,1.0,346.0,0.04530472704209387,9.75,-9.25,9.25,0.10810810810810811,-10.0,-6.927786986982569,-6.927786986982569,-0.30861849552633314,-0.5,-0.8086184955263331,-0.8176889085685501,-0.53,0.1058346179779619,-0.2876889085685501,-5.753778171371002,-5.250288995530022,-1.1067327143686339,-0.46619133229797965,4.661913322979797,1665.3421538439213,1659,-1.1375,-1.1375,5,0,bbox fill,False,,True,,1500,1558,1659,1492,2000,2000,1000,1000
161,589226295045882,3.22001327900216,commit_complete,tracking,0,127206,4222431197407,589226.280740223,0.014305658987723291,True,True,0.0,261,387,22,24,-0.15,-0.6625,0.05,22.978250586152114,3.1298238826409173,0.007268091095713025,,0.002843161797857579,0.002843161797857579,30.0,29.985694341012277,0.014305658987723291,0.1,1.0,346.0,0.06531475705560297,9.75,-9.25,9.25,0.10810810810810811,-10.0,-6.939811193049971,-6.939811193049971,-0.30848043386304097,-0.5,-0.8084804338630409,-0.8084804338630409,-0.53,0.125844647991471,-0.2784804338630409,-5.569608677260818,-5.2670062010493455,-1.1067327143686339,-0.46619133229797965,4.661913322979797,1665.1747015553303,1659,-1.2,-1.2,5,0,bbox fill,False,,True,,1500,1558,1659,1491,2000,2000,1000,1000
162,589226315035210,3.2400026069954038,commit_complete,tracking,0,127207,4222464367546,589226.314208583,0.0008266270160675049,True,True,0.0,259,386,22,23,-0.15625,-0.65625,0.04791666666666667,22.494443758403985,3.124091292217521,-0.016650703959673496,,-0.03695730402033272,0.0,30.0,29.999173372983932,0.0008266270160675049,0.1,1.0,346.0,0.0853040850488469,9.75,-9.25,9.25,0.10810810810810811,-10.0,-6.975785130945326,-6.975785130945326,-0.30834182945621375,-0.5,-0.8083418294562137,-0.8083418294562137,-0.53,0.14583397598471493,-0.27834182945621366,-5.566836589124273,-5.283697799419065,-1.1067327143686339,-0.46619133229797965,4.661913322979797,1665.1886210655634,1659,-1.2625,-1.2625,5,0,bbox fill,False,,True,,1500,1558,1659,1491,2000,2000,1000,1000
163,589226335028554,3.2599959509680048,commit_complete,tracking,0,127207,4222464367546,589226.314208583,0.0208199709886685,False,True,0.0,259,386,22,23,-0.15625,-0.65625,0.04791666666666667,,3.124091292217521,,duplicate frame,-0.03695730402033272,0.0,30.0,29.97918002901133,0.0208199709886685,0.1,1.0,346.0,0.1052974290214479,9.7,-9.2,9.2,0.10869565217391305,-10.0,-6.977728395066336,-6.977728395066336,-0.30687964084064384,-0.5,-0.8068796408406438,-0.8068796408406438,-0.66,0.014562396914698184,-0.14687964084064375,-2.937592816812875,-5.292507644964762,-0.8594193378419496,-0.5448369334067736,5.448369334067737,1664.78173112771,1662,-1.2625,-1.2625,5,0,bbox fill,False,,True,,1500,1558,1662,1491,2000,2000,1000,1000
164,589226355019246,3.2799866429995745,commit_complete,tracking,0,127208,4222498337069,589226.347632657,0.007386588957160711,True,True,0.0,257,384,23,24,-0.1609375,-0.65,0.05,23.49468024894146,3.134727326656494,0.033917994587774114,,0.04422488705251956,0.04422488705251956,22.6117027458418,22.60431615688464,0.007386588957160711,0.1,1.4,347.0,0.004225051961839199,9.7,-9.2,9.2,0.10869565217391305,-10.0,-6.975597096933608,-6.975597096933608,-0.40700191663165786,-0.5,-0.9070019166316579,-0.8168749868564287,-0.66,0.03455308894626796,-0.15687498685642864,-3.137499737128573,-5.301915763613873,-0.8594193378419496,-0.5448369334067736,5.448369334067737,1664.9910461666748,1662,-1.3093750000000002,-1.3093750000000002,5,0,bbox fill,False,,True,,1500,1558,1662,1490,2000,2000,1000,1000
165,589226375027936,3.299995332956314,commit_complete,tracking,0,127208,4222498337069,589226.347632657,0.027395278913900256,False,True,0.0,257,384,23,24,-0.1609375,-0.65,0.05,,3.134727326656494,,duplicate frame,0.04422488705251956,0.04422488705251956,22.6117027458418,22.5843074669279,0.027395278913900256,0.1,1.4,347.0,0.024233741918578744,9.7,-9.2,9.2,0.10869565217391305,-10.0,-6.975459917644368,-6.975459917644368,-0.40736250219194603,-0.5,-0.907362502191946,-0.8268793318347984,-0.66,0.05456177890300751,-0.16687933183479842,-3.3375866366959683,-5.311932874046484,-0.8594193378419496,-0.5448369334067736,5.448369334067737,1665.2011501766747,1662,-1.3093750000000002,-1.3093750000000002,5,0,bbox fill,False,,True,,1500,1558,1662,1490,2000,2000,1000,1000
166,589226395039363,3.320006759953685,commit_complete,tracking,0,127209,4222531154731,589226.38111582,0.013923542923294008,True,True,0.0,255,382,23,24,-0.1671875,-0.6416666666666667,0.05,23.49468024894146,3.1434061833410607,0.02056590738074915,,0.09336219797654119,0.09336219797654119,10.710973195503245,10.69704965257995,0.013923542923294008,0.1,1.4,347.0,0.04424516891594976,9.7,-9.2,9.2,0.10869565217391305,-10.0,-6.846176088463485,-6.846176088463485,-0.8600502286890958,-0.5,-1.3600502286890959,-0.836885045333484,-0.66,0.07457320590037853,-0.17688504533348393,-3.5377009066696785,-5.3225520405613365,-0.8594193378419496,-0.5448369334067736,5.448369334067737,1664.4118836131634,1661,-1.371875,-1.371875,5,0,bbox fill,False,,True,,1500,1557,1661,1490,2000,2000,1000,1000
167,589226415017557,3.3399849539855495,commit_complete,tracking,0,127210,4222564358704,589226.414547321,0.0004702359437942505,True,True,0.0,254,380,22,24,-0.171875,-0.6333333333333333,0.05,22.978250586152114,3.1423346737907347,-0.011979279904005935,,0.064696348004842,0.064696348004842,15.456823002206523,15.456352766262729,0.0004702359437942505,0.1,1.4,347.0,0.06422336294781417,9.7,-9.2,9.2,0.10869565217391305,-10.0,-6.994656898231877,-6.946067058622807,-0.5952245098909266,-0.5,-1.0952245098909266,-0.8468741423494162,-0.66,0.09455139993224293,-0.18687414234941613,-3.7374828469883226,-5.333752264187521,-0.8594193378419496,-0.5448369334067736,5.448369334067737,1664.622865777108,1661,-1.41875,-1.41875,5,0,bbox fill,False,,True,,1500,1558,1661,1489,2000,2000,1000,1000
168,589226435004231,3.3599716280587018,commit_complete,tracking,0,127210,4222564358704,589226.414547321,0.020456910016946495,False,True,0.0,254,380,22,24,-0.171875,-0.6333333333333333,0.05,,3.1423346737907347,,duplicate frame,0.064696348004842,0.064696348004842,15.456823002206523,15.436366092189576,0.020456910016946495,0.1,1.4,347.0,0.08421003702096641,9.7,-9.2,9.2,0.10869565217391305,-10.0,-6.994349741619065,-6.994349741619065,-0.5959951937558008,-0.5,-1.0959951937558008,-0.8568674793859923,-0.66,0.11453807400539517,-0.19686747938599225,-3.937349587719845,-5.345556442625794,-0.8594193378419496,-0.5448369334067736,5.448369334067737,1664.8345366962778,1661,-1.41875,-1.41875,5,0,bbox fill,False,,True,,1500,1558,1661,1489,2000,2000,1000,1000
169,589226455059908,3.3800273049855605,commit_complete,tracking,0,127211,4222597549713,589226.447991083,0.007068824954330921,True,True,0.0,252,379,23,23,-0.1765625,-0.6270833333333333,0.04791666666666667,23.0,3.1413469115609503,-0.009004147125847073,,0.04315774925825139,0.04315774925825139,23.17080981253462,23.16374098758029,0.007068824954330921,0.1,1.4,347.0,0.10426571394782513,9.7,-9.2,9.2,0.10869565217391305,-10.0,-7.108935981859638,-7.094628126253359,-0.3971724603954416,-0.5,-0.8971724603954416,-0.8668953178494216,-0.66,0.1345937509322539,-0.2068953178494216,-4.137906356988433,-5.358004719583197,-0.8594193378419496,-0.5448369334067736,5.448369334067737,1665.0475417425039,1661,-1.4656250000000002,-1.4656250000000002,5,0,bbox fill,False,,True,,1500,1559,1661,1489,2000,2000,1000,1000
170,589226474974329,3.399941726005636,commit_complete,tracking,0,127211,4222597549713,589226.447991083,0.0269832459744066,False,True,0.0,252,379,23,23,-0.1765625,-0.6270833333333333,0.04791666666666667,,3.1413469115609503,,duplicate frame,0.04315774925825139,0.04315774925825139,23.17080981253462,23.143826566560215,0.0269832459744066,0.2,1.9,347.0,0.013198212021961808,9.7,-9.2,9.2,0.10869565217391305,-10.0,-7.10879745448236,-7.10879745448236,-0.3975142128524584,-0.5,-0.8975142128524585,-0.8768525283594595,-0.66,0.15450817195232958,-0.21685252835945945,-4.3370505671891895,-5.370960197230251,-0.8594193378419496,-0.5448369334067736,5.448369334067737,1665.2596414303516,1661,-1.4656250000000002,-1.4656250000000002,5,0,bbox fill,False,,True,,1500,1559,1661,1489,2000,2000,1000,1000
171,589226495039355,3.42000675201416,commit_complete,tracking,0,127212,4222628606329,589226.481421629,0.013617726042866707,True,True,0.0,251,377,22,24,-0.18125,-0.6208333333333333,0.05,22.978250586152114,3.1399051537907248,-0.008241556827067509,,0.023435530322686478,0.023435530322686478,30.0,29.986382273957133,0.013617726042866707,0.2,1.9,347.0,0.03326323803048581,9.6,-9.1,9.1,0.10989010989010989,-10.0,-7.186053714081752,-7.186053714081752,-0.30347108620379515,-0.5,-0.8034710862037951,-0.8668200153551975,-0.81,0.0029461990343406796,-0.05682001535519743,-1.1364003071039486,-5.374380482487971,-0.8739883639416599,-0.6106672195137509,6.106672195137509,1665.4041085944543,1665,-1.5125,-1.5125,5,0,bbox fill,False,,True,,1500,1560,1665,1489,2000,2000,1000,1000
172,589226515020567,3.4399879639968276,commit_complete,tracking,0,127213,4222661971051,589226.51490517,0.00011539703700691462,True,True,0.0,250,377,22,23,-0.184375,-0.61875,0.04791666666666667,22.494443758403985,3.1310923250403735,-0.02742152368713935,,-0.04208089447010358,0.0,30.0,29.999884602962993,0.00011539703700691462,0.2,1.9,347.0,0.053244450013153255,9.6,-9.1,9.1,0.10989010989010989,-10.0,-7.198122221786159,-7.198122221786159,-0.30333450013008456,-0.5,-0.8033345001300846,-0.8568294093638638,-0.81,0.022927411017008126,-0.046829409363863705,-0.9365881872772741,-5.377187607554538,-0.8739883639416599,-0.6106672195137509,6.106672195137509,1665.2071035996944,1665,-1.5437500000000002,-1.5437500000000002,5,0,bbox fill,False,,True,,1500,1560,1665,1488,2000,2000,1000,1000
173,589226535025264,3.459992661024444,commit_complete,tracking,0,127213,4222661971051,589226.51490517,0.020120094064623117,False,True,0.0,250,377,22,23,-0.184375,-0.61875,0.04791666666666667,,3.1310923250403735,,duplicate frame,-0.04208089447010358,0.0,30.0,29.979879905935377,0.020120094064623117,0.2,1.9,347.0,0.07324914704076946,9.6,-9.1,9.1,0.10989010989010989,-10.0,-7.198037422468497,-7.198037422468497,-0.30353690637027514,-0.5,-0.8035369063702751,-0.8468270608500557,-0.81,0.04293210804462433,-0.036827060850055604,-0.7365412170011121,-5.379397750138708,-0.8739883639416599,-0.6106672195137509,6.106672195137509,1665.0092667720023,1665,-1.5437500000000002,-1.5437500000000002,5,0,bbox fill,False,,True,,1500,1560,1665,1488,2000,2000,1000,1000
174,589226555019281,3.4799866779940203,commit_complete,tracking,0,127214,4222694458979,589226.548365385,0.006653895950876176,True,True,0.0,249,376,22,24,-0.1875,-0.6166666666666667,0.05,22.978250586152114,3.131386637667924,0.004863852592625673,,-0.030451913411820263,0.0,30.0,29.993346104049124,0.006653895950876176,0.2,1.9,348.0,0.012448975001461804,9.6,-9.1,9.1,0.10989010989010989,-10.0,-7.210105963179114,-7.210105963179114,-0.30340062654001426,-0.5,-0.8034006265400142,-0.8368300523652674,-0.81,0.0629261250142008,-0.026830052365267365,-0.5366010473053473,-5.381007071705565,-0.8739883639416599,-0.6106672195137509,6.106672195137509,1664.8109359238733,1665,-1.575,-1.575,5,0,bbox fill,False,,True,,1500,1560,1665,1488,2000,2000,1000,1000
175,589226575056242,3.5000236390624195,commit_complete,tracking,0,127214,4222694458979,589226.548365385,0.026690857019275427,False,True,0.0,249,376,22,24,-0.1875,-0.6166666666666667,0.05,,3.131386637667924,,duplicate frame,-0.030451913411820263,0.0,30.0,29.973309142980725,0.026690857019275427,0.2,1.9,348.0,0.032485936069861054,9.6,-9.1,9.1,0.10989010989010989,-10.0,-7.210020525620873,-7.210020525620873,-0.3036034478739254,-0.5,-0.8036034478739253,-0.8268115718310678,-0.81,0.08296308608260006,-0.01681157183106774,-0.3362314366213548,-5.3820176301363984,-0.8739883639416599,-0.6106672195137509,6.106672195137509,1665.6115768716202,1666,-1.575,-1.575,5,0,bbox fill,False,,True,,1500,1560,1666,1488,2000,2000,1000,1000
176,589226595019937,3.5199873340316117,commit_complete,tracking,0,127215,4222727307030,589226.581845631,0.013174306019209325,True,True,0.0,248,377,22,24,-0.190625,-0.6208333333333333,0.05,22.978250586152114,3.1318304647244255,0.004181041736469382,,-0.020461445025635912,0.0,30.0,29.98682569398079,0.013174306019209325,0.2,1.9,348.0,0.0524496310390532,9.6,-9.1,9.1,0.10989010989010989,-10.0,-7.186055583863357,-7.186055583863357,-0.3034665987279417,-0.5,-0.8034665987279417,-0.8168297243464717,-0.81,0.1029267810517922,-0.006829724346471666,-0.13659448692943332,-5.382426669737129,-0.8739883639416599,-0.6106672195137509,6.106672195137509,1665.412348961529,1666,-1.60625,-1.60625,5,0,bbox fill,False,,True,,1500,1560,1666,1488,2000,2000,1000,1000
177,589226614993293,3.5399606899591163,commit_complete,tracking,0,127215,4222727307030,589226.581845631,0.033147661946713924,False,True,0.0,248,377,22,24,-0.190625,-0.6208333333333333,0.05,,3.1318304647244255,,duplicate frame,-0.020461445025635912,0.0,30.0,29.966852338053286,0.033147661946713924,0.2,1.9,348.0,0.0724229869665578,9.6,-9.1,9.1,0.10989010989010989,-10.0,-7.185971306766115,-7.185971306766115,-0.3036688637613234,-0.5,-0.8036688637613234,-0.8068430463827194,-0.81,0.1229001369792968,0.0031569536172806334,0.06313907234561267,-5.3822375048623945,-0.8739883639416599,-0.6106672195137509,6.106672195137509,1665.2124262373793,1666,-1.60625,-1.60625,5,0,bbox fill,False,,True,,1500,1560,1666,1488,2000,2000,1000,1000
178,589226635018586,3.5599859829526395,commit_complete,tracking,0,127216,4222760507855,589226.6152674,0.01975118590053171,True,True,0.0,247,378,23,23,-0.1921875,-0.6229166666666667,0.04791666666666667,23.0,3.1326682701476667,0.004347608894589516,,-0.010054793266599426,0.0,30.0,29.98024881409947,0.01975118590053171,0.2,1.9,348.0,0.09244827996008098,9.6,-9.1,9.1,0.10989010989010989,-10.0,-7.174016703269459,-7.174016703269459,-0.3035331713364681,-0.5,-0.8035331713364682,-0.8035331713364682,-0.81,0.14292542997281998,0.006466828663531876,0.12933657327063752,-5.381849004446216,-0.8739883639416599,-0.6106672195137509,6.106672195137509,1665.145840236038,1666,-1.6218750000000002,-1.6218750000000002,5,0,bbox fill,False,,True,,1500,1560,1666,1488,2000,2000,1000,1000
179,589226655042353,3.580009749974124,commit_complete,tracking,0,127217,4222793187644,589226.648809439,0.00623291393276304,True,True,0.0,247,379,23,24,-0.1921875,-0.6291666666666667,0.05,23.49468024894146,3.14088606582042,0.024443011258657776,,0.04824341875680002,0.04824341875680002,20.728215905284443,20.72198299135168,0.00623291393276304,0.2,1.9,348.0,0.11247204698156565,9.52,-9.02,9.02,0.11086474501108648,-10.0,-7.086333606499663,-7.086333606499663,-0.435286526572505,-0.5,-0.935286526572505,-0.8135450548472105,-0.94,0.002418785006739199,0.12645494515278943,2.5290989030557887,-5.374252691364854,-0.8098154012715645,-0.6504968558653136,6.504968558653136,1665.3401852296558,1669,-1.6218750000000002,-1.6218750000000002,5,0,bbox fill,False,,True,,1500,1559,1669,1488,2000,2000,1000,1000
180,589226675025403,3.599992800038308,commit_complete,tracking,0,127217,4222793187644,589226.648809439,0.02621596399694681,False,True,0.0,247,379,23,24,-0.1921875,-0.6291666666666667,0.05,,3.14088606582042,,duplicate frame,0.04824341875680002,0.04824341875680002,20.728215905284443,20.701999941287497,0.02621596399694681,0.0,1.4,348.0,0.002173427026718855,9.52,-9.02,9.02,0.11086474501108648,-10.0,-7.08616086490461,-7.08616086490461,-0.435706696241012,-0.5,-0.935706696241012,-0.8235365798793024,-0.94,0.02240183507092297,0.11646342012069755,2.329268402413951,-5.367270808300099,-0.8098154012715645,-0.6504968558653136,6.504968558653136,1665.533033847233,1669,-1.6218750000000002,-1.6218750000000002,5,0,bbox fill,False,,True,,1500,1559,1669,1488,2000,2000,1000,1000
181,589226695018420,3.61998581700027,commit_complete,tracking,0,127218,4222826289646,589226.682232496,0.01278592401649803,True,True,0.0,247,380,23,24,-0.1921875,-0.6333333333333333,0.05,23.49468024894146,3.147494938527698,0.014275514785922372,,0.08241268055836327,0.08241268055836327,12.134055017077339,12.12126909306084,0.01278592401649803,0.0,1.4,348.0,0.02216644398868084,9.52,-9.02,9.02,0.11086474501108648,-10.0,-6.937338820171001,-6.937338820171001,-0.7441465023793383,-0.5,-1.2441465023793383,-0.8335330883602834,-0.94,0.042394852032884955,0.10646691163971655,2.129338232794331,-5.360885023989198,-0.8098154012715645,-0.6504968558653136,6.504968558653136,1664.7265782325417,1668,-1.6218750000000002,-1.6218750000000002,5,0,bbox fill,False,,True,,1500,1558,1668,1488,2000,2000,1000,1000
182,589226715019621,3.6399870179593563,commit_complete,tracking,0,127218,4222826289646,589226.682232496,0.03278712497558445,False,True,0.0,247,380,23,24,-0.1921875,-0.6333333333333333,0.05,,3.147494938527698,,duplicate frame,0.08241268055836327,0.08241268055836327,12.134055017077339,12.101267892101754,0.03278712497558445,0.0,1.4,348.0,0.04216764494776726,9.52,-9.02,9.02,0.11086474501108648,-10.0,-6.936838844886888,-6.936838844886888,-0.7453764415782552,-0.5,-1.2453764415782551,-0.8435336888398266,-0.94,0.062396052991971374,0.09646631116017335,1.929326223203467,-5.355096697763309,-0.8098154012715645,-0.6504968558653136,6.504968558653136,1664.9208019159066,1668,-1.6218750000000002,-1.6218750000000002,5,0,bbox fill,False,,True,,1500,1558,1668,1488,2000,2000,1000,1000
183,589226734997852,3.659965249011293,commit_complete,tracking,0,127219,4222859409394,589226.715656691,0.019341161008924246,True,True,0.0,247,381,23,24,-0.1921875,-0.6375,0.05,23.49468024894146,3.152533093521037,0.006524507103861765,,0.09802893004525523,0.09802893004525523,10.2010702303733,10.181729069364376,0.019341161008924246,0.0,1.4,348.0,0.062145875999704,9.52,-9.02,9.02,0.11086474501108648,-10.0,-6.858354798935904,-6.858354798935904,-0.8859006106477648,-0.5,-1.3859006106477647,-0.853522804365795,-0.94,0.08237428404390812,0.08647719563420497,1.7295439126840995,-5.3499137135779975,-0.8098154012715645,-0.6504968558653136,6.504968558653136,1665.1154012422408,1668,-1.6218750000000002,-1.6218750000000002,5,0,bbox fill,False,,True,,1500,1557,1668,1488,2000,2000,1000,1000
184,589226755031698,3.679999095038511,commit_complete,tracking,0,127220,4222892507879,589226.749150895,0.005880802986212075,True,True,0.0,248,382,22,24,-0.190625,-0.6416666666666667,0.05,22.978250586152114,3.1483725710779957,-0.021268352653638356,,0.047230045266423604,0.047230045266423604,21.172962980641305,21.167082177655093,0.005880802986212075,0.0,1.4,348.0,0.08217972202692181,9.52,-9.02,9.02,0.11086474501108648,-10.0,-7.019643987572012,-6.958524029071993,-0.4261333670978001,-0.5,-0.9261333670978,-0.8635397273794039,-0.94,0.10240813007112592,0.07646027262059607,1.5292054524119214,-5.345318333591357,-0.8098154012715645,-0.6504968558653136,6.504968558653136,1665.3111443225264,1668,-1.60625,-1.60625,5,0,bbox fill,False,,True,,1500,1558,1668,1488,2000,2000,1000,1000
185,589226775005932,3.6999733289703727,commit_complete,tracking,0,127220,4222892507879,589226.749150895,0.025855036918073893,False,True,0.0,248,382,22,24,-0.190625,-0.6416666666666667,0.05,,3.1483725710779957,,duplicate frame,0.047230045266423604,0.047230045266423604,21.172962980641305,21.14710794372323,0.025855036918073893,0.0,1.4,348.0,0.10215395595878363,9.52,-9.02,9.02,0.11086474501108648,-10.0,-7.019484088713495,-7.019484088713495,-0.42653586599189164,-0.5,-0.9265358659918916,-0.8735268443453348,-0.94,0.12238236400298774,0.06647315565466516,1.3294631130933032,-5.341335082507651,-0.8098154012715645,-0.6504968558653136,6.504968558653136,1664.5069034107612,1667,-1.60625,-1.60625,5,0,bbox fill,False,,True,,1500,1558,1667,1488,2000,2000,1000,1000
186,589226795017279,3.7199846759904176,commit_complete,tracking,0,127221,4222925427026,589226.782598681,0.012418597936630249,True,True,0.0,249,383,22,24,-0.1875,-0.6458333333333334,0.05,22.978250586152114,3.1445608521397856,-0.015404169671776824,,0.010386543167740542,0.010386543167740542,30.0,29.98758140206337,0.012418597936630249,0.0,1.4,348.0,0.12216530297882855,9.52,-9.02,9.02,0.11086474501108648,-10.0,-7.045374859971362,-7.045374859971362,-0.30079118015764206,-0.5,-0.8007911801576421,-0.8635211708353123,-0.94,0.14239371102303267,0.07647882916468762,1.5295765832937525,-5.336743749337347,-0.8098154012715645,-0.6504968558653136,6.504968558653136,1665.3021986073904,1668,-1.575,-1.575,5,0,bbox fill,False,,True,,1500,1559,1668,1488,2000,2000,1000,1000
187,589226814994624,3.73996202100534,commit_complete,tracking,0,127221,4222925427026,589226.782598681,0.03239594295155257,False,True,0.0,249,383,22,24,-0.1875,-0.6458333333333334,0.05,,3.1445608521397856,,duplicate frame,0.010386543167740542,0.010386543167740542,30.0,29.967604057048447,0.03239594295155257,0.0,1.4,348.0,0.14214264799375087,9.52,-9.02,9.02,0.11086474501108648,-10.0,-7.045296127842941,-7.045296127842941,-0.3009916969948245,-0.5,-0.8009916969948245,-0.8535324983278512,-0.94,0.16237105603795499,0.08646750167214878,1.7293500334429757,-5.331561575996899,-0.8098154012715645,-0.6504968558653136,6.504968558653136,1665.0972429839007,1668,-1.575,-1.575,5,0,bbox fill,False,,True,,1500,1559,1668,1488,2000,2000,1000,1000
188,589226835024605,3.759992002043873,commit_complete,tracking,0,127222,4222958398292,589226.815994232,0.019030373077839613,True,True,0.0,250,383,23,24,-0.1828125,-0.6458333333333334,0.05,23.49468024894146,3.1490609238046066,0.011866306667601467,,0.03881262111754338,0.03881262111754338,25.76481492892522,25.74578455584738,0.019030373077839613,0.0,1.2,347.0,0.008930783020332456,9.52,-9.02,9.02,0.11086474501108648,-10.0,-7.025916332210822,-7.025916332210822,-0.3503486165058962,-0.5,-0.8503486165058962,-0.8503486165058962,-0.94,0.18240103707648814,0.08965138349410373,1.7930276698820746,-5.326174429462504,-0.8098154012715645,-0.6504968558653136,6.504968558653136,1665.0281782009272,1668,-1.528125,-1.528125,5,0,bbox fill,False,,True,,1500,1559,1668,1489,2000,2000,1000,1000
189,589226855031602,3.7799989989725873,commit_complete,tracking,0,127223,4222991344160,589226.849664231,0.005367371020838618,True,True,0.0,252,383,22,24,-0.178125,-0.6458333333333334,0.05,22.978250586152114,3.1448308837154695,-0.015819602865136506,,0.001225205990270914,0.001225205990270914,30.0,29.99463262897916,0.005367371020838618,0.0,1.2,347.0,0.02893777994904667,9.52,-9.02,9.02,0.11086474501108648,-10.0,-7.045402624313526,-7.045402624313526,-0.30072046927773916,-0.5,-0.8007204692777392,-0.8403451180415391,-0.94,0.20240803400520235,0.09965488195846084,1.9930976391692168,-5.320193044710681,-0.8098154012715645,-0.6504968558653136,6.504968558653136,1664.8221268468883,1668,-1.4812500000000002,-1.4812500000000002,5,0,bbox fill,False,,True,,1500,1559,1668,1489,2000,2000,1000,1000
190,589226875034762,3.8000021589687094,commit_complete,tracking,0,127223,4222991344160,589226.849664231,0.02537053101696074,False,True,0.0,252,383,22,24,-0.178125,-0.6458333333333334,0.05,,3.1448308837154695,,duplicate frame,0.001225205990270914,0.001225205990270914,30.0,29.97462946898304,0.02537053101696074,0.0,1.2,347.0,0.04894093994516879,9.45,-8.95,8.95,0.111731843575419,-10.0,-7.048394801533578,-7.048394801533578,-0.2985858427127923,-0.5,-0.7985858427127923,-0.830343538043478,-0.97,0.008615807979367673,0.13965646195652193,2.7931292391304385,-5.311812333051655,-0.1403210824995027,-0.5484617011921514,5.4846170119215145,1665.0340660819998,1668,-1.4812500000000002,-1.4812500000000002,5,0,bbox fill,False,,True,,1500,1559,1668,1489,2000,2000,1000,1000
191,589226895045598,3.820012995041907,commit_complete,tracking,0,127224,4223025033297,589226.883004274,0.012041324051097035,True,True,0.0,253,382,23,24,-0.1734375,-0.6416666666666667,0.05,23.49468024894146,3.1490375339868377,0.011902291002630516,,0.02978495557112374,0.02978495557112374,30.0,29.987958675948903,0.012041324051097035,0.0,1.2,347.0,0.06895177601836622,9.45,-8.95,8.95,0.111731843575419,-10.0,-7.0725467001413955,-7.0725467001413955,-0.2984531256933512,-0.5,-0.7984531256933511,-0.8203381200068793,-0.97,0.028626644052565098,0.14966187999312064,2.993237599862413,-5.302827755010808,-0.1403210824995027,-0.5484617011921514,5.4846170119215145,1664.8249731432268,1668,-1.434375,-1.434375,5,0,bbox fill,False,,True,,1500,1559,1668,1489,2000,2000,1000,1000
192,589226915021339,3.8399887359701097,commit_complete,tracking,0,127224,4223025033297,589226.883004274,0.0320170649792999,False,True,0.0,253,382,23,24,-0.1734375,-0.6416666666666667,0.05,,3.1490375339868377,,duplicate frame,0.02978495557112374,0.02978495557112374,30.0,29.9679829350207,0.0320170649792999,0.0,1.2,347.0,0.08892751694656909,9.45,-8.95,8.95,0.111731843575419,-10.0,-7.072467050157931,-7.072467050157931,-0.29865206541949124,-0.5,-0.7986520654194913,-0.8103502495427779,-0.97,0.048602384980767965,0.15964975045722207,3.1929950091444415,-5.293260388847651,-0.1403210824995027,-0.5484617011921514,5.4846170119215145,1664.6156483677817,1668,-1.434375,-1.434375,5,0,bbox fill,False,,True,,1500,1559,1668,1489,2000,2000,1000,1000
193,589226935022827,3.8599902240093797,commit_complete,tracking,0,127225,4223058513445,589226.916415155,0.01860767195466906,True,True,0.0,255,380,23,24,-0.1671875,-0.6333333333333333,0.05,23.49468024894146,3.1523921472351883,0.006741347543629317,,0.04592663715260845,0.04592663715260845,21.773856350011553,21.755248678056883,0.01860767195466906,0.0,1.2,347.0,0.10892900498583913,9.45,-8.95,8.95,0.111731843575419,-10.0,-7.074475056533907,-7.074475056533907,-0.41139497564223604,-0.5,-0.911394975642236,-0.8203509935624129,-0.97,0.06860387302003801,0.14964900643758705,2.992980128751741,-5.284280780410601,-0.1403210824995027,-0.5484617011921514,5.4846170119215145,1664.8066836397375,1668,-1.371875,-1.371875,5,0,bbox fill,False,,True,,1500,1559,1668,1490,2000,2000,1000,1000
194,589226955006613,3.879974010051228,commit_complete,tracking,0,127226,4223090324734,589226.949921571,0.00508504209574312,True,True,0.0,257,379,23,24,-0.1609375,-0.6291666666666667,0.05,23.49468024894146,3.1549260478548478,0.002843038897999861,,0.05271468373191247,0.05271468373191247,18.97004646913245,18.964961427036705,0.00508504209574312,0.0,1.2,347.0,0.1289127910276875,9.45,-8.95,8.95,0.111731843575419,-10.0,-7.072969553070556,-7.072969553070556,-0.47192292135330993,-0.5,-0.9719229213533099,-0.8303428865833371,-0.97,0.08858765906188637,0.13965711341666287,2.7931422683332574,-5.275908146789378,-0.1403210824995027,-0.5484617011921514,5.4846170119215145,1664.9981488665346,1668,-1.3093750000000002,-1.3093750000000002,5,0,bbox fill,False,,True,,1500,1559,1668,1490,2000,2000,1000,1000
195,589226975025478,3.8999928750563413,commit_complete,tracking,0,127226,4223090324734,589226.949921571,0.025103907100856304,False,True,0.0,257,379,23,24,-0.1609375,-0.6291666666666667,0.05,,3.1549260478548478,,duplicate frame,0.05271468373191247,0.05271468373191247,18.97004646913245,18.944942562031592,0.025103907100856304,0.0,1.6,346.0,0.0179246790939942,9.45,-8.95,8.95,0.111731843575419,-10.0,-7.072762932784119,-7.072762932784119,-0.4724215959322619,-0.5,-0.972421595932262,-0.8403523190858937,-0.97,0.10860652406699955,0.12964768091410628,2.5929536182821256,-5.268121948522042,-0.1403210824995027,-0.5484617011921514,5.4846170119215145,1665.1905513183185,1668,-1.3093750000000002,-1.3093750000000002,5,0,bbox fill,False,,True,,1500,1559,1668,1490,2000,2000,1000,1000
196,589226995036171,3.920003568055108,commit_complete,tracking,0,127227,4223123308433,589226.98341929,0.011616881005465984,True,True,0.0,259,377,23,24,-0.1546875,-0.6208333333333333,0.05,23.49468024894146,3.1567206232882055,8.215361591057402e-05,,0.05291088483009388,0.05291088483009388,18.899702834514585,18.88808595350912,0.011616881005465984,0.0,1.6,346.0,0.0379353720927611,9.45,-8.95,8.95,0.111731843575419,-10.0,-7.118739412818218,-7.118739412818218,-0.4738436717213914,-0.5,-0.9738436717213914,-0.8503576655852771,-0.97,0.12861721706576645,0.11964233441472283,2.3928466882944566,-5.260939570451155,-0.1403210824995027,-0.5484617011921514,5.4846170119215145,1665.383475870235,1668,-1.2468750000000002,-1.2468750000000002,5,0,bbox fill,False,,True,,1500,1559,1668,1491,2000,2000,1000,1000
197,589227015034202,3.9400015990249813,commit_complete,tracking,0,127227,4223123308433,589226.98341929,0.031614911975339055,False,True,0.0,259,377,23,24,-0.1546875,-0.6208333333333333,0.05,,3.1567206232882055,,duplicate frame,0.05291088483009388,0.05291088483009388,18.899702834514585,18.868087922539246,0.031614911975339055,0.0,1.6,346.0,0.05793340306263417,9.4,-8.9,8.9,0.11235955056179775,-10.0,-7.1209067028097275,-7.1209067028097275,-0.4716959151631009,-0.5,-0.9716959151631008,-0.8603566810702137,-0.97,0.018251243978738785,0.1096433189297863,2.192866378595726,-5.254361618988362,0.0,-0.43876936095372115,4.387693609537211,1664.6738016308555,1666,-1.2468750000000002,-1.2468750000000002,5,0,bbox fill,False,,True,,1500,1559,1666,1491,2000,2000,1000,1000
198,589227035029835,3.95999723195564,commit_complete,tracking,0,127228,4223156519437,589227.016786871,0.018242963938973844,True,True,0.0,262,376,22,24,-0.146875,-0.6166666666666667,0.05,22.978250586152114,3.1501078351377725,-0.023937989668679993,,-0.004481323954443624,0.0,30.0,29.981757036061026,0.018242963938973844,0.0,1.6,346.0,0.07792903599329293,9.4,-8.9,8.9,0.11235955056179775,-10.0,-7.21952275058376,-7.21952275058376,-0.2968471790794444,-0.5,-0.7968471790794445,-0.8503588646048843,-0.97,0.03824687690939754,0.11964113539511567,2.3928227079023134,-5.247184718308058,0.0,-0.43876936095372115,4.387693609537211,1665.4666684008685,1667,-1.1687500000000002,-1.1687500000000002,5,0,bbox fill,False,,True,,1500,1560,1667,1491,2000,2000,1000,1000
199,589227055019606,3.979987003025599,commit_complete,tracking,0,127229,4223189261296,589227.050349131,0.004670475027523935,True,True,0.0,264,375,23,24,-0.1390625,-0.6125,0.05,23.49468024894146,3.1523432387542907,0.00681659136039503,,0.011766905727755305,0.011766905727755305,30.0,29.995329524972476,0.004670475027523935,-0.1,1.8,346.0,0.017590361996553838,9.4,-8.9,8.9,0.11235955056179775,-10.0,-7.243706479639492,-7.243706479639492,-0.29671285966671396,-0.5,-0.7967128596667139,-0.8403639790699049,-0.97,0.05823664797935635,0.12963602093009507,2.5927204186019015,-5.239410535165619,0.0,-0.43876936095372115,4.387693609537211,1665.2589965070265,1667,-1.0906250000000002,-1.0906250000000002,5,0,bbox fill,False,,True,,1500,1560,1667,1492,2000,2000,1000,1000
200,589227075022378,3.9999897750094533,commit_complete,tracking,0,127229,4223189261296,589227.050349131,0.024673247011378407,False,True,0.0,264,375,23,24,-0.1390625,-0.6125,0.05,,3.1523432387542907,,duplicate frame,0.011766905727755305,0.011766905727755305,30.0,29.97532675298862,0.024673247011378407,-0.1,1.8,346.0,0.03759313398040831,9.4,-8.9,8.9,0.11235955056179775,-10.0,-7.243620272282998,-7.243620272282998,-0.29691085849840304,-0.5,-0.796910858498403,-0.8303625930779777,-0.97,0.07823941996321082,0.1396374069220223,2.7927481384404462,-5.2310311295323855,0.0,-0.43876936095372115,4.387693609537211,1665.0505893815548,1667,-1.0906250000000002,-1.0906250000000002,5,0,bbox fill,False,,True,,1500,1560,1667,1492,2000,2000,1000,1000
201,589227095040602,4.0200079990318045,commit_complete,tracking,0,127231,4223255595680,589227.083775723,0.011264879023656249,True,True,0.0,269,374,23,24,-0.1234375,-0.6083333333333333,0.05,23.49468024894146,3.154149676200819,0.004037456827274077,,0.02142976774146549,0.02142976774146549,30.0,29.988735120976344,0.011264879023656249,-0.1,1.8,346.0,0.057611358002759516,9.4,-8.9,8.9,0.11235955056179775,-10.0,-7.267803642645294,-7.267803642645294,-0.2967781056485667,-0.5,-0.7967781056485668,-0.8203534810668021,-0.97,0.09825764398556203,0.14964651893319791,2.9929303786639583,-5.222044156911876,0.0,-0.43876936095372115,4.387693609537211,1665.8414201687108,1668,-0.9343750000000001,-0.9343750000000001,5,0,bbox fill,False,,True,,1500,1561,1668,1493,2000,2000,1000,1000
202,589227115025796,4.039993193000555,commit_complete,tracking,0,127231,4223255595680,589227.083775723,0.031250072992406785,False,True,0.0,269,374,23,24,-0.1234375,-0.6083333333333333,0.05,,3.154149676200819,,duplicate frame,0.02142976774146549,0.02142976774146549,30.0,29.968749927007593,0.031250072992406785,-0.1,1.8,346.0,0.07759655197151005,9.4,-8.9,8.9,0.11235955056179775,-10.0,-7.267716546646572,-7.267716546646572,-0.29697601740736584,-0.5,-0.7969760174073659,-0.8103608840824268,-0.97,0.11824283795431256,0.15963911591757318,3.1927823183514636,-5.212472900822038,0.0,-0.43876936095372115,4.387693609537211,1665.6319969729334,1668,-0.9343750000000001,-0.9343750000000001,5,0,bbox fill,False,,True,,1500,1561,1668,1493,2000,2000,1000,1000
203,589227135023784,4.059991181013174,commit_complete,tracking,0,127232,4223288622108,589227.117211972,0.01781181199476123,True,True,0.0,271,374,23,24,-0.1171875,-0.6083333333333333,0.05,23.49468024894146,3.1555339428118074,0.0019078158872924966,,0.025994432603739483,0.025994432603739483,30.0,29.98218818800524,0.01781181199476123,-0.1,1.8,346.0,0.09759453998412937,9.4,-8.9,8.9,0.11235955056179775,-10.0,-7.267775123728086,-7.267775123728086,-0.29684291033703003,-0.5,-0.79684291033703,-0.8003618900761171,-0.97,0.13824082596693188,0.16963810992388284,3.392762198477657,-5.202295638155815,0.0,-0.43876936095372115,4.387693609537211,1665.421839830141,1668,-0.871875,-0.871875,5,0,bbox fill,False,,True,,1500,1561,1668,1493,2000,2000,1000,1000
204,589227155014770,4.079982166993432,commit_complete,tracking,0,127233,4223321288616,589227.150676327,0.004338443046435714,True,True,0.0,274,375,22,24,-0.109375,-0.6125,0.05,22.978250586152114,3.148754338973503,-0.021855687877495367,,-0.02625384870725694,0.0,30.0,29.995661556953564,0.004338443046435714,0.0,1.8,345.0,0.008869625045917928,9.4,-8.9,8.9,0.11235955056179775,-10.0,-7.243707909651029,-7.243707909651029,-0.2967095752531189,-0.5,-0.7967095752531189,-0.7967095752531189,-0.97,0.15823181194718927,0.17329042474688106,3.465808494937621,-5.191902898800931,0.0,-0.43876936095372115,4.387693609537211,1665.3384007943262,1668,-0.79375,-0.79375,5,0,bbox fill,False,,True,,1500,1560,1668,1494,2000,2000,1000,1000
205,589227174997638,4.099965034984052,commit_complete,tracking,0,127233,4223321288616,589227.150676327,0.024321311037056148,False,True,0.0,274,375,22,24,-0.109375,-0.6125,0.05,,3.148754338973503,,duplicate frame,-0.02625384870725694,0.0,30.0,29.975678688962944,0.024321311037056148,0.0,1.8,345.0,0.028852493036538363,9.4,-8.9,8.9,0.11235955056179775,-10.0,-7.243621790040605,-7.243621790040605,-0.296907372551901,-0.5,-0.796907372551901,-0.796907372551901,-0.97,0.1782146799378097,0.17309262744809895,3.461852548961979,-5.1815262374275965,0.0,-0.43876936095372115,4.387693609537211,1665.3319800789284,1668,-0.79375,-0.79375,5,0,bbox fill,False,,True,,1500,1560,1668,1494,2000,2000,1000,1000
206,589227195027523,4.119994919979945,commit_complete,tracking,0,127234,4223354411207,589227.184131744,0.01089577900711447,True,True,0.0,276,376,22,24,-0.103125,-0.6166666666666667,0.05,22.978250586152114,3.1432112532343,-0.013327863663337602,,-0.05812399673870024,0.0,30.0,29.989104220992886,0.01089577900711447,0.0,1.8,345.0,0.048882378032431006,9.33,-8.83,8.83,0.11325028312570781,-10.0,-7.222968549395331,-7.222968549395331,-0.2944402718711034,-0.5,-0.7944402718711034,-0.7944402718711034,-1.0,0.01862338196951896,0.20555972812889656,4.111194562577931,-5.16917422428497,-0.16701816291891391,-0.3844191213467597,3.844191213467597,1665.2137884482395,1668,-0.73125,-0.73125,5,0,bbox fill,False,,True,,1500,1560,1668,1495,2000,2000,1000,1000
207,589227215010492,4.139977889019065,commit_complete,tracking,0,127234,4223354411207,589227.184131744,0.03087874804623425,False,True,0.0,276,376,22,24,-0.103125,-0.6166666666666667,0.05,,3.1432112532343,,duplicate frame,-0.05812399673870024,0.0,30.0,29.969121251953766,0.03087874804623425,0.0,1.8,345.0,0.06886534707155079,9.33,-8.83,8.83,0.11325028312570781,-10.0,-7.222883318098047,-7.222883318098047,-0.29463660031154065,-0.5,-0.7946366003115406,-0.7946366003115406,-1.0,0.03860635100863874,0.2053633996884594,4.107267993769188,-5.156862912911741,-0.16701816291891391,-0.3844191213467597,3.844191213467597,1665.205403705675,1668,-0.73125,-0.73125,5,0,bbox fill,False,,True,,1500,1560,1668,1495,2000,2000,1000,1000
208,589227235008041,4.159975438029505,commit_complete,tracking,0,127235,4223387244803,589227.217593129,0.017414911999367177,True,True,0.0,278,377,22,24,-0.096875,-0.6208333333333333,0.05,22.978250586152114,3.1389149731175277,-0.006718201945226099,,-0.07418597847369451,0.0,30.0,29.982585088000633,0.017414911999367177,0.0,1.8,345.0,0.0888628960819915,9.33,-8.83,8.83,0.11325028312570781,-10.0,-7.19877835696863,-7.19877835696863,-0.2945042922110764,-0.5,-0.7945042922110763,-0.7945042922110763,-1.0,0.05860390001907945,0.20549570778892368,4.1099141557784735,-5.144534681447909,-0.16701816291891391,-0.3844191213467597,3.844191213467597,1665.1904293122018,1668,-0.6687500000000001,-0.6687500000000001,5,0,bbox fill,False,,True,,1500,1560,1668,1495,2000,2000,1000,1000
209,589227255025745,4.179993142024614,commit_complete,tracking,0,127236,4223420295716,589227.251041761,0.003983984002843499,True,True,0.0,279,378,23,24,-0.0921875,-0.625,0.05,23.49468024894146,3.143552717954496,0.02034046951392554,,-0.025537126062596706,0.0,30.0,29.996016015997157,0.003983984002843499,0.0,1.8,345.0,0.1088806000771001,9.33,-8.83,8.83,0.11325028312570781,-10.0,-7.1746719595833035,-7.1746719595833035,-0.29437242583451345,-0.5,-0.7943724258345135,-0.7943724258345135,-1.0,0.07862160401418805,0.2056275741654865,4.11255148330973,-5.132186105709278,-0.16701816291891391,-0.3844191213467597,3.844191213467597,1665.1754434089319,1668,-0.6218750000000001,-0.6218750000000001,5,0,bbox fill,False,,True,,1500,1560,1668,1495,2000,2000,1000,1000
210,589227275046334,4.200013731024228,commit_complete,tracking,0,127236,4223420295716,589227.251041761,0.02400457300245762,False,True,0.0,279,378,23,24,-0.0921875,-0.625,0.05,,3.143552717954496,,duplicate frame,-0.025537126062596706,0.0,30.0,29.975995426997542,0.02400457300245762,0.0,1.8,345.0,0.12890118907671422,9.33,-8.83,8.83,0.11325028312570781,-10.0,-7.17458846257265,-7.17458846257265,-0.2945690334622669,-0.5,-0.7945690334622669,-0.7945690334622669,-1.0,0.09864219301380217,0.20543096653773307,4.108619330754662,-5.119847558862741,-0.16701816291891391,-0.3844191213467597,3.844191213467597,1665.1670370146405,1668,-0.6218750000000001,-0.6218750000000001,5,0,bbox fill,False,,True,,1500,1560,1668,1495,2000,2000,1000,1000
211,589227295039525,4.220006922027096,commit_complete,tracking,0,127237,4223453164201,589227.284482596,0.010556929046288133,True,True,0.0,281,379,22,24,-0.0875,-0.6291666666666667,0.05,22.978250586152114,3.139846027487326,-0.008150593283377638,,-0.04503566619979478,0.0,30.0,29.989443070953712,0.010556929046288133,-0.1,1.3,344.0,0.017841292079538107,9.33,-8.83,8.83,0.11325028312570781,-10.0,-7.150481841710018,-7.150481841710018,-0.2944369449978983,-0.5,-0.7944369449978983,-0.7944369449978983,-1.0,0.11863538401667029,0.2055630550021017,4.111261100042034,-5.1075179745973704,-0.16701816291891391,-0.3844191213467597,3.844191213467597,1665.1520656610878,1668,-0.575,-0.575,5,0,bbox fill,False,,True,,1500,1560,1668,1496,2000,2000,1000,1000
212,589227315060193,4.2400275899562985,commit_complete,tracking,0,127237,4223453164201,589227.284482596,0.03057759697549045,False,True,0.0,281,379,22,24,-0.0875,-0.6291666666666667,0.05,,3.139846027487326,,duplicate frame,-0.04503566619979478,0.0,30.0,29.96942240302451,0.03057759697549045,-0.1,1.3,344.0,0.037861960008740425,9.33,-8.83,8.83,0.11325028312570781,-10.0,-7.150399235907698,-7.150399235907698,-0.29463363962292705,-0.5,-0.794633639622927,-0.794633639622927,-1.0,0.1386560519458726,0.205366360377073,4.10732720754146,-5.095183259482556,-0.16701816291891391,-0.3844191213467597,3.844191213467597,1665.1436648384736,1668,-0.575,-0.575,5,0,bbox fill,False,,True,,1500,1560,1668,1496,2000,2000,1000,1000
213,589227335027170,4.259994567022659,commit_complete,tracking,0,127238,4223486318246,589227.317905271,0.017121899058111012,True,True,0.0,282,380,23,24,-0.0828125,-0.6333333333333333,0.05,23.49468024894146,3.144792437883107,0.018433208085293362,,-0.0009142232709780304,0.0,30.0,29.98287810094189,0.017121899058111012,-0.1,1.3,344.0,0.05782893707510084,9.28,-8.78,8.78,0.11389521640091117,-10.0,-7.1286571088615585,-7.1286571088615585,-0.2928337956896867,-0.5,-0.7928337956896867,-0.7928337956896867,-1.01,0.007239449070766568,0.2171662043103133,4.343324086206266,-5.082174801619399,-0.06605736238941225,-0.3207467695552902,3.207467695552902,1665.5313830198602,1668,-0.528125,-0.528125,5,0,bbox fill,False,,True,,1500,1559,1668,1496,2000,2000,1000,1000
214,589227355012792,4.279980189050548,commit_complete,tracking,0,127239,4223519252983,589227.351365286,0.0036475060041993856,True,True,0.0,283,380,23,24,-0.0796875,-0.6333333333333333,0.05,23.49468024894146,3.1489661092716283,0.01201217517987585,,0.027805847895778807,0.027805847895778807,30.0,29.9963524939958,0.0036475060041993856,-0.1,1.3,344.0,0.07781455910298973,9.28,-8.78,8.78,0.11389521640091117,-10.0,-7.128712042564496,-7.128712042564496,-0.29270225444101716,-0.5,-0.7927022544410172,-0.7927022544410172,-1.01,0.027225071098655462,0.21729774555898285,4.345954911179657,-5.069146309788636,-0.06605736238941225,-0.3207467695552902,3.207467695552902,1665.515723703056,1668,-0.49687499999999996,-0.49687499999999996,5,0,bbox fill,False,,True,,1500,1559,1668,1496,2000,2000,1000,1000
215,589227375027448,4.2999948450597,commit_complete,tracking,0,127239,4223519252983,589227.351365286,0.023662162013351917,False,True,0.0,283,380,23,24,-0.0796875,-0.6333333333333333,0.05,,3.1489661092716283,,duplicate frame,0.027805847895778807,0.027805847895778807,30.0,29.976337837986648,0.023662162013351917,-0.1,1.3,344.0,0.09782921511214226,9.28,-8.78,8.78,0.11389521640091117,-10.0,-7.128630427084786,-7.128630427084786,-0.2928976864169778,-0.5,-0.7928976864169778,-0.7928976864169778,-1.01,0.047239727107807994,0.21710231358302223,4.342046271660445,-5.05611062541317,-0.06605736238941225,-0.3207467695552902,3.207467695552902,1665.5065966582,1668,-0.49687499999999996,-0.49687499999999996,5,0,bbox fill,False,,True,,1500,1559,1668,1496,2000,2000,1000,1000
216,589227394994434,4.319961830973625,commit_complete,tracking,0,127240,4223552200766,589227.384847035,0.010147398919798434,True,True,0.0,284,380,23,24,-0.0765625,-0.6333333333333333,0.05,23.49468024894146,3.1523040215981712,0.006876925446732685,,0.04423730837939137,0.04423730837939137,22.605353640047987,22.59520624112819,0.010147398919798434,-0.1,1.3,344.0,0.11779620102606714,9.28,-8.78,8.78,0.11389521640091117,-10.0,-7.088672817946618,-7.088672817946618,-0.3885779977532796,-0.5,-0.8885779977532796,-0.8028811793739402,-1.01,0.06720671302173287,0.2071188206260598,4.142376412521196,-5.0437040096913215,-0.06605736238941225,-0.3207467695552902,3.207467695552902,1664.6938599016173,1667,-0.46562500000000007,-0.46562500000000007,5,0,bbox fill,False,,True,,1500,1559,1667,1497,2000,2000,1000,1000
217,589227415034039,4.3400014359503984,commit_complete,tracking,0,127240,4223552200766,589227.384847035,0.030187003896571696,False,True,0.0,284,380,23,24,-0.0765625,-0.6333333333333333,0.05,,3.1523040215981712,,duplicate frame,0.04423730837939137,0.04423730837939137,22.605353640047987,22.575166636151415,0.030187003896571696,0.0,1.2,344.0,0.01671737094875425,9.28,-8.78,8.78,0.11389521640091117,-10.0,-7.0885287679301126,-7.0885287679301126,-0.3889229320655328,-0.5,-0.8889229320655327,-0.8129009818623268,-1.01,0.08724631799850613,0.19709901813767317,3.9419803627534633,-5.031854650296955,-0.06605736238941225,-0.3207467695552902,3.207467695552902,1664.8824065919905,1667,-0.46562500000000007,-0.46562500000000007,5,0,bbox fill,False,,True,,1500,1559,1667,1497,2000,2000,1000,1000
218,589227435029914,4.359997311024927,commit_complete,tracking,0,127241,4223585318228,589227.418233856,0.016796058043837547,True,True,0.0,285,380,22,24,-0.075,-0.6333333333333333,0.05,22.978250586152114,3.1470494766979655,-0.019232822838207486,,-0.0018475174388170451,0.0,30.0,29.983203941956162,0.016796058043837547,0.0,1.2,344.0,0.03671324602328241,9.28,-8.78,8.78,0.11389521640091117,-10.0,-7.1286584378641304,-7.1286584378641304,-0.29283061333261823,-0.5,-0.7928306133326182,-0.8029030443250628,-1.01,0.10724219307303429,0.20709695567493724,4.141939113498745,-5.019431395734982,-0.06605736238941225,-0.3207467695552902,3.207467695552902,1664.6700245866834,1667,-0.44999999999999996,-0.44999999999999996,5,0,bbox fill,False,,True,,1500,1559,1667,1497,2000,2000,1000,1000
219,589227455022551,4.379989948007278,commit_complete,tracking,0,127242,4223618716248,589227.451696201,0.003326350008137524,True,True,0.0,285,379,22,24,-0.075,-0.6291666666666667,0.05,22.978250586152114,3.1426338250293964,-0.012439512578870104,,-0.03158724445952524,0.0,30.0,29.996673649991862,0.003326350008137524,0.0,1.2,344.0,0.05670588300563395,9.28,-8.78,8.78,0.11389521640091117,-10.0,-7.152903275728408,-7.152903275728408,-0.29269912065741266,-0.5,-0.7926991206574127,-0.792906725833887,-1.01,0.12723483005538583,0.21709327416611301,4.341865483322261,-5.006410594669842,-0.06605736238941225,-0.3207467695552902,3.207467695552902,1665.4570774157946,1668,-0.44999999999999996,-0.44999999999999996,5,0,bbox fill,False,,True,,1500,1560,1668,1497,2000,2000,1000,1000
220,589227475011218,4.399978614994325,commit_complete,tracking,0,127242,4223618716248,589227.451696201,0.023315016995184124,False,True,0.0,285,379,22,24,-0.075,-0.6291666666666667,0.05,,3.1426338250293964,,duplicate frame,-0.03158724445952524,0.0,30.0,29.976684983004816,0.023315016995184124,0.0,1.2,344.0,0.07669454999268055,9.24,-8.74,8.74,0.11441647597254004,-10.0,-7.154753846064038,-7.154753846064038,-0.29155992415289134,-0.5,-0.7915599241528913,-0.7915599241528913,-0.99,0.006081228028051555,0.19844007584710865,3.968801516942173,-4.994510936890865,0.14170099531248315,-0.22825721658173553,2.2825721658173554,1664.7431372541314,1666,-0.44999999999999996,-0.44999999999999996,5,0,bbox fill,False,,True,,1500,1560,1666,1497,2000,2000,1000,1000
221,589227495020392,4.4199877890059724,commit_complete,tracking,0,127243,4223651390498,589227.485191541,0.009828850976191461,True,True,0.0,285,378,22,24,-0.075,-0.625,0.05,22.978250586152114,3.1391161193467316,-0.007027657682463051,,-0.04837204539251328,0.0,30.0,29.99017114902381,0.009828850976191461,-0.1,1.4,344.0,0.015935476985760033,9.24,-8.74,8.74,0.11441647597254004,-10.0,-7.17902081792935,-7.17902081792935,-0.29142881367932744,-0.5,-0.7914288136793275,-0.7914288136793275,-0.99,0.026090402039699256,0.1985711863206725,3.97142372641345,-4.982591200628496,0.14170099531248315,-0.22825721658173553,2.2825721658173554,1664.7285953083976,1666,-0.44999999999999996,-0.44999999999999996,5,0,bbox fill,False,,True,,1500,1560,1666,1497,2000,2000,1000,1000
222,589227515033703,4.440001099952497,commit_complete,tracking,0,127243,4223651390498,589227.485191541,0.029842161922715604,False,True,0.0,285,378,22,24,-0.075,-0.625,0.05,,3.1391161193467316,,duplicate frame,-0.04837204539251328,0.0,30.0,29.970157838077284,0.029842161922715604,-0.1,1.4,344.0,0.035948787932284176,9.24,-8.74,8.74,0.11441647597254004,-10.0,-7.178937318744378,-7.178937318744378,-0.2916234224464368,-0.5,-0.7916234224464368,-0.7916234224464368,-0.99,0.0461037129862234,0.1983765775535632,3.967531551071264,-4.970680684235236,0.14170099531248315,-0.22825721658173553,2.2825721658173554,1664.7205769673467,1666,-0.44999999999999996,-0.44999999999999996,5,0,bbox fill,False,,True,,1500,1560,1666,1497,2000,2000,1000,1000
223,589227535027899,4.459995295968838,commit_complete,tracking,0,127244,4223684405567,589227.518689802,0.01633809693157673,True,True,0.0,284,377,23,24,-0.0765625,-0.6208333333333333,0.05,23.49468024894146,3.1442431390625516,0.01927828319383984,,-0.0023319642323959625,0.0,30.0,29.983661903068423,0.01633809693157673,-0.1,1.4,344.0,0.055942983948625624,9.24,-8.74,8.74,0.11441647597254004,-10.0,-7.203204713203289,-7.203204713203289,-0.29149208086239725,-0.5,-0.7914920808623973,-0.7914920808623973,-0.99,0.06609790900256485,0.19850791913760268,3.9701583827520537,-4.958773665497136,0.14170099531248315,-0.22825721658173553,2.2825721658173554,1665.7060431169277,1667,-0.46562500000000007,-0.46562500000000007,5,0,bbox fill,False,,True,,1500,1560,1667,1497,2000,2000,1000,1000
224,589227555096822,4.48006421898026,commit_complete,tracking,0,127245,4223717404380,589227.552133971,0.0029628509655594826,True,True,0.0,284,376,23,24,-0.0765625,-0.6166666666666667,0.05,23.49468024894146,3.148578254595356,0.01260887468183336,,0.027829047548973737,0.027829047548973737,30.0,29.99703714903444,0.0029628509655594826,-0.1,1.4,344.0,0.07601190696004778,9.24,-8.74,8.74,0.11441647597254004,-10.0,-7.227472759320099,-7.227472759320099,-0.2913621087501746,-0.5,-0.7913621087501745,-0.7913621087501745,-0.99,0.086166832013987,0.19863789124982545,3.972757824996509,-4.9468143198572045,0.14170099531248315,-0.22825721658173553,2.2825721658173554,1665.6914843290433,1667,-0.46562500000000007,-0.46562500000000007,5,0,bbox fill,False,,True,,1500,1560,1667,1497,2000,2000,1000,1000
225,589227575016969,4.499984366004355,commit_complete,tracking,0,127245,4223717404380,589227.552133971,0.02288299798965454,False,True,0.0,284,376,23,24,-0.0765625,-0.6166666666666667,0.05,,3.148578254595356,,duplicate frame,0.027829047548973737,0.027829047548973737,30.0,29.977117002010345,0.02288299798965454,-0.1,1.7,344.0,0.015235394006595016,9.24,-8.74,8.74,0.11441647597254004,-10.0,-7.227387841096384,-7.227387841096384,-0.2915557223002423,-0.5,-0.7915557223002423,-0.7915557223002423,-0.99,0.10608697903808206,0.1984442776997577,3.968885553995154,-4.934955202293596,0.14170099531248315,-0.22825721658173553,2.2825721658173554,1665.683497482481,1667,-0.46562500000000007,-0.46562500000000007,5,0,bbox fill,False,,True,,1500,1560,1667,1497,2000,2000,1000,1000
226,589227594992444,4.519959841039963,commit_complete,tracking,0,127246,4223750333115,589227.585563132,0.009429312078282237,True,True,0.0,283,375,23,24,-0.0796875,-0.6125,0.05,23.49468024894146,3.152051469696658,0.007265466833675571,,0.045216182919075,0.045216182919075,22.115975640618213,22.10654632853993,0.009429312078282237,-0.1,1.7,344.0,0.03521086904220283,9.19,-8.69,8.69,0.11507479861910243,-10.0,-7.2081274007212786,-7.2081274007212786,-0.39309622909215175,-0.5,-0.8930962290921518,-0.8015434598180462,-0.95,0.004858569009229541,0.14845654018195376,2.969130803639075,-4.926058732556764,0.33002242443570745,-0.11660128837824693,1.1660128837824693,1664.7909150451353,1664,-0.49687499999999996,-0.49687499999999996,5,0,bbox fill,False,,True,,1500,1560,1664,1496,2000,2000,1000,1000
227,589227615035087,4.540002483990975,commit_complete,tracking,0,127246,4223750333115,589227.585563132,0.029471955029293895,False,True,0.0,283,375,23,24,-0.0796875,-0.6125,0.05,,3.152051469696658,,duplicate frame,0.045216182919075,0.045216182919075,22.115975640618213,22.08650368558892,0.029471955029293895,-0.1,1.7,344.0,0.05525351199321449,9.19,-8.69,8.69,0.11507479861910243,-10.0,-7.207968334184426,-7.207968334184426,-0.3934529486289893,-0.5,-0.8934529486289893,-0.811564781293552,-0.95,0.0249012119602412,0.13843521870644793,2.7687043741289585,-4.917734909575628,0.33002242443570745,-0.11660128837824693,1.1660128837824693,1664.983017651664,1664,-0.49687499999999996,-0.49687499999999996,5,0,bbox fill,False,,True,,1500,1560,1664,1496,2000,2000,1000,1000
228,589227635019743,4.559987140004523,commit_complete,tracking,0,127247,4223783910368,589227.619021387,0.01599835604429245,True,True,0.0,282,374,23,24,-0.0828125,-0.6083333333333333,0.05,23.49468024894146,3.154687718877128,0.0032096988637220214,,0.05289069879292709,0.05289069879292709,18.906916014006736,18.890917657962444,0.01599835604429245,-0.1,1.7,344.0,0.07523816800676286,9.19,-8.69,8.69,0.11507479861910243,-10.0,-7.201712288519985,-7.201712288519985,-0.4600094160241708,-0.5,-0.9600094160241708,-0.8215571093003262,-0.95,0.04488586797378957,0.12844289069967374,2.568857813993475,-4.910034248611572,0.33002242443570745,-0.11660128837824693,1.1660128837824693,1665.1751635508356,1664,-0.528125,-0.528125,5,0,bbox fill,False,,True,,1500,1560,1664,1496,2000,2000,1000,1000
229,589227655013362,4.579980758950114,commit_complete,tracking,0,127248,4223816689582,589227.65244949,0.0025638719089329243,True,True,0.0,281,374,23,24,-0.0859375,-0.6083333333333333,0.05,23.49468024894146,3.1565671485939526,0.00031826853014615963,,0.053652377741625866,0.053652377741625866,18.638502934869113,18.63593906296018,0.0025638719089329243,-0.1,1.7,344.0,0.09523178695235401,9.19,-8.69,8.69,0.11507479861910243,-10.0,-7.198875571601292,-7.198875571601292,-0.4663033062429245,-0.5,-0.9663033062429245,-0.8315539187731218,-0.95,0.06487948691938072,0.11844608122687816,2.3689216245375633,-4.902929751170626,0.33002242443570745,-0.11660128837824693,1.1660128837824693,1665.3679952428506,1664,-0.559375,-0.559375,5,0,bbox fill,False,,True,,1500,1560,1664,1496,2000,2000,1000,1000
230,589227675014349,4.5999817460542545,commit_complete,tracking,0,127248,4223816689582,589227.65244949,0.022564859013073146,False,True,0.0,281,374,23,24,-0.0859375,-0.6083333333333333,0.05,,3.1565671485939526,,duplicate frame,0.053652377741625866,0.053652377741625866,18.638502934869113,18.61593807585604,0.022564859013073146,0.0,1.9,344.0,0.004251457052305341,9.19,-8.69,8.69,0.11507479861910243,-10.0,-7.1986497674955245,-7.1986497674955245,-0.46680430309716725,-0.5,-0.9668043030971673,-0.8415544123251919,-0.95,0.08488047402352095,0.10844558767480805,2.168911753496161,-4.896422694768871,0.33002242443570745,-0.11660128837824693,1.1660128837824693,1665.5614980574903,1664,-0.559375,-0.559375,5,0,bbox fill,False,,True,,1500,1560,1664,1496,2000,2000,1000,1000
231,589227695023354,4.619990751030855,commit_complete,tracking,0,127249,4223849578538,589227.685896074,0.009127279976382852,True,True,0.0,280,374,23,24,-0.0890625,-0.6083333333333333,0.05,23.49468024894146,3.1578059723783323,-0.001587614215053268,,0.04985500527591183,0.04985500527591183,20.058166566540603,20.04903928656422,0.009127279976382852,0.0,1.9,344.0,0.02426046202890575,9.19,-8.69,8.69,0.11507479861910243,-10.0,-7.213688629776971,-7.213688629776971,-0.43343722737994567,-0.5,-0.9334372273799456,-0.8515589148134921,-0.95,0.10488947900012136,0.09844108518650785,1.968821703730157,-4.890513570278674,0.33002242443570745,-0.11660128837824693,1.1660128837824693,1665.755678982766,1664,-0.5906250000000001,-0.5906250000000001,5,0,bbox fill,False,,True,,1500,1560,1664,1496,2000,2000,1000,1000
232,589227715021857,4.639989253948443,commit_complete,tracking,0,127249,4223849578538,589227.685896074,0.02912578289397061,False,True,0.0,280,374,23,24,-0.0890625,-0.6083333333333333,0.05,,3.1578059723783323,,duplicate frame,0.04985500527591183,0.04985500527591183,20.058166566540603,20.029040783646632,0.02912578289397061,0.0,1.9,344.0,0.044258964946493506,9.19,-8.69,8.69,0.11507479861910243,-10.0,-7.2134935732982175,-7.2134935732982175,-0.43387000375451007,-0.5,-0.93387000375451,-0.861558166272286,-0.95,0.12488798191770911,0.08844183372771397,1.7688366745542794,-4.885207457469153,0.33002242443570745,-0.11660128837824693,1.1660128837824693,1664.9503578991323,1663,-0.5906250000000001,-0.5906250000000001,5,0,bbox fill,False,,True,,1500,1560,1663,1496,2000,2000,1000,1000
233,589227735024868,4.659992265049368,commit_complete,tracking,0,127250,4223883559516,589227.719307647,0.01571722107473761,True,True,0.0,278,374,23,24,-0.0953125,-0.6083333333333333,0.05,23.49468024894146,3.158527517338145,-0.002697683383996008,,0.043395726293883684,0.043395726293883684,23.043743829238384,23.028026608163646,0.01571722107473761,0.0,1.9,344.0,0.06426197604741901,9.17,-8.67,8.67,0.11534025374855825,-10.0,-7.240000059287075,-7.240000059287075,-0.37649774110154993,-0.5,-0.87649774110155,-0.8715596718227487,-0.86,0.0037303490098565817,-0.011559671822748752,-0.23119343645497503,-4.885901142200533,0.6375714749105519,0.03423326427951284,-0.34233264279512843,1665.4594272214506,1660,-0.653125,-0.653125,5,0,bbox fill,False,,True,,1500,1560,1660,1495,2000,2000,1000,1000
234,589227755124878,4.680092275026254,commit_complete,tracking,0,127251,4223920378419,589227.752797688,0.002327190013602376,True,True,0.0,277,375,23,24,-0.0984375,-0.6125,0.05,23.49468024894146,3.1588584553936827,-0.003206818854054383,,0.03573537413029293,0.03573537413029293,27.983476438610964,27.98114924859736,0.002327190013602376,0.0,1.9,344.0,0.08436198602430522,9.17,-8.67,8.67,0.11534025374855825,-10.0,-7.245957391601131,-7.245957391601131,-0.3098514618885645,-0.5,-0.8098514618885645,-0.8615096668343056,-0.86,0.023830358986742795,-0.0015096668343056452,-0.030193336686112904,-4.885992175155827,0.6375714749105519,0.03423326427951284,-0.34233264279512843,1665.2585181546372,1660,-0.684375,-0.684375,5,0,bbox fill,False,,True,,1500,1560,1660,1495,2000,2000,1000,1000
235,589227775015375,4.699982771999203,commit_complete,tracking,0,127251,4223920378419,589227.752797688,0.02221768698655069,False,True,0.0,277,375,23,24,-0.0984375,-0.6125,0.05,,3.1588584553936827,,duplicate frame,0.03573537413029293,0.03573537413029293,27.983476438610964,27.961258751624413,0.02221768698655069,0.0,1.9,344.0,0.10425248299725354,9.17,-8.67,8.67,0.11534025374855825,-10.0,-7.245858878254086,-7.245858878254086,-0.3100718775579556,-0.5,-0.8100718775579556,-0.8515644183478315,-0.86,0.04372085595969111,0.008435581652168511,0.16871163304337022,-4.885488811421874,0.6375714749105519,0.03423326427951284,-0.34233264279512843,1665.0591098211737,1660,-0.684375,-0.684375,5,0,bbox fill,False,,True,,1500,1560,1660,1495,2000,2000,1000,1000
236,589227795018590,4.719985987059772,commit_complete,tracking,0,127252,4223953378621,589227.786253533,0.008765057078562677,True,True,0.0,275,376,23,24,-0.1046875,-0.6166666666666667,0.05,23.49468024894146,3.158906016243303,-0.003279989391931526,,0.02789222589711779,0.02789222589711779,30.0,29.991234942921437,0.008765057078562677,0.0,1.6,345.0,0.003171769087202847,9.17,-8.67,8.67,0.11534025374855825,-10.0,-7.230989184697227,-7.230989184697227,-0.289084461393488,-0.5,-0.789084461393488,-0.8415628108175468,-0.86,0.06372407102026045,0.018437189182453184,0.3687437836490637,-4.884382402240887,0.6375714749105519,0.03423326427951284,-0.34233264279512843,1664.8579712613869,1660,-0.7468750000000001,-0.7468750000000001,5,0,bbox fill,False,,True,,1500,1560,1660,1494,2000,2000,1000,1000
237,589227815033379,4.740000776015222,commit_complete,tracking,0,127252,4223953378621,589227.786253533,0.028779846034012735,False,True,0.0,275,376,23,24,-0.1046875,-0.6166666666666667,0.05,,3.158906016243303,,duplicate frame,0.02789222589711779,0.02789222589711779,30.0,29.971220153965987,0.028779846034012735,0.0,1.6,345.0,0.023186558042652905,9.17,-8.67,8.67,0.11534025374855825,-10.0,-7.2309038297244985,-7.2309038297244985,-0.2892775120752876,-0.5,-0.7892775120752876,-0.8315554163398218,-0.86,0.08373885997571051,0.028444583660178213,0.5688916732035643,-4.882674465224235,0.6375714749105519,0.03423326427951284,-0.34233264279512843,1665.6561154348158,1661,-0.7468750000000001,-0.7468750000000001,5,0,bbox fill,False,,True,,1500,1560,1661,1494,2000,2000,1000,1000
238,589227835019881,4.759987278026529,commit_complete,tracking,0,127253,4223986767405,589227.819691221,0.015328660025261343,True,True,0.0,274,377,23,25,-0.1078125,-0.6229166666666667,0.052083333333333336,23.979157616563597,3.1659098912037096,0.017346352607639393,,0.06939354643634643,0.06939354643634643,14.410561952144695,14.395233292119434,0.015328660025261343,0.0,1.6,345.0,0.04317306005395949,9.17,-8.67,8.67,0.11534025374855825,-10.0,-7.058395403154925,-7.058395403154925,-0.6022827017847865,-0.5,-1.1022827017847865,-0.8415486673454751,-0.86,0.1037253619870171,0.01845133265452492,0.3690266530904984,-4.881568132432602,0.6375714749105519,0.03423326427951284,-0.34233264279512843,1664.8548741221373,1660,-0.7781250000000001,-0.7781250000000001,5,0,bbox fill,False,,True,,1500,1559,1660,1494,2000,2000,1000,1000
239,589227855142434,4.780109831015579,commit_complete,tracking,0,127254,4224020028236,589227.853161808,0.0019806260243058205,True,True,0.0,272,379,23,24,-0.1140625,-0.6291666666666667,0.05,23.49468024894146,3.1642220551570555,-0.011458510797704768,,0.04200589219263429,0.04200589219263429,23.806184032804556,23.80420340678025,0.0019806260243058205,0.0,1.6,345.0,0.06329561304301023,9.17,-8.67,8.67,0.11534025374855825,-10.0,-7.1261019631242215,-7.1261019631242215,-0.3642213877877757,-0.5,-0.8642213877877757,-0.8516099438400004,-0.86,0.12384791497606784,0.008390056159999548,0.16780112319999096,-4.88106164438362,0.6375714749105519,0.03423326427951284,-0.34233264279512843,1665.0555931639788,1660,-0.840625,-0.840625,5,0,bbox fill,False,,True,,1500,1559,1660,1494,2000,2000,1000,1000
240,589227874993938,4.799961335025728,commit_complete,tracking,0,127254,4224020028236,589227.853161808,0.021832130034454167,False,True,0.0,272,379,23,24,-0.1140625,-0.6291666666666667,0.05,,3.1642220551570555,,duplicate frame,0.04200589219263429,0.04200589219263429,23.806184032804556,23.7843519027701,0.021832130034454167,0.0,1.6,345.0,0.08314711705315858,9.17,-8.67,8.67,0.11534025374855825,-10.0,-7.125971938021298,-7.125971938021298,-0.3645253835564982,-0.5,-0.8645253835564982,-0.8615356958450746,-0.72,0.0025048779789358377,-0.14153569584507464,-2.8307139169014928,-4.889490733684563,0.9915397507668604,0.22569456157698237,-2.2569456157698236,1664.977150266356,1655,-0.840625,-0.840625,5,0,bbox fill,False,,True,,1500,1559,1655,1494,2000,2000,1000,1000
241,589227895023618,4.819991015014239,commit_complete,tracking,0,127255,4224053254428,589227.886591871,0.008431746973656118,True,True,0.0,271,380,23,24,-0.1171875,-0.6333333333333333,0.05,23.49468024894146,3.162528012706465,-0.008852291642950316,,0.020821865994673998,0.020821865994673998,30.0,29.991568253026344,0.008431746973656118,0.0,1.6,345.0,0.10317679704166949,9.17,-8.67,8.67,0.11534025374855825,-10.0,-7.133991013636576,-7.133991013636576,-0.2890812486647857,-0.5,-0.7890812486647857,-0.8515208558508192,-0.72,0.022534557967446744,-0.13152085585081918,-2.6304171170163837,-4.897393695648084,0.9915397507668604,0.22569456157698237,-2.2569456157698236,1664.7847564284343,1655,-0.871875,-0.871875,5,0,bbox fill,False,,True,,1500,1559,1655,1493,2000,2000,1000,1000
242,589227915027900,4.8399952970212325,commit_complete,tracking,0,127255,4224053254428,589227.886591871,0.028436028980650008,False,True,0.0,271,380,23,24,-0.1171875,-0.6333333333333333,0.05,,3.162528012706465,,duplicate frame,0.020821865994673998,0.020821865994673998,30.0,29.97156397101935,0.028436028980650008,0.1,1.3,345.0,0.012282063020393252,9.17,-8.67,8.67,0.11534025374855825,-10.0,-7.133909414452273,-7.133909414452273,-0.28927419364512824,-0.5,-0.7892741936451282,-0.8415187148473222,-0.72,0.042538839974440634,-0.12151871484732224,-2.430374296946445,-4.904686379570884,0.9915397507668604,0.22569456157698237,-2.2569456157698236,1665.5920062922871,1656,-0.871875,-0.871875,5,0,bbox fill,False,,True,,1500,1559,1656,1493,2000,2000,1000,1000
243,589227934998416,4.859965812996961,commit_complete,tracking,0,127256,4224085953747,589227.920068414,0.014930002042092383,True,True,0.0,269,381,23,24,-0.1234375,-0.6375,0.05,23.49468024894146,3.160967195016536,-0.006451033658443794,,0.005405617847519497,0.005405617847519497,30.0,29.985069997957908,0.014930002042092383,0.1,1.3,345.0,0.03225257899612188,9.17,-8.67,8.67,0.11534025374855825,-10.0,-7.109714921832787,-7.109714921832787,-0.2891438972992379,-0.5,-0.789143897299238,-0.8315334568594579,-0.72,0.06250935595016927,-0.11153345685945792,-2.2306691371891585,-4.911368521617004,0.9915397507668604,0.22569456157698237,-2.2569456157698236,1665.398983274576,1656,-0.9343750000000001,-0.9343750000000001,5,0,bbox fill,False,,True,,1500,1559,1656,1493,2000,2000,1000,1000
244,589227955019804,4.879987200954929,commit_complete,tracking,0,127257,4224116298080,589227.953487142,0.0015326619613915682,True,True,0.0,268,381,23,25,-0.1265625,-0.6395833333333333,0.052083333333333336,23.979157616563597,3.1667608556675577,0.016037176509411832,,0.043796490153264464,0.043796490153264464,22.832879906598244,22.831347244636852,0.0015326619613915682,0.1,1.3,345.0,0.0522739669540897,9.17,-8.67,8.67,0.11534025374855825,-10.0,-7.05992838487505,-7.05992838487505,-0.3797410598288985,-0.5,-0.8797410598288985,-0.8415441508384418,-0.72,0.08253074390813708,-0.12154415083844183,-2.4308830167688367,-4.918668969410879,0.9915397507668604,0.22569456157698237,-2.2569456157698236,1664.6064976019495,1655,-0.965625,-0.965625,5,0,bbox fill,False,,True,,1500,1559,1655,1493,2000,2000,1000,1000
245,589227974994336,4.89996173302643,commit_complete,tracking,0,127257,4224116298080,589227.953487142,0.021507194032892585,False,True,0.0,268,381,23,25,-0.1265625,-0.6395833333333333,0.052083333333333336,,3.1667608556675577,,duplicate frame,0.043796490153264464,0.043796490153264464,22.832879906598244,22.81137271256535,0.021507194032892585,0.1,1.3,345.0,0.07224849902559072,9.17,-8.67,8.67,0.11534025374855825,-10.0,-7.059790156080665,-7.059790156080665,-0.38007357598537866,-0.5,-0.8800735759853786,-0.8515314168741923,-0.72,0.1025052759796381,-0.13153141687419234,-2.630628337483847,-4.92655080492517,0.9915397507668604,0.22569456157698237,-2.2569456157698236,1664.8141247581789,1655,-0.965625,-0.965625,5,0,bbox fill,False,,True,,1500,1559,1655,1493,2000,2000,1000,1000
246,589227995024322,4.919991718954407,commit_complete,tracking,0,127258,4224152829073,589227.986979123,0.008045198977924883,True,True,0.0,267,381,23,25,-0.1296875,-0.6395833333333333,0.052083333333333336,23.979157616563597,3.171362753613415,0.008957333515784871,,0.0651922589382673,0.0651922589382673,15.339244509795757,15.331199310817832,0.008045198977924883,0.1,1.3,345.0,0.09227848495356739,9.17,-8.67,8.67,0.11534025374855825,-10.0,-6.98270176506057,-6.98270176506057,-0.5655134881641236,-0.5,-1.0655134881641235,-0.8615464098381806,-0.72,0.12253526190761477,-0.14154640983818068,-2.8309281967636135,-4.935056322716813,0.9915397507668604,0.22569456157698237,-2.2569456157698236,1665.0229301352501,1655,-0.9968750000000002,-0.9968750000000002,5,0,bbox fill,False,,True,,1500,1558,1655,1493,2000,2000,1000,1000
247,589228015016815,4.93998421204742,commit_complete,tracking,0,127258,4224152829073,589227.986979123,0.028037692070938647,False,True,0.0,267,381,23,25,-0.1296875,-0.6395833333333333,0.052083333333333336,,3.171362753613415,,duplicate frame,0.0651922589382673,0.0651922589382673,15.339244509795757,15.311206817724818,0.028037692070938647,0.1,1.3,345.0,0.11227097804658115,9.17,-8.67,8.67,0.11534025374855825,-10.0,-6.9823948018928474,-6.9823948018928474,-0.5662519031460856,-0.5,-1.0662519031460858,-0.8715426563846875,-0.72,0.14252775500062853,-0.15154265638468756,-3.030853127693751,-4.944145469250016,0.9915397507668604,0.22569456157698237,-2.2569456157698236,1665.2319442127136,1655,-0.9968750000000002,-0.9968750000000002,5,0,bbox fill,False,,True,,1500,1558,1655,1493,2000,2000,1000,1000
248,589228035023938,4.959991335053928,commit_complete,tracking,0,127259,4224183434722,589228.020375954,0.014647984062321484,True,True,0.0,266,381,23,24,-0.1328125,-0.6375,0.05,23.49468024894146,3.1676718876031273,-0.01676594533012299,,0.025030495512198644,0.025030495512198644,30.0,29.98535201593768,0.014647984062321484,0.1,1.3,346.0,0.001353569095954299,9.17,-8.67,8.67,0.11534025374855825,-10.0,-7.109716058859295,-7.082430416925386,-0.2891411778454947,-0.5,-0.7891411778454946,-0.8615390948814337,-0.72,0.16253487800713629,-0.14153909488143368,-2.8307818976286736,-4.952640839494585,0.9915397507668604,0.22569456157698237,-2.2569456157698236,1665.040368352893,1655,-1.028125,-1.028125,5,0,bbox fill,False,,True,,1500,1559,1655,1492,2000,2000,1000,1000
249,589228055020862,4.979988259030506,commit_complete,tracking,0,127260,4224216334204,589228.053854722,0.0011661400785669684,True,True,0.0,265,380,23,25,-0.1359375,-0.6354166666666666,0.052083333333333336,23.979157616563597,3.1715461776798395,0.008675142644362754,,0.04576039251352579,0.04576039251352579,21.852959405984585,21.851793265906018,0.0011661400785669684,0.1,1.3,346.0,0.021350493072532117,9.12,-8.62,8.62,0.1160092807424594,-10.0,-7.0790235017180585,-7.0790235017180585,-0.39447563388077833,-0.5,-0.8944756338807783,-0.8715375568697226,-0.61,0.011195454047992826,-0.2615375568697226,-5.230751137394451,-4.968330679419816,0.6420120501300034,0.3089580592875866,-3.0895805928758655,1665.2886624096902,1652,-1.059375,-1.059375,5,0,bbox fill,False,,True,,1500,1559,1652,1492,2000,2000,1000,1000
250,589228075038256,5.000005653011613,commit_complete,tracking,0,127260,4224216334204,589228.053854722,0.021183534059673548,False,True,0.0,265,380,23,25,-0.1359375,-0.6354166666666666,0.052083333333333336,,3.1715461776798395,,duplicate frame,0.04576039251352579,0.04576039251352579,21.852959405984585,21.83177587192491,0.021183534059673548,0.1,1.3,346.0,0.0413678870536387,9.12,-8.62,8.62,0.1160092807424594,-10.0,-7.078870523992,-7.078870523992,-0.39483732567468743,-0.5,-0.8948373256746874,-0.8815462538602759,-0.61,0.031212848029099405,-0.27154625386027587,-5.430925077205517,-4.9846376244626605,0.6420120501300034,0.3089580592875866,-3.0895805928758655,1665.505143294544,1652,-1.059375,-1.059375,5,0,bbox fill,False,,True,,1500,1559,1652,1492,2000,2000,1000,1000
251,589228095024375,5.01999177201651,commit_complete,tracking,0,127261,4224253261330,589228.087292549,0.007731826044619083,True,True,0.0,264,379,23,25,-0.1390625,-0.63125,0.052083333333333336,23.979157616563597,3.174514355889433,0.004108714629603494,,0.05559049212412988,0.05559049212412988,17.988687665636533,17.980955839591914,0.007731826044619083,0.1,1.3,346.0,0.06135400605853647,9.12,-8.62,8.62,0.1160092807424594,-10.0,-7.066456137184627,-7.066456137184627,-0.47939609422875007,-0.5,-0.9793960942287501,-0.8915393133627247,-0.61,0.05119896703399718,-0.28153931336272475,-5.630786267254495,-5.001518259126934,0.6420120501300034,0.3089580592875866,-3.0895805928758655,1664.7218851192572,1651,-1.0906250000000002,-1.0906250000000002,5,0,bbox fill,False,,True,,1500,1559,1651,1492,2000,2000,1000,1000
252,589228114995146,5.039962543058209,commit_complete,tracking,0,127261,4224253261330,589228.087292549,0.027702597086317837,False,True,0.0,264,379,23,25,-0.1390625,-0.63125,0.052083333333333336,,3.174514355889433,,duplicate frame,0.05559049212412988,0.05559049212412988,17.988687665636533,17.960985068550215,0.027702597086317837,0.1,1.3,346.0,0.08132477710023522,9.12,-8.62,8.62,0.1160092807424594,-10.0,-7.066228111412287,-7.066228111412287,-0.47992913345792304,-0.5,-0.979929133457923,-0.9015246988835741,-0.61,0.07116973807569593,-0.29152469888357413,-5.830493977671482,-5.018984178170146,0.6420120501300034,0.3089580592875866,-3.0895805928758655,1664.9390587487176,1651,-1.0906250000000002,-1.0906250000000002,5,0,bbox fill,False,,True,,1500,1559,1651,1492,2000,2000,1000,1000
253,589228135009813,5.059977210010402,commit_complete,tracking,0,127262,4224278660557,589228.120770172,0.014239641022868454,True,True,0.0,264,378,23,25,-0.1390625,-0.6270833333333333,0.052083333333333336,23.979157616563597,3.1766587628677483,0.000809626970657007,,0.057525222006902535,0.057525222006902535,17.383679108270258,17.36943946724739,0.014239641022868454,0.1,1.3,346.0,0.10133944405242801,9.12,-8.62,8.62,0.1160092807424594,-10.0,-7.082504269114698,-7.082504269114698,-0.49627393078828286,-0.5,-0.9962739307882829,-0.9115320323596705,-0.61,0.09118440502788872,-0.3015320323596705,-6.03064064719341,-5.037089367779436,0.6420120501300034,0.3089580592875866,-3.0895805928758655,1665.1573106078488,1651,-1.0906250000000002,-1.0906250000000002,5,0,bbox fill,False,,True,,1500,1559,1651,1492,2000,2000,1000,1000
254,589228154999321,5.079966717981733,commit_complete,tracking,0,127263,4224312006515,589228.154233413,0.000765907927416265,True,True,0.0,264,377,23,25,-0.1390625,-0.6229166666666667,0.052083333333333336,23.979157616563597,3.178094190245007,-0.0013987228405101249,,0.054181319154889725,0.054181319154889725,18.456545827931407,18.45577992000399,0.000765907927416265,0.1,1.3,346.0,0.12132895202375948,9.12,-8.62,8.62,0.1160092807424594,-10.0,-7.118551126417888,-7.118551126417888,-0.4670623532228453,-0.5,-0.9670623532228453,-0.9215267863453362,-0.61,0.11117391299922019,-0.31152678634533626,-6.230535726906725,-5.055771169316237,0.6420120501300034,0.3089580592875866,-3.0895805928758655,1665.375887489099,1651,-1.0906250000000002,-1.0906250000000002,5,0,bbox fill,False,,True,,1500,1559,1651,1492,2000,2000,1000,1000
255,589228174994530,5.099961927044205,commit_complete,tracking,0,127263,4224312006515,589228.154233413,0.02076111698988825,False,True,0.0,264,377,23,25,-0.1390625,-0.6229166666666667,0.052083333333333336,,3.178094190245007,,duplicate frame,0.054181319154889725,0.054181319154889725,18.456545827931407,18.43578471094152,0.02076111698988825,0.1,1.7,346.0,0.00028317002579569817,9.12,-8.62,8.62,0.1160092807424594,-10.0,-7.11832952667293,-7.11832952667293,-0.46756892289396745,-0.5,-0.9675689228939675,-0.9315243908765722,-0.61,0.13116912206169218,-0.32152439087657225,-6.430487817531445,-5.07505801155902,0.6420120501300034,0.3089580592875866,-3.0895805928758655,1665.5951264219664,1651,-1.0906250000000002,-1.0906250000000002,5,0,bbox fill,False,,True,,1500,1559,1651,1492,2000,2000,1000,1000
256,589228195033926,5.120001323055476,commit_complete,tracking,0,127264,4224344777702,589228.187645571,0.007388355094008148,True,True,0.0,264,376,23,25,-0.1390625,-0.61875,0.052083333333333336,23.979157616563597,3.1789526854130847,-0.0027194846375526716,,0.04766995369298842,0.04766995369298842,20.977574394981758,20.97018603988775,0.007388355094008148,0.1,1.7,346.0,0.02032256603706628,9.12,-8.62,8.62,0.1160092807424594,-10.0,-7.166729651934955,-7.166729651934955,-0.41105977713329533,-0.5,-0.9110597771332953,-0.921504692870937,-0.61,0.15120851807296276,-0.31150469287093696,-6.230093857418739,-5.09378510925845,0.6420120501300034,0.3089580592875866,-3.0895805928758655,1665.413459559553,1651,-1.0906250000000002,-1.0906250000000002,5,0,bbox fill,False,,True,,1500,1560,1651,1492,2000,2000,1000,1000
257,589228215030134,5.139997530961409,commit_complete,tracking,0,127264,4224344777702,589228.187645571,0.02738456299994141,False,True,0.0,264,376,23,25,-0.1390625,-0.61875,0.052083333333333336,,3.1789526854130847,,duplicate frame,0.04766995369298842,0.04766995369298842,20.977574394981758,20.950189831981817,0.02738456299994141,0.1,1.7,346.0,0.04031877394299954,9.12,-8.62,8.62,0.1160092807424594,-10.0,-7.166556124858464,-7.166556124858464,-0.4114521190085358,-0.5,-0.9114521190085358,-0.9115065889179703,-0.61,0.17120472597889602,-0.30150658891797033,-6.030131778359406,-5.1118720745694874,0.6420120501300034,0.3089580592875866,-3.0895805928758655,1665.2315844458049,1651,-1.0906250000000002,-1.0906250000000002,5,0,bbox fill,False,,True,,1500,1560,1651,1492,2000,2000,1000,1000
258,589228235038108,5.1600055049639195,commit_complete,tracking,0,127265,4224377841286,589228.221130727,0.013907380984164774,True,True,0.0,264,376,23,24,-0.1390625,-0.6166666666666667,0.05,23.49468024894146,3.172227706910913,-0.02377489811133149,,-0.009131091160074281,0.0,30.0,29.986092619015835,0.013907380984164774,0.1,1.7,346.0,0.06032674794550985,9.1,-8.6,8.6,0.11627906976744186,-10.0,-7.234566060383262,-7.234566060383262,-0.28679962105320334,-0.5,-0.7867996210532033,-0.9015026019167152,-0.57,0.019693345995619893,-0.3315026019167152,-6.630052038334304,-5.13177016089223,0.23320983358714595,0.2938084141474985,-2.9380841414749845,1665.6999063407015,1651,-1.0906250000000002,-1.0906250000000002,5,0,bbox fill,False,,True,,1500,1560,1651,1492,2000,2000,1000,1000
259,589228255061615,5.1800290120299906,commit_complete,tracking,0,127266,4224410477098,589228.254625752,0.0004358630394563079,True,True,0.0,265,375,23,25,-0.1359375,-0.6145833333333334,0.052083333333333336,23.979157616563597,3.1737639666492212,0.005263159614544932,,0.003439515042730157,0.003439515042730157,30.0,29.999564136960544,0.0004358630394563079,0.1,1.7,346.0,0.08035025501158088,9.1,-8.6,8.6,0.11627906976744186,-10.0,-7.246768159269565,-7.246768159269565,-0.28667083164066676,-0.5,-0.7866708316406668,-0.8914908483836796,-0.57,0.03971685306169093,-0.3214908483836797,-6.4298169676735935,-5.151082283715093,0.23320983358714595,0.2938084141474985,-2.9380841414749845,1665.5189833928637,1651,-1.059375,-1.059375,5,0,bbox fill,False,,True,,1500,1560,1651,1492,2000,2000,1000,1000
260,589228275066971,5.200034367968328,commit_complete,tracking,0,127266,4224410477098,589228.254625752,0.02044121897779405,False,True,0.0,265,375,23,25,-0.1359375,-0.6145833333333334,0.052083333333333336,,3.1737639666492212,,duplicate frame,0.003439515042730157,0.003439515042730157,30.0,29.979558781022206,0.02044121897779405,0.1,1.8,345.0,0.009271473973058164,9.1,-8.6,8.6,0.11627906976744186,-10.0,-7.246682428525697,-7.246682428525697,-0.2868621270518501,-0.5,-0.7868621270518501,-0.8814881704145108,-0.57,0.05972220900002867,-0.3114881704145108,-6.229763408290216,-5.169776578874265,0.23320983358714595,0.2938084141474985,-2.9380841414749845,1665.3376241286394,1651,-1.059375,-1.059375,5,0,bbox fill,False,,True,,1500,1560,1651,1492,2000,2000,1000,1000
261,589228295041645,5.220009041950107,commit_complete,tracking,0,127267,4224444136700,589228.288109799,0.006931845913641155,True,True,0.0,265,375,24,25,-0.134375,-0.6145833333333334,0.052083333333333336,24.49489742783178,3.182484127759098,0.024585692075346,,0.06217958798939866,0.06217958798939866,16.082448152768325,16.075516306854684,0.006931845913641155,0.1,1.8,345.0,0.029246147954836488,9.1,-8.6,8.6,0.11627906976744186,-10.0,-7.135488414151049,-7.135488414151049,-0.5349750412889018,-0.5,-1.0349750412889018,-0.8914755074053999,-0.57,0.079696882981807,-0.3214755074054,-6.429510148107999,-5.1890406842349135,0.23320983358714595,0.2938084141474985,-2.9380841414749845,1665.5566349738178,1651,-1.04375,-1.04375,5,0,bbox fill,False,,True,,1500,1559,1651,1492,2000,2000,1000,1000
262,589228315036162,5.240003559039906,commit_complete,tracking,0,127267,4224444136700,589228.288109799,0.0269263630034402,False,True,0.0,265,375,24,25,-0.134375,-0.6145833333333334,0.052083333333333336,,3.182484127759098,,duplicate frame,0.06217958798939866,0.06217958798939866,16.082448152768325,16.055521789764885,0.0269263630034402,0.1,1.8,345.0,0.049240665044635534,9.1,-8.6,8.6,0.11627906976744186,-10.0,-7.135189840103301,-7.135189840103301,-0.535641264893823,-0.5,-1.035641264893823,-0.9014727659502995,-0.57,0.09969140007160604,-0.3314727659502995,-6.62945531900599,-5.208923597885702,0.23320983358714595,0.2938084141474985,-2.9380841414749845,1664.7764630583667,1650,-1.04375,-1.04375,5,0,bbox fill,False,,True,,1500,1559,1650,1492,2000,2000,1000,1000
263,589228335056763,5.260024160030298,commit_complete,tracking,0,127268,4224476650612,589228.321536668,0.013520095031708479,True,True,0.0,266,376,24,24,-0.13125,-0.6166666666666667,0.05,24.0,3.182284528476091,-0.006508766350992623,,0.046602259802621226,0.046602259802621226,21.45818688268317,21.44466678765146,0.013520095031708479,0.1,1.8,345.0,0.0692612660350278,9.1,-8.6,8.6,0.11627906976744186,-10.0,-7.183648477479265,-7.183648477479265,-0.4010321113943426,-0.5,-0.9010321113943426,-0.9010321113943426,-0.57,0.11971200106199831,-0.33103211139434263,-6.620642227886853,-5.228805983337402,0.23320983358714595,0.2938084141474985,-2.9380841414749845,1664.7875323526991,1650,-1.0125000000000002,-1.0125000000000002,5,0,bbox fill,False,,True,,1500,1560,1650,1492,2000,2000,1000,1000
264,589228355021712,5.279989109025337,commit_complete,tracking,0,127269,4224509436518,589228.354959997,6.17150217294693e-05,True,True,0.0,267,377,24,24,-0.128125,-0.6208333333333333,0.05,24.0,3.1818162258613847,-0.005788300789905776,,0.03274774330239644,0.03274774330239644,30.0,29.99993828497827,6.17150217294693e-05,0.1,1.8,345.0,0.08922621503006667,9.1,-8.6,8.6,0.11627906976744186,-10.0,-7.210335657309026,-7.210335657309026,-0.28666725638919854,-0.5,-0.7866672563891985,-0.8910496368968231,-0.57,0.13967695005703717,-0.3210496368968232,-6.420992737936464,-5.2480352022139645,0.23320983358714595,0.2938084141474985,-2.9380841414749845,1665.6071120816255,1651,-0.98125,-0.98125,5,0,bbox fill,False,,True,,1500,1560,1651,1493,2000,2000,1000,1000
265,589228375041034,5.300008430960588,commit_complete,tracking,0,127269,4224509436518,589228.354959997,0.020081036956980824,False,True,0.0,267,377,24,24,-0.128125,-0.6208333333333333,0.05,,3.1818162258613847,,duplicate frame,0.03274774330239644,0.03274774330239644,30.0,29.97991896304302,0.020081036956980824,0.1,1.8,345.0,0.10924553696531802,9.1,-8.6,8.6,0.11627906976744186,-10.0,-7.2102512599808035,-7.2102512599808035,-0.2868586806589247,-0.5,-0.7868586806589247,-0.8810399759291975,-0.57,0.15969627199228853,-0.3110399759291975,-6.22079951858395,-5.266715630452543,0.23320983358714595,0.2938084141474985,-2.9380841414749845,1665.4255992905114,1651,-0.98125,-0.98125,5,0,bbox fill,False,,True,,1500,1560,1651,1493,2000,2000,1000,1000
266,589228395014863,5.319982259999961,commit_complete,tracking,0,127270,4224542773510,589228.388437417,0.006577446009032428,True,True,0.0,269,378,23,24,-0.1234375,-0.625,0.05,23.49468024894146,3.173764056379903,-0.026138512679008574,,-0.029714687049543866,0.0,30.0,29.993422553990968,0.006577446009032428,0.1,1.8,345.0,0.12921936600469053,9.1,-8.6,8.6,0.11627906976744186,-10.0,-7.18601909959283,-7.18601909959283,-0.28672953160044323,-0.5,-0.7867295316004432,-0.8710530614095112,-0.57,0.17967010103166103,-0.30105306140951127,-6.021061228190225,-5.284755177593663,0.23320983358714595,0.2938084141474985,-2.9380841414749845,1665.2439005472588,1651,-0.9343750000000001,-0.9343750000000001,5,0,bbox fill,False,,True,,1500,1560,1651,1493,2000,2000,1000,1000
267,589228415030398,5.339997795061208,commit_complete,tracking,0,127270,4224542773510,589228.388437417,0.026592981070280075,False,True,0.0,269,378,23,24,-0.1234375,-0.625,0.05,,3.173764056379903,,duplicate frame,-0.029714687049543866,0.0,30.0,29.97340701892972,0.026592981070280075,0.0,1.5,345.0,0.007954246015287936,9.08,-8.58,8.58,0.11655011655011654,-10.0,-7.186952034667634,-7.186952034667634,-0.2862537446804528,-0.5,-0.7862537446804527,-0.8610452938788874,-0.47,0.018145637004636228,-0.3910452938788874,-7.820905877577749,-5.308236119964169,0.5508427922343204,0.3452152897648629,-3.4521528976486286,1665.5812948951905,1649,-0.9343750000000001,-0.9343750000000001,5,0,bbox fill,False,,True,,1500,1560,1649,1493,2000,2000,1000,1000
268,589228435055772,5.36002316896338,commit_complete,tracking,0,127271,4224575462459,589228.421869257,0.013186514959670603,True,True,0.0,270,379,24,24,-0.11875,-0.6291666666666667,0.05,24.0,3.1746197564374623,0.005283190631512724,,-0.017072390054839633,0.0,30.0,29.98681348504033,0.013186514959670603,0.0,1.5,345.0,0.027979619917459786,9.08,-8.58,8.58,0.11655011655011654,-10.0,-7.162707880543967,-7.162707880543967,-0.28612576672344153,-0.5,-0.7861257667234416,-0.8510326069278015,-0.47,0.03817101090680808,-0.3810326069278015,-7.62065213855603,-5.331127081232115,0.5508427922343204,0.3452152897648629,-3.4521528976486286,1665.4039321174369,1649,-0.8875,-0.8875,5,0,bbox fill,False,,True,,1500,1560,1649,1493,2000,2000,1000,1000
269,589228455016255,5.379983652033843,commit_complete,tracking,0,127271,4224575462459,589228.421869257,0.033146998030133545,False,True,0.0,270,379,24,24,-0.11875,-0.6291666666666667,0.05,,3.1746197564374623,,duplicate frame,-0.017072390054839633,0.0,30.0,29.966853001969866,0.033146998030133545,0.0,1.5,345.0,0.04794010298792273,9.08,-8.58,8.58,0.11655011655011654,-10.0,-7.162625508781846,-7.162625508781846,-0.2863163509173284,-0.5,-0.7863163509173283,-0.84105236539257,-0.47,0.05813149397727102,-0.37105236539257,-7.421047307851401,-5.3533462346051355,0.5508427922343204,0.3452152897648629,-3.4521528976486286,1665.2265464401053,1649,-0.8875,-0.8875,5,0,bbox fill,False,,True,,1500,1560,1649,1493,2000,2000,1000,1000
270,589228475024397,5.399991794023663,commit_complete,tracking,0,127272,4224608768718,589228.455401721,0.019622676074504852,True,True,0.0,272,380,23,25,-0.1140625,-0.6354166666666666,0.052083333333333336,23.979157616563597,3.175145487276302,0.003137743265189563,,-0.009586526158183218,0.0,30.0,29.980377323925495,0.019622676074504852,0.0,1.5,345.0,0.06794824497774243,9.08,-8.58,8.58,0.11655011655011654,-10.0,-7.126231646776357,-7.126231646776357,-0.286187191952145,-0.5,-0.786187191952145,-0.8310482943976601,-0.47,0.07813963596709073,-0.3610482943976602,-7.220965887953204,-5.375017951223607,0.5508427922343204,0.3452152897648629,-3.4521528976486286,1665.0481367368254,1649,-0.840625,-0.840625,5,0,bbox fill,False,,True,,1500,1559,1649,1494,2000,2000,1000,1000
271,589228495033477,5.4200008739717305,commit_complete,tracking,0,127273,4224641306204,589228.488828365,0.006205111974850297,True,True,0.0,273,381,24,25,-0.109375,-0.6395833333333333,0.052083333333333336,24.49489742783178,3.1830989668840184,0.02363978572931469,,0.04699058208053766,0.04699058208053766,21.28086003033734,21.27465491836249,0.006205111974850297,0.0,1.5,345.0,0.0879573249258101,9.08,-8.58,8.58,0.11655011655011654,-10.0,-7.052738091565493,-7.052738091565493,-0.40329678826397636,-0.5,-0.9032967882639764,-0.841052834371694,-0.47,0.09814871591515839,-0.371052834371694,-7.421056687433881,-5.397291228707308,0.5508427922343204,0.3452152897648629,-3.4521528976486286,1665.2705008137898,1649,-0.79375,-0.79375,5,0,bbox fill,False,,True,,1500,1559,1649,1494,2000,2000,1000,1000
272,589228515007685,5.439975082059391,commit_complete,tracking,0,127273,4224641306204,589228.488828365,0.02617932006251067,False,True,0.0,273,381,24,25,-0.109375,-0.6395833333333333,0.052083333333333336,,3.1830989668840184,,duplicate frame,0.04699058208053766,0.04699058208053766,21.28086003033734,21.25468071027483,0.02617932006251067,0.0,1.5,345.0,0.10793153301347047,9.08,-8.58,8.58,0.11655011655011654,-10.0,-7.05257888633716,-7.05257888633716,-0.40367578873355175,-0.5,-0.9036757887335518,-0.8510399384155242,-0.47,0.11812292400281876,-0.3810399384155242,-7.620798768310484,-5.420124141766171,0.5508427922343204,0.3452152897648629,-3.4521528976486286,1665.4930758077253,1649,-0.79375,-0.79375,5,0,bbox fill,False,,True,,1500,1559,1649,1494,2000,2000,1000,1000
273,589228535021807,5.459989203955047,commit_complete,tracking,0,127274,4224674750722,589228.522349909,0.01267189800273627,True,True,0.0,275,381,24,25,-0.103125,-0.6395833333333333,0.052083333333333336,24.49489742783178,3.189500896098195,0.013790663861350971,,0.07990234504631699,0.07990234504631699,12.51527723523421,12.502605337231474,0.01267189800273627,0.0,1.2,344.0,0.0068838970037177205,9.08,-8.58,8.58,0.11655011655011654,-10.0,-6.933876128988407,-6.933876128988407,-0.6862569655341868,-0.5,-1.1862569655341868,-0.8610469993633522,-0.47,0.13813704589847475,-0.3910469993633522,-7.820939987267044,-5.443603528702736,0.5508427922343204,0.3452152897648629,-3.4521528976486286,1664.7166964136184,1648,-0.73125,-0.73125,5,0,bbox fill,False,,True,,1500,1558,1648,1495,2000,2000,1000,1000
274,589228554992163,5.479959559976123,commit_complete,tracking,0,127274,4224674750722,589228.522349909,0.03264225402381271,False,True,0.0,275,381,24,25,-0.103125,-0.6395833333333333,0.052083333333333336,,3.189500896098195,,duplicate frame,0.07990234504631699,0.07990234504631699,12.51527723523421,12.482634981210397,0.03264225402381271,0.0,1.2,344.0,0.02685425302479416,9.08,-8.58,8.58,0.11655011655011654,-10.0,-6.933414934742901,-6.933414934742901,-0.6873548744247608,-0.5,-1.1873548744247608,-0.8710321773738904,-0.47,0.1581074019195512,-0.4010321773738904,-8.020643547477809,-5.467629794776928,0.5508427922343204,0.3452152897648629,-3.4521528976486286,1664.9404262399034,1648,-0.73125,-0.73125,5,0,bbox fill,False,,True,,1500,1558,1648,1495,2000,2000,1000,1000
275,589228575047101,5.500014498014934,commit_complete,tracking,0,127275,4224708314721,589228.555736742,0.019310359028168023,True,True,0.0,277,382,23,25,-0.0984375,-0.64375,0.052083333333333336,23.979157616563597,3.186924335667893,-0.01498356195264261,,0.043999420232383735,0.043999420232383735,22.72757219796265,22.708261838934483,0.019310359028168023,0.0,1.2,344.0,0.04690919106360525,9.06,-8.56,8.56,0.11682242990654206,-10.0,-7.040548678675821,-7.033689624936956,-0.3769553152378858,-0.5,-0.8769553152378857,-0.8769553152378857,-0.39,0.016658316017128527,-0.4869553152378857,-9.739106304757714,-5.496927370801225,0.49534369514600735,0.37524097084109176,-3.7524097084109176,1664.9884433839698,1646,-0.684375,-0.684375,5,0,bbox fill,False,,True,,1500,1559,1646,1495,2000,2000,1000,1000
276,589228595026974,5.51999437098857,commit_complete,tracking,0,127276,4224740383511,589228.589199508,0.0058274660259485245,True,True,0.0,279,382,23,25,-0.0921875,-0.64375,0.052083333333333336,23.979157616563597,3.184472597820168,-0.011211657571527311,,0.017195521045766667,0.017195521045766667,30.0,29.99417253397405,0.0058274660259485245,0.0,1.2,344.0,0.06688906403724104,9.06,-8.56,8.56,0.11682242990654206,-10.0,-7.078656835007417,-7.078656835007417,-0.2853887697786691,-0.5,-0.7853887697786691,-0.8669653787510678,-0.39,0.03663818899076432,-0.4769653787510678,-9.539307575021356,-5.52551649384203,0.49534369514600735,0.37524097084109176,-3.7524097084109176,1664.8172337772744,1646,-0.6218750000000001,-0.6218750000000001,5,0,bbox fill,False,,True,,1500,1559,1646,1495,2000,2000,1000,1000
277,589228615028060,5.539995457045734,commit_complete,tracking,0,127276,4224740383511,589228.589199508,0.0258285520831123,False,True,0.0,279,382,23,25,-0.0921875,-0.64375,0.052083333333333336,,3.184472597820168,,duplicate frame,0.017195521045766667,0.017195521045766667,30.0,29.974171447916888,0.0258285520831123,0.0,1.2,344.0,0.08689015009440482,9.06,-8.56,8.56,0.11682242990654206,-10.0,-7.078577580425546,-7.078577580425546,-0.28557920324416153,-0.5,-0.7855792032441615,-0.8569648357224859,-0.39,0.056639275047928095,-0.4669648357224859,-9.339296714449718,-5.5535359054368945,0.49534369514600735,0.37524097084109176,-3.7524097084109176,1664.6452423282976,1646,-0.6218750000000001,-0.6218750000000001,5,0,bbox fill,False,,True,,1500,1559,1646,1495,2000,2000,1000,1000
278,589228635011820,5.55997921701055,commit_complete,tracking,0,127277,4224773811437,589228.622666651,0.01234516897238791,True,True,0.0,280,381,24,26,-0.0875,-0.6416666666666667,0.05416666666666667,24.979991993593593,3.1966075682737722,0.03302710140144871,,0.09614364357155572,0.09614364357155572,10.401103628403073,10.388758459430685,0.01234516897238791,-0.1,1.3,344.0,0.006047707982361317,9.06,-8.56,8.56,0.11682242990654206,-10.0,-6.865356257314227,-6.865356257314227,-0.8239675639228499,-0.5,-1.3239675639228499,-0.8669567157048941,-0.39,0.07662303501274437,-0.47695671570489406,-9.53913431409788,-5.582130070997656,0.49534369514600735,0.37524097084109176,-3.7524097084109176,1664.8736740935065,1646,-0.575,-0.575,5,0,bbox fill,False,,True,,1500,1557,1646,1496,2000,2000,1000,1000
279,589228655006932,5.579974328982644,commit_complete,tracking,0,127277,4224773811437,589228.622666651,0.03234028094448149,False,True,0.0,280,381,24,26,-0.0875,-0.6416666666666667,0.05416666666666667,,3.1966075682737722,,duplicate frame,0.09614364357155572,0.09614364357155572,10.401103628403073,10.368763347458591,0.03234028094448149,-0.1,1.3,344.0,0.0260428199544549,9.06,-8.56,8.56,0.11682242990654206,-10.0,-6.864691106022745,-6.864691106022745,-0.82555650207776,-0.5,-1.32555650207776,-0.8769542716909409,-0.39,0.09661814698483795,-0.48695427169094085,-9.739085433818817,-5.611340186560905,0.49534369514600735,0.37524097084109176,-3.7524097084109176,1665.1028353287907,1646,-0.575,-0.575,5,0,bbox fill,False,,True,,1500,1557,1646,1496,2000,2000,1000,1000
280,589228675038737,5.600006134016439,commit_complete,tracking,0,127278,4224806300431,589228.656082144,0.018956593004986644,True,True,0.0,282,381,24,25,-0.08125,-0.6395833333333333,0.052083333333333336,24.49489742783178,3.1993458557508023,-0.0013554279118910273,,0.0928986148946496,0.0928986148946496,10.76442314165864,10.745466548653653,0.018956593004986644,-0.1,1.3,344.0,0.046074624988250434,9.06,-8.56,8.56,0.11682242990654206,-10.0,-6.887718074226022,-6.887718074226022,-0.7966150153873515,-0.5,-1.2966150153873515,-0.8869701742078386,-0.39,0.11664995201863348,-0.4969701742078386,-9.939403484156772,-5.641205815472933,0.49534369514600735,0.37524097084109176,-3.7524097084109176,1664.3330190080405,1645,-0.5125000000000001,-0.5125000000000001,5,0,bbox fill,False,,True,,1500,1557,1645,1496,2000,2000,1000,1000
281,589228695014866,5.61998226295691,commit_complete,tracking,0,127279,4224839270378,589228.689594546,0.005420319968834519,True,True,0.0,284,380,23,25,-0.0765625,-0.6354166666666666,0.052083333333333336,23.979157616563597,3.1936131795990814,-0.025274091077547745,,0.0325649125353182,0.0325649125353182,30.0,29.994579680031165,0.005420319968834519,-0.1,1.3,344.0,0.06605075392872095,9.06,-8.56,8.56,0.11682242990654206,-10.0,-7.127282036640563,-6.987598718928375,-0.28538489591500443,-0.5,-0.7853848959150045,-0.8769821097376034,-0.39,0.136626080959104,-0.48698210973760336,-9.739642194752067,-5.670389867720395,0.49534369514600735,0.37524097084109176,-3.7524097084109176,1665.1624417708833,1646,-0.46562500000000007,-0.46562500000000007,5,0,bbox fill,False,,True,,1500,1558,1646,1497,2000,2000,1000,1000
282,589228715033093,5.640000490006059,commit_complete,tracking,0,127279,4224839270378,589228.689594546,0.025438547017984092,False,True,0.0,284,380,23,25,-0.0765625,-0.6354166666666666,0.052083333333333336,,3.1936131795990814,,duplicate frame,0.0325649125353182,0.0325649125353182,30.0,29.974561452982016,0.025438547017984092,-0.1,1.3,344.0,0.08606898097787052,9.06,-8.56,8.56,0.11682242990654206,-10.0,-7.1272008607982364,-7.087689854174123,-0.28557548751554496,-0.5,-0.785575487515545,-0.8669729962130286,-0.39,0.15664430800825357,-0.4769729962130286,-9.539459924260571,-5.699034328923912,0.49534369514600735,0.37524097084109176,-3.7524097084109176,1664.9909039615954,1646,-0.46562500000000007,-0.46562500000000007,5,0,bbox fill,False,,True,,1500,1559,1646,1497,2000,2000,1000,1000
283,589228735036145,5.660003541968763,commit_complete,tracking,0,127280,4224872641941,589228.723017143,0.01201900199521333,True,True,0.0,285,379,24,25,-0.071875,-0.63125,0.052083333333333336,24.49489742783178,3.1960187189681264,0.003763244061456561,,0.04157257657313573,0.04157257657313573,24.05431855398161,24.042299551986396,0.01201900199521333,-0.1,1.3,344.0,0.10607203294057399,9.02,-8.52,8.52,0.11737089201877934,-10.0,-7.123179652462467,-7.123179652462467,-0.3543754199375687,-0.5,-0.8543754199375687,-0.8569714702316769,-0.4,0.005244486965239048,-0.45697147023167684,-9.139429404633537,-5.726456801117464,-0.05834207924663205,0.288524360823547,-2.88524360823547,1664.7511298139864,1647,-0.41874999999999996,-0.41874999999999996,5,0,bbox fill,False,,True,,1500,1559,1647,1497,2000,2000,1000,1000
284,589228755016556,5.679983953014016,commit_complete,tracking,0,127280,4224872641941,589228.723017143,0.03199941304046661,False,True,0.0,285,379,24,25,-0.071875,-0.63125,0.052083333333333336,,3.1960187189681264,,duplicate frame,0.04157257657313573,0.04157257657313573,24.05431855398161,24.022319140941143,0.03199941304046661,-0.1,1.3,344.0,0.12605244398582727,9.02,-8.52,8.52,0.11737089201877934,-10.0,-7.123052083356703,-7.123052083356703,-0.3546701694375293,-0.5,-0.8546701694375294,-0.8546701694375294,-0.4,0.025224898010492325,-0.45467016943752936,-9.093403388750588,-5.7537102917435945,-0.05834207924663205,0.288524360823547,-2.88524360823547,1664.7323572887296,1647,-0.41874999999999996,-0.41874999999999996,5,0,bbox fill,False,,True,,1500,1559,1647,1497,2000,2000,1000,1000
285,589228775011581,5.699978978023864,commit_complete,tracking,0,127281,4224906941720,589228.756447871,0.018563710036687553,True,True,0.0,287,378,24,25,-0.065625,-0.6270833333333333,0.052083333333333336,24.49489742783178,3.197778227967265,0.0010563071397045043,,0.04410032802209952,0.04410032802209952,22.675568297335133,22.657004587298445,0.018563710036687553,-0.1,1.7,343.0,0.004855795064941049,9.02,-8.52,8.52,0.11737089201877934,-10.0,-7.137686732232911,-7.137686732232911,-0.3760426479666392,-0.5,-0.8760426479666392,-0.8646676819424535,-0.4,0.0452199230203405,-0.46466768194245345,-9.29335363884907,-5.781583417508717,-0.05834207924663205,0.288524360823547,-2.88524360823547,1664.9601806645933,1647,-0.35625000000000007,-0.35625000000000007,5,0,bbox fill,False,,True,,1500,1559,1647,1497,2000,2000,1000,1000
286,589228794991049,5.7199584459885955,commit_complete,tracking,0,127282,4224938794731,589228.78992535,0.0050656989915296435,True,True,0.0,288,377,24,25,-0.0625,-0.6229166666666667,0.052083333333333336,24.49489742783178,3.198978176915246,-0.0007897681648811883,,0.04221304573385339,0.04221304573385339,23.689359121463127,23.684293422471598,0.0050656989915296435,-0.1,1.7,343.0,0.024835263029672205,9.02,-8.52,8.52,0.11737089201877934,-10.0,-7.168790332944143,-7.168790332944143,-0.3597320742495212,-0.5,-0.8597320742495211,-0.8597320742495211,-0.4,0.06519939098507166,-0.4597320742495211,-9.194641484990422,-5.8091390242582,-0.05834207924663205,0.288524360823547,-2.88524360823547,1664.889024117484,1647,-0.325,-0.325,5,0,bbox fill,False,,True,,1500,1560,1647,1498,2000,2000,1000,1000
287,589228815016208,5.739983604988083,commit_complete,tracking,0,127282,4224938794731,589228.78992535,0.0250908579910174,False,True,0.0,288,377,24,25,-0.0625,-0.6229166666666667,0.052083333333333336,,3.198978176915246,,duplicate frame,0.04221304573385339,0.04221304573385339,23.689359121463127,23.66426826347211,0.0250908579910174,-0.1,1.7,343.0,0.04486042202915996,9.02,-8.52,8.52,0.11737089201877934,-10.0,-7.168655604343895,-7.168655604343895,-0.3600364864503912,-0.5,-0.8600364864503912,-0.8600364864503912,-0.4,0.08522454998455942,-0.4600364864503912,-9.200729729007824,-5.836775935618404,-0.05834207924663205,0.288524360823547,-2.88524360823547,1664.9227492728617,1647,-0.325,-0.325,5,0,bbox fill,False,,True,,1500,1560,1647,1498,2000,2000,1000,1000
288,589228835032307,5.75999970396515,commit_complete,tracking,0,127283,4224971387834,589228.823386694,0.011645613005384803,True,True,0.0,289,376,24,25,-0.059375,-0.61875,0.052083333333333336,24.49489742783178,3.1997166330656945,-0.0019258545501865676,,0.0376086770573689,0.0376086770573689,26.589608522378583,26.5779629093732,0.011645613005384803,-0.1,1.7,343.0,0.06487652100622654,9.02,-8.52,8.52,0.11737089201877934,-10.0,-7.210280618661591,-7.210280618661591,-0.3205663289188829,-0.5,-0.8205663289188829,-0.8500284369618579,-0.4,0.105240648961626,-0.4500284369618579,-9.000568739237158,-5.863799376828574,-0.05834207924663205,0.288524360823547,-2.88524360823547,1665.7496117243013,1648,-0.29374999999999996,-0.29374999999999996,5,0,bbox fill,False,,True,,1500,1560,1648,1498,2000,2000,1000,1000
289,589228854982195,5.779949591960758,commit_complete,tracking,0,127283,4224971387834,589228.823386694,0.031595501000992954,False,True,0.0,289,376,24,25,-0.059375,-0.61875,0.052083333333333336,,3.1997166330656945,,duplicate frame,0.0376086770573689,0.0376086770573689,26.589608522378583,26.55801302137759,0.031595501000992954,-0.1,1.7,343.0,0.08482640900183469,9.02,-8.52,8.52,0.11737089201877934,-10.0,-7.210172864750221,-7.210172864750221,-0.32080713241393155,-0.5,-0.8208071324139316,-0.8400534929640538,-0.4,0.12519053695723414,-0.4400534929640538,-8.801069859281077,-5.890136430518701,-0.05834207924663205,0.288524360823547,-2.88524360823547,1665.5764498980352,1648,-0.29374999999999996,-0.29374999999999996,5,0,bbox fill,False,,True,,1500,1560,1648,1498,2000,2000,1000,1000
290,589228875035114,5.800002511008643,commit_complete,tracking,0,127284,4225004738876,589228.856780094,0.018255020026117563,True,True,0.0,290,375,24,25,-0.05625,-0.6145833333333334,0.052083333333333336,24.49489742783178,3.2000948241937746,-0.0025076870549249897,,0.03160105386664063,0.03160105386664063,30.0,29.981744979973882,0.018255020026117563,-0.1,1.7,343.0,0.10487932804971933,9.02,-8.52,8.52,0.11737089201877934,-10.0,-7.2508998677350744,-7.2508998677350744,-0.2841729194111577,-0.5,-0.7841729194111577,-0.8300270334401115,-0.4,0.1452434560051188,-0.4300270334401115,-8.60054066880223,-5.916006322388631,-0.05834207924663205,0.288524360823547,-2.88524360823547,1665.4017905994262,1648,-0.2625,-0.2625,5,0,bbox fill,False,,True,,1500,1560,1648,1498,2000,2000,1000,1000
291,589228895021869,5.8199892659904435,commit_complete,tracking,0,127285,4225037310501,589228.890224044,0.00479782500769943,True,True,0.0,291,375,24,25,-0.053125,-0.6145833333333334,0.052083333333333336,24.49489742783178,3.2002112870313346,-0.0026868606511714077,,0.0251739167583653,0.0251739167583653,30.0,29.9952021749923,0.00479782500769943,-0.1,1.7,343.0,0.12486608303152025,9.02,-8.52,8.52,0.11737089201877934,-10.0,-7.250957541239036,-7.250957541239036,-0.28404542667504745,-0.5,-0.7840454266750474,-0.8200336559492111,-0.4,0.1652302109869197,-0.42003365594921105,-8.400673118984221,-5.941191651685331,-0.05834207924663205,0.288524360823547,-2.88524360823547,1665.227108378905,1648,-0.23125,-0.23125,5,0,bbox fill,False,,True,,1500,1560,1648,1498,2000,2000,1000,1000
292,589228915031951,5.8399993480416015,commit_complete,tracking,0,127285,4225037310501,589228.890224044,0.02480790705885738,False,True,0.0,291,375,24,25,-0.053125,-0.6145833333333334,0.052083333333333336,,3.2002112870313346,,duplicate frame,0.0251739167583653,0.0251739167583653,30.0,29.975192092941143,0.02480790705885738,-0.1,1.7,343.0,0.1448761650826782,9.02,-8.52,8.52,0.11737089201877934,-10.0,-7.25087176527811,-7.25087176527811,-0.28423504255061555,-0.5,-0.7842350425506155,-0.8100286149236321,-0.4,0.18524029303807765,-0.4100286149236321,-8.200572298472641,-5.965805770369165,-0.05834207924663205,0.288524360823547,-2.88524360823547,1665.0516216770773,1648,-0.23125,-0.23125,5,0,bbox fill,False,,True,,1500,1560,1648,1498,2000,2000,1000,1000
293,589228935036838,5.860004235059023,commit_complete,tracking,0,127286,4225070531551,589228.923661578,0.011375260073691607,True,True,0.0,292,375,23,26,-0.0515625,-0.6166666666666667,0.05416666666666667,24.454038521274967,3.1995628584151588,-0.004257663753604923,,0.014987367108440779,0.014987367108440779,30.0,29.98862473992631,0.011375260073691607,-0.1,1.7,343.0,0.16488105210009962,9.02,-8.52,8.52,0.11737089201877934,-10.0,-7.238762173067665,-7.238762173067665,-0.28410772664265016,-0.5,-0.7841077266426502,-0.8000261714149214,-0.4,0.20524518005549908,-0.40002617141492136,-8.000523428298427,-5.989813205458667,-0.05834207924663205,0.288524360823547,-2.88524360823547,1664.8755802419926,1648,-0.21562499999999998,-0.21562499999999998,5,0,bbox fill,False,,True,,1500,1560,1648,1498,2000,2000,1000,1000
294,589228955012085,5.879979482037015,commit_complete,tracking,0,127286,4225070531551,589228.923661578,0.03135050705168396,False,True,0.0,292,375,23,26,-0.0515625,-0.6166666666666667,0.05416666666666667,,3.1995628584151588,,duplicate frame,0.014987367108440779,0.014987367108440779,30.0,29.968649492948316,0.03135050705168396,-0.1,1.7,343.0,0.013632404035888612,9.02,-8.52,8.52,0.11737089201877934,-10.0,-7.238676972003084,-7.238676972003084,-0.2842970952696675,-0.5,-0.7842970952696675,-0.7900385479259252,-0.4,0.22522042703349143,-0.3900385479259252,-7.800770958518504,-6.01318655443594,-0.05834207924663205,0.288524360823547,-2.88524360823547,1665.6992011211898,1649,-0.21562499999999998,-0.21562499999999998,5,0,bbox fill,False,,True,,1500,1560,1649,1498,2000,2000,1000,1000
295,589228975020541,5.899987937998958,commit_complete,tracking,0,127287,4225103471152,589228.957109041,0.017911499948240817,True,True,0.0,292,376,24,25,-0.05,-0.61875,0.052083333333333336,24.49489742783178,3.1995043857477534,-0.0015993202148925079,,0.011162095908012749,0.011162095908012749,30.0,29.98208850005176,0.017911499948240817,-0.1,1.7,343.0,0.033640859997831285,8.98,-8.48,8.48,0.11792452830188678,-10.0,-7.2286780103853685,-7.2286780103853685,-0.2828355336215274,-0.5,-0.7828355336215274,-0.7828355336215274,-0.42,0.013434367021545768,-0.3628355336215274,-7.256710672430548,-6.034965890823623,-0.08628331829150333,0.21356282500053692,-2.135628250005369,1665.4273048132595,1650,-0.20000000000000004,-0.20000000000000004,5,0,bbox fill,False,,True,,1500,1560,1650,1499,2000,2000,1000,1000
296,589228995029161,5.919996557990089,commit_complete,tracking,0,127288,4225136558819,589228.990549452,0.004479708964936435,True,True,0.0,292,377,24,25,-0.05,-0.6229166666666667,0.052083333333333336,24.49489742783178,3.1993831626972904,-0.0014128232141801256,,0.007782177604352666,0.007782177604352666,30.0,29.995520291035064,0.004479708964936435,-0.1,1.7,343.0,0.05364947998896241,8.98,-8.48,8.48,0.11792452830188678,-10.0,-7.204377192406502,-7.204377192406502,-0.2827088817837398,-0.5,-0.7827088817837398,-0.7827088817837398,-0.42,0.033442987012676895,-0.3627088817837398,-7.254177635674796,-6.0567378033726795,-0.08628331829150333,0.21356282500053692,-2.135628250005369,1665.4465436890528,1650,-0.20000000000000004,-0.20000000000000004,5,0,bbox fill,False,,True,,1500,1560,1650,1499,2000,2000,1000,1000
297,589229015022746,5.939990143058822,commit_complete,tracking,0,127288,4225136558819,589228.990549452,0.024473294033668935,False,True,0.0,292,377,24,25,-0.05,-0.6229166666666667,0.052083333333333336,,3.1993831626972904,,duplicate frame,0.007782177604352666,0.007782177604352666,30.0,29.97552670596633,0.024473294033668935,-0.1,1.7,343.0,0.07364306505769491,8.98,-8.48,8.48,0.11792452830188678,-10.0,-7.20429334207383,-7.20429334207383,-0.2828974477473365,-0.5,-0.7828974477473365,-0.7828974477473365,-0.42,0.053436572081409395,-0.3628974477473365,-7.25794895494673,-6.078504666350966,-0.08628331829150333,0.21356282500053692,-2.135628250005369,1665.472081871303,1650,-0.20000000000000004,-0.20000000000000004,5,0,bbox fill,False,,True,,1500,1560,1650,1499,2000,2000,1000,1000
298,589229035028934,5.959996331017464,commit_complete,tracking,0,127289,4225169308583,589229.024027283,0.011001651058904827,True,True,0.0,292,378,24,25,-0.05,-0.6270833333333333,0.052083333333333336,24.49489742783178,3.1992310901930505,-0.0011788655153495142,,0.0049651121434642915,0.0049651121434642915,30.0,29.988998348941095,0.011001651058904827,0.0,1.4,343.0,0.002771295025013387,8.98,-8.48,8.48,0.11792452830188678,-10.0,-7.179992395635326,-7.179992395635326,-0.28277036469607286,-0.5,-0.7827703646960729,-0.7827703646960729,-0.42,0.07344276004005224,-0.3627703646960729,-7.255407293921458,-6.100277622656772,-0.08628331829150333,0.21356282500053692,-2.135628250005369,1665.4913131665835,1650,-0.20000000000000004,-0.20000000000000004,5,0,bbox fill,False,,True,,1500,1560,1650,1499,2000,2000,1000,1000
299,589229055015447,5.979982843971811,commit_complete,tracking,0,127289,4225169308583,589229.024027283,0.030988164013251662,False,True,0.0,292,378,24,25,-0.05,-0.6270833333333333,0.052083333333333336,,3.1992310901930505,,duplicate frame,0.0049651121434642915,0.0049651121434642915,30.0,29.96901183598675,0.030988164013251662,0.0,1.4,343.0,0.022757807979360223,8.98,-8.48,8.48,0.11792452830188678,-10.0,-7.179909465105606,-7.179909465105606,-0.2829589459408611,-0.5,-0.782958945940861,-0.782958945940861,-0.42,0.09342927299439907,-0.36295894594086103,-7.259178918817221,-6.122040473681601,-0.08628331829150333,0.21356282500053692,-2.135628250005369,1665.5168476425042,1650,-0.20000000000000004,-0.20000000000000004,5,0,bbox fill,False,,True,,1500,1560,1650,1499,2000,2000,1000,1000
300,589229075037716,6.000005112960935,commit_complete,tracking,0,127290,4225202350727,589229.057439994,0.01759772200603038,True,True,0.0,292,379,23,25,-0.0515625,-0.63125,0.052083333333333336,23.979157616563597,3.1916227993721433,-0.02221196765148914,,-0.04821696614744507,0.0,30.0,29.98240227799397,0.01759772200603038,0.0,1.4,343.0,0.04278007696848363,8.98,-8.48,8.48,0.11792452830188678,-10.0,-7.155607887349818,-7.155607887349818,-0.2828325736335018,-0.5,-0.7828325736335018,-0.7828325736335018,-0.42,0.11345154198352247,-0.3628325736335018,-7.256651472670036,-6.143834667843518,-0.08628331829150333,0.21356282500053692,-2.135628250005369,1665.5361143905188,1650,-0.21562499999999998,-0.21562499999999998,5,0,bbox fill,False,,True,,1500,1560,1650,1498,2000,2000,1000,1000
301,589229095018435,6.0199858320411295,commit_complete,tracking,0,127291,4225235144474,589229.09096066,0.00405777501873672,True,True,0.0,291,380,24,25,-0.053125,-0.6354166666666666,0.052083333333333336,24.49489742783178,3.1929669371210583,0.008458293056945898,,-0.02803051032961262,0.0,30.0,29.995942224981263,0.00405777501873672,0.0,1.4,343.0,0.06276079604867846,8.98,-8.48,8.48,0.11792452830188678,-10.0,-7.131305625019836,-7.131305625019836,-0.2827049050967192,-0.5,-0.7827049050967192,-0.7827049050967192,-0.42,0.1334322610637173,-0.3627049050967192,-7.254098101934384,-6.165575982296757,-0.08628331829150333,0.21356282500053692,-2.135628250005369,1665.5553023342366,1650,-0.23125,-0.23125,5,0,bbox fill,False,,True,,1500,1559,1650,1498,2000,2000,1000,1000
302,589229114998433,6.039965830044821,commit_complete,tracking,0,127291,4225235144474,589229.09096066,0.024037773022428155,False,True,0.0,291,380,24,25,-0.053125,-0.6354166666666666,0.052083333333333336,,3.1929669371210583,,duplicate frame,-0.02803051032961262,0.0,30.0,29.975962226977572,0.024037773022428155,0.0,1.4,343.0,0.08274079405236989,8.98,-8.48,8.48,0.11792452830188678,-10.0,-7.131224611666218,-7.131224611666218,-0.2828933375279018,-0.5,-0.7828933375279018,-0.7828933375279018,-0.42,0.15341225906740874,-0.3628933375279018,-7.257866750558036,-6.187327806774839,-0.08628331829150333,0.21356282500053692,-2.135628250005369,1665.5808228073383,1650,-0.23125,-0.23125,5,0,bbox fill,False,,True,,1500,1559,1650,1498,2000,2000,1000,1000
303,589229135032389,6.0599997859681025,commit_complete,tracking,0,127292,4225268434098,589229.124363661,0.01066872791852802,True,True,0.0,290,381,24,25,-0.05625,-0.6395833333333333,0.052083333333333336,24.49489742783178,3.1942826017340473,0.006434193652347542,,-0.012620652641408603,0.0,30.0,29.989331272081472,0.01066872791852802,0.0,1.4,343.0,0.1027747499756515,8.93,-8.43,8.43,0.11862396204033215,-10.0,-7.109442234795004,-7.109442234795004,-0.2810999659684942,-0.5,-0.7810999659684942,-0.7810999659684942,-0.49,0.0018513029208406806,-0.2910999659684942,-5.821999319369883,-6.204823458437284,-0.4079375032489641,0.0892627593506367,-0.892627593506367,1664.9194503713136,1652,-0.2625,-0.2625,5,0,bbox fill,False,,True,,1500,1559,1652,1498,2000,2000,1000,1000
304,589229154992408,6.079959805007093,commit_complete,tracking,0,127292,4225268434098,589229.124363661,0.03062874695751816,False,True,0.0,290,381,24,25,-0.05625,-0.6395833333333333,0.052083333333333336,,3.1942826017340473,,duplicate frame,-0.012620652641408603,0.0,30.0,29.969371253042482,0.03062874695751816,0.0,1.2,343.0,0.0016147940186783671,8.93,-8.43,8.43,0.11862396204033215,-10.0,-7.1093621921551176,-7.1093621921551176,-0.28128718246446993,-0.5,-0.7812871824644699,-0.7812871824644699,-0.49,0.02181132195983082,-0.29128718246446994,-5.825743649289398,-6.222265751560697,-0.4079375032489641,0.0892627593506367,-0.892627593506367,1664.9406369943565,1652,-0.2625,-0.2625,5,0,bbox fill,False,,True,,1500,1559,1652,1498,2000,2000,1000,1000
305,589229175009059,6.099976456025615,commit_complete,tracking,0,127293,4225301350457,589229.157797218,0.017211841070093215,True,True,0.0,289,381,24,26,-0.059375,-0.6416666666666667,0.05416666666666667,24.979991993593593,3.202335735941401,0.024214535758943168,,0.045320022536075845,0.045320022536075845,22.065302355133994,22.0480905140639,0.017211841070093215,0.0,1.2,343.0,0.021631445037201047,8.93,-8.43,8.43,0.11862396204033215,-10.0,-7.05421234154186,-7.05421234154186,-0.3823460355726825,-0.5,-0.8823460355726824,-0.7912955079737313,-0.49,0.0418279729783535,-0.3012955079737313,-6.025910159474625,-6.240358532670373,-0.4079375032489641,0.0892627593506367,-0.892627593506367,1665.1588962856513,1652,-0.29374999999999996,-0.29374999999999996,5,0,bbox fill,False,,True,,1500,1559,1652,1498,2000,2000,1000,1000
306,589229195028973,6.1199963700491935,commit_complete,tracking,0,127294,4225334250952,589229.191305229,0.0037237440701574087,True,True,0.0,288,381,24,26,-0.0625,-0.6416666666666667,0.05416666666666667,24.979991993593593,3.2088316223061315,0.014220864428588165,,0.07927217664897449,0.07927217664897449,12.61476652051709,12.611042776446933,0.0037237440701574087,0.0,1.2,343.0,0.041651359060779214,8.93,-8.43,8.43,0.11862396204033215,-10.0,-6.932593355158065,-6.932593355158065,-0.6684617719118616,-0.5,-1.1684617719118617,-0.8013054649855204,-0.49,0.06184788700193167,-0.31130546498552036,-6.226109299710407,-6.259055458602614,-0.4079375032489641,0.0892627593506367,-0.892627593506367,1664.3777923518194,1651,-0.325,-0.325,5,0,bbox fill,False,,True,,1500,1558,1651,1498,2000,2000,1000,1000
307,589229215017441,6.13998483796604,commit_complete,tracking,0,127294,4225334250952,589229.191305229,0.023712211987003684,False,True,0.0,288,381,24,26,-0.0625,-0.6416666666666667,0.05416666666666667,,3.2088316223061315,,duplicate frame,0.07927217664897449,0.07927217664897449,12.61476652051709,12.591054308530087,0.023712211987003684,0.0,1.2,343.0,0.06163982697762549,8.93,-8.43,8.43,0.11862396204033215,-10.0,-6.932142275106928,-6.932142275106928,-0.669522963957745,-0.5,-1.169522963957745,-0.8112996989439435,-0.49,0.08183635491877794,-0.3212996989439435,-6.42599397887887,-6.278322324774714,-0.4079375032489641,0.0892627593506367,-0.892627593506367,1664.59694389716,1651,-0.325,-0.325,5,0,bbox fill,False,,True,,1500,1558,1651,1498,2000,2000,1000,1000
308,589229234997303,6.159964699996635,commit_complete,tracking,0,127295,4225367578433,589229.224743397,0.010253906017169356,True,True,0.0,287,381,24,25,-0.065625,-0.6395833333333333,0.052083333333333336,24.49489742783178,3.2069262097961673,-0.013017511058606601,,0.04812809947718863,0.04812809947718863,20.77788258549399,20.76762867947682,0.010253906017169356,0.0,1.2,343.0,0.08161968900822103,8.93,-8.43,8.43,0.11862396204033215,-10.0,-7.05607652553512,-7.032041585259906,-0.40592020062120876,-0.5,-0.9059202006212088,-0.8212896299592413,-0.49,0.10181621694937348,-0.33128962995924127,-6.625792599184825,-6.298179688070972,-0.4079375032489641,0.0892627593506367,-0.892627593506367,1664.8165998807622,1651,-0.35625000000000007,-0.35625000000000007,5,0,bbox fill,False,,True,,1500,1559,1651,1497,2000,2000,1000,1000
309,589229255044507,6.180011903983541,commit_complete,tracking,0,127295,4225367578433,589229.224743397,0.03030111000407487,False,True,0.0,287,381,24,25,-0.065625,-0.6395833333333333,0.052083333333333336,,3.2069262097961673,,duplicate frame,0.04812809947718863,0.04812809947718863,20.77788258549399,20.747581475489916,0.03030111000407487,0.1,1.3,343.0,0.009168274002149701,8.93,-8.43,8.43,0.11862396204033215,-10.0,-7.055908836646495,-7.055908836646495,-0.4063124181466043,-0.5,-0.9063124181466042,-0.831313231952694,-0.49,0.121863420936279,-0.34131323195269403,-6.82626463905388,-6.318706816024129,-0.4079375032489641,0.0892627593506367,-0.892627593506367,1665.0375990485843,1651,-0.35625000000000007,-0.35625000000000007,5,0,bbox fill,False,,True,,1500,1559,1651,1497,2000,2000,1000,1000
310,589229275007842,6.199975238996558,commit_complete,tracking,0,127296,4225400346574,589229.258192137,0.016815704992040992,True,True,0.0,286,380,24,25,-0.06875,-0.6354166666666666,0.052083333333333336,24.49489742783178,3.2050111118170874,-0.010071206475406491,,0.024040599696057718,0.024040599696057718,30.0,29.98318429500796,0.016815704992040992,0.1,1.3,343.0,0.02913160901516676,8.93,-8.43,8.43,0.11862396204033215,-10.0,-7.133803926448472,-7.133803926448472,-0.2811575954393727,-0.5,-0.7811575954393727,-0.8213315644461855,-0.49,0.14182675594929606,-0.3313315644461855,-6.62663128892371,-6.338550265088408,-0.4079375032489641,0.0892627593506367,-0.892627593506367,1664.8578091475185,1651,-0.38750000000000007,-0.38750000000000007,5,0,bbox fill,False,,True,,1500,1559,1651,1497,2000,2000,1000,1000
311,589229295038635,6.220006032031961,commit_complete,tracking,0,127297,4225433823287,589229.291723568,0.0033150670351460576,True,True,0.0,285,379,24,25,-0.071875,-0.63125,0.052083333333333336,24.49489742783178,3.2032438875552516,-0.00735239991873593,,0.006499087863950637,0.006499087863950637,30.0,29.996684932964854,0.0033150670351460576,0.1,1.3,343.0,0.049162402050569654,8.88,-8.38,8.38,0.11933174224343675,-10.0,-7.160855548788612,-7.160855548788612,-0.2793642037020831,-0.5,-0.7793642037020831,-0.811316167928484,-0.54,0.01890283008106053,-0.271316167928484,-5.426323358569681,-6.35485429910921,-0.34976110186123743,0.0014579871082618656,-0.014579871082618656,1664.7957575287614,1653,-0.41874999999999996,-0.41874999999999996,5,0,bbox fill,False,,True,,1500,1560,1653,1497,2000,2000,1000,1000
312,589229315033286,6.24000068299938,commit_complete,tracking,0,127297,4225433823287,589229.291723568,0.023309718002565205,False,True,0.0,285,379,24,25,-0.071875,-0.63125,0.052083333333333336,,3.2032438875552516,,duplicate frame,0.006499087863950637,0.006499087863950637,30.0,29.976690281997435,0.023309718002565205,0.1,1.3,343.0,0.0691570530179888,8.88,-8.38,8.38,0.11933174224343675,-10.0,-7.160773553497149,-7.160773553497149,-0.27955054147630926,-0.5,-0.7795505414763093,-0.8013188424447745,-0.54,0.038897481048479676,-0.26131884244477444,-5.226376848895489,-6.37052923624689,-0.34976110186123743,0.0014579871082618656,-0.014579871082618656,1665.611485956225,1654,-0.41874999999999996,-0.41874999999999996,5,0,bbox fill,False,,True,,1500,1560,1654,1497,2000,2000,1000,1000
313,589229335024447,6.259991843951866,commit_complete,tracking,0,127298,4225466381413,589229.325170061,0.009854385978542268,True,True,0.0,284,378,24,25,-0.075,-0.6270833333333333,0.052083333333333336,24.49489742783178,3.2017125081765263,-0.004996431643773835,,-0.005451777411599903,0.0,30.0,29.990145614021458,0.009854385978542268,0.1,1.3,343.0,0.0891482139704749,8.88,-8.38,8.38,0.11933174224343675,-10.0,-7.185244887979643,-7.185244887979643,-0.27942511876574727,-0.5,-0.7794251187657473,-0.7913232619685314,-0.54,0.058888642000965774,-0.2513232619685314,-5.026465239370628,-6.38560196759024,-0.34976110186123743,0.0014579871082618656,-0.014579871082618656,1665.4266470780435,1654,-0.44999999999999996,-0.44999999999999996,5,0,bbox fill,False,,True,,1500,1560,1654,1497,2000,2000,1000,1000
314,589229354993097,6.279960494022816,commit_complete,tracking,0,127298,4225466381413,589229.325170061,0.029823036049492657,False,True,0.0,284,378,24,25,-0.075,-0.6270833333333333,0.052083333333333336,,3.2017125081765263,,duplicate frame,-0.005451777411599903,0.0,30.0,29.970176963950507,0.029823036049492657,0.1,1.3,343.0,0.10911686404142529,8.88,-8.38,8.38,0.11933174224343675,-10.0,-7.185162037959497,-7.185162037959497,-0.27961129525794415,-0.5,-0.7796112952579441,-0.7813389369330562,-0.54,0.07885729207191616,-0.2413389369330562,-4.826778738661124,-6.400059605930575,-0.34976110186123743,0.0014579871082618656,-0.014579871082618656,1665.2414182156742,1654,-0.44999999999999996,-0.44999999999999996,5,0,bbox fill,False,,True,,1500,1560,1654,1497,2000,2000,1000,1000
315,589229375010948,6.2999783450504765,commit_complete,tracking,0,127299,4225499682109,589229.358645219,0.016365729039534926,True,True,0.0,282,377,24,25,-0.08125,-0.6229166666666667,0.052083333333333336,24.49489742783178,3.2004571955557823,-0.0030651814580138215,,-0.012777045790185158,0.0,30.0,29.983634270960465,0.016365729039534926,0.1,1.7,344.0,0.018213135073892772,8.88,-8.38,8.38,0.11933174224343675,-10.0,-7.209633726797852,-7.209633726797852,-0.2794857996289042,-0.5,-0.7794857996289042,-0.7794857996289042,-0.54,0.09887514309957623,-0.23948579962890415,-4.789715992578083,-6.414441579111209,-0.34976110186123743,0.0014579871082618656,-0.014579871082618656,1665.218737442772,1654,-0.5125000000000001,-0.5125000000000001,5,0,bbox fill,False,,True,,1500,1560,1654,1496,2000,2000,1000,1000
316,589229395018384,6.319985780981369,commit_complete,tracking,0,127300,4225532829595,589229.392197898,0.002820485970005393,True,True,0.0,281,375,24,26,-0.084375,-0.6166666666666667,0.05416666666666667,24.979991993593593,3.206344833900527,0.018046692744903226,,0.030251870606448458,0.030251870606448458,30.0,29.997179514029995,0.002820485970005393,0.1,1.7,344.0,0.0382205710047856,8.88,-8.38,8.38,0.11933174224343675,-10.0,-7.246315219844872,-7.246315219844872,-0.27935959766085966,-0.5,-0.7793595976608596,-0.7793595976608596,-0.54,0.11888257903046906,-0.23935959766085957,-4.787191953217191,-6.428808494555141,-0.34976110186123743,0.0014579871082618656,-0.014579871082618656,1665.230580318855,1654,-0.5437500000000001,-0.5437500000000001,5,0,bbox fill,False,,True,,1500,1560,1654,1496,2000,2000,1000,1000
317,589229415005236,6.339972633053549,commit_complete,tracking,0,127300,4225532829595,589229.392197898,0.02280733804218471,False,True,0.0,281,375,24,26,-0.084375,-0.6166666666666667,0.05416666666666667,,3.206344833900527,,duplicate frame,0.030251870606448458,0.030251870606448458,30.0,29.977192661957815,0.02280733804218471,0.1,1.7,344.0,0.058207423076964915,8.88,-8.38,8.38,0.11933174224343675,-10.0,-7.246230017881514,-7.246230017881514,-0.2795458565616298,-0.5,-0.7795458565616298,-0.7795458565616298,-0.54,0.13886943110264838,-0.23954585656162974,-4.790917131232595,-6.443171797353943,-0.34976110186123743,0.0014579871082618656,-0.014579871082618656,1665.248668799669,1654,-0.5437500000000001,-0.5437500000000001,5,0,bbox fill,False,,True,,1500,1560,1654,1496,2000,2000,1000,1000
318,589229435029621,6.359997018007562,commit_complete,tracking,0,127301,4225565689372,589229.425617016,0.009412604966200888,True,True,0.0,280,375,24,25,-0.0875,-0.6145833333333334,0.052083333333333336,24.49489742783178,3.2042439757405443,-0.008890997126878908,,0.008968251765524134,0.008968251765524134,30.0,29.9905873950338,0.009412604966200888,0.1,1.7,344.0,0.07823180803097785,8.88,-8.38,8.38,0.11933174224343675,-10.0,-7.258495213080857,-7.258495213080857,-0.2794210026505737,-0.5,-0.7794210026505737,-0.7794210026505737,-0.54,0.1588938160566613,-0.23942100265057364,-4.788420053011473,-6.457554572323396,-0.34976110186123743,0.0014579871082618656,-0.014579871082618656,1665.2605544964174,1654,-0.575,-0.575,5,0,bbox fill,False,,True,,1500,1560,1654,1496,2000,2000,1000,1000
319,589229455037981,6.380005378043279,commit_complete,tracking,0,127301,4225565689372,589229.425617016,0.029420965001918375,False,True,0.0,280,375,24,25,-0.0875,-0.6145833333333334,0.052083333333333336,,3.2042439757405443,,duplicate frame,0.008968251765524134,0.008968251765524134,30.0,29.97057903499808,0.029420965001918375,0.1,1.7,344.0,0.09824016806669533,8.83,-8.33,8.33,0.12004801920768307,-10.0,-7.261170068900215,-7.261170068900215,-0.27793924135642023,-0.5,-0.7779392413564202,-0.7779392413564202,-0.57,0.00748556200414896,-0.20793924135642028,-4.158784827128406,-6.470036141943235,-0.17501220730307168,-0.033836051774004845,0.33836051774004844,1665.2904604513317,1655,-0.575,-0.575,5,0,bbox fill,False,,True,,1500,1561,1655,1496,2000,2000,1000,1000
320,589229475036429,6.400003826012835,commit_complete,tracking,0,127302,4225599213348,589229.459080309,0.01595611998345703,True,True,0.0,278,374,24,26,-0.09375,-0.6125,0.05416666666666667,24.979991993593593,3.2092799683996764,0.013531101207749696,,0.0413167745784942,0.0413167745784942,24.203244570802248,24.18728845081879,0.01595611998345703,0.1,1.7,344.0,0.11823861603625119,8.83,-8.33,8.33,0.12004801920768307,-10.0,-7.242477954868159,-7.242477954868159,-0.34439577701889984,-0.5,-0.8443957770188999,-0.7879384653411982,-0.57,0.027484009973704815,-0.2179384653411982,-4.358769306823964,-6.483111435122308,-0.17501220730307168,-0.033836051774004845,0.33836051774004844,1665.503520224206,1655,-0.6375,-0.6375,5,0,bbox fill,False,,True,,1500,1560,1655,1495,2000,2000,1000,1000
321,589229495036636,6.420004033017904,commit_complete,tracking,0,127303,4225631863597,589229.492515588,0.002521048067137599,True,True,0.0,277,374,24,26,-0.096875,-0.6125,0.05416666666666667,24.979991993593593,3.2132562285478463,0.007413777902873342,,0.05905558972713852,0.05905558972713852,16.93319810403075,16.930677055963613,0.002521048067137599,0.0,1.8,344.0,0.01714794896543026,8.83,-8.33,8.33,0.12004801920768307,-10.0,-7.173811588950463,-7.173811588950463,-0.4920063133013257,-0.5,-0.9920063133013257,-0.7979385688437325,-0.57,0.047484216978773475,-0.22793856884373254,-4.558771376874651,-6.4967878908062495,-0.17501220730307168,-0.033836051774004845,0.33836051774004844,1664.717198749941,1654,-0.6687500000000001,-0.6687500000000001,5,0,bbox fill,False,,True,,1500,1560,1654,1495,2000,2000,1000,1000
322,589229515026422,6.439993818989024,commit_complete,tracking,0,127303,4225631863597,589229.492515588,0.0225108340382576,False,True,0.0,277,374,24,26,-0.096875,-0.6125,0.05416666666666667,,3.2132562285478463,,duplicate frame,0.05905558972713852,0.05905558972713852,16.93319810403075,16.910687269992493,0.0225108340382576,0.0,1.8,344.0,0.03713773493655026,8.83,-8.33,8.33,0.12004801920768307,-10.0,-7.173541040988341,-7.173541040988341,-0.4925879041463522,-0.5,-0.9925879041463521,-0.8079334618292925,-0.57,0.06747400294989347,-0.23793346182929254,-4.758669236585851,-6.511056607738255,-0.17501220730307168,-0.033836051774004845,0.33836051774004844,1664.931365326584,1654,-0.6687500000000001,-0.6687500000000001,5,0,bbox fill,False,,True,,1500,1560,1654,1495,2000,2000,1000,1000
323,589229535018081,6.459985477966256,commit_complete,tracking,0,127305,4225697926724,589229.526023656,0.008994424948468804,True,True,0.0,275,375,24,25,-0.103125,-0.6145833333333334,0.052083333333333336,24.49489742783178,3.209365483387131,-0.016770239660088393,,0.019016899041551648,0.019016899041551648,30.0,29.99100557505153,0.008994424948468804,0.0,1.8,344.0,0.05712939391378313,8.83,-8.33,8.33,0.12004801920768307,-10.0,-7.261257655797055,-7.261257655797055,-0.2777499400330023,-0.5,-0.7777499400330024,-0.797937632340676,-0.57,0.08746566192712635,-0.2279376323406761,-4.558752646813522,-6.5247271619797536,-0.17501220730307168,-0.033836051774004845,0.33836051774004844,1665.7451192910532,1655,-0.73125,-0.73125,5,0,bbox fill,False,,True,,1500,1561,1655,1495,2000,2000,1000,1000
324,589229555017528,6.479984925012104,commit_complete,tracking,0,127305,4225697926724,589229.526023656,0.028993871994316578,False,True,0.0,275,375,24,25,-0.103125,-0.6145833333333334,0.052083333333333336,,3.209365483387131,,duplicate frame,0.019016899041551648,0.019016899041551648,30.0,29.971006128005683,0.028993871994316578,0.0,1.8,344.0,0.0771288409596309,8.83,-8.33,8.33,0.12004801920768307,-10.0,-7.2611719014530145,-7.2611719014530145,-0.2779352806650102,-0.5,-0.7779352806650102,-0.7879379088177522,-0.57,0.10746510897297412,-0.2179379088177522,-4.358758176355044,-6.537803074979804,-0.17501220730307168,-0.033836051774004845,0.33836051774004844,1665.5582007335947,1655,-0.73125,-0.73125,5,0,bbox fill,False,,True,,1500,1561,1655,1495,2000,2000,1000,1000
325,589229575041481,6.500008877948858,commit_complete,tracking,0,127306,4225731336879,589229.559430363,0.015611117938533425,True,True,0.0,274,375,25,26,-0.1046875,-0.6166666666666667,0.05416666666666667,25.495097567963924,3.2199706674905517,0.02848540608352268,,0.08723171851450706,0.08723171851450706,11.46372004391608,11.448108925977547,0.015611117938533425,0.1,1.6,344.0,0.016536467941477895,8.83,-8.33,8.33,0.12004801920768307,-10.0,-7.042006500245702,-7.042006500245702,-0.7276310920747731,-0.5,-1.227631092074773,-0.797949885286129,-0.57,0.12748906190972775,-0.22794988528612903,-4.558997705722581,-6.551496448304527,-0.17501220730307168,-0.033836051774004845,0.33836051774004844,1664.772133636287,1654,-0.7468750000000001,-0.7468750000000001,5,0,bbox fill,False,,True,,1500,1559,1654,1494,2000,2000,1000,1000
326,589229595020144,6.519987541018054,commit_complete,tracking,0,127307,4225764633744,589229.592951241,0.002068903064355254,True,True,0.0,274,376,24,26,-0.10625,-0.6208333333333333,0.05416666666666667,24.979991993593593,3.2212079027964333,-0.0048195670949531255,,0.0757294730110458,0.0757294730110458,13.204898439662209,13.202829536597854,0.002068903064355254,0.1,1.6,344.0,0.03651513101067394,8.79,-8.29,8.29,0.12062726176115804,-10.0,-7.0660257869343255,-7.0660257869343255,-0.6278957080389749,-0.5,-1.1278957080389749,-0.807939216820727,-0.61,0.01627173798624426,-0.19793921682072702,-3.9587843364145403,-6.563360131067652,-0.30488737435415575,-0.08804631629003504,0.8804631629003503,1664.6416813045819,1655,-0.7625,-0.7625,5,0,bbox fill,False,,True,,1500,1559,1655,1494,2000,2000,1000,1000
327,589229615033507,6.540000904002227,commit_complete,tracking,0,127307,4225764633744,589229.592951241,0.022082266048528254,False,True,0.0,274,376,24,26,-0.10625,-0.6208333333333333,0.05416666666666667,,3.2212079027964333,,duplicate frame,0.0757294730110458,0.0757294730110458,13.204898439662209,13.18281617361368,0.022082266048528254,0.1,1.6,344.0,0.05652849399484694,8.79,-8.29,8.29,0.12062726176115804,-10.0,-7.065589798457863,-7.065589798457863,-0.628848941745316,-0.5,-1.128848941745316,-0.8179458983128135,-0.61,0.03628510097041726,-0.20794589831281352,-4.15891796625627,-6.575845221299665,-0.30488737435415575,-0.08804631629003504,0.8804631629003503,1664.8543000246557,1655,-0.7625,-0.7625,5,0,bbox fill,False,,True,,1500,1559,1655,1494,2000,2000,1000,1000
328,589229635014015,6.559981412021443,commit_complete,tracking,0,127308,4225798208252,589229.626341919,0.008672096068039536,True,True,0.0,273,377,25,26,-0.1078125,-0.625,0.05416666666666667,25.495097567963924,3.2288989283148357,0.014749620200008806,,0.11106776760964984,0.11106776760964984,9.003512193695316,8.994840097627277,0.008672096068039536,0.1,1.6,344.0,0.0765090020140633,8.79,-8.29,8.29,0.12062726176115804,-10.0,-6.910446543532222,-6.910446543532222,-0.9216395077647678,-0.5,-1.4216395077647679,-0.8279361523224217,-0.61,0.05626560898963362,-0.2179361523224217,-4.358723046448434,-6.5889086464171305,-0.30488737435415575,-0.08804631629003504,0.8804631629003503,1665.067168529965,1655,-0.7781250000000001,-0.7781250000000001,5,0,bbox fill,False,,True,,1500,1558,1655,1494,2000,2000,1000,1000
329,589229655121230,6.580088627059013,commit_complete,tracking,0,127308,4225798208252,589229.626341919,0.02877931110560894,False,True,0.0,273,377,25,26,-0.1078125,-0.625,0.05416666666666667,,3.2288989283148357,,duplicate frame,0.11106776760964984,0.11106776760964984,9.003512193695316,8.974732882589707,0.02877931110560894,0.0,1.4,344.0,0.009470732067711651,8.79,-8.29,8.29,0.12062726176115804,-10.0,-6.909512497646944,-6.909512497646944,-0.923704371868489,-0.5,-1.423704371868489,-0.8379897598412064,-0.61,0.07637282402720302,-0.2279897598412064,-4.559795196824128,-6.602661363799603,-0.30488737435415575,-0.08804631629003504,0.8804631629003503,1665.2819933977235,1655,-0.7781250000000001,-0.7781250000000001,5,0,bbox fill,False,,True,,1500,1558,1655,1494,2000,2000,1000,1000
330,589229675030934,6.599998331046663,commit_complete,tracking,0,127309,4225830912948,589229.659805025,0.015225909068249166,True,True,0.0,273,378,25,26,-0.1078125,-0.6291666666666667,0.05416666666666667,25.495097567963924,3.2346703040246014,0.005870580646522683,,0.12510252132829153,0.12510252132829153,7.993444012018111,7.978218102949862,0.015225909068249166,0.0,1.4,344.0,0.029380436055362225,8.79,-8.29,8.29,0.12062726176115804,-10.0,-6.836685547835749,-6.836685547835749,-1.0390791393550471,-0.5,-1.5390791393550471,-0.8479446118350317,-0.61,0.0962825280148536,-0.23794461183503168,-4.758892236700634,-6.616873584160879,-0.30488737435415575,-0.08804631629003504,0.8804631629003503,1664.4953026579612,1654,-0.7781250000000001,-0.7781250000000001,5,0,bbox fill,False,,True,,1500,1557,1654,1494,2000,2000,1000,1000
331,589229695030228,6.619997625006363,commit_complete,tracking,0,127310,4225864317356,589229.693199828,0.0018303999677300453,True,True,0.0,273,378,24,26,-0.109375,-0.6291666666666667,0.05416666666666667,24.979991993593593,3.2315775652210026,-0.02077289390198267,,0.07533934383142352,0.07533934383142352,13.27327726980955,13.271446869841819,0.0018303999677300453,0.0,1.4,344.0,0.049379730015061796,8.79,-8.29,8.29,0.12062726176115804,-10.0,-7.0220708297218035,-6.936682017634247,-0.6246493002084261,-0.5,-1.1246493002084261,-0.8579442588148815,-0.61,0.11628182197455317,-0.24794425881488147,-4.958885176297629,-6.631749714513854,-0.30488737435415575,-0.08804631629003504,0.8804631629003503,1664.710171727911,1654,-0.79375,-0.79375,5,0,bbox fill,False,,True,,1500,1558,1654,1494,2000,2000,1000,1000
332,589229715033508,6.640000905026682,commit_complete,tracking,0,127310,4225864317356,589229.693199828,0.02183367998804897,False,True,0.0,273,378,24,26,-0.109375,-0.6291666666666667,0.05416666666666667,,3.2315775652210026,,duplicate frame,0.07533934383142352,0.07533934383142352,13.27327726980955,13.2514435898215,0.02183367998804897,0.0,1.4,344.0,0.06938301003538072,8.79,-8.29,8.29,0.12062726176115804,-10.0,-7.021649037550665,-7.021649037550665,-0.6255922189766245,-0.5,-1.1255922189766245,-0.8679458988250409,-0.61,0.1362851019948721,-0.25794589882504093,-5.158917976500819,-6.647229006646725,-0.30488737435415575,-0.08804631629003504,0.8804631629003503,1664.9256838202473,1654,-0.79375,-0.79375,5,0,bbox fill,False,,True,,1500,1559,1654,1494,2000,2000,1000,1000
333,589229735023977,6.659991374006495,commit_complete,tracking,0,127311,4225895599642,589229.72665573,0.008368246955797076,True,True,0.0,273,379,25,26,-0.1078125,-0.6333333333333333,0.05416666666666667,25.495097567963924,3.2356339356075163,0.0043880705189613955,,0.08583213046710639,0.08583213046710639,11.650648708798297,11.6422804618425,0.008368246955797076,0.0,1.4,344.0,0.08937347901519388,8.79,-8.29,8.29,0.12062726176115804,-10.0,-6.960689268310196,-6.960689268310196,-0.7120598088295864,-0.5,-1.2120598088295864,-0.8779411333149475,-0.61,0.15627557097468525,-0.2679411333149475,-5.35882266629895,-6.663297813388571,-0.30488737435415575,-0.08804631629003504,0.8804631629003503,1665.1416573167871,1654,-0.7781250000000001,-0.7781250000000001,5,0,bbox fill,False,,True,,1500,1558,1654,1494,2000,2000,1000,1000
334,589229755048943,6.680016339989379,commit_complete,tracking,0,127311,4225895599642,589229.72665573,0.028393212938681245,False,True,0.0,273,379,25,26,-0.1078125,-0.6333333333333333,0.05416666666666667,,3.2356339356075163,,duplicate frame,0.08583213046710639,0.08583213046710639,11.650648708798297,11.622255495859616,0.028393212938681245,0.0,1.4,344.0,0.10939844499807805,8.7,-8.2,8.2,0.12195121951219513,-10.0,-6.965001136393356,-6.965001136393356,-0.7055429131566776,-0.5,-1.2055429131566777,-0.8879536163063896,-0.74,0.008622879977338016,-0.1479536163063896,-2.959072326127792,-6.672186111789311,-0.7752970928936974,-0.22549647161076752,2.254964716107675,1665.3762937218094,1658,-0.7781250000000001,-0.7781250000000001,5,0,bbox fill,False,,True,,1500,1558,1658,1494,2000,2000,1000,1000
335,589229775035337,6.700002733967267,commit_complete,tracking,0,127312,4225928530228,589229.760123094,0.014912243001163006,True,True,0.0,273,378,25,26,-0.1078125,-0.6291666666666667,0.05416666666666667,25.495097567963924,3.2384993954954653,-2.0329308652033973e-05,,0.08578353552260244,0.08578353552260244,11.657248607298515,11.642336364297352,0.014912243001163006,0.0,1.2,344.0,0.008355619967915118,8.7,-8.2,8.2,0.12195121951219513,-10.0,-6.987881034273932,-6.987881034273932,-0.7043259826392151,-0.5,-1.2043259826392152,-0.8979468132953335,-0.74,0.028609273955225945,-0.15794681329533355,-3.158936265906671,-6.681656473503528,-0.7752970928936974,-0.22549647161076752,2.254964716107675,1664.5856280233024,1657,-0.7781250000000001,-0.7781250000000001,5,0,bbox fill,False,,True,,1500,1558,1657,1494,2000,2000,1000,1000
336,589229795020172,6.71998756902758,commit_complete,tracking,0,127313,4225961730499,589229.793577149,0.0014430229784920812,True,True,0.0,274,378,25,26,-0.1046875,-0.6291666666666667,0.05416666666666667,25.495097567963924,3.2403601452074278,-0.002883021173210043,,0.07888925340090788,0.07888925340090788,12.675997767631195,12.674554744652703,0.0014430229784920812,0.0,1.2,344.0,0.028340455028228462,8.7,-8.2,8.2,0.12195121951219513,-10.0,-7.0138214838710855,-7.0138214838710855,-0.6469655277996662,-0.5,-1.1469655277996662,-0.9079392308254902,-0.74,0.04859410901553929,-0.16793923082549023,-3.3587846165098045,-6.691725186988138,-0.7752970928936974,-0.22549647161076752,2.254964716107675,1664.7955450873903,1657,-0.7468750000000001,-0.7468750000000001,5,0,bbox fill,False,,True,,1500,1558,1657,1494,2000,2000,1000,1000
337,589229815024167,6.739991563954391,commit_complete,tracking,0,127313,4225961730499,589229.793577149,0.021447017905302346,False,True,0.0,274,378,25,26,-0.1046875,-0.6291666666666667,0.05416666666666667,,3.2403601452074278,,duplicate frame,0.07888925340090788,0.07888925340090788,12.675997767631195,12.654550749725892,0.021447017905302346,0.0,1.2,344.0,0.048344449955038726,8.7,-8.2,8.2,0.12195121951219513,-10.0,-7.013358979270304,-7.013358979270304,-0.6479882346022926,-0.5,-1.1479882346022925,-0.9179412282888954,-0.74,0.06859810394234955,-0.17794122828889536,-3.558824565777907,-6.702403793272022,-0.7752970928936974,-0.22549647161076752,2.254964716107675,1665.0062636429423,1657,-0.7468750000000001,-0.7468750000000001,5,0,bbox fill,False,,True,,1500,1558,1657,1494,2000,2000,1000,1000
338,589229835010263,6.75997766002547,commit_complete,tracking,0,127314,4225994419523,589229.827028237,0.007982025970704854,True,True,0.0,275,378,24,26,-0.103125,-0.6291666666666667,0.05416666666666667,24.979991993593593,3.2342757142323184,-0.024923892380929846,,0.0192824809654042,0.0192824809654042,30.0,29.992017974029295,0.007982025970704854,0.0,1.2,344.0,0.0683305460261181,8.7,-8.2,8.2,0.12195121951219513,-10.0,-7.182758430256976,-7.113289459625701,-0.27340607781378856,-0.5,-0.7734060778137886,-0.9079481802533557,-0.74,0.08858420001342893,-0.16794818025335567,-3.3589636050671134,-6.712473678668541,-0.7752970928936974,-0.22549647161076752,2.254964716107675,1664.816472567628,1657,-0.73125,-0.73125,5,0,bbox fill,False,,True,,1500,1559,1657,1495,2000,2000,1000,1000
339,589229855044953,6.780012349947356,commit_complete,tracking,0,127314,4225994419523,589229.827028237,0.028016715892590582,False,True,0.0,275,378,24,26,-0.103125,-0.6291666666666667,0.05416666666666667,,3.2342757142323184,,duplicate frame,0.0192824809654042,0.0192824809654042,30.0,29.97198328410741,0.028016715892590582,0.0,1.2,344.0,0.08836523594800383,8.7,-8.2,8.2,0.12195121951219513,-10.0,-7.182675780758847,-7.182675780758847,-0.27358883535571815,-0.5,-0.7735888353557181,-0.8979308352924128,-0.74,0.10861888993531466,-0.1579308352924128,-3.158616705848256,-6.721965964611105,-0.7752970928936974,-0.22549647161076752,2.254964716107675,1665.6256179543516,1658,-0.73125,-0.73125,5,0,bbox fill,False,,True,,1500,1560,1658,1495,2000,2000,1000,1000
340,589229875027593,6.799994989996776,commit_complete,tracking,0,127315,4226028213368,589229.860511465,0.014516127994284034,True,True,0.0,276,377,24,26,-0.1,-0.625,0.05416666666666667,24.979991993593593,3.2290251945242723,-0.016846169753166773,,-0.02096732954740916,0.0,30.0,29.985483872005716,0.014516127994284034,0.0,1.2,344.0,0.10834787599742413,8.7,-8.2,8.2,0.12195121951219513,-10.0,-7.207256560023536,-7.207256560023536,-0.27346565541520157,-0.5,-0.7734656554152015,-0.8879395152677027,-0.74,0.12860152998473495,-0.14793951526770266,-2.958790305354053,-6.730834630859145,-0.7752970928936974,-0.22549647161076752,2.254964716107675,1665.4346602201056,1658,-0.7000000000000001,-0.7000000000000001,5,0,bbox fill,False,,True,,1500,1560,1658,1495,2000,2000,1000,1000
341,589229895003957,6.819971353979781,commit_complete,tracking,0,127316,4226060360488,589229.893928265,0.0010756920091807842,True,True,0.0,277,376,24,26,-0.096875,-0.6208333333333333,0.05416666666666667,24.979991993593593,3.2247372612181486,-0.01024934928220711,,-0.04550432720604462,0.0,30.0,29.99892430799082,0.0010756920091807842,0.0,1.4,344.0,0.017461044946685433,8.7,-8.2,8.2,0.12195121951219513,-10.0,-7.231838286415089,-7.231838286415089,-0.2733431344341825,-0.5,-0.7733431344341826,-0.8779513332762,-0.74,0.14857789396774024,-0.13795133327620002,-2.7590266655240003,-6.739101928995544,-0.7752970928936974,-0.22549647161076752,2.254964716107675,1665.243163878412,1658,-0.6687500000000001,-0.6687500000000001,5,0,bbox fill,False,,True,,1500,1560,1658,1495,2000,2000,1000,1000
342,589229915023131,6.839990527951159,commit_complete,tracking,0,127316,4226060360488,589229.893928265,0.021094865980558097,False,True,0.0,277,376,24,26,-0.096875,-0.6208333333333333,0.05416666666666667,,3.2247372612181486,,duplicate frame,-0.04550432720604462,0.0,30.0,29.978905134019442,0.021094865980558097,0.0,1.4,344.0,0.037480218918062747,8.7,-8.2,8.2,0.12195121951219513,-10.0,-7.2317538840037745,-7.2317538840037745,-0.2735256662423875,-0.5,-0.7735256662423875,-0.8679417462905114,-0.74,0.16859706793911755,-0.12794174629051136,-2.558834925810227,-6.746785793227119,-0.7752970928936974,-0.22549647161076752,2.254964716107675,1665.0506560029296,1658,-0.6687500000000001,-0.6687500000000001,5,0,bbox fill,False,,True,,1500,1560,1658,1495,2000,2000,1000,1000
343,589229935017095,6.859984491951764,commit_complete,tracking,0,127317,4226093403756,589229.92738416,0.007632934954017401,True,True,0.0,278,375,24,26,-0.09375,-0.6166666666666667,0.05416666666666667,24.979991993593593,3.22141598206016,-0.0051396890391481875,,-0.057794392164648545,0.0,30.0,29.992367065045983,0.007632934954017401,0.0,1.4,344.0,0.05747418291866779,8.61,-8.11,8.11,0.12330456226880396,-10.0,-7.261523858663265,-7.261523858663265,-0.27040213206284874,-0.5,-0.7704021320628487,-0.8579447642902088,-0.92,0.01712086598854512,0.06205523570979121,1.2411047141958242,-6.7430636027806266,-1.0497452953492286,-0.3903462363584598,3.9034623635845977,1665.5984965250002,1664,-0.6375,-0.6375,5,0,bbox fill,False,,True,,1500,1561,1664,1495,2000,2000,1000,1000
344,589229955026171,6.879993568058126,commit_complete,tracking,0,127317,4226093403756,589229.92738416,0.027642011060379446,False,True,0.0,278,375,24,26,-0.09375,-0.6166666666666667,0.05416666666666667,,3.22141598206016,,duplicate frame,-0.057794392164648545,0.0,30.0,29.97235798893962,0.027642011060379446,0.0,1.4,344.0,0.07748325902502984,8.61,-8.11,8.11,0.12330456226880396,-10.0,-7.261438534513767,-7.261438534513767,-0.27058264828522155,-0.5,-0.7705826482852216,-0.8479402262370278,-0.92,0.037129942094907165,0.07205977376297223,1.4411954752594447,-6.738738054288335,-1.0497452953492286,-0.3903462363584598,3.9034623635845977,1665.3940802154443,1664,-0.6375,-0.6375,5,0,bbox fill,False,,True,,1500,1561,1664,1495,2000,2000,1000,1000
345,589229975036683,6.900004080031067,commit_complete,tracking,0,127318,4226127796752,589229.960880857,0.014155826065689325,True,True,0.0,279,374,25,26,-0.0890625,-0.6125,0.05416666666666667,25.495097567963924,3.2261322030382997,0.01900612062544882,,-0.012402165835432251,0.0,30.0,29.98584417393431,0.014155826065689325,0.0,1.6,344.0,0.01679565303493291,8.61,-8.11,8.11,0.12330456226880396,-10.0,-7.286077534656506,-7.286077534656506,-0.27046095327373676,-0.5,-0.7704609532737368,-0.8379349702505571,-0.92,0.05714045406784862,0.08206502974944296,1.6413005949888593,-6.733811564507252,-1.0497452953492286,-0.3903462363584598,3.9034623635845977,1665.1890486059337,1664,-0.5906250000000001,-0.5906250000000001,5,0,bbox fill,False,,True,,1500,1561,1664,1496,2000,2000,1000,1000
346,589229995019263,6.919986660010181,commit_complete,tracking,0,127319,4226160311512,589229.994306918,0.0007123450050130486,True,True,0.0,280,373,25,26,-0.0859375,-0.6083333333333333,0.05416666666666667,25.495097567963924,3.230186634371633,0.012768533958782413,,0.018157304378142006,0.018157304378142006,30.0,29.999287654994987,0.0007123450050130486,0.0,1.6,344.0,0.036778233014047146,8.61,-8.11,8.11,0.12330456226880396,-10.0,-7.310717546570386,-7.310717546570386,-0.2703397525057451,-0.5,-0.7703397525057452,-0.827943680261,-0.92,0.07712303404696286,0.09205631973900008,1.8411263947800016,-6.728292996191949,-1.0497452953492286,-0.3903462363584598,3.9034623635845977,1664.9837042378274,1664,-0.559375,-0.559375,5,0,bbox fill,False,,True,,1500,1561,1664,1496,2000,2000,1000,1000
347,589230015051525,6.940018921974115,commit_complete,tracking,0,127319,4226160311512,589229.994306918,0.020744606968946755,False,True,0.0,280,373,25,26,-0.0859375,-0.6083333333333333,0.05416666666666667,,3.230186634371633,,duplicate frame,0.018157304378142006,0.018157304378142006,30.0,29.979255393031053,0.020744606968946755,0.0,1.6,344.0,0.05681049497798085,8.61,-8.11,8.11,0.12330456226880396,-10.0,-7.310630306738799,-7.310630306738799,-0.2705203946421312,-0.5,-0.7705203946421312,-0.8179275492790331,-0.92,0.09715529601089656,0.10207245072096693,2.0414490144193387,-6.72215876997552,-1.0497452953492286,-0.3903462363584598,3.9034623635845977,1665.7772473919715,1665,-0.559375,-0.559375,5,0,bbox fill,False,,True,,1500,1561,1665,1496,2000,2000,1000,1000
348,589230035005274,6.959972671000287,commit_complete,tracking,0,127320,4226192667493,589230.027813484,0.007191790034994483,True,True,0.0,282,372,24,26,-0.08125,-0.6041666666666666,0.05416666666666667,24.979991993593593,3.2263430796021337,-0.012719839103723096,,-0.012212478353662532,0.0,30.0,29.992808209965006,0.007191790034994483,0.0,1.6,344.0,0.07676424400415272,8.61,-8.11,8.11,0.12330456226880396,-10.0,-7.3352711430603845,-7.3352711430603845,-0.27039815489186103,-0.5,-0.770398154891861,-0.8079506747659472,-0.92,0.11710904503706843,0.11204932523405287,2.2409865046810573,-6.715451357632704,-1.0497452953492286,-0.3903462363584598,3.9034623635845977,1665.571002489367,1665,-0.5125000000000001,-0.5125000000000001,5,0,bbox fill,False,,True,,1500,1561,1665,1496,2000,2000,1000,1000
349,589230055012848,6.9799802449997514,commit_complete,tracking,0,127320,4226192667493,589230.027813484,0.027199364034458995,False,True,0.0,282,372,24,26,-0.08125,-0.6041666666666666,0.05416666666666667,,3.2263430796021337,,duplicate frame,-0.012212478353662532,0.0,30.0,29.97280063596554,0.027199364034458995,0.0,1.6,344.0,0.09677181800361723,8.61,-8.11,8.11,0.12330456226880396,-10.0,-7.335183045812797,-7.335183045812797,-0.27057865224207617,-0.5,-0.7705786522420761,-0.7979468877662149,-0.92,0.13711661903653294,0.12205311223378512,2.4410622446757024,-6.708125397608057,-1.0497452953492286,-0.3903462363584598,3.9034623635845977,1665.3636007893479,1665,-0.5125000000000001,-0.5125000000000001,5,0,bbox fill,False,,True,,1500,1561,1665,1496,2000,2000,1000,1000
350,589230075058641,7.000026038032956,commit_complete,tracking,0,127321,4226225606451,589230.061175235,0.01388340606354177,True,True,0.0,283,372,25,26,-0.0765625,-0.6041666666666666,0.05416666666666667,25.495097567963924,3.230328335966796,0.012550531504685658,,0.0178831398364856,0.0178831398364856,30.0,29.98611659393646,0.01388340606354177,0.0,1.6,344.0,0.1168176110368222,8.61,-8.11,8.11,0.12330456226880396,-10.0,-7.335241691655203,-7.335241691655203,-0.2704584961708558,-0.5,-0.7704584961708558,-0.7879239912496124,-0.92,0.1571624120697379,0.1320760087503876,2.641520175007752,-6.700182692599871,-1.0497452953492286,-0.3903462363584598,3.9034623635845977,1665.1552001540076,1665,-0.46562500000000007,-0.46562500000000007,5,0,bbox fill,False,,True,,1500,1561,1665,1497,2000,2000,1000,1000
351,589230095031660,7.01999905705452,commit_complete,tracking,0,127322,4226262177984,589230.094658942,0.00037271808832883835,True,True,0.0,284,372,25,26,-0.0734375,-0.6041666666666666,0.05416666666666667,25.495097567963924,3.2335727978635154,0.007559051663578398,,0.035943390248559005,0.035943390248559005,27.82152693679447,27.82115421870614,0.00037271808832883835,0.0,1.7,343.0,0.005768515053205192,8.61,-8.11,8.11,0.12330456226880396,-10.0,-7.3249693998527645,-7.3249693998527645,-0.2915048001332407,-0.5,-0.7915048001332408,-0.7915048001332408,-0.92,0.17713543109130114,0.12849519986675928,2.5699039973351856,-6.692483381386515,-1.0497452953492286,-0.3903462363584598,3.9034623635845977,1665.2191170204667,1665,-0.43437500000000007,-0.43437500000000007,5,0,bbox fill,False,,True,,1500,1561,1665,1497,2000,2000,1000,1000
352,589230114995088,7.0399624849669635,commit_complete,tracking,0,127322,4226262177984,589230.094658942,0.020336146000772715,False,True,0.0,284,372,25,26,-0.0734375,-0.6041666666666666,0.05416666666666667,,3.2335727978635154,,duplicate frame,0.035943390248559005,0.035943390248559005,27.82152693679447,27.801190790793697,0.020336146000772715,0.0,1.7,343.0,0.02573194296564907,8.61,-8.11,8.11,0.12330456226880396,-10.0,-7.324867233253493,-7.324867233253493,-0.2917141233635794,-0.5,-0.7917141233635794,-0.7917141233635794,-0.92,0.19709885900374502,0.12828587663642066,2.565717532728413,-6.684800303835268,-1.0497452953492286,-0.3903462363584598,3.9034623635845977,1665.2156204075222,1665,-0.43437500000000007,-0.43437500000000007,5,0,bbox fill,False,,True,,1500,1561,1665,1497,2000,2000,1000,1000
353,589230135022544,7.059989940957166,commit_complete,tracking,0,127323,4226291595269,589230.12815984,0.0068627039436250925,True,True,0.0,286,372,25,26,-0.0671875,-0.6041666666666666,0.05416666666666667,25.495097567963924,3.236075170420905,0.0037092477291329473,,0.044801057822461715,0.044801057822461715,22.32090152787942,22.314038823935796,0.0068627039436250925,0.0,1.7,343.0,0.04575939895585179,8.51,-8.01,8.01,0.12484394506866417,-10.0,-7.295948555025802,-7.295948555025802,-0.3589668398088401,-0.5,-0.8589668398088401,-0.8017278513586807,-1.09,0.015457979985512793,0.28827214864131934,5.765442972826387,-6.667480230524922,-0.8429682329300217,-0.48087063567277216,4.808706356727722,1665.0933309009708,1669,-0.37187499999999996,-0.37187499999999996,5,0,bbox fill,False,,True,,1500,1561,1669,1497,2000,2000,1000,1000
354,589230155064651,7.0800320480484515,commit_complete,tracking,0,127323,4226291595269,589230.12815984,0.02690481103491038,False,True,0.0,286,372,25,26,-0.0671875,-0.6041666666666666,0.05416666666666667,,3.236075170420905,,duplicate frame,0.044801057822461715,0.044801057822461715,22.32090152787942,22.29399671684451,0.02690481103491038,0.0,1.7,343.0,0.06580150604713708,8.51,-8.01,8.01,0.12484394506866417,-10.0,-7.295789081122299,-7.295789081122299,-0.3592895478426236,-0.5,-0.8592895478426237,-0.8117489049043234,-1.09,0.03550008707679808,0.2782510950956767,5.565021901913534,-6.6507500157863975,-0.8429682329300217,-0.48087063567277216,4.808706356727722,1665.2770217571451,1669,-0.37187499999999996,-0.37187499999999996,5,0,bbox fill,False,,True,,1500,1561,1669,1497,2000,2000,1000,1000
355,589230175004667,7.099972064024769,commit_complete,tracking,0,127324,4226324342455,589230.161558666,0.013446000986732543,True,True,0.0,287,372,25,26,-0.0640625,-0.6041666666666666,0.05416666666666667,25.495097567963924,3.2378916210576345,0.0009147082880107682,,0.04699205288879108,0.04699205288879108,21.280193958892312,21.26674795790558,0.013446000986732543,0.0,1.7,343.0,0.08574152202345431,8.51,-8.01,8.01,0.12484394506866417,-10.0,-7.287212800719399,-7.287212800719399,-0.3766443283126609,-0.5,-0.8766443283126609,-0.821718912892482,-1.09,0.05544010305311531,0.2682810871075181,5.365621742150362,-6.634701428297195,-0.8429682329300217,-0.48087063567277216,4.808706356727722,1665.460373329419,1669,-0.34062499999999996,-0.34062499999999996,5,0,bbox fill,False,,True,,1500,1561,1669,1497,2000,2000,1000,1000
356,589230195010882,7.119978278991766,commit_complete,tracking,0,127324,4226324342455,589230.161558666,0.03345221595373005,False,True,0.0,287,372,25,26,-0.0640625,-0.6041666666666666,0.05416666666666667,,3.2378916210576345,,duplicate frame,0.04699205288879108,0.04699205288879108,21.280193958892312,21.246741742938582,0.03345221595373005,0.0,1.7,343.0,0.10574773699045181,8.51,-8.01,8.01,0.12484394506866417,-10.0,-7.2870375402899725,-7.2870375402899725,-0.37699898162795464,-0.5,-0.8769989816279546,-0.8317220203759808,-1.09,0.07544631802011281,0.2582779796240193,5.1655595924803865,-6.619199933952395,-0.8429682329300217,-0.48087063567277216,4.808706356727722,1665.6449339847443,1669,-0.34062499999999996,-0.34062499999999996,5,0,bbox fill,False,,True,,1500,1561,1669,1497,2000,2000,1000,1000
357,589230214993598,7.139960995060392,commit_complete,tracking,0,127325,4226358860245,589230.195317019,0.019676579046063125,True,True,0.0,288,373,25,26,-0.0609375,-0.6083333333333333,0.05416666666666667,25.495097567963924,3.239130860493682,-0.0009918139212934385,,0.04464166826667409,0.04464166826667409,22.400596546400134,22.38091996735407,0.019676579046063125,0.0,1.6,343.0,0.01481108006555587,8.51,-8.01,8.01,0.12484394506866417,-10.0,-7.272305198071814,-7.272305198071814,-0.35789413534759906,-0.5,-0.8578941353475991,-0.8417133784102935,-1.09,0.09542903408873826,0.2482866215897066,4.965732431794132,-6.604315610763798,-0.8429682329300217,-0.48087063567277216,4.808706356727722,1665.8298768222419,1669,-0.309375,-0.309375,5,0,bbox fill,False,,True,,1500,1561,1669,1498,2000,2000,1000,1000
358,589230235023731,7.15999112802092,commit_complete,tracking,0,127326,4226390422681,589230.228517147,0.006506584002636373,True,True,0.0,290,373,25,27,-0.0546875,-0.6104166666666667,0.05625,25.98076211353316,3.2464731511390825,0.016743375841819397,,0.08498699666980526,0.08498699666980526,11.766505926609435,11.759999342606799,0.006506584002636373,0.0,1.6,343.0,0.034841213026084006,8.51,-8.01,8.01,0.12484394506866417,-10.0,-7.103009506140083,-7.103009506140083,-0.6811224870548718,-0.5,-1.1811224870548718,-0.8517284448905575,-1.09,0.1154591670492664,0.23827155510944253,4.765431102188851,-6.589997777975136,-0.8429682329300217,-0.48087063567277216,4.808706356727722,1665.0158603190587,1668,-0.246875,-0.246875,5,0,bbox fill,False,,True,,1500,1559,1668,1498,2000,2000,1000,1000
359,589230254991607,7.179959004046395,commit_complete,tracking,0,127326,4226390422681,589230.228517147,0.026474460028111935,False,True,0.0,290,373,25,27,-0.0546875,-0.6104166666666667,0.05625,,3.2464731511390825,,duplicate frame,0.08498699666980526,0.08498699666980526,11.766505926609435,11.740031466581323,0.026474460028111935,0.0,1.6,343.0,0.05480908905155957,8.51,-8.01,8.01,0.12484394506866417,-10.0,-7.102446055751987,-7.102446055751987,-0.6822809651576256,-0.5,-1.1822809651576256,-0.8617123829032953,-1.09,0.13542704307474196,0.22828761709670475,4.565752341934095,-6.576322521466121,-0.8429682329300217,-0.48087063567277216,4.808706356727722,1665.2018638228044,1668,-0.246875,-0.246875,5,0,bbox fill,False,,True,,1500,1559,1668,1498,2000,2000,1000,1000
360,589230275021112,7.199988508946262,commit_complete,tracking,0,127327,4226423638200,589230.261933024,0.013088087900541723,True,True,0.0,291,374,25,26,-0.0515625,-0.6125,0.05416666666666667,25.495097567963924,3.24552365651537,-0.010826884723890373,,0.05906666014235003,0.05906666014235003,16.930024443400228,16.916936355499686,0.013088087900541723,0.0,1.6,343.0,0.07483859395142645,8.43,-7.93,7.93,0.12610340479192939,-10.0,-7.19709030588569,-7.19709030588569,-0.4687609998261867,-0.5,-0.9687609998261867,-0.8717271353532288,-1.19,0.019499774905852973,0.3182728646467712,6.365457292935424,-6.5571979777603095,-0.7355279015737451,-0.5318020888529668,5.318020888529667,1664.8737197962953,1670,-0.21562499999999998,-0.21562499999999998,5,0,bbox fill,False,,True,,1500,1560,1670,1498,2000,2000,1000,1000
361,589230295132467,7.220099864061922,commit_complete,tracking,0,127327,4226423638200,589230.261933024,0.03319944301620126,False,True,0.0,291,374,25,26,-0.0515625,-0.6125,0.05416666666666667,,3.24552365651537,,duplicate frame,0.05906666014235003,0.05906666014235003,16.930024443400228,16.896825000384027,0.03319944301620126,0.0,1.6,343.0,0.09494994906708598,8.43,-7.93,7.93,0.12610340479192939,-10.0,-7.19681766799073,-7.19681766799073,-0.46931894008606756,-0.5,-0.9693189400860676,-0.8817828129110585,-1.19,0.03961113002151251,0.3082171870889414,6.164343741778828,-6.538601981853423,-0.7355279015737451,-0.5318020888529668,5.318020888529667,1665.056237351545,1670,-0.21562499999999998,-0.21562499999999998,5,0,bbox fill,False,,True,,1500,1560,1670,1498,2000,2000,1000,1000
362,589230315007593,7.239974990021437,commit_complete,tracking,0,127328,4226456889573,589230.295378954,0.01962863898370415,True,True,0.0,292,374,25,26,-0.0484375,-0.6125,0.05416666666666667,25.495097567963924,3.244344640837674,-0.009013014450511836,,0.03750824761762307,0.03750824761762307,26.66080298377242,26.641174344788716,0.01962863898370415,-0.1,1.4,342.0,0.008953923010267317,8.43,-7.93,7.93,0.12610340479192939,-10.0,-7.280699147407511,-7.280699147407511,-0.29765955124088544,-0.5,-0.7976595512408855,-0.8718452499313007,-1.19,0.05948625598102808,0.3181547500686992,6.363095001373984,-6.5196318846567225,-0.7355279015737451,-0.5318020888529668,5.318020888529667,1665.8385159947532,1671,-0.184375,-0.184375,5,0,bbox fill,False,,True,,1500,1561,1671,1499,2000,2000,1000,1000
363,589230335004295,7.2599716919939965,commit_complete,tracking,0,127329,4226489610989,589230.328861089,0.0061432060319930315,True,True,0.0,293,374,25,26,-0.0453125,-0.6125,0.05416666666666667,25.495097567963924,3.2431104865850617,-0.007114315600338816,,0.020509772182457534,0.020509772182457534,30.0,29.993856793968007,0.0061432060319930315,-0.1,1.4,342.0,0.02895062498282641,8.43,-7.93,7.93,0.12610340479192939,-10.0,-7.296957571569847,-7.296957571569847,-0.26438747289060816,-0.5,-0.7643874728906082,-0.8618468989450212,-1.19,0.07948295795358717,0.32815310105497875,6.563062021099575,-6.49994594536722,-0.7355279015737451,-0.5318020888529668,5.318020888529667,1665.618863035738,1671,-0.153125,-0.153125,5,0,bbox fill,False,,True,,1500,1561,1671,1499,2000,2000,1000,1000
364,589230355027040,7.279994437005371,commit_complete,tracking,0,127329,4226489610989,589230.328861089,0.026165951043367386,False,True,0.0,293,374,25,26,-0.0453125,-0.6125,0.05416666666666667,,3.2431104865850617,,duplicate frame,0.020509772182457534,0.020509772182457534,30.0,29.973834048956633,0.026165951043367386,-0.1,1.4,342.0,0.048973369994200766,8.43,-7.93,7.93,0.12610340479192939,-10.0,-7.296871269599443,-7.296871269599443,-0.26456408569713946,-0.5,-0.7645640856971394,-0.851835526439334,-1.19,0.09950570296496153,0.3381644735606659,6.7632894712133185,-6.479633002289188,-0.7355279015737451,-0.5318020888529668,5.318020888529667,1665.3983226425462,1671,-0.153125,-0.153125,5,0,bbox fill,False,,True,,1500,1561,1671,1499,2000,2000,1000,1000
365,589230374998503,7.2999659000197425,commit_complete,tracking,0,127330,4226522456497,589230.362244271,0.012754232040606439,True,True,0.0,293,374,25,26,-0.0453125,-0.6125,0.05416666666666667,25.495097567963924,3.2419370227336177,-0.0053089865981172935,,0.0077872304058404125,0.0077872304058404125,30.0,29.987245767959394,0.012754232040606439,-0.1,1.4,342.0,0.06894483300857246,8.43,-7.93,7.93,0.12610340479192939,-10.0,-7.29692908949129,-7.29692908949129,-0.2644457600862098,-0.5,-0.7644457600862098,-0.8418497949321482,-1.19,0.11947716597933322,0.34815020506785177,6.963004101357035,-6.458773795457312,-0.7355279015737451,-0.5318020888529668,5.318020888529667,1665.1777488055707,1671,-0.153125,-0.153125,5,0,bbox fill,False,,True,,1500,1561,1671,1499,2000,2000,1000,1000
366,589230395021731,7.319989128038287,commit_complete,tracking,0,127330,4226522456497,589230.362244271,0.03277746005915105,False,True,0.0,293,374,25,26,-0.0453125,-0.6125,0.05416666666666667,,3.2419370227336177,,duplicate frame,0.0077872304058404125,0.0077872304058404125,30.0,29.96722253994085,0.03277746005915105,-0.1,1.4,342.0,0.08896806102711707,8.43,-7.93,7.93,0.12610340479192939,-10.0,-7.296842747367328,-7.296842747367328,-0.264622455065055,-0.5,-0.764622455065055,-0.8318381809228759,-1.19,0.13950039399787784,0.3581618190771241,7.1632363815424815,-6.437259128144558,-0.7355279015737451,-0.5318020888529668,5.318020888529667,1664.9560018580723,1671,-0.153125,-0.153125,5,0,bbox fill,False,,True,,1500,1561,1671,1499,2000,2000,1000,1000
367,589230415058871,7.340026268037036,commit_complete,tracking,0,127331,4226555205089,589230.395663935,0.01939493604004383,True,True,0.0,294,374,25,26,-0.0421875,-0.6125,0.05416666666666667,25.495097567963924,3.240898388588011,-0.003711087912569244,,-0.0010963727580607235,0.0,30.0,29.980605063959956,0.01939493604004383,-0.1,1.4,342.0,0.10900520102586597,8.43,-7.93,7.93,0.12610340479192939,-10.0,-7.296900466906083,-7.296900466906083,-0.2645043348218728,-0.5,-0.7645043348218727,-0.8218196109235014,-1.19,0.15953753399662673,0.3681803890764985,7.3636077815299705,-6.415127282142399,-0.7355279015737451,-0.5318020888529668,5.318020888529667,1665.7334986120827,1672,-0.12187500000000004,-0.12187500000000004,5,0,bbox fill,False,,True,,1500,1561,1672,1499,2000,2000,1000,1000
368,589230435006382,7.359973778948188,commit_complete,tracking,0,127332,4226588212012,589230.429150933,0.005855448893271387,True,True,0.0,294,373,25,27,-0.0421875,-0.6104166666666667,0.05625,25.98076211353316,3.246634809233827,0.01649467108067393,,0.038309180530752406,0.038309180530752406,26.10340357443192,26.097548125538648,0.005855448893271387,-0.1,1.4,342.0,0.12895271193701774,8.36,-7.859999999999999,7.859999999999999,0.1272264631043257,-10.0,-7.294290093991821,-7.294290093991821,-0.30117771838912055,-0.5,-0.8011777183891206,-0.8118458554679255,-1.26,0.018109475960955024,0.44815414453207447,8.96308289064149,-6.388308603078605,-0.4337707402479646,-0.5121958191319663,5.1219581913196635,1665.3032675211175,1673,-0.12187500000000004,-0.12187500000000004,5,0,bbox fill,False,,True,,1500,1561,1673,1499,2000,2000,1000,1000
369,589230455125456,7.380092852981761,commit_complete,tracking,0,127332,4226588212012,589230.429150933,0.025974522926844656,False,True,0.0,294,373,25,27,-0.0421875,-0.6104166666666667,0.05625,,3.246634809233827,,duplicate frame,0.038309180530752406,0.038309180530752406,26.10340357443192,26.077429051505074,0.025974522926844656,0.0,1.5,342.0,0.018006011028774083,8.36,-7.859999999999999,7.859999999999999,0.1272264631043257,-10.0,-7.294174922795431,-7.294174922795431,-0.30141008089700294,-0.5,-0.8014100808970029,-0.8017863184511389,-1.26,0.038228549994528294,0.4582136815488611,9.164273630977222,-6.360652098131772,-0.4337707402479646,-0.5121958191319663,5.1219581913196635,1665.0744202758349,1673,-0.12187500000000004,-0.12187500000000004,5,0,bbox fill,False,,True,,1500,1561,1673,1499,2000,2000,1000,1000
370,589230475004355,7.399971751961857,commit_complete,tracking,0,127333,4226621283578,589230.462559892,0.012444462976418436,True,True,0.0,294,373,25,26,-0.0421875,-0.6083333333333333,0.05416666666666667,25.495097567963924,3.244614704903041,-0.009428497627999466,,0.015732008586886406,0.015732008586886406,30.0,29.98755553702358,0.012444462976418436,0.0,1.5,342.0,0.037884910008870065,8.36,-7.859999999999999,7.859999999999999,0.1272264631043257,-10.0,-7.32602724600288,-7.32602724600288,-0.2621087267448591,-0.5,-0.7621087267448591,-0.7918468689610909,-1.26,0.058107448974624276,0.4681531310389091,9.363062620778182,-6.332732991734358,-0.4337707402479646,-0.5121958191319663,5.1219581913196635,1665.8477121796366,1674,-0.12187500000000004,-0.12187500000000004,5,0,bbox fill,False,,True,,1500,1561,1674,1499,2000,2000,1000,1000
371,589230495030138,7.41999753494747,commit_complete,tracking,0,127333,4226621283578,589230.462559892,0.032470245962031186,False,True,0.0,294,373,25,26,-0.0421875,-0.6083333333333333,0.05416666666666667,,3.244614704903041,,duplicate frame,0.015732008586886406,0.015732008586886406,30.0,29.96752975403797,0.032470245962031186,0.0,1.5,342.0,0.057910692994482815,8.36,-7.859999999999999,7.859999999999999,0.1272264631043257,-10.0,-7.325939966129626,-7.325939966129626,-0.26228388073731385,-0.5,-0.7622838807373138,-0.7818339774682845,-1.26,0.07813323196023703,0.4781660225317155,9.56332045063431,-6.304006044739417,-0.4337707402479646,-0.5121958191319663,5.1219581913196635,1665.6187274027855,1674,-0.12187500000000004,-0.12187500000000004,5,0,bbox fill,False,,True,,1500,1561,1674,1499,2000,2000,1000,1000
372,589230515009387,7.439976784051396,commit_complete,tracking,0,127334,4226654333432,589230.496057665,0.018951722071506083,True,True,0.0,294,372,25,26,-0.0421875,-0.6041666666666666,0.05416666666666667,25.495097567963924,3.242812263406725,-0.006655510710590118,,-0.00016280498580710165,0.0,30.0,29.981048277928494,0.018951722071506083,0.0,1.5,342.0,0.07788994209840894,8.36,-7.859999999999999,7.859999999999999,0.1272264631043257,-10.0,-7.350743566839792,-7.350743566839792,-0.262165616329913,-0.5,-0.762165616329913,-0.7718443529163215,-1.26,0.09811248106416315,0.48815564708367853,9.76311294167357,-6.274747094915698,-0.4337707402479646,-0.5121958191319663,5.1219581913196635,1665.3896759619224,1674,-0.12187500000000004,-0.12187500000000004,5,0,bbox fill,False,,True,,1500,1561,1674,1499,2000,2000,1000,1000
373,589230535022354,7.459989750990644,commit_complete,tracking,0,127335,4226687253884,589230.529476116,0.005546238040551543,True,True,0.0,294,371,25,27,-0.0421875,-0.6020833333333333,0.05625,25.98076211353316,3.247899155668281,0.014549522719975894,,0.03466711033958933,0.03466711033958933,28.845784670377178,28.840238432336626,0.005546238040551543,0.0,1.5,342.0,0.09790290903765708,8.36,-7.859999999999999,7.859999999999999,0.1272264631043257,-10.0,-7.357865896242332,-7.357865896242332,-0.27253588830205744,-0.5,-0.7725358883020574,-0.7725358883020574,-1.26,0.11812544800341129,0.48746411169794257,9.749282233958851,-6.245480285461255,-0.4337707402479646,-0.5121958191319663,5.1219581913196635,1665.3742398601828,1674,-0.12187500000000004,-0.12187500000000004,5,0,bbox fill,False,,True,,1500,1561,1674,1499,2000,2000,1000,1000
374,589230555029404,7.479996801004745,commit_complete,tracking,0,127335,4226687253884,589230.529476116,0.025553288054652512,False,True,0.0,294,371,25,27,-0.0421875,-0.6020833333333333,0.05625,,3.247899155668281,,duplicate frame,0.03466711033958933,0.03466711033958933,28.845784670377178,28.820231382322525,0.025553288054652512,-0.1,1.6,342.0,0.006913256016559899,8.36,-7.859999999999999,7.859999999999999,0.1272264631043257,-10.0,-7.357770115350187,-7.357770115350187,-0.2727250831449289,-0.5,-0.7727250831449288,-0.7727250831449288,-1.26,0.13813249801751226,0.4872749168550712,9.745498337101424,-6.216233484564846,-0.4337707402479646,-0.5121958191319663,5.1219581913196635,1665.3487769561439,1674,-0.12187500000000004,-0.12187500000000004,5,0,bbox fill,False,,True,,1500,1561,1674,1499,2000,2000,1000,1000
375,589230575039801,7.500007197959349,commit_complete,tracking,0,127336,4226720218052,589230.562956277,0.012083523906767368,True,True,0.0,294,371,25,26,-0.0421875,-0.6,0.05416666666666667,25.495097567963924,3.2453590439755096,-0.010573634662566445,,0.009401677165122347,0.009401677165122347,30.0,29.987916476093233,0.012083523906767368,-0.1,1.6,342.0,0.026923652971163392,8.36,-7.859999999999999,7.859999999999999,0.1272264631043257,-10.0,-7.375518792893216,-7.375518792893216,-0.26210557196483114,-0.5,-0.7621055719648311,-0.7627198846676271,-1.26,0.15814289497211576,0.49728011533237293,9.945602306647459,-6.186381167048551,-0.4337707402479646,-0.5121958191319663,5.1219581913196635,1665.1188206690815,1674,-0.12187500000000004,-0.12187500000000004,5,0,bbox fill,False,,True,,1500,1561,1674,1499,2000,2000,1000,1000
376,589230595023129,7.519990526023321,commit_complete,tracking,0,127336,4226720218052,589230.562956277,0.03206685197073966,False,True,0.0,294,371,25,26,-0.0421875,-0.6,0.05416666666666667,,3.2453590439755096,,duplicate frame,0.009401677165122347,0.009401677165122347,30.0,29.96793314802926,0.03206685197073966,-0.1,1.6,342.0,0.046906981035135686,8.29,-7.789999999999999,7.789999999999999,0.1283697047496791,-10.0,-7.380002813822062,-7.380002813822062,-0.2599445200815353,-0.5,-0.7599445200815353,-0.7599445200815353,-1.3,0.016602918971329927,0.5400554799184647,10.801109598369294,-6.15400484956468,-0.24764228438494043,-0.45928511218256113,4.592851121825611,1665.7600441293698,1675,-0.12187500000000004,-0.12187500000000004,5,0,bbox fill,False,,True,,1500,1562,1675,1499,2000,2000,1000,1000
377,589230615035637,7.54000303405337,commit_complete,tracking,0,127337,4226753380826,589230.596354345,0.018681292072869837,True,True,0.0,293,370,25,27,-0.0453125,-0.5979166666666667,0.05625,25.98076211353316,3.2497621980909623,0.01168330360815828,,0.03738725677020255,0.03738725677020255,26.747081395845946,26.728400103773076,0.018681292072869837,-0.1,1.6,342.0,0.06691948906518519,8.29,-7.789999999999999,7.789999999999999,0.1283697047496791,-10.0,-7.376136857487859,-7.376136857487859,-0.2914502914411377,-0.5,-0.7914502914411377,-0.7699507740965601,-1.3,0.03661542700137943,0.53004922590344,10.600984518068799,-6.122182006395538,-0.24764228438494043,-0.45928511218256113,4.592851121825611,1665.928346366501,1675,-0.153125,-0.153125,5,0,bbox fill,False,,True,,1500,1561,1675,1499,2000,2000,1000,1000
378,589230635008779,7.559976176009513,commit_complete,tracking,0,127338,4226786346766,589230.6298323,0.005176478996872902,True,True,0.0,293,370,25,26,-0.0453125,-0.5958333333333333,0.05416666666666667,25.495097567963924,3.246629164050423,-0.012527665547048983,,0.007450743539279138,0.007450743539279138,30.0,29.994823521003127,0.005176478996872902,0.0,1.7,342.0,0.009521018015220761,8.29,-7.789999999999999,7.789999999999999,0.1283697047496791,-10.0,-7.404915417570793,-7.404915417570793,-0.2597114797006639,-0.5,-0.7597114797006639,-0.7599642031184886,-1.3,0.05658856895752251,0.5400357968815115,10.80071593763023,-6.089823371497998,-0.24764228438494043,-0.45928511218256113,4.592851121825611,1665.6962563120421,1675,-0.153125,-0.153125,5,0,bbox fill,False,,True,,1500,1562,1675,1499,2000,2000,1000,1000
379,589230655005605,7.57997300196439,commit_complete,tracking,0,127338,4226786346766,589230.6298323,0.025173304951749742,False,True,0.0,293,370,25,26,-0.0453125,-0.5958333333333333,0.05416666666666667,,3.246629164050423,,duplicate frame,0.007450743539279138,0.007450743539279138,30.0,29.97482669504825,0.025173304951749742,0.0,1.7,342.0,0.0295178439700976,8.29,-7.789999999999999,7.789999999999999,0.1283697047496791,-10.0,-7.404825526083233,-7.404825526083233,-0.25988473859256317,-0.5,-0.7598847385925631,-0.7598847385925631,-1.3,0.07658539491239935,0.5401152614074369,10.80230522814874,-6.0574215988641855,-0.24764228438494043,-0.45928511218256113,4.592851121825611,1665.6622652488898,1675,-0.153125,-0.153125,5,0,bbox fill,False,,True,,1500,1562,1675,1499,2000,2000,1000,1000
380,589230675035333,7.600002730032429,commit_complete,tracking,0,127339,4226819235361,589230.663285719,0.011749614030122757,True,True,0.0,292,369,25,27,-0.0484375,-0.59375,0.05625,25.98076211353316,3.25054569188498,0.010477928540438164,,0.03250750331304081,0.03250750331304081,30.0,29.988250385969877,0.011749614030122757,0.0,1.7,342.0,0.04954757203813642,8.29,-7.789999999999999,7.789999999999999,0.1283697047496791,-10.0,-7.417282201646619,-7.417282201646619,-0.2597684059502378,-0.5,-0.7597684059502379,-0.7597684059502379,-1.3,0.09661512298043817,0.5402315940497622,10.804631880995244,-6.024959523096446,-0.24764228438494043,-0.45928511218256113,4.592851121825611,1665.6274765202756,1675,-0.184375,-0.184375,5,0,bbox fill,False,,True,,1500,1562,1675,1499,2000,2000,1000,1000
381,589230695034808,7.620002205017954,commit_complete,tracking,0,127339,4226819235361,589230.663285719,0.03174908901564777,False,True,0.0,292,369,25,27,-0.0484375,-0.59375,0.05625,,3.25054569188498,,duplicate frame,0.03250750331304081,0.03250750331304081,30.0,29.968250910984352,0.03174908901564777,0.0,1.7,342.0,0.06954704702366143,8.29,-7.789999999999999,7.789999999999999,0.1283697047496791,-10.0,-7.417191795190718,-7.417191795190718,-0.25994176380659934,-0.5,-0.7599417638065993,-0.7599417638065993,-1.3,0.11661459796596318,0.5400582361934008,10.801164723868016,-5.992556879540016,-0.24764228438494043,-0.45928511218256113,4.592851121825611,1665.5985410338465,1675,-0.184375,-0.184375,5,0,bbox fill,False,,True,,1500,1562,1675,1499,2000,2000,1000,1000
382,589230715033820,7.640001217019744,commit_complete,tracking,0,127340,4226852375508,589230.696707639,0.01832618098706007,True,True,0.0,291,369,25,27,-0.0515625,-0.59375,0.05625,25.98076211353316,3.253635621692405,0.005724190375169247,,0.04620914671345927,0.04620914671345927,21.640737194325457,21.622411013338397,0.01832618098706007,0.0,1.7,342.0,0.08954605902545154,8.29,-7.789999999999999,7.789999999999999,0.1283697047496791,-10.0,-7.3648681600629,-7.3648681600629,-0.36027434661169455,-0.5,-0.8602743466116946,-0.7699412698074943,-1.3,0.1366136099677533,0.5300587301925057,10.601174603850115,-5.960754926819695,-0.24764228438494043,-0.45928511218256113,4.592851121825611,1665.766729201144,1675,-0.21562499999999998,-0.21562499999999998,5,0,bbox fill,False,,True,,1500,1561,1675,1498,2000,2000,1000,1000
383,589230734994181,7.659961577970535,commit_complete,tracking,0,127341,4226887463882,589230.730149991,0.004844189970754087,True,True,0.0,290,370,25,27,-0.0546875,-0.5979166666666667,0.05625,25.98076211353316,3.255942347659275,0.002175381195369308,,0.051413041935923644,0.051413041935923644,19.4503177082248,19.445473518254047,0.004844189970754087,0.0,1.7,342.0,0.10950641997624189,8.29,-7.789999999999999,7.789999999999999,0.1283697047496791,-10.0,-7.319795083534402,-7.319795083534402,-0.40060736976588884,-0.5,-0.9006073697658888,-0.7799214502828895,-1.3,0.15657397091854364,0.5200785497171105,10.401570994342212,-5.929612060094344,-0.24764228438494043,-0.45928511218256113,4.592851121825611,1664.9351899439266,1674,-0.246875,-0.246875,5,0,bbox fill,False,,True,,1500,1561,1674,1498,2000,2000,1000,1000
384,589230755032115,7.679999512038194,commit_complete,tracking,0,127341,4226887463882,589230.730149991,0.024882124038413167,False,True,0.0,290,370,25,27,-0.0546875,-0.5979166666666667,0.05625,,3.255942347659275,,duplicate frame,0.051413041935923644,0.051413041935923644,19.4503177082248,19.42543558418639,0.024882124038413167,0.0,1.7,342.0,0.00866560498252511,8.29,-7.789999999999999,7.789999999999999,0.1283697047496791,-10.0,-7.3195817890005515,-7.3195817890005515,-0.4010206085850442,-0.5,-0.9010206085850442,-0.789940417316719,-1.3,0.17661190498620272,0.510059582683281,10.20119165366562,-5.898950439229188,-0.24764228438494043,-0.45928511218256113,4.592851121825611,1665.104907663738,1674,-0.246875,-0.246875,5,0,bbox fill,False,,True,,1500,1561,1674,1498,2000,2000,1000,1000
385,589230774996912,7.699964308994822,commit_complete,tracking,0,127342,4226918323661,589230.763591593,0.011405318975448608,True,True,0.0,289,370,25,27,-0.0578125,-0.5979166666666667,0.05625,25.98076211353316,3.2575548142977957,-0.00030533671004739915,,0.05068260633091045,0.05068260633091045,19.730634874436543,19.719229555461094,0.011405318975448608,0.0,1.7,342.0,0.02863040193915367,8.16,-7.66,7.66,0.13054830287206265,-10.0,-7.331425454434564,-7.331425454434564,-0.3884533104326391,-0.5,-0.8884533104326391,-0.7999228157950333,-1.33,0.018477190984413028,0.5300771842049667,10.601543684099335,-5.867201789167208,-0.16844515652266037,-0.40111712105058095,4.011171210505809,1665.254486894562,1674,-0.27812500000000007,-0.27812500000000007,5,0,bbox fill,False,,True,,1500,1561,1674,1498,2000,2000,1000,1000
386,589230795019870,7.7199872670462355,commit_complete,tracking,0,127342,4226918323661,589230.763591593,0.031428277026861906,False,True,0.0,289,370,25,27,-0.0578125,-0.5979166666666667,0.05625,,3.2575548142977957,,duplicate frame,0.05068260633091045,0.05068260633091045,19.730634874436543,19.69920659740968,0.031428277026861906,0.0,1.7,342.0,0.04865335999056697,8.16,-7.66,7.66,0.13054830287206265,-10.0,-7.331218199141156,-7.331218199141156,-0.38884814787450583,-0.5,-0.8888481478745058,-0.80993429482074,-1.33,0.038500149035826325,0.5200657051792601,10.401314103585202,-5.835962027770859,-0.16844515652266037,-0.40111712105058095,4.011171210505809,1665.4234767136797,1674,-0.27812500000000007,-0.27812500000000007,5,0,bbox fill,False,,True,,1500,1561,1674,1498,2000,2000,1000,1000
387,589230814990622,7.7399580189958215,commit_complete,tracking,0,127343,4226951283913,589230.797036504,0.017954117967747152,True,True,0.0,288,371,25,27,-0.0609375,-0.6020833333333333,0.05625,25.98076211353316,3.2585871491142373,-0.0018935441199570135,,0.04615326165550819,0.04615326165550819,21.66694105963916,21.648986941671414,0.017954117967747152,0.0,1.7,342.0,0.06862411194015294,8.16,-7.66,7.66,0.13054830287206265,-10.0,-7.325252960767399,-7.325252960767399,-0.3538271800264021,-0.5,-0.8538271800264021,-0.819919670795533,-1.33,0.0584709009854123,0.5100803292044671,10.201606584089342,-5.805401964584142,-0.16844515652266037,-0.40111712105058095,4.011171210505809,1665.592624169989,1674,-0.309375,-0.309375,5,0,bbox fill,False,,True,,1500,1561,1674,1498,2000,2000,1000,1000
388,589230835017478,7.7599848749814555,commit_complete,tracking,0,127344,4226984287188,589230.830494764,0.004522713948972523,True,True,0.0,287,371,25,27,-0.0640625,-0.6020833333333333,0.05625,25.98076211353316,3.259160102915486,-0.0027750115064937297,,0.03951810129480066,0.03951810129480066,25.3048594754113,25.300336761462326,0.004522713948972523,0.0,1.7,342.0,0.08865096792578697,8.16,-7.66,7.66,0.13054830287206265,-10.0,-7.351779567098326,-7.351779567098326,-0.30276276842558764,-0.5,-0.8027627684255876,-0.809906242802716,-1.33,0.07849775697104633,0.5200937571972841,10.401875143945682,-5.77415443626089,-0.16844515652266037,-0.40111712105058095,4.011171210505809,1665.3611080818093,1674,-0.34062499999999996,-0.34062499999999996,5,0,bbox fill,False,,True,,1500,1561,1674,1497,2000,2000,1000,1000
389,589230855569526,7.780536922975443,commit_complete,tracking,0,127344,4226984287188,589230.830494764,0.025074761942960322,False,True,0.0,287,371,25,27,-0.0640625,-0.6020833333333333,0.05625,,3.259160102915486,,duplicate frame,0.03951810129480066,0.03951810129480066,25.3048594754113,25.279784713468338,0.025074761942960322,0.0,1.7,342.0,0.10920301591977477,8.16,-7.66,7.66,0.13054830287206265,-10.0,-7.35165170331153,-7.35165170331153,-0.30300890956238935,-0.5,-0.8030089095623894,-0.8030089095623894,-1.33,0.09904980496503413,0.5269910904376107,10.539821808752215,-5.741662197711657,-0.16844515652266037,-0.40111712105058095,4.011171210505809,1665.1906691784536,1674,-0.34062499999999996,-0.34062499999999996,5,0,bbox fill,False,,True,,1500,1561,1674,1497,2000,2000,1000,1000
390,589230874999203,7.799966600025073,commit_complete,tracking,0,127345,4227017284785,589230.863995028,0.011004175059497356,True,True,0.0,286,372,25,27,-0.0671875,-0.60625,0.05625,25.98076211353316,3.2593893012330404,-0.003127624302731391,,0.03204920658047132,0.03204920658047132,30.0,29.988995824940503,0.011004175059497356,0.0,1.5,343.0,0.017736123991198838,8.16,-7.66,7.66,0.13054830287206265,-10.0,-7.351485781627151,-7.351485781627151,-0.25542702545676843,-0.5,-0.7554270254567684,-0.7932940710375747,-1.33,0.11847948201466352,0.5367059289624254,10.73411857924851,-5.710378129100573,-0.16844515652266037,-0.40111712105058095,4.011171210505809,1665.9650883393463,1675,-0.37187499999999996,-0.37187499999999996,5,0,bbox fill,False,,True,,1500,1561,1675,1497,2000,2000,1000,1000
391,589230894992254,7.819959650980309,commit_complete,tracking,0,127345,4227017284785,589230.863995028,0.030997226014733315,False,True,0.0,286,372,25,27,-0.0671875,-0.60625,0.05625,,3.2593893012330404,,duplicate frame,0.03204920658047132,0.03204920658047132,30.0,29.969002773985267,0.030997226014733315,0.0,1.5,343.0,0.037729174946434796,8.16,-7.66,7.66,0.13054830287206265,-10.0,-7.3513981894292515,-7.3513981894292515,-0.25559742704049193,-0.5,-0.7555974270404919,-0.7832975455599567,-1.33,0.13847253296989948,0.5467024544400434,10.934049088800869,-5.677587379013656,-0.16844515652266037,-0.40111712105058095,4.011171210505809,1665.732367079707,1675,-0.37187499999999996,-0.37187499999999996,5,0,bbox fill,False,,True,,1500,1561,1675,1497,2000,2000,1000,1000
392,589230915028785,7.839996182010509,commit_complete,tracking,0,127346,4227050403355,589230.89739608,0.01763270504307002,True,True,0.0,284,372,26,27,-0.071875,-0.60625,0.05625,26.49528259898354,3.2662372016961414,0.016506923564252318,,0.07158550277457026,0.07158550277457026,13.96930888575439,13.95167618071132,0.01763270504307002,0.0,1.5,343.0,0.05776570597663522,8.11,-7.609999999999999,7.609999999999999,0.1314060446780552,-10.0,-7.20393714742037,-7.20393714742037,-0.5454541734935828,-0.5,-1.045454173493583,-0.7933158110750569,-1.29,0.007361787022091448,0.49668418892494315,9.933683778498864,-5.647731894522842,0.2646425446739602,-0.2679651879056727,2.6796518790567267,1665.0343962369673,1672,-0.41874999999999996,-0.41874999999999996,5,0,bbox fill,False,,True,,1500,1560,1672,1497,2000,2000,1000,1000
393,589230935022567,7.859989964053966,commit_complete,tracking,0,127347,4227083650469,589230.930911443,0.00411112408619374,True,True,0.0,283,373,26,27,-0.075,-0.6104166666666667,0.05625,26.49528259898354,3.271552015979192,0.008330286205712856,,0.09146960477431292,0.09146960477431292,10.932593427809655,10.928482303723461,0.00411112408619374,0.0,1.5,343.0,0.07775948802009225,8.11,-7.609999999999999,7.609999999999999,0.1314060446780552,-10.0,-7.103368327036662,-7.103368327036662,-0.6963455481285982,-0.5,-1.196345548128598,-0.8033127020967854,-1.29,0.02735556906554848,0.48668729790321463,9.733745958064294,-5.618539735250054,0.2646425446739602,-0.2679651879056727,2.6796518790567267,1665.205141898129,1672,-0.44999999999999996,-0.44999999999999996,5,0,bbox fill,False,,True,,1500,1559,1672,1497,2000,2000,1000,1000
394,589230954998570,7.879965967033058,commit_complete,tracking,0,127347,4227083650469,589230.930911443,0.02408712706528604,False,True,0.0,283,373,26,27,-0.075,-0.6104166666666667,0.05625,,3.271552015979192,,duplicate frame,0.09146960477431292,0.09146960477431292,10.932593427809655,10.908506300744369,0.02408712706528604,0.1,1.4,343.0,0.006896586972288787,8.11,-7.609999999999999,7.609999999999999,0.1314060446780552,-10.0,-7.102715521509113,-7.102715521509113,-0.6976207181986697,-0.5,-1.1976207181986696,-0.8133007035863316,-1.29,0.04733157204464078,0.4766992964136685,9.53398592827337,-5.589972095554182,0.2646425446739602,-0.2679651879056727,2.6796518790567267,1665.3763342882241,1672,-0.44999999999999996,-0.44999999999999996,5,0,bbox fill,False,,True,,1500,1559,1672,1497,2000,2000,1000,1000
395,589230974992774,7.899960170965642,commit_complete,tracking,0,127348,4227116652360,589230.964321372,0.010671401978470385,True,True,0.0,282,373,26,27,-0.078125,-0.6104166666666667,0.05625,26.49528259898354,3.2754335515429043,0.002358693030771075,,0.09711748993899323,0.09711748993899323,10.296806482829972,10.286135080851501,0.010671401978470385,0.1,1.4,343.0,0.02689079090487212,8.11,-7.609999999999999,7.609999999999999,0.1314060446780552,-10.0,-7.081106636394724,-7.081106636394724,-0.7398308441590126,-0.5,-1.2398308441590125,-0.8232978055526232,-1.29,0.06732577597722411,0.4667021944473768,9.334043888947537,-5.561978078999487,0.2646425446739602,-0.2679651879056727,2.6796518790567267,1665.5482823109953,1672,-0.48125,-0.48125,5,0,bbox fill,False,,True,,1500,1559,1672,1496,2000,2000,1000,1000
396,589230994987252,7.919954649056308,commit_complete,tracking,0,127348,4227116652360,589230.964321372,0.03066588006913662,False,True,0.0,282,373,26,27,-0.078125,-0.6104166666666667,0.05625,,3.2754335515429043,,duplicate frame,0.09711748993899323,0.09711748993899323,10.296806482829972,10.266140602760835,0.03066588006913662,0.1,1.4,343.0,0.046885268995538354,8.11,-7.609999999999999,7.609999999999999,0.1314060446780552,-10.0,-7.08036898526777,-7.08036898526777,-0.7412717489913854,-0.5,-1.2412717489913854,-0.8332950445979563,-1.29,0.08732025406789035,0.4567049554020437,9.134099108040875,-5.534583347325432,0.2646425446739602,-0.2679651879056727,2.6796518790567267,1664.7208323602279,1671,-0.48125,-0.48125,5,0,bbox fill,False,,True,,1500,1559,1671,1496,2000,2000,1000,1000
397,589231015020267,7.939987663994543,commit_complete,tracking,0,127349,4227149954589,589230.997725343,0.017294924007728696,True,True,0.0,282,373,25,27,-0.0796875,-0.6104166666666667,0.05625,25.98076211353316,3.271215200786943,-0.021321315924119677,,0.04605454074807838,0.04605454074807838,21.713385558876187,21.696090634868458,0.017294924007728696,0.1,1.4,343.0,0.06691828393377364,8.11,-7.609999999999999,7.609999999999999,0.1314060446780552,-10.0,-7.280288876372582,-7.180534059958946,-0.3507544344311382,-0.5,-0.8507544344311382,-0.843311552067074,-1.29,0.10735326900612563,0.44668844793292606,8.933768958658522,-5.5077377982749,0.2646425446739602,-0.2679651879056727,2.6796518790567267,1664.8943169605598,1671,-0.49687499999999996,-0.49687499999999996,5,0,bbox fill,False,,True,,1500,1560,1671,1496,2000,2000,1000,1000
398,589231035047245,7.960014641983435,commit_complete,tracking,0,127350,4227182438564,589231.03120346,0.0038437850307673216,True,True,0.0,281,373,26,27,-0.08125,-0.6104166666666667,0.05625,26.49528259898354,3.274230408762312,0.004209681923989628,,0.05611408365076543,0.05611408365076543,17.820838102314077,17.81699431728331,0.0038437850307673216,0.1,1.4,343.0,0.08694526192266494,8.11,-7.609999999999999,7.609999999999999,0.1314060446780552,-10.0,-7.2411944356605815,-7.2411944356605815,-0.4271203023631178,-0.5,-0.9271203023631178,-0.8533250410615196,-1.29,0.12738024699501693,0.4366749589384804,8.733499178769609,-5.481501958902017,0.2646425446739602,-0.2679651879056727,2.6796518790567267,1665.0683509010757,1671,-0.5125000000000001,-0.5125000000000001,5,0,bbox fill,False,,True,,1500,1560,1671,1496,2000,2000,1000,1000
399,589231054998089,7.9799654859816656,commit_complete,tracking,0,127350,4227182438564,589231.03120346,0.023794629028998315,False,True,0.0,281,373,26,27,-0.08125,-0.6104166666666667,0.05625,,3.274230408762312,,duplicate frame,0.05611408365076543,0.05611408365076543,17.820838102314077,17.79704347328508,0.023794629028998315,0.1,1.4,343.0,0.10689610592089593,8.11,-7.609999999999999,7.609999999999999,0.1314060446780552,-10.0,-7.240949315326912,-7.240949315326912,-0.4275991128202432,-0.5,-0.9275991128202432,-0.8633004630606351,-1.29,0.14733109099324793,0.4266995369393649,8.533990738787299,-5.4559629112152335,0.2646425446739602,-0.2679651879056727,2.6796518790567267,1665.2423202933712,1671,-0.5125000000000001,-0.5125000000000001,5,0,bbox fill,False,,True,,1500,1560,1671,1496,2000,2000,1000,1000
400,589231075024092,7.9999914889922366,commit_complete,tracking,0,127351,4227216756641,589231.064727907,0.010296185035258532,True,True,0.0,280,372,26,28,-0.084375,-0.6083333333333333,0.058333333333333334,26.981475126464083,3.282775224985228,0.019038921712485113,,0.10154701015967868,0.10154701015967868,9.847655764827929,9.83735957979267,0.010296185035258532,0.1,1.4,343.0,0.12692210893146694,8.11,-7.609999999999999,7.609999999999999,0.1314060446780552,-10.0,-7.07486494236476,-7.07486494236476,-0.7735815630478748,-0.5,-1.2735815630478748,-0.8733134645659206,-1.29,0.16735709400381893,0.4166865354340794,8.333730708681589,-5.430929213776031,0.2646425446739602,-0.2679651879056727,2.6796518790567267,1665.4175466260376,1671,-0.5437500000000001,-0.5437500000000001,5,0,bbox fill,False,,True,,1500,1559,1671,1496,2000,2000,1000,1000
401,589231094993663,8.019961060024798,commit_complete,tracking,0,127351,4227216756641,589231.064727907,0.030265756067819893,False,True,0.0,280,372,26,28,-0.084375,-0.6083333333333333,0.058333333333333334,,3.282775224985228,,duplicate frame,0.10154701015967868,0.10154701015967868,9.847655764827929,9.817390008760109,0.030265756067819893,0.0,1.5,343.0,0.01586570800282061,8.06,-7.5600000000000005,7.5600000000000005,0.13227513227513227,-10.0,-7.077459007279657,-7.077459007279657,-0.770062103395523,-0.5,-1.270062103395523,-0.8832982500822013,-1.13,0.00570013199467212,0.24670174991779859,4.934034998355972,-5.416149629419509,0.8809285588425465,-0.03818643855602885,0.3818643855602885,1665.1002502455033,1665,-0.5437500000000001,-0.5437500000000001,5,0,bbox fill,False,,True,,1500,1559,1665,1496,2000,2000,1000,1000
402,589231115020811,8.039988207980059,commit_complete,tracking,0,127352,4227250021020,589231.098110304,0.016910506994463503,True,True,0.0,279,372,26,27,-0.0875,-0.60625,0.05625,26.49528259898354,3.2829456656415577,-0.009198405582541813,,0.07950328316270758,0.07950328316270758,12.578096906431503,12.56118639943704,0.016910506994463503,0.0,1.5,343.0,0.03589285595808178,8.06,-7.5600000000000005,7.5600000000000005,0.13227513227513227,-10.0,-7.17611771991194,-7.17611771991194,-0.6018539777690761,-0.5,-1.1018539777690761,-0.8933118240598319,-1.13,0.02572727994993329,0.236688175940168,4.73376351880336,-5.401929062063066,0.8809285588425465,-0.03818643855602885,0.3818643855602885,1665.2863011576994,1665,-0.575,-0.575,5,0,bbox fill,False,,True,,1500,1560,1665,1496,2000,2000,1000,1000
403,589231135012689,8.059980086050928,commit_complete,tracking,0,127353,4227281941764,589231.131567563,0.0034451259998604655,True,True,0.0,279,372,26,27,-0.0875,-0.60625,0.05625,26.49528259898354,3.282582003633394,-0.008638925569982359,,0.058846658415110456,0.058846658415110456,16.99331834521335,16.98987321921349,0.0034451259998604655,0.0,1.5,343.0,0.055884734028950334,8.06,-7.5600000000000005,7.5600000000000005,0.13227513227513227,-10.0,-7.257827631027848,-7.257827631027848,-0.44497094842653423,-0.5,-0.9449709484265343,-0.9033077630952662,-1.13,0.04571915802080184,0.22669223690473372,4.5338447380946745,-5.38833305138363,0.8809285588425465,-0.03818643855602885,0.3818643855602885,1665.4726239277286,1665,-0.575,-0.575,5,0,bbox fill,False,,True,,1500,1560,1665,1496,2000,2000,1000,1000
404,589231154999855,8.079967251978815,commit_complete,tracking,0,127353,4227281941764,589231.131567563,0.02343229192774743,False,True,0.0,279,372,26,27,-0.0875,-0.60625,0.05625,,3.282582003633394,,duplicate frame,0.058846658415110456,0.058846658415110456,16.99331834521335,16.969886053285602,0.02343229192774743,0.0,1.5,343.0,0.0758718999568373,8.06,-7.5600000000000005,7.5600000000000005,0.13227513227513227,-10.0,-7.257554668695503,-7.257554668695503,-0.44549503610463437,-0.5,-0.9454950361046344,-0.9133013460592097,-1.13,0.0657063239486888,0.21669865394079024,4.333973078815805,-5.375339475525637,0.8809285588425465,-0.03818643855602885,0.3818643855602885,1665.6595020111495,1665,-0.575,-0.575,5,0,bbox fill,False,,True,,1500,1560,1665,1496,2000,2000,1000,1000
405,589231175022146,8.099989542970434,commit_complete,tracking,0,127354,4227315316679,589231.165064294,0.009957851958461106,True,True,0.0,278,372,26,27,-0.090625,-0.60625,0.05625,26.49528259898354,3.2818979090113944,-0.007586472305368019,,0.04072794154277498,0.04072794154277498,24.55316822112747,24.54321036916901,0.009957851958461106,0.0,1.5,343.0,0.09589419094845653,8.06,-7.5600000000000005,7.5600000000000005,0.13227513227513227,-10.0,-7.329151998525307,-7.329151998525307,-0.3080281628314124,-0.5,-0.8080281628314123,-0.9032902005634,-1.13,0.08572861494030803,0.22670979943659986,4.534195988731997,-5.361721726800723,0.8809285588425465,-0.03818643855602885,0.3818643855602885,1665.4456613525085,1665,-0.60625,-0.60625,5,0,bbox fill,False,,True,,1500,1561,1665,1495,2000,2000,1000,1000
406,589231195049978,8.120017374982126,commit_complete,tracking,0,127354,4227315316679,589231.165064294,0.029985683970153332,False,True,0.0,278,372,26,27,-0.090625,-0.60625,0.05625,,3.2818979090113944,,duplicate frame,0.04072794154277498,0.04072794154277498,24.55316822112747,24.523182537157318,0.029985683970153332,0.0,1.5,343.0,0.11592202296014875,8.06,-7.5600000000000005,7.5600000000000005,0.13227513227513227,-10.0,-7.329020975897306,-7.329020975897306,-0.30827972627717276,-0.5,-0.8082797262771728,-0.8932762845575539,-1.13,0.10575644695200026,0.23672371544244597,4.734474308848919,-5.347498538382528,0.8809285588425465,-0.03818643855602885,0.3818643855602885,1665.2311598439733,1665,-0.60625,-0.60625,5,0,bbox fill,False,,True,,1500,1561,1665,1495,2000,2000,1000,1000
407,589231215026990,8.139994387049228,commit_complete,tracking,0,127355,4227348109500,589231.198405031,0.016621959046460688,True,True,0.0,278,372,26,27,-0.090625,-0.60625,0.05625,26.49528259898354,3.2810546212935736,-0.006289106585643189,,0.025637437484920166,0.025637437484920166,30.0,29.98337804095354,0.016621959046460688,0.1,1.6,343.0,0.004917748039588332,8.06,-7.5600000000000005,7.5600000000000005,0.13227513227513227,-10.0,-7.358260571947946,-7.358260571947946,-0.25213970185994344,-0.5,-0.7521397018599434,-0.883287778524003,-1.13,0.12573345901910216,0.24671222147599692,4.934244429519938,-5.332712819305946,0.8809285588425465,-0.03818643855602885,0.3818643855602885,1665.0166040042257,1665,-0.60625,-0.60625,5,0,bbox fill,False,,True,,1500,1561,1665,1495,2000,2000,1000,1000
408,589231235022415,8.159989812062122,commit_complete,tracking,0,127356,4227381671010,589231.231959109,0.00306330609600991,True,True,0.0,278,372,26,27,-0.090625,-0.60625,0.05625,26.49528259898354,3.280183005919837,-0.004948159856817735,,0.013839980586302432,0.013839980586302432,30.0,29.99693669390399,0.00306330609600991,0.1,1.6,343.0,0.024913173052482307,8.06,-7.5600000000000005,7.5600000000000005,0.13227513227513227,-10.0,-7.358319930000547,-7.358319930000547,-0.2520257343989512,-0.5,-0.7520257343989512,-0.873290066017556,-1.13,0.14572888403199613,0.2567099339824439,5.134198679648878,-5.317313746600913,0.8809285588425465,-0.03818643855602885,0.3818643855602885,1665.8012506813918,1666,-0.60625,-0.60625,5,0,bbox fill,False,,True,,1500,1561,1666,1495,2000,2000,1000,1000
409,589231255006157,8.179973553982563,commit_complete,tracking,0,127356,4227381671010,589231.231959109,0.0230470480164513,False,True,0.0,278,372,26,27,-0.090625,-0.60625,0.05625,,3.280183005919837,,duplicate frame,0.013839980586302432,0.013839980586302432,30.0,29.97695295198355,0.0230470480164513,0.1,1.6,343.0,0.044896914972923696,8.02,-7.52,7.52,0.13297872340425532,-10.0,-7.3610028150478595,-7.3610028150478595,-0.2508593856101845,-0.5,-0.7508593856101845,-0.8632981950573353,-1.03,0.004546797019429505,0.16670180494266473,3.3340360988532947,-5.307319769057975,0.6204789232435058,0.0935466338038781,-0.9354663380387809,1665.9087500082435,1663,-0.60625,-0.60625,5,0,bbox fill,False,,True,,1500,1561,1663,1495,2000,2000,1000,1000
410,589231275044571,8.200011968030594,commit_complete,tracking,0,127357,4227414392119,589231.265339955,0.009704616037197411,True,True,0.0,279,372,26,27,-0.0875,-0.60625,0.05625,26.49528259898354,3.2793575932220427,-0.003678294167903662,,0.00502463980099796,0.00502463980099796,30.0,29.990295383962803,0.009704616037197411,0.1,1.6,343.0,0.06493532902095467,8.02,-7.52,7.52,0.13297872340425532,-10.0,-7.361061251970128,-7.361061251970128,-0.25074778036435386,-0.5,-0.7507477803643539,-0.8532789880333198,-1.03,0.024585211067460477,0.17672101196668022,3.5344202393336044,-5.2966961426316495,0.6204789232435058,0.0935466338038781,-0.9354663380387809,1665.6977422413368,1663,-0.575,-0.575,5,0,bbox fill,False,,True,,1500,1561,1663,1496,2000,2000,1000,1000
411,589231294996119,8.219963515992276,commit_complete,tracking,0,127357,4227414392119,589231.265339955,0.029656163998879492,False,True,0.0,279,372,26,27,-0.0875,-0.60625,0.05625,,3.2793575932220427,,duplicate frame,0.00502463980099796,0.00502463980099796,30.0,29.97034383600112,0.029656163998879492,0.1,1.6,343.0,0.004001933033578098,8.02,-7.52,7.52,0.13297872340425532,-10.0,-7.36097384930117,-7.36097384930117,-0.2509147055886222,-0.5,-0.7509147055886223,-0.8433032140524788,-1.03,0.04453675902914256,0.18669678594752126,3.733935718950425,-5.285521472994278,0.6204789232435058,0.0935466338038781,-0.9354663380387809,1665.4870520920826,1663,-0.575,-0.575,5,0,bbox fill,False,,True,,1500,1561,1663,1496,2000,2000,1000,1000
412,589231315031972,8.239999369019642,commit_complete,tracking,0,127358,4227448251696,589231.298833326,0.01619864604435861,True,True,0.0,279,372,26,28,-0.0875,-0.6083333333333333,0.058333333333333334,26.981475126464083,3.284994508909936,0.015624638751395192,,0.04234459486875129,0.04234459486875129,23.61576496597827,23.59956631993391,0.01619864604435861,0.1,1.6,343.0,0.0240377860609442,8.02,-7.52,7.52,0.13297872340425532,-10.0,-7.313203164898486,-7.313203164898486,-0.31864992339490833,-0.5,-0.8186499233949083,-0.8332852875387957,-1.03,0.06457261205650866,0.1967147124612043,3.934294249224086,-5.273697431792698,0.6204789232435058,0.0935466338038781,-0.9354663380387809,1665.2748695206074,1663,-0.575,-0.575,5,0,bbox fill,False,,True,,1500,1561,1663,1496,2000,2000,1000,1000
413,589231335031626,8.259999023051932,commit_complete,tracking,0,127359,4227481305045,589231.332319356,0.002712270012125373,True,True,0.0,279,373,26,27,-0.0875,-0.6104166666666667,0.05625,26.49528259898354,3.2831064455409247,-0.009445759273875698,,0.019778147294822822,0.019778147294822822,30.0,29.997287729987875,0.002712270012125373,0.1,1.6,343.0,0.04403744009323418,8.02,-7.52,7.52,0.13297872340425532,-10.0,-7.336106757143167,-7.336106757143167,-0.25068933123851594,-0.5,-0.7506893312385159,-0.8232854605226507,-1.03,0.08457226608879864,0.2067145394773493,4.134290789546986,-5.261294773973725,0.6204789232435058,0.0935466338038781,-0.9354663380387809,1665.0624703224655,1663,-0.575,-0.575,5,0,bbox fill,False,,True,,1500,1561,1663,1496,2000,2000,1000,1000
414,589231355016691,8.279984088032506,commit_complete,tracking,0,127359,4227481305045,589231.332319356,0.022697334992699325,False,True,0.0,279,373,26,27,-0.0875,-0.6104166666666667,0.05625,,3.2831064455409247,,duplicate frame,0.019778147294822822,0.019778147294822822,30.0,29.9773026650073,0.022697334992699325,0.1,1.6,343.0,0.06402250507380813,8.02,-7.52,7.52,0.13297872340425532,-10.0,-7.336020174389837,-7.336020174389837,-0.2508564591029114,-0.5,-0.7508564591029114,-0.8132929280323637,-1.03,0.1045573310693726,0.21670707196763628,4.3341414393527256,-5.248302059228656,0.6204789232435058,0.0935466338038781,-0.9354663380387809,1665.8496269579148,1664,-0.575,-0.575,5,0,bbox fill,False,,True,,1500,1561,1664,1496,2000,2000,1000,1000
415,589231375042970,8.30001036694739,commit_complete,tracking,0,127360,4227515910741,589231.365772299,0.009270670940168202,True,True,0.0,280,373,26,28,-0.084375,-0.6125,0.058333333333333334,26.981475126464083,3.2877519372377666,0.011382441323963377,,0.046998332580286156,0.046998332580286156,21.277350601571307,21.26807993063114,0.009270670940168202,0.0,1.5,343.0,0.003092896891757846,8.02,-7.52,7.52,0.13297872340425532,-10.0,-7.270594629700565,-7.270594629700565,-0.3535815186198071,-0.5,-0.853581518619807,-0.8233060674898056,-1.03,0.12458360998425633,0.2066939325101944,4.133878650203888,-5.235884128201266,0.6204789232435058,0.0935466338038781,-0.9354663380387809,1665.0374718160363,1663,-0.5437500000000001,-0.5437500000000001,5,0,bbox fill,False,,True,,1500,1561,1663,1496,2000,2000,1000,1000
416,589231395022387,8.319989784038626,commit_complete,tracking,0,127360,4227515910741,589231.365772299,0.02925008803140372,False,True,0.0,280,373,26,28,-0.084375,-0.6125,0.058333333333333334,,3.2877519372377666,,duplicate frame,0.046998332580286156,0.046998332580286156,21.277350601571307,21.248100513539903,0.02925008803140372,0.0,1.5,343.0,0.023072313982993364,8.02,-7.52,7.52,0.13297872340425532,-10.0,-7.270423310466439,-7.270423310466439,-0.35391398846254696,-0.5,-0.853913988462547,-0.8332957760354234,-1.03,0.14456302707549185,0.19670422396457665,3.934084479291533,-5.2240940209986775,0.6204789232435058,0.0935466338038781,-0.9354663380387809,1665.225475879746,1663,-0.5437500000000001,-0.5437500000000001,5,0,bbox fill,False,,True,,1500,1561,1663,1496,2000,2000,1000,1000
417,589231414996479,8.33996387606021,commit_complete,tracking,0,127361,4227545373178,589231.399153103,0.01584337605163455,True,True,0.0,280,373,27,28,-0.0828125,-0.6125,0.058333333333333334,27.49545416973504,3.2979657474193314,0.024699908723746944,,0.10619381204865438,0.10619381204865438,9.416744541968548,9.400901165916913,0.01584337605163455,0.0,1.5,343.0,0.043046406004577875,8.0,-7.5,7.5,0.13333333333333333,-10.0,-7.041972140672833,-7.041972140672833,-0.7977958567622586,-0.5,-1.2977958567622587,-0.8432828220462156,-0.87,0.002738212002441287,0.026717177953784366,0.5343435590756873,-5.22249306688566,0.9888818340807279,0.27261367385924806,-2.726136738592481,1665.4142862464025,1658,-0.528125,-0.528125,5,0,bbox fill,False,,True,,1500,1559,1658,1496,2000,2000,1000,1000
418,589231434991531,8.359958927961998,commit_complete,tracking,0,127362,4227578694157,589231.432622286,0.0023692449321970344,True,True,0.0,281,374,26,28,-0.08125,-0.6166666666666667,0.058333333333333334,26.981475126464083,3.2992906623422513,-0.00636944345216639,,0.09096919554546193,0.09096919554546193,10.99273214414927,10.990362899217073,0.0023692449321970344,0.0,1.5,343.0,0.0630414579063654,8.0,-7.5,7.5,0.13333333333333333,-10.0,-7.078987353977812,-7.078987353977812,-0.6824160465651486,-0.5,-1.1824160465651485,-0.8532803479971094,-0.87,0.022733263904228806,0.016719652002890606,0.3343930400578121,-5.221490135956927,0.9888818340807279,0.27261367385924806,-2.726136738592481,1664.6132338344917,1657,-0.5125000000000001,-0.5125000000000001,5,0,bbox fill,False,,True,,1500,1559,1657,1496,2000,2000,1000,1000
419,589231455012529,8.379979926045053,commit_complete,tracking,0,127362,4227578694157,589231.432622286,0.022390243015252054,False,True,0.0,281,374,26,28,-0.08125,-0.6166666666666667,0.058333333333333334,,3.2992906623422513,,duplicate frame,0.09096919554546193,0.09096919554546193,10.99273214414927,10.970341901134018,0.022390243015252054,0.0,1.5,343.0,0.08306245598942041,8.0,-7.5,7.5,0.13333333333333333,-10.0,-7.078350807508321,-7.078350807508321,-0.6836614635706765,-0.5,-1.1836614635706764,-0.8632908470386369,-0.87,0.042754261987283826,0.006709152961363096,0.13418305922726192,-5.221087164141192,0.9888818340807279,0.27261367385924806,-2.726136738592481,1664.8130408435063,1657,-0.5125000000000001,-0.5125000000000001,5,0,bbox fill,False,,True,,1500,1559,1657,1496,2000,2000,1000,1000
420,589231475027422,8.399994818959385,commit_complete,tracking,0,127363,4227611647331,589231.466087855,0.008939566905610263,True,True,0.0,282,374,26,28,-0.078125,-0.6166666666666667,0.058333333333333334,26.981475126464083,3.2998204322870617,-0.007184474136490593,,0.07379459049071149,0.07379459049071149,13.551128793456341,13.54218922655073,0.008939566905610263,0.0,1.5,343.0,0.10307734890375286,8.0,-7.5,7.5,0.13333333333333333,-10.0,-7.144711777945362,-7.144711777945362,-0.5538247822808108,-0.5,-1.053824782280811,-0.8732982934958031,-0.87,0.06276915490161628,-0.0032982934958031285,-0.06596586991606257,-5.221285209114548,0.9888818340807279,0.27261367385924806,-2.726136738592481,1665.0133878176232,1657,-0.48125,-0.48125,5,0,bbox fill,False,,True,,1500,1560,1657,1496,2000,2000,1000,1000
421,589231494997651,8.419965047971345,commit_complete,tracking,0,127363,4227611647331,589231.466087855,0.02890979591757059,False,True,0.0,282,374,26,28,-0.078125,-0.6166666666666667,0.058333333333333334,,3.2998204322870617,,duplicate frame,0.07379459049071149,0.07379459049071149,13.551128793456341,13.52221899753877,0.02890979591757059,0.0,1.5,343.0,0.12304757791571319,8.0,-7.5,7.5,0.13333333333333333,-10.0,-7.144293733181913,-7.144293733181913,-0.5546426959484315,-0.5,-1.0546426959484316,-0.8832834080017833,-0.87,0.0827393839135766,-0.013283408001783292,-0.26566816003566585,-5.222081027214113,0.9888818340807279,0.27261367385924806,-2.726136738592481,1665.2138859258423,1657,-0.48125,-0.48125,5,0,bbox fill,False,,True,,1500,1560,1657,1496,2000,2000,1000,1000
422,589231514991036,8.439958433038555,commit_complete,tracking,0,127364,4227644541528,589231.499518666,0.01547237008344382,True,True,0.0,283,374,26,28,-0.075,-0.6166666666666667,0.058333333333333334,26.981475126464083,3.299789522871164,-0.00713692118895537,,0.056715923245652056,0.056715923245652056,17.631732726429025,17.61626035634558,0.01547237008344382,0.0,1.5,343.0,0.0019420019816607237,8.0,-7.5,7.5,0.13333333333333333,-10.0,-7.210175786447506,-7.210175786447506,-0.42574302651575047,-0.5,-0.9257430265157505,-0.8932801005353881,-0.87,0.1027327689807862,-0.023280100535388093,-0.46560201070776186,-5.223477371257335,0.9888818340807279,0.27261367385924806,-2.726136738592481,1665.4152161205575,1657,-0.44999999999999996,-0.44999999999999996,5,0,bbox fill,False,,True,,1500,1560,1657,1497,2000,2000,1000,1000
423,589231534991079,8.459958476014435,commit_complete,tracking,0,127365,4227677678930,589231.532977321,0.0020137580577284098,True,True,0.0,284,375,26,28,-0.071875,-0.6208333333333333,0.058333333333333334,26.981475126464083,3.2993993383315092,-0.0065366372817941,,0.041086753976337737,0.041086753976337737,24.3387443207587,24.33673056270097,0.0020137580577284098,0.0,1.5,343.0,0.02194204495754093,8.0,-7.5,7.5,0.13333333333333333,-10.0,-7.245588722679305,-7.245588722679305,-0.3081761529420337,-0.5,-0.8081761529420337,-0.883280079047448,-0.87,0.12273281195666641,-0.01328007904744799,-0.2656015809489598,-5.224274177712351,0.9888818340807279,0.27261367385924806,-2.726136738592481,1665.2160124972538,1657,-0.41874999999999996,-0.41874999999999996,5,0,bbox fill,False,,True,,1500,1560,1657,1497,2000,2000,1000,1000
424,589231554993960,8.479961356963031,commit_complete,tracking,0,127365,4227677678930,589231.532977321,0.022016639006324112,False,True,0.0,284,375,26,28,-0.071875,-0.6208333333333333,0.058333333333333334,,3.2993993383315092,,duplicate frame,0.041086753976337737,0.041086753976337737,24.3387443207587,24.316727681752376,0.022016639006324112,0.0,1.5,343.0,0.04194492590613663,8.0,-7.5,7.5,0.13333333333333333,-10.0,-7.245460561842155,-7.245460561842155,-0.30842965789463966,-0.5,-0.8084296578946397,-0.8732786385731501,-0.71,0.011568818939849734,-0.16327863857315017,-3.2655727714630034,-5.234072307218834,1.2198201814445218,0.4620549753763028,-4.620549753763028,1665.120194832445,1652,-0.41874999999999996,-0.41874999999999996,5,0,bbox fill,False,,True,,1500,1560,1652,1497,2000,2000,1000,1000
425,589231575034804,8.500002200948074,commit_complete,tracking,0,127366,4227710357429,589231.566454403,0.008580400957725942,True,True,0.0,285,375,26,28,-0.06875,-0.6208333333333333,0.058333333333333334,26.981475126464083,3.298806305361586,-0.005624278866528165,,0.02764644550291406,0.02764644550291406,30.0,29.991419599042274,0.008580400957725942,0.0,1.5,343.0,0.0619857698911801,8.0,-7.5,7.5,0.13333333333333333,-10.0,-7.274963840746528,-7.274963840746528,-0.25007152379807657,-0.5,-0.7500715237980766,-0.8632582165806284,-0.71,0.0316096629248932,-0.15325821658062844,-3.0651643316125687,-5.2432865792425885,1.2198201814445218,0.4620549753763028,-4.620549753763028,1664.9290006646181,1652,-0.38750000000000007,-0.38750000000000007,5,0,bbox fill,False,,True,,1500,1561,1652,1497,2000,2000,1000,1000
426,589231595035121,8.520002517965622,commit_complete,tracking,0,127366,4227710357429,589231.566454403,0.02858071797527373,False,True,0.0,285,375,26,28,-0.06875,-0.6208333333333333,0.058333333333333334,,3.298806305361586,,duplicate frame,0.02764644550291406,0.02764644550291406,30.0,29.971419282024726,0.02858071797527373,0.0,1.5,343.0,0.08198608690872788,8.0,-7.5,7.5,0.13333333333333333,-10.0,-7.27487947567132,-7.27487947567132,-0.25023839977101464,-0.5,-0.7502383997710147,-0.8532580580718545,-0.71,0.05160997994244099,-0.14325805807185454,-2.865161161437091,-5.251882198972854,1.2198201814445218,0.4620549753763028,-4.620549753763028,1665.737593114173,1653,-0.38750000000000007,-0.38750000000000007,5,0,bbox fill,False,,True,,1500,1561,1653,1497,2000,2000,1000,1000
427,589231615045422,8.540012818994,commit_complete,tracking,0,127367,4227743682891,589231.599892329,0.015153093030676246,True,True,0.0,286,375,26,28,-0.065625,-0.6208333333333333,0.058333333333333334,26.981475126464083,3.2981276677882434,-0.004580221061385448,,0.016688299199014378,0.016688299199014378,30.0,29.984846906969324,0.015153093030676246,0.0,1.5,343.0,0.10199638793710619,8.0,-7.5,7.5,0.13333333333333333,-10.0,-7.274936128318504,-7.274936128318504,-0.2501263395897742,-0.5,-0.7501263395897741,-0.8432529075576654,-0.71,0.0716202809708193,-0.1332529075576654,-2.665058151153308,-5.259881491352261,1.2198201814445218,0.4620549753763028,-4.620549753763028,1665.5454893962685,1653,-0.35625000000000007,-0.35625000000000007,5,0,bbox fill,False,,True,,1500,1561,1653,1497,2000,2000,1000,1000
428,589231635047199,8.5600145959761,commit_complete,tracking,0,127368,4227777038850,589231.633428874,0.0016183250118047,True,True,0.0,287,374,26,28,-0.0625,-0.6166666666666667,0.058333333333333334,26.981475126464083,3.2974494516298787,-0.0035368115869780503,,0.008251385767709599,0.008251385767709599,30.0,29.998381674988195,0.0016183250118047,0.0,1.5,343.0,0.12199816491920501,8.0,-7.5,7.5,0.13333333333333333,-10.0,-7.29999310676236,-7.29999310676236,-0.2500134867692976,-0.5,-0.7500134867692976,-0.833252019066616,-0.71,0.09162205795291811,-0.12325201906661598,-2.4650403813323196,-5.2672772695461525,1.2198201814445218,0.4620549753763028,-4.620549753763028,1665.3528674046415,1653,-0.325,-0.325,5,0,bbox fill,False,,True,,1500,1561,1653,1498,2000,2000,1000,1000
429,589231655027671,8.579995068022981,commit_complete,tracking,0,127368,4227777038850,589231.633428874,0.021598797058686614,False,True,0.0,287,374,26,28,-0.0625,-0.6166666666666667,0.058333333333333334,,3.2974494516298787,,duplicate frame,0.008251385767709599,0.008251385767709599,30.0,29.978401202941313,0.021598797058686614,-0.1,1.5,342.0,0.01958379801362753,8.0,-7.5,7.5,0.13333333333333333,-10.0,-7.2999079388432975,-7.2999079388432975,-0.2501801196544178,-0.5,-0.7501801196544178,-0.823261783043175,-0.71,0.11160252999980003,-0.11326178304317502,-2.2652356608635005,-5.274066341216375,1.2198201814445218,0.4620549753763028,-4.620549753763028,1665.159851755843,1653,-0.325,-0.325,5,0,bbox fill,False,,True,,1500,1561,1653,1498,2000,2000,1000,1000
430,589231675037539,8.600004935986362,commit_complete,tracking,0,127369,4227810086730,589231.666844758,0.008192781009711325,True,True,0.0,288,374,26,28,-0.059375,-0.6166666666666667,0.058333333333333334,26.981475126464083,3.296824049771182,-0.0025746548812906056,,0.0020874790930549723,0.0020874790930549723,30.0,29.99180721899029,0.008192781009711325,-0.1,1.5,342.0,0.03959366597700864,8.0,-7.5,7.5,0.13333333333333333,-10.0,-7.299965095289403,-7.299965095289403,-0.25006829182507984,-0.5,-0.7500682918250798,-0.8132568490614844,-0.71,0.13161239796318114,-0.10325684906148447,-2.0651369812296894,-5.28026480896448,1.2198201814445218,0.4620549753763028,-4.620549753763028,1664.965951543957,1653,-0.29374999999999996,-0.29374999999999996,5,0,bbox fill,False,,True,,1500,1561,1653,1498,2000,2000,1000,1000
431,589231695022255,8.619989651953802,commit_complete,tracking,0,127369,4227810086730,589231.666844758,0.02817749697715044,False,True,0.0,288,374,26,28,-0.059375,-0.6166666666666667,0.058333333333333334,,3.296824049771182,,duplicate frame,0.0020874790930549723,0.0020874790930549723,30.0,29.97182250302285,0.02817749697715044,-0.1,1.5,342.0,0.059578381944447756,8.0,-7.5,7.5,0.13333333333333333,-10.0,-7.299879871904796,-7.299879871904796,-0.25023503322974694,-0.5,-0.7502350332297469,-0.8032644910777649,-0.71,0.15159711393062025,-0.09326449107776491,-1.8652898215552982,-5.285856402056591,1.2198201814445218,0.4620549753763028,-4.620549753763028,1665.771695977375,1654,-0.29374999999999996,-0.29374999999999996,5,0,bbox fill,False,,True,,1500,1561,1654,1498,2000,2000,1000,1000
432,589231715024700,8.639992097043432,commit_complete,tracking,0,127370,4227842552309,589231.700262515,0.014762185048311949,True,True,0.0,289,374,26,28,-0.05625,-0.6166666666666667,0.058333333333333334,26.981475126464083,3.2962836590506117,-0.0017432845419516063,,-0.0020858340134784926,0.0,30.0,29.985237814951688,0.014762185048311949,-0.1,1.5,342.0,0.07958082703407854,7.99,-7.49,7.49,0.13351134846461948,-10.0,-7.300619484408452,-7.300619484408452,-0.24978958133409315,-0.5,-0.7497895813340931,-0.7932632685329495,-0.55,0.019036212004721165,-0.24326326853294944,-4.865265370658989,-5.300453982570054,1.0487446895335422,0.5793929182077506,-5.793929182077506,1664.9596485353065,1649,-0.2625,-0.2625,5,0,bbox fill,False,,True,,1500,1561,1649,1498,2000,2000,1000,1000
433,589231735036442,8.660003839060664,commit_complete,tracking,0,127371,4227875736423,589231.733725915,0.00131052709184587,True,True,0.0,290,374,26,28,-0.053125,-0.6166666666666667,0.058333333333333334,26.981475126464083,3.295841692403701,-0.0010633358543969962,,-0.004627920843227465,0.0,30.0,29.998689472908154,0.00131052709184587,0.0,1.6,342.0,0.008772896020673215,7.99,-7.49,7.49,0.13351134846461948,-10.0,-7.300676809218096,-7.300676809218096,-0.2496775736408161,-0.5,-0.7496775736408161,-0.7832573975243335,-0.55,0.039047954021953046,-0.2332573975243335,-4.66514795048667,-5.314457643158658,1.0487446895335422,0.5793929182077506,-5.793929182077506,1665.7735347757227,1650,-0.23125,-0.23125,5,0,bbox fill,False,,True,,1500,1561,1650,1498,2000,2000,1000,1000
434,589231755025091,8.679992488003336,commit_complete,tracking,0,127371,4227875736423,589231.733725915,0.021299176034517586,False,True,0.0,290,374,26,28,-0.053125,-0.6166666666666667,0.058333333333333334,,3.295841692403701,,duplicate frame,-0.004627920843227465,0.0,30.0,29.978700823965482,0.021299176034517586,0.0,1.6,342.0,0.02876154496334493,7.99,-7.49,7.49,0.13351134846461948,-10.0,-7.300591608170302,-7.300591608170302,-0.24984404907941732,-0.5,-0.7498440490794174,-0.7732630730529977,-0.55,0.05903660296462476,-0.22326307305299764,-4.465261461059953,-5.327845824726013,1.0487446895335422,0.5793929182077506,-5.793929182077506,1665.5870364678635,1650,-0.23125,-0.23125,5,0,bbox fill,False,,True,,1500,1561,1650,1498,2000,2000,1000,1000
435,589231775029487,8.69999688398093,commit_complete,tracking,0,127372,4227908847043,589231.767199419,0.007830068003386259,True,True,0.0,291,374,26,28,-0.05,-0.6166666666666667,0.058333333333333334,26.981475126464083,3.295499090224342,-0.0005362555784600431,,-0.005909544848459212,0.0,30.0,29.992169931996614,0.007830068003386259,0.0,1.6,342.0,0.04876594094093889,7.99,-7.49,7.49,0.13351134846461948,-10.0,-7.3006490323401785,-7.3006490323401785,-0.24973184724488462,-0.5,-0.7497318472448846,-0.7632608750642007,-0.55,0.07904099894221872,-0.21326087506420066,-4.265217501284013,-5.34064428969995,1.0487446895335422,0.5793929182077506,-5.793929182077506,1665.3997909730615,1650,-0.20000000000000004,-0.20000000000000004,5,0,bbox fill,False,,True,,1500,1561,1650,1499,2000,2000,1000,1000
436,589231795022757,8.719990154029801,commit_complete,tracking,0,127372,4227908847043,589231.767199419,0.027823338052257895,False,True,0.0,291,374,26,28,-0.05,-0.6166666666666667,0.058333333333333334,,3.295499090224342,,duplicate frame,-0.005909544848459212,0.0,30.0,29.972176661947742,0.027823338052257895,0.0,1.6,342.0,0.06875921098981053,7.99,-7.49,7.49,0.13351134846461948,-10.0,-7.300563774515844,-7.300563774515844,-0.24989843361991124,-0.5,-0.7498984336199113,-0.7532642400397649,-0.55,0.09903426899109036,-0.20326424003976484,-4.065284800795297,-5.352836040227132,1.0487446895335422,0.5793929182077506,-5.793929182077506,1665.2120500231,1650,-0.20000000000000004,-0.20000000000000004,5,0,bbox fill,False,,True,,1500,1561,1650,1499,2000,2000,1000,1000
437,589231814994065,8.739961461978965,commit_complete,tracking,0,127373,4227941790186,589231.800669271,0.01432479394134134,True,True,0.0,291,374,27,29,-0.0484375,-0.61875,0.06041666666666667,27.982137159266443,3.3079940659095297,0.036265049362879775,,0.080771565776787,0.080771565776787,12.380594462703739,12.366269668762397,0.01432479394134134,0.0,1.6,342.0,0.08873051893897355,7.99,-7.49,7.49,0.13351134846461948,-10.0,-7.106963709246562,-7.106963709246562,-0.6056798210474081,-0.5,-1.1056798210474081,-0.7632498940143464,-0.55,0.11900557694025338,-0.21324989401434635,-4.264997880286927,-5.365612678137593,1.0487446895335422,0.5793929182077506,-5.793929182077506,1665.424539740502,1650,-0.184375,-0.184375,5,0,bbox fill,False,,True,,1500,1559,1650,1499,2000,2000,1000,1000
438,589231835025257,8.759992653969675,commit_complete,tracking,0,127374,4227974873590,589231.834149605,0.0008756519528105855,True,True,0.0,292,374,27,29,-0.0453125,-0.61875,0.06041666666666667,27.982137159266443,3.318002132988436,0.020868023087638576,,0.1306349228163605,0.1306349228163605,7.654920892828527,7.654045240875717,0.0008756519528105855,0.0,1.6,342.0,0.10876171092968434,7.99,-7.49,7.49,0.13351134846461948,-10.0,-6.917159394463848,-6.917159394463848,-0.9785675109418418,-0.5,-1.4785675109418417,-0.7732654900097018,-0.55,0.13903676893096417,-0.22326549000970175,-4.465309800194035,-5.379029499823446,1.0487446895335422,0.5793929182077506,-5.793929182077506,1664.638268482095,1649,-0.153125,-0.153125,5,0,bbox fill,False,,True,,1500,1558,1649,1499,2000,2000,1000,1000
439,589231855063058,8.780030454974622,commit_complete,tracking,0,127374,4227974873590,589231.834149605,0.020913452957756817,False,True,0.0,292,374,27,29,-0.0453125,-0.61875,0.06041666666666667,,3.318002132988436,,duplicate frame,0.1306349228163605,0.1306349228163605,7.654920892828527,7.6340074398707705,0.020913452957756817,0.0,1.6,342.0,0.12879951193463057,7.99,-7.49,7.49,0.13351134846461948,-10.0,-6.91585197090035,-6.91585197090035,-0.9811360624147875,-0.5,-1.4811360624147873,-0.7832843905121749,-0.55,0.1590745699359104,-0.23328439051217487,-4.665687810243497,-5.393053018407375,1.0487446895335422,0.5793929182077506,-5.793929182077506,1664.8526700107284,1649,-0.153125,-0.153125,5,0,bbox fill,False,,True,,1500,1558,1649,1499,2000,2000,1000,1000
440,589231875017210,8.799984607030638,commit_complete,tracking,0,127375,4228007712244,589231.867653168,0.007364041986875236,True,True,0.0,293,375,27,28,-0.0421875,-0.6208333333333333,0.058333333333333334,27.49545416973504,3.3194535052644616,-0.008358180268761117,,0.11067721202112135,0.11067721202112135,9.035283612033547,9.027919570046672,0.007364041986875236,0.0,1.6,342.0,0.007659175083972514,7.99,-7.49,7.49,0.13351134846461948,-10.0,-6.9820704594373755,-6.9820704594373755,-0.829648507819092,-0.5,-1.329648507819092,-0.7932614665401829,-0.55,0.17902872199192643,-0.24326146654018288,-4.865229330803658,-5.407615247285512,1.0487446895335422,0.5793929182077506,-5.793929182077506,1665.0667737601666,1649,-0.12187500000000004,-0.12187500000000004,5,0,bbox fill,False,,True,,1500,1558,1649,1499,2000,2000,1000,1000
441,589231895022417,8.819989813957363,commit_complete,tracking,0,127375,4228007712244,589231.867653168,0.02736924891360104,False,True,0.0,293,375,27,28,-0.0421875,-0.6208333333333333,0.058333333333333334,,3.3194535052644616,,duplicate frame,0.11067721202112135,0.11067721202112135,9.035283612033547,9.007914363119946,0.02736924891360104,0.0,1.6,342.0,0.02766438201069832,7.99,-7.49,7.49,0.13351134846461948,-10.0,-6.981137718005119,-6.981137718005119,-0.8314910308945025,-0.5,-1.3314910308945025,-0.8032640700035458,-0.55,0.19903392891865224,-0.2532640700035458,-5.065281400070916,-5.422815047668089,1.0487446895335422,0.5793929182077506,-5.793929182077506,1665.2820256298164,1649,-0.12187500000000004,-0.12187500000000004,5,0,bbox fill,False,,True,,1500,1558,1649,1499,2000,2000,1000,1000
442,589231914996619,8.839964015991427,commit_complete,tracking,0,127376,4228040574013,589231.901127463,0.0138691560132429,True,True,0.0,293,375,27,28,-0.0421875,-0.6208333333333333,0.058333333333333334,27.49545416973504,3.319960166317833,-0.009137658812409466,,0.08883918058760329,0.08883918058760329,11.256294727008559,11.242425570995316,0.0138691560132429,0.0,1.6,342.0,0.047638584044761956,7.94,-7.44,7.44,0.13440860215053763,-10.0,-7.068201838733506,-7.068201838733506,-0.6617788975356607,-0.5,-1.1617788975356607,-0.8132511710205776,-0.48,0.01730480301193893,-0.33325117102057766,-6.665023420411553,-5.442784326322249,0.34704434832405484,0.5329232042310115,-5.329232042310115,1665.4370397890439,1648,-0.12187500000000004,-0.12187500000000004,5,0,bbox fill,False,,True,,1500,1559,1648,1499,2000,2000,1000,1000
443,589231935017696,8.85998509300407,commit_complete,tracking,0,127378,4228106430458,589231.934575837,0.00044185901060700417,True,True,0.0,294,375,26,29,-0.040625,-0.6229166666666667,0.06041666666666667,27.459060435491963,3.319349264498662,-0.010235508453359632,,0.06435844870225883,0.06435844870225883,15.537975513149718,15.53753365413911,0.00044185901060700417,0.0,1.6,342.0,0.06765966105740517,7.94,-7.44,7.44,0.13440860215053763,-10.0,-7.149557218777931,-7.149557218777931,-0.47884047530400853,-0.5,-0.9788404753040085,-0.8232617095268993,-0.48,0.03732588002458215,-0.3432617095268993,-6.8652341905379854,-5.463401733688038,0.34704434832405484,0.5329232042310115,-5.329232042310115,1665.657867966536,1648,-0.10625000000000002,-0.10625000000000002,5,0,bbox fill,False,,True,,1500,1560,1648,1499,2000,2000,1000,1000
444,589231954999077,8.879966474021785,commit_complete,tracking,0,127378,4228106430458,589231.934575837,0.020423240028321743,False,True,0.0,294,375,26,29,-0.040625,-0.6229166666666667,0.06041666666666667,,3.319349264498662,,duplicate frame,0.06435844870225883,0.06435844870225883,15.537975513149718,15.517552273121396,0.020423240028321743,0.0,1.6,342.0,0.08764104207511991,7.94,-7.44,7.44,0.13440860215053763,-10.0,-7.149244713368441,-7.149244713368441,-0.47945706056277554,-0.5,-0.9794570605627755,-0.8332524000357566,-0.48,0.057307261042296886,-0.35325240003575664,-7.065048000715133,-5.484577146089648,0.34704434832405484,0.5329232042310115,-5.329232042310115,1664.8788571891148,1647,-0.10625000000000002,-0.10625000000000002,5,0,bbox fill,False,,True,,1500,1560,1647,1499,2000,2000,1000,1000
445,589231974995969,8.89996336598415,commit_complete,tracking,0,127379,4228139392137,589231.968071238,0.006924730958417058,True,True,0.0,294,376,27,28,-0.0390625,-0.625,0.058333333333333334,27.49545416973504,3.3188854755874613,-0.007484288457991983,,0.04648306706217821,0.04648306706217821,21.51321036243902,21.5062856314806,0.006924730958417058,-0.1,1.5,342.0,0.019455033005215228,7.94,-7.44,7.44,0.13440860215053763,-10.0,-7.204664630652798,-7.204664630652798,-0.3459453727848491,-0.5,-0.8459453727848492,-0.8432508460169388,-0.48,0.0773041530046612,-0.3632508460169388,-7.265016920338776,-5.506368809858762,0.34704434832405484,0.5329232042310115,-5.329232042310115,1665.1006177725076,1647,-0.09062500000000001,-0.09062500000000001,5,0,bbox fill,False,,True,,1500,1560,1647,1499,2000,2000,1000,1000
446,589231995014011,8.919981408049352,commit_complete,tracking,0,127379,4228139392137,589231.968071238,0.026942773023620248,False,True,0.0,294,376,27,28,-0.0390625,-0.625,0.058333333333333334,,3.3188854755874613,,duplicate frame,0.04648306706217821,0.04648306706217821,21.51321036243902,21.486267589415398,0.026942773023620248,-0.1,1.5,342.0,0.03947307507041842,7.94,-7.44,7.44,0.13440860215053763,-10.0,-7.204502178124185,-7.204502178124185,-0.34626767860161556,-0.5,-0.8462676786016156,-0.8462676786016156,-0.48,0.09732219506986439,-0.3662676786016156,-7.325353572032311,-5.528364695250877,0.34704434832405484,0.5329232042310115,-5.329232042310115,1665.1829503095933,1647,-0.09062500000000001,-0.09062500000000001,5,0,bbox fill,False,,True,,1500,1560,1647,1499,2000,2000,1000,1000
447,589232015040514,8.940007910947315,commit_complete,tracking,0,127380,4228172360340,589232.00145481,0.013585703913122416,True,True,0.0,294,376,27,29,-0.0390625,-0.6270833333333333,0.06041666666666667,27.982137159266443,3.3243324319609293,0.011129101591495605,,0.07315271544773752,0.07315271544773752,13.670032532345703,13.65644682843258,0.013585703913122416,-0.1,1.5,342.0,0.059499577968381345,7.94,-7.44,7.44,0.13440860215053763,-10.0,-7.092745358641956,-7.092745358641956,-0.5447976397865071,-0.5,-1.044797639786507,-0.856280930050597,-0.48,0.11734869796782732,-0.37628093005059704,-7.52561860101194,-5.550971468659196,0.34704434832405484,0.5329232042310115,-5.329232042310115,1665.4058221119813,1647,-0.09062500000000001,-0.09062500000000001,5,0,bbox fill,False,,True,,1500,1559,1647,1499,2000,2000,1000,1000
448,589232034990688,8.95995808497537,commit_complete,tracking,0,127381,4228205371650,589232.034948841,4.184700082987547e-05,True,True,0.0,293,376,27,29,-0.0421875,-0.6270833333333333,0.06041666666666667,27.982137159266443,3.3284569191274698,0.004783736719895071,,0.08457860020532912,0.08457860020532912,11.823321709892666,11.823279862891836,4.184700082987547e-05,-0.1,1.5,342.0,0.07944975199643523,7.94,-7.44,7.44,0.13440860215053763,-10.0,-7.050406599241766,-7.050406599241766,-0.6292670127306167,-0.5,-1.1292670127306166,-0.866256017064624,-0.48,0.1372988719958812,-0.386256017064624,-7.725120341292479,-5.574089092938663,0.34704434832405484,0.5329232042310115,-5.329232042310115,1664.6284414765412,1646,-0.12187500000000004,-0.12187500000000004,5,0,bbox fill,False,,True,,1500,1559,1646,1499,2000,2000,1000,1000
449,589232055005981,8.979973378009163,commit_complete,tracking,0,127381,4228205371650,589232.034948841,0.020057140034623444,False,True,0.0,293,376,27,29,-0.0421875,-0.6270833333333333,0.06041666666666667,,3.3284569191274698,,duplicate frame,0.08457860020532912,0.08457860020532912,11.823321709892666,11.803264569858042,0.020057140034623444,-0.1,1.5,342.0,0.0994650450302288,7.94,-7.44,7.44,0.13440860215053763,-10.0,-7.04987174722865,-7.04987174722865,-0.6303340873167839,-0.5,-1.130334087316784,-0.8762636635815207,-0.48,0.15731416502967477,-0.39626366358152076,-7.925273271630415,-5.597883092974349,0.34704434832405484,0.5329232042310115,-5.329232042310115,1664.8523884069148,1646,-0.12187500000000004,-0.12187500000000004,5,0,bbox fill,False,,True,,1500,1559,1646,1499,2000,2000,1000,1000
450,589232074999167,8.999966564006172,commit_complete,tracking,0,127382,4228238337402,589232.068360946,0.006638220977038145,True,True,0.0,293,376,27,29,-0.0421875,-0.6270833333333333,0.06041666666666667,27.982137159266443,3.3313820861302763,0.00028347979250042954,,0.08525734772401967,0.08525734772401967,11.72919433568385,11.722556114706812,0.006638220977038145,0.0,1.5,342.0,0.009024912025779486,7.92,-7.42,7.42,0.1347708894878706,-10.0,-7.0490475411726115,-7.0490475411726115,-0.632967752714876,-0.5,-1.132967752714876,-0.8862602565800254,-0.44,0.019169075996614993,-0.4462602565800254,-8.925205131600508,-5.624649585912981,0.2529431915985818,0.4769272017045255,-4.769272017045255,1665.3191267345587,1646,-0.12187500000000004,-0.12187500000000004,5,0,bbox fill,False,,True,,1500,1559,1646,1499,2000,2000,1000,1000
451,589232095025239,9.019992636051029,commit_complete,tracking,0,127382,4228238337402,589232.068360946,0.02666429302189499,False,True,0.0,293,376,27,29,-0.0421875,-0.6270833333333333,0.06041666666666667,,3.3313820861302763,,duplicate frame,0.08525734772401967,0.08525734772401967,11.72919433568385,11.702530042661955,0.02666429302189499,0.0,1.5,342.0,0.029050984070636332,7.92,-7.42,7.42,0.1347708894878706,-10.0,-7.04850315700914,-7.04850315700914,-0.6340509251375683,-0.5,-1.1340509251375683,-0.8962732926024538,-0.44,0.03919514804147184,-0.4562732926024538,-9.125465852049077,-5.652061671402383,0.2529431915985818,0.4769272017045255,-4.769272017045255,1664.5467995404967,1645,-0.12187500000000004,-0.12187500000000004,5,0,bbox fill,False,,True,,1500,1559,1645,1499,2000,2000,1000,1000
452,589232115014922,9.03998231899459,commit_complete,tracking,0,127383,4228271703371,589232.101804794,0.013210127945058048,True,True,0.0,293,377,27,29,-0.0421875,-0.63125,0.06041666666666667,27.982137159266443,3.333299944740008,-0.0026670719147792177,,0.07887752704512509,0.07887752704512509,12.677882249375154,12.664672121430096,0.013210127945058048,0.0,1.5,342.0,0.049040667014196515,7.92,-7.42,7.42,0.1347708894878706,-10.0,-7.049553386015018,-7.049553386015018,-0.5858817290219853,-0.5,-1.0858817290219853,-0.9062681340742339,-0.44,0.05918483098503202,-0.4662681340742339,-9.325362681484679,-5.680023327902871,0.2529431915985818,0.4769272017045255,-4.769272017045255,1664.774658026433,1645,-0.12187500000000004,-0.12187500000000004,5,0,bbox fill,False,,True,,1500,1559,1645,1499,2000,2000,1000,1000
453,589232135038637,9.060006033978425,commit_complete,tracking,0,127383,4228271703371,589232.101804794,0.033233842928893864,False,True,0.0,293,377,27,29,-0.0421875,-0.63125,0.06041666666666667,,3.333299944740008,,duplicate frame,0.07887752704512509,0.07887752704512509,12.677882249375154,12.64464840644626,0.033233842928893864,0.0,1.5,342.0,0.06906438199803233,7.92,-7.42,7.42,0.1347708894878706,-10.0,-7.049092306343368,-7.049092306343368,-0.5868095151002596,-0.5,-1.0868095151002595,-0.9162799915661518,-0.44,0.07920854596886784,-0.4762799915661518,-9.525599831323037,-5.708634012313745,0.2529431915985818,0.4769272017045255,-4.769272017045255,1665.003505860682,1645,-0.12187500000000004,-0.12187500000000004,5,0,bbox fill,False,,True,,1500,1559,1645,1499,2000,2000,1000,1000
454,589232155021979,9.079989376012236,commit_complete,tracking,0,127384,4228304353383,589232.135290258,0.019731721025891602,True,True,0.0,292,377,27,29,-0.0453125,-0.63125,0.06041666666666667,27.982137159266443,3.334409998761137,-0.004374847331900966,,0.06842559520949332,0.06842559520949332,14.614414342153369,14.594682621127477,0.019731721025891602,0.0,1.5,342.0,0.08904772403184325,7.92,-7.42,7.42,0.1347708894878706,-10.0,-7.088057141858137,-7.088057141858137,-0.5084043409932532,-0.5,-1.0084043409932533,-0.9262716625830573,-0.44,0.09919188800267875,-0.48627166258305726,-9.725433251661146,-5.737786011177986,0.2529431915985818,0.4769272017045255,-4.769272017045255,1665.2324912798845,1645,-0.153125,-0.153125,5,0,bbox fill,False,,True,,1500,1559,1645,1499,2000,2000,1000,1000
455,589232175025697,9.099993093986996,commit_complete,tracking,0,127385,4228337665321,589232.168720673,0.006305024027824402,True,True,0.0,291,377,28,29,-0.046875,-0.63125,0.06041666666666667,28.495613697550013,3.3412659311507333,0.013052675277085868,,0.09966104421650192,0.09966104421650192,10.034010860127227,10.027705836099402,0.006305024027824402,0.0,1.5,342.0,0.018285410944372416,7.92,-7.42,7.42,0.1347708894878706,-10.0,-6.9729864849391205,-6.9729864849391205,-0.7399499069157225,-0.5,-1.2399499069157225,-0.9362735215704371,-0.44,0.11919560597743839,-0.4962735215704371,-9.925470431408742,-5.767567957869494,0.2529431915985818,0.4769272017045255,-4.769272017045255,1664.4623104063235,1644,-0.16875,-0.16875,5,0,bbox fill,False,,True,,1500,1558,1644,1499,2000,2000,1000,1000
456,589232195007013,9.11997441004496,commit_complete,tracking,0,127385,4228337665321,589232.168720673,0.02628634008578956,False,True,0.0,291,377,28,29,-0.046875,-0.63125,0.06041666666666667,,3.3412659311507333,,duplicate frame,0.09966104421650192,0.09966104421650192,10.034010860127227,10.007724520041437,0.02628634008578956,0.0,1.5,342.0,0.038266727002337575,7.92,-7.42,7.42,0.1347708894878706,-10.0,-6.972252276806357,-6.972252276806357,-0.7414272830093126,-0.5,-1.2414272830093127,-0.9462641795994197,-0.44,0.13917692203540355,-0.5062641795994196,-10.125283591988392,-5.797915431613701,0.2529431915985818,0.4769272017045255,-4.769272017045255,1664.6924710406474,1644,-0.16875,-0.16875,5,0,bbox fill,False,,True,,1500,1558,1644,1499,2000,2000,1000,1000
457,589232215027305,9.139994701952673,commit_complete,tracking,0,127386,4228370601668,589232.202141083,0.01288622198626399,True,True,0.0,291,377,27,29,-0.0484375,-0.63125,0.06041666666666667,27.982137159266443,3.3400360404700193,-0.01303029611479678,,0.06846981439741925,0.06846981439741925,14.604976058437975,14.592089836451711,0.01288622198626399,0.0,1.5,342.0,0.05828701891005039,7.89,-7.39,7.39,0.13531799729364005,-10.0,-7.090029708095756,-7.072353736344921,-0.5064387680467427,-0.5,-1.0064387680467428,-0.9562743255532761,-0.4,0.017888941918499768,-0.556274325553276,-11.125486511065521,-5.831325754748729,0.2830690618949171,0.43815557374260383,-4.381555737426038,1665.3383680032402,1644,-0.184375,-0.184375,5,0,bbox fill,False,,True,,1500,1559,1644,1499,2000,2000,1000,1000
458,589232235055682,9.160023079020903,commit_complete,tracking,0,127386,4228370601668,589232.202141083,0.03291459905449301,False,True,0.0,291,377,27,29,-0.0484375,-0.63125,0.06041666666666667,,3.3400360404700193,,duplicate frame,0.06846981439741925,0.06846981439741925,14.604976058437975,14.572061459383482,0.03291459905449301,0.0,1.5,342.0,0.07831539597827941,7.89,-7.39,7.39,0.13531799729364005,-10.0,-7.089682380492784,-7.089682380492784,-0.507134836110735,-0.5,-1.007134836110735,-0.9662885140873906,-0.4,0.03791731898672879,-0.5662885140873906,-11.325770281747811,-5.865351274417377,0.2830690618949171,0.43815557374260383,-4.381555737426038,1665.5726772935911,1644,-0.184375,-0.184375,5,0,bbox fill,False,,True,,1500,1559,1644,1499,2000,2000,1000,1000
459,589232255015771,9.179983168025501,commit_complete,tracking,0,127387,4228403527174,589232.235564761,0.019451010040938854,True,True,0.0,290,377,27,29,-0.0515625,-0.63125,0.06041666666666667,27.982137159266443,3.3385591815736513,-0.01075820550499973,,0.04271991218939332,0.04271991218939332,23.408287815916538,23.3888368058756,0.019451010040938854,0.0,1.5,342.0,0.007466988987289369,7.89,-7.39,7.39,0.13531799729364005,-10.0,-7.185074431395637,-7.185074431395637,-0.31596269884372913,-0.5,-0.8159626988437292,-0.9563084695850913,-0.4,0.057877407991327345,-0.5563084695850913,-11.126169391701826,-5.898663174118169,0.2830690618949171,0.43815557374260383,-4.381555737426038,1665.406388303246,1644,-0.21562499999999998,-0.21562499999999998,5,0,bbox fill,False,,True,,1500,1560,1644,1498,2000,2000,1000,1000
460,589232275065699,9.200033096014522,commit_complete,tracking,0,127388,4228436667983,589232.269085236,0.005980463000014424,True,True,0.0,289,377,28,29,-0.053125,-0.63125,0.06041666666666667,28.495613697550013,3.343406822188554,0.009758996757361693,,0.06601074383457385,0.06601074383457385,15.149049107915658,15.143068644915644,0.005980463000014424,0.0,1.5,342.0,0.027516916976310313,7.89,-7.39,7.39,0.13531799729364005,-10.0,-7.099224365220052,-7.099224365220052,-0.4880120518030688,-0.5,-0.9880120518030688,-0.9663334335796018,-0.4,0.07792733598034829,-0.5663334335796018,-11.326668671592035,-5.932728007801307,0.2830690618949171,0.43815557374260383,-4.381555737426038,1664.6409524168193,1643,-0.23125,-0.23125,5,0,bbox fill,False,,True,,1500,1559,1643,1498,2000,2000,1000,1000
461,589232295041583,9.220008980017155,commit_complete,tracking,0,127388,4228436667983,589232.269085236,0.025956347002647817,False,True,0.0,289,377,28,29,-0.053125,-0.63125,0.06041666666666667,,3.343406822188554,,duplicate frame,0.06601074383457385,0.06601074383457385,15.149049107915658,15.12309276091301,0.025956347002647817,0.0,1.5,342.0,0.047492800978943706,7.89,-7.39,7.39,0.13531799729364005,-10.0,-7.098902715239568,-7.098902715239568,-0.48865666017073683,-0.5,-0.9886566601707368,-0.9763213755809185,-0.4,0.09790321998298168,-0.5763213755809184,-11.526427511618369,-5.967265594641835,0.2830690618949171,0.43815557374260383,-4.381555737426038,1664.8752488436862,1643,-0.23125,-0.23125,5,0,bbox fill,False,,True,,1500,1559,1643,1498,2000,2000,1000,1000
462,589232315025802,9.239993199007586,commit_complete,tracking,0,127389,4228470466886,589232.302494763,0.012531038955785334,True,True,0.0,288,377,28,29,-0.05625,-0.63125,0.06041666666666667,28.495613697550013,3.3470604959759345,0.004137960161391785,,0.0759191993640948,0.0759191993640948,13.17189865509751,13.159367616141724,0.012531038955785334,0.0,1.5,342.0,0.06747701996937394,7.89,-7.39,7.39,0.13531799729364005,-10.0,-7.062516482365277,-7.062516482365277,-0.5615771377140628,-0.5,-1.0615771377140628,-0.9863134850761336,-0.4,0.11788743897341192,-0.5863134850761336,-11.726269701522671,-6.002416645890246,0.2830690618949171,0.43815557374260383,-4.381555737426038,1665.110242084839,1643,-0.2625,-0.2625,5,0,bbox fill,False,,True,,1500,1559,1643,1498,2000,2000,1000,1000
463,589232335049621,9.260017017950304,commit_complete,tracking,0,127389,4228470466886,589232.302494763,0.03255485789850354,False,True,0.0,288,377,28,29,-0.05625,-0.63125,0.06041666666666667,,3.3470604959759345,,duplicate frame,0.0759191993640948,0.0759191993640948,13.17189865509751,13.139343797199006,0.03255485789850354,0.0,1.5,342.0,0.08750083891209215,7.89,-7.39,7.39,0.13531799729364005,-10.0,-7.062089440706936,-7.062089440706936,-0.5624329581493538,-0.5,-1.062432958149354,-0.9963253945474927,-0.4,0.13791125791613013,-0.5963253945474927,-11.926507890949853,-6.038238781084338,0.2830690618949171,0.43815557374260383,-4.381555737426038,1665.3463024094601,1643,-0.2625,-0.2625,5,0,bbox fill,False,,True,,1500,1559,1643,1498,2000,2000,1000,1000
464,589232355004769,9.279972166055813,commit_complete,tracking,0,127390,4228503167146,589232.335939347,0.019065422005951405,True,True,0.0,287,377,28,29,-0.059375,-0.63125,0.06041666666666667,28.495613697550013,3.3496522878387798,0.00015058806470635844,,0.07627940851416845,0.07627940851416845,13.109697878874558,13.090632456868606,0.019065422005951405,0.0,1.5,342.0,0.10745598701760173,7.89,-7.39,7.39,0.13531799729364005,-10.0,-7.061045134635494,-7.061045134635494,-0.5645258183169366,-0.5,-1.0645258183169366,-1.0063029686002474,-0.4,0.1578664060216397,-0.6063029686002473,-12.126059372004947,-6.074535377690022,0.2830690618949171,0.43815557374260383,-4.381555737426038,1664.582150487121,1642,-0.29374999999999996,-0.29374999999999996,5,0,bbox fill,False,,True,,1500,1559,1642,1498,2000,2000,1000,1000
465,589232375031060,9.299998456961475,commit_complete,tracking,0,127391,4228536629062,589232.369339619,0.00569144100882113,True,True,0.0,287,376,27,30,-0.0609375,-0.6291666666666667,0.0625,28.460498941515414,3.350911019877064,-0.0036829169904950554,,0.0674581222654486,0.0674581222654486,14.82401179304972,14.8183203520409,0.00569144100882113,0.0,1.5,342.0,0.1274822779232636,7.85,-7.35,7.35,0.1360544217687075,-10.0,-7.10844852993269,-7.10844852993269,-0.496007632807567,-0.5,-0.996007632807567,-0.9962898231474164,-0.42,0.006542846909724176,-0.5762898231474165,-11.52579646294833,-6.10915822062299,-0.11672026557331869,0.3271804058794193,-3.271804058794193,1664.9067587423656,1644,-0.309375,-0.309375,5,0,bbox fill,False,,True,,1500,1559,1644,1498,2000,2000,1000,1000
466,589232395047007,9.320014404016547,commit_complete,tracking,0,127391,4228536629062,589232.369339619,0.025707388063892722,False,True,0.0,287,376,27,30,-0.0609375,-0.6291666666666667,0.0625,,3.350911019877064,,duplicate frame,0.0674581222654486,0.0674581222654486,14.82401179304972,14.798304404985828,0.025707388063892722,0.0,1.5,342.0,0.1474982249783352,7.85,-7.35,7.35,0.1360544217687075,-10.0,-7.108110041390466,-7.108110041390466,-0.4966785247047389,-0.5,-0.9966785247047389,-0.9966785247047389,-0.42,0.026558793964795768,-0.576678524704739,-11.53357049409478,-6.143786521077851,-0.11672026557331869,0.3271804058794193,-3.271804058794193,1664.949161073967,1644,-0.309375,-0.309375,5,0,bbox fill,False,,True,,1500,1559,1644,1498,2000,2000,1000,1000
467,589232415034125,9.340001521981321,commit_complete,tracking,0,127392,4228569028487,589232.402857482,0.01217664300929755,True,True,0.0,286,377,27,29,-0.0640625,-0.63125,0.06041666666666667,27.982137159266443,3.3456100685845462,-0.02160572398329963,,0.015889860957586675,0.015889860957586675,30.0,29.987823356990702,0.01217664300929755,0.0,1.5,342.0,0.016248459927737713,7.85,-7.35,7.35,0.1360544217687075,-10.0,-7.222484102934965,-7.208045631214338,-0.245099482963527,-0.5,-0.745099482963527,-0.9866849657223518,-0.42,0.04654591192957014,-0.5666849657223518,-11.333699314447037,-6.177765718854121,-0.11672026557331869,0.3271804058794193,-3.271804058794193,1664.7832690920955,1644,-0.34062499999999996,-0.34062499999999996,5,0,bbox fill,False,,True,,1500,1560,1644,1497,2000,2000,1000,1000
468,589232435018649,9.359986045979895,commit_complete,tracking,0,127392,4228569028487,589232.402857482,0.03216116700787097,False,True,0.0,286,377,27,29,-0.0640625,-0.63125,0.06041666666666667,,3.3456100685845462,,duplicate frame,0.015889860957586675,0.015889860957586675,30.0,29.96783883299213,0.03216116700787097,0.0,1.5,342.0,0.036232983926311135,7.85,-7.35,7.35,0.1360544217687075,-10.0,-7.222402100741564,-7.222402100741564,-0.24526293140325667,-0.5,-0.7452629314032566,-0.976692703723065,-0.42,0.06653043592814356,-0.5566927037230651,-11.133854074461302,-6.211141434946274,-0.11672026557331869,0.3271804058794193,-3.271804058794193,1665.6167995682017,1645,-0.34062499999999996,-0.34062499999999996,5,0,bbox fill,False,,True,,1500,1560,1645,1497,2000,2000,1000,1000
469,589232455058285,9.380025682039559,commit_complete,tracking,0,127393,4228602032011,589232.436227326,0.018830958986654878,True,True,0.0,285,376,28,30,-0.065625,-0.6291666666666667,0.0625,28.982753492378876,3.353336533070197,0.020560635151511963,,0.06518139519832941,0.06518139519832941,15.34180109151192,15.322970132525265,0.018830958986654878,0.0,1.5,342.0,0.056272619985975325,7.85,-7.35,7.35,0.1360544217687075,-10.0,-7.116690421929317,-7.116690421929317,-0.4796720176591965,-0.5,-0.9796720176591964,-0.9796720176591964,-0.42,0.08657007198780775,-0.5596720176591965,-11.19344035318393,-6.244788305586279,-0.11672026557331869,0.3271804058794193,-3.271804058794193,1664.7100327175644,1644,-0.35625000000000007,-0.35625000000000007,5,0,bbox fill,False,,True,,1500,1559,1644,1497,2000,2000,1000,1000
470,589232475025740,9.399993136990815,commit_complete,tracking,0,127394,4228635350783,589232.469701892,0.0053238479886204,True,True,0.0,284,376,28,30,-0.06875,-0.6291666666666667,0.0625,28.982753492378876,3.3594323248601174,0.011182493936249482,,0.09190614844098965,0.09190614844098965,10.880664862613319,10.875341014624698,0.0053238479886204,0.0,1.5,342.0,0.07624007493723184,7.85,-7.35,7.35,0.1360544217687075,-10.0,-7.017716337985469,-7.017716337985469,-0.6758408761726212,-0.5,-1.1758408761726211,-0.9896557451348247,-0.42,0.10653752693906426,-0.5696557451348248,-11.393114902696496,-6.278912031872391,-0.11672026557331869,0.3271804058794193,-3.271804058794193,1664.943830993363,1644,-0.38750000000000007,-0.38750000000000007,5,0,bbox fill,False,,True,,1500,1558,1644,1497,2000,2000,1000,1000
471,589232495038996,9.420006392989308,commit_complete,tracking,0,127394,4228635350783,589232.469701892,0.02533710398711264,False,True,0.0,284,376,28,30,-0.06875,-0.6291666666666667,0.0625,,3.3594323248601174,,duplicate frame,0.09190614844098965,0.09190614844098965,10.880664862613319,10.855327758626206,0.02533710398711264,0.0,1.5,342.0,0.09625333093572408,7.85,-7.35,7.35,0.1360544217687075,-10.0,-7.017087685421846,-7.017087685421846,-0.6770868796807455,-0.5,-1.1770868796807457,-0.9996623731340708,-0.42,0.1265507829375565,-0.5796623731340709,-11.593247462681418,-6.3137148262710685,-0.11672026557331869,0.3271804058794193,-3.271804058794193,1665.1787663477467,1644,-0.38750000000000007,-0.38750000000000007,5,0,bbox fill,False,,True,,1500,1558,1644,1497,2000,2000,1000,1000
472,589232515049263,9.440016660024412,commit_complete,tracking,0,127395,4228668742604,589232.503144598,0.011904665036126971,True,True,0.0,283,376,28,30,-0.071875,-0.6291666666666667,0.0625,28.982753492378876,3.363974175926021,0.004195030757936369,,0.10194129514157359,0.10194129514157359,9.809567345708373,9.797662680672246,0.011904665036126971,0.1,1.5,343.0,0.015409142011776567,7.85,-7.35,7.35,0.1360544217687075,-10.0,-6.980210182514147,-6.980210182514147,-0.7501789191517353,-0.5,-1.2501789191517352,-1.009667506651623,-0.42,0.14656104997266084,-0.589667506651623,-11.793350133032462,-6.349113039081138,-0.11672026557331869,0.3271804058794193,-3.271804058794193,1665.4142672309079,1644,-0.41874999999999996,-0.41874999999999996,5,0,bbox fill,False,,True,,1500,1558,1644,1497,2000,2000,1000,1000
473,589232535040629,9.46000802598428,commit_complete,tracking,0,127395,4228668742604,589232.503144598,0.031896030995994806,False,True,0.0,283,376,28,30,-0.071875,-0.6291666666666667,0.0625,,3.363974175926021,,duplicate frame,0.10194129514157359,0.10194129514157359,9.809567345708373,9.777671314712379,0.031896030995994806,0.1,1.5,343.0,0.0354005079716444,7.82,-7.32,7.32,0.13661202185792348,-10.0,-6.9815040878757495,-6.9815040878757495,-0.7486445150785196,-0.5,-1.2486445150785195,-1.0196631896315569,-0.44,0.0051216320134699345,-0.5796631896315569,-11.593263792631138,-6.383877815953304,-0.12389210728251188,0.2369659032470331,-2.369659032470331,1665.3468006410549,1645,-0.41874999999999996,-0.41874999999999996,5,0,bbox fill,False,,True,,1500,1558,1645,1497,2000,2000,1000,1000
474,589232554995928,9.479963324964046,commit_complete,tracking,0,127396,4228702144601,589232.536538846,0.018457081983797252,True,True,0.0,283,376,28,30,-0.071875,-0.6291666666666667,0.0625,28.982753492378876,3.3671413098023284,-0.0006774828979212444,,0.10031830210855959,0.10031830210855959,9.968270783907892,9.949813701924095,0.018457081983797252,0.1,1.5,343.0,0.05535580695141107,7.82,-7.32,7.32,0.13661202185792348,-10.0,-6.9880657853445705,-6.9880657853445705,-0.7356921666366938,-0.5,-1.2356921666366938,-1.0296408391214402,-0.44,0.0250769309932366,-0.5896408391214403,-11.792816782428805,-6.41917719365935,-0.12389210728251188,0.2369659032470331,-2.369659032470331,1664.5816530085585,1644,-0.41874999999999996,-0.41874999999999996,5,0,bbox fill,False,,True,,1500,1558,1644,1497,2000,2000,1000,1000
475,589232575033951,9.500001347973011,commit_complete,tracking,0,127397,4228734920538,589232.570038462,0.004995488910935819,True,True,0.0,282,376,28,30,-0.075,-0.6291666666666667,0.0625,28.982753492378876,3.3691715884373528,-0.0038009884902661106,,0.09124121064343524,0.09124121064343524,10.95995979172104,10.954964302810104,0.004995488910935819,0.1,1.5,343.0,0.07539382996037602,7.82,-7.32,7.32,0.13661202185792348,-10.0,-7.022262468588551,-7.022262468588551,-0.6681902193074528,-0.5,-1.1681902193074527,-1.0396598506259227,-0.44,0.04511495400220156,-0.5996598506259228,-11.993197012518454,-6.455225187312535,-0.12389210728251188,0.2369659032470331,-2.369659032470331,1664.8180812323012,1644,-0.44999999999999996,-0.44999999999999996,5,0,bbox fill,False,,True,,1500,1559,1644,1497,2000,2000,1000,1000
476,589232595053578,9.520020975032821,commit_complete,tracking,0,127397,4228734920538,589232.570038462,0.025015115970745683,False,True,0.0,282,376,28,30,-0.075,-0.6291666666666667,0.0625,,3.3691715884373528,,duplicate frame,0.09124121064343524,0.09124121064343524,10.95995979172104,10.934944675750295,0.025015115970745683,0.1,1.5,343.0,0.09541345702018589,7.82,-7.32,7.32,0.13661202185792348,-10.0,-7.021642731923241,-7.021642731923241,-0.6694135377047752,-0.5,-1.1694135377047752,-1.0496696641558276,-0.44,0.06513458106201142,-0.6096696641558277,-12.193393283116553,-6.491841265230772,-0.12389210728251188,0.2369659032470331,-2.369659032470331,1665.0548935808176,1644,-0.44999999999999996,-0.44999999999999996,5,0,bbox fill,False,,True,,1500,1559,1644,1497,2000,2000,1000,1000
477,589232615024396,9.539991792989895,commit_complete,tracking,0,127398,4228769475229,589232.603468544,0.011555852019228041,True,True,0.0,282,376,28,30,-0.075,-0.6291666666666667,0.0625,28.982753492378876,3.370289494300229,-0.005520843663922026,,0.07802953218205942,0.07802953218205942,12.815660584338609,12.80410473231938,0.011555852019228041,0.1,1.5,343.0,0.11538427497725934,7.82,-7.32,7.32,0.13661202185792348,-10.0,-7.0711489155855745,-7.0711489155855745,-0.5716916686508569,-0.5,-1.0716916686508569,-1.0596550731343644,-0.44,0.08510539901908487,-0.6196550731343644,-12.393101462687287,-6.528966321216003,-0.12389210728251188,0.2369659032470331,-2.369659032470331,1665.2917268163735,1644,-0.44999999999999996,-0.44999999999999996,5,0,bbox fill,False,,True,,1500,1559,1644,1497,2000,2000,1000,1000
478,589232635032824,9.56000022101216,commit_complete,tracking,0,127398,4228769475229,589232.603468544,0.031564280041493475,False,True,0.0,282,376,28,30,-0.075,-0.6291666666666667,0.0625,,3.370289494300229,,duplicate frame,0.07802953218205942,0.07802953218205942,12.815660584338609,12.784096304297115,0.031564280041493475,0.1,1.5,343.0,0.13539270299952477,7.82,-7.32,7.32,0.13661202185792348,-10.0,-7.070695629400857,-7.070695629400857,-0.5725864250208699,-0.5,-1.0725864250208699,-1.069659287145497,-0.44,0.1051138270413503,-0.6296592871454971,-12.593185742909942,-6.566761798792208,-0.12389210728251188,0.2369659032470331,-2.369659032470331,1665.5296065741725,1644,-0.44999999999999996,-0.44999999999999996,5,0,bbox fill,False,,True,,1500,1559,1644,1497,2000,2000,1000,1000
479,589232654994168,9.579961564973928,commit_complete,tracking,0,127399,4228802637775,589232.636930332,0.018063835916109383,True,True,0.0,281,376,29,30,-0.0765625,-0.6291666666666667,0.0625,29.49576240750525,3.3768716383194293,0.011346103853670186,,0.1051556470785354,0.1051556470785354,9.509712771327923,9.491648935411813,0.018063835916109383,0.0,1.5,343.0,0.014136994956061244,7.82,-7.32,7.32,0.13661202185792348,-10.0,-6.970075260336476,-6.970075260336476,-0.7712042501582901,-0.5,-1.27120425015829,-1.079639959126381,-0.44,0.12507517100311816,-0.639639959126381,-12.79279918252762,-6.605066018499646,-0.12389210728251188,0.2369659032470331,-2.369659032470331,1664.7675242334976,1643,-0.46562500000000007,-0.46562500000000007,5,0,bbox fill,False,,True,,1500,1558,1643,1497,2000,2000,1000,1000
480,589232675011698,9.599979095044546,commit_complete,tracking,0,127400,4228833965770,589232.670393067,0.004618631093762815,True,True,0.0,281,376,28,30,-0.078125,-0.6291666666666667,0.0625,28.982753492378876,3.3755991130806136,-0.013689487941436873,,0.07242792656142938,0.07242792656142938,13.80682904337811,13.802210412284348,0.004618631093762815,0.0,1.5,343.0,0.03415452502667904,7.79,-7.29,7.29,0.13717421124828533,-10.0,-7.094177595198111,-7.070162910689565,-0.5281762690352626,-0.5,-1.0281762690352627,-1.069631194091072,-0.47,0.003883850062265992,-0.5996311940910721,-11.992623881821443,-6.641075424876641,-0.2124512718934535,0.14708246821893578,-1.4708246821893578,1665.1045239888874,1645,-0.48125,-0.48125,5,0,bbox fill,False,,True,,1500,1559,1645,1496,2000,2000,1000,1000
481,589232695038376,9.620005773031153,commit_complete,tracking,0,127400,4228833965770,589232.670393067,0.02464530908036977,False,True,0.0,281,376,28,30,-0.078125,-0.6291666666666667,0.0625,,3.3755991130806136,,duplicate frame,0.07242792656142938,0.07242792656142938,13.80682904337811,13.78218373429774,0.02464530908036977,0.0,1.5,343.0,0.054181203013285995,7.79,-7.29,7.29,0.13717421124828533,-10.0,-7.093787185137606,-7.093787185137606,-0.5289437538013968,-0.5,-1.0289437538013968,-1.0596178550977686,-0.47,0.023910528048872948,-0.5896178550977687,-11.792357101955373,-6.676499685634232,-0.2124512718934535,0.14708246821893578,-1.4708246821893578,1664.9396814697789,1645,-0.48125,-0.48125,5,0,bbox fill,False,,True,,1500,1559,1645,1496,2000,2000,1000,1000
482,589232715026182,9.63999357901048,commit_complete,tracking,0,127401,4228868653942,589232.703840295,0.011185887036845088,True,True,0.0,281,376,28,30,-0.078125,-0.6291666666666667,0.0625,28.982753492378876,3.374059388267636,-0.011320680536856198,,0.04535081146149478,0.04535081146149478,22.050322095097517,22.039136208060672,0.011185887036845088,0.0,1.5,343.0,0.07416900899261236,7.79,-7.29,7.29,0.13717421124828533,-10.0,-7.194593083768959,-7.193726215034238,-0.33077521419980743,-0.5,-0.8307752141998075,-1.0496239521081054,-0.47,0.043898334028199315,-0.5796239521081055,-11.59247904216211,-6.711255918921354,-0.2124512718934535,0.14708246821893578,-1.4708246821893578,1664.7745596432728,1645,-0.48125,-0.48125,5,0,bbox fill,False,,True,,1500,1560,1645,1496,2000,2000,1000,1000
483,589232735031973,9.659999369992875,commit_complete,tracking,0,127401,4228868653942,589232.703840295,0.0311916780192405,False,True,0.0,281,376,28,30,-0.078125,-0.6291666666666667,0.0625,,3.374059388267636,,duplicate frame,0.04535081146149478,0.04535081146149478,22.050322095097517,22.019130417078276,0.0311916780192405,0.0,1.5,343.0,0.09417479997500777,7.79,-7.29,7.29,0.13717421124828533,-10.0,-7.194440207611126,-7.194440207611126,-0.33107574467817297,-0.5,-0.8310757446781729,-1.0396210566169077,-0.47,0.06390412501059473,-0.5696210566169078,-11.392421132338155,-6.745443078314901,-0.2124512718934535,0.14708246821893578,-1.4708246821893578,1665.6086888928423,1646,-0.48125,-0.48125,5,0,bbox fill,False,,True,,1500,1560,1646,1496,2000,2000,1000,1000
484,589232755023210,9.679990606964566,commit_complete,tracking,0,127402,4228902050172,589232.737335524,0.017687685904093087,True,True,0.0,281,376,28,30,-0.078125,-0.6291666666666667,0.0625,28.982753492378876,3.3724713067279666,-0.008877478168133557,,0.024147843969932106,0.024147843969932106,30.0,29.982312314095907,0.017687685904093087,0.1,1.5,343.0,0.0032829289557412267,7.79,-7.29,7.29,0.13717421124828533,-10.0,-7.2391703327898345,-7.2391703327898345,-0.24314335477629836,-0.5,-0.7431433547762983,-1.029625438131062,-0.47,0.08389536198228598,-0.5596254381310621,-11.192508762621243,-6.779005892562095,-0.2124512718934535,0.14708246821893578,-1.4708246821893578,1665.4423393373727,1646,-0.48125,-0.48125,5,0,bbox fill,False,,True,,1500,1560,1646,1496,2000,2000,1000,1000
485,589232774996582,9.699963978957385,commit_complete,tracking,0,127403,4228935127925,589232.770794676,0.004201905918307602,True,True,0.0,281,376,29,30,-0.0765625,-0.6291666666666667,0.0625,29.49576240750525,3.377117839559563,0.010967332715002609,,0.05037046365142478,0.05037046365142478,19.85290441081167,19.848702504893364,0.004201905918307602,0.1,1.5,343.0,0.023256300948560238,7.79,-7.29,7.29,0.13717421124828533,-10.0,-7.17602435440206,-7.17602435440206,-0.3672784152114111,-0.5,-0.867278415211411,-1.0196387521346526,-0.47,0.10386873397510499,-0.5496387521346526,-10.992775042693053,-6.811940310336258,-0.2124512718934535,0.14708246821893578,-1.4708246821893578,1665.2755400352187,1646,-0.46562500000000007,-0.46562500000000007,5,0,bbox fill,False,,True,,1500,1560,1646,1497,2000,2000,1000,1000
486,589232795040620,9.720008017029613,commit_complete,tracking,0,127403,4228935127925,589232.770794676,0.024245943990536034,False,True,0.0,281,376,29,30,-0.0765625,-0.6291666666666667,0.0625,,3.377117839559563,,duplicate frame,0.05037046365142478,0.05037046365142478,19.85290441081167,19.828658466821135,0.024245943990536034,0.1,1.5,343.0,0.04330033902078867,7.79,-7.29,7.29,0.13717421124828533,-10.0,-7.175835495035399,-7.175835495035399,-0.36764968301805184,-0.5,-0.8676496830180518,-1.0096167330985384,-0.47,0.12391277204733342,-0.5396167330985384,-10.792334661970768,-6.844388605364173,-0.2124512718934535,0.14708246821893578,-1.4708246821893578,1665.1075479495244,1646,-0.46562500000000007,-0.46562500000000007,5,0,bbox fill,False,,True,,1500,1560,1646,1497,2000,2000,1000,1000
487,589232815017346,9.739984742947854,commit_complete,tracking,0,127404,4228968561222,589232.804158275,0.010859070927836001,True,True,0.0,282,376,28,30,-0.075,-0.6291666666666667,0.0625,28.982753492378876,3.3745642777525915,-0.012097433590633422,,0.02136296095953799,0.02136296095953799,30.0,29.989140929072164,0.010859070927836001,0.1,1.5,343.0,0.06327706493902951,7.79,-7.29,7.29,0.13717421124828533,-10.0,-7.239198496005592,-7.239198496005592,-0.24308799032428788,-0.5,-0.7430879903242879,-0.999628370139418,-0.47,0.14388949796557426,-0.529628370139418,-10.59256740278836,-6.876129327730573,-0.2124512718934535,0.14708246821893578,-1.4708246821893578,1664.9395214127082,1646,-0.44999999999999996,-0.44999999999999996,5,0,bbox fill,False,,True,,1500,1560,1646,1497,2000,2000,1000,1000
488,589232835007333,9.759974729968235,commit_complete,tracking,0,127404,4228968561222,589232.804158275,0.030849057948216796,False,True,0.0,282,376,28,30,-0.075,-0.6291666666666667,0.0625,,3.3745642777525915,,duplicate frame,0.02136296095953799,0.02136296095953799,30.0,29.969150942051783,0.030849057948216796,0.1,1.5,343.0,0.08326705195941031,7.79,-7.29,7.29,0.13717421124828533,-10.0,-7.239116015215422,-7.239116015215422,-0.24325013458325567,-0.5,-0.7432501345832556,-0.9896333766292276,-0.47,0.16387948498595506,-0.5196333766292276,-10.392667532584552,-6.907291721093098,-0.2124512718934535,0.14708246821893578,-1.4708246821893578,1665.770783935867,1647,-0.44999999999999996,-0.44999999999999996,5,0,bbox fill,False,,True,,1500,1560,1647,1497,2000,2000,1000,1000
489,589232854994000,9.779961397056468,commit_complete,tracking,0,127405,4229001721203,589232.83753033,0.01746366999577731,True,True,0.0,282,376,28,30,-0.075,-0.6291666666666667,0.0625,28.982753492378876,3.372275513451555,-0.008576257742885396,,0.0008038249220766527,0.0008038249220766527,30.0,29.982536330004223,0.01746366999577731,0.1,1.5,343.0,0.10325371904764324,7.71,-7.21,7.21,0.13869625520110956,-10.0,-7.244815503225877,-7.244815503225877,-0.24047331822240753,-0.5,-0.7404733182224075,-0.9796400430851111,-0.58,0.01260530308354646,-0.39964004308511114,-7.992800861702223,-6.931254138581905,-0.6422950758933286,-0.010793040603517101,0.10793040603517101,1664.816124594249,1650,-0.44999999999999996,-0.44999999999999996,5,0,bbox fill,False,,True,,1500,1560,1650,1497,2000,2000,1000,1000
490,589232874997625,9.799965022015385,commit_complete,tracking,0,127406,4229035033879,589232.871040418,0.00395720696542412,True,True,0.0,282,375,29,30,-0.0734375,-0.625,0.0625,29.49576240750525,3.3764829043405347,0.011944156128892658,,0.029318596074493695,0.029318596074493695,30.0,29.996042793034576,0.00395720696542412,0.0,1.5,343.0,0.012371439021080732,7.71,-7.21,7.21,0.13869625520110956,-10.0,-7.27009446646659,-7.27009446646659,-0.24036503914023769,-0.5,-0.7403650391402377,-0.9696382306056524,-0.58,0.03260892804246396,-0.3896382306056524,-7.792764612113048,-6.95463666968598,-0.6422950758933286,-0.010793040603517101,0.10793040603517101,1665.639470875764,1651,-0.43437500000000007,-0.43437500000000007,5,0,bbox fill,False,,True,,1500,1561,1651,1497,2000,2000,1000,1000
491,589232895019735,9.81998713198118,commit_complete,tracking,0,127406,4229035033879,589232.871040418,0.02397931693121791,False,True,0.0,282,375,29,30,-0.0734375,-0.625,0.0625,,3.3764829043405347,,duplicate frame,0.029318596074493695,0.029318596074493695,30.0,29.976020683068782,0.02397931693121791,0.0,1.5,343.0,0.03239354898687452,7.71,-7.21,7.21,0.13869625520110956,-10.0,-7.2700109632575565,-7.2700109632575565,-0.24052558797680545,-0.5,-0.7405255879768055,-0.9596271756227555,-0.58,0.05263103800825775,-0.3796271756227555,-7.59254351245511,-6.977439480854948,-0.6422950758933286,-0.010793040603517101,0.10793040603517101,1665.462052587275,1651,-0.43437500000000007,-0.43437500000000007,5,0,bbox fill,False,,True,,1500,1561,1651,1497,2000,2000,1000,1000
492,589232915025989,9.83999338594731,commit_complete,tracking,0,127407,4229068423975,589232.904481687,0.010544301941990852,True,True,0.0,283,375,28,30,-0.071875,-0.625,0.0625,28.982753492378876,3.373696512079754,-0.010762409478575652,,0.003572181982509335,0.003572181982509335,30.0,29.98945569805801,0.010544301941990852,0.0,1.5,343.0,0.05239980295300484,7.71,-7.21,7.21,0.13869625520110956,-10.0,-7.27006700696532,-7.27006700696532,-0.24041783460801155,-0.5,-0.7404178346080116,-0.9496240486396903,-0.58,0.07263729197438806,-0.36962404863969034,-7.392480972793807,-6.999623858622173,-0.6422950758933286,-0.010793040603517101,0.10793040603517101,1665.2841744253808,1651,-0.41874999999999996,-0.41874999999999996,5,0,bbox fill,False,,True,,1500,1561,1651,1497,2000,2000,1000,1000
493,589232935025595,9.859992992016487,commit_complete,tracking,0,127407,4229068423975,589232.904481687,0.03054390801116824,False,True,0.0,283,375,28,30,-0.071875,-0.625,0.0625,,3.373696512079754,,duplicate frame,0.003572181982509335,0.003572181982509335,30.0,29.96945609198883,0.03054390801116824,0.0,1.5,343.0,0.07239940902218223,7.71,-7.21,7.21,0.13869625520110956,-10.0,-7.269983561015069,-7.269983561015069,-0.24057827335502804,-0.5,-0.740578273355028,-0.9396242456051016,-0.58,0.09263689804356545,-0.35962424560510164,-7.192484912102033,-7.021200888357255,-0.6422950758933286,-0.010793040603517101,0.10793040603517101,1665.105755394424,1651,-0.41874999999999996,-0.41874999999999996,5,0,bbox fill,False,,True,,1500,1561,1651,1497,2000,2000,1000,1000
494,589232955008747,9.879976144060493,commit_complete,tracking,0,127408,4229101641813,589232.937881006,0.01712774101179093,True,True,0.0,283,375,29,30,-0.0703125,-0.625,0.0625,29.49576240750525,3.377466595380065,0.01043078529884589,,0.028556608246523035,0.028556608246523035,30.0,29.98287225898821,0.01712774101179093,0.0,1.5,343.0,0.09238256106618792,7.71,-7.21,7.21,0.13869625520110956,-10.0,-7.27003955064896,-7.27003955064896,-0.2404706239522666,-0.5,-0.7404706239522666,-0.9296326695830988,-0.58,0.11262005008757114,-0.3496326695830988,-6.992653391661976,-7.042161176744747,-0.6422950758933286,-0.010793040603517101,0.10793040603517101,1664.9268841623716,1651,-0.403125,-0.403125,5,0,bbox fill,False,,True,,1500,1561,1651,1497,2000,2000,1000,1000
495,589232975023907,9.899991304031573,commit_complete,tracking,0,127409,4229133789108,589232.97138239,0.003641517017967999,True,True,0.0,284,374,29,31,-0.0671875,-0.6229166666666667,0.06458333333333334,29.9833287011299,3.386199663863017,0.022218235958142873,,0.08161289029485608,0.08161289029485608,12.252966368267787,12.249324851249819,0.003641517017967999,0.0,1.5,343.0,0.11239772103726864,7.71,-7.21,7.21,0.13869625520110956,-10.0,-7.10057703338024,-7.10057703338024,-0.5886038689931838,-0.5,-1.0886038689931838,-0.9396402495686391,-0.58,0.13263521005865186,-0.35964024956863916,-7.192804991372784,-7.063755948126214,-0.6422950758933286,-0.010793040603517101,0.10793040603517101,1665.1486305334638,1651,-0.37187499999999996,-0.37187499999999996,5,0,bbox fill,False,,True,,1500,1559,1651,1497,2000,2000,1000,1000
496,589232995021879,9.919989275978878,commit_complete,tracking,0,127409,4229133789108,589232.97138239,0.023639488965272903,False,True,0.0,284,374,29,31,-0.0671875,-0.6229166666666667,0.06458333333333334,,3.386199663863017,,duplicate frame,0.08161289029485608,0.08161289029485608,12.252966368267787,12.229326879302514,0.023639488965272903,0.0,1.5,343.0,0.13239569298457354,7.71,-7.21,7.21,0.13869625520110956,-10.0,-7.100073638740701,-7.100073638740701,-0.5895663817934691,-0.5,-1.089566381793469,-0.9496392355422916,-0.58,0.15263318200595677,-0.3696392355422916,-7.392784710845833,-7.085932053315208,-0.6422950758933286,-0.010793040603517101,0.10793040603517101,1665.3707863581258,1651,-0.37187499999999996,-0.37187499999999996,5,0,bbox fill,False,,True,,1500,1559,1651,1497,2000,2000,1000,1000
497,589233015026304,9.939993701060303,commit_complete,tracking,0,127410,4229165040537,589233.004792678,0.010233626002445817,True,True,0.0,285,374,28,30,-0.065625,-0.6208333333333333,0.0625,28.982753492378876,3.3811474741948677,-0.02222542811721251,,0.028394724470544204,0.028394724470544204,30.0,29.989766373997554,0.010233626002445817,0.0,1.6,342.0,0.011424090014770627,7.71,-7.21,7.21,0.13869625520110956,-10.0,-7.2952912834825945,-7.200095764147823,-0.24041534402386633,-0.5,-0.7404153440238663,-0.9396370230015794,-0.58,0.17263760708738118,-0.3596370230015794,-7.1927404600315885,-7.107515048964633,-0.6422950758933286,-0.010793040603517101,0.10793040603517101,1665.1923251029611,1651,-0.35625000000000007,-0.35625000000000007,5,0,bbox fill,False,,True,,1500,1560,1651,1497,2000,2000,1000,1000
498,589233035018245,9.959985641995445,commit_complete,tracking,0,127410,4229165040537,589233.004792678,0.030225566937588155,False,True,0.0,285,374,28,30,-0.065625,-0.6208333333333333,0.0625,,3.3811474741948677,,duplicate frame,0.028394724470544204,0.028394724470544204,30.0,29.969774433062412,0.030225566937588155,0.0,1.6,342.0,0.031416030949912965,7.63,-7.13,7.13,0.1402524544179523,-10.0,-7.301107533159102,-7.300055468823535,-0.23790636182213776,-0.5,-0.7379063618221378,-0.9296410525340082,-0.76,0.00109771394636482,-0.16964105253400819,-3.3928210506801637,-7.117689410671939,-0.9397915540683788,-0.19659274329648946,1.9659274329648946,1665.5445830283873,1657,-0.35625000000000007,-0.35625000000000007,5,0,bbox fill,False,,True,,1500,1561,1657,1497,2000,2000,1000,1000
499,589233054994472,9.979961868957616,commit_complete,tracking,0,127411,4229196637621,589233.038232376,0.016762095969170332,True,True,0.0,286,374,28,30,-0.0625,-0.6208333333333333,0.0625,28.982753492378876,3.376708371454128,-0.015396039285305196,,-0.008438238117246415,0.0,30.0,29.98323790403083,0.016762095969170332,0.0,1.6,342.0,0.05139225791208446,7.63,-7.13,7.13,0.1402524544179523,-10.0,-7.301164343210716,-7.301164343210716,-0.23779953395365183,-0.5,-0.7377995339536518,-0.9196529390529224,-0.76,0.021073940908536315,-0.15965293905292244,-3.1930587810584488,-7.127257200709035,-0.9397915540683788,-0.19659274329648946,1.9659274329648946,1665.3543885488025,1657,-0.325,-0.325,5,0,bbox fill,False,,True,,1500,1561,1657,1498,2000,2000,1000,1000
500,589233074996137,9.999963533948176,commit_complete,tracking,0,127412,4229228660877,589233.071719988,0.003276148927398026,True,True,0.0,286,374,29,30,-0.0609375,-0.6208333333333333,0.0625,29.49576240750525,3.379163078794894,0.007820810814493484,,0.010245233984479248,0.010245233984479248,30.0,29.996723851072602,0.003276148927398026,0.0,1.6,342.0,0.07139392290264368,7.63,-7.13,7.13,0.1402524544179523,-10.0,-7.301221196977645,-7.301221196977645,-0.23769262388115928,-0.5,-0.7376926238811593,-0.9096521065576428,-0.76,0.041075605899095535,-0.14965210655764283,-2.9930421311528566,-7.136237074610528,-0.9397915540683788,-0.19659274329648946,1.9659274329648946,1665.1633517727985,1657,-0.309375,-0.309375,5,0,bbox fill,False,,True,,1500,1561,1657,1498,2000,2000,1000,1000
501,589233094984936,10.019952332950197,commit_complete,tracking,0,127412,4229228660877,589233.071719988,0.023264947929419577,False,True,0.0,286,374,29,30,-0.0609375,-0.6208333333333333,0.0625,,3.379163078794894,,duplicate frame,0.010245233984479248,0.010245233984479248,30.0,29.97673505207058,0.023264947929419577,0.0,1.6,342.0,0.0005502928979694843,7.63,-7.13,7.13,0.1402524544179523,-10.0,-7.3011369103462584,-7.3011369103462584,-0.23785111979723456,-0.5,-0.7378511197972346,-0.8996577070566321,-0.76,0.061064404901117086,-0.13965770705663205,-2.793154141132641,-7.1446118441168425,-0.9397915540683788,-0.19659274329648946,1.9659274329648946,1664.9718385522847,1657,-0.309375,-0.309375,5,0,bbox fill,False,,True,,1500,1561,1657,1498,2000,2000,1000,1000
502,589233115019173,10.039986570016481,commit_complete,tracking,0,127413,4229261939677,589233.105198033,0.00982113997451961,True,True,0.0,287,373,29,31,-0.0578125,-0.61875,0.06458333333333334,29.9833287011299,3.3869034760121948,0.021135448036331272,,0.06075104583330726,0.06075104583330726,16.46062197421039,16.45080083423587,0.00982113997451961,0.0,1.6,342.0,0.020584529964253306,7.63,-7.13,7.13,0.1402524544179523,-10.0,-7.209210846884491,-7.209210846884491,-0.43341355061339687,-0.5,-0.9334135506133969,-0.909674825589774,-0.76,0.08109864196740091,-0.14967482558977396,-2.9934965117954793,-7.153607706933003,-0.9397915540683788,-0.19659274329648946,1.9659274329648946,1665.1811767857637,1657,-0.27812500000000007,-0.27812500000000007,5,0,bbox fill,False,,True,,1500,1560,1657,1498,2000,2000,1000,1000
503,589233134994295,10.059961691964418,commit_complete,tracking,0,127413,4229261939677,589233.105198033,0.029796261922456324,False,True,0.0,287,373,29,31,-0.0578125,-0.61875,0.06458333333333334,,3.3869034760121948,,duplicate frame,0.06075104583330726,0.06075104583330726,16.46062197421039,16.430825712287934,0.029796261922456324,0.0,1.6,342.0,0.04055965191219002,7.63,-7.13,7.13,0.1402524544179523,-10.0,-7.208929104063802,-7.208929104063802,-0.43394045587543223,-0.5,-0.9339404558754323,-0.9196623865637423,-0.76,0.10107376391533762,-0.15966238656374232,-3.1932477312748464,-7.163175533859331,-0.9397915540683788,-0.19659274329648946,1.9659274329648946,1665.3904958321693,1657,-0.27812500000000007,-0.27812500000000007,5,0,bbox fill,False,,True,,1500,1560,1657,1498,2000,2000,1000,1000
504,589233155037043,10.080004440038465,commit_complete,tracking,0,127414,4229294804629,589233.138619285,0.01641775807365775,True,True,0.0,288,373,29,31,-0.0546875,-0.61875,0.06458333333333334,29.9833287011299,3.3930315348452513,0.011707665216243779,,0.0887755261688048,0.0887755261688048,11.264365790392738,11.24794803231908,0.01641775807365775,0.0,1.6,342.0,0.06060239998623729,7.63,-7.13,7.13,0.1402524544179523,-10.0,-7.10201176994333,-7.10201176994333,-0.6338933981125401,-0.5,-1.13389339811254,-0.929683760600766,-0.76,0.12111651198938489,-0.16968376060076595,-3.393675212015319,-7.173378320457265,-0.9397915540683788,-0.19659274329648946,1.9659274329648946,1665.6011260995076,1657,-0.246875,-0.246875,5,0,bbox fill,False,,True,,1500,1559,1657,1498,2000,2000,1000,1000
505,589233175028471,10.0999958680477,commit_complete,tracking,0,127415,4229327335786,589233.17221439,0.0028140810318291187,True,True,0.0,289,373,28,31,-0.053125,-0.61875,0.06458333333333334,29.46183972531247,3.391492622747917,-0.012918100642680841,,0.05801366220547817,0.05801366220547817,17.23731896907503,17.2345048880432,0.0028140810318291187,0.0,1.6,342.0,0.08059382799547166,7.63,-7.13,7.13,0.1402524544179523,-10.0,-7.219749281116485,-7.2019689099895015,-0.41370495098739896,-0.5,-0.9137049509873989,-0.9196880465961488,-0.76,0.14110793999861926,-0.15968804659614877,-3.1937609319229754,-7.182955496719651,-0.9397915540683788,-0.19659274329648946,1.9659274329648946,1665.4107889956776,1657,-0.23125,-0.23125,5,0,bbox fill,False,,True,,1500,1560,1657,1498,2000,2000,1000,1000
506,589233195051578,10.12001897499431,commit_complete,tracking,0,127415,4229327335786,589233.17221439,0.022837187978439033,False,True,0.0,289,373,28,31,-0.053125,-0.61875,0.06458333333333334,,3.391492622747917,,duplicate frame,0.05801366220547817,0.05801366220547817,17.23731896907503,17.21448178109659,0.022837187978439033,0.0,1.6,342.0,0.10061693494208157,7.53,-7.03,7.03,0.14224751066856328,-10.0,-7.227098127877104,-7.227098127877104,-0.40837709141611916,-0.5,-0.9083770914161191,-0.9096764931228438,-0.92,0.009899541968479753,0.010323506877156219,0.20647013754312438,-7.182335370672855,-1.057980610750377,-0.368870316787267,3.68870316787267,1665.287162065257,1662,-0.23125,-0.23125,5,0,bbox fill,False,,True,,1500,1560,1662,1498,2000,2000,1000,1000
507,589233214996081,10.139963477966376,commit_complete,tracking,0,127416,4229360253972,589233.205519665,0.00947641592938453,True,True,0.0,289,373,29,31,-0.0515625,-0.61875,0.06458333333333334,29.9833287011299,3.395950640452258,0.007216733513156992,,0.07534841415352345,0.07534841415352345,13.271679453830124,13.26220303790074,0.00947641592938453,0.0,1.6,342.0,0.12056143791414797,7.53,-7.03,7.03,0.14224751066856328,-10.0,-7.161097541642055,-7.161097541642055,-0.530077844526257,-0.5,-1.0300778445262568,-0.919648744608877,-0.92,0.029844044940546155,0.0003512553911230176,0.0070251078224603525,-7.182314353830279,-1.057980610750377,-0.368870316787267,3.68870316787267,1665.4865860781351,1662,-0.21562499999999998,-0.21562499999999998,5,0,bbox fill,False,,True,,1500,1560,1662,1498,2000,2000,1000,1000
508,589233235031898,10.159999295021407,commit_complete,tracking,0,127416,4229360253972,589233.205519665,0.029512232984416187,False,True,0.0,289,373,29,31,-0.0515625,-0.61875,0.06458333333333334,,3.395950640452258,,duplicate frame,0.07534841415352345,0.07534841415352345,13.271679453830124,13.242167220845708,0.029512232984416187,-0.1,1.5,342.0,0.01961576903704554,7.53,-7.03,7.03,0.14224751066856328,-10.0,-7.160662588803329,-7.160662588803329,-0.5308798690393695,-0.5,-1.0308798690393695,-0.9296666531363929,-0.92,0.04987986199557781,-0.009666653136392811,-0.19333306272785622,-7.182895391711605,-1.057980610750377,-0.368870316787267,3.68870316787267,1665.6875252865668,1662,-0.21562499999999998,-0.21562499999999998,5,0,bbox fill,False,,True,,1500,1560,1662,1498,2000,2000,1000,1000
509,589233255034579,10.18000197596848,commit_complete,tracking,0,127417,4229393277438,589233.238979113,0.01605546590872109,True,True,0.0,290,373,29,31,-0.0484375,-0.61875,0.06458333333333334,29.9833287011299,3.3992311729520304,0.002169760436584234,,0.0805362114778733,0.0805362114778733,12.416774785522934,12.400719319614213,0.01605546590872109,-0.1,1.5,342.0,0.03961844998411834,7.53,-7.03,7.03,0.14224751066856328,-10.0,-7.141126791597105,-7.141126791597105,-0.566902598051764,-0.5,-1.066902598051764,-0.9396679936099293,-0.92,0.06988254294265062,-0.019667993609929213,-0.39335987219858426,-7.1840756295147505,-1.057980610750377,-0.368870316787267,3.68870316787267,1664.8887323338406,1661,-0.184375,-0.184375,5,0,bbox fill,False,,True,,1500,1560,1661,1499,2000,2000,1000,1000
510,589233274996455,10.199963851948269,commit_complete,tracking,0,127418,4229426169541,589233.272428049,0.002568405936472118,True,True,0.0,291,373,29,31,-0.0453125,-0.61875,0.06458333333333334,29.9833287011299,3.4014757963280564,-0.001283506295763459,,0.07746644256778569,0.07746644256778569,12.908815312191043,12.906246906254571,0.002568405936472118,-0.1,1.5,342.0,0.059580325963906944,7.53,-7.03,7.03,0.14224751066856328,-10.0,-7.153169047875433,-7.153169047875433,-0.5446974671306769,-0.5,-1.044697467130677,-0.9496489315998236,-0.92,0.08984441892243922,-0.029648931599823514,-0.5929786319964703,-7.185851174401337,-1.057980610750377,-0.368870316787267,3.68870316787267,1665.0901266385251,1661,-0.153125,-0.153125,5,0,bbox fill,False,,True,,1500,1560,1661,1499,2000,2000,1000,1000
511,589233295015910,10.219983306946233,commit_complete,tracking,0,127418,4229426169541,589233.272428049,0.02258786093443632,False,True,0.0,291,373,29,31,-0.0453125,-0.61875,0.06458333333333334,,3.4014757963280564,,duplicate frame,0.07746644256778569,0.07746644256778569,12.908815312191043,12.886227451256607,0.02258786093443632,-0.1,1.5,342.0,0.07959978096187115,7.53,-7.03,7.03,0.14224751066856328,-10.0,-7.1527101285562065,-7.1527101285562065,-0.5455436842622599,-0.5,-1.0455436842622599,-0.9596586590988057,-0.92,0.10986387392040342,-0.039658659098805615,-0.7931731819761123,-7.188233008624662,-1.057980610750377,-0.368870316787267,3.68870316787267,1665.2927030227281,1661,-0.153125,-0.153125,5,0,bbox fill,False,,True,,1500,1560,1661,1499,2000,2000,1000,1000
512,589233314993927,10.239961324026808,commit_complete,tracking,0,127419,4229460094978,589233.306023947,0.008969980059191585,True,True,0.0,291,373,29,30,-0.0453125,-0.6166666666666667,0.0625,29.49576240750525,3.397137240206427,-0.019831745203249262,,0.030242236257053703,0.030242236257053703,30.0,29.99103001994081,0.008969980059191585,0.0,1.5,342.0,0.018929981044493616,7.53,-7.03,7.03,0.14224751066856328,-10.0,-7.334132796220931,-7.252600213959083,-0.23440341980004709,-0.5,-0.7344034198000471,-0.949669650558518,-0.92,0.12984189100097865,-0.029669650558518,-0.59339301117036,-7.19001123098156,-1.057980610750377,-0.368870316787267,3.68870316787267,1665.0947010742793,1661,-0.153125,-0.153125,5,0,bbox fill,False,,True,,1500,1560,1661,1499,2000,2000,1000,1000
513,589233335017873,10.259985269978642,commit_complete,tracking,0,127419,4229460094978,589233.306023947,0.028993926011025906,False,True,0.0,291,373,29,30,-0.0453125,-0.6166666666666667,0.0625,,3.397137240206427,,duplicate frame,0.030242236257053703,0.030242236257053703,30.0,29.971006073988974,0.028993926011025906,0.0,1.5,342.0,0.03895392699632794,7.43,-6.93,6.93,0.14430014430014432,-10.0,-7.341915829924934,-7.341915829924934,-0.23122346920527168,-0.5,-0.7312234692052717,-0.9396576775826009,-1.09,0.008697539917193353,0.1503423224173992,3.006846448347984,-7.180979891366483,-1.20423638713376,-0.5359435308565657,5.359435308565656,1665.8146981344528,1667,-0.153125,-0.153125,5,0,bbox fill,False,,True,,1500,1561,1667,1499,2000,2000,1000,1000
514,589233355039222,10.280006619053893,commit_complete,tracking,0,127420,4229492199618,589233.339491886,0.01554733607918024,True,True,0.0,292,373,29,30,-0.0421875,-0.6166666666666667,0.0625,29.49576240750525,3.393283412629706,-0.01390277970060172,,-0.0029902366422282153,0.0,30.0,29.98445266392082,0.01554733607918024,0.0,1.5,342.0,0.058975276071578264,7.43,-6.93,6.93,0.14430014430014432,-10.0,-7.341973187568271,-7.341973187568271,-0.23111977656135815,-0.5,-0.7311197765613582,-0.9296470030449757,-1.09,0.02871888899244368,0.16035299695502436,3.2070599391004873,-7.171348441384585,-1.20423638713376,-0.5359435308565657,5.359435308565656,1665.6048531937186,1667,-0.12187500000000004,-0.12187500000000004,5,0,bbox fill,False,,True,,1500,1561,1667,1499,2000,2000,1000,1000
515,589233374994307,10.299961704062298,commit_complete,tracking,0,127421,4229525331946,589233.372966931,0.002027376089245081,True,True,0.0,292,372,29,31,-0.0421875,-0.6145833333333334,0.06458333333333334,29.9833287011299,3.3957936853428423,0.007458202912258294,,0.014833674662752726,0.014833674662752726,30.0,29.997972623910755,0.002027376089245081,0.0,1.5,342.0,0.07893036107998341,7.43,-6.93,6.93,0.14430014430014432,-10.0,-7.3547592346307695,-7.3547592346307695,-0.23101561185092362,-0.5,-0.7310156118509237,-0.9196694605407731,-1.09,0.04867397400084883,0.17033053945922694,3.4066107891845387,-7.161151560201276,-1.20423638713376,-0.5359435308565657,5.359435308565656,1665.395105462451,1667,-0.12187500000000004,-0.12187500000000004,5,0,bbox fill,False,,True,,1500,1561,1667,1499,2000,2000,1000,1000
516,589233395030652,10.319998049060814,commit_complete,tracking,0,127421,4229525331946,589233.372966931,0.022063721087761223,False,True,0.0,292,372,29,31,-0.0421875,-0.6145833333333334,0.06458333333333334,,3.3957936853428423,,duplicate frame,0.014833674662752726,0.014833674662752726,30.0,29.97793627891224,0.022063721087761223,0.0,1.5,342.0,0.09896670607849956,7.43,-6.93,6.93,0.14430014430014432,-10.0,-7.354673361883842,-7.354673361883842,-0.23117001569166915,-0.5,-0.7311700156916692,-0.9096512880415151,-1.09,0.06871031899936497,0.180348711958485,3.6069742391697,-7.150310973162761,-1.20423638713376,-0.5359435308565657,5.359435308565656,1665.1839014254274,1667,-0.12187500000000004,-0.12187500000000004,5,0,bbox fill,False,,True,,1500,1561,1667,1499,2000,2000,1000,1000
517,589233414998718,10.33996611495968,commit_complete,tracking,0,127422,4229558274399,589233.406403487,0.008595230989158154,True,True,0.0,292,372,30,31,-0.040625,-0.6145833333333334,0.06458333333333334,30.495901363953813,3.4037455895944064,0.021302620737298827,,0.06580213143542188,0.06580213143542188,15.197076115709088,15.18848088471993,0.008595230989158154,0.0,1.5,341.0,0.018040084978565574,7.43,-6.93,6.93,0.14430014430014432,-10.0,-7.229484237506283,-7.229484237506283,-0.4562668283022161,-0.5,-0.9562668283022161,-0.9196353209909478,-1.09,0.08867838489823043,0.17036467900905228,3.4072935801810456,-7.140105413750886,-1.20423638713376,-0.5359435308565657,5.359435308565656,1665.3733765250042,1667,-0.10625000000000002,-0.10625000000000002,5,0,bbox fill,False,,True,,1500,1560,1667,1499,2000,2000,1000,1000
518,589233435022858,10.359990254975855,commit_complete,tracking,0,127422,4229558274399,589233.406403487,0.02861937100533396,False,True,0.0,292,372,30,31,-0.040625,-0.6145833333333334,0.06458333333333334,,3.4037455895944064,,duplicate frame,0.06580213143542188,0.06580213143542188,15.197076115709088,15.168456744703754,0.02861937100533396,0.0,1.5,341.0,0.03806422499474138,7.43,-6.93,6.93,0.14430014430014432,-10.0,-7.229149249986012,-7.229149249986012,-0.456869153971098,-0.5,-0.9568691539710981,-0.9296473909990357,-1.09,0.10870252491440624,0.16035260900096437,3.2070521800192875,-7.130472644467103,-1.20423638713376,-0.5359435308565657,5.359435308565656,1665.5639851558822,1667,-0.10625000000000002,-0.10625000000000002,5,0,bbox fill,False,,True,,1500,1560,1667,1499,2000,2000,1000,1000
519,589233455023243,10.379990639979951,commit_complete,tracking,0,127423,4229591483641,589233.439846555,0.015176687971688807,True,True,0.0,292,372,30,31,-0.040625,-0.6145833333333334,0.06458333333333334,30.495901363953813,3.410022342165247,0.011646078320620923,,0.09366100684117877,0.09366100684117877,10.67680173132991,10.661625043358221,0.015176687971688807,0.0,1.5,341.0,0.05806460999883711,7.43,-6.93,6.93,0.14430014430014432,-10.0,-7.12174115120339,-7.12174115120339,-0.6499947214254286,-0.5,-1.1499947214254287,-0.9396475835010836,-1.09,0.12870290991850197,0.1503524164989165,3.00704832997833,-7.121451325818279,-1.20423638713376,-0.5359435308565657,5.359435308565656,1664.7549676872743,1666,-0.10625000000000002,-0.10625000000000002,5,0,bbox fill,False,,True,,1500,1559,1666,1499,2000,2000,1000,1000
520,589233474995571,10.399962967960164,commit_complete,tracking,0,127424,4229624232412,589233.4733266,0.0016689709154888988,True,True,0.0,293,371,29,31,-0.0390625,-0.6104166666666667,0.06458333333333334,29.9833287011299,3.408777307012623,-0.012516599656635208,,0.0637528041657709,0.0637528041657709,15.685584549344474,15.683915578428985,0.0016689709154888988,0.0,1.5,341.0,0.07803693797904998,7.43,-6.93,6.93,0.14430014430014432,-10.0,-7.2616892494700345,-7.221602791104455,-0.4418539468250669,-0.5,-0.9418539468250668,-0.9418539468250668,-1.09,0.14867523789871484,0.14814605317493323,2.9629210634986647,-7.112574861129328,-1.20423638713376,-0.5359435308565657,5.359435308565656,1664.790218489065,1666,-0.09062500000000001,-0.09062500000000001,5,0,bbox fill,False,,True,,1500,1560,1666,1499,2000,2000,1000,1000
521,589233494998429,10.419965825974941,commit_complete,tracking,0,127424,4229624232412,589233.4733266,0.0216718289302662,False,True,0.0,293,371,29,31,-0.0390625,-0.6104166666666667,0.06458333333333334,,3.408777307012623,,duplicate frame,0.0637528041657709,0.0637528041657709,15.685584549344474,15.663912720414208,0.0216718289302662,0.0,1.5,341.0,0.09803979599382728,7.35,-6.85,6.85,0.14598540145985403,-10.0,-7.26793752720703,-7.26793752720703,-0.43731091472902833,-0.5,-0.9373109147290284,-0.9373109147290284,-1.19,0.0073893639491871,0.25268908527097156,5.053781705419431,-7.09741134944565,-0.6200061143895096,-0.5527560475631544,5.527560475631544,1665.5160691683948,1669,-0.09062500000000001,-0.09062500000000001,5,0,bbox fill,False,,True,,1500,1561,1669,1499,2000,2000,1000,1000
522,589233514996458,10.439963854965754,commit_complete,tracking,0,127425,4229658301280,589233.506768995,0.008227462996728718,True,True,0.0,292,371,30,31,-0.040625,-0.6104166666666667,0.06458333333333334,30.495901363953813,3.413248382329373,0.006682939606581062,,0.07973955301362946,0.07973955301362946,12.540827759958415,12.532600296961686,0.008227462996728718,0.0,1.5,341.0,0.11803782498463988,7.35,-6.85,6.85,0.14598540145985403,-10.0,-7.205795512882036,-7.205795512882036,-0.5465745206651699,-0.5,-1.0465745206651698,-0.9473099292244347,-1.19,0.0273873929399997,0.24269007077556526,4.853801415511305,-7.082851380232194,-0.6200061143895096,-0.5527560475631544,5.527560475631544,1665.7014894890895,1669,-0.10625000000000002,-0.10625000000000002,5,0,bbox fill,False,,True,,1500,1560,1669,1499,2000,2000,1000,1000
523,589233535027566,10.459994963021018,commit_complete,tracking,0,127425,4229658301280,589233.506768995,0.028258571051992476,False,True,0.0,292,371,30,31,-0.040625,-0.6104166666666667,0.06458333333333334,,3.413248382329373,,duplicate frame,0.07973955301362946,0.07973955301362946,12.540827759958415,12.512569188906422,0.028258571051992476,-0.1,1.6,341.0,0.0169726429739967,7.35,-6.85,6.85,0.14598540145985403,-10.0,-7.205297870154197,-7.205297870154197,-0.5474495202850246,-0.5,-1.0474495202850247,-0.9573254832520666,-1.19,0.04741850099526346,0.23267451674793338,4.653490334958668,-7.068869195072142,-0.6200061143895096,-0.5527560475631544,5.527560475631544,1664.887818384482,1668,-0.10625000000000002,-0.10625000000000002,5,0,bbox fill,False,,True,,1500,1560,1668,1499,2000,2000,1000,1000
524,589233555032099,10.479999496019445,commit_complete,tracking,0,127426,4229690206196,589233.540200359,0.014831740059889853,True,True,0.0,292,371,30,31,-0.040625,-0.6104166666666667,0.06458333333333334,30.495901363953813,3.4165015224036765,0.001678108723036864,,0.08375520424105098,0.08375520424105098,11.939556581128477,11.924724841068587,0.014831740059889853,-0.1,1.6,341.0,0.03697717597242445,7.35,-6.85,6.85,0.14598540145985403,-10.0,-7.189949302340397,-7.189949302340397,-0.5744367347084349,-0.5,-1.074436734708435,-0.9673277497512804,-1.19,0.0674230339936912,0.2226722502487195,4.45344500497439,-7.055505831938338,-0.6200061143895096,-0.5527560475631544,5.527560475631544,1665.0745003513325,1668,-0.10625000000000002,-0.10625000000000002,5,0,bbox fill,False,,True,,1500,1560,1668,1499,2000,2000,1000,1000
525,589233575021331,10.499988727970049,commit_complete,tracking,0,127427,4229723402647,589233.573678027,0.0013433039421215653,True,True,0.0,292,370,30,32,-0.040625,-0.6083333333333333,0.06666666666666667,30.983866769659336,3.4242618681454964,0.014161190900683795,,0.11759553235891698,0.11759553235891698,8.503724418270151,8.50238111432803,0.0013433039421215653,-0.1,1.6,341.0,0.05696640792302787,7.35,-6.85,6.85,0.14598540145985403,-10.0,-7.069454219191881,-7.069454219191881,-0.8056566634559026,-0.5,-1.3056566634559026,-0.9773223657265822,-1.19,0.08741226594429463,0.2126776342734178,4.253552685468356,-7.042752044251747,-0.6200061143895096,-0.5527560475631544,5.527560475631544,1665.2616388831518,1668,-0.10625000000000002,-0.10625000000000002,5,0,bbox fill,False,,True,,1500,1559,1668,1499,2000,2000,1000,1000
526,589233595023506,10.519990902976133,commit_complete,tracking,0,127427,4229723402647,589233.573678027,0.02134547894820571,False,True,0.0,292,370,30,32,-0.040625,-0.6083333333333333,0.06666666666666667,,3.4242618681454964,,duplicate frame,0.11759553235891698,0.11759553235891698,8.503724418270151,8.482378939321945,0.02134547894820571,-0.1,1.6,341.0,0.07696858292911202,7.35,-6.85,6.85,0.14598540145985403,-10.0,-7.068367954667375,-7.068367954667375,-0.8075564707732295,-0.5,-1.3075564707732295,-0.9873234532296242,-1.19,0.10741444095037878,0.20267654677037572,4.053530935407514,-7.030590128977358,-0.6200061143895096,-0.5527560475631544,5.527560475631544,1665.4494987179382,1668,-0.10625000000000002,-0.10625000000000002,5,0,bbox fill,False,,True,,1500,1559,1668,1499,2000,2000,1000,1000
527,589233615032241,10.539999637985602,commit_complete,tracking,0,127428,4229756466748,589233.607153275,0.007878965931013227,True,True,0.0,292,370,30,31,-0.040625,-0.60625,0.06458333333333334,30.495901363953813,3.424486267618503,-0.01060611468438788,,0.09224876945890065,0.09224876945890065,10.84025300137502,10.832374035444007,0.007878965931013227,-0.1,1.6,341.0,0.09697731793858111,7.35,-6.85,6.85,0.14598540145985403,-10.0,-7.180073792208406,-7.16841162971472,-0.6323636884755361,-0.5,-1.1323636884755361,-0.9973278207343588,-1.19,0.12742317595984787,0.19267217926564117,3.8534435853128235,-7.019024749241488,-0.6200061143895096,-0.5527560475631544,5.527560475631544,1665.638020688297,1668,-0.10625000000000002,-0.10625000000000002,5,0,bbox fill,False,,True,,1500,1560,1668,1499,2000,2000,1000,1000
528,589233635031349,10.559998746030033,commit_complete,tracking,0,127428,4229756466748,589233.607153275,0.02787807397544384,False,True,0.0,292,370,30,31,-0.040625,-0.60625,0.06458333333333334,,3.424486267618503,,duplicate frame,0.09224876945890065,0.09224876945890065,10.84025300137502,10.812374927399576,0.02787807397544384,-0.1,1.6,341.0,0.11697642598301172,7.35,-6.85,6.85,0.14598540145985403,-10.0,-7.179401456079725,-7.179401456079725,-0.6335333398994013,-0.5,-1.1335333398994014,-1.007327374756574,-1.19,0.14742228400427848,0.18267262524342587,3.6534525048685174,-7.008064880534479,-0.6200061143895096,-0.5527560475631544,5.527560475631544,1664.8270519000343,1667,-0.10625000000000002,-0.10625000000000002,5,0,bbox fill,False,,True,,1500,1560,1667,1499,2000,2000,1000,1000
529,589233655036011,10.580003408016637,commit_complete,tracking,0,127429,4229789270610,589233.640564443,0.014471568050794303,True,True,0.0,292,370,29,31,-0.0421875,-0.60625,0.06458333333333334,29.9833287011299,3.4181439954164587,-0.02692688950869071,,0.027774783801857064,0.027774783801857064,30.0,29.985528431949206,0.014471568050794303,0.0,1.6,341.0,0.0160858400631696,7.35,-6.85,6.85,0.14598540145985403,-10.0,-7.412254174581881,-7.279424766012746,-0.22844353120358588,-0.5,-0.7284435312035858,-0.9973250437632719,-1.19,0.16742694599088281,0.19267495623672803,3.8534991247345607,-6.996501688416081,-0.6200061143895096,-0.5527560475631544,5.527560475631544,1665.61544208805,1668,-0.12187500000000004,-0.12187500000000004,5,0,bbox fill,False,,True,,1500,1561,1668,1499,2000,2000,1000,1000
530,589233675020049,10.599987445981242,commit_complete,tracking,0,127430,4229822230579,589233.674068812,0.0009512369288131595,True,True,0.0,291,370,30,31,-0.04375,-0.60625,0.06458333333333334,30.495901363953813,3.4185557743915442,-0.0014822789506054868,,0.02423547477198145,0.02423547477198145,30.0,29.999048763071187,0.0009512369288131595,0.0,1.6,341.0,0.036069878027774394,7.22,-6.72,6.72,0.1488095238095238,-10.0,-7.423433338206475,-7.37934495583577,-0.22400710279428312,-0.5,-0.7240071027942832,-0.9873330247809695,-1.33,0.015908841975033283,0.34266697521903056,6.853339504380611,-6.975958078890101,-0.8163163350808503,-0.6054681050666936,6.054681050666936,1665.0679375238426,1671,-0.13749999999999998,-0.13749999999999998,5,0,bbox fill,False,,True,,1500,1561,1671,1499,2000,2000,1000,1000
531,589233695027701,10.619995097978972,commit_complete,tracking,0,127430,4229822230579,589233.674068812,0.020958888926543295,False,True,0.0,291,370,30,31,-0.04375,-0.60625,0.06458333333333334,,3.4185557743915442,,duplicate frame,0.02423547477198145,0.02423547477198145,30.0,29.979041111073457,0.020958888926543295,0.0,1.6,341.0,0.05607753002550453,7.22,-6.72,6.72,0.1488095238095238,-10.0,-7.423345740755219,-7.423345740755219,-0.22415660244442612,-0.5,-0.7241566024444261,-0.9773291987821044,-1.33,0.03591649397276342,0.3526708012178956,7.0534160243579125,-6.954789734908516,-0.8163163350808503,-0.6054681050666936,6.054681050666936,1665.8466926598837,1672,-0.13749999999999998,-0.13749999999999998,5,0,bbox fill,False,,True,,1500,1562,1672,1499,2000,2000,1000,1000
532,589233715029644,10.63999704096932,commit_complete,tracking,0,127431,4229855283019,589233.707504602,0.0075250419322401285,True,True,0.0,291,370,29,31,-0.0453125,-0.60625,0.06458333333333334,29.9833287011299,3.4128125003460625,-0.01872458940038868,,-0.020565834026726577,0.0,30.0,29.99247495806776,0.0075250419322401285,0.0,1.6,341.0,0.005391862941905856,7.22,-6.72,6.72,0.1488095238095238,-10.0,-7.423404569681479,-7.423404569681479,-0.22405620107694274,-0.5,-0.7240562010769427,-0.9673282272869306,-1.33,0.05591843696311116,0.3626717727130695,7.25343545426139,-6.93302731454247,-0.8163163350808503,-0.6054681050666936,6.054681050666936,1665.6249108096142,1672,-0.153125,-0.153125,5,0,bbox fill,False,,True,,1500,1562,1672,1499,2000,2000,1000,1000
533,589233734992908,10.65996030496899,commit_complete,tracking,0,127431,4229855283019,589233.707504602,0.027488305931910872,False,True,0.0,291,370,29,31,-0.0453125,-0.60625,0.06458333333333334,,3.4128125003460625,,duplicate frame,-0.020565834026726577,0.0,30.0,29.97251169406809,0.027488305931910872,0.0,1.6,341.0,0.0253551269415766,7.22,-6.72,6.72,0.1488095238095238,-10.0,-7.423317128367807,-7.423317128367807,-0.22420543425227743,-0.5,-0.7242054342522775,-0.9573465952870952,-1.33,0.0758817009627819,0.37265340471290487,7.453068094258097,-6.91070917964649,-0.8163163350808503,-0.6054681050666936,6.054681050666936,1665.4029600347214,1672,-0.153125,-0.153125,5,0,bbox fill,False,,True,,1500,1562,1672,1499,2000,2000,1000,1000
534,589233755012109,10.679979505948722,commit_complete,tracking,0,127432,4229888280366,589233.7410244,0.013987708953209221,True,True,0.0,290,370,30,31,-0.046875,-0.60625,0.06458333333333334,30.495901363953813,3.414037342109794,0.005469155329010711,,-0.007512878669912647,0.0,30.0,29.98601229104679,0.013987708953209221,0.0,1.6,341.0,0.04537432792130858,7.22,-6.72,6.72,0.1488095238095238,-10.0,-7.423376275226853,-7.423376275226853,-0.22410449027950455,-0.5,-0.7241044902795045,-0.9473369947972292,-1.33,0.09590090194251388,0.38266300520277086,7.653260104055417,-6.887727356820503,-0.8163163350808503,-0.6054681050666936,6.054681050666936,1665.179786202098,1672,-0.16875,-0.16875,5,0,bbox fill,False,,True,,1500,1562,1672,1499,2000,2000,1000,1000
535,589233775024364,10.699991761008278,commit_complete,tracking,0,127433,4229921515825,589233.774439553,0.0005848109722137451,True,True,0.0,289,370,30,31,-0.05,-0.60625,0.06458333333333334,30.495901363953813,3.415118396353299,0.0038059949543871596,,0.001599142932426698,0.001599142932426698,30.0,29.999415189027786,0.0005848109722137451,0.0,1.6,341.0,0.06538658298086375,7.22,-6.72,6.72,0.1488095238095238,-10.0,-7.42343494140212,-7.42343494140212,-0.22400436667371515,-0.5,-0.7240043666737151,-0.9373308672674516,-1.33,0.11591315700206906,0.39266913273254844,7.853382654650969,-6.8641527723057285,-0.8163163350808503,-0.6054681050666936,6.054681050666936,1665.9560890669877,1673,-0.20000000000000004,-0.20000000000000004,5,0,bbox fill,False,,True,,1500,1562,1673,1499,2000,2000,1000,1000
536,589233794995804,10.719963200972416,commit_complete,tracking,0,127433,4229921515825,589233.774439553,0.020556250936351717,False,True,0.0,289,370,30,31,-0.05,-0.60625,0.06458333333333334,,3.415118396353299,,duplicate frame,0.001599142932426698,0.001599142932426698,30.0,29.97944374906365,0.020556250936351717,0.0,1.6,341.0,0.08535802294500172,7.22,-6.72,6.72,0.1488095238095238,-10.0,-7.423347504736647,-7.423347504736647,-0.22415359191612375,-0.5,-0.7241535919161237,-0.9273451472853826,-1.33,0.13588459696620703,0.40265485271461743,8.053097054292348,-6.840027980653952,-0.8163163350808503,-0.6054681050666936,6.054681050666936,1665.7322498756946,1673,-0.20000000000000004,-0.20000000000000004,5,0,bbox fill,False,,True,,1500,1562,1673,1499,2000,2000,1000,1000
537,589233814995478,10.73996287502814,commit_complete,tracking,0,127434,4229954571790,589233.807929615,0.0070658629992976785,True,True,0.0,289,370,30,32,-0.05,-0.6083333333333333,0.06666666666666667,30.983866769659336,3.4215750934178364,0.018294690481699405,,0.04530092045829412,0.04530092045829412,22.074606650004846,22.067540787005548,0.0070658629992976785,0.0,1.6,341.0,0.10535769700072706,7.12,-6.62,6.62,0.1510574018126888,-10.0,-7.372489407313754,-7.372489407313754,-0.2999881166594776,-0.5,-0.7999881166594776,-0.91734531025752,-1.47,0.004581756074912846,0.55265468974248,11.0530937948496,-6.806869239673299,-0.9252985652553275,-0.6694341971044203,6.694341971044203,1665.0594334737796,1676,-0.20000000000000004,-0.20000000000000004,5,0,bbox fill,False,,True,,1500,1561,1676,1499,2000,2000,1000,1000
538,589233835015968,10.759983364958316,commit_complete,tracking,0,127434,4229954571790,589233.807929615,0.027086352929472923,False,True,0.0,289,370,30,32,-0.05,-0.6083333333333333,0.06666666666666667,,3.4215750934178364,,duplicate frame,0.04530092045829412,0.04530092045829412,22.074606650004846,22.047520297075373,0.027086352929472923,0.0,1.6,341.0,0.1253781869309023,7.12,-6.62,6.62,0.1510574018126888,-10.0,-7.37232823975636,-7.37232823975636,-0.30026052412244064,-0.5,-0.8002605241224406,-0.9073350652924324,-1.47,0.02460224600508809,0.5626649347075676,11.253298694151352,-6.773074756695172,-0.9252985652553275,-0.6694341971044203,6.694341971044203,1665.8254340914996,1677,-0.20000000000000004,-0.20000000000000004,5,0,bbox fill,False,,True,,1500,1561,1677,1499,2000,2000,1000,1000
539,589233855041934,10.780009330948815,commit_complete,tracking,0,127435,4229987369597,589233.841335659,0.013706274912692606,True,True,0.0,288,370,30,32,-0.053125,-0.6083333333333333,0.06666666666666667,30.983866769659336,3.4267207964549833,0.01037822427070445,,0.07015444521194192,0.07015444521194192,14.254264244823316,14.240557969910624,0.013706274912692606,0.0,1.5,342.0,0.00421766797080636,7.12,-6.62,6.62,0.1510574018126888,-10.0,-7.274938784101183,-7.274938784101183,-0.4648694253404699,-0.5,-0.9648694253404699,-0.9173480482876817,-1.47,0.04462821199558675,0.5526519517123183,11.053039034246366,-6.739872589126451,-0.9252985652553275,-0.6694341971044203,6.694341971044203,1664.9924915838358,1676,-0.23125,-0.23125,5,0,bbox fill,False,,True,,1500,1561,1676,1498,2000,2000,1000,1000
540,589233875009546,10.799976943060756,commit_complete,tracking,0,127436,4230020347469,589233.87480055,0.00020899600349366665,True,True,0.0,287,370,31,32,-0.0546875,-0.6083333333333333,0.06666666666666667,31.496031496047245,3.436346073531975,0.020793046323787312,,0.11986157573426098,0.11986157573426098,8.342957231073362,8.342748235069868,0.00020899600349366665,0.0,1.5,342.0,0.02418528008274734,7.12,-6.62,6.62,0.1510574018126888,-10.0,-7.0805052249832645,-7.0805052249832645,-0.7935035090921163,-0.5,-1.2935035090921163,-0.9273318543436522,-1.47,0.06459582410752773,0.5426681456563478,10.853362913126956,-6.707365228012534,-0.9252985652553275,-0.6694341971044203,6.694341971044203,1665.1596603438413,1676,-0.246875,-0.246875,5,0,bbox fill,False,,True,,1500,1559,1676,1498,2000,2000,1000,1000
541,589233895026848,10.819994244957343,commit_complete,tracking,0,127436,4230020347469,589233.87480055,0.02022629790008068,False,True,0.0,287,370,31,32,-0.0546875,-0.6083333333333333,0.06666666666666667,,3.436346073531975,,duplicate frame,0.11986157573426098,0.11986157573426098,8.342957231073362,8.32273093317328,0.02022629790008068,0.0,1.5,342.0,0.044202581979334354,7.12,-6.62,6.62,0.1510574018126888,-10.0,-7.079376086631255,-7.079376086631255,-0.7954119931492167,-0.5,-1.2954119931492167,-0.9373405052919457,-1.47,0.08461312600411475,0.5326594947080543,10.653189894161086,-6.6753780102715705,-0.9252985652553275,-0.6694341971044203,6.694341971044203,1665.3278461450664,1676,-0.246875,-0.246875,5,0,bbox fill,False,,True,,1500,1559,1676,1498,2000,2000,1000,1000
542,589233915037768,10.840005164965987,commit_complete,tracking,0,127437,4230053437163,589233.908178122,0.006859645945951343,True,True,0.0,287,370,30,32,-0.05625,-0.6083333333333333,0.06666666666666667,30.983866769659336,3.4379387200168803,-0.0068801196706758105,,0.10337117390791065,0.10337117390791065,9.673876789779529,9.667017143833577,0.006859645945951343,0.0,1.5,342.0,0.06421350198797882,7.12,-6.62,6.62,0.1510574018126888,-10.0,-7.144817099476507,-7.144817099476507,-0.6848027578209875,-0.5,-1.1848027578209877,-0.9473459652962679,-1.47,0.10462404601275921,0.5226540347037321,10.453080694074641,-6.644001646029616,-0.9252985652553275,-0.6694341971044203,6.694341971044203,1665.4965789809107,1676,-0.2625,-0.2625,5,0,bbox fill,False,,True,,1500,1560,1676,1498,2000,2000,1000,1000
543,589233935016204,10.859983601025306,commit_complete,tracking,0,127437,4230053437163,589233.908178122,0.026838082005269825,False,True,0.0,287,370,30,32,-0.05625,-0.6083333333333333,0.06666666666666667,,3.4379387200168803,,duplicate frame,0.10337117390791065,0.10337117390791065,9.673876789779529,9.647038707774259,0.026838082005269825,0.0,1.5,342.0,0.0841919380472973,7.12,-6.62,6.62,0.1510574018126888,-10.0,-7.143978042234812,-7.143978042234812,-0.6862209430822684,-0.5,-1.1862209430822683,-0.9573351833259272,-1.47,0.12460248207207769,0.5126648166740728,10.253296333481456,-6.613274922250261,-0.9252985652553275,-0.6694341971044203,6.694341971044203,1664.6656366177247,1675,-0.2625,-0.2625,5,0,bbox fill,False,,True,,1500,1560,1675,1498,2000,2000,1000,1000
544,589233955006139,10.879973536008038,commit_complete,tracking,0,127438,4230086442129,589233.941650588,0.013355551054701209,True,True,0.0,286,370,30,31,-0.059375,-0.60625,0.06458333333333334,30.495901363953813,3.4330665278498764,-0.023806515040347254,,0.046473029414378114,0.046473029414378114,21.517856972126154,21.504501421071453,0.013355551054701209,0.0,1.5,342.0,0.10418187303002924,7.12,-6.62,6.62,0.1510574018126888,-10.0,-7.380437320362887,-7.2439277171484715,-0.3078425242406834,-0.5,-0.8078425242406835,-0.9473402158345612,-1.47,0.14459241705480963,0.5226597841654388,10.453195683308776,-6.581931116939593,-0.9252985652553275,-0.6694341971044203,6.694341971044203,1665.4343934625865,1676,-0.29374999999999996,-0.29374999999999996,5,0,bbox fill,False,,True,,1500,1560,1676,1498,2000,2000,1000,1000
545,589233975023360,10.899990756995976,commit_complete,tracking,0,127439,4230119248048,589233.975129981,-0.00010662095155566931,True,True,0.0,285,369,31,32,-0.0609375,-0.6041666666666666,0.06666666666666667,31.496031496047245,3.4399561146072792,0.01523913697716539,,0.08288739804957435,0.08288739804957435,12.064560156682772,12.064560156682772,0.0,0.0,1.5,342.0,0.0033009230392053723,7.12,-6.62,6.62,0.1510574018126888,-10.0,-7.2490062648956615,-7.2490062648956615,-0.5487145750881822,-0.5,-1.0487145750881823,-0.9573488263285304,-1.47,0.16460963804274797,0.5126511736714696,10.253023473429392,-6.551145561440269,-0.9252985652553275,-0.6694341971044203,6.694341971044203,1665.6037801169666,1676,-0.309375,-0.309375,5,0,bbox fill,False,,True,,1500,1560,1676,1498,2000,2000,1000,1000
546,589233995026392,10.91999378905166,commit_complete,tracking,0,127439,4230119248048,589233.975129981,0.019896411104127765,False,True,0.0,285,369,31,32,-0.0609375,-0.6041666666666666,0.06666666666666667,,3.4399561146072792,,duplicate frame,0.08288739804957435,0.08288739804957435,12.064560156682772,12.044663745578644,0.019896411104127765,0.0,1.5,342.0,0.023303955094888806,7.02,-6.52,6.52,0.15337423312883436,-10.0,-7.257635078423093,-7.257635078423093,-0.5413185571405729,-0.5,-1.0413185571405728,-0.9673503423563721,-1.49,0.0030672880820930004,0.5226496576436279,10.452993152872558,-6.519781827873057,-0.11016529188387779,-0.5575804160603118,5.575804160603118,1665.4909845143973,1675,-0.309375,-0.309375,5,0,bbox fill,False,,True,,1500,1560,1675,1498,2000,2000,1000,1000
547,589234015022342,10.93998973898124,commit_complete,tracking,0,127440,4230152350597,589234.008573789,0.006448552943766117,True,True,0.0,285,369,30,32,-0.0625,-0.6041666666666666,0.06666666666666667,30.983866769659336,3.4394866449273,-0.009261542609782847,,0.060733120438901736,0.060733120438901736,16.465480330555586,16.45903177761182,0.006448552943766117,0.0,1.5,342.0,0.0432999050244689,7.02,-6.52,6.52,0.15337423312883436,-10.0,-7.345776882984056,-7.345776882984056,-0.3961350879016312,-0.5,-0.8961350879016312,-0.957352367391582,-1.49,0.023063238011673093,0.532647632608418,10.65295265216836,-6.487829441697816,-0.11016529188387779,-0.5575804160603118,5.575804160603118,1665.2590726289263,1675,-0.325,-0.325,5,0,bbox fill,False,,True,,1500,1561,1675,1498,2000,2000,1000,1000
548,589234034994856,10.959962252993137,commit_complete,tracking,0,127440,4230152350597,589234.008573789,0.026421066955663264,False,True,0.0,285,369,30,32,-0.0625,-0.6041666666666666,0.06666666666666667,,3.4394866449273,,duplicate frame,0.060733120438901736,0.060733120438901736,16.465480330555586,16.439059263599923,0.026421066955663264,0.0,1.5,342.0,0.06327241903636605,7.02,-6.52,6.52,0.15337423312883436,-10.0,-7.345484693990001,-7.345484693990001,-0.3966163693099438,-0.5,-0.8966163693099438,-0.9473661103856335,-1.49,0.04303575202357024,0.5426338896143665,10.85267779228733,-6.455316152806856,-0.11016529188387779,-0.5575804160603118,5.575804160603118,1665.0268341999165,1675,-0.325,-0.325,5,0,bbox fill,False,,True,,1500,1561,1675,1498,2000,2000,1000,1000
549,589234055029263,10.97999666002579,commit_complete,tracking,0,127441,4230185481930,589234.042043385,0.012985878041945398,True,True,0.0,284,369,31,32,-0.0640625,-0.6041666666666666,0.06666666666666667,31.496031496047245,3.444439126428672,0.00834219571348438,,0.08067287884375636,0.08067287884375636,12.395739613268983,12.382753735227038,0.012985878041945398,0.0,1.5,342.0,0.08330682606901973,7.02,-6.52,6.52,0.15337423312883436,-10.0,-7.266607977016892,-7.266607977016892,-0.5265387763831237,-0.5,-1.0265387763831237,-0.9573833139019603,-1.49,0.06307015905622393,0.5326166860980397,10.652333721960794,-6.423304174361842,-0.11016529188387779,-0.5575804160603118,5.575804160603118,1665.195166291798,1675,-0.34062499999999996,-0.34062499999999996,5,0,bbox fill,False,,True,,1500,1561,1675,1497,2000,2000,1000,1000
550,589234075009886,10.99997728294693,commit_complete,tracking,0,127441,4230185481930,589234.042043385,0.0329665009630844,False,True,0.0,284,369,31,32,-0.0640625,-0.6041666666666666,0.06666666666666667,,3.444439126428672,,duplicate frame,0.08067287884375636,0.08067287884375636,12.395739613268983,12.362773112305899,0.0329665009630844,0.0,1.5,342.0,0.10328744899015874,7.02,-6.52,6.52,0.15337423312883436,-10.0,-7.266091336749383,-7.266091336749383,-0.5273897644784886,-0.5,-1.0273897644784886,-0.9673736253625298,-1.49,0.08305078197736293,0.5226263746374702,10.452527492749404,-6.3919769728010225,-0.11016529188387779,-0.5575804160603118,5.575804160603118,1665.3636453194486,1675,-0.34062499999999996,-0.34062499999999996,5,0,bbox fill,False,,True,,1500,1561,1675,1497,2000,2000,1000,1000
551,589234095026205,11.019993601948954,commit_complete,tracking,0,127442,4230218254905,589234.075482698,0.01954350690357387,True,True,0.0,284,368,30,32,-0.065625,-0.6,0.06666666666666667,30.983866769659336,3.442352226632767,-0.013670129848962542,,0.04796854709194882,0.04796854709194882,20.84699372034645,20.827450213442877,0.01954350690357387,0.0,1.5,342.0,0.12330376799218357,7.02,-6.52,6.52,0.15337423312883436,-10.0,-7.42144269836726,-7.3661729317595075,-0.3130484016613675,-0.5,-0.8130484016613675,-0.9573654658615174,-1.49,0.10306710097938776,0.5326345341384826,10.652690682769652,-6.359992824560591,-0.11016529188387779,-0.5575804160603118,5.575804160603118,1665.1314979811877,1675,-0.35625000000000007,-0.35625000000000007,5,0,bbox fill,False,,True,,1500,1561,1675,1497,2000,2000,1000,1000
552,589234115006824,11.039974221028388,commit_complete,tracking,0,127443,4230251653288,589234.108930532,0.006076292018406093,True,True,0.0,284,368,30,32,-0.065625,-0.6,0.06666666666666667,30.983866769659336,3.4402851606912535,-0.010490028400480522,,0.022878663157264296,0.022878663157264296,30.0,29.993923707981594,0.006076292018406093,0.0,1.6,342.0,0.0021336700301617384,7.02,-6.52,6.52,0.15337423312883436,-10.0,-7.480136587968766,-7.466076027156674,-0.21737736161091126,-0.5,-0.7173773616109113,-0.9473751563218007,-1.49,0.12304772005882114,0.5426248436781993,10.852496873563986,-6.327466883646877,-0.11016529188387779,-0.5575804160603118,5.575804160603118,1665.8991658494797,1676,-0.35625000000000007,-0.35625000000000007,5,0,bbox fill,False,,True,,1500,1562,1676,1497,2000,2000,1000,1000
553,589234135039382,11.060006779036485,commit_complete,tracking,0,127443,4230251653288,589234.108930532,0.026108850026503205,False,True,0.0,284,368,30,32,-0.065625,-0.6,0.06666666666666667,,3.4402851606912535,,duplicate frame,0.022878663157264296,0.022878663157264296,30.0,29.973891149973497,0.026108850026503205,0.0,1.6,342.0,0.02216622803825885,6.94,-6.44,6.44,0.15527950310559005,-10.0,-7.487668538679158,-7.487668538679158,-0.21485365272655615,-0.5,-0.7148536527265561,-0.9373588773177521,-1.49,0.01196319900918752,0.5526411226822479,11.052822453644957,-6.294254437603501,0.0,-0.4460643328482495,4.460643328482495,1665.780788655476,1675,-0.35625000000000007,-0.35625000000000007,5,0,bbox fill,False,,True,,1500,1562,1675,1497,2000,2000,1000,1000
554,589234155020303,11.079987699980848,commit_complete,tracking,0,127444,4230284378927,589234.14238108,0.012639223015867174,True,True,0.0,283,368,31,32,-0.0671875,-0.6,0.06666666666666667,31.496031496047245,3.444134345706575,0.008811089132094718,,0.043951176872611006,0.043951176872611006,22.75251929882152,22.739880075805655,0.012639223015867174,0.0,1.6,342.0,0.04214714898262173,6.94,-6.44,6.44,0.15527950310559005,-10.0,-7.4452155896010614,-7.4452155896010614,-0.2832029007422915,-0.5,-0.7832029007422915,-0.9273684168455707,-1.49,0.0319441199535504,0.5626315831544293,11.252631663088586,-6.26052874605207,0.0,-0.4460643328482495,4.460643328482495,1665.547253754481,1675,-0.37187499999999996,-0.37187499999999996,5,0,bbox fill,False,,True,,1500,1562,1675,1497,2000,2000,1000,1000
555,589234175009487,11.099976883968338,commit_complete,tracking,0,127444,4230284378927,589234.14238108,0.032628407003358006,False,True,0.0,283,368,31,32,-0.0671875,-0.6,0.06666666666666667,,3.444134345706575,,duplicate frame,0.043951176872611006,0.043951176872611006,22.75251929882152,22.719890891818164,0.032628407003358006,0.0,1.6,342.0,0.06213633297011256,6.94,-6.44,6.44,0.15527950310559005,-10.0,-7.445060828915354,-7.445060828915354,-0.28345206544628077,-0.5,-0.7834520654462808,-0.9173738248518253,-1.49,0.05193330394104123,0.5726261751481747,11.452523502963494,-6.226189756138799,0.0,-0.4460643328482495,4.460643328482495,1665.3130229246929,1675,-0.37187499999999996,-0.37187499999999996,5,0,bbox fill,False,,True,,1500,1562,1675,1497,2000,2000,1000,1000
556,589234195047834,11.120015230961144,commit_complete,tracking,0,127445,4230317201664,589234.175870409,0.019177424954250455,True,True,0.0,283,368,31,32,-0.0671875,-0.6,0.06666666666666667,31.496031496047245,3.4470956005097695,0.0042553125117956725,,0.05411635517515625,0.05411635517515625,18.478701988767348,18.459524563813098,0.019177424954250455,0.0,1.6,342.0,0.08217467996291816,6.94,-6.44,6.44,0.15527950310559005,-10.0,-7.404427707849655,-7.404427707849655,-0.348871390362056,-0.5,-0.8488713903620559,-0.9073546513554225,-1.49,0.07197165093384683,0.5826453486445775,11.65290697289155,-6.191164007129147,0.0,-0.4460643328482495,4.460643328482495,1665.077613705755,1675,-0.37187499999999996,-0.37187499999999996,5,0,bbox fill,False,,True,,1500,1562,1675,1497,2000,2000,1000,1000
557,589234215021662,11.139989058952779,commit_complete,tracking,0,127446,4230350174303,589234.209359051,0.005662610987201333,True,True,0.0,283,368,30,32,-0.06875,-0.6,0.06666666666666667,30.983866769659336,3.44350344921985,-0.015441241521398474,,0.017229242128412946,0.017229242128412946,30.0,29.9943373890128,0.005662610987201333,0.0,1.6,342.0,0.10214850795455277,6.94,-6.44,6.44,0.15527950310559005,-10.0,-7.487759507177793,-7.487759507177793,-0.21470719344375422,-0.5,-0.7147071934437542,-0.8973677373596052,-1.49,0.09194547892548144,0.5926322626403948,11.852645252807896,-6.1556526025003295,0.0,-0.4460643328482495,4.460643328482495,1665.84236402121,1676,-0.38750000000000007,-0.38750000000000007,5,0,bbox fill,False,,True,,1500,1562,1676,1497,2000,2000,1000,1000
558,589234235022929,11.159990326035768,commit_complete,tracking,0,127446,4230350174303,589234.209359051,0.02566387807019055,False,True,0.0,283,368,30,32,-0.06875,-0.6,0.06666666666666667,,3.44350344921985,,duplicate frame,0.017229242128412946,0.017229242128412946,30.0,29.97433612192981,0.02566387807019055,0.0,1.6,342.0,0.12214977503754199,6.94,-6.44,6.44,0.15527950310559005,-10.0,-7.48767051974967,-7.48767051974967,-0.21485046320303222,-0.5,-0.7148504632030322,-0.8873671038181106,-1.49,0.11194674600847065,0.6026328961818894,12.052657923637788,-6.119492337971741,0.0,-0.4460643328482495,4.460643328482495,1665.6061910858514,1676,-0.38750000000000007,-0.38750000000000007,5,0,bbox fill,False,,True,,1500,1562,1676,1497,2000,2000,1000,1000
559,589234255027116,11.179994513047859,commit_complete,tracking,0,127447,4230383154208,589234.242844022,0.012183094047941267,True,True,0.0,283,368,30,33,-0.06875,-0.6020833333333333,0.06875,31.464265445104548,3.4457506054782625,0.004772101670854401,,0.028630420683318343,0.028630420683318343,30.0,29.98781690595206,0.012183094047941267,0.0,1.5,342.0,0.011006616987287998,6.94,-6.44,6.44,0.15527950310559005,-10.0,-7.47477358026652,-7.47477358026652,-0.21475387889012262,-0.5,-0.7147538788901227,-0.8773650103120649,-1.49,0.13195093302056193,0.6126349896879351,12.252699793758701,-6.082726543260137,0.0,-0.4460643328482495,4.460643328482495,1665.369383421019,1676,-0.38750000000000007,-0.38750000000000007,5,0,bbox fill,False,,True,,1500,1562,1676,1497,2000,2000,1000,1000
560,589234275025711,11.199993108049966,commit_complete,tracking,0,127447,4230383154208,589234.242844022,0.03218168905004859,False,True,0.0,283,368,30,33,-0.06875,-0.6020833333333333,0.06875,,3.4457506054782625,,duplicate frame,0.028630420683318343,0.028630420683318343,30.0,29.96781831094995,0.03218168905004859,0.0,1.5,342.0,0.03100521198939532,6.87,-6.37,6.37,0.15698587127158556,-10.0,-7.481474952967295,-7.481474952967295,-0.21256135277863933,-0.5,-0.7125613527786393,-0.8673657128110113,-1.47,0.0007366060744971037,0.6026342871889887,12.052685743779774,-6.046571026128508,0.1322638286617791,-0.33039870054624376,3.303987005462438,1665.6898982768862,1675,-0.38750000000000007,-0.38750000000000007,5,0,bbox fill,False,,True,,1500,1562,1675,1497,2000,2000,1000,1000
561,589234295011626,11.219979022978805,commit_complete,tracking,0,127448,4230416739551,589234.276222413,0.018789212917909026,True,True,0.0,283,368,30,33,-0.06875,-0.6020833333333333,0.06875,31.464265445104548,3.447457422903957,0.002146228708247211,,0.03377441628053288,0.03377441628053288,29.60820970802052,29.589420495102612,0.018789212917909026,0.0,1.5,342.0,0.05099112691823393,6.87,-6.37,6.37,0.15698587127158556,-10.0,-7.479776908089093,-7.479776908089093,-0.21527964702973174,-0.5,-0.7152796470297318,-0.857372755346592,-1.47,0.020722521003335714,0.612627244653408,12.25254489306816,-6.009839278144313,0.1322638286617791,-0.33039870054624376,3.303987005462438,1665.4533073796138,1675,-0.38750000000000007,-0.38750000000000007,5,0,bbox fill,False,,True,,1500,1562,1675,1497,2000,2000,1000,1000
562,589234315026105,11.239993502036668,commit_complete,tracking,0,127449,4230449644350,589234.309764383,0.005261722020804882,True,True,0.0,283,369,31,32,-0.0671875,-0.6041666666666666,0.06666666666666667,31.496031496047245,3.4490352279589085,0.001271270282351189,,0.03680648692887694,0.03680648692887694,27.169123799626714,27.16386207760591,0.005261722020804882,0.0,1.5,342.0,0.07100560597609729,6.87,-6.37,6.37,0.15698587127158556,-10.0,-7.454848508643376,-7.454848508643376,-0.23450273682737757,-0.5,-0.7345027368273775,-0.8473655158176603,-1.47,0.04073700006119907,0.6226344841823397,12.452689683646794,-5.9724541636112,0.1322638286617791,-0.33039870054624376,3.303987005462438,1665.215777474502,1675,-0.37187499999999996,-0.37187499999999996,5,0,bbox fill,False,,True,,1500,1562,1675,1497,2000,2000,1000,1000
563,589234335059037,11.26002643397078,commit_complete,tracking,0,127449,4230449644350,589234.309764383,0.025294653954915702,False,True,0.0,283,369,31,32,-0.0671875,-0.6041666666666666,0.06666666666666667,,3.4490352279589085,,duplicate frame,0.03680648692887694,0.03680648692887694,27.169123799626714,27.1438291456718,0.025294653954915702,0.0,1.5,342.0,0.0910385379102081,6.87,-6.37,6.37,0.15698587127158556,-10.0,-7.45474096264656,-7.45474096264656,-0.23467580663783114,-0.5,-0.7346758066378312,-0.8373490498506049,-1.47,0.06076993199530989,0.6326509501493951,12.653019002987902,-5.93443260334402,0.1322638286617791,-0.33039870054624376,3.303987005462438,1665.9774265948936,1676,-0.37187499999999996,-0.37187499999999996,5,0,bbox fill,False,,True,,1500,1562,1676,1497,2000,2000,1000,1000
564,589234355004432,11.279971829033457,commit_complete,tracking,0,127450,4230482917581,589234.343209739,0.011794693069532514,True,True,0.0,283,369,31,32,-0.0671875,-0.6041666666666666,0.06666666666666667,31.496031496047245,3.4501245958848905,-0.00040468037300600557,,0.035838507102596825,0.035838507102596825,27.902947997728983,27.89115330465945,0.011794693069532514,0.0,1.5,342.0,0.11098393297288567,6.87,-6.37,6.37,0.15698587127158556,-10.0,-7.4586483260073235,-7.4586483260073235,-0.22838783073684651,-0.5,-0.7283878307368465,-0.8273763523192661,-1.47,0.08071532705798745,0.6426236476807339,12.852472953614678,-5.895980455755187,0.1322638286617791,-0.33039870054624376,3.303987005462438,1665.739520496678,1676,-0.37187499999999996,-0.37187499999999996,5,0,bbox fill,False,,True,,1500,1562,1676,1497,2000,2000,1000,1000
565,589234375037926,11.300005323020741,commit_complete,tracking,0,127450,4230482917581,589234.343209739,0.031828187056817114,False,True,0.0,283,369,31,32,-0.0671875,-0.6041666666666666,0.06666666666666667,,3.4501245958848905,,duplicate frame,0.035838507102596825,0.035838507102596825,27.902947997728983,27.871119810672166,0.031828187056817114,0.0,1.5,342.0,0.13101742696017027,6.87,-6.37,6.37,0.15698587127158556,-10.0,-7.458546314733053,-7.458546314733053,-0.2285519937222205,-0.5,-0.7285519937222205,-0.8173596053256238,-1.47,0.10074882104527205,0.6526403946743762,13.052807893487524,-5.856756453487483,0.1322638286617791,-0.33039870054624376,3.303987005462438,1665.4999615545375,1676,-0.37187499999999996,-0.37187499999999996,5,0,bbox fill,False,,True,,1500,1562,1676,1497,2000,2000,1000,1000
566,589234395013386,11.319980783038773,commit_complete,tracking,0,127451,4230515900247,589234.376626121,0.018387265037745237,True,True,0.0,283,369,31,33,-0.0671875,-0.60625,0.06875,31.984371183438952,3.4561960069759503,0.013925193845943262,,0.06917591348125676,0.06917591348125676,14.455898732308759,14.437511467271014,0.018387265037745237,0.0,1.5,342.0,0.019674586015753448,6.87,-6.37,6.37,0.15698587127158556,-10.0,-7.314154812023475,-7.314154812023475,-0.44121177077091256,-0.5,-0.9412117707709126,-0.8273473353346394,-1.47,0.12072428106330335,0.6426526646653605,12.85305329330721,-5.81824460566197,0.1322638286617791,-0.33039870054624376,3.303987005462438,1665.6612043068924,1676,-0.37187499999999996,-0.37187499999999996,5,0,bbox fill,False,,True,,1500,1561,1676,1497,2000,2000,1000,1000
567,589234415038935,11.340006332029589,commit_complete,tracking,0,127452,4230550149525,589234.410112346,0.004926588968373835,True,True,0.0,283,369,32,33,-0.065625,-0.60625,0.06875,32.49615361854384,3.4664256969158793,0.022609284949575592,,0.1231904461051957,0.1231904461051957,8.117512612512764,8.11258602354439,0.004926588968373835,0.0,1.5,342.0,0.039700135006569326,6.87,-6.37,6.37,0.15698587127158556,-10.0,-7.101524919241272,-7.101524919241272,-0.7851996862052313,-0.5,-1.2851996862052313,-0.8373601098300474,-1.47,0.14074983005411923,0.6326398901699526,12.652797803399052,-5.7802377223195425,0.1322638286617791,-0.33039870054624376,3.303987005462438,1664.8234529134581,1675,-0.35625000000000007,-0.35625000000000007,5,0,bbox fill,False,,True,,1500,1559,1675,1497,2000,2000,1000,1000
568,589234434993382,11.359960778965615,commit_complete,tracking,0,127452,4230550149525,589234.410112346,0.02488103590440005,False,True,0.0,283,369,32,33,-0.065625,-0.60625,0.06875,,3.4664256969158793,,duplicate frame,0.1231904461051957,0.1231904461051957,8.117512612512764,8.092631576608364,0.02488103590440005,0.0,1.5,342.0,0.05965458194259554,6.85,-6.35,6.35,0.15748031496062992,-10.0,-7.102275019933606,-7.102275019933606,-0.7846644122975504,-0.5,-1.2846644122975504,-0.8473373332980605,-1.39,0.019299826002679765,0.5426626667019394,10.853253334038788,-5.747752122158944,0.5657530540328706,-0.1511683496304209,1.511683496304209,1665.3828152918159,1672,-0.35625000000000007,-0.35625000000000007,5,0,bbox fill,False,,True,,1500,1559,1672,1497,2000,2000,1000,1000
569,589234454990169,11.379957566037774,commit_complete,tracking,0,127454,4230614596402,589234.443558242,0.011431926977820694,True,True,0.0,284,369,31,33,-0.0640625,-0.60625,0.06875,31.984371183438952,3.4686914266883635,-0.005298528788538537,,0.1105167744804598,0.1105167744804598,9.048400160980156,9.036968234002336,0.011431926977820694,0.0,1.5,342.0,0.07965136901475489,6.85,-6.35,6.35,0.15748031496062992,-10.0,-7.153118455685656,-7.153118455685656,-0.7026692841640854,-0.5,-1.2026692841640854,-0.8573357268341402,-1.39,0.039296613074839115,0.5326642731658597,10.653285463317195,-5.715797400004611,0.5657530540328706,-0.1511683496304209,1.511683496304209,1665.5508284403832,1672,-0.34062499999999996,-0.34062499999999996,5,0,bbox fill,False,,True,,1500,1560,1672,1497,2000,2000,1000,1000
570,589234475050059,11.40001745603513,commit_complete,tracking,0,127454,4230614596402,589234.443558242,0.031491816975176334,False,True,0.0,284,369,31,33,-0.0640625,-0.60625,0.06875,,3.4686914266883635,,duplicate frame,0.1105167744804598,0.1105167744804598,9.048400160980156,9.01690834400498,0.031491816975176334,0.0,1.5,342.0,0.09971125901211053,6.85,-6.35,6.35,0.15748031496062992,-10.0,-7.152149132271935,-7.152149132271935,-0.7042325104947847,-0.5,-1.2042325104947849,-0.867365671832818,-1.39,0.059356503072194755,0.5226343281671819,10.452686563343638,-5.684345438608984,0.5657530540328706,-0.1511683496304209,1.511683496304209,1664.7199753789612,1671,-0.34062499999999996,-0.34062499999999996,5,0,bbox fill,False,,True,,1500,1560,1671,1497,2000,2000,1000,1000
571,589234495021222,11.419988619047217,commit_complete,tracking,0,127455,4230647660340,589234.477009557,0.018011665088124573,True,True,0.0,285,368,31,33,-0.0609375,-0.6020833333333333,0.06875,31.984371183438952,3.46988901681508,-0.00714097513733325,,0.09343888045120709,0.09343888045120709,10.70218302243241,10.684171357344285,0.018011665088124573,0.0,1.6,342.0,0.01883552805520594,6.85,-6.35,6.35,0.15748031496062992,-10.0,-7.243788069353757,-7.243788069353757,-0.5943371542459415,-0.5,-1.0943371542459415,-0.8773512533388617,-1.39,0.0793276660842821,0.5126487466611382,10.252974933222765,-5.653630863546448,0.5657530540328706,-0.1511683496304209,1.511683496304209,1664.8889724340195,1671,-0.309375,-0.309375,5,0,bbox fill,False,,True,,1500,1560,1671,1498,2000,2000,1000,1000
572,589234515017810,11.439985207049176,commit_complete,tracking,0,127456,4230680967752,589234.510431755,0.004586055059917271,True,True,0.0,285,368,32,33,-0.059375,-0.6020833333333333,0.06875,32.49615361854384,3.475850373474391,0.008109782551865674,,0.11285060805702384,0.11285060805702384,8.861272590526905,8.856686535466988,0.004586055059917271,0.0,1.6,342.0,0.03883211605716497,6.85,-6.35,6.35,0.15748031496062992,-10.0,-7.1669398534011375,-7.1669398534011375,-0.7169724224258301,-0.5,-1.21697242242583,-0.8873495473398412,-1.39,0.09932425408624113,0.5026504526601587,10.053009053203175,-5.623476981513918,0.5657530540328706,-0.1511683496304209,1.511683496304209,1665.0587844320066,1671,-0.29374999999999996,-0.29374999999999996,5,0,bbox fill,False,,True,,1500,1560,1671,1498,2000,2000,1000,1000
573,589234535017565,11.45998496201355,commit_complete,tracking,0,127456,4230680967752,589234.510431755,0.024585810024291277,False,True,0.0,285,368,32,33,-0.059375,-0.6020833333333333,0.06875,,3.475850373474391,,duplicate frame,0.11285060805702384,0.11285060805702384,8.861272590526905,8.836686780502614,0.024585810024291277,0.0,1.6,342.0,0.05883187102153897,6.85,-6.35,6.35,0.15748031496062992,-10.0,-7.165923005330109,-7.165923005330109,-0.7185951202899628,-0.5,-1.2185951202899628,-0.8973494248220282,-1.39,0.11932400905061513,0.49265057517797173,9.853011503559435,-5.593918309154066,0.5657530540328706,-0.1511683496304209,1.511683496304209,1665.2292233092903,1671,-0.29374999999999996,-0.29374999999999996,5,0,bbox fill,False,,True,,1500,1560,1671,1498,2000,2000,1000,1000
574,589234554998875,11.479966272017919,commit_complete,tracking,0,127457,4230714322609,589234.543932823,0.011066052014939487,True,True,0.0,286,368,31,33,-0.0578125,-0.6020833333333333,0.06875,31.984371183438952,3.474596727132229,-0.014383606394485327,,0.07850279230716276,0.07850279230716276,12.738400388195592,12.727334336180652,0.011066052014939487,0.0,1.6,342.0,0.0788131810259074,6.85,-6.35,6.35,0.15748031496062992,-10.0,-7.303576457188768,-7.265829555351951,-0.49892615627677245,-0.5,-0.9989261562767724,-0.9073400798242124,-1.39,0.13930531905498356,0.4826599201757875,9.65319840351575,-5.564985776678918,0.5657530540328706,-0.1511683496304209,1.511683496304209,1665.400103876859,1671,-0.27812500000000007,-0.27812500000000007,5,0,bbox fill,False,,True,,1500,1561,1671,1498,2000,2000,1000,1000
575,589234575023809,11.49999120598659,commit_complete,tracking,0,127457,4230714322609,589234.543932823,0.031090985983610153,False,True,0.0,286,368,31,33,-0.0578125,-0.6020833333333333,0.06875,,3.474596727132229,,duplicate frame,0.07850279230716276,0.07850279230716276,12.738400388195592,12.707309402211981,0.031090985983610153,0.0,1.6,342.0,0.09883811499457806,6.85,-6.35,6.35,0.15748031496062992,-10.0,-7.30308376898377,-7.30308376898377,-0.49971239378925053,-0.5,-0.9997123937892505,-0.9173525468085477,-1.39,0.15933025302365422,0.4726474531914522,9.452949063829044,-5.53659157455706,0.5657530540328706,-0.1511683496304209,1.511683496304209,1665.5719590144238,1671,-0.27812500000000007,-0.27812500000000007,5,0,bbox fill,False,,True,,1500,1561,1671,1498,2000,2000,1000,1000
576,589234595016454,11.519983851001598,commit_complete,tracking,0,127458,4230747895274,589234.57735189,0.017664563958533108,True,True,0.0,286,368,32,33,-0.05625,-0.6020833333333333,0.06875,32.49615361854384,3.4785857474338506,0.0039015149219272516,,0.08784240652738602,0.08784240652738602,11.384023269993598,11.366358706035065,0.017664563958533108,0.0,1.6,342.0,0.11883076000958681,6.78,-6.28,6.28,0.1592356687898089,-10.0,-7.27312580004109,-7.27312580004109,-0.5525076378827971,-0.5,-1.052507637882797,-0.9273488693160521,-1.29,0.017986688995733857,0.36265113068394794,7.253022613678959,-5.514840508596893,0.6198236626062745,0.003030052816918205,-0.03030052816918205,1665.292118423087,1667,-0.2625,-0.2625,5,0,bbox fill,False,,True,,1500,1561,1667,1498,2000,2000,1000,1000
577,589234614998451,11.53996584797278,commit_complete,tracking,0,127459,4230781181707,589234.610823805,0.0041746459901332855,True,True,0.0,287,368,31,33,-0.0546875,-0.6020833333333333,0.06875,31.984371183438952,3.47582848468713,-0.01627861801740993,,0.04893547682995283,0.04893547682995283,20.435072155829324,20.43089750983919,0.0041746459901332855,0.0,1.7,342.0,0.007668207981623709,6.78,-6.28,6.28,0.1592356687898089,-10.0,-7.428446392868523,-7.373035784897002,-0.3073775881346208,-0.5,-0.8073775881346208,-0.9173578708304608,-1.29,0.03796868596691638,0.3726421291695392,7.452842583390784,-5.492502106907691,0.6198236626062745,0.003030052816918205,-0.03030052816918205,1665.0699600516862,1667,-0.246875,-0.246875,5,0,bbox fill,False,,True,,1500,1561,1667,1498,2000,2000,1000,1000
578,589234635015729,11.559983126004227,commit_complete,tracking,0,127459,4230781181707,589234.610823805,0.024191924021579325,False,True,0.0,287,368,31,33,-0.0546875,-0.6020833333333333,0.06875,,3.47582848468713,,duplicate frame,0.04893547682995283,0.04893547682995283,20.435072155829324,20.410880231807745,0.024191924021579325,0.0,1.7,342.0,0.02768548601306975,6.78,-6.28,6.28,0.1592356687898089,-10.0,-7.428255386445459,-7.428255386445459,-0.30767903827162846,-0.5,-0.8076790382716285,-0.9073492318147378,-1.29,0.05798596399836242,0.3826507681852622,7.6530153637052445,-5.469523226460558,0.6198236626062745,0.003030052816918205,-0.03030052816918205,1665.8468083909245,1668,-0.246875,-0.246875,5,0,bbox fill,False,,True,,1500,1562,1668,1498,2000,2000,1000,1000
579,589234654994467,11.57996186404489,commit_complete,tracking,0,127460,4230814286547,589234.644253179,0.010741288075223565,True,True,0.0,287,368,32,33,-0.053125,-0.6020833333333333,0.06875,32.49615361854384,3.4787444448247387,0.003657365089791753,,0.057687935290495804,0.057687935290495804,17.334647096734486,17.323905808659262,0.010741288075223565,0.0,1.7,342.0,0.04766422405373305,6.78,-6.28,6.28,0.1592356687898089,-10.0,-7.393516362424663,-7.393516362424663,-0.3625048571241351,-0.5,-0.8625048571241352,-0.8973598627944062,-1.29,0.07796470203902572,0.3926401372055939,7.8528027441118775,-5.445989863124116,0.6198236626062745,0.003030052816918205,-0.03030052816918205,1665.6234876471815,1668,-0.23125,-0.23125,5,0,bbox fill,False,,True,,1500,1562,1668,1498,2000,2000,1000,1000
580,589234675032998,11.600000394973904,commit_complete,tracking,0,127460,4230814286547,589234.644253179,0.030779819004237652,False,True,0.0,287,368,32,33,-0.053125,-0.6020833333333333,0.06875,,3.4787444448247387,,duplicate frame,0.057687935290495804,0.057687935290495804,17.334647096734486,17.303867277730248,0.030779819004237652,0.0,1.7,342.0,0.06770275498274714,6.78,-6.28,6.28,0.1592356687898089,-10.0,-7.393250370152103,-7.393250370152103,-0.36292465142068225,-0.5,-0.8629246514206823,-0.8873405973298991,-1.29,0.09800323296803981,0.4026594026701009,8.053188053402017,-5.421783754441327,0.6198236626062745,0.003030052816918205,-0.03030052816918205,1665.3988962292085,1668,-0.23125,-0.23125,5,0,bbox fill,False,,True,,1500,1562,1668,1498,2000,2000,1000,1000
581,589234695017143,11.619984540040605,commit_complete,tracking,0,127461,4230845274977,589234.67768853,0.017328613088466227,True,True,0.0,288,368,32,34,-0.05,-0.6041666666666666,0.07083333333333333,32.984845004941285,3.48605449457039,0.0153749525193132,,0.09447523272876265,0.09447523272876265,10.584784722055026,10.56745610896656,0.017328613088466227,0.0,1.7,342.0,0.08768690004944801,6.78,-6.28,6.28,0.1592356687898089,-10.0,-7.234896828994163,-7.234896828994163,-0.5942773677263137,-0.5,-1.0942773677263138,-0.8973326698632496,-1.29,0.11798737803474069,0.3926673301367505,7.85334660273501,-5.3982423917761055,0.6198236626062745,0.003030052816918205,-0.03030052816918205,1665.5751963172104,1668,-0.20000000000000004,-0.20000000000000004,5,0,bbox fill,False,,True,,1500,1560,1668,1499,2000,2000,1000,1000
582,589234715015950,11.639983347035013,commit_complete,tracking,0,127462,4230880885804,589234.711162761,0.0038531890604645014,True,True,0.0,288,369,32,33,-0.05,-0.60625,0.06875,32.49615361854384,3.4863836434654076,-0.008095248203545236,,0.07512841469879641,0.07512841469879641,13.310543074936206,13.306689885875741,0.0038531890604645014,0.0,1.7,342.0,0.10768570704385638,6.78,-6.28,6.28,0.1592356687898089,-10.0,-7.299836653574203,-7.299836653574203,-0.47194306426768434,-0.5,-0.9719430642676843,-0.9073320733604537,-1.29,0.13798618502914906,0.3826679266395463,7.653358532790926,-5.375283685752661,0.6198236626062745,0.003030052816918205,-0.03030052816918205,1665.752225681131,1668,-0.20000000000000004,-0.20000000000000004,5,0,bbox fill,False,,True,,1500,1561,1668,1499,2000,2000,1000,1000
583,589234734991913,11.659959309967235,commit_complete,tracking,0,127462,4230880885804,589234.711162761,0.023829151992686093,False,True,0.0,288,369,32,33,-0.05,-0.60625,0.06875,,3.4863836434654076,,duplicate frame,0.07512841469879641,0.07512841469879641,13.310543074936206,13.28671392294352,0.023829151992686093,0.0,1.7,342.0,0.12766166997607797,6.78,-6.28,6.28,0.1592356687898089,-10.0,-7.299391775839913,-7.299391775839913,-0.47265260894612066,-0.5,-0.9726526089461207,-0.9173200548265645,-1.29,0.15796214796137065,0.3726799451734355,7.45359890346871,-5.35294976344156,0.6198236626062745,0.003030052816918205,-0.03030052816918205,1664.929651388142,1667,-0.20000000000000004,-0.20000000000000004,5,0,bbox fill,False,,True,,1500,1561,1667,1499,2000,2000,1000,1000
584,589234755010579,11.679977976018563,commit_complete,tracking,0,127463,4230911708920,589234.744588063,0.010422516032122076,True,True,0.0,289,369,32,34,-0.046875,-0.6083333333333333,0.07083333333333333,32.984845004941285,3.4913985165184336,0.007153380291554434,,0.09224928987056749,0.09224928987056749,10.840191847580325,10.829769331548203,0.010422516032122076,0.0,1.6,341.0,0.016545363003388047,6.78,-6.28,6.28,0.1592356687898089,-10.0,-7.220348928094458,-7.220348928094458,-0.579883080400035,-0.5,-1.079883080400035,-0.9273293878522286,-1.29,0.17798081401269883,0.3626706121477714,7.253412242955428,-5.3311692178279095,0.6198236626062745,0.003030052816918205,-0.03030052816918205,1665.1080575030417,1667,-0.16875,-0.16875,5,0,bbox fill,False,,True,,1500,1560,1667,1499,2000,2000,1000,1000
585,589234775019677,11.699987074011005,commit_complete,tracking,0,127463,4230911708920,589234.744588063,0.030431614024564624,False,True,0.0,289,369,32,34,-0.046875,-0.6083333333333333,0.07083333333333333,,3.4913985165184336,,duplicate frame,0.09224928987056749,0.09224928987056749,10.840191847580325,10.80976023355576,0.030431614024564624,0.0,1.6,341.0,0.036554460995830595,6.7,-6.2,6.2,0.16129032258064516,-10.0,-7.227726886429425,-7.227726886429425,-0.5735557372266131,-0.5,-1.0735557372266131,-0.9373339368484499,-1.22,0.006183871999382973,0.2826660631515501,5.6533212630310015,-5.314201538957698,0.36495201088505097,0.07541444443054476,-0.7541444443054477,1665.4150247202322,1665,-0.16875,-0.16875,5,0,bbox fill,False,,True,,1500,1560,1665,1499,2000,2000,1000,1000
586,589234795026264,11.719993661041372,commit_complete,tracking,0,127464,4230944782520,589234.778079405,0.016946859075687826,True,True,0.0,289,370,32,34,-0.046875,-0.6125,0.07083333333333333,32.984845004941285,3.4950341196691204,0.0015601446751127845,,0.09597597165257485,0.09597597165257485,10.419274561969718,10.40232770289403,0.016946859075687826,0.0,1.6,341.0,0.05656104802619666,6.7,-6.2,6.2,0.16129032258064516,-10.0,-7.189987221064768,-7.189987221064768,-0.5960204462963706,-0.5,-1.0960204462963707,-0.9473372303636329,-1.22,0.026190459029749036,0.27266276963636704,5.453255392727341,-5.297836384665686,0.36495201088505097,0.07541444443054476,-0.7541444443054477,1665.5987254362437,1665,-0.16875,-0.16875,5,0,bbox fill,False,,True,,1500,1560,1665,1499,2000,2000,1000,1000
587,589234815006752,11.739974149037153,commit_complete,tracking,0,127465,4230977417882,589234.811540285,0.0034664670238271356,True,True,0.0,289,370,33,34,-0.0453125,-0.6125,0.07083333333333333,33.49626844888845,3.50286152915809,0.013188482897277698,,0.12750767764117982,0.12750767764117982,7.842664994762955,7.839198527739128,0.0034664670238271356,0.0,1.6,341.0,0.07654153602197766,6.7,-6.2,6.2,0.16129032258064516,-10.0,-7.0681892632214565,-7.0681892632214565,-0.7908971788456692,-0.5,-1.2908971788456691,-0.9573274743615234,-1.22,0.04617094702553004,0.26267252563847654,5.253450512769531,-5.282091408929663,0.36495201088505097,0.07541444443054476,-0.7541444443054477,1664.7827853404656,1664,-0.153125,-0.153125,5,0,bbox fill,False,,True,,1500,1559,1664,1499,2000,2000,1000,1000
588,589234835033028,11.760000425041653,commit_complete,tracking,0,127465,4230977417882,589234.811540285,0.023492743028327823,False,True,0.0,289,370,33,34,-0.0453125,-0.6125,0.07083333333333333,,3.50286152915809,,duplicate frame,0.12750767764117982,0.12750767764117982,7.842664994762955,7.819172251734627,0.023492743028327823,0.0,1.6,341.0,0.09656781202647835,6.7,-6.2,6.2,0.16129032258064516,-10.0,-7.066923246445254,-7.066923246445254,-0.7929228056875937,-0.5,-1.2929228056875937,-0.9673406123637738,-1.22,0.06619722303003073,0.2526593876362262,5.053187752724524,-5.26691192903387,0.36495201088505097,0.07541444443054476,-0.7541444443054477,1664.9678686206148,1664,-0.153125,-0.153125,5,0,bbox fill,False,,True,,1500,1559,1664,1499,2000,2000,1000,1000
589,589234855011412,11.779978808946908,commit_complete,tracking,0,127466,4231010834214,589234.845040375,0.00997103692498058,True,True,0.0,290,371,32,33,-0.04375,-0.6145833333333334,0.06875,32.49615361854384,3.4980290873398934,-0.026011315702753723,,0.06539126972448464,0.06539126972448464,15.292561288583867,15.282590251658887,0.00997103692498058,0.0,1.5,341.0,0.015478026936762035,6.7,-6.2,6.2,0.16129032258064516,-10.0,-7.296529831461041,-7.166815165971525,-0.40569039003888796,-0.5,-0.905690390038888,-0.9573514204111466,-1.22,0.08617560693528503,0.26264857958885335,5.252971591777067,-5.251170046568282,0.36495201088505097,0.07541444443054476,-0.7541444443054477,1664.7523428990967,1664,-0.13749999999999998,-0.13749999999999998,5,0,bbox fill,False,,True,,1500,1560,1664,1499,2000,2000,1000,1000
590,589234875024415,11.799991811974905,commit_complete,tracking,0,127466,4231010834214,589234.845040375,0.029984039952978492,False,True,0.0,290,371,32,33,-0.04375,-0.6145833333333334,0.06875,,3.4980290873398934,,duplicate frame,0.06539126972448464,0.06539126972448464,15.292561288583867,15.262577248630889,0.029984039952978492,0.0,1.5,341.0,0.035491029964759946,6.7,-6.2,6.2,0.16129032258064516,-10.0,-7.296199143862838,-7.266880181111515,-0.4062223501968623,-0.5,-0.9062223501968623,-0.9473449188971477,-1.22,0.10618860996328294,0.2726550811028523,5.453101622057046,-5.2348001056771505,0.36495201088505097,0.07541444443054476,-0.7541444443054477,1665.5358429279256,1665,-0.13749999999999998,-0.13749999999999998,5,0,bbox fill,False,,True,,1500,1561,1665,1499,2000,2000,1000,1000
591,589234895032957,11.820000353967771,commit_complete,tracking,0,127467,4231043363694,589234.878411965,0.016620991984382272,True,True,0.0,290,371,32,34,-0.04375,-0.6166666666666667,0.07083333333333333,32.984845004941285,3.498754218484909,-0.004163084272254203,,0.05541132144617527,0.05541132144617527,18.046853493132573,18.03023250114819,0.016620991984382272,0.0,1.5,341.0,0.05549957195762545,6.7,-6.2,6.2,0.16129032258064516,-10.0,-7.322340362891719,-7.322340362891719,-0.34386689132295856,-0.5,-0.8438668913229586,-0.9373406479007149,-1.22,0.12619715195614845,0.28265935209928506,5.653187041985701,-5.217833301128686,0.36495201088505097,0.07541444443054476,-0.7541444443054477,1665.3187907034485,1665,-0.13749999999999998,-0.13749999999999998,5,0,bbox fill,False,,True,,1500,1561,1665,1499,2000,2000,1000,1000
592,589234915022484,11.839989881031215,commit_complete,tracking,0,127468,4231076237060,589234.911922489,0.0030999950831755996,True,True,0.0,290,371,32,34,-0.04375,-0.6166666666666667,0.07083333333333333,32.984845004941285,3.499014077382874,-0.004562867192200226,,0.04451834419040109,0.04451834419040109,22.46265035651566,22.459550361432484,0.0030999950831755996,0.0,1.5,341.0,0.0754890990210697,6.7,-6.2,6.2,0.16129032258064516,-10.0,-7.3642690292399795,-7.3642690292399795,-0.276051830968381,-0.5,-0.776051830968381,-0.9273458843689928,-1.22,0.1461866790195927,0.2926541156310072,5.853082312620144,-5.200283249034783,0.36495201088505097,0.07541444443054476,-0.7541444443054477,1665.10134538072,1665,-0.13749999999999998,-0.13749999999999998,5,0,bbox fill,False,,True,,1500,1561,1665,1499,2000,2000,1000,1000
593,589234935048976,11.860016372986138,commit_complete,tracking,0,127468,4231076237060,589234.911922489,0.023126487038098276,False,True,0.0,290,371,32,34,-0.04375,-0.6166666666666667,0.07083333333333333,,3.499014077382874,,duplicate frame,0.04451834419040109,0.04451834419040109,22.46265035651566,22.43952386947756,0.023126487038098276,0.0,1.5,341.0,0.09551559097599238,6.68,-6.18,6.18,0.16181229773462785,-10.0,-7.366117610545706,-7.366117610545706,-0.27540691308544607,-0.5,-0.7754069130854461,-0.9173326383915315,-1.11,0.004777546972036362,0.19266736160846865,3.853347232169373,-5.188707894933098,0.6813861604568191,0.19660878763579964,-1.9660878763579963,1665.3014485391218,1662,-0.13749999999999998,-0.13749999999999998,5,0,bbox fill,False,,True,,1500,1561,1662,1499,2000,2000,1000,1000
594,589234955006936,11.87997433298733,commit_complete,tracking,0,127469,4231109486278,589234.945333252,0.009673684020526707,True,True,0.0,290,371,33,34,-0.0421875,-0.6166666666666667,0.07083333333333333,33.49626844888845,3.504327870064357,0.010932573810713109,,0.07069571417042346,0.07069571417042346,14.145129046851952,14.135455362831426,0.009673684020526707,0.0,1.5,341.0,0.11547355097718537,6.68,-6.18,6.18,0.16181229773462785,-10.0,-7.265761443017812,-7.265761443017812,-0.43719850838693497,-0.5,-0.937198508386935,-0.927311618392128,-1.11,0.02473550697322935,0.18268838160787215,3.653767632157443,-5.177769632694661,0.6813861604568191,0.19660878763579964,-1.9660878763579963,1665.4900898768951,1662,-0.12187500000000004,-0.12187500000000004,5,0,bbox fill,False,,True,,1500,1561,1662,1499,2000,2000,1000,1000
595,589234975020581,11.899987978045829,commit_complete,tracking,0,127469,4231109486278,589234.945333252,0.029687329079024494,False,True,0.0,290,371,33,34,-0.0421875,-0.6166666666666667,0.07083333333333333,,3.504327870064357,,duplicate frame,0.07069571417042346,0.07069571417042346,14.145129046851952,14.115441717772928,0.029687329079024494,-0.1,1.5,341.0,0.014504514052532613,6.68,-6.18,6.18,0.16181229773462785,-10.0,-7.2653769411071245,-7.2653769411071245,-0.43781839233686076,-0.5,-0.9378183923368608,-0.9373184409213768,-1.11,0.044749152031727135,0.17268155907862326,3.453631181572465,-5.167401670400018,0.6813861604568191,0.19660878763579964,-1.9660878763579963,1665.6798583651855,1662,-0.12187500000000004,-0.12187500000000004,5,0,bbox fill,False,,True,,1500,1561,1662,1499,2000,2000,1000,1000
596,589234995040295,11.920007691951469,commit_complete,tracking,0,127470,4231142621631,589234.978747929,0.01629236596636474,True,True,0.0,290,371,33,34,-0.0421875,-0.6166666666666667,0.07083333333333333,33.49626844888845,3.508350509002423,0.004743898521380796,,0.08205335445234575,0.08205335445234575,12.187192183358835,12.17089981739247,0.01629236596636474,-0.1,1.5,341.0,0.03452422795817256,6.68,-6.18,6.18,0.16181229773462785,-10.0,-7.221988231880683,-7.221988231880683,-0.507768537472361,-0.5,-1.0077685374723608,-0.9473282978741968,-1.11,0.06476886593736708,0.16267170212580329,3.2534340425160657,-5.157631747588712,0.6813861604568191,0.19660878763579964,-1.9660878763579963,1664.8702855814306,1661,-0.12187500000000004,-0.12187500000000004,5,0,bbox fill,False,,True,,1500,1560,1661,1499,2000,2000,1000,1000
597,589235015030338,11.93999773496762,commit_complete,tracking,0,127471,4231175704610,589235.012231211,0.0027991270180791616,True,True,0.0,290,371,33,34,-0.0421875,-0.6166666666666667,0.07083333333333333,33.49626844888845,3.511215566058153,0.00033611843564207433,,0.08285642611300095,0.08285642611300095,12.069069919045067,12.066270792026987,0.0027991270180791616,-0.1,1.5,341.0,0.054514270974323153,6.68,-6.18,6.18,0.16181229773462785,-10.0,-7.2192571607575164,-7.2192571607575164,-0.5121714990917947,-0.5,-1.0121714990917947,-0.9573233193822721,-1.11,0.08475890895351768,0.152676680617728,3.05353361235456,-5.148475707349378,0.6813861604568191,0.19660878763579964,-1.9660878763579963,1665.0610299713528,1661,-0.12187500000000004,-0.12187500000000004,5,0,bbox fill,False,,True,,1500,1560,1661,1499,2000,2000,1000,1000
598,589235035015714,11.959983111009933,commit_complete,tracking,0,127471,4231175704610,589235.012231211,0.022784503060393035,False,True,0.0,290,371,33,34,-0.0421875,-0.6166666666666667,0.07083333333333333,,3.511215566058153,,duplicate frame,0.08285642611300095,0.08285642611300095,12.069069919045067,12.046285415984674,0.022784503060393035,0.0,1.6,341.0,0.004183436976745725,6.68,-6.18,6.18,0.16181229773462785,-10.0,-7.218730097558607,-7.218730097558607,-0.5130212166316036,-0.5,-1.0130212166316035,-0.967316007403429,-1.11,0.10474428499583155,0.14268399259657105,2.853679851931421,-5.139920927607594,0.6813861604568191,0.19660878763579964,-1.9660878763579963,1665.252328952034,1661,-0.12187500000000004,-0.12187500000000004,5,0,bbox fill,False,,True,,1500,1560,1661,1499,2000,2000,1000,1000
599,589235054997125,11.979964521946386,commit_complete,tracking,0,127472,4231209716747,589235.045717771,0.009279353893361986,True,True,0.0,290,371,33,34,-0.0421875,-0.6166666666666667,0.07083333333333333,33.49626844888845,3.5130955078527073,-0.00255609970982551,,0.07674985750296422,0.07674985750296422,13.029340151691855,13.020060797798493,0.009279353893361986,0.0,1.6,341.0,0.024164847913198173,6.68,-6.18,6.18,0.16181229773462785,-10.0,-7.242529673313044,-7.242529673313044,-0.4746521614587967,-0.5,-0.9746521614587966,-0.9746521614587966,-1.11,0.124725695932284,0.13534783854120347,2.7069567708240694,-5.1318076052638375,0.6813861604568191,0.19660878763579964,-1.9660878763579963,1665.3909387107979,1661,-0.12187500000000004,-0.12187500000000004,5,0,bbox fill,False,,True,,1500,1560,1661,1499,2000,2000,1000,1000
600,589235075006907,11.999974303995259,commit_complete,tracking,0,127472,4231209716747,589235.045717771,0.02928913594223559,False,True,0.0,290,371,33,34,-0.0421875,-0.6166666666666667,0.07083333333333333,,3.5130955078527073,,duplicate frame,0.07674985750296422,0.07674985750296422,13.029340151691855,13.00005101574962,0.02928913594223559,0.0,1.6,341.0,0.044174629962071776,6.63,-6.13,6.13,0.1631321370309951,-10.0,-7.247135887571119,-7.247135887571119,-0.4715366110927932,-0.5,-0.9715366110927932,-0.9715366110927932,-0.98,0.0037392040248960257,0.00846338890720677,0.1692677781441354,-5.131299553561553,0.9220101804982973,0.3416890662082992,-3.416890662082992,1665.3789224375005,1657,-0.12187500000000004,-0.12187500000000004,5,0,bbox fill,False,,True,,1500,1560,1657,1499,2000,2000,1000,1000
601,589235095020509,12.019987905980088,commit_complete,tracking,0,127473,4231241972556,589235.079153197,0.015867311973124743,True,True,0.0,290,371,33,34,-0.0421875,-0.6166666666666667,0.07083333333333333,33.49626844888845,3.5141820018841075,-0.004227628988902499,,0.0666345289416318,0.0666345289416318,15.007234475626673,14.991367163653548,0.015867311973124743,0.0,1.6,341.0,0.06418823194690049,6.63,-6.13,6.13,0.1631321370309951,-10.0,-7.2863038070819535,-7.2863038070819535,-0.4089019989359034,-0.5,-0.9089019989359034,-0.9615298101003789,-0.98,0.023752806009724736,0.018470189899621126,0.3694037979924225,-5.130190588473847,0.9220101804982973,0.3416890662082992,-3.416890662082992,1665.1776774525645,1657,-0.12187500000000004,-0.12187500000000004,5,0,bbox fill,False,,True,,1500,1561,1657,1499,2000,2000,1000,1000
602,589235115025113,12.039992509991862,commit_complete,tracking,0,127474,4231274687334,589235.112542756,0.00248235696926713,True,True,0.0,290,371,32,34,-0.04375,-0.6166666666666667,0.07083333333333333,32.984845004941285,3.509281359421224,-0.02035868571273891,,0.01785596147817347,0.01785596147817347,30.0,29.997517643030733,0.00248235696926713,0.0,1.6,341.0,0.08419283595867455,6.63,-6.13,6.13,0.1631321370309951,-10.0,-7.414218173630859,-7.386326827140824,-0.20435024234160826,-0.5,-0.7043502423416083,-0.9515275080944918,-0.98,0.0437574100214988,0.028472491905508157,0.5694498381101631,-5.128481845696453,0.9220101804982973,0.3416890662082992,-3.416890662082992,1665.9759226696692,1658,-0.13749999999999998,-0.13749999999999998,5,0,bbox fill,False,,True,,1500,1562,1658,1499,2000,2000,1000,1000
603,589235135031244,12.059998641023412,commit_complete,tracking,0,127474,4231274687334,589235.112542756,0.022488488000817597,False,True,0.0,290,371,32,34,-0.04375,-0.6166666666666667,0.07083333333333333,,3.509281359421224,,duplicate frame,0.01785596147817347,0.01785596147817347,30.0,29.977511511999182,0.022488488000817597,0.0,1.7,341.0,0.0031869750237092376,6.63,-6.13,6.13,0.1631321370309951,-10.0,-7.414132891351626,-7.414132891351626,-0.20448661982987906,-0.5,-0.704486619829879,-0.9415244425787166,-0.98,0.06376354105304927,0.03847555742128339,0.7695111484256678,-5.126172604566607,0.9220101804982973,0.3416890662082992,-3.416890662082992,1665.773552118224,1658,-0.13749999999999998,-0.13749999999999998,5,0,bbox fill,False,,True,,1500,1562,1658,1499,2000,2000,1000,1000
604,589235155027435,12.079994832049124,commit_complete,tracking,0,127475,4231308416287,589235.146015703,0.00901173206511885,True,True,0.0,289,371,33,34,-0.0453125,-0.6166666666666667,0.07083333333333333,33.49626844888845,3.5104232982617356,0.001554991968592656,,0.021572376337935524,0.021572376337935524,30.0,29.99098826793488,0.00901173206511885,0.0,1.7,341.0,0.023183166049420834,6.63,-6.13,6.13,0.1631321370309951,-10.0,-7.414190352670996,-7.414190352670996,-0.20439473168524896,-0.5,-0.704394731685249,-0.9315263470658608,-0.98,0.08375973207876086,0.04847365293413919,0.9694730586827838,-5.1232647392952515,0.9220101804982973,0.3416890662082992,-3.416890662082992,1665.5706823426954,1658,-0.153125,-0.153125,5,0,bbox fill,False,,True,,1500,1562,1658,1499,2000,2000,1000,1000
605,589235175026022,12.099993419018574,commit_complete,tracking,0,127475,4231308416287,589235.146015703,0.029010319034568965,False,True,0.0,289,371,33,34,-0.0453125,-0.6166666666666667,0.07083333333333333,,3.5104232982617356,,duplicate frame,0.021572376337935524,0.021572376337935524,30.0,29.97098968096543,0.029010319034568965,0.0,1.7,341.0,0.04318175301887095,6.63,-6.13,6.13,0.1631321370309951,-10.0,-7.414105065435862,-7.414105065435862,-0.20453111709865096,-0.5,-0.704531117098651,-0.9215270535811357,-0.98,0.10375831904821098,0.05847294641886425,1.169458928377285,-5.119756610382298,0.9220101804982973,0.3416890662082992,-3.416890662082992,1665.367188344088,1658,-0.153125,-0.153125,5,0,bbox fill,False,,True,,1500,1562,1658,1499,2000,2000,1000,1000
606,589235195031755,12.11999915202614,commit_complete,tracking,0,127476,4231340482591,589235.179442127,0.015589628019370139,True,True,0.0,289,371,33,35,-0.0453125,-0.61875,0.07291666666666667,33.98529093593286,3.5163185846965326,0.014783425817560758,,0.05695378790022048,0.05695378790022048,17.55809467408802,17.54250504606865,0.015589628019370139,0.0,1.7,341.0,0.06318748602643609,6.63,-6.13,6.13,0.1631321370309951,-10.0,-7.310861991920961,-7.310861991920961,-0.34943698085888586,-0.5,-0.8494369808588859,-0.9115241870773532,-0.98,0.12376405205577612,0.06847581292264682,1.3695162584529363,-5.1156468838898785,0.9220101804982973,0.3416890662082992,-3.416890662082992,1665.16302128752,1658,-0.153125,-0.153125,5,0,bbox fill,False,,True,,1500,1561,1658,1499,2000,2000,1000,1000
607,589235215025742,12.139993138960563,commit_complete,tracking,0,127477,4231373466884,589235.212947262,0.002078479970805347,True,True,0.0,288,371,34,35,-0.046875,-0.61875,0.07291666666666667,34.49637662132068,3.526146441449625,0.02262746400486515,,0.11098124134305287,0.11098124134305287,9.010531761028975,9.00845328105817,0.002078479970805347,0.0,1.7,341.0,0.08318147296085954,6.63,-6.13,6.13,0.1631321370309951,-10.0,-7.104977666159718,-7.104977666159718,-0.6804719754599143,-0.5,-1.1804719754599144,-0.9215211805445649,-0.98,0.14375803899019957,0.058478819455435094,1.1695763891087019,-5.112139209633481,0.9220101804982973,0.3416890662082992,-3.416890662082992,1665.3594534826077,1658,-0.16875,-0.16875,5,0,bbox fill,False,,True,,1500,1559,1658,1499,2000,2000,1000,1000
608,589235235040187,12.160007584025152,commit_complete,tracking,0,127477,4231373466884,589235.212947262,0.022092925035394728,False,True,0.0,288,371,34,35,-0.046875,-0.61875,0.07291666666666667,,3.526146441449625,,duplicate frame,0.11098124134305287,0.11098124134305287,9.010531761028975,8.98843883599358,0.022092925035394728,0.0,1.7,341.0,0.10319591802544892,6.63,-6.13,6.13,0.1631321370309951,-10.0,-7.104035301681543,-7.104035301681543,-0.6819871739520371,-0.5,-1.1819871739520371,-0.9315284030768596,-0.98,0.16377248405478895,0.0484715969231404,0.9694319384628081,-5.109228813292048,0.9220101804982973,0.3416890662082992,-3.416890662082992,1665.5566875369122,1658,-0.16875,-0.16875,5,0,bbox fill,False,,True,,1500,1559,1658,1499,2000,2000,1000,1000
609,589235255025473,12.179992869962007,commit_complete,tracking,0,127478,4231408025433,589235.246369463,0.008656009915284812,True,True,0.0,288,372,33,35,-0.0484375,-0.6229166666666667,0.07291666666666667,33.98529093593286,3.528480925244655,-0.003927867333397117,,0.10157942528263848,0.10157942528263848,9.84451326848485,9.835857258569565,0.008656009915284812,0.0,1.7,341.0,0.1231812039623037,6.59,-6.09,6.09,0.16420361247947454,-10.0,-7.12122494708883,-7.12122494708883,-0.6191631130773112,-0.5,-1.1191631130773112,-0.941521046045287,-0.84,0.002228738972917199,-0.101521046045287,-2.03042092090574,-5.115315594693519,0.7712265041813484,0.42759655380290906,-4.275965538029091,1665.4217020536285,1654,-0.184375,-0.184375,5,0,bbox fill,False,,True,,1500,1559,1654,1499,2000,2000,1000,1000
610,589235274995934,12.199963330989704,commit_complete,tracking,0,127478,4231408025433,589235.246369463,0.02862647094298154,False,True,0.0,288,372,33,35,-0.0484375,-0.6229166666666667,0.07291666666666667,,3.528480925244655,,duplicate frame,0.10157942528263848,0.10157942528263848,9.84451326848485,9.815886797541868,0.02862647094298154,0.0,1.6,341.0,0.001940350979566574,6.59,-6.09,6.09,0.16420361247947454,-10.0,-7.120444966724438,-7.120444966724438,-0.620422802912222,-0.5,-1.120422802912222,-0.9515062765591353,-0.84,0.022199200000613928,-0.11150627655913536,-2.2301255311827073,-5.121996089944623,0.7712265041813484,0.42759655380290906,-4.275965538029091,1665.6280871591564,1654,-0.184375,-0.184375,5,0,bbox fill,False,,True,,1500,1559,1654,1499,2000,2000,1000,1000
611,589235295005776,12.219973172992468,commit_complete,tracking,0,127479,4231439543366,589235.279843769,0.015162006951868534,True,True,0.0,287,373,34,35,-0.05,-0.6270833333333333,0.07291666666666667,34.49637662132068,3.535021799474487,0.00897306704353884,,0.12302409283196439,0.12302409283196439,8.12848911932946,8.113327112377592,0.015162006951868534,0.0,1.6,341.0,0.02195019298233092,6.59,-6.09,6.09,0.16420361247947454,-10.0,-7.0172912723555685,-7.0172912723555685,-0.7506168450559785,-0.5,-1.2506168450559785,-0.9615111975605175,-0.84,0.04220904200337827,-0.12151119756051754,-2.4302239512103507,-5.129290349538881,0.7712265041813484,0.42759655380290906,-4.275965538029091,1664.8354798387784,1653,-0.20000000000000004,-0.20000000000000004,5,0,bbox fill,False,,True,,1500,1558,1653,1499,2000,2000,1000,1000
612,589235314992749,12.239960146020167,commit_complete,tracking,0,127480,4231472671405,589235.313257015,0.0017357340548187494,True,True,0.0,287,373,33,35,-0.0515625,-0.6270833333333333,0.07291666666666667,33.98529093593286,3.534510815950199,-0.013204622265003518,,0.09140879321158686,0.09140879321158686,10.939866558409408,10.93813082435459,0.0017357340548187494,0.0,1.6,341.0,0.041937166010029614,6.59,-6.09,6.09,0.16420361247947454,-10.0,-7.13599325400614,-7.117226137494062,-0.5567678882062872,-0.5,-1.0567678882062872,-0.9715046840743669,-0.84,0.06219601503107697,-0.13150468407436688,-2.6300936814873377,-5.137175491259712,0.7712265041813484,0.42759655380290906,-4.275965538029091,1665.0432347107762,1653,-0.21562499999999998,-0.21562499999999998,5,0,bbox fill,False,,True,,1500,1559,1653,1498,2000,2000,1000,1000
613,589235334994714,12.25996211101301,commit_complete,tracking,0,127480,4231472671405,589235.313257015,0.021737699047662318,False,True,0.0,287,373,33,35,-0.0515625,-0.6270833333333333,0.07291666666666667,,3.534510815950199,,duplicate frame,0.09140879321158686,0.09140879321158686,10.939866558409408,10.918128859361746,0.021737699047662318,0.0,1.6,341.0,0.06193913100287318,6.59,-6.09,6.09,0.16420361247947454,-10.0,-7.135368666737676,-7.135368666737676,-0.5577878845767726,-0.5,-1.0577878845767725,-0.9815056665707886,-0.84,0.08219798002392054,-0.14150566657078867,-2.8301133314157734,-5.145666665426826,0.7712265041813484,0.42759655380290906,-4.275965538029091,1665.2517455348716,1653,-0.21562499999999998,-0.21562499999999998,5,0,bbox fill,False,,True,,1500,1559,1653,1498,2000,2000,1000,1000
614,589235355016141,12.27998353797011,commit_complete,tracking,0,127481,4231505535426,589235.346787826,0.008228314924053848,True,True,0.0,286,374,34,35,-0.053125,-0.63125,0.07291666666666667,34.49637662132068,3.5387232900706955,0.003278466126294788,,0.09923077191267697,0.09923077191267697,10.077519107480082,10.069290792556028,0.008228314924053848,0.0,1.6,341.0,0.08196055795997381,6.59,-6.09,6.09,0.16420361247947454,-10.0,-7.083038336348728,-7.083038336348728,-0.604809228918305,-0.5,-1.1048092289183051,-0.991516380049339,-0.84,0.10221940698102117,-0.15151638004933898,-3.0303276009867797,-5.1547673878347124,0.7712265041813484,0.42759655380290906,-4.275965538029091,1665.4610605268506,1653,-0.23125,-0.23125,5,0,bbox fill,False,,True,,1500,1559,1653,1498,2000,2000,1000,1000
615,589235375043035,12.300010432023555,commit_complete,tracking,0,127481,4231505535426,589235.346787826,0.028255208977498114,False,True,0.0,286,374,34,35,-0.053125,-0.63125,0.07291666666666667,,3.5387232900706955,,duplicate frame,0.09923077191267697,0.09923077191267697,10.077519107480082,10.049263898502584,0.028255208977498114,0.0,1.6,341.0,0.10198745201341808,6.59,-6.09,6.09,0.16420361247947454,-10.0,-7.0823085218363815,-7.0823085218363815,-0.6060145361400506,-0.5,-1.1060145361400506,-1.001529827076061,-0.84,0.12224630103446543,-0.16152982707606112,-3.2305965415212223,-5.164472210034683,0.7712265041813484,0.42759655380290906,-4.275965538029091,1664.671034289585,1652,-0.23125,-0.23125,5,0,bbox fill,False,,True,,1500,1559,1652,1498,2000,2000,1000,1000
616,589235395004773,12.319972170051187,commit_complete,tracking,0,127482,4231538370395,589235.380148786,0.014855987043119967,True,True,0.0,286,374,33,36,-0.0546875,-0.6333333333333333,0.075,34.46737587922817,3.5413265580081115,-0.0020204739181783893,,0.09438565014045172,0.09438565014045172,10.594830872192306,10.579974885149186,0.014855987043119967,0.0,1.6,341.0,0.12194919004105031,6.59,-6.09,6.09,0.16420361247947454,-10.0,-7.088846575565551,-7.088846575565551,-0.575615733128853,-0.5,-1.075615733128853,-1.0115106960898772,-0.84,0.14220803906209767,-0.17151069608987723,-3.4302139217975447,-5.1747431647875315,0.7712265041813484,0.42759655380290906,-4.275965538029091,1664.8809226246142,1652,-0.246875,-0.246875,5,0,bbox fill,False,,True,,1500,1559,1652,1498,2000,2000,1000,1000
617,589235414988609,12.339956006035209,commit_complete,tracking,0,127483,4231571468600,589235.413608188,0.0013804209884256124,True,True,0.0,285,374,34,36,-0.05625,-0.6333333333333333,0.075,34.9857113690718,3.548143925562498,0.01045508611328927,,0.11938331411828783,0.11938331411828783,8.37637996051254,8.374999539524115,0.0013804209884256124,0.0,1.5,341.0,0.0009054919937625527,6.59,-6.09,6.09,0.16420361247947454,-10.0,-6.997602276412634,-6.997602276412634,-0.7271642190855626,-0.5,-1.2271642190855627,-1.021502614081888,-0.84,0.1621918750461191,-0.18150261408188795,-3.630052281637759,-5.185624520198982,0.7712265041813484,0.42759655380290906,-4.275965538029091,1665.0916423398658,1652,-0.2625,-0.2625,5,0,bbox fill,False,,True,,1500,1558,1652,1498,2000,2000,1000,1000
618,589235435010560,12.359977956977673,commit_complete,tracking,0,127483,4231571468600,589235.413608188,0.021402371930889785,False,True,0.0,285,374,34,36,-0.05625,-0.6333333333333333,0.075,,3.548143925562498,,duplicate frame,0.11938331411828783,0.11938331411828783,8.37637996051254,8.35497758858165,0.021402371930889785,0.0,1.5,341.0,0.020927442936226726,6.58,-6.08,6.08,0.16447368421052633,-10.0,-6.997543364888633,-6.997543364888633,-0.7277099113119401,-0.5,-1.22770991131194,-1.03151358955312,-0.67,0.0007152790203690529,-0.36151358955311996,-7.2302717910624,-5.207339142264183,0.9366466169548563,0.5294065664332985,-5.294065664332985,1664.7316765976595,1647,-0.2625,-0.2625,5,0,bbox fill,False,,True,,1500,1558,1647,1498,2000,2000,1000,1000
619,589235455021916,12.379989312961698,commit_complete,tracking,0,127484,4231604860113,589235.447060062,0.00796185398939997,True,True,0.0,285,375,33,35,-0.0578125,-0.6354166666666666,0.07291666666666667,33.98529093593286,3.5429641227551567,-0.026209709657246005,,0.056702916085924676,0.056702916085924676,17.635777293792994,17.627815439803594,0.00796185398939997,0.0,1.5,341.0,0.04093879892025143,6.58,-6.08,6.08,0.16447368421052633,-10.0,-7.21573755318379,-7.097600144808757,-0.34490944273624313,-0.5,-0.8449094427362431,-1.0215079115611077,-0.67,0.020726635004393756,-0.3515079115611076,-7.030158231222153,-5.228441592112534,0.9366466169548563,0.5294065664332985,-5.294065664332985,1665.5526654876676,1648,-0.27812500000000007,-0.27812500000000007,5,0,bbox fill,False,,True,,1500,1559,1648,1498,2000,2000,1000,1000
620,589235475045016,12.400012413039804,commit_complete,tracking,0,127484,4231604860113,589235.447060062,0.027984954067505896,False,True,0.0,285,375,33,35,-0.0578125,-0.6354166666666666,0.07291666666666667,,3.5429641227551567,,duplicate frame,0.056702916085924676,0.056702916085924676,17.635777293792994,17.60779233972549,0.027984954067505896,0.0,1.5,341.0,0.060961898998357356,6.58,-6.08,6.08,0.16447368421052633,-10.0,-7.215502360002355,-7.1977156451992865,-0.345301664325216,-0.5,-0.845301664325216,-1.0114963615220547,-0.67,0.04074973508249968,-0.34149636152205465,-6.829927230441093,-5.2489550395817295,0.9366466169548563,0.5294065664332985,-5.294065664332985,1665.3729479343558,1648,-0.27812500000000007,-0.27812500000000007,5,0,bbox fill,False,,True,,1500,1560,1648,1498,2000,2000,1000,1000
621,589235495011689,12.419979086029343,commit_complete,tracking,0,127485,4231637584176,589235.48047749,0.014534199028275907,True,True,0.0,284,375,34,36,-0.059375,-0.6375,0.075,34.9857113690718,3.548387248479759,0.010080743163656258,,0.08083581621211638,0.08083581621211638,12.370754040213566,12.35621984118529,0.014534199028275907,0.0,1.5,341.0,0.08092857198789716,6.58,-6.08,6.08,0.16447368421052633,-10.0,-7.115342590517372,-7.115342590517372,-0.49205987576672694,-0.5,-0.9920598757667269,-1.0015130250272848,-0.67,0.060716408072039485,-0.33151302502728475,-6.630260500545695,-5.268812676069208,0.9366466169548563,0.5294065664332985,-5.294065664332985,1665.193138840948,1648,-0.29374999999999996,-0.29374999999999996,5,0,bbox fill,False,,True,,1500,1559,1648,1498,2000,2000,1000,1000
622,589235515037333,12.440004730015062,commit_complete,tracking,0,127486,4231670476492,589235.514025586,0.00101174705196172,True,True,0.0,284,375,34,36,-0.059375,-0.6375,0.075,34.9857113690718,3.5524433445671355,0.0038405953369236023,,0.08999423841591624,0.08999423841591624,11.111822463327181,11.11081071627522,0.00101174705196172,0.0,1.5,341.0,0.10095421597361565,6.58,-6.08,6.08,0.16447368421052633,-10.0,-7.082458284681321,-7.082458284681321,-0.5472147942448483,-0.5,-1.0472147942448484,-1.011525847020144,-0.67,0.08074205205775797,-0.341525847020144,-6.83051694040288,-5.289330501142247,0.9366466169548563,0.5294065664332985,-5.294065664332985,1665.413913105878,1648,-0.29374999999999996,-0.29374999999999996,5,0,bbox fill,False,,True,,1500,1559,1648,1498,2000,2000,1000,1000
623,589235535047231,12.460014628013596,commit_complete,tracking,0,127486,4231670476492,589235.514025586,0.021021645050495863,False,True,0.0,284,375,34,36,-0.059375,-0.6375,0.075,,3.5524433445671355,,duplicate frame,0.08999423841591624,0.08999423841591624,11.111822463327181,11.090800818276685,0.021021645050495863,0.0,1.5,341.0,0.12096411397214979,6.58,-6.08,6.08,0.16447368421052633,-10.0,-7.081869652189589,-7.081869652189589,-0.5482020730171877,-0.5,-1.0482020730171877,-1.021530796019411,-0.67,0.10075195005629212,-0.35153079601941106,-7.030615920388222,-5.310432787257323,0.9366466169548563,0.5294065664332985,-5.294065664332985,1664.6351143719785,1647,-0.29374999999999996,-0.29374999999999996,5,0,bbox fill,False,,True,,1500,1559,1647,1498,2000,2000,1000,1000
624,589235554996340,12.47996373695787,commit_complete,tracking,0,127487,4231703405328,589235.547352209,0.0076441309647634625,True,True,0.0,283,375,34,36,-0.0625,-0.6375,0.075,34.9857113690718,3.5552665626443494,-0.0005028170895595707,,0.08878723442008542,0.08878723442008542,11.262880373868029,11.255236242903266,0.0076441309647634625,0.0,1.5,342.0,0.009839312988333404,6.58,-6.08,6.08,0.16447368421052633,-10.0,-7.0866447896077975,-7.0866447896077975,-0.5401930149474745,-0.5,-1.0401930149474745,-1.0315053504915483,-0.67,0.1207010590005666,-0.3615053504915483,-7.2301070098309665,-5.332067916120005,0.9366466169548563,0.5294065664332985,-5.294065664332985,1664.856240590284,1647,-0.325,-0.325,5,0,bbox fill,False,,True,,1500,1559,1647,1498,2000,2000,1000,1000
625,589235575039536,12.500006932998076,commit_complete,tracking,0,127487,4231703405328,589235.547352209,0.02768732700496912,False,True,0.0,283,375,34,36,-0.0625,-0.6375,0.075,,3.5552665626443494,,duplicate frame,0.08878723442008542,0.08878723442008542,11.262880373868029,11.23519304686306,0.02768732700496912,0.0,1.5,342.0,0.02988250902853906,6.58,-6.08,6.08,0.16447368421052633,-10.0,-7.086070223729411,-7.086070223729411,-0.5411567006138427,-0.5,-1.0411567006138427,-1.0411567006138427,-0.67,0.14074425504077226,-0.37115670061384265,-7.4231340122768525,-5.354385415656123,0.9366466169548563,0.5294065664332985,-5.294065664332985,1665.0715850922659,1647,-0.325,-0.325,5,0,bbox fill,False,,True,,1500,1559,1647,1498,2000,2000,1000,1000
626,589235595031524,12.519998920965008,commit_complete,tracking,0,127488,4231736526029,589235.580861494,0.014170030015520751,True,True,0.0,283,375,34,36,-0.0625,-0.6375,0.075,34.9857113690718,3.5570860496366112,-0.0033020278468853803,,0.08090397973128223,0.08090397973128223,12.360331386928562,12.346161356913042,0.014170030015520751,0.0,1.5,342.0,0.04987449699547142,6.58,-6.08,6.08,0.16447368421052633,-10.0,-7.115103576717281,-7.115103576717281,-0.49246075960246527,-0.5,-0.9924607596024653,-1.0311607066303765,-0.52,0.01962157792877406,-0.5111607066303765,-10.22321413260753,-5.385042771744492,1.0629653545653783,0.6361183240597145,-6.3611832405971445,1664.9694401449492,1643,-0.325,-0.325,5,0,bbox fill,False,,True,,1500,1559,1643,1498,2000,2000,1000,1000
627,589235615011554,12.539978950982913,commit_complete,tracking,0,127489,4231769570614,589235.614317549,0.0006940049352124333,True,True,0.0,283,375,34,37,-0.0625,-0.6395833333333333,0.07708333333333334,35.4682957019364,3.5628890319866753,0.00884644099002685,,0.10205755797368368,0.10205755797368368,9.798392395964026,9.797698391028813,0.0006940049352124333,0.0,1.5,342.0,0.06985452701337636,6.58,-6.08,6.08,0.16447368421052633,-10.0,-7.0270154001314085,-7.0270154001314085,-0.6205539053505775,-0.5,-1.1205539053505775,-1.041150721639329,-0.52,0.039601607946678996,-0.521150721639329,-10.42301443278658,-5.416280592931112,1.0629653545653783,0.6361183240597145,-6.3611832405971445,1665.2004782663148,1643,-0.325,-0.325,5,0,bbox fill,False,,True,,1500,1559,1643,1498,2000,2000,1000,1000
628,589235635017564,12.559984961058944,commit_complete,tracking,0,127489,4231769570614,589235.614317549,0.020700015011243522,False,True,0.0,283,375,34,37,-0.0625,-0.6395833333333333,0.07708333333333334,,3.5628890319866753,,duplicate frame,0.10205755797368368,0.10205755797368368,9.798392395964026,9.777692380952782,0.020700015011243522,0.0,1.5,342.0,0.08986053708940744,6.58,-6.08,6.08,0.16447368421052633,-10.0,-7.026262729599509,-7.026262729599509,-0.6218236126802281,-0.5,-1.1218236126802281,-1.0511537266773445,-0.52,0.059607618022710085,-0.5311537266773445,-10.623074533546891,-5.448159393354597,1.0629653545653783,0.6361183240597145,-6.3611832405971445,1665.4324171674987,1643,-0.325,-0.325,5,0,bbox fill,False,,True,,1500,1559,1643,1498,2000,2000,1000,1000
629,589235654987623,12.57995501998812,commit_complete,tracking,0,127490,4231802719059,589235.64778162,0.00720600294880569,True,True,0.0,282,376,35,36,-0.0640625,-0.6416666666666667,0.075,35.4964786985977,3.567399515669226,0.0031292066208248315,,0.10953831337038147,0.10953831337038147,9.129225831866735,9.12201982891793,0.00720600294880569,0.1,1.5,342.0,0.0190346569288522,6.58,-6.08,6.08,0.16447368421052633,-10.0,-6.988208344366637,-6.988208344366637,-0.6665190510467484,-0.5,-1.1665190510467482,-1.061138756141932,-0.52,0.07957767695188522,-0.5411387561419321,-10.822775122838642,-5.480579111901642,1.0629653545653783,0.6361183240597145,-6.3611832405971445,1664.6645374753375,1642,-0.34062499999999996,-0.34062499999999996,5,0,bbox fill,False,,True,,1500,1558,1642,1497,2000,2000,1000,1000
630,589235675039898,12.600007295026444,commit_complete,tracking,0,127490,4231802719059,589235.64778162,0.027258277987129986,False,True,0.0,282,376,35,36,-0.0640625,-0.6416666666666667,0.075,,3.567399515669226,,duplicate frame,0.10953831337038147,0.10953831337038147,9.129225831866735,9.101967553879605,0.027258277987129986,0.1,1.5,342.0,0.0390869319671765,6.58,-6.08,6.08,0.16447368421052633,-10.0,-6.987342929069898,-6.987342929069898,-0.6679874394200046,-0.5,-1.1679874394200045,-1.0711648936610942,-0.52,0.09962995199020952,-0.5511648936610942,-11.023297873221885,-5.513735442019125,1.0629653545653783,0.6361183240597145,-6.3611832405971445,1664.8982165558382,1642,-0.34062499999999996,-0.34062499999999996,5,0,bbox fill,False,,True,,1500,1558,1642,1497,2000,2000,1000,1000
631,589235695038936,12.62000633298885,commit_complete,tracking,0,127491,4231835444023,589235.68118705,0.013851886033080518,True,True,0.0,282,376,35,36,-0.0640625,-0.6416666666666667,0.075,35.4964786985977,3.5704898735682633,-0.0016251901469250818,,0.10564627509758685,0.10564627509758685,9.465549060544603,9.451697174511523,0.013851886033080518,0.1,1.5,342.0,0.05908596992958337,6.58,-6.08,6.08,0.16447368421052633,-10.0,-7.0019100774715275,-7.0019100774715275,-0.6432707150622632,-0.5,-1.1432707150622632,-1.0811644126422977,-0.52,0.1196289899526164,-0.5611644126422977,-11.223288252845954,-5.5474036871938806,1.0629653545653783,0.6361183240597145,-6.3611832405971445,1665.131875180637,1642,-0.34062499999999996,-0.34062499999999996,5,0,bbox fill,False,,True,,1500,1558,1642,1497,2000,2000,1000,1000
632,589235715015620,12.639983016997576,commit_complete,tracking,0,127492,4231868528403,589235.714663162,0.0003524579806253314,True,True,0.0,282,376,34,36,-0.065625,-0.6416666666666667,0.075,34.9857113690718,3.5673461311106274,-0.019086768576140667,,0.060033406933546474,0.060033406933546474,16.657392126802705,16.65703966882208,0.0003524579806253314,0.1,1.5,342.0,0.07906265393830836,6.58,-6.08,6.08,0.16447368421052633,-10.0,-7.1659064417071185,-7.101793497515152,-0.3650108375127592,-0.5,-0.8650108375127592,-1.0711760706379352,-0.52,0.13960567396134138,-0.5511760706379352,-11.023521412758704,-5.580435697782795,1.0629653545653783,0.6361183240597145,-6.3611832405971445,1664.9651403511386,1642,-0.35625000000000007,-0.35625000000000007,5,0,bbox fill,False,,True,,1500,1559,1642,1497,2000,2000,1000,1000
633,589235735018138,12.659985534963198,commit_complete,tracking,0,127492,4231868528403,589235.714663162,0.020354975946247578,False,True,0.0,282,376,34,36,-0.065625,-0.6416666666666667,0.075,,3.5673461311106274,,duplicate frame,0.060033406933546474,0.060033406933546474,16.657392126802705,16.637037150856457,0.020354975946247578,0.1,1.5,342.0,0.0990651719039306,6.54,-6.04,6.04,0.16556291390728478,-10.0,-7.169550873369385,-7.169550873369385,-0.3630454115857442,-0.5,-0.8630454115857442,-1.061174811655124,-0.45,0.00839059497229755,-0.6111748116551241,-12.223496233102482,-5.617110803233597,0.4629090886888349,0.6014764769855385,-6.014764769855385,1664.8553718061914,1641,-0.35625000000000007,-0.35625000000000007,5,0,bbox fill,False,,True,,1500,1560,1641,1497,2000,2000,1000,1000
634,589235754989557,12.679956953972578,commit_complete,tracking,0,127493,4231901680135,589235.748125172,0.0068643849808722734,True,True,0.0,282,376,34,36,-0.065625,-0.6416666666666667,0.075,34.9857113690718,3.564309636259614,-0.014415238036120659,,0.02556987519233688,0.02556987519233688,30.0,29.993135615019128,0.0068643849808722734,0.1,1.5,342.0,0.11903659091331065,6.54,-6.04,6.04,0.16556291390728478,-10.0,-7.265461993713327,-7.265461993713327,-0.20137941152693142,-0.5,-0.7013794115269314,-1.051189102150434,-0.45,0.028362013981677592,-0.6011891021504341,-12.023782043008682,-5.6531306016223555,0.4629090886888349,0.6014764769855385,-6.014764769855385,1665.6916774144863,1642,-0.35625000000000007,-0.35625000000000007,5,0,bbox fill,False,,True,,1500,1561,1642,1497,2000,2000,1000,1000
635,589235775026559,12.69999395601917,commit_complete,tracking,0,127493,4231901680135,589235.748125172,0.026901387027464807,False,True,0.0,282,376,34,36,-0.065625,-0.6416666666666667,0.075,,3.564309636259614,,duplicate frame,0.02556987519233688,0.02556987519233688,30.0,29.973098612972535,0.026901387027464807,0.0,1.5,342.0,0.018103981972672045,6.54,-6.04,6.04,0.16556291390728478,-10.0,-7.265382126884949,-7.265382126884949,-0.20151403356694833,-0.5,-0.7015140335669483,-1.0411706011271378,-0.45,0.048399016028270125,-0.5911706011271378,-11.823412022542756,-5.688666461256365,0.4629090886888349,0.6014764769855385,-6.014764769855385,1665.5268432536545,1642,-0.35625000000000007,-0.35625000000000007,5,0,bbox fill,False,,True,,1500,1561,1642,1497,2000,2000,1000,1000
636,589235795008356,12.71997575298883,commit_complete,tracking,0,127494,4231936514119,589235.781504536,0.01350381993688643,True,True,0.0,282,376,34,37,-0.065625,-0.64375,0.07708333333333334,35.4682957019364,3.5663797691017796,0.003476076197558964,,0.03390095349876805,0.03390095349876805,29.49769539775156,29.484191577814673,0.01350381993688643,0.0,1.5,342.0,0.03808577894233167,6.54,-6.04,6.04,0.16556291390728478,-10.0,-7.250240420065522,-7.250240420065522,-0.20485554043627865,-0.5,-0.7048555404362786,-1.031179702642308,-0.45,0.06838081299792975,-0.581179702642308,-11.62359405284616,-5.723505505719622,0.4629090886888349,0.6014764769855385,-6.014764769855385,1665.3618643284212,1642,-0.35625000000000007,-0.35625000000000007,5,0,bbox fill,False,,True,,1500,1560,1642,1497,2000,2000,1000,1000
637,589235815032971,12.740000367979519,commit_complete,tracking,0,127495,4231967292188,589235.81499046,4.251091741025448e-05,True,True,0.0,282,376,35,37,-0.0640625,-0.64375,0.07708333333333334,35.98610843089316,3.572981278478819,0.015618013212307602,,0.07121337935881976,0.07121337935881976,14.042305097773038,14.042262586855628,4.251091741025448e-05,0.0,1.5,342.0,0.05811039393302053,6.54,-6.04,6.04,0.16556291390728478,-10.0,-7.117369448795951,-7.117369448795951,-0.4301301134799879,-0.5,-0.930130113479988,-1.0211673951469635,-0.45,0.08840542798861861,-0.5711673951469636,-11.423347902939271,-5.75781772726878,0.4629090886888349,0.6014764769855385,-6.014764769855385,1665.1959304000634,1642,-0.34062499999999996,-0.34062499999999996,5,0,bbox fill,False,,True,,1500,1559,1642,1497,2000,2000,1000,1000
638,589235835025842,12.759993238956667,commit_complete,tracking,0,127495,4231967292188,589235.81499046,0.020035381894558668,False,True,0.0,282,376,35,37,-0.0640625,-0.64375,0.07708333333333334,,3.572981278478819,,duplicate frame,0.07121337935881976,0.07121337935881976,14.042305097773038,14.02226971587848,0.020035381894558668,0.0,1.5,342.0,0.07810326491016895,6.54,-6.04,6.04,0.16556291390728478,-10.0,-7.117007727040427,-7.117007727040427,-0.43074339050549354,-0.5,-0.9307433905054936,-1.0111709596583893,-0.45,0.10839829896576703,-0.5611709596583894,-11.223419193167787,-5.791475983046498,0.4629090886888349,0.6014764769855385,-6.014764769855385,1665.0296599460696,1642,-0.34062499999999996,-0.34062499999999996,5,0,bbox fill,False,,True,,1500,1559,1642,1497,2000,2000,1000,1000
639,589235854995730,12.77996312698815,commit_complete,tracking,0,127496,4232000343703,589235.848415313,0.006580416928045452,True,True,0.0,282,376,35,37,-0.0640625,-0.64375,0.07708333333333334,35.98610843089316,3.5780815693633823,0.007771411851440924,,0.08981369895192465,0.08981369895192465,11.134158949797609,11.127578532869563,0.006580416928045452,0.0,1.5,342.0,0.09807315294165164,6.54,-6.04,6.04,0.16556291390728478,-10.0,-7.05091736561507,-7.05091736561507,-0.5427955401220982,-0.5,-1.042795540122098,-1.0211559036741307,-0.45,0.12836818699724972,-0.5711559036741307,-11.423118073482614,-5.825693741381176,0.4629090886888349,0.6014764769855385,-6.014764769855385,1665.2635765847192,1642,-0.34062499999999996,-0.34062499999999996,5,0,bbox fill,False,,True,,1500,1559,1642,1497,2000,2000,1000,1000
640,589235875030995,12.799998392001726,commit_complete,tracking,0,127496,4232000343703,589235.848415313,0.026615681941621006,False,True,0.0,282,376,35,37,-0.0640625,-0.64375,0.07708333333333334,,3.5780815693633823,,duplicate frame,0.08981369895192465,0.08981369895192465,11.134158949797609,11.107543267855988,0.026615681941621006,0.0,1.5,342.0,0.007212194032035768,6.54,-6.04,6.04,0.16556291390728478,-10.0,-7.0503398931478305,-7.0503398931478305,-0.5437746092314668,-0.5,-1.0437746092314668,-1.0311735361809184,-0.45,0.14840345201082528,-0.5811735361809185,-11.62347072361837,-5.860625638829961,0.4629090886888349,0.6014764769855385,-6.014764769855385,1665.4988611323038,1642,-0.34062499999999996,-0.34062499999999996,5,0,bbox fill,False,,True,,1500,1559,1642,1497,2000,2000,1000,1000
641,589235895066358,12.820033755037002,commit_complete,tracking,0,127497,4232033482415,589235.881895294,0.013171064085327089,True,True,0.0,282,377,35,37,-0.0640625,-0.6479166666666667,0.07708333333333334,35.98610843089316,3.581804090160648,0.002044456778724779,,0.09469890312296891,0.09469890312296891,10.559784401108372,10.546613337023045,0.013171064085327089,0.0,1.5,342.0,0.0272475570673123,6.54,-6.04,6.04,0.16556291390728478,-10.0,-7.009500649922072,-7.009500649922072,-0.5726956897904906,-0.5,-1.0726956897904905,-1.0411912176985567,-0.45,0.1684388150461018,-0.5911912176985568,-11.823824353971135,-5.896159830839535,0.4629090886888349,0.6014764769855385,-6.014764769855385,1664.734748954666,1641,-0.34062499999999996,-0.34062499999999996,5,0,bbox fill,False,,True,,1500,1558,1641,1497,2000,2000,1000,1000
642,589235914993500,12.839960896992125,commit_complete,tracking,0,127497,4232033482415,589235.881895294,0.03309820604044944,False,True,0.0,282,377,35,37,-0.0640625,-0.6479166666666667,0.07708333333333334,,3.581804090160648,,duplicate frame,0.09469890312296891,0.09469890312296891,10.559784401108372,10.526686195067922,0.03309820604044944,0.0,1.5,342.0,0.04717469902243465,6.51,-6.01,6.01,0.1663893510815308,-10.0,-7.011778443016084,-7.011778443016084,-0.5709299098149112,-0.5,-1.0709299098149112,-1.051154788676118,-0.43,0.01690830895677209,-0.621154788676118,-12.423095773522359,-5.933293349789694,0.11664688176997985,0.5045105579424267,-5.045105579424267,1665.4014947027363,1642,-0.34062499999999996,-0.34062499999999996,5,0,bbox fill,False,,True,,1500,1558,1642,1497,2000,2000,1000,1000
643,589235935022937,12.859990334021859,commit_complete,tracking,0,127498,4232066448932,589235.915312896,0.019710041000507772,True,True,0.0,282,377,35,37,-0.0640625,-0.6479166666666667,0.07708333333333334,35.98610843089316,3.5843262007474563,-0.0018357133548270177,,0.09030430089866917,0.09030430089866917,11.073669692898726,11.053959651898218,0.019710041000507772,0.0,1.5,342.0,0.0672041360521689,6.51,-6.01,6.01,0.1663893510815308,-10.0,-7.0277325252000935,-7.0277325252000935,-0.543696574735366,-0.5,-1.0436965747353661,-1.0436965747353661,-0.43,0.03693774598650634,-0.6136965747353662,-12.273931494707323,-5.970169340486771,0.11664688176997985,0.5045105579424267,-5.045105579424267,1665.2892064146183,1642,-0.34062499999999996,-0.34062499999999996,5,0,bbox fill,False,,True,,1500,1559,1642,1497,2000,2000,1000,1000
644,589235954998519,12.879965916043147,commit_complete,tracking,0,127499,4232099420045,589235.948799486,0.006199032999575138,True,True,0.0,283,377,35,37,-0.0609375,-0.6479166666666667,0.07708333333333334,35.98610843089316,3.5858741649751673,-0.004217196782074328,,0.08022935022910059,0.08022935022910059,12.464266470368129,12.458067437368554,0.006199032999575138,0.0,1.5,342.0,0.08717971807345748,6.51,-6.01,6.01,0.1663893510815308,-10.0,-7.063631112818816,-7.063631112818816,-0.4824183229232429,-0.5,-0.9824183229232428,-1.0337087837247219,-0.43,0.05691332800779492,-0.6037087837247219,-12.074175674494438,-6.006347643465567,0.11664688176997985,0.5045105579424267,-5.045105579424267,1665.1256288973843,1642,-0.309375,-0.309375,5,0,bbox fill,False,,True,,1500,1559,1642,1498,2000,2000,1000,1000
645,589235975009106,12.899976502987556,commit_complete,tracking,0,127499,4232099420045,589235.948799486,0.026209619943983853,False,True,0.0,283,377,35,37,-0.0609375,-0.6479166666666667,0.07708333333333334,,3.5858741649751673,,duplicate frame,0.08022935022910059,0.08022935022910059,12.464266470368129,12.438056850424145,0.026209619943983853,0.0,1.5,342.0,0.1071903050178662,6.51,-6.01,6.01,0.1663893510815308,-10.0,-7.0631764367674545,-7.0631764367674545,-0.4831944468717439,-0.5,-0.983194446871744,-1.0237034902525175,-0.43,0.07692391495220363,-0.5937034902525176,-11.87406980505035,-6.041988709398257,0.11664688176997985,0.5045105579424267,-5.045105579424267,1664.9611640938729,1642,-0.309375,-0.309375,5,0,bbox fill,False,,True,,1500,1559,1642,1498,2000,2000,1000,1000
646,589235995020476,12.919987873057835,commit_complete,tracking,0,127500,4232132702223,589235.982196552,0.012823924073018134,True,True,0.0,283,377,35,37,-0.0609375,-0.6479166666666667,0.07708333333333334,35.98610843089316,3.586656378892261,-0.005420602808372976,,0.06724472980068458,0.06724472980068458,14.87105387982122,14.858229955748202,0.012823924073018134,0.0,1.5,341.0,0.006242022034712136,6.51,-6.01,6.01,0.1663893510815308,-10.0,-7.109284012119847,-7.109284012119847,-0.40448963422287804,-0.5,-0.9044896342228781,-1.0136978052173782,-0.43,0.09693528502248228,-0.5836978052173782,-11.673956104347564,-6.077030487766501,0.11664688176997985,0.5045105579424267,-5.045105579424267,1664.7960921715382,1642,-0.309375,-0.309375,5,0,bbox fill,False,,True,,1500,1559,1642,1498,2000,2000,1000,1000
647,589236014990101,12.93995749799069,commit_complete,tracking,0,127500,4232132702223,589235.982196552,0.0327935490058735,False,True,0.0,283,377,35,37,-0.0609375,-0.6479166666666667,0.07708333333333334,,3.586656378892261,,duplicate frame,0.06724472980068458,0.06724472980068458,14.87105387982122,14.838260330815347,0.0327935490058735,0.0,1.5,341.0,0.026211646967567503,6.51,-6.01,6.01,0.1663893510815308,-10.0,-7.108965104193582,-7.108965104193582,-0.40503400439192566,-0.5,-0.9050340043919256,-1.0037129927509505,-0.43,0.11690490995533764,-0.5737129927509506,-11.47425985501901,-6.111400987619528,0.11664688176997985,0.5045105579424267,-5.045105579424267,1664.6307664220628,1642,-0.309375,-0.309375,5,0,bbox fill,False,,True,,1500,1559,1642,1498,2000,2000,1000,1000
648,589236035018124,12.959985521039926,commit_complete,tracking,0,127501,4232165484264,589236.01559234,0.019425784004852176,True,True,0.0,283,377,35,37,-0.0609375,-0.6479166666666667,0.07708333333333334,35.98610843089316,3.586882890736905,-0.005769082569362816,,0.05342482518114145,0.05342482518114145,18.717889981098004,18.698464197093152,0.019425784004852176,0.0,1.5,341.0,0.04623967001680285,6.51,-6.01,6.01,0.1663893510815308,-10.0,-7.157950518456817,-7.157950518456817,-0.32141677180815253,-0.5,-0.8214167718081525,-0.9936989812263328,-0.43,0.136932933004573,-0.5636989812263329,-11.273979624526657,-6.145270316186022,0.11664688176997985,0.5045105579424267,-5.045105579424267,1665.464355520137,1643,-0.309375,-0.309375,5,0,bbox fill,False,,True,,1500,1560,1643,1498,2000,2000,1000,1000
649,589236055011826,12.979979222989641,commit_complete,tracking,0,127502,4232198747565,589236.049119966,0.005891859997063875,True,True,0.0,284,377,35,37,-0.0578125,-0.6479166666666667,0.07708333333333334,35.98610843089316,3.5867347093634616,-0.0055411112256043005,,0.04020322402720916,0.04020322402720916,24.873627033573463,24.8677351735764,0.005891859997063875,0.0,1.5,341.0,0.06623337196651846,6.48,-5.98,5.98,0.16722408026755853,-10.0,-7.207602394475721,-7.207602394475721,-0.24047224076739177,-0.5,-0.7404722407673918,-0.983702130251475,-0.43,0.0056850239634513855,-0.5537021302514751,-11.0740426050295,-6.178481982269534,0.0,0.4036084463539414,-4.036084463539414,1665.2886090508384,1644,-0.27812500000000007,-0.27812500000000007,5,0,bbox fill,False,,True,,1500,1560,1644,1498,2000,2000,1000,1000
650,589236075008325,12.999975722050294,commit_complete,tracking,0,127502,4232198747565,589236.049119966,0.025888359057717025,False,True,0.0,284,377,35,37,-0.0578125,-0.6479166666666667,0.07708333333333334,,3.5867347093634616,,duplicate frame,0.04020322402720916,0.04020322402720916,24.873627033573463,24.847738674515746,0.025888359057717025,0.0,1.5,341.0,0.08622987102717161,6.48,-5.98,5.98,0.16722408026755853,-10.0,-7.207488454445668,-7.207488454445668,-0.24066576352612673,-0.5,-0.7406657635261267,-0.9737038807211484,-0.43,0.025681523024104536,-0.5437038807211485,-10.87407761442297,-6.2110985046898755,0.0,0.4036084463539414,-4.036084463539414,1665.1212605826522,1644,-0.27812500000000007,-0.27812500000000007,5,0,bbox fill,False,,True,,1500,1560,1644,1498,2000,2000,1000,1000
651,589236094999848,13.019967245054431,commit_complete,tracking,0,127503,4232232756381,589236.082548592,0.012451256043277681,True,True,0.0,284,377,35,37,-0.0578125,-0.6479166666666667,0.07708333333333334,35.98610843089316,3.5863476666111223,-0.004945660837389454,,0.028367473830019137,0.028367473830019137,30.0,29.987548743956722,0.012451256043277681,0.0,1.5,341.0,0.005275706993415952,6.48,-5.98,5.98,0.16722408026755853,-10.0,-7.231774941497795,-7.231774941497795,-0.19941609936374433,-0.5,-0.6994160993637444,-0.96370811921908,-0.43,0.045673046028241515,-0.53370811921908,-10.6741623843816,-6.243107419118465,0.0,0.4036084463539414,-4.036084463539414,1664.9533542670395,1644,-0.27812500000000007,-0.27812500000000007,5,0,bbox fill,False,,True,,1500,1560,1644,1498,2000,2000,1000,1000
652,589236115041386,13.040008782991208,commit_complete,tracking,0,127503,4232232756381,589236.082548592,0.03249279398005456,False,True,0.0,284,377,35,37,-0.0578125,-0.6479166666666667,0.07708333333333334,,3.5863476666111223,,duplicate frame,0.028367473830019137,0.028367473830019137,30.0,29.967507206019945,0.03249279398005456,0.0,1.5,341.0,0.025317244930192828,6.48,-5.98,5.98,0.16722408026755853,-10.0,-7.231696420659588,-7.231696420659588,-0.19954946398740578,-0.5,-0.6995494639874058,-0.9536873502506915,-0.43,0.06571458396501839,-0.5236873502506916,-10.47374700501383,-6.274593918809643,0.0,0.4036084463539414,-4.036084463539414,1665.784425387363,1645,-0.27812500000000007,-0.27812500000000007,5,0,bbox fill,False,,True,,1500,1560,1645,1498,2000,2000,1000,1000
653,589236135022161,13.059989557950757,commit_complete,tracking,0,127504,4232265810481,589236.115956782,0.01906537893228233,True,True,0.0,284,377,36,37,-0.05625,-0.6479166666666667,0.07708333333333334,36.49657518178932,3.59076844111102,0.009923052983304093,,0.052129438740131095,0.052129438740131095,19.18301873505813,19.163953356125848,0.01906537893228233,0.0,1.5,341.0,0.045298019889742136,6.48,-5.98,5.98,0.16722408026755853,-10.0,-7.165463122056444,-7.165463122056444,-0.3120441742302856,-0.5,-0.8120441742302855,-0.9436969627709169,-0.43,0.0856953589245677,-0.5136969627709169,-10.273939255418338,-6.3053861090412315,0.0,0.4036084463539414,-4.036084463539414,1665.615409827999,1645,-0.2625,-0.2625,5,0,bbox fill,False,,True,,1500,1560,1645,1498,2000,2000,1000,1000
654,589236155007330,13.079974727006629,commit_complete,tracking,0,127505,4232298110626,589236.149427933,0.0055793969659134746,True,True,0.0,285,376,35,38,-0.0546875,-0.6458333333333334,0.07916666666666666,36.46916505762094,3.5938971164408318,0.003953837180104447,,0.06157957608970058,0.06157957608970058,16.239150437530437,16.233571040564524,0.0055793969659134746,0.0,1.5,341.0,0.0652831889456138,6.48,-5.98,5.98,0.16722408026755853,-10.0,-7.144915994368278,-7.144915994368278,-0.3683724292737037,-0.5,-0.8683724292737037,-0.933704378242981,-0.43,0.10568052798043936,-0.5037043782429811,-10.07408756485962,-6.335585960501338,0.0,0.4036084463539414,-4.036084463539414,1665.4457579889004,1645,-0.246875,-0.246875,5,0,bbox fill,False,,True,,1500,1560,1645,1498,2000,2000,1000,1000
655,589236175016931,13.099984328029677,commit_complete,tracking,0,127505,4232298110626,589236.149427933,0.025588997988961637,False,True,0.0,285,376,35,38,-0.0546875,-0.6458333333333334,0.07916666666666666,,3.5938971164408318,,duplicate frame,0.06157957608970058,0.06157957608970058,16.239150437530437,16.213561439541476,0.025588997988961637,0.0,1.5,341.0,0.08529278996866196,6.48,-5.98,5.98,0.16722408026755853,-10.0,-7.144646745661698,-7.144646745661698,-0.3688270477956826,-0.5,-0.8688270477956825,-0.9236995777314569,-0.43,0.12569012900348753,-0.49369957773145695,-9.87399155462914,-6.3652221552283,0.0,0.4036084463539414,-4.036084463539414,1665.2752981733968,1645,-0.246875,-0.246875,5,0,bbox fill,False,,True,,1500,1560,1645,1498,2000,2000,1000,1000
656,589236195029049,13.119996445951983,commit_complete,tracking,0,127506,4232331603423,589236.182946599,0.012082449975423515,True,True,0.0,285,376,36,38,-0.053125,-0.6458333333333334,0.07916666666666666,36.98648401781386,3.6010681602741013,0.014591367410994316,,0.09640522801492378,0.09640522801492378,10.372881435903013,10.36079898592759,0.012082449975423515,0.0,1.5,341.0,0.10530490789096802,6.48,-5.98,5.98,0.16722408026755853,-10.0,-7.021251930359382,-7.021251930359382,-0.5771755641743703,-0.5,-1.0771755641743703,-0.93370563669261,-0.43,0.1457022469257936,-0.50370563669261,-10.0741127338522,-6.395462805027168,0.0,0.4036084463539414,-4.036084463539414,1664.5056600024188,1644,-0.23125,-0.23125,5,0,bbox fill,False,,True,,1500,1559,1644,1498,2000,2000,1000,1000
657,589236215021837,13.139989234041423,commit_complete,tracking,0,127506,4232331603423,589236.182946599,0.03207523806486279,False,True,0.0,285,376,36,38,-0.053125,-0.6458333333333334,0.07916666666666666,,3.6010681602741013,,duplicate frame,0.09640522801492378,0.09640522801492378,10.372881435903013,10.34080619783815,0.03207523806486279,0.0,1.5,341.0,0.1252976959804073,6.48,-5.98,5.98,0.16722408026755853,-10.0,-7.020591033938338,-7.020591033938338,-0.5782914683431722,-0.5,-1.0782914683431724,-0.9437020307373296,-0.43,0.16569503501523286,-0.5137020307373297,-10.274040614746593,-6.426273812552106,0.0,0.4036084463539414,-4.036084463539414,1664.736398890838,1644,-0.23125,-0.23125,5,0,bbox fill,False,,True,,1500,1559,1644,1498,2000,2000,1000,1000
658,589236235021847,13.159989243955351,commit_complete,tracking,0,127507,4232364529355,589236.216294444,0.018727402901276946,True,True,0.0,285,376,36,38,-0.053125,-0.6458333333333334,0.07916666666666666,36.98648401781386,3.60647738565563,0.0062694822086424296,,0.1114454375254801,0.1114454375254801,8.973000799349611,8.954273396448334,0.018727402901276946,0.0,1.5,341.0,0.1452977058943361,6.48,-5.98,5.98,0.16722408026755853,-10.0,-6.967557192847917,-6.967557192847917,-0.6678375492054929,-0.5,-1.1678375492054929,-0.953702035694294,-0.43,0.18569504492916167,-0.5237020356942941,-10.47404071388588,-6.457695950269597,0.0,0.4036084463539414,-4.036084463539414,1664.9678211276948,1644,-0.23125,-0.23125,5,0,bbox fill,False,,True,,1500,1558,1644,1498,2000,2000,1000,1000
659,589236255032952,13.180000348947942,commit_complete,tracking,0,127508,4232397832743,589236.249824874,0.005208077956922352,True,True,0.0,286,376,36,38,-0.05,-0.6458333333333334,0.07916666666666666,36.98648401781386,3.6103326215906777,0.000338350000877341,,0.11225270424174616,0.11225270424174616,8.908471352693752,8.90326327473683,0.005208077956922352,0.0,1.5,341.0,0.019025297951884568,6.48,-5.98,5.98,0.16722408026755853,-10.0,-6.9652910646360775,-6.9652910646360775,-0.6716638400403545,-0.5,-1.1716638400403545,-0.9637075881905894,-0.43,0.2057061499217525,-0.5337075881905895,-10.674151763811789,-6.4897361860174705,0.0,0.4036084463539414,-4.036084463539414,1665.1999724133686,1644,-0.20000000000000004,-0.20000000000000004,5,0,bbox fill,False,,True,,1500,1558,1644,1499,2000,2000,1000,1000
660,589236275005310,13.199972706963308,commit_complete,tracking,0,127508,4232397832743,589236.249824874,0.02518043597228825,False,True,0.0,286,376,36,38,-0.05,-0.6458333333333334,0.07916666666666666,,3.6103326215906777,,duplicate frame,0.11225270424174616,0.11225270424174616,8.908471352693752,8.883290916721464,0.02518043597228825,0.0,1.5,341.0,0.038997655967250466,6.4,-5.9,5.9,0.1694915254237288,-10.0,-6.9724272363551325,-6.9724272363551325,-0.6641682744954501,-0.5,-1.16416827449545,-0.9736937671982724,-0.54,0.018774879979901016,-0.43369376719827235,-8.673875343965447,-6.5157218475800205,-0.5316484833351754,0.216557060416118,-2.16557060416118,1665.3551677957066,1648,-0.20000000000000004,-0.20000000000000004,5,0,bbox fill,False,,True,,1500,1558,1648,1499,2000,2000,1000,1000
661,589236295031133,13.219998529995792,commit_complete,tracking,0,127509,4232430726907,589236.283233605,0.011797528015449643,True,True,0.0,286,376,36,38,-0.05,-0.6458333333333334,0.07916666666666666,36.98648401781386,3.612847239475121,-0.0035302928982661186,,0.10379912269291222,0.10379912269291222,9.633992793546835,9.622195265531385,0.011797528015449643,0.0,1.5,341.0,0.059023478999733925,6.4,-5.9,5.9,0.1694915254237288,-10.0,-7.003043194518744,-7.003043194518744,-0.6131656900723031,-0.5,-1.1131656900723033,-0.9837066787145141,-0.54,0.038800703012384474,-0.4437066787145141,-8.874133574290282,-6.542378621858824,-0.5316484833351754,0.216557060416118,-2.16557060416118,1664.5820828003102,1647,-0.20000000000000004,-0.20000000000000004,5,0,bbox fill,False,,True,,1500,1558,1647,1499,2000,2000,1000,1000
662,589236315028869,13.23999626596924,commit_complete,tracking,0,127509,4232430726907,589236.283233605,0.031795263988897204,False,True,0.0,286,376,36,38,-0.05,-0.6458333333333334,0.07916666666666666,,3.612847239475121,,duplicate frame,0.10379912269291222,0.10379912269291222,9.633992793546835,9.602197529557937,0.031795263988897204,0.0,1.5,341.0,0.07902121497318149,6.4,-5.9,5.9,0.1694915254237288,-10.0,-7.002276638827201,-7.002276638827201,-0.6144426816713926,-0.5,-1.1144426816713926,-0.9937055467012379,-0.54,0.058798438985832036,-0.45370554670123786,-9.074110934024757,-6.569597873056685,-0.5316484833351754,0.216557060416118,-2.16557060416118,1664.8092794112426,1647,-0.20000000000000004,-0.20000000000000004,5,0,bbox fill,False,,True,,1500,1558,1647,1499,2000,2000,1000,1000
663,589236335056496,13.26002389297355,commit_complete,tracking,0,127510,4232464270102,589236.316636086,0.01842040999326855,True,True,0.0,287,376,36,38,-0.046875,-0.6458333333333334,0.07916666666666666,36.98648401781386,3.6142977441860795,-0.0057618386074334005,,0.08999933672505217,0.08999933672505217,11.111192997510619,11.09277258751735,0.01842040999326855,0.0,1.6,341.0,0.008235365967266262,6.4,-5.9,5.9,0.1694915254237288,-10.0,-7.051838863089693,-7.051838863089693,-0.5318778468999937,-0.5,-1.0318778468999938,-1.0037193602033931,-0.54,0.07882606599014252,-0.4637193602033931,-9.274387204067862,-6.597459468199178,-0.5316484833351754,0.216557060416118,-2.16557060416118,1665.0374172764282,1647,-0.16875,-0.16875,5,0,bbox fill,False,,True,,1500,1559,1647,1499,2000,2000,1000,1000
664,589236355195983,13.280163379968144,commit_complete,tracking,0,127511,4232495447441,589236.350197395,0.004998588003218174,True,True,0.0,287,375,36,39,-0.046875,-0.64375,0.08125,37.469987990390386,3.619495958129817,0.006222052558555902,,0.10483082631064056,0.10483082631064056,9.539178838834525,9.534180250831307,0.004998588003218174,0.0,1.6,341.0,0.028374852961860597,6.4,-5.9,5.9,0.1694915254237288,-10.0,-7.011407942763979,-7.011407942763979,-0.6188261439136905,-0.5,-1.1188261439136906,-1.0137891037006903,-0.54,0.09896555298473686,-0.4737891037006903,-9.475782074013805,-6.626085076675659,-0.5316484833351754,0.216557060416118,-2.16557060416118,1665.2674377548506,1647,-0.16875,-0.16875,5,0,bbox fill,False,,True,,1500,1558,1647,1499,2000,2000,1000,1000
665,589236375059252,13.300026649027131,commit_complete,tracking,0,127511,4232495447441,589236.350197395,0.024861857062205672,False,True,0.0,287,375,36,39,-0.046875,-0.64375,0.08125,,3.619495958129817,,duplicate frame,0.10483082631064056,0.10483082631064056,9.539178838834525,9.51431698177232,0.024861857062205672,0.0,1.6,341.0,0.048238122020848095,6.4,-5.9,5.9,0.1694915254237288,-10.0,-7.010627852920292,-7.010627852920292,-0.6201180821811292,-0.5,-1.1201180821811292,-1.023720738230184,-0.54,0.11882882204372436,-0.483720738230184,-9.67441476460368,-6.654909902194294,-0.5316484833351754,0.216557060416118,-2.16557060416118,1664.4948952709592,1646,-0.16875,-0.16875,5,0,bbox fill,False,,True,,1500,1558,1646,1499,2000,2000,1000,1000
666,589236394999028,13.319966424955055,commit_complete,tracking,0,127512,4232531040684,589236.383599285,0.011399742914363742,True,True,0.0,287,375,36,39,-0.046875,-0.64375,0.08125,37.469987990390386,3.623187481115925,0.0005427864260814097,,0.1061308399921423,0.1061308399921423,9.422331907238629,9.410932164324265,0.011399742914363742,0.0,1.6,341.0,0.06817789794877172,6.4,-5.9,5.9,0.1694915254237288,-10.0,-7.0065144487987405,-7.0065144487987405,-0.626930456726296,-0.5,-1.126930456726296,-1.0336906261941459,-0.54,0.13876859797164798,-0.49369062619414583,-9.873812523882917,-6.684442143586377,-0.5316484833351754,0.216557060416118,-2.16557060416118,1664.7238252716304,1646,-0.16875,-0.16875,5,0,bbox fill,False,,True,,1500,1558,1646,1499,2000,2000,1000,1000
667,589236414988784,13.339956181007437,commit_complete,tracking,0,127512,4232531040684,589236.383599285,0.03138949896674603,False,True,0.0,287,375,36,39,-0.046875,-0.64375,0.08125,,3.623187481115925,,duplicate frame,0.1061308399921423,0.1061308399921423,9.422331907238629,9.390942408271883,0.03138949896674603,0.0,1.6,341.0,0.088167654001154,6.4,-5.9,5.9,0.1694915254237288,-10.0,-7.005708661259618,-7.005708661259618,-0.6282649539840716,-0.5,-1.1282649539840715,-1.043685504220337,-0.54,0.15875835402403027,-0.503685504220337,-10.07371008440674,-6.714647794655835,-0.5316484833351754,0.216557060416118,-2.16557060416118,1664.9539284832238,1646,-0.16875,-0.16875,5,0,bbox fill,False,,True,,1500,1558,1646,1499,2000,2000,1000,1000
668,589236435028820,13.359996216953732,commit_complete,tracking,0,127513,4232561512990,589236.417064752,0.0179640679853037,True,True,0.0,287,375,36,39,-0.046875,-0.64375,0.08125,37.469987990390386,3.625619581803109,-0.003198906938816748,,0.09848377635911607,0.09848377635911607,10.153956691846899,10.135992623861595,0.0179640679853037,0.0,1.6,341.0,0.10820768994744867,6.4,-5.9,5.9,0.1694915254237288,-10.0,-7.033593295658526,-7.033593295658526,-0.5820840857865806,-0.5,-1.0820840857865806,-1.0537055221934843,-0.54,0.17879838997032493,-0.5137055221934843,-10.274110443869686,-6.745531826047538,-0.5316484833351754,0.216557060416118,-2.16557060416118,1665.1852128740784,1646,-0.16875,-0.16875,5,0,bbox fill,False,,True,,1500,1559,1646,1499,2000,2000,1000,1000
669,589236455040028,13.380007424973883,commit_complete,tracking,0,127514,4232594618513,589236.450527394,0.004512634011916816,True,True,0.0,287,375,37,39,-0.0453125,-0.64375,0.08125,37.986839826445156,3.6318287437352583,0.008324670233349707,,0.11838577987684765,0.11838577987684765,8.44696044609634,8.442447812084422,0.004512634011916816,0.0,1.6,341.0,0.12821889796759933,6.4,-5.9,5.9,0.1694915254237288,-10.0,-6.963088786211718,-6.963088786211718,-0.6988494488002411,-0.5,-1.198849448800241,-1.0637111262035597,-0.54,0.1988095979904756,-0.5237111262035596,-10.474222524071193,-6.776972102914318,-0.5316484833351754,0.216557060416118,-2.16557060416118,1664.4167652311467,1645,-0.153125,-0.153125,5,0,bbox fill,False,,True,,1500,1558,1645,1499,2000,2000,1000,1000
670,589236474994601,13.399961997987702,commit_complete,tracking,0,127514,4232594618513,589236.450527394,0.02446720702573657,False,True,0.0,287,375,37,39,-0.0453125,-0.64375,0.08125,,3.6318287437352583,,duplicate frame,0.11838577987684765,0.11838577987684765,8.44696044609634,8.422493239070603,0.02446720702573657,0.0,1.6,341.0,0.1481734709814191,6.3,-5.8,5.8,0.1724137931034483,-10.0,-6.97249962208647,-6.97249962208647,-0.6886321942171143,-0.5,-1.1886321942171143,-1.0736884127104696,-0.74,0.017229203949682415,-0.33368841271046956,-6.673768254209391,-6.796947932300208,-0.9923836191949905,-0.025231075506103706,0.25231075506103706,1665.2184054314487,1652,-0.153125,-0.153125,5,0,bbox fill,False,,True,,1500,1558,1652,1499,2000,2000,1000,1000
671,589236495015156,13.419982552994043,commit_complete,tracking,0,127515,4232627476856,589236.483935821,0.01107933500315994,True,True,0.0,287,375,37,39,-0.0453125,-0.64375,0.08125,37.986839826445156,3.6362934099607256,0.0014559529634001755,,0.12187221271522096,0.12187221271522096,8.20531586093954,8.19423652593638,0.01107933500315994,0.0,1.5,341.0,0.006940518971532583,6.3,-5.8,5.8,0.1724137931034483,-10.0,-6.960717344088925,-6.960717344088925,-0.7078145696236436,-0.5,-1.2078145696236438,-1.0836986902136396,-0.74,0.03724975895602256,-0.34369869021363963,-6.873973804272793,-6.817591047899295,-0.9923836191949905,-0.025231075506103706,0.25231075506103706,1664.439254097111,1651,-0.153125,-0.153125,5,0,bbox fill,False,,True,,1500,1558,1651,1499,2000,2000,1000,1000
672,589236514981313,13.439948710030876,commit_complete,tracking,0,127515,4232627476856,589236.483935821,0.031045492039993405,False,True,0.0,287,375,37,39,-0.0453125,-0.64375,0.08125,,3.6362934099607256,,duplicate frame,0.12187221271522096,0.12187221271522096,8.20531586093954,8.174270368899547,0.031045492039993405,0.0,1.5,341.0,0.02690667600836605,6.3,-5.8,5.8,0.1724137931034483,-10.0,-6.9596554239386315,-6.9596554239386315,-0.7095434501490337,-0.5,-1.2095434501490336,-1.0936817687320564,-0.74,0.057215915992856026,-0.35368176873205637,-7.073635374641127,-6.838776045106004,-0.9923836191949905,-0.025231075506103706,0.25231075506103706,1664.660100664686,1651,-0.153125,-0.153125,5,0,bbox fill,False,,True,,1500,1558,1651,1499,2000,2000,1000,1000
673,589236535029553,13.45999694999773,commit_complete,tracking,0,127516,4232660401557,589236.517377684,0.017651868984103203,True,True,0.0,287,375,37,39,-0.0453125,-0.64375,0.08125,37.986839826445156,3.639273801258435,-0.0031292644176912354,,0.11438635125932553,0.11438635125932553,8.742301760573671,8.724649891589568,0.017651868984103203,0.0,1.5,341.0,0.0469549159752205,6.3,-5.8,5.8,0.1724137931034483,-10.0,-6.987148297436942,-6.987148297436942,-0.6647831227693289,-0.5,-1.1647831227693288,-1.1037058887154836,-0.74,0.07726415595971048,-0.3637058887154836,-7.274117774309672,-6.860651033908982,-0.9923836191949905,-0.025231075506103706,0.25231075506103706,1664.8824580531575,1651,-0.153125,-0.153125,5,0,bbox fill,False,,True,,1500,1558,1651,1499,2000,2000,1000,1000
674,589236555112792,13.480080188950524,commit_complete,tracking,0,127517,4232693237905,589236.550884786,0.0042280060006305575,True,True,0.0,287,376,37,39,-0.0453125,-0.6479166666666667,0.08125,37.986839826445156,3.641053184439057,-0.005866777003263213,,0.10037910702931731,0.10037910702931731,9.962232476405017,9.958004470404386,0.0042280060006305575,0.0,1.5,341.0,0.06703815492801368,6.3,-5.8,5.8,0.1724137931034483,-10.0,-7.013888734999135,-7.013888734999135,-0.582446012877163,-0.5,-1.082446012877163,-1.093664269239087,-0.74,0.09734739491250366,-0.353664269239087,-7.07328538478174,-6.881959205993563,-0.9923836191949905,-0.025231075506103706,0.25231075506103706,1664.7029338357142,1651,-0.153125,-0.153125,5,0,bbox fill,False,,True,,1500,1558,1651,1499,2000,2000,1000,1000
675,589236575033346,13.500000742962584,commit_complete,tracking,0,127517,4232693237905,589236.550884786,0.024148560012690723,False,True,0.0,287,376,37,39,-0.0453125,-0.6479166666666667,0.08125,,3.641053184439057,,duplicate frame,0.10037910702931731,0.10037910702931731,9.962232476405017,9.938083916392326,0.024148560012690723,0.0,1.5,341.0,0.08695870894007385,6.3,-5.8,5.8,0.1724137931034483,-10.0,-7.013180019544688,-7.013180019544688,-0.5836135062648462,-0.5,-1.0836135062648462,-1.083703992233057,-0.74,0.11726794892456383,-0.3437039922330569,-6.874079844661138,-6.902499527817881,-0.9923836191949905,-0.025231075506103706,0.25231075506103706,1664.5242686174179,1651,-0.153125,-0.153125,5,0,bbox fill,False,,True,,1500,1558,1651,1499,2000,2000,1000,1000
676,589236595038240,13.520005636964925,commit_complete,tracking,0,127518,4232726240093,589236.584368777,0.010669462964870036,True,True,0.0,287,376,37,39,-0.0453125,-0.6479166666666667,0.08125,37.986839826445156,3.64190320319972,-0.00717449817351401,,0.08323778558345718,0.08323778558345718,12.013774669646446,12.003105206681576,0.010669462964870036,0.0,1.5,341.0,0.10696360294241458,6.3,-5.8,5.8,0.1724137931034483,-10.0,-7.074130022154801,-7.074130022154801,-0.4832082948645161,-0.5,-0.9832082948645161,-1.0737015452318865,-0.74,0.13727284292690456,-0.33370154523188655,-6.674030904637731,-6.922526519940225,-0.9923836191949905,-0.025231075506103706,0.25231075506103706,1665.344246669517,1652,-0.153125,-0.153125,5,0,bbox fill,False,,True,,1500,1559,1652,1499,2000,2000,1000,1000
677,589236615012335,13.539979732013308,commit_complete,tracking,0,127518,4232726240093,589236.584368777,0.030643558013252914,False,True,0.0,287,376,37,39,-0.0453125,-0.6479166666666667,0.08125,,3.64190320319972,,duplicate frame,0.08323778558345718,0.08323778558345718,12.013774669646446,11.983131111633194,0.030643558013252914,0.0,1.4,341.0,0.005978754023090005,6.3,-5.8,5.8,0.1724137931034483,-10.0,-7.073641089937097,-7.073641089937097,-0.4840137311332073,-0.5,-0.9840137311332073,-1.063714497707695,-0.74,0.15724693797528744,-0.3237144977076951,-6.474289954153902,-6.941924232377484,-0.9923836191949905,-0.025231075506103706,0.25231075506103706,1665.1639034314703,1652,-0.153125,-0.153125,5,0,bbox fill,False,,True,,1500,1559,1652,1499,2000,2000,1000,1000
678,589236634997364,13.559964761021547,commit_complete,tracking,0,127519,4232759495975,589236.617792994,0.01720437000039965,True,True,0.0,287,376,37,39,-0.0453125,-0.6479166666666667,0.08125,37.986839826445156,3.6420794074415483,-0.00744558162248099,,0.06541697831001861,0.06541697831001861,15.286551379076004,15.269347009075604,0.01720437000039965,0.0,1.4,341.0,0.025963783031329513,6.2,-5.7,5.7,0.17543859649122806,-10.0,-7.147524937251754,-7.147524937251754,-0.3732969063190525,-0.5,-0.8732969063190525,-1.0537219832035754,-0.93,0.005735493963584304,-0.1237219832035753,-2.474439664071506,-6.949341994647325,-1.1078945045004263,-0.2417637613049682,2.417637613049682,1665.006144045669,1658,-0.153125,-0.153125,5,0,bbox fill,False,,True,,1500,1560,1658,1499,2000,2000,1000,1000
679,589236655211166,13.580178563017398,commit_complete,tracking,0,127520,4232792241278,589236.651224454,0.00398671196307987,True,True,0.0,287,376,37,39,-0.0453125,-0.6479166666666667,0.08125,37.986839826445156,3.6418070779347445,-0.007026613150475036,,0.04860260491800236,0.04860260491800236,20.575028883474534,20.571042171511454,0.00398671196307987,0.0,1.4,341.0,0.04617758502718061,6.2,-5.7,5.7,0.17543859649122806,-10.0,-7.206951889918196,-7.206951889918196,-0.2770885379785886,-0.5,-0.7770885379785886,-1.0436150822056498,-0.93,0.025949295959435403,-0.11361508220564975,-2.272301644112995,-6.956231772973667,-1.1078945045004263,-0.2417637613049682,2.417637613049682,1664.810895804037,1658,-0.153125,-0.153125,5,0,bbox fill,False,,True,,1500,1560,1658,1499,2000,2000,1000,1000
680,589236675069302,13.6000366989756,commit_complete,tracking,0,127520,4232792241278,589236.651224454,0.023844847921282053,False,True,0.0,287,376,37,39,-0.0453125,-0.6479166666666667,0.08125,,3.6418070779347445,,duplicate frame,0.04860260491800236,0.04860260491800236,20.575028883474534,20.551184035553252,0.023844847921282053,0.0,1.4,341.0,0.0660357209853828,6.2,-5.7,5.7,0.17543859649122806,-10.0,-7.206786506941625,-7.206786506941625,-0.2773562822530849,-0.5,-0.7773562822530848,-1.0336860142265487,-0.93,0.04580743191763759,-0.10368601422654866,-2.0737202845309732,-6.962408805876092,-1.1078945045004263,-0.2417637613049682,2.417637613049682,1665.6184914773573,1659,-0.153125,-0.153125,5,0,bbox fill,False,,True,,1500,1560,1659,1499,2000,2000,1000,1000
681,589236694999218,13.619966614991426,commit_complete,tracking,0,127521,4232825334560,589236.684677848,0.010321369976736605,True,True,0.0,286,375,38,40,-0.046875,-0.6458333333333334,0.08333333333333333,38.98717737923585,3.6503629324380245,0.01979980689559424,,0.09595159896996323,0.09595159896996323,10.421921163742574,10.411599793765838,0.010321369976736605,0.0,1.4,341.0,0.08596563700120896,6.2,-5.7,5.7,0.17543859649122806,-10.0,-7.052012899357033,-7.052012899357033,-0.5474662984465648,-0.5,-1.0474662984465648,-1.0436509722344618,-0.93,0.06573734793346375,-0.11365097223446174,-2.273019444689235,-6.969203968871342,-1.1078945045004263,-0.2417637613049682,2.417637613049682,1664.824585800511,1658,-0.16875,-0.16875,5,0,bbox fill,False,,True,,1500,1559,1658,1499,2000,2000,1000,1000
682,589236715005044,13.639972441014834,commit_complete,tracking,0,127521,4232825334560,589236.684677848,0.030327196000143886,False,True,0.0,286,375,38,40,-0.046875,-0.6458333333333334,0.08333333333333333,,3.6503629324380245,,duplicate frame,0.09595159896996323,0.09595159896996323,10.421921163742574,10.39159396774243,0.030327196000143886,0.0,1.4,341.0,0.10597146302461624,6.2,-5.7,5.7,0.17543859649122806,-10.0,-7.051358015121043,-7.051358015121043,-0.5485202768404858,-0.5,-1.0485202768404858,-1.0485202768404858,-0.93,0.08574317395687103,-0.11852027684048572,-2.3704055368097143,-6.9763172569874925,-1.1078945045004263,-0.2417637613049682,2.417637613049682,1664.9290851807475,1658,-0.16875,-0.16875,5,0,bbox fill,False,,True,,1500,1559,1658,1499,2000,2000,1000,1000
683,589236735020268,13.659987665014341,commit_complete,tracking,0,127522,4232858395287,589236.718193741,0.016826526960358024,True,True,0.0,286,375,37,40,-0.0484375,-0.6458333333333334,0.08333333333333333,38.47076812334269,3.6522907825606112,-0.003680152586970742,,0.0871673423006722,0.0871673423006722,11.47218641301042,11.455359886050061,0.016826526960358024,0.0,1.4,341.0,0.014828921062871814,6.2,-5.7,5.7,0.17543859649122806,-10.0,-7.083007223307577,-7.083007223307577,-0.49758366884145316,-0.5,-0.9975836688414532,-1.038512664840732,-0.93,0.10575839795637876,-0.10851266484073185,-2.170253296814637,-6.982832972868205,-1.1078945045004263,-0.2417637613049682,2.417637613049682,1664.7354486566333,1658,-0.184375,-0.184375,5,0,bbox fill,False,,True,,1500,1559,1658,1499,2000,2000,1000,1000
684,589236755020592,13.679987989016809,commit_complete,tracking,0,127523,4232891342149,589236.751591331,0.0034292610362172127,True,True,0.0,286,375,37,40,-0.0484375,-0.6458333333333334,0.08333333333333333,38.47076812334269,3.653345814296623,-0.0053032783346811385,,0.07446396257456565,0.07446396257456565,13.429314871588177,13.42588561055196,0.0034292610362172127,0.0,1.4,341.0,0.03482924506533891,6.2,-5.7,5.7,0.17543859649122806,-10.0,-7.128384467004443,-7.128384467004443,-0.4245529989857901,-0.5,-0.9245529989857901,-1.0285125028394984,-0.93,0.12575872195884585,-0.0985125028394983,-1.9702500567899661,-6.9887438187934565,-1.1078945045004263,-0.2417637613049682,2.417637613049682,1665.5413562625338,1659,-0.184375,-0.184375,5,0,bbox fill,False,,True,,1500,1559,1659,1499,2000,2000,1000,1000
685,589236775030135,13.699997531948611,commit_complete,tracking,0,127523,4232891342149,589236.751591331,0.023438803968019783,False,True,0.0,286,375,37,40,-0.0484375,-0.6458333333333334,0.08333333333333333,,3.653345814296623,,duplicate frame,0.07446396257456565,0.07446396257456565,13.429314871588177,13.405876067620158,0.023438803968019783,0.0,1.4,341.0,0.05483878799714148,6.11,-5.61,5.61,0.17825311942959002,-10.0,-7.137958831641187,-7.137958831641187,-0.41847321068035953,-0.5,-0.9184732106803595,-1.018507731373597,-1.05,0.014492842950858176,0.031492268626402975,0.6298453725280595,-6.986853381090157,-0.9141086596928879,-0.37623274098255216,3.7623274098255215,1665.5946805987367,1663,-0.184375,-0.184375,5,0,bbox fill,False,,True,,1500,1559,1663,1499,2000,2000,1000,1000
686,589236795077044,13.720044441055506,commit_complete,tracking,0,127524,4232924420289,589236.785138003,0.009939041105099022,True,True,0.0,285,374,38,40,-0.05,-0.6416666666666667,0.08333333333333333,38.98717737923585,3.6584299734968013,0.0073889744974762195,,0.09208472568125955,0.09208472568125955,10.859564304523015,10.849625263417916,0.009939041105099022,0.0,1.4,341.0,0.07488569710403681,6.11,-5.61,5.61,0.17825311942959002,-10.0,-7.100134467645355,-7.100134467645355,-0.517068549723597,-0.5,-1.017068549723597,-1.017068549723597,-1.05,0.0345397520577535,0.032931450276403096,0.6586290055280619,-6.984872859718809,-0.9141086596928879,-0.37623274098255216,3.7623274098255215,1665.5639164443653,1663,-0.20000000000000004,-0.20000000000000004,5,0,bbox fill,False,,True,,1500,1559,1663,1499,2000,2000,1000,1000
687,589236815142876,13.740110273007303,commit_complete,tracking,0,127524,4232924420289,589236.785138003,0.03000487305689603,False,True,0.0,285,374,38,40,-0.05,-0.6416666666666667,0.08333333333333333,,3.6584299734968013,,duplicate frame,0.09208472568125955,0.09208472568125955,10.859564304523015,10.82955943146612,0.03000487305689603,0.0,1.4,341.0,0.09495152905583382,6.11,-5.61,5.61,0.17825311942959002,-10.0,-7.099522513539466,-7.099522513539466,-0.5180266136865839,-0.5,-1.0180266136865839,-1.0180266136865839,-1.05,0.05460558400955051,0.031973386313416174,0.6394677262683235,-6.982948141928724,-0.9141086596928879,-0.37623274098255216,3.7623274098255215,1665.581153005835,1663,-0.20000000000000004,-0.20000000000000004,5,0,bbox fill,False,,True,,1500,1559,1663,1499,2000,2000,1000,1000
688,589236835022824,13.759990221005864,commit_complete,tracking,0,127526,4232990747877,589236.818497391,0.01652543304953724,True,True,0.0,284,373,38,40,-0.053125,-0.6375,0.08333333333333333,38.98717737923585,3.6621076937556998,0.001730943329939727,,0.09623574506958302,0.09623574506958302,10.391149351802207,10.37462391875267,0.01652543304953724,0.0,1.5,341.0,0.013783251983113587,6.11,-5.61,5.61,0.17825311942959002,-10.0,-7.109257301870102,-7.109257301870102,-0.540742492829994,-0.5,-1.040742492829994,-1.0279665876858644,-1.05,0.07448553200811148,0.022033412314135692,0.44066824628271384,-6.981634072655616,-0.9141086596928879,-0.37623274098255216,3.7623274098255215,1664.7786384165474,1662,-0.23125,-0.23125,5,0,bbox fill,False,,True,,1500,1559,1662,1498,2000,2000,1000,1000
689,589236855017116,13.779984512948431,commit_complete,tracking,0,127527,4233023394614,589236.851993491,0.0030236250022426248,True,True,0.0,284,373,38,40,-0.053125,-0.6375,0.08333333333333333,38.98717737923585,3.6645967727539035,-0.002098408974988697,,0.09122403570491346,0.09122403570491346,10.962023246096518,10.958999621094275,0.0030236250022426248,0.0,1.5,341.0,0.03377754392568022,6.11,-5.61,5.61,0.17825311942959002,-10.0,-7.1278891908062665,-7.1278891908062665,-0.511908038503959,-0.5,-1.0119080385039592,-1.017969441714581,-1.05,0.09447982395067811,0.03203055828541901,0.6406111657083802,-6.9797127876552905,-0.9141086596928879,-0.37623274098255216,3.7623274098255215,1665.5767742121213,1663,-0.23125,-0.23125,5,0,bbox fill,False,,True,,1500,1559,1663,1498,2000,2000,1000,1000
690,589236875027935,13.799995332024992,commit_complete,tracking,0,127527,4233023394614,589236.851993491,0.023034444078803062,False,True,0.0,284,373,38,40,-0.053125,-0.6375,0.08333333333333333,,3.6645967727539035,,duplicate frame,0.09122403570491346,0.09122403570491346,10.962023246096518,10.938988802017715,0.023034444078803062,0.0,1.5,341.0,0.05378836300224066,6.11,-5.61,5.61,0.17825311942959002,-10.0,-7.127284094103198,-7.127284094103198,-0.5128444778154656,-0.5,-1.0128444778154657,-1.0128444778154657,-1.05,0.11449064302723855,0.03715552218453433,0.7431104436906866,-6.977482250358901,-0.9141086596928879,-0.37623274098255216,3.7623274098255215,1665.4720443968426,1663,-0.23125,-0.23125,5,0,bbox fill,False,,True,,1500,1559,1663,1498,2000,2000,1000,1000
691,589236895005648,13.819973045028746,commit_complete,tracking,0,127528,4233056272576,589236.88541301,0.009592638001777232,True,True,0.0,284,372,38,40,-0.053125,-0.6333333333333333,0.08333333333333333,38.98717737923585,3.6661010159233065,-0.0044126292356088115,,0.08066103693777318,0.08066103693777318,12.39755944089165,12.387966802889872,0.009592638001777232,0.0,1.5,341.0,0.07376607600599527,6.11,-5.61,5.61,0.17825311942959002,-10.0,-7.19094194921904,-7.19094194921904,-0.4528588176948695,-0.5,-0.9528588176948696,-1.0028556213135884,-1.05,0.13446835603099316,0.04714437868641164,0.9428875737282327,-6.974656739757489,-0.9141086596928879,-0.37623274098255216,3.7623274098255215,1665.2694417562038,1663,-0.23125,-0.23125,5,0,bbox fill,False,,True,,1500,1560,1663,1498,2000,2000,1000,1000
692,589236915017382,13.83998477901332,commit_complete,tracking,0,127528,4233056272576,589236.88541301,0.029604371986351907,False,True,0.0,284,372,38,40,-0.053125,-0.6333333333333333,0.08333333333333333,,3.6661010159233065,,duplicate frame,0.08066103693777318,0.08066103693777318,12.39755944089165,12.367955068905298,0.029604371986351907,0.0,1.5,341.0,0.09377780999056995,6.11,-5.61,5.61,0.17825311942959002,-10.0,-7.190463034461418,-7.190463034461418,-0.45359155727403105,-0.5,-0.953591557274031,-0.9928497543213011,-1.05,0.15448009001556784,0.057150245678698974,1.1430049135739795,-6.971225713216463,-0.9141086596928879,-0.37623274098255216,3.7623274098255215,1665.065893389817,1663,-0.23125,-0.23125,5,0,bbox fill,False,,True,,1500,1560,1663,1498,2000,2000,1000,1000
693,589236935022424,13.859989820979536,commit_complete,tracking,0,127529,4233089241620,589236.918871922,0.016150502022355795,True,True,0.0,283,372,38,40,-0.05625,-0.6333333333333333,0.08333333333333333,38.98717737923585,3.6668513826174207,-0.005567039534246199,,0.06735028840929021,0.06735028840929021,14.847746366325305,14.83159586430295,0.016150502022355795,0.0,1.5,341.0,0.11378285195678473,6.11,-5.61,5.61,0.17825311942959002,-10.0,-7.239708135785985,-7.239708135785985,-0.37824655224744136,-0.5,-0.8782465522474414,-0.9828472333381937,-1.05,0.17448513198178262,0.06715276666180636,1.3430553332361272,-6.9671955314708125,-0.9141086596928879,-0.37623274098255216,3.7623274098255215,1664.8618127884092,1663,-0.2625,-0.2625,5,0,bbox fill,False,,True,,1500,1560,1663,1498,2000,2000,1000,1000
694,589236955140200,13.88010759698227,commit_complete,tracking,0,127530,4233122315901,589236.952310093,0.0028301069978624582,True,True,0.0,283,371,38,41,-0.05625,-0.63125,0.08541666666666667,39.4715087119811,3.6713699341273607,0.00647566013536327,,0.08284314567134615,0.08284314567134615,12.071004690806674,12.068174583808812,0.0028301069978624582,0.0,1.5,341.0,0.13390062795951962,6.04,-5.54,5.54,0.18050541516245489,-10.0,-7.203807979688041,-7.203807979688041,-0.45905865560088144,-0.5,-0.9590586556008814,-0.9727883453368262,-1.16,0.002749262028373778,0.1872116546631737,3.7442330932634738,-6.955896685069967,-0.57335371163676,-0.41565693511339374,4.156569351133937,1665.0550942406726,1666,-0.2625,-0.2625,5,0,bbox fill,False,,True,,1500,1560,1666,1498,2000,2000,1000,1000
695,589236975013997,13.899981394060887,commit_complete,tracking,0,127530,4233122315901,589236.952310093,0.022703904076479375,False,True,0.0,283,371,38,41,-0.05625,-0.63125,0.08541666666666667,,3.6713699341273607,,duplicate frame,0.08284314567134615,0.08284314567134615,12.071004690806674,12.048300786730195,0.022703904076479375,0.0,1.6,341.0,0.0024147210642695427,6.04,-5.54,5.54,0.18050541516245489,-10.0,-7.203303962328657,-7.203303962328657,-0.45981587761335335,-0.5,-0.9598158776133534,-0.9628514467975178,-1.16,0.022623059106990695,0.19714855320248215,3.942971064049643,-6.9441424140479,-0.57335371163676,-0.41565693511339374,4.156569351133937,1664.8446019988644,1666,-0.2625,-0.2625,5,0,bbox fill,False,,True,,1500,1560,1666,1498,2000,2000,1000,1000
696,589236995024722,13.919992118957452,commit_complete,tracking,0,127531,4233155455104,589236.985762608,0.009262113948352635,True,True,0.0,282,371,38,40,-0.059375,-0.6291666666666667,0.08333333333333333,38.98717737923585,3.670323292128762,-0.010908438782463392,,0.05675616530670283,0.05675616530670283,17.61923122529741,17.609969111349056,0.009262113948352635,0.0,1.6,341.0,0.022425445960834622,6.04,-5.54,5.54,0.18050541516245489,-10.0,-7.312959435974109,-7.303357586811482,-0.3145945325042989,-0.5,-0.8145945325042989,-0.9528460843492352,-1.16,0.042633784003555775,0.2071539156507647,4.143078313015294,-6.931706513995899,-0.57335371163676,-0.41565693511339374,4.156569351133937,1665.6320588498468,1667,-0.29374999999999996,-0.29374999999999996,5,0,bbox fill,False,,True,,1500,1561,1667,1498,2000,2000,1000,1000
697,589237015020753,13.939988150028512,commit_complete,tracking,0,127531,4233155455104,589236.985762608,0.02925814501941204,False,True,0.0,282,371,38,40,-0.059375,-0.6291666666666667,0.08333333333333333,,3.670323292128762,,duplicate frame,0.05675616530670283,0.05675616530670283,17.61923122529741,17.589973080277996,0.02925814501941204,0.0,1.6,341.0,0.04242147703189403,6.04,-5.54,5.54,0.18050541516245489,-10.0,-7.31272004994608,-7.31272004994608,-0.3149521590917889,-0.5,-0.814952159091789,-0.9428480688137055,-1.16,0.06262981507461518,0.2171519311862944,4.343038623725888,-6.9186799837064745,-0.57335371163676,-0.41565693511339374,4.156569351133937,1665.4190720088466,1667,-0.29374999999999996,-0.29374999999999996,5,0,bbox fill,False,,True,,1500,1561,1667,1498,2000,2000,1000,1000
698,589237035019626,13.959987023030408,commit_complete,tracking,0,127532,4233188562909,589237.019191159,0.015828466974198818,True,True,0.0,282,371,38,40,-0.059375,-0.6291666666666667,0.08333333333333333,38.98717737923585,3.669074851945727,-0.008987761577794462,,0.035246979185824326,0.035246979185824326,28.371225651081648,28.35539718410745,0.015828466974198818,0.0,1.6,341.0,0.06242035003378987,6.04,-5.54,5.54,0.18050541516245489,-10.0,-7.3927604035612005,-7.3927604035612005,-0.1953772667696943,-0.5,-0.6953772667696942,-0.9328486323127576,-1.16,0.08262868807651103,0.2271513676872423,4.543027353744846,-6.905051669642722,-0.57335371163676,-0.41565693511339374,4.156569351133937,1665.205454964764,1667,-0.29374999999999996,-0.29374999999999996,5,0,bbox fill,False,,True,,1500,1562,1667,1498,2000,2000,1000,1000
699,589237055009233,13.979976629954763,commit_complete,tracking,0,127533,4233221357298,589237.052653184,0.002356048906221986,True,True,0.0,281,371,39,40,-0.0609375,-0.6291666666666667,0.08333333333333333,39.496835316262995,3.672342479251323,0.005966262877644013,,0.04951094050678141,0.04951094050678141,20.197556131316716,20.195200082410494,0.002356048906221986,0.0,1.6,341.0,0.0824099569581449,6.04,-5.54,5.54,0.18050541516245489,-10.0,-7.339916423681712,-7.339916423681712,-0.274322610194152,-0.5,-0.774322610194152,-0.9228538288505801,-1.16,0.10261829500086606,0.23714617114941983,4.7429234229883965,-6.890830293408044,-0.57335371163676,-0.41565693511339374,4.156569351133937,1664.9913375192857,1667,-0.309375,-0.309375,5,0,bbox fill,False,,True,,1500,1561,1667,1498,2000,2000,1000,1000
700,589237075034400,14.000001796986908,commit_complete,tracking,0,127533,4233221357298,589237.052653184,0.02238121593836695,False,True,0.0,281,371,39,40,-0.0609375,-0.6291666666666667,0.08333333333333333,,3.672342479251323,,duplicate frame,0.04951094050678141,0.04951094050678141,20.197556131316716,20.17517491537835,0.02238121593836695,0.0,1.5,341.0,0.0016218150267377496,6.04,-5.54,5.54,0.18050541516245489,-10.0,-7.339734164488597,-7.339734164488597,-0.2745948931415303,-0.5,-0.7745948931415303,-0.9128412453345076,-1.16,0.12264346203301102,0.2471587546654923,4.943175093309846,-6.875982107371144,-0.57335371163676,-0.41565693511339374,4.156569351133937,1665.7762376629273,1668,-0.309375,-0.309375,5,0,bbox fill,False,,True,,1500,1561,1668,1498,2000,2000,1000,1000
701,589237094992638,14.01996003498789,commit_complete,tracking,0,127534,4233254443435,589237.086135054,0.008857583976350725,True,True,0.0,281,371,39,40,-0.0609375,-0.6291666666666667,0.08333333333333333,39.496835316262995,3.674777321322653,0.0022203519986745412,,0.05481614478868884,0.05481614478868884,18.242800617498865,18.233943033522515,0.008857583976350725,0.0,1.5,341.0,0.02158005302771926,6.04,-5.54,5.54,0.18050541516245489,-10.0,-7.32016563108447,-7.32016563108447,-0.303828962820323,-0.5,-0.803828962820323,-0.9028621263340169,-1.16,0.14260170003399253,0.25713787366598306,5.142757473319661,-6.860586050726067,-0.57335371163676,-0.41565693511339374,4.156569351133937,1665.5612592262726,1668,-0.309375,-0.309375,5,0,bbox fill,False,,True,,1500,1561,1668,1498,2000,2000,1000,1000
702,589237115022839,14.03999023605138,commit_complete,tracking,0,127534,4233254443435,589237.086135054,0.02888778503984213,False,True,0.0,281,371,39,40,-0.0609375,-0.6291666666666667,0.08333333333333333,,3.674777321322653,,duplicate frame,0.05481614478868884,0.05481614478868884,18.242800617498865,18.213912832459023,0.02888778503984213,0.0,1.5,341.0,0.04161025409121066,5.92,-5.42,5.42,0.18450184501845018,-10.0,-7.334762069302289,-7.334762069302289,-0.2975747193838007,-0.5,-0.7975747193838008,-0.8928470258022712,-1.28,0.011327481013722718,0.38715297419772887,7.743059483954577,-6.83732179497954,-0.7931030695175252,-0.49114616199422,4.9114616199422,1665.1828006910828,1671,-0.309375,-0.309375,5,0,bbox fill,False,,True,,1500,1561,1671,1498,2000,2000,1000,1000
703,589237134999457,14.059966854052618,commit_complete,tracking,0,127535,4233287210238,589237.119522647,0.015476810047402978,True,True,0.0,281,371,38,41,-0.0625,-0.63125,0.08541666666666667,39.4715087119811,3.6762475649206925,-0.0010283872389935667,,0.05235202648177565,0.05235202648177565,19.10145733036928,19.085980520321876,0.015476810047402978,0.0,1.5,341.0,0.061586872092448175,5.92,-5.42,5.42,0.18450184501845018,-10.0,-7.330895913268492,-7.330895913268492,-0.2839780745992606,-0.5,-0.7839780745992606,-0.8828587168016524,-1.28,0.03130409901496023,0.3971412831983476,7.9428256639669526,-6.813521175858616,-0.7931030695175252,-0.49114616199422,4.9114616199422,1664.9592338919495,1671,-0.325,-0.325,5,0,bbox fill,False,,True,,1500,1561,1671,1498,2000,2000,1000,1000
704,589237154997284,14.079964680946432,commit_complete,tracking,0,127536,4233320408559,589237.153052511,0.0019447728991508484,True,True,0.0,280,371,39,41,-0.0640625,-0.63125,0.08541666666666667,39.98749804626441,3.6817002985590617,0.010563935166024052,,0.0775568651361065,0.0775568651361065,12.893765087656325,12.891820314757174,0.0019447728991508484,0.0,1.5,341.0,0.08158469898626208,5.92,-5.42,5.42,0.18450184501845018,-10.0,-7.238066470655424,-7.238066470655424,-0.42042162143663797,-0.5,-0.920421621436638,-0.8928576302485594,-1.28,0.05130192590877414,0.3871423697514407,7.7428473950288135,-6.790295157577965,-0.7931030695175252,-0.49114616199422,4.9114616199422,1665.135986142607,1671,-0.34062499999999996,-0.34062499999999996,5,0,bbox fill,False,,True,,1500,1560,1671,1497,2000,2000,1000,1000
705,589237175013502,14.099980899016373,commit_complete,tracking,0,127536,4233320408559,589237.153052511,0.021960990969091654,False,True,0.0,280,371,39,41,-0.0640625,-0.63125,0.08541666666666667,,3.6817002985590617,,duplicate frame,0.0775568651361065,0.0775568651361065,12.893765087656325,12.871804096687233,0.021960990969091654,0.0,1.5,341.0,0.00934678700286895,5.92,-5.42,5.42,0.18450184501845018,-10.0,-7.23762167515242,-7.23762167515242,-0.4210753954369865,-0.5,-0.9210753954369866,-0.9028657392835298,-1.28,0.07131814397871494,0.37713426071647027,7.542685214329405,-6.767648752765525,-0.7931030695175252,-0.49114616199422,4.9114616199422,1665.313501918494,1671,-0.34062499999999996,-0.34062499999999996,5,0,bbox fill,False,,True,,1500,1560,1671,1497,2000,2000,1000,1000
706,589237194988203,14.119955600006506,commit_complete,tracking,0,127537,4233353213535,589237.186478945,0.008509258041158319,True,True,0.0,280,371,39,41,-0.0640625,-0.63125,0.08541666666666667,39.98749804626441,3.685788685937119,0.004274108430550871,,0.08778615478399994,0.08778615478399994,11.391317941428525,11.382808683387367,0.008509258041158319,0.0,1.5,341.0,0.029321487993001938,5.92,-5.42,5.42,0.18450184501845018,-10.0,-7.20014711612749,-7.20014711612749,-0.47615664558345916,-0.5,-0.9761566455834592,-0.9128530897785962,-1.28,0.09129284496884793,0.3671469102214038,7.3429382044280755,-6.745647803512154,-0.7931030695175252,-0.49114616199422,4.9114616199422,1665.491247979142,1671,-0.34062499999999996,-0.34062499999999996,5,0,bbox fill,False,,True,,1500,1560,1671,1497,2000,2000,1000,1000
707,589237215016097,14.13998349395115,commit_complete,tracking,0,127537,4233353213535,589237.186478945,0.028537151985801756,False,True,0.0,280,371,39,41,-0.0640625,-0.63125,0.08541666666666667,,3.685788685937119,,duplicate frame,0.08778615478399994,0.08778615478399994,11.391317941428525,11.362780789442724,0.028537151985801756,0.0,1.5,341.0,0.049349381937645376,5.92,-5.42,5.42,0.18450184501845018,-10.0,-7.199576119889242,-7.199576119889242,-0.4769959132746605,-0.5,-0.9769959132746605,-0.922867036750918,-1.28,0.11132073891349137,0.35713296324908206,7.142659264981641,-6.724189940175887,-0.7931030695175252,-0.49114616199422,4.9114616199422,1665.670069055252,1671,-0.34062499999999996,-0.34062499999999996,5,0,bbox fill,False,,True,,1500,1560,1671,1497,2000,2000,1000,1000
708,589237234991986,14.159959382959642,commit_complete,tracking,0,127538,4233386130671,589237.219901323,0.015090662986040115,True,True,0.0,280,371,39,41,-0.0640625,-0.63125,0.08541666666666667,39.98749804626441,3.688668159936973,-0.0001558515692239304,,0.08741310755394242,0.08741310755394242,11.43993192763342,11.42484126464738,0.015090662986040115,0.0,1.5,341.0,0.06932527094613761,5.92,-5.42,5.42,0.18450184501845018,-10.0,-7.201338957560175,-7.201338957560175,-0.47440484068443506,-0.5,-0.974404840684435,-0.9328549812551641,-1.28,0.1312966279219836,0.34714501874483594,6.942900374896719,-6.703386349082994,-0.7931030695175252,-0.49114616199422,4.9114616199422,1664.849024354244,1670,-0.34062499999999996,-0.34062499999999996,5,0,bbox fill,False,,True,,1500,1560,1670,1497,2000,2000,1000,1000
709,589237255026669,14.179994066013023,commit_complete,tracking,0,127539,4233419391126,589237.253343582,0.0016830869717523456,True,True,0.0,280,370,39,42,-0.0640625,-0.6291666666666667,0.0875,40.47221268969612,3.694749914893984,0.00902418048080511,,0.1090005977113386,0.1090005977113386,9.174261618713828,9.172578531742076,0.0016830869717523456,0.0,1.5,341.0,0.08935995399951935,5.92,-5.42,5.42,0.18450184501845018,-10.0,-7.134076289705746,-7.134076289705746,-0.5908916430907484,-0.5,-1.0908916430907483,-0.942872322781855,-1.28,0.15133131097536534,0.33712767721814507,6.742553544362901,-6.683123610598229,-0.7931030695175252,-0.49114616199422,4.9114616199422,1665.029108446293,1670,-0.34062499999999996,-0.34062499999999996,5,0,bbox fill,False,,True,,1500,1559,1670,1497,2000,2000,1000,1000
710,589237275030153,14.199997549992986,commit_complete,tracking,0,127539,4233419391126,589237.253343582,0.02168657095171511,False,True,0.0,280,370,39,42,-0.0640625,-0.6291666666666667,0.0875,,3.694749914893984,,duplicate frame,0.1090005977113386,0.1090005977113386,9.174261618713828,9.152575047762113,0.02168657095171511,0.0,1.5,341.0,0.10936343797948211,5.79,-5.29,5.29,0.1890359168241966,-10.0,-7.150006551600977,-7.150006551600977,-0.5779794180757308,-0.5,-1.077979418075731,-0.9528740647718363,-1.44,0.018566414015367627,0.4871259352281636,9.742518704563272,-6.653890963073546,-1.047337145393205,-0.602384358674017,6.02384358674017,1664.88752867177,1674,-0.34062499999999996,-0.34062499999999996,5,0,bbox fill,False,,True,,1500,1560,1674,1497,2000,2000,1000,1000
711,589237295017569,14.219984965980984,commit_complete,tracking,0,127540,4233452359567,589237.286825247,0.008192321984097362,True,True,0.0,280,370,39,41,-0.0640625,-0.6270833333333333,0.08541666666666667,39.98749804626441,3.694958033397178,-0.00983257996953979,,0.08550695130498678,0.08550695130498678,11.694955611657736,11.686763289673639,0.008192321984097362,0.0,1.4,341.0,0.01834218401927501,5.79,-5.29,5.29,0.1890359168241966,-10.0,-7.250436575644999,-7.249943631540968,-0.45264885314090475,-0.5,-0.9526488531409047,-0.9526488531409047,-1.44,0.038553830003365874,0.4873511468590952,9.747022937181903,-6.6246682927600435,-1.047337145393205,-0.602384358674017,6.02384358674017,1664.853801768838,1674,-0.34062499999999996,-0.34062499999999996,5,0,bbox fill,False,,True,,1500,1560,1674,1497,2000,2000,1000,1000
712,589237314993028,14.239960424951278,commit_complete,tracking,0,127540,4233452359567,589237.286825247,0.028167780954390764,False,True,0.0,280,370,39,41,-0.0640625,-0.6270833333333333,0.08541666666666667,,3.694958033397178,,duplicate frame,0.08550695130498678,0.08550695130498678,11.694955611657736,11.666787830703345,0.028167780954390764,0.0,1.4,341.0,0.03831764298956841,5.79,-5.29,5.29,0.1890359168241966,-10.0,-7.249890235626898,-7.249890235626898,-0.45342386240010046,-0.5,-0.9534238624001005,-0.9534238624001005,-1.44,0.05852928897365928,0.4865761375998995,9.73152275199799,-6.595509547742392,-1.047337145393205,-0.602384358674017,6.02384358674017,1664.8401432090043,1674,-0.34062499999999996,-0.34062499999999996,5,0,bbox fill,False,,True,,1500,1560,1674,1497,2000,2000,1000,1000
713,589237335016981,14.259984378004447,commit_complete,tracking,0,127541,4233485409848,589237.320187989,0.014828991959802806,True,True,0.0,280,370,39,41,-0.0640625,-0.6270833333333333,0.08541666666666667,39.98749804626441,3.694575406587899,-0.009243923339879334,,0.06334109137261751,0.06334109137261751,15.787539783886675,15.772710791926873,0.014828991959802806,0.0,1.4,341.0,0.058341596042737365,5.79,-5.29,5.29,0.1890359168241966,-10.0,-7.333098210069126,-7.333098210069126,-0.3353893994371368,-0.5,-0.8353893994371369,-0.943411885873516,-1.44,0.07855324202682823,0.49658811412648396,9.931762282529679,-6.5656785764903,-1.047337145393205,-0.602384358674017,6.02384358674017,1665.6100727072205,1675,-0.34062499999999996,-0.34062499999999996,5,0,bbox fill,False,,True,,1500,1561,1675,1497,2000,2000,1000,1000
714,589237354998689,14.2799660860328,commit_complete,tracking,0,127542,4233518288196,589237.353663576,0.001335113076493144,True,True,0.0,280,369,39,42,-0.0640625,-0.625,0.0875,40.47221268969612,3.6980677326904723,0.003919845409284584,,0.07270874289640626,0.07270874289640626,13.753504188963587,13.752169075887094,0.001335113076493144,0.0,1.4,341.0,0.07832330407109112,5.79,-5.29,5.29,0.1890359168241966,-10.0,-7.311200431570418,-7.311200431570418,-0.38466659119799723,-0.5,-0.8846665911979972,-0.9334210318593391,-1.44,0.09853495005518198,0.5065789681406608,10.131579362813216,-6.535311637386226,-1.047337145393205,-0.602384358674017,6.02384358674017,1665.3798886878328,1675,-0.34062499999999996,-0.34062499999999996,5,0,bbox fill,False,,True,,1500,1561,1675,1497,2000,2000,1000,1000
715,589237374993848,14.299961245036684,commit_complete,tracking,0,127542,4233518288196,589237.353663576,0.021330272080376744,False,True,0.0,280,369,39,42,-0.0640625,-0.625,0.0875,,3.6980677326904723,,duplicate frame,0.07270874289640626,0.07270874289640626,13.753504188963587,13.73217391688321,0.021330272080376744,0.0,1.4,341.0,0.09831846307497472,5.79,-5.29,5.29,0.1890359168241966,-10.0,-7.310803381176214,-7.310803381176214,-0.385226696954088,-0.5,-0.8852266969540881,-0.9234234523573973,-1.44,0.11853010905906558,0.5165765476426026,10.331530952852052,-6.504324546762852,-1.047337145393205,-0.602384358674017,6.02384358674017,1665.1489500071707,1675,-0.34062499999999996,-0.34062499999999996,5,0,bbox fill,False,,True,,1500,1561,1675,1497,2000,2000,1000,1000
716,589237395027978,14.319995375000872,commit_complete,tracking,0,127543,4233551365779,589237.387144161,0.007883816957473755,True,True,0.0,280,369,40,41,-0.0625,-0.6229166666666667,0.08541666666666667,40.496913462633174,3.7007553577065266,0.0007236964655312761,,0.07443797543794943,0.07443797543794943,13.434003196843895,13.426119379886421,0.007883816957473755,0.0,1.4,341.0,0.11835259303916246,5.79,-5.29,5.29,0.1890359168241966,-10.0,-7.317381580937985,-7.317381580937985,-0.39400811584655754,-0.5,-0.8940081158465576,-0.9134063873753034,-1.44,0.13856423902325332,0.5265936126246965,10.53187225249393,-6.472675012141949,-1.047337145393205,-0.602384358674017,6.02384358674017,1665.9169591729078,1676,-0.325,-0.325,5,0,bbox fill,False,,True,,1500,1561,1676,1498,2000,2000,1000,1000
717,589237415016354,14.339983750949614,commit_complete,tracking,0,127543,4233551365779,589237.387144161,0.027872192906215787,False,True,0.0,280,369,40,41,-0.0625,-0.6229166666666667,0.08541666666666667,,3.7007553577065266,,duplicate frame,0.07443797543794943,0.07443797543794943,13.434003196843895,13.406131003937679,0.027872192906215787,0.0,1.5,341.0,0.017477088957093656,5.79,-5.29,5.29,0.1890359168241966,-10.0,-7.31696282509172,-7.31696282509172,-0.39459557708679777,-0.5,-0.8945955770867977,-0.9034121994009324,-1.44,0.15855261497199535,0.5365878005990675,10.73175601198135,-6.440498456078301,-1.047337145393205,-0.602384358674017,6.02384358674017,1665.6848988573568,1676,-0.325,-0.325,5,0,bbox fill,False,,True,,1500,1561,1676,1498,2000,2000,1000,1000
718,589237434959111,14.359926508041099,commit_complete,tracking,0,127544,4233584207643,589237.420534888,0.014424222987145185,True,True,0.0,280,368,40,42,-0.0625,-0.6208333333333333,0.0875,40.98780306383839,3.7067526699548643,0.010033640375058717,,0.09847732114464663,0.09847732114464663,10.154622286395952,10.140198063408807,0.014424222987145185,0.0,1.5,341.0,0.03741984604857862,5.7,-5.2,5.2,0.1923076923076923,-10.0,-7.251075679887457,-7.251075679887457,-0.5128104961543452,-0.5,-1.0128104961543452,-0.9133835779466749,-1.54,0.007124437019228935,0.6266164220533251,12.532328441066502,-6.403009078794667,-0.5835295231024917,-0.5986133915597119,5.98613391559712,1664.884546722131,1677,-0.325,-0.325,5,0,bbox fill,False,,True,,1500,1560,1677,1498,2000,2000,1000,1000
719,589237454999964,14.379967360990122,commit_complete,tracking,0,127545,4233617300744,589237.454028451,0.0009715129854157567,True,True,0.0,280,368,40,42,-0.0625,-0.6208333333333333,0.0875,40.98780306383839,3.711179254770927,0.0032235098888082625,,0.10617673465535125,0.10617673465535125,9.418259124713066,9.41728761172765,0.0009715129854157567,0.0,1.5,341.0,0.05746069899760187,5.7,-5.2,5.2,0.1923076923076923,-10.0,-7.222371682484797,-7.222371682484797,-0.552175978306564,-0.5,-1.0521759783065638,-0.9234040044211865,-1.54,0.027165289968252182,0.6165959955788135,12.33191991157627,-6.365937749765612,-0.5835295231024917,-0.5986133915597119,5.98613391559712,1665.0478839225923,1677,-0.325,-0.325,5,0,bbox fill,False,,True,,1500,1560,1677,1498,2000,2000,1000,1000
720,589237475012500,14.399979896959849,commit_complete,tracking,0,127545,4233617300744,589237.454028451,0.020984048955142498,False,True,0.0,280,368,40,42,-0.0625,-0.6208333333333333,0.0875,,3.711179254770927,,duplicate frame,0.10617673465535125,0.10617673465535125,9.418259124713066,9.397275075757923,0.020984048955142498,0.0,1.5,341.0,0.07747323496732861,5.7,-5.2,5.2,0.1923076923076923,-10.0,-7.221514240979494,-7.221514240979494,-0.5533518980852651,-0.5,-1.053351898085265,-0.9334102724060499,-1.54,0.04717782593797892,0.6065897275939501,12.131794551879002,-6.32951955353859,-0.5835295231024917,-0.5986133915597119,5.98613391559712,1665.2115910860625,1677,-0.325,-0.325,5,0,bbox fill,False,,True,,1500,1560,1677,1498,2000,2000,1000,1000
721,589237495022134,14.419989531044848,commit_complete,tracking,0,127546,4233650320360,589237.487504665,0.007517468999139965,True,True,0.0,280,367,40,42,-0.0625,-0.6166666666666667,0.0875,40.98780306383839,3.714222960082704,-0.0014591136677717387,,0.10268980828790815,0.10268980828790815,9.738064727867949,9.730547258868809,0.007517468999139965,0.0,1.6,341.0,0.016737263067625463,5.7,-5.2,5.2,0.1923076923076923,-10.0,-7.259897773415702,-7.259897773415702,-0.5343995421491338,-0.5,-1.0343995421491337,-0.9434150894485497,-1.54,0.06718746002297848,0.5965849105514504,11.931698211029007,-6.293707216256291,-0.5835295231024917,-0.5986133915597119,5.98613391559712,1665.3758750896302,1677,-0.325,-0.325,5,0,bbox fill,False,,True,,1500,1560,1677,1498,2000,2000,1000,1000
722,589237515015047,14.439982444047928,commit_complete,tracking,0,127546,4233650320360,589237.487504665,0.027510382002219558,False,True,0.0,280,367,40,42,-0.0625,-0.6166666666666667,0.0875,,3.714222960082704,,duplicate frame,0.10268980828790815,0.10268980828790815,9.738064727867949,9.710554345865729,0.027510382002219558,0.0,1.6,341.0,0.036730176070705056,5.7,-5.2,5.2,0.1923076923076923,-10.0,-7.259086679072668,-7.259086679072668,-0.5354998092579443,-0.5,-1.0354998092579444,-0.9534115459500895,-1.54,0.08718037302605808,0.5865884540499106,11.73176908099821,-6.258524380464998,-0.5835295231024917,-0.5986133915597119,5.98613391559712,1665.5406213838696,1677,-0.325,-0.325,5,0,bbox fill,False,,True,,1500,1560,1677,1498,2000,2000,1000,1000
723,589237535020194,14.459987591020763,commit_complete,tracking,0,127547,4233683324247,589237.520874892,0.014145302004180849,True,True,0.0,281,367,40,42,-0.059375,-0.6166666666666667,0.0875,40.98780306383839,3.716118420159892,-0.004375206094214601,,0.09220092285591304,0.09220092285591304,10.84587842534667,10.83173312334249,0.014145302004180849,0.0,1.6,341.0,0.05673532304354012,5.7,-5.2,5.2,0.1923076923076923,-10.0,-7.299947725064479,-7.299947725064479,-0.48007091208644626,-0.5,-0.9800709120864463,-0.963414119436507,-1.54,0.10718551999889314,0.576585880563493,11.53171761126986,-6.223920324615595,-0.5835295231024917,-0.5986133915597119,5.98613391559712,1665.7060687977487,1677,-0.29374999999999996,-0.29374999999999996,5,0,bbox fill,False,,True,,1500,1561,1677,1498,2000,2000,1000,1000
724,589237554998165,14.47996556200087,commit_complete,tracking,0,127548,4233716226457,589237.554371079,0.0006270860321819782,True,True,0.0,281,367,40,42,-0.059375,-0.6166666666666667,0.0875,40.98780306383839,3.717130507350398,-0.005932263310377994,,0.07803271124696774,0.07803271124696774,12.815138472314183,12.814511386282001,0.0006270860321819782,0.0,1.6,341.0,0.0767132940236479,5.7,-5.2,5.2,0.1923076923076923,-10.0,-7.354706122846849,-7.354706122846849,-0.40578995509470817,-0.5,-0.9057899550947082,-0.9534251339464531,-1.54,0.12716349097900093,0.5865748660535469,11.731497321070938,-6.18876459766056,-0.5835295231024917,-0.5986133915597119,5.98613391559712,1665.4711333609926,1677,-0.29374999999999996,-0.29374999999999996,5,0,bbox fill,False,,True,,1500,1561,1677,1498,2000,2000,1000,1000
725,589237575044340,14.500011736992747,commit_complete,tracking,0,127548,4233716226457,589237.554371079,0.020673261024057865,False,True,0.0,281,367,40,42,-0.059375,-0.6166666666666667,0.0875,,3.717130507350398,,duplicate frame,0.07803271124696774,0.07803271124696774,12.815138472314183,12.794465211290126,0.020673261024057865,0.0,1.6,341.0,0.09675946901552379,5.61,-5.11,5.11,0.19569471624266144,-10.0,-7.367221026511782,-7.367221026511782,-0.39939144900646734,-0.5,-0.8993914490064674,-0.9434020464505152,-1.6,0.016060928930528462,0.6565979535494849,13.131959070989698,-6.149277765232078,-0.4574958276688616,-0.5703898787815419,5.703898787815419,1665.313419906427,1678,-0.29374999999999996,-0.29374999999999996,5,0,bbox fill,False,,True,,1500,1561,1678,1498,2000,2000,1000,1000
726,589237595027518,14.519994914997369,commit_complete,tracking,0,127549,4233752566670,589237.587859948,0.007167569943703711,True,True,0.0,281,367,41,43,-0.0578125,-0.61875,0.08958333333333333,41.98809355043403,3.725918559410728,0.01764235659724145,,0.12017771543322367,0.12017771543322367,8.32101023384528,8.313842663901577,0.007167569943703711,0.0,1.6,341.0,0.015841803047806025,5.61,-5.11,5.11,0.19569471624266144,-10.0,-7.193763559365875,-7.193763559365875,-0.6146375637089511,-0.5,-1.1146375637089512,-0.9533936354528264,-1.6,0.03604410693515092,0.6466063645471737,12.932127290943473,-6.110514014987074,-0.4574958276688616,-0.5703898787815419,5.703898787815419,1665.4744879362281,1678,-0.27812500000000007,-0.27812500000000007,5,0,bbox fill,False,,True,,1500,1560,1678,1498,2000,2000,1000,1000
727,589237615016325,14.539983722032048,commit_complete,tracking,0,127549,4233752566670,589237.587859948,0.027156376978382468,False,True,0.0,281,367,41,43,-0.0578125,-0.61875,0.08958333333333333,,3.725918559410728,,duplicate frame,0.12017771543322367,0.12017771543322367,8.32101023384528,8.293853856866898,0.027156376978382468,0.0,1.6,341.0,0.03583061008248478,5.61,-5.11,5.11,0.19569471624266144,-10.0,-7.19265836529111,-7.19265836529111,-0.6161188861278494,-0.5,-1.1161188861278495,-0.9633880389701658,-1.6,0.05603291396982968,0.6366119610298343,12.732239220596686,-6.072338674052093,-0.4574958276688616,-0.5703898787815419,5.703898787815419,1665.63620066564,1678,-0.27812500000000007,-0.27812500000000007,5,0,bbox fill,False,,True,,1500,1560,1678,1498,2000,2000,1000,1000
728,589237635022566,14.559989962959662,commit_complete,tracking,0,127550,4233786396923,589237.621206062,0.013816503924317658,True,True,0.0,281,367,41,43,-0.0578125,-0.61875,0.08958333333333333,41.98809355043403,3.7325370444045816,0.007460071991312933,,0.1380750260353805,0.1380750260353805,7.242439336884564,7.228622832960246,0.013816503924317658,0.0,1.6,341.0,0.05583685101009905,5.61,-5.11,5.11,0.19569471624266144,-10.0,-7.124918907669435,-7.124918907669435,-0.7069119689991304,-0.5,-1.2069119689991306,-0.9733911594339729,-1.6,0.07603915489744395,0.6266088405660272,12.532176811320543,-6.034730411756882,-0.4574958276688616,-0.5703898787815419,5.703898787815419,1664.798654812621,1677,-0.27812500000000007,-0.27812500000000007,5,0,bbox fill,False,,True,,1500,1559,1677,1498,2000,2000,1000,1000
729,589237655138062,14.580105458968319,commit_complete,tracking,0,127551,4233819876201,589237.654650627,0.0004874349106103182,True,True,0.0,282,367,40,43,-0.05625,-0.61875,0.08958333333333333,41.47288270665544,3.7329146120503234,-0.012115118687037185,,0.10909544462013805,0.10909544462013805,9.16628557206878,9.16579813715817,0.0004874349106103182,0.0,1.6,341.0,0.07595234701875597,5.61,-5.11,5.11,0.19569471624266144,-10.0,-7.236387604197232,-7.225496387712719,-0.5575073685382669,-0.5,-1.0575073685382668,-0.9834489074383014,-1.6,0.09615465090610087,0.6165510925616987,12.331021851233974,-5.997523718632208,-0.4574958276688616,-0.5703898787815419,5.703898787815419,1664.9626030795828,1677,-0.2625,-0.2625,5,0,bbox fill,False,,True,,1500,1560,1677,1498,2000,2000,1000,1000
730,589237675032313,14.59999970998615,commit_complete,tracking,0,127551,4233819876201,589237.654650627,0.020381685928441584,False,True,0.0,282,367,40,43,-0.05625,-0.61875,0.08958333333333333,,3.7329146120503234,,duplicate frame,0.10909544462013805,0.10909544462013805,9.16628557206878,9.145903886140339,0.020381685928441584,0.0,1.6,341.0,0.09584659803658724,5.61,-5.11,5.11,0.19569471624266144,-10.0,-7.235482829338245,-7.235482829338245,-0.5587200634968045,-0.5,-1.0587200634968044,-0.993396032947217,-1.6,0.11604890192393214,0.6066039670527831,12.132079341055661,-5.961319923865327,-0.4574958276688616,-0.5703898787815419,5.703898787815419,1665.1253417949943,1677,-0.2625,-0.2625,5,0,bbox fill,False,,True,,1500,1560,1677,1498,2000,2000,1000,1000
731,589237695021272,14.61998866905924,commit_complete,tracking,0,127552,4233852290975,589237.688105281,0.006915991078130901,True,True,0.0,282,368,41,43,-0.0546875,-0.6229166666666667,0.08958333333333333,41.98809355043403,3.736851967476188,0.0008217288042255966,,0.111060441911354,0.111060441911354,9.004106077645341,8.99719008656721,0.006915991078130901,0.0,1.6,341.0,0.1158355571096763,5.61,-5.11,5.11,0.19569471624266144,-10.0,-7.204236492197317,-7.204236492197317,-0.5679551005184632,-0.5,-1.0679551005184633,-1.0033905124837617,-1.6,0.1360378609970212,0.5966094875162384,11.932189750324769,-5.925543115979591,-0.4574958276688616,-0.5703898787815419,5.703898787815419,1665.2894545778395,1677,-0.246875,-0.246875,5,0,bbox fill,False,,True,,1500,1560,1677,1498,2000,2000,1000,1000
732,589237715011442,14.63997883896809,commit_complete,tracking,0,127552,4233852290975,589237.688105281,0.026906160986982286,False,True,0.0,282,368,41,43,-0.0546875,-0.6229166666666667,0.08958333333333333,,3.736851967476188,,duplicate frame,0.111060441911354,0.111060441911354,9.004106077645341,8.977199916658359,0.026906160986982286,0.0,1.5,341.0,0.004694984992966056,5.61,-5.11,5.11,0.19569471624266144,-10.0,-7.203303224938258,-7.203303224938258,-0.569219806558806,-0.5,-1.0692198065588059,-1.0133855974381873,-1.6,0.15602803090587258,0.5866144025618127,11.732288051236255,-5.890363551245021,-0.4574958276688616,-0.5703898787815419,5.703898787815419,1665.4541767121934,1677,-0.246875,-0.246875,5,0,bbox fill,False,,True,,1500,1560,1677,1498,2000,2000,1000,1000
733,589237735019464,14.659986861050129,commit_complete,tracking,0,127553,4233885776788,589237.721539476,0.01347998809069395,True,True,0.0,282,368,41,43,-0.0546875,-0.6229166666666667,0.08958333333333333,41.98809355043403,3.7394525014841578,-0.0031790927464965257,,0.10345363636737163,0.10345363636737163,9.666165783181606,9.652685795090912,0.01347998809069395,0.0,1.5,341.0,0.02470300707500428,5.61,-5.11,5.11,0.19569471624266144,-10.0,-7.232697621246645,-7.232697621246645,-0.5293863395614519,-0.5,-1.029386339561452,-1.0233896084792065,-1.6,0.1760360529879108,0.5766103915207936,11.532207830415873,-5.855753050906179,-0.4574958276688616,-0.5703898787815419,5.703898787815419,1665.619646432675,1677,-0.246875,-0.246875,5,0,bbox fill,False,,True,,1500,1560,1677,1498,2000,2000,1000,1000
734,589237755101248,14.68006864504423,commit_complete,tracking,0,127554,4233918915205,589237.755023132,7.811607792973518e-05,True,True,0.0,283,368,41,44,-0.0515625,-0.625,0.09166666666666666,42.473521163190604,3.7450040274559617,0.0059643428543427746,,0.11770379555696527,0.11770379555696527,8.495902746959665,8.495824630881735,7.811607792973518e-05,0.0,1.5,341.0,0.04478479106910527,5.5,-5.0,5.0,0.2,-10.0,-7.183606708244776,-7.183606708244776,-0.5885243890069654,-0.5,-1.0885243890069654,-1.033430500476257,-1.62,0.014435715042054653,0.5865694995237432,11.731389990474863,-5.820414964945288,-0.11008237787210388,-0.47832837859965427,4.7832837859965425,1665.3057411884738,1676,-0.21562499999999998,-0.21562499999999998,5,0,bbox fill,False,,True,,1500,1560,1676,1498,2000,2000,1000,1000
735,589237775028210,14.699995607021265,commit_complete,tracking,0,127554,4233918915205,589237.755023132,0.020005078054964542,False,True,0.0,283,368,41,44,-0.0515625,-0.625,0.09166666666666666,,3.7450040274559617,,duplicate frame,0.11770379555696527,0.11770379555696527,8.495902746959665,8.4758976689047,0.020005078054964542,0.0,1.5,341.0,0.06471175304614007,5.5,-5.0,5.0,0.2,-10.0,-7.182568986025218,-7.182568986025218,-0.589908018633043,-0.5,-1.089908018633043,-1.0433939814647744,-1.62,0.03436267701908946,0.5766060185352258,11.532120370704515,-5.785944946324045,-0.11008237787210388,-0.47832837859965427,4.7832837859965425,1665.470540789623,1676,-0.21562499999999998,-0.21562499999999998,5,0,bbox fill,False,,True,,1500,1560,1676,1498,2000,2000,1000,1000
736,589237794991969,14.719959366018884,commit_complete,tracking,0,127555,4233951995609,589237.788478092,0.006513876956887543,True,True,0.0,283,368,41,44,-0.0515625,-0.625,0.09166666666666666,42.473521163190604,3.7489204697145806,-6.095292814745079e-05,,0.11755804036138745,0.11755804036138745,8.506436454077328,8.49992257712044,0.006513876956887543,0.0,1.5,341.0,0.08467551204375923,5.5,-5.0,5.0,0.2,-10.0,-7.183819510886603,-7.183819510886603,-0.5882406521511957,-0.5,-1.0882406521511956,-1.053375860963584,-1.62,0.05432643601670861,0.5666241390364162,11.332482780728323,-5.752009103062175,-0.11008237787210388,-0.47832837859965427,4.7832837859965425,1665.6362425363372,1676,-0.21562499999999998,-0.21562499999999998,5,0,bbox fill,False,,True,,1500,1560,1676,1498,2000,2000,1000,1000
737,589237815016299,14.739983696024865,commit_complete,tracking,0,127555,4233951995609,589237.788478092,0.02653820696286857,False,True,0.0,283,368,41,44,-0.0515625,-0.625,0.09166666666666666,,3.7489204697145806,,duplicate frame,0.11755804036138745,0.11755804036138745,8.506436454077328,8.479898247114459,0.02653820696286857,0.0,1.4,341.0,0.003790087066590786,5.5,-5.0,5.0,0.2,-10.0,-7.182777712571486,-7.182777712571486,-0.5896297165713517,-0.5,-1.0896297165713515,-1.0633880259665744,-1.62,0.07435076602268964,0.5566119740334257,11.132239480668513,-5.718571757502198,-0.11008237787210388,-0.47832837859965427,4.7832837859965425,1664.8030484908372,1675,-0.21562499999999998,-0.21562499999999998,5,0,bbox fill,False,,True,,1500,1560,1675,1498,2000,2000,1000,1000
738,589237835032384,14.759999781032093,commit_complete,tracking,0,127556,4233984896369,589237.821875058,0.013157326029613614,True,True,0.0,283,369,41,43,-0.0515625,-0.6270833333333333,0.08958333333333333,41.98809355043403,3.747435390449591,-0.015460460385624764,,0.0805236333121315,0.0805236333121315,12.41871434344906,12.405557017419447,0.013157326029613614,0.0,1.4,341.0,0.023806172073818743,5.5,-5.0,5.0,0.2,-10.0,-7.309812134243794,-7.282858137607626,-0.40304518313681326,-0.5,-0.9030451831368133,-1.0533799834629605,-1.62,0.0943668510299176,0.5666200165370396,11.332400330740793,-5.6845472142487905,-0.11008237787210388,-0.47832837859965427,4.7832837859965425,1665.5688630975114,1676,-0.21562499999999998,-0.21562499999999998,5,0,bbox fill,False,,True,,1500,1561,1676,1498,2000,2000,1000,1000
739,589237855027652,14.779995049000718,commit_complete,tracking,0,127556,4233984896369,589237.821875058,0.033152593998238444,False,True,0.0,283,369,41,43,-0.0515625,-0.6270833333333333,0.08958333333333333,,3.747435390449591,,duplicate frame,0.0805236333121315,0.0805236333121315,12.41871434344906,12.385561749450822,0.033152593998238444,0.0,1.4,341.0,0.043801440042443573,5.5,-5.0,5.0,0.2,-10.0,-7.309326837872101,-7.309326837872101,-0.40369585983628886,-0.5,-0.9036958598362889,-1.043382349478648,-1.62,0.11436211899854243,0.576617650521352,11.532353010427041,-5.64995834093595,-0.11008237787210388,-0.47832837859965427,4.7832837859965425,1665.3343215445125,1676,-0.21562499999999998,-0.21562499999999998,5,0,bbox fill,False,,True,,1500,1561,1676,1498,2000,2000,1000,1000
740,589237875025038,14.799992435029708,commit_complete,tracking,0,127557,4234018668831,589237.855306846,0.01971819205209613,True,True,0.0,283,369,42,43,-0.05,-0.6270833333333333,0.08958333333333333,42.49705872175156,3.7498850391115184,-0.0006925724970043845,,0.0788663543235963,0.0788663543235963,12.679678280764735,12.659960088712639,0.01971819205209613,0.0,1.4,341.0,0.06379882607143372,5.5,-5.0,5.0,0.2,-10.0,-7.315852810182513,-7.315852810182513,-0.3949459528279159,-0.5,-0.8949459528279159,-1.033383656464153,-1.62,0.13435950502753258,0.5866163435358471,11.732326870716943,-5.614765960518147,-0.11008237787210388,-0.47832837859965427,4.7832837859965425,1665.0991553038048,1676,-0.20000000000000004,-0.20000000000000004,5,0,bbox fill,False,,True,,1500,1561,1676,1499,2000,2000,1000,1000
741,589237895012222,14.81997961900197,commit_complete,tracking,0,127558,4234051578742,589237.888811567,0.006200655014254153,True,True,0.0,283,369,42,43,-0.05,-0.6270833333333333,0.08958333333333333,42.49705872175156,3.7514450357476026,-0.003092567321749229,,0.07148215955100501,0.07148215955100501,13.989504602004438,13.983303946990183,0.006200655014254153,0.0,1.4,341.0,0.08378601004369557,5.5,-5.0,5.0,0.2,-10.0,-7.343729574631501,-7.343729574631501,-0.357569285410278,-0.5,-0.857569285410278,-1.023390064478022,-1.62,0.15434668899979442,0.596609935521978,11.932198710439561,-5.5789923028952755,-0.11008237787210388,-0.47832837859965427,4.7832837859965425,1665.8635098064592,1677,-0.20000000000000004,-0.20000000000000004,5,0,bbox fill,False,,True,,1500,1561,1677,1499,2000,2000,1000,1000
742,589237915023975,14.839991371962242,commit_complete,tracking,0,127558,4234051578742,589237.888811567,0.026212407974526286,False,True,0.0,283,369,42,43,-0.05,-0.6270833333333333,0.08958333333333333,,3.7514450357476026,,duplicate frame,0.07148215955100501,0.07148215955100501,13.989504602004438,13.963292194029911,0.026212407974526286,0.0,1.4,341.0,0.1037977630039677,5.43,-4.93,4.93,0.20283975659229211,-10.0,-7.353937292670823,-7.353937292670823,-0.35306859811383523,-0.5,-0.8530685981138353,-1.013384187997886,-1.54,0.0029814859153702855,0.526615812002114,10.532316240042281,-5.5473767862909975,0.46680721753008336,-0.28930125937370677,2.8930125937370677,1665.1220479525116,1673,-0.20000000000000004,-0.20000000000000004,5,0,bbox fill,False,,True,,1500,1561,1673,1499,2000,2000,1000,1000
743,589237935016068,14.85998346505221,commit_complete,tracking,0,127559,4234084137145,589237.922357595,0.01265847310423851,True,True,0.0,283,368,42,44,-0.05,-0.625,0.09166666666666666,42.988370520409354,3.7563233050111493,0.007086647830254478,,0.08838227741569053,0.08838227741569053,11.314485542126002,11.301827069021764,0.01265847310423851,0.0,1.4,341.0,0.12378985609393567,5.43,-4.93,4.93,0.20283975659229211,-10.0,-7.3038443288313015,-7.3038443288313015,-0.4362126556964492,-0.5,-0.9362126556964492,-1.003388141452902,-1.54,0.02297357900533825,0.536611858547098,10.73223717094196,-5.5151928036032345,0.46680721753008336,-0.28930125937370677,2.8930125937370677,1665.8899430389242,1674,-0.20000000000000004,-0.20000000000000004,5,0,bbox fill,False,,True,,1500,1561,1674,1499,2000,2000,1000,1000
744,589237955000050,14.879967447021045,commit_complete,tracking,0,127559,4234084137145,589237.922357595,0.032642455073073506,False,True,0.0,283,368,42,44,-0.05,-0.625,0.09166666666666666,,3.7563233050111493,,duplicate frame,0.08838227741569053,0.08838227741569053,11.314485542126002,11.281843087052929,0.032642455073073506,0.0,1.5,340.0,0.012576161068864167,5.43,-4.93,4.93,0.20283975659229211,-10.0,-7.303256589730724,-7.303256589730724,-0.43698533670067435,-0.5,-0.9369853367006744,-0.9933961504684845,-1.54,0.04295756097417325,0.5466038495315155,10.93207699063031,-5.482422839183834,0.46680721753008336,-0.28930125937370677,2.8930125937370677,1665.6573332548164,1674,-0.20000000000000004,-0.20000000000000004,5,0,bbox fill,False,,True,,1500,1561,1674,1499,2000,2000,1000,1000
745,589237975025067,14.89999246399384,commit_complete,tracking,0,127560,4234114912801,589237.955684389,0.019340678001753986,True,True,0.0,283,368,42,44,-0.05,-0.625,0.09166666666666666,42.988370520409354,3.759850091064311,0.0016608231330828005,,0.0923690350519261,0.0923690350519261,10.826138861771597,10.806798183769843,0.019340678001753986,0.0,1.5,340.0,0.032601178041659296,5.43,-4.93,4.93,0.20283975659229211,-10.0,-7.288645290515433,-7.288645290515433,-0.45619432473571175,-0.5,-0.9561943247357118,-0.9833836419820869,-1.54,0.06298257794696838,0.5566163580179131,11.132327160358262,-5.448984083133902,0.46680721753008336,-0.28930125937370677,2.8930125937370677,1665.4236443290386,1674,-0.20000000000000004,-0.20000000000000004,5,0,bbox fill,False,,True,,1500,1561,1674,1499,2000,2000,1000,1000
746,589237995014869,14.919982266030274,commit_complete,tracking,0,127561,4234145764997,589237.989164194,0.0058506750501692295,True,True,0.0,283,368,42,44,-0.05,-0.625,0.09166666666666666,42.988370520409354,3.7622380515593927,-0.0020129622439659656,,0.08755906141035606,0.08755906141035606,11.420862488616454,11.415011813566284,0.0058506750501692295,0.0,1.5,340.0,0.05259098007809371,5.43,-4.93,4.93,0.20283975659229211,-10.0,-7.3071343155111546,-7.3071343155111546,-0.4318874198746682,-0.5,-0.9318874198746683,-0.9733887409638697,-1.54,0.08297237998340279,0.5666112590361303,11.332225180722606,-5.41500474243466,0.46680721753008336,-0.28930125937370677,2.8930125937370677,1665.189766967975,1674,-0.20000000000000004,-0.20000000000000004,5,0,bbox fill,False,,True,,1500,1561,1674,1499,2000,2000,1000,1000
747,589238015053223,14.940020620008,commit_complete,tracking,0,127561,4234145764997,589237.989164194,0.02588902902789414,False,True,0.0,283,368,42,44,-0.05,-0.625,0.09166666666666666,,3.7622380515593927,,duplicate frame,0.08755906141035606,0.08755906141035606,11.420862488616454,11.39497345958856,0.02588902902789414,0.0,1.5,340.0,0.07262933405581862,5.43,-4.93,4.93,0.20283975659229211,-10.0,-7.306556613833676,-7.306556613833676,-0.43264690501332753,-0.5,-0.9326469050133275,-0.9633695639750073,-1.54,0.1030107339611277,0.5766304360249928,11.532608720499855,-5.380340568060464,0.46680721753008336,-0.28930125937370677,2.8930125937370677,1664.9547192538234,1674,-0.20000000000000004,-0.20000000000000004,5,0,bbox fill,False,,True,,1500,1561,1674,1499,2000,2000,1000,1000
748,589238035009038,14.959976435056888,commit_complete,tracking,0,127562,4234181443725,589238.022647944,0.012361094006337225,True,True,0.0,283,368,43,44,-0.0484375,-0.625,0.09166666666666666,43.497126341863094,3.767803613419308,0.00752501751785184,,0.10553797357406587,0.10553797357406587,9.47526246842523,9.462901374418893,0.012361094006337225,0.0,1.6,340.0,0.019332890049554408,5.38,-4.88,4.88,0.20491803278688525,-10.0,-7.247158243390721,-7.247158243390721,-0.5156980726008756,-0.5,-1.0156980726008755,-0.9733474714994514,-1.45,0.009175956016406417,0.4766525285005485,9.533050570010971,-5.351804598956438,0.7909265399913542,-0.07325569950069455,0.7325569950069455,1665.0861970339386,1670,-0.184375,-0.184375,5,0,bbox fill,False,,True,,1500,1560,1670,1499,2000,2000,1000,1000
749,589238055022008,14.979989405022934,commit_complete,tracking,0,127562,4234181443725,589238.022647944,0.03237406397238374,False,True,0.0,283,368,43,44,-0.0484375,-0.625,0.09166666666666666,,3.767803613419308,,duplicate frame,0.10553797357406587,0.10553797357406587,9.47526246842523,9.442888404452846,0.03237406397238374,0.0,1.6,340.0,0.03934586001560092,5.38,-4.88,4.88,0.20491803278688525,-10.0,-7.246318370351195,-7.246318370351195,-0.5167910273829783,-0.5,-1.0167910273829783,-0.9833539564824747,-1.45,0.02918892598245293,0.46664604351752526,9.332920870350506,-5.323787679195366,0.7909265399913542,-0.07325569950069455,0.7325569950069455,1665.258309813838,1670,-0.184375,-0.184375,5,0,bbox fill,False,,True,,1500,1560,1670,1499,2000,2000,1000,1000
750,589238075009428,14.999976824969053,commit_complete,tracking,0,127563,4234211829606,589238.056061226,0.018948202021420002,True,True,0.0,283,367,43,45,-0.0484375,-0.6229166666666667,0.09375,43.98863489584554,3.7757404452189496,0.012601319250756138,,0.1357087764052748,0.1357087764052748,7.368720185153268,7.349771983131848,0.018948202021420002,0.0,1.6,340.0,0.05933327996172011,5.38,-4.88,4.88,0.20491803278688525,-10.0,-7.1450739502113425,-7.1450739502113425,-0.66396617625688,-0.5,-1.16396617625688,-0.9933476664555343,-1.45,0.04917634592857212,0.45665233354446566,9.133046670889314,-5.2964057733155805,0.7909265399913542,-0.07325569950069455,0.7325569950069455,1665.4308021074194,1670,-0.184375,-0.184375,5,0,bbox fill,False,,True,,1500,1560,1670,1499,2000,2000,1000,1000
751,589238095026106,15.01999350299593,commit_complete,tracking,0,127564,4234244867221,589238.089630286,0.0053958200151100755,True,True,0.0,283,367,43,45,-0.0484375,-0.6229166666666667,0.09375,43.98863489584554,3.781568395788913,0.0036352414508127318,,0.1443720906529036,0.1443720906529036,6.9265465054750734,6.921150685459963,0.0053958200151100755,0.0,1.6,340.0,0.07934995798859745,5.38,-4.88,4.88,0.20491803278688525,-10.0,-7.113300899659954,-7.113300899659954,-0.7050850677549851,-0.5,-1.2050850677549851,-1.003356005468973,-1.45,0.06919302395544946,0.446643994531027,8.93287989062054,-5.269584786222083,0.7909265399913542,-0.07325569950069455,0.7325569950069455,1665.6041479005946,1670,-0.184375,-0.184375,5,0,bbox fill,False,,True,,1500,1559,1670,1499,2000,2000,1000,1000
752,589238115043017,15.040010413969867,commit_complete,tracking,0,127564,4234244867221,589238.089630286,0.025412730989046395,False,True,0.0,283,367,43,45,-0.0484375,-0.6229166666666667,0.09375,,3.781568395788913,,duplicate frame,0.1443720906529036,0.1443720906529036,6.9265465054750734,6.901133774486027,0.025412730989046395,0.0,1.6,340.0,0.09936686896253377,5.38,-4.88,4.88,0.20491803278688525,-10.0,-7.111720613835464,-7.111720613835464,-0.7071301846142587,-0.5,-1.2071301846142588,-1.0133644609559411,-1.45,0.08920993492938578,0.43663553904405883,8.732710780881177,-5.243364502082779,0.7909265399913542,-0.07325569950069455,0.7325569950069455,1664.7780967261947,1669,-0.184375,-0.184375,5,0,bbox fill,False,,True,,1500,1559,1669,1499,2000,2000,1000,1000
753,589238134990376,15.059957772959024,commit_complete,tracking,0,127565,4234278796197,589238.122998369,0.01199200691189617,True,True,0.0,283,367,43,45,-0.0484375,-0.6229166666666667,0.09375,43.98863489584554,3.7855267361626583,-0.002454512970333944,,0.1384873942729372,0.1384873942729372,7.220873822126763,7.208881815214867,0.01199200691189617,0.0,1.6,340.0,0.11931422795169055,5.38,-4.88,4.88,0.20491803278688525,-10.0,-7.135046829280546,-7.135046829280546,-0.6769427111012427,-0.5,-1.1769427111012427,-1.0233381404505195,-1.45,0.10915729391854256,0.42666185954948044,8.53323719098961,-5.2178321702445345,0.7909265399913542,-0.07325569950069455,0.7325569950069455,1664.952037984248,1669,-0.184375,-0.184375,5,0,bbox fill,False,,True,,1500,1559,1669,1499,2000,2000,1000,1000
754,589238155004200,15.079971596947871,commit_complete,tracking,0,127565,4234278796197,589238.122998369,0.032005830900743604,False,True,0.0,283,367,43,45,-0.0484375,-0.6229166666666667,0.09375,,3.7855267361626583,,duplicate frame,0.1384873942729372,0.1384873942729372,7.220873822126763,7.18886799122602,0.032005830900743604,0.0,1.6,340.0,0.008296154905110598,5.38,-4.88,4.88,0.20491803278688525,-10.0,-7.1335905690171515,-7.1335905690171515,-0.6788273210686324,-0.5,-1.1788273210686324,-1.0333450524449432,-1.45,0.12917111790739,0.4166549475550567,8.333098951101135,-5.192815593891186,0.7909265399913542,-0.07325569950069455,0.7325569950069455,1665.1271596477832,1669,-0.184375,-0.184375,5,0,bbox fill,False,,True,,1500,1559,1669,1499,2000,2000,1000,1000
755,589238175033444,15.100000840961002,commit_complete,tracking,0,127566,4234310716452,589238.156407176,0.01862626790534705,True,True,0.0,283,368,43,44,-0.0484375,-0.625,0.09166666666666666,43.497126341863094,3.784042938796243,-0.01745855998512491,,0.09668150762593705,0.09668150762593705,10.343239617952822,10.324613350047475,0.01862626790534705,0.0,1.6,340.0,0.028325398918241262,5.38,-4.88,4.88,0.20491803278688525,-10.0,-7.280232895587735,-7.233736789082805,-0.47265692520849323,-0.5,-0.9726569252084932,-1.023330430438378,-1.45,0.14920036192052066,0.42666956956162205,8.533391391232442,-5.167177987126005,0.7909265399913542,-0.07325569950069455,0.7325569950069455,1664.9012296008866,1669,-0.184375,-0.184375,5,0,bbox fill,False,,True,,1500,1560,1669,1499,2000,2000,1000,1000
756,589238195011418,15.119978814967908,commit_complete,tracking,0,127567,4234343494548,589238.189877699,0.005133718950673938,True,True,0.0,283,368,42,45,-0.05,-0.6270833333333333,0.09375,43.474130238568314,3.7819894165305734,-0.015112865390352948,,0.06055929846248664,0.06055929846248664,16.512740824094063,16.50760710514339,0.005133718950673938,0.0,1.6,340.0,0.048303372925147414,5.35,-4.85,4.85,0.2061855670103093,-10.0,-7.407577726894013,-7.333626659117336,-0.29380393954789796,-0.5,-0.793803939547898,-1.0133414434349248,-1.3,0.018020123010501266,0.2866585565650752,5.733171131301504,-5.149997415550262,0.9923377440459542,0.1398629892086352,-1.398629892086352,1665.8154561763351,1665,-0.20000000000000004,-0.20000000000000004,5,0,bbox fill,False,,True,,1500,1561,1665,1499,2000,2000,1000,1000
757,589238214988994,15.139956390950829,commit_complete,tracking,0,127567,4234343494548,589238.189877699,0.025111294933594763,False,True,0.0,283,368,42,45,-0.05,-0.6270833333333333,0.09375,,3.7819894165305734,,duplicate frame,0.06055929846248664,0.06055929846248664,16.512740824094063,16.48762952916047,0.025111294933594763,0.0,1.6,340.0,0.06828094890806824,5.35,-4.85,4.85,0.2061855670103093,-10.0,-7.4073040032956765,-7.4073040032956765,-0.2941599331439464,-0.5,-0.7941599331439464,-1.0033526554434644,-1.3,0.03799769899342209,0.29664734455653563,5.932946891130713,-5.132218530952232,0.9923377440459542,0.1398629892086352,-1.398629892086352,1665.5979015319078,1665,-0.20000000000000004,-0.20000000000000004,5,0,bbox fill,False,,True,,1500,1562,1665,1499,2000,2000,1000,1000
758,589238235048850,15.16001624695491,commit_complete,tracking,0,127568,4234376461738,589238.223355624,0.011693225940689445,True,True,0.0,282,368,43,45,-0.0515625,-0.6270833333333333,0.09375,43.98863489584554,3.7839868864747204,-8.551345042961955e-05,,0.06035495258277679,0.06035495258277679,16.56864858983197,16.55695536389128,0.011693225940689445,0.0,1.6,340.0,0.0883408049121499,5.35,-4.85,4.85,0.2061855670103093,-10.0,-7.408251043034108,-7.408251043034108,-0.292928252411507,-0.5,-0.792928252411507,-0.9933227274414236,-1.3,0.05805755499750376,0.30667727255857646,6.133545451171529,-5.113762825170483,0.9923377440459542,0.1398629892086352,-1.398629892086352,1665.3788472660854,1665,-0.21562499999999998,-0.21562499999999998,5,0,bbox fill,False,,True,,1500,1562,1665,1498,2000,2000,1000,1000
759,589238254995039,15.179962435970083,commit_complete,tracking,0,127568,4234376461738,589238.223355624,0.031639414955861866,False,True,0.0,282,368,43,45,-0.0515625,-0.6270833333333333,0.09375,,3.7839868864747204,,duplicate frame,0.06035495258277679,0.06035495258277679,16.56864858983197,16.537009174876108,0.031639414955861866,0.0,1.6,340.0,0.10828699392732233,5.35,-4.85,4.85,0.2061855670103093,-10.0,-7.407979377665752,-7.407979377665752,-0.2932815691587312,-0.5,-0.7932815691587312,-0.9833496329338374,-1.3,0.07800374401267618,0.3166503670661627,6.3330073413232535,-5.094814920950808,0.9923377440459542,0.1398629892086352,-1.398629892086352,1665.160437471714,1665,-0.21562499999999998,-0.21562499999999998,5,0,bbox fill,False,,True,,1500,1562,1665,1498,2000,2000,1000,1000
760,589238275016073,15.199983470025472,commit_complete,tracking,0,127569,4234409471614,589238.256787003,0.018229070003144443,True,True,0.0,282,369,43,45,-0.0515625,-0.63125,0.09375,43.98863489584554,3.7852789692063746,-0.0020733330375901637,,0.0553935466244108,0.0553935466244108,18.052644413263124,18.03441534325998,0.018229070003144443,0.0,1.6,340.0,0.00735229707788676,5.35,-4.85,4.85,0.2061855670103093,-10.0,-7.399589106747301,-7.399589106747301,-0.26893025960015915,-0.5,-0.7689302596001591,-0.9733391159061426,-1.3,0.09802477806806564,0.3266608840938574,6.533217681877148,-5.075194654895787,0.9923377440459542,0.1398629892086352,-1.398629892086352,1665.9406068651049,1666,-0.21562499999999998,-0.21562499999999998,5,0,bbox fill,False,,True,,1500,1562,1666,1498,2000,2000,1000,1000
761,589238295019888,15.219987284974195,commit_complete,tracking,0,127570,4234442433276,589238.290193848,0.004826040007174015,True,True,0.0,282,369,43,46,-0.0515625,-0.6333333333333333,0.09583333333333334,44.474711915874174,3.7898564349710706,0.00779126326193591,,0.07405143131800523,0.07405143131800523,13.504127904099741,13.499301864092567,0.004826040007174015,0.0,1.6,340.0,0.02735611202660948,5.35,-4.85,4.85,0.2061855670103093,-10.0,-7.317728094324243,-7.317728094324243,-0.3592778388711156,-0.5,-0.8592778388711155,-0.9633372084317813,-1.3,0.11802859301678836,0.33666279156821877,6.733255831364375,-5.054991034347834,0.9923377440459542,0.1398629892086352,-1.398629892086352,1665.7203650950698,1666,-0.21562499999999998,-0.21562499999999998,5,0,bbox fill,False,,True,,1500,1561,1666,1498,2000,2000,1000,1000
762,589238314993999,15.239961395971477,commit_complete,tracking,0,127570,4234442433276,589238.290193848,0.024800151004455984,False,True,0.0,282,369,43,46,-0.0515625,-0.6333333333333333,0.09583333333333334,,3.7898564349710706,,duplicate frame,0.07405143131800523,0.07405143131800523,13.504127904099741,13.479327753095285,0.024800151004455984,0.0,1.6,340.0,0.04733022302389145,5.35,-4.85,4.85,0.2061855670103093,-10.0,-7.3173256003832226,-7.3173256003832226,-0.35981022858400963,-0.5,-0.8598102285840097,-0.9533501529331403,-1.3,0.13800270401407033,0.34664984706685975,6.932996941337195,-5.034218966780322,0.9923377440459542,0.1398629892086352,-1.398629892086352,1665.4998519175294,1666,-0.21562499999999998,-0.21562499999999998,5,0,bbox fill,False,,True,,1500,1561,1666,1498,2000,2000,1000,1000
763,589238335014650,15.259982047020458,commit_complete,tracking,0,127571,4234477472322,589238.32364492,0.011369729996658862,True,True,0.0,281,370,44,46,-0.053125,-0.6375,0.09583333333333334,44.98888751680797,3.7972622278996853,0.01408198046768172,,0.10772922901316989,0.10772922901316989,9.282531854727653,9.271162124730994,0.011369729996658862,0.0,1.6,340.0,0.0673508740728721,5.35,-4.85,4.85,0.2061855670103093,-10.0,-7.168925311233567,-7.168925311233567,-0.5231275146254358,-0.5,-1.0231275146254357,-0.9633604784576306,-1.3,0.15802335506305099,0.3366395215423694,6.7327904308473885,-5.013999739610035,0.9923377440459542,0.1398629892086352,-1.398629892086352,1665.679839200849,1666,-0.23125,-0.23125,5,0,bbox fill,False,,True,,1500,1560,1666,1498,2000,2000,1000,1000
764,589238355075943,15.280043340055272,commit_complete,tracking,0,127571,4234477472322,589238.32364492,0.03143102303147316,False,True,0.0,281,370,44,46,-0.053125,-0.6375,0.09583333333333334,,3.7972622278996853,,duplicate frame,0.10772922901316989,0.10772922901316989,9.282531854727653,9.25110083169618,0.03143102303147316,0.0,1.6,340.0,0.0874121671076864,5.35,-4.85,4.85,0.2061855670103093,-10.0,-7.168077421567068,-7.168077421567068,-0.5242619325240624,-0.5,-1.0242619325240625,-0.9733911249750378,-1.3,0.17808464809786528,0.3266088750249623,6.5321775004992455,-4.994343150561094,0.9923377440459542,0.1398629892086352,-1.398629892086352,1664.8607955421483,1665,-0.23125,-0.23125,5,0,bbox fill,False,,True,,1500,1560,1665,1498,2000,2000,1000,1000
765,589238375037010,15.300004406948574,commit_complete,tracking,0,127572,4234509048112,589238.357100574,0.017936435993760824,True,True,0.0,281,370,43,46,-0.0546875,-0.6375,0.09583333333333334,44.474711915874174,3.798785411439438,-0.00594562361247597,,0.09351190449221237,0.09351190449221237,10.693825619638401,10.67588918364464,0.017936435993760824,0.0,1.6,340.0,0.1073732340009883,5.29,-4.79,4.79,0.20876826722338204,-10.0,-7.229734797486518,-7.229734797486518,-0.4486745710454014,-0.5,-0.9486745710454014,-0.9634105915283868,-1.13,0.006570875993929803,0.16658940847161308,3.3317881694322615,-4.984367243582442,0.8878451126544774,0.2894594138978036,-2.894594138978036,1665.5471732131282,1661,-0.246875,-0.246875,5,0,bbox fill,False,,True,,1500,1560,1661,1498,2000,2000,1000,1000
766,589238395030217,15.319997614016756,commit_complete,tracking,0,127573,4234541661137,589238.390588656,0.004441561060957611,True,True,0.0,280,371,44,46,-0.05625,-0.6416666666666667,0.09583333333333334,44.98888751680797,3.8034914450686292,0.004498569438536659,,0.10425858013258912,0.10425858013258912,9.591536722716409,9.587095161655451,0.004441561060957611,0.0,1.6,340.0,0.12736644106917083,5.29,-4.79,4.79,0.20876826722338204,-10.0,-7.1659866317852465,-7.1659866317852465,-0.49962996290660444,-0.5,-0.9996299629066044,-0.9734071950624781,-1.13,0.02656408306211233,0.1565928049375218,3.1318560987504362,-4.974974866458932,0.8878451126544774,0.2894594138978036,-2.894594138978036,1664.7377129066865,1660,-0.2625,-0.2625,5,0,bbox fill,False,,True,,1500,1560,1660,1498,2000,2000,1000,1000
767,589238415031274,15.33999867097009,commit_complete,tracking,0,127573,4234541661137,589238.390588656,0.02444261801429093,False,True,0.0,280,371,44,46,-0.05625,-0.6416666666666667,0.09583333333333334,,3.8034914450686292,,duplicate frame,0.10425858013258912,0.10425858013258912,9.591536722716409,9.567094104702118,0.02444261801429093,0.0,1.5,340.0,0.0162488529458642,5.29,-4.79,4.79,0.20876826722338204,-10.0,-7.165205232387786,-7.165205232387786,-0.5006744940081408,-0.5,-1.0006744940081407,-0.9834077235391447,-1.13,0.04656514001544565,0.14659227646085515,2.931845529217103,-4.966178865047695,0.8878451126544774,0.2894594138978036,-2.894594138978036,1664.9289274748087,1660,-0.2625,-0.2625,5,0,bbox fill,False,,True,,1500,1560,1660,1498,2000,2000,1000,1000
768,589238435012877,15.359980273991823,commit_complete,tracking,0,127574,4234574322249,589238.424054266,0.010958611033856869,True,True,0.0,280,371,44,47,-0.05625,-0.64375,0.09791666666666667,45.47526800360829,3.810546355567928,0.010188095763433935,,0.1286133628788748,0.1286133628788748,7.775241838142261,7.764283227108404,0.010958611033856869,0.0,1.5,340.0,0.03623045596759766,5.29,-4.79,4.79,0.20876826722338204,-10.0,-7.066155158268998,-7.066155158268998,-0.616927520530946,-0.5,-1.116927520530946,-0.9933985250500115,-1.13,0.06654674303717911,0.13660147494998842,2.7320294989997684,-4.9579903157137934,0.8878451126544774,0.2894594138978036,-2.894594138978036,1665.1205549556921,1660,-0.2625,-0.2625,5,0,bbox fill,False,,True,,1500,1559,1660,1498,2000,2000,1000,1000
769,589238455004604,15.379972000955604,commit_complete,tracking,0,127574,4234574322249,589238.424054266,0.03095033799763769,False,True,0.0,280,371,44,47,-0.05625,-0.64375,0.09791666666666667,,3.810546355567928,,duplicate frame,0.1286133628788748,0.1286133628788748,7.775241838142261,7.744291500144623,0.03095033799763769,0.0,1.5,340.0,0.056222182931378484,5.29,-4.79,4.79,0.20876826722338204,-10.0,-7.064970693564633,-7.064970693564633,-0.6185201060562542,-0.5,-1.1185201060562542,-1.0033943885319019,-1.13,0.08653847000095993,0.126605611468098,2.5321122293619602,-4.950397121264135,0.8878451126544774,0.2894594138978036,-2.894594138978036,1665.3128790308801,1660,-0.2625,-0.2625,5,0,bbox fill,False,,True,,1500,1559,1660,1498,2000,2000,1000,1000
770,589238475033500,15.400000897003338,commit_complete,tracking,0,127575,4234607483257,589238.457476928,0.017556571983732283,True,True,0.0,279,372,45,46,-0.0578125,-0.6458333333333334,0.09583333333333334,45.4972526643093,3.8158274018412235,0.002806986597667649,,0.13533212535803557,0.13533212535803557,7.389228517282156,7.371671945298424,0.017556571983732283,0.0,1.5,340.0,0.07625107897911221,5.29,-4.79,4.79,0.20876826722338204,-10.0,-7.02977815230544,-7.02977815230544,-0.6497847483643128,-0.5,-1.1497847483643127,-1.0134088365557687,-1.13,0.10656736604869366,0.11659116344423115,2.331823268884623,-4.943391544386009,0.8878451126544774,0.2894594138978036,-2.894594138978036,1664.5061624144794,1659,-0.27812500000000007,-0.27812500000000007,5,0,bbox fill,False,,True,,1500,1559,1659,1498,2000,2000,1000,1000
771,589238494990038,15.419957434991375,commit_complete,tracking,0,127576,4234640166030,589238.490975167,0.004014870966784656,True,True,0.0,279,372,44,47,-0.059375,-0.6479166666666667,0.09791666666666667,45.47526800360829,3.8192435295539435,-0.00319217190735932,,0.1277086275213061,0.1277086275213061,7.83032453961003,7.826309668643245,0.004014870966784656,0.0,1.5,341.0,0.0055280489614233375,5.29,-4.79,4.79,0.20876826722338204,-10.0,-7.045583483878684,-7.045583483878684,-0.6120381383823247,-0.5,-1.1120381383823248,-1.0233871055497872,-1.13,0.12652390403673053,0.10661289445021271,2.1322578890042543,-4.937008671551679,0.8878451126544774,0.2894594138978036,-2.894594138978036,1664.6993449215254,1659,-0.29374999999999996,-0.29374999999999996,5,0,bbox fill,False,,True,,1500,1559,1659,1498,2000,2000,1000,1000
772,589238514999757,15.439967154059559,commit_complete,tracking,0,127576,4234640166030,589238.490975167,0.02402459003496915,False,True,0.0,279,372,44,47,-0.059375,-0.6479166666666667,0.09791666666666667,,3.8192435295539435,,duplicate frame,0.1277086275213061,0.1277086275213061,7.83032453961003,7.8062999495750605,0.02402459003496915,0.0,1.5,341.0,0.025537768029607832,5.26,-4.76,4.76,0.21008403361344538,-10.0,-7.049062932311545,-7.049062932311545,-0.6097639125766763,-0.5,-1.1097639125766763,-1.0333919650838794,-1.01,0.0053311880910769105,-0.023391965083879418,-0.46783930167758836,-4.938412871501022,0.8498437012664807,0.401536271371539,-4.01536271371539,1665.421614886894,1656,-0.29374999999999996,-0.29374999999999996,5,0,bbox fill,False,,True,,1500,1559,1656,1498,2000,2000,1000,1000
773,589238535009112,15.459976508980617,commit_complete,tracking,0,127577,4234673208551,589238.524376299,0.010632812976837158,True,True,0.0,279,372,44,47,-0.059375,-0.6479166666666667,0.09791666666666667,45.47526800360829,3.8212899587147873,-0.006340524462503883,,0.11252225727144924,0.11252225727144924,8.887130637519963,8.876497824543126,0.010632812976837158,0.0,1.5,341.0,0.04554712295066565,5.26,-4.76,4.76,0.21008403361344538,-10.0,-7.103440861638118,-7.103440861638118,-0.5362475262303122,-0.5,-1.0362475262303121,-1.0362475262303121,-1.01,0.02534054301213473,-0.026247526230312124,-0.5249505246062425,-4.939988459705448,0.8498437012664807,0.401536271371539,-4.01536271371539,1665.480301698027,1656,-0.29374999999999996,-0.29374999999999996,5,0,bbox fill,False,,True,,1500,1559,1656,1498,2000,2000,1000,1000
774,589238554989474,15.47995687101502,commit_complete,tracking,0,127577,4234673208551,589238.524376299,0.030613175011239946,False,True,0.0,279,372,44,47,-0.059375,-0.6479166666666667,0.09791666666666667,,3.8212899587147873,,duplicate frame,0.11252225727144924,0.11252225727144924,8.887130637519963,8.856517462508723,0.030613175011239946,0.0,1.5,341.0,0.06552748498506844,5.26,-4.76,4.76,0.21008403361344538,-10.0,-7.102546024116785,-7.102546024116785,-0.5374573041999816,-0.5,-1.0374573041999815,-1.0374573041999815,-1.01,0.04532090504653752,-0.02745730419998149,-0.5491460839996298,-4.941634280340661,0.8498437012664807,0.401536271371539,-4.01536271371539,1665.5061430780556,1656,-0.29374999999999996,-0.29374999999999996,5,0,bbox fill,False,,True,,1500,1559,1656,1498,2000,2000,1000,1000
775,589238575022130,15.499989527044818,commit_complete,tracking,0,127578,4234707601914,589238.557834952,0.01718717801850289,True,True,0.0,278,372,45,47,-0.0609375,-0.6479166666666667,0.09791666666666667,45.98912915026767,3.8262273872298604,0.0033502438620440778,,0.12053272645510135,0.12053272645510135,8.296501949389668,8.279314771371165,0.01718717801850289,0.0,1.5,341.0,0.08556014101486653,5.26,-4.76,4.76,0.21008403361344538,-10.0,-7.074830924949132,-7.074830924949132,-0.5749268063172914,-0.5,-1.0749268063172914,-1.0474736322148805,-1.01,0.06535356107633561,-0.03747363221488054,-0.7494726442976107,-4.943886369493705,0.8498437012664807,0.401536271371539,-4.01536271371539,1664.7087217275066,1655,-0.309375,-0.309375,5,0,bbox fill,False,,True,,1500,1559,1655,1498,2000,2000,1000,1000
776,589238595025195,15.519992592046037,commit_complete,tracking,0,127579,4234739248197,589238.591308104,0.003717091050930321,True,True,0.0,278,372,45,47,-0.0609375,-0.6479166666666667,0.09791666666666667,45.98912915026767,3.8296120643838742,-0.0018569517595157237,,0.11609465797264232,0.11609465797264232,8.613660761511092,8.609943670460162,0.003717091050930321,0.0,1.5,341.0,0.10556320601608604,5.26,-4.76,4.76,0.21008403361344538,-10.0,-7.091161127584309,-7.091161127584309,-0.5528491453818768,-0.5,-1.052849145381877,-1.052849145381877,-1.01,0.08535662607755512,-0.042849145381876896,-0.8569829076375379,-4.9464577122146665,0.8498437012664807,0.401536271371539,-4.01536271371539,1664.8188033335675,1655,-0.309375,-0.309375,5,0,bbox fill,False,,True,,1500,1559,1655,1498,2000,2000,1000,1000
777,589238615020207,15.53998760401737,commit_complete,tracking,0,127579,4234739248197,589238.591308104,0.023712103022262454,False,True,0.0,278,372,45,47,-0.0609375,-0.6479166666666667,0.09791666666666667,,3.8296120643838742,,duplicate frame,0.11609465797264232,0.11609465797264232,8.613660761511092,8.58994865848883,0.023712103022262454,0.0,1.6,341.0,0.0045701529597863555,5.26,-4.76,4.76,0.21008403361344538,-10.0,-7.090209260613151,-7.090209260613151,-0.5541360244680896,-0.5,-1.0541360244680895,-1.0541360244680895,-1.01,0.10535163804888725,-0.04413602446808951,-0.8827204893617902,-4.949105213227486,0.8498437012664807,0.401536271371539,-4.01536271371539,1664.8471884163046,1655,-0.309375,-0.309375,5,0,bbox fill,False,,True,,1500,1559,1655,1498,2000,2000,1000,1000
778,589238635007679,15.559975076001137,commit_complete,tracking,0,127580,4234772597807,589238.624800752,0.010206926963292062,True,True,0.0,278,372,44,47,-0.0625,-0.6479166666666667,0.09791666666666667,45.47526800360829,3.827784264471902,-0.016331764088834078,,0.07708486915452592,0.07708486915452592,12.972714502445083,12.96250757548179,0.010206926963292062,0.0,1.6,341.0,0.0245576249435544,5.26,-4.76,4.76,0.21008403361344538,-10.0,-7.228470850292225,-7.1901466205319915,-0.36721290014930463,-0.5,-0.8672129001493046,-1.0441422884762055,-1.01,0.1253391100326553,-0.034142288476205485,-0.6828457695241097,-4.951152467330625,0.8498437012664807,0.401536271371539,-4.01536271371539,1665.64936095057,1656,-0.325,-0.325,5,0,bbox fill,False,,True,,1500,1560,1656,1498,2000,2000,1000,1000
779,589238654993900,15.579961296985857,commit_complete,tracking,0,127580,4234772597807,589238.624800752,0.030193147948011756,False,True,0.0,278,372,44,47,-0.0625,-0.6479166666666667,0.09791666666666667,,3.827784264471902,,duplicate frame,0.07708486915452592,0.07708486915452592,12.972714502445083,12.942521354497071,0.030193147948011756,0.0,1.6,341.0,0.044543845928274095,5.26,-4.76,4.76,0.21008403361344538,-10.0,-7.228051411843154,-7.228051411843154,-0.3677799610773729,-0.5,-0.8677799610773729,-1.0341491779838456,-1.01,0.145325331017375,-0.024149177983845638,-0.48298355967691275,-4.952600419753979,0.8498437012664807,0.401536271371539,-4.01536271371539,1665.4509466931463,1656,-0.325,-0.325,5,0,bbox fill,False,,True,,1500,1560,1656,1498,2000,2000,1000,1000
780,589238675010015,15.599977412028238,commit_complete,tracking,0,127581,4234805282044,589238.658151267,0.016858748043887317,True,True,0.0,277,372,45,48,-0.0640625,-0.65,0.1,46.475800154489,3.833356917578,0.008576665786315552,,0.09765826251909043,0.09765826251909043,10.239788976427038,10.22293022838315,0.016858748043887317,0.0,1.6,341.0,0.06455996097065508,5.26,-4.76,4.76,0.21008403361344538,-10.0,-7.1429265261826735,-7.1429265261826735,-0.4656199243915643,-0.5,-0.9656199243915643,-1.0241411204626552,-1.01,0.16534144605975598,-0.014141120462655143,-0.28282240925310287,-4.953449570636004,0.8498437012664807,0.401536271371539,-4.01536271371539,1665.2516346936045,1656,-0.34062499999999996,-0.34062499999999996,5,0,bbox fill,False,,True,,1500,1560,1656,1497,2000,2000,1000,1000
781,589238694995887,15.619963283999823,commit_complete,tracking,0,127582,4234838370880,589238.691628721,0.0033671660348773003,True,True,0.0,277,372,45,48,-0.0640625,-0.65,0.1,46.475800154489,3.837433186537437,0.002305482771797429,,0.10316760088904843,0.10316760088904843,9.692965537460251,9.689598371425374,0.0033671660348773003,0.0,1.6,341.0,0.08454583294223994,5.2,-4.7,4.7,0.2127659574468085,-10.0,-7.133468769217227,-7.133468769217227,-0.4850562241940079,-0.5,-0.985056224194008,-1.0141481844768627,-0.93,0.01391628198325634,-0.08414818447686268,-1.6829636895372535,-4.958494895160792,0.46671440675242304,0.4145718984477158,-4.145718984477158,1664.7871775691751,1654,-0.34062499999999996,-0.34062499999999996,5,0,bbox fill,False,,True,,1500,1559,1654,1497,2000,2000,1000,1000
782,589238714994534,15.63996193103958,commit_complete,tracking,0,127582,4234838370880,589238.691628721,0.02336581307463348,False,True,0.0,277,372,45,48,-0.0640625,-0.65,0.1,,3.837433186537437,,duplicate frame,0.10316760088904843,0.10316760088904843,9.692965537460251,9.669599724385618,0.02336581307463348,0.0,1.6,341.0,0.10454447998199612,5.2,-4.7,4.7,0.2127659574468085,-10.0,-7.132721711103423,-7.132721711103423,-0.4860594165182599,-0.5,-0.9860594165182599,-1.0041488609569846,-0.93,0.03391492902301252,-0.07414886095698459,-1.4829772191396917,-4.9629435258568275,0.46671440675242304,0.4145718984477158,-4.145718984477158,1665.5916397294736,1655,-0.34062499999999996,-0.34062499999999996,5,0,bbox fill,False,,True,,1500,1559,1655,1497,2000,2000,1000,1000
783,589238735012383,15.659979779971763,commit_complete,tracking,0,127583,4234871420129,589238.725111403,0.009900979930534959,True,True,0.0,277,372,45,49,-0.0640625,-0.6520833333333333,0.10208333333333333,46.95742752749558,3.8438113723162415,0.00835387942189536,,0.12312748200696584,0.12312748200696584,8.121663691160563,8.111762711230028,0.009900979930534959,0.0,1.6,341.0,0.1245623289141804,5.2,-4.7,4.7,0.2127659574468085,-10.0,-7.050927659797292,-7.050927659797292,-0.5794055086810244,-0.5,-1.0794055086810244,-1.0141577854230768,-0.93,0.0539327779551968,-0.08415778542307673,-1.6831557084615345,-4.967997499362027,0.46671440675242304,0.4145718984477158,-4.145718984477158,1664.7968721923007,1654,-0.34062499999999996,-0.34062499999999996,5,0,bbox fill,False,,True,,1500,1559,1654,1497,2000,2000,1000,1000
784,589238755378572,15.68034596904181,commit_complete,tracking,0,127583,4234871420129,589238.725111403,0.030267169000580907,False,True,0.0,277,372,45,49,-0.0640625,-0.6520833333333333,0.10208333333333333,,3.8438113723162415,,duplicate frame,0.12312748200696584,0.12312748200696584,8.121663691160563,8.091396522159982,0.030267169000580907,0.0,1.6,341.0,0.013763313065283,5.2,-4.7,4.7,0.2127659574468085,-10.0,-7.049848101045441,-7.049848101045441,-0.5808638826595715,-0.5,-1.0808638826595716,-1.0243408799580997,-0.93,0.07429896702524275,-0.0943408799580997,-1.886817599161994,-4.97376159195681,0.46671440675242304,0.4145718984477158,-4.145718984477158,1665.006298175596,1654,-0.34062499999999996,-0.34062499999999996,5,0,bbox fill,False,,True,,1500,1559,1654,1497,2000,2000,1000,1000
785,589238775009174,15.69997657102067,commit_complete,tracking,0,127584,4234904364448,589238.758564176,0.016444997978396714,True,True,0.0,276,373,46,48,-0.065625,-0.6541666666666667,0.1,46.98936049788292,3.8486271345087797,0.001990875676482151,,0.1278885239126278,0.1278885239126278,7.81930989119235,7.802864893213953,0.016444997978396714,0.0,1.6,341.0,0.033393915044143796,5.2,-4.7,4.7,0.2127659574468085,-10.0,-7.021768990706294,-7.021768990706294,-0.6023428656425318,-0.5,-1.1023428656425318,-1.0341561809475301,-0.93,0.09392956900410354,-0.1041561809475301,-2.083123618950602,-4.9798955375522675,0.46671440675242304,0.4145718984477158,-4.145718984477158,1665.2087381409801,1654,-0.35625000000000007,-0.35625000000000007,5,0,bbox fill,False,,True,,1500,1559,1654,1497,2000,2000,1000,1000
786,589238795010527,15.719977924018167,commit_complete,tracking,0,127585,4234937391407,589238.792061045,0.002949482062831521,True,True,0.0,276,373,46,49,-0.065625,-0.65625,0.10208333333333333,47.47630988187688,3.855472946314299,0.007319847670094859,,0.1453703911022875,0.1453703911022875,6.878979910677728,6.8760304286148966,0.002949482062831521,0.0,1.6,341.0,0.05339526804164052,5.2,-4.7,4.7,0.2127659574468085,-10.0,-6.950207907755903,-6.950207907755903,-0.6835339152137472,-0.5,-1.1835339152137472,-1.0441568574462785,-0.93,0.11393092200160027,-0.11415685744627846,-2.283137148925569,-4.986745412360872,0.46671440675242304,0.4145718984477158,-4.145718984477158,1664.4156015457636,1653,-0.35625000000000007,-0.35625000000000007,5,0,bbox fill,False,,True,,1500,1558,1653,1497,2000,2000,1000,1000
787,589238814994391,15.739961788058281,commit_complete,tracking,0,127585,4234937391407,589238.792061045,0.022933346102945507,False,True,0.0,276,373,46,49,-0.065625,-0.65625,0.10208333333333333,,3.855472946314299,,duplicate frame,0.1453703911022875,0.1453703911022875,6.878979910677728,6.856046564574783,0.022933346102945507,0.0,1.6,341.0,0.0733791320817545,5.2,-4.7,4.7,0.2127659574468085,-10.0,-6.948750736402943,-6.948750736402943,-0.6855262658636126,-0.5,-1.1855262658636128,-1.0541487894663355,-0.93,0.13391478604171425,-0.12414878946633545,-2.482975789326709,-4.994188329949192,0.46671440675242304,0.4145718984477158,-4.145718984477158,1664.622883103753,1653,-0.35625000000000007,-0.35625000000000007,5,0,bbox fill,False,,True,,1500,1558,1653,1497,2000,2000,1000,1000
788,589238835029231,15.759996628039517,commit_complete,tracking,0,127586,4234970631295,589238.825456807,0.009572423994541168,True,True,0.0,276,374,46,49,-0.065625,-0.6604166666666667,0.10208333333333333,47.47630988187688,3.8602938024067304,-9.685401056813703e-05,,0.14513837600933488,0.14513837600933488,6.889976500327404,6.880404076332863,0.009572423994541168,0.0,1.6,341.0,0.09341397206299007,5.2,-4.7,4.7,0.2127659574468085,-10.0,-6.926882958082052,-6.926882958082052,-0.6830994150717118,-0.5,-1.1830994150717118,-1.0641662094569533,-0.93,0.15394962602294981,-0.13416620945695323,-2.6833241891390647,-5.002252325561269,0.46671440675242304,0.4145718984477158,-4.145718984477158,1664.8312954991775,1653,-0.35625000000000007,-0.35625000000000007,5,0,bbox fill,False,,True,,1500,1558,1653,1497,2000,2000,1000,1000
789,589238855005340,15.779972736956552,commit_complete,tracking,0,127586,4234970631295,589238.825456807,0.02954853291157633,False,True,0.0,276,374,46,49,-0.065625,-0.6604166666666667,0.10208333333333333,,3.8602938024067304,,duplicate frame,0.14513837600933488,0.14513837600933488,6.889976500327404,6.860427967415828,0.02954853291157633,0.0,1.6,341.0,0.11339008098002523,5.17,-4.67,4.67,0.21413276231263384,-10.0,-6.930087282657476,-6.930087282657476,-0.6807155504263804,-0.5,-1.1807155504263804,-1.0741542639154709,-0.83,0.0024928769562393427,-0.2441542639154709,-4.883085278309418,-5.016884082066871,0.5833187475033611,0.4483212682588449,-4.483212682588449,1664.3831820429648,1650,-0.35625000000000007,-0.35625000000000007,5,0,bbox fill,False,,True,,1500,1558,1650,1497,2000,2000,1000,1000
790,589238875043301,15.800010698032565,commit_complete,tracking,0,127587,4235003253617,589238.858983678,0.016059622983448207,True,True,0.0,276,375,46,49,-0.065625,-0.6645833333333333,0.10208333333333333,47.47630988187688,3.863434691265966,-0.004928990717084858,,0.13337708586931332,0.13337708586931332,7.49753972717494,7.481480104191492,0.016059622983448207,0.0,1.4,341.0,0.002306759008206427,5.17,-4.67,4.67,0.21413276231263384,-10.0,-6.946991016468453,-6.946991016468453,-0.6242080357045442,-0.5,-1.124208035704544,-1.0841732444534777,-0.83,0.022530838032253087,-0.2541732444534778,-5.083464889069555,-5.03216342280364,0.5833187475033611,0.4483212682588449,-4.483212682588449,1664.5988409944616,1650,-0.35625000000000007,-0.35625000000000007,5,0,bbox fill,False,,True,,1500,1558,1650,1497,2000,2000,1000,1000
791,589238895020393,15.819987789960578,commit_complete,tracking,0,127588,4235036267391,589238.892372443,0.0026479499647393823,True,True,0.0,276,375,46,50,-0.065625,-0.6666666666666666,0.10416666666666667,47.958315233127195,3.868743462168485,0.002444213523284944,,0.1392334594780651,0.1392334594780651,7.182181666308022,7.179533716343283,0.0026479499647393823,0.0,1.4,341.0,0.022283850936219096,5.17,-4.67,4.67,0.21413276231263384,-10.0,-6.916159836199397,-6.916159836199397,-0.6504600694846445,-0.5,-1.1504600694846445,-1.094161790417484,-0.83,0.042507929960265756,-0.2641617904174841,-5.283235808349682,-5.0479949759167555,0.5833187475033611,0.4483212682588449,-4.483212682588449,1664.814443466855,1650,-0.35625000000000007,-0.35625000000000007,5,0,bbox fill,False,,True,,1500,1558,1650,1497,2000,2000,1000,1000
792,589238915013431,15.839980827993713,commit_complete,tracking,0,127588,4235036267391,589238.892372443,0.022640987997874618,False,True,0.0,276,375,46,50,-0.065625,-0.6666666666666666,0.10416666666666667,,3.868743462168485,,duplicate frame,0.1392334594780651,0.1392334594780651,7.182181666308022,7.159540678310147,0.022640987997874618,0.0,1.4,341.0,0.04227688896935433,5.17,-4.67,4.67,0.21413276231263384,-10.0,-6.914863325404484,-6.914863325404484,-0.6522764811083176,-0.5,-1.1522764811083177,-1.1041583094340517,-0.83,0.06250096799340099,-0.27415830943405173,-5.483166188681034,-5.064438748439601,0.5833187475033611,0.4483212682588449,-4.483212682588449,1665.030817619709,1650,-0.35625000000000007,-0.35625000000000007,5,0,bbox fill,False,,True,,1500,1558,1650,1497,2000,2000,1000,1000
793,589238935022826,15.859990222961642,commit_complete,tracking,0,127589,4235069297724,589238.925851905,0.00917092093732208,True,True,0.0,276,376,46,50,-0.065625,-0.6708333333333333,0.10416666666666667,47.958315233127195,3.872329470602831,-0.0030727225295548166,,0.13189111323142386,0.13189111323142386,7.582011975631304,7.572841054693982,0.00917092093732208,0.0,1.4,341.0,0.06228628393728286,5.17,-4.67,4.67,0.21413276231263384,-10.0,-6.916019670707872,-6.916019670707872,-0.6166774089501492,-0.5,-1.1166774089501492,-1.114163006918016,-0.83,0.08251036296132952,-0.284163006918016,-5.683260138360319,-5.081496537961692,0.5833187475033611,0.4483212682588449,-4.483212682588449,1665.2479693589105,1650,-0.35625000000000007,-0.35625000000000007,5,0,bbox fill,False,,True,,1500,1558,1650,1497,2000,2000,1000,1000
794,589238954992594,15.879959990968928,commit_complete,tracking,0,127589,4235069297724,589238.925851905,0.029140688944607973,False,True,0.0,276,376,46,50,-0.065625,-0.6708333333333333,0.10416666666666667,,3.872329470602831,,duplicate frame,0.13189111323142386,0.13189111323142386,7.582011975631304,7.552871286686696,0.029140688944607973,0.0,1.4,341.0,0.08225605194456875,5.17,-4.67,4.67,0.21413276231263384,-10.0,-6.914870411627168,-6.914870411627168,-0.6183079020864185,-0.5,-1.1183079020864186,-1.1183079020864186,-0.83,0.10248013096861541,-0.28830790208641865,-5.766158041728373,-5.098768863719691,0.5833187475033611,0.4483212682588449,-4.483212682588449,1664.3481395880365,1649,-0.35625000000000007,-0.35625000000000007,5,0,bbox fill,False,,True,,1500,1558,1649,1497,2000,2000,1000,1000
795,589238975007077,15.899974473984912,commit_complete,tracking,0,127590,4235102368900,589238.959362387,0.01564469002187252,True,True,0.0,276,377,46,49,-0.065625,-0.6729166666666667,0.10208333333333333,47.47630988187688,3.8709677800458744,-0.016518358070789496,,0.0924566267898467,0.0924566267898467,10.815882373396484,10.800237683374611,0.01564469002187252,0.0,1.4,341.0,0.0015039939898997545,5.17,-4.67,4.67,0.21413276231263384,-10.0,-7.032960970125929,-7.01494282670709,-0.43239789131574236,-0.5,-0.9323978913157424,-1.1083006605784265,-0.83,0.12249461398459971,-0.2783006605784265,-5.56601321156853,-5.115478995253143,0.5833187475033611,0.4483212682588449,-4.483212682588449,1665.1647048894101,1650,-0.35625000000000007,-0.35625000000000007,5,0,bbox fill,False,,True,,1500,1558,1650,1497,2000,2000,1000,1000
796,589238995029055,15.919996452052146,commit_complete,tracking,0,127591,4235135382607,589238.99290144,0.002127615036442876,True,True,0.0,276,377,47,50,-0.0640625,-0.675,0.10416666666666667,48.47679857416329,3.876524503291138,0.00701661581225288,,0.10919321336248541,0.10919321336248541,9.158078320127188,9.155950705090746,0.002127615036442876,0.0,1.4,341.0,0.021525972057133913,5.16,-4.66,4.66,0.2145922746781116,-10.0,-6.967464484475257,-6.967464484475257,-0.5089586161062467,-0.5,-1.0089586161062467,-1.0982896715448094,-0.67,0.0013253370998427272,-0.42828967154480935,-8.565793430896187,-5.1412046144834225,1.133214660174274,0.5852999466419307,-5.852999466419307,1664.5599975117989,1645,-0.34062499999999996,-0.34062499999999996,5,0,bbox fill,False,,True,,1500,1558,1645,1497,2000,2000,1000,1000
797,589239015012796,15.939980193041265,commit_complete,tracking,0,127591,4235135382607,589238.99290144,0.02211135602556169,False,True,0.0,276,377,47,50,-0.0640625,-0.675,0.10416666666666667,,3.876524503291138,,duplicate frame,0.10919321336248541,0.10919321336248541,9.158078320127188,9.135966964101627,0.02211135602556169,0.0,1.4,341.0,0.04150971304625273,5.16,-4.66,4.66,0.2145922746781116,-10.0,-6.966688054690943,-6.966688054690943,-0.5100718969662162,-0.5,-1.0100718969662164,-1.08829780105025,-0.67,0.02130907808896154,-0.41829780105024994,-8.365956021005,-5.166282079220941,1.133214660174274,0.5852999466419307,-5.852999466419307,1665.3852375666452,1646,-0.34062499999999996,-0.34062499999999996,5,0,bbox fill,False,,True,,1500,1558,1646,1497,2000,2000,1000,1000
798,589239035023197,15.95999059395399,commit_complete,tracking,0,127592,4235168241198,589239.02631535,0.008707846980541945,True,True,0.0,276,377,47,50,-0.0640625,-0.675,0.10416666666666667,48.47679857416329,3.8804923553179647,0.0009122280786737491,,0.11137728120687086,0.11137728120687086,8.978491745929869,8.969783898949327,0.008707846980541945,0.0,1.4,341.0,0.06152011395897716,5.16,-4.66,4.66,0.2145922746781116,-10.0,-6.960097323097566,-6.960097323097566,-0.5195219921124129,-0.5,-1.0195219921124128,-1.0782926005938878,-0.67,0.04131947900168598,-0.4082926005938877,-8.165852011877755,-5.190792375103689,1.133214660174274,0.5852999466419307,-5.852999466419307,1665.2096438534008,1646,-0.34062499999999996,-0.34062499999999996,5,0,bbox fill,False,,True,,1500,1558,1646,1497,2000,2000,1000,1000
799,589239055010269,15.979977666051127,commit_complete,tracking,0,127592,4235168241198,589239.02631535,0.028694919077679515,False,True,0.0,276,377,47,50,-0.0640625,-0.675,0.10416666666666667,,3.8804923553179647,,duplicate frame,0.11137728120687086,0.11137728120687086,8.978491745929869,8.94979682685219,0.028694919077679515,0.0,1.4,341.0,0.08150718605611473,5.16,-4.66,4.66,0.2145922746781116,-10.0,-6.959288157549274,-6.959288157549274,-0.5206822110216561,-0.5,-1.020682211021656,-1.068299064545319,-0.67,0.06130655109882355,-0.39829906454531894,-7.965981290906379,-5.214674871461558,1.133214660174274,0.5852999466419307,-5.852999466419307,1665.0336556287873,1646,-0.34062499999999996,-0.34062499999999996,5,0,bbox fill,False,,True,,1500,1558,1646,1497,2000,2000,1000,1000
800,589239075028918,15.999996314989403,commit_complete,tracking,0,127593,4235201361398,589239.059772786,0.015256131999194622,True,True,0.0,276,377,47,51,-0.0640625,-0.6770833333333334,0.10625,48.95916665957459,3.8865875058514994,0.00676786363952786,,0.12755990473160825,0.12755990473160825,7.839453957762393,7.824197825763198,0.015256131999194622,0.0,1.4,340.0,0.0006100590107962489,5.16,-4.66,4.66,0.2145922746781116,-10.0,-6.89482218798671,-6.89482218798671,-0.5955882128460176,-0.5,-1.0955882128460175,-1.078308389014457,-0.67,0.08132520003709942,-0.4083083890144569,-8.166167780289138,-5.239196218356258,1.133214660174274,0.5852999466419307,-5.852999466419307,1665.2583634650648,1646,-0.34062499999999996,-0.34062499999999996,5,0,bbox fill,False,,True,,1500,1557,1646,1497,2000,2000,1000,1000
801,589239094995216,16.01996261300519,commit_complete,tracking,0,127594,4235234221261,589239.093276419,0.0017187970224767923,True,True,0.0,276,378,48,50,-0.0625,-0.6791666666666667,0.10416666666666667,48.98979485566356,3.8911239998135274,0.0007507820838323909,,0.12935262275475595,0.12935262275475595,7.730805751777713,7.729086954755236,0.0017187970224767923,0.0,1.4,340.0,0.020576357026584446,5.16,-4.66,4.66,0.2145922746781116,-10.0,-6.877551594003016,-6.877551594003016,-0.6029172691779572,-0.5,-1.1029172691779572,-1.088291538022351,-0.67,0.10129149805288762,-0.418291538022351,-8.36583076044702,-5.264251418873168,1.133214660174274,0.5852999466419307,-5.852999466419307,1664.4830816457395,1645,-0.325,-0.325,5,0,bbox fill,False,,True,,1500,1557,1645,1498,2000,2000,1000,1000
802,589239115021499,16.03998889599461,commit_complete,tracking,0,127594,4235234221261,589239.093276419,0.02174508001189679,False,True,0.0,276,378,48,50,-0.0625,-0.6791666666666667,0.10416666666666667,,3.8911239998135274,,duplicate frame,0.12935262275475595,0.12935262275475595,7.730805751777713,7.709060671765816,0.02174508001189679,0.0,1.4,340.0,0.04060264001600444,5.16,-4.66,4.66,0.2145922746781116,-10.0,-6.876473267758304,-6.876473267758304,-0.6044835030378083,-0.5,-1.1044835030378084,-1.098304679517061,-0.67,0.12131778104230762,-0.42830467951706097,-8.56609359034122,-5.2899834710262725,1.133214660174274,0.5852999466419307,-5.852999466419307,1664.7090765277867,1645,-0.325,-0.325,5,0,bbox fill,False,,True,,1500,1557,1645,1498,2000,2000,1000,1000
803,589239135030723,16.059998119948432,commit_complete,tracking,0,127595,4235267213887,589239.126706426,0.008324296912178397,True,True,0.0,276,378,48,50,-0.0625,-0.6791666666666667,0.10416666666666667,48.98979485566356,3.8941055711468047,-0.0038362507365943266,,0.12017224602207874,0.12017224602207874,8.321388948795,8.313064651882822,0.008324296912178397,0.0,1.4,340.0,0.06061186396982521,5.16,-4.66,4.66,0.2145922746781116,-10.0,-6.906711518373104,-6.906711518373104,-0.560563425781196,-0.5,-1.060563425781196,-1.0883000675401506,-0.67,0.14132700499612838,-0.4183000675401506,-8.366001350803012,-5.3150930502202005,1.133214660174274,0.5852999466419307,-5.852999466419307,1664.5340938674426,1645,-0.325,-0.325,5,0,bbox fill,False,,True,,1500,1558,1645,1498,2000,2000,1000,1000
804,589239154993506,16.079960903036408,commit_complete,tracking,0,127595,4235267213887,589239.126706426,0.028287080000154674,False,True,0.0,276,378,48,50,-0.0625,-0.6791666666666667,0.10416666666666667,,3.8941055711468047,,duplicate frame,0.12017224602207874,0.12017224602207874,8.321388948795,8.293101868794846,0.028287080000154674,0.0,1.4,340.0,0.08057464705780149,5.16,-4.66,4.66,0.2145922746781116,-10.0,-6.905782504042908,-6.905782504042908,-0.5619127889330017,-0.5,-1.0619127889330016,-1.0783186759961625,-0.67,0.16128978808410466,-0.40831867599616245,-8.16637351992325,-5.339546581699244,1.133214660174274,0.5852999466419307,-5.852999466419307,1664.3589195680418,1645,-0.325,-0.325,5,0,bbox fill,False,,True,,1500,1558,1645,1498,2000,2000,1000,1000
805,589239175026909,16.09999430598691,commit_complete,tracking,0,127596,4235300306654,589239.160155703,0.014871206018142402,True,True,0.0,277,377,47,51,-0.0609375,-0.6770833333333334,0.10625,48.95916665957459,3.895626725850357,-0.007138628666407243,,0.10309892349660923,0.10309892349660923,9.6994223226093,9.684551116591157,0.014871206018142402,0.0,1.4,340.0,0.10060805000830442,5.11,-4.61,4.61,0.21691973969631234,-10.0,-6.981618494917305,-6.981618494917305,-0.4760158673851539,-0.5,-0.9760158673851539,-1.068301974520911,-0.6,0.009906071936711669,-0.46830197452091105,-9.36603949041822,-5.3676916281735245,0.40836061397125234,0.549912080107795,-5.49912080107795,1665.2328519196697,1645,-0.309375,-0.309375,5,0,bbox fill,False,,True,,1500,1558,1645,1498,2000,2000,1000,1000
806,589239195022518,16.11998991505243,commit_complete,tracking,0,127597,4235333461911,589239.193669943,0.0013525750255212188,True,True,0.0,277,377,48,51,-0.059375,-0.6770833333333334,0.10625,49.47726750741192,3.8999329677850407,0.0024313138939500156,,0.10890257923156198,0.10890257923156198,9.18251897297747,9.181166397951948,0.0013525750255212188,0.0,1.5,340.0,0.01976091507822275,5.11,-4.61,4.61,0.21691973969631234,-10.0,-6.963336939894164,-6.963336939894164,-0.5021148512272208,-0.5,-1.0021148512272209,-1.0583041699881521,-0.6,0.029901681002229452,-0.45830416998815215,-9.166083399763043,-5.395183841222064,0.40836061397125234,0.549912080107795,-5.49912080107795,1665.060388042063,1645,-0.29374999999999996,-0.29374999999999996,5,0,bbox fill,False,,True,,1500,1558,1645,1498,2000,2000,1000,1000
807,589239215027695,16.139995092060417,commit_complete,tracking,0,127597,4235333461911,589239.193669943,0.021357752033509314,False,True,0.0,277,377,48,51,-0.059375,-0.6770833333333334,0.10625,,3.8999329677850407,,duplicate frame,0.10890257923156198,0.10890257923156198,9.18251897297747,9.16116122094396,0.021357752033509314,0.0,1.5,340.0,0.03976609208621085,5.11,-4.61,4.61,0.21691973969631234,-10.0,-6.962568898770009,-6.962568898770009,-0.5032113166462744,-0.5,-1.0032113166462744,-1.048301581484158,-0.6,0.04990685801021755,-0.4483015814841581,-8.966031629683162,-5.422088898693719,0.40836061397125234,0.549912080107795,-5.49912080107795,1664.8872413294548,1645,-0.29374999999999996,-0.29374999999999996,5,0,bbox fill,False,,True,,1500,1558,1645,1498,2000,2000,1000,1000
808,589239235018489,16.159985885955393,commit_complete,tracking,0,127599,4235399242651,589239.227082523,0.007935965899378061,True,True,0.0,277,377,48,52,-0.059375,-0.6791666666666667,0.10833333333333334,49.95998398718719,3.9062494222144752,0.007650680815667776,,0.1272206637590132,0.1272206637590132,7.860358297565894,7.852422331666516,0.007935965899378061,0.0,1.5,340.0,0.059756885981187224,5.11,-4.61,4.61,0.21691973969631234,-10.0,-6.891538693102463,-6.891538693102463,-0.5870799869499151,-0.5,-1.0870799869499153,-1.0582969784316463,-0.6,0.06989765190519392,-0.4582969784316463,-9.165939568632925,-5.4495740600092715,0.40836061397125234,0.549912080107795,-5.49912080107795,1665.1146344297201,1645,-0.29374999999999996,-0.29374999999999996,5,0,bbox fill,False,,True,,1500,1557,1645,1498,2000,2000,1000,1000
809,589239255026087,16.17999348405283,commit_complete,tracking,0,127599,4235399242651,589239.227082523,0.02794356399681419,False,True,0.0,277,377,48,52,-0.059375,-0.6791666666666667,0.10833333333333334,,3.9062494222144752,,duplicate frame,0.1272206637590132,0.1272206637590132,7.860358297565894,7.83241473356908,0.02794356399681419,0.0,1.5,340.0,0.07976448407862335,5.11,-4.61,4.61,0.21691973969631234,-10.0,-6.890494994472929,-6.890494994472929,-0.5885796598898068,-0.5,-1.0885796598898068,-1.0683007774803643,-0.6,0.08990525000263005,-0.46830077748036436,-9.366015549607287,-5.477682781242904,0.40836061397125234,0.549912080107795,-5.49912080107795,1664.342819131928,1644,-0.29374999999999996,-0.29374999999999996,5,0,bbox fill,False,,True,,1500,1557,1644,1498,2000,2000,1000,1000
810,589239275049086,16.20001648296602,commit_complete,tracking,0,127600,4235432409379,589239.260521388,0.014527697931043804,True,True,0.0,277,377,49,52,-0.0578125,-0.6791666666666667,0.10833333333333334,50.47771785649585,3.9143635018492,0.01102847153358022,,0.153605462502676,0.153605462502676,6.510185143855667,6.495657445924623,0.014527697931043804,0.0,1.5,340.0,0.09978748299181461,5.11,-4.61,4.61,0.21691973969631234,-10.0,-6.806197774124028,-6.806197774124028,-0.709704912609318,-0.5,-1.209704912609318,-1.07831227693696,-0.6,0.10992824891582131,-0.47831227693696,-9.5662455387392,-5.506414519846728,0.40836061397125234,0.549912080107795,-5.49912080107795,1664.571780859664,1644,-0.27812500000000007,-0.27812500000000007,5,0,bbox fill,False,,True,,1500,1557,1644,1498,2000,2000,1000,1000
811,589239295032355,16.219999752007425,commit_complete,tracking,0,127601,4235466117360,589239.293882024,0.0011503309942781925,True,True,0.0,277,377,49,52,-0.0578125,-0.6791666666666667,0.10833333333333334,50.47771785649585,3.9202033234703157,0.0020441305780170005,,0.15850736084623188,0.15850736084623188,6.308855277516739,6.307704946522461,0.0011503309942781925,0.0,1.5,340.0,0.019037707010284066,5.11,-4.61,4.61,0.21691973969631234,-10.0,-6.791480305975198,-6.791480305975198,-0.7308521941156375,-0.5,-1.2308521941156374,-1.088303911457662,-0.6,0.12991151795722544,-0.48830391145766205,-9.76607822915324,-5.535688245156613,0.40836061397125234,0.549912080107795,-5.49912080107795,1664.8008872753878,1644,-0.27812500000000007,-0.27812500000000007,5,0,bbox fill,False,,True,,1500,1557,1644,1498,2000,2000,1000,1000
812,589239315010671,16.239978068042547,commit_complete,tracking,0,127601,4235466117360,589239.293882024,0.021128647029399872,False,True,0.0,277,377,49,52,-0.0578125,-0.6791666666666667,0.10833333333333334,,3.9202033234703157,,duplicate frame,0.15850736084623188,0.15850736084623188,6.308855277516739,6.287726630487339,0.021128647029399872,0.0,1.5,340.0,0.039016023045405746,5.09,-4.59,4.59,0.2178649237472767,-10.0,-6.792896652456298,-6.792896652456298,-0.7299935683820029,-0.5,-1.229993568382003,-1.0982930694752229,-0.55,0.018802697071805596,-0.5482930694752228,-10.965861389504457,-5.568550161822142,0.38142567741263156,0.5162147995687624,-5.162147995687624,1664.6965595470142,1643,-0.27812500000000007,-0.27812500000000007,5,0,bbox fill,False,,True,,1500,1557,1643,1498,2000,2000,1000,1000
813,589239335037077,16.260004473966546,commit_complete,tracking,0,127602,4235499220561,589239.32734578,0.007691296981647611,True,True,0.0,278,377,48,53,-0.05625,-0.68125,0.11041666666666666,50.438080851673966,3.923841185604213,-0.004761112883393981,,0.1471252245733927,0.1471252245733927,6.796931001462329,6.789239704480681,0.007691296981647611,0.0,1.5,340.0,0.05904242896940559,5.09,-4.59,4.59,0.2178649237472767,-10.0,-6.818701520531867,-6.818701520531867,-0.6760698104341119,-0.5,-1.1760698104341119,-1.1083062724372228,-0.55,0.03882910299580544,-0.5583062724372228,-11.166125448744456,-5.602092765947371,0.38142567741263156,0.5162147995687624,-5.162147995687624,1664.9303662103794,1643,-0.2625,-0.2625,5,0,bbox fill,False,,True,,1500,1557,1643,1498,2000,2000,1000,1000
814,589239355016949,16.27998434600886,commit_complete,tracking,0,127602,4235499220561,589239.32734578,0.02767116902396083,False,True,0.0,278,377,48,53,-0.05625,-0.68125,0.11041666666666666,,3.923841185604213,,duplicate frame,0.1471252245733927,0.1471252245733927,6.796931001462329,6.769259832438368,0.02767116902396083,0.0,1.5,340.0,0.07902230101171881,5.09,-4.59,4.59,0.2178649237472767,-10.0,-6.817315784310073,-6.817315784310073,-0.6780652705934952,-0.5,-1.1780652705934953,-1.1182962084583794,-0.55,0.05880897503811866,-0.5682962084583794,-11.365924169167588,-5.636156222528761,0.38142567741263156,0.5162147995687624,-5.162147995687624,1665.164228387384,1643,-0.2625,-0.2625,5,0,bbox fill,False,,True,,1500,1557,1643,1498,2000,2000,1000,1000
815,589239375036062,16.30000345897861,commit_complete,tracking,0,127603,4235532074211,589239.360779608,0.014256453956477344,True,True,0.0,278,378,49,52,-0.0546875,-0.6833333333333333,0.10833333333333334,50.47771785649585,3.9262302972117595,-0.0072281367165119015,,0.12982983929244288,0.12982983929244288,7.702389569685063,7.6881331157285855,0.014256453956477344,0.0,1.5,340.0,0.09904141398146749,5.09,-4.59,4.59,0.2178649237472767,-10.0,-6.8613487278007845,-6.8613487278007845,-0.5970240019140222,-0.5,-1.097024001914022,-1.108286651973505,-0.55,0.07882808800786734,-0.558286651973505,-11.165733039470101,-5.669685433194842,0.38142567741263156,0.5162147995687624,-5.162147995687624,1664.9975664683525,1643,-0.246875,-0.246875,5,0,bbox fill,False,,True,,1500,1557,1643,1498,2000,2000,1000,1000
816,589239395025718,16.31999311503023,commit_complete,tracking,0,127604,4235564672695,589239.394199331,0.0008263869676738977,True,True,0.0,278,378,49,53,-0.0546875,-0.6854166666666667,0.11041666666666666,50.96076922496363,3.930739600455123,0.00048693134807864524,,0.1309954536154333,0.1309954536154333,7.63385272084118,7.633026333873506,0.0008263869676738977,0.0,1.5,340.0,0.01817253604531288,5.09,-4.59,4.59,0.2178649237472767,-10.0,-6.8461489266891435,-6.8461489266891435,-0.6013342282903835,-0.5,-1.1013342282903835,-1.1013342282903835,-0.55,0.09881774405948818,-0.5513342282903835,-11.02668456580767,-5.702748377973874,0.38142567741263156,0.5162147995687624,-5.162147995687624,1664.8915809394691,1643,-0.246875,-0.246875,5,0,bbox fill,False,,True,,1500,1557,1643,1498,2000,2000,1000,1000
817,589239414995585,16.33996298199054,commit_complete,tracking,0,127604,4235564672695,589239.394199331,0.020796253927983344,False,True,0.0,278,378,49,53,-0.0546875,-0.6854166666666667,0.11041666666666666,,3.930739600455123,,duplicate frame,0.1309954536154333,0.1309954536154333,7.63385272084118,7.613056466913196,0.020796253927983344,0.0,1.5,340.0,0.03814240300562233,5.09,-4.59,4.59,0.2178649237472767,-10.0,-6.8450678535674,-6.8450678535674,-0.6029115927286783,-0.5,-1.1029115927286783,-1.1029115927286783,-0.55,0.11878761101979762,-0.5529115927286783,-11.058231854573567,-5.735873090816687,0.38142567741263156,0.5162147995687624,-5.162147995687624,1664.9562529410778,1643,-0.246875,-0.246875,5,0,bbox fill,False,,True,,1500,1557,1643,1498,2000,2000,1000,1000
818,589239435043662,16.360011058975942,commit_complete,tracking,0,127605,4235597769264,589239.427632377,0.007411284954287112,True,True,0.0,278,378,49,53,-0.0546875,-0.6854166666666667,0.11041666666666666,50.96076922496363,3.9336971024005636,-0.004063071644906824,,0.12127316471629482,0.12127316471629482,8.245847317824925,8.238436032870638,0.007411284954287112,0.0,1.5,340.0,0.05819047999102622,5.09,-4.59,4.59,0.2178649237472767,-10.0,-6.87643504046646,-6.87643504046646,-0.5571445820160892,-0.5,-1.0571445820160892,-1.0928875542359764,-0.55,0.13883568800520152,-0.5428875542359763,-10.857751084719528,-5.768524645261909,0.38142567741263156,0.5162147995687624,-5.162147995687624,1664.788423725669,1643,-0.246875,-0.246875,5,0,bbox fill,False,,True,,1500,1557,1643,1498,2000,2000,1000,1000
819,589239455016812,16.379984208964743,commit_complete,tracking,0,127605,4235597769264,589239.427632377,0.0273844349430874,False,True,0.0,278,378,49,53,-0.0546875,-0.6854166666666667,0.11041666666666666,,3.9336971024005636,,duplicate frame,0.12127316471629482,0.12127316471629482,8.245847317824925,8.218462882881838,0.0273844349430874,0.0,1.5,340.0,0.07816362997982651,5.09,-4.59,4.59,0.2178649237472767,-10.0,-6.8755070427635365,-6.8755070427635365,-0.558498598267137,-0.5,-1.0584985982671369,-1.0829009792415762,-0.55,0.1588088379940018,-0.5329009792415762,-10.658019584831525,-5.80045577882462,0.38142567741263156,0.5162147995687624,-5.162147995687624,1664.6206233593439,1643,-0.246875,-0.246875,5,0,bbox fill,False,,True,,1500,1557,1643,1498,2000,2000,1000,1000
820,589239475030538,16.399997935048304,commit_complete,tracking,0,127606,4235631195266,589239.461105849,0.013924689032137394,True,True,0.0,278,379,49,53,-0.0546875,-0.6895833333333333,0.11041666666666666,50.96076922496363,3.9354113856251782,-0.006700430452005968,,0.10525945582322378,0.10525945582322378,9.500334123705077,9.48640943467294,0.013924689032137394,0.0,1.5,340.0,0.09817735606338829,5.05,-4.55,4.55,0.21978021978021978,-10.0,-6.907095259724732,-6.907095259724732,-0.47963352534307613,-0.5,-0.9796335253430761,-1.0728941161997954,-0.53,0.01753391802776605,-0.5428941161997953,-10.857882323995906,-5.8330517812266205,0.12400128893031354,0.4377720974410726,-4.377720974410726,1665.0686550796333,1644,-0.246875,-0.246875,5,0,bbox fill,False,,True,,1500,1558,1644,1498,2000,2000,1000,1000
821,589239495029937,16.419997334014624,commit_complete,tracking,0,127607,4235664397789,589239.494528847,0.0005010899621993303,True,True,0.0,278,379,50,53,-0.053125,-0.6895833333333333,0.11041666666666666,51.478150704935004,3.939709267758343,0.002227987279678434,,0.11059228031074933,0.11059228031074933,9.042222451604538,9.041721361642338,0.0005010899621993303,0.0,1.4,340.0,0.01724109402857721,5.05,-4.55,4.55,0.21978021978021978,-10.0,-6.891001870008822,-6.891001870008822,-0.5032227623494845,-0.5,-1.0032227623494845,-1.0628944167166354,-0.53,0.03753331699408591,-0.5328944167166354,-10.657888334332707,-5.865024485367141,0.12400128893031354,0.4377720974410726,-4.377720974410726,1664.9006337941105,1644,-0.23125,-0.23125,5,0,bbox fill,False,,True,,1500,1557,1644,1498,2000,2000,1000,1000
822,589239515020660,16.43998805701267,commit_complete,tracking,0,127607,4235664397789,589239.494528847,0.020491812960244715,False,True,0.0,278,379,50,53,-0.053125,-0.6895833333333333,0.11041666666666666,,3.939709267758343,,duplicate frame,0.11059228031074933,0.11059228031074933,9.042222451604538,9.021730638644293,0.020491812960244715,0.0,1.4,340.0,0.03723181702662259,5.05,-4.55,4.55,0.21978021978021978,-10.0,-6.890241136481759,-6.890241136481759,-0.5043378241099575,-0.5,-1.0043378241099576,-1.0528990552176127,-0.53,0.05752403999213129,-0.5228990552176127,-10.457981104352253,-5.896383875873526,0.12400128893031354,0.4377720974410726,-4.377720974410726,1664.7320859546364,1644,-0.23125,-0.23125,5,0,bbox fill,False,,True,,1500,1557,1644,1498,2000,2000,1000,1000
823,589239534996740,16.459964137058705,commit_complete,tracking,0,127608,4235698170942,589239.528004876,0.006991864065639675,True,True,0.0,278,379,50,54,-0.053125,-0.6916666666666667,0.1125,51.96152422706632,3.945893681886188,0.007092067861573348,,0.12754068927323167,0.12754068927323167,7.8406350608447015,7.833643196779062,0.006991864065639675,0.0,1.4,340.0,0.05720789707265794,5.05,-4.55,4.55,0.21978021978021978,-10.0,-6.82572089275239,-6.82572089275239,-0.5808280879924186,-0.5,-1.0808280879924186,-1.0628870952406304,-0.53,0.07750012003816664,-0.5328870952406304,-10.657741904812607,-5.9283188616836044,0.12400128893031354,0.4377720974410726,-4.377720974410726,1664.963781740907,1644,-0.23125,-0.23125,5,0,bbox fill,False,,True,,1500,1557,1644,1498,2000,2000,1000,1000
824,589239555018277,16.479985674028285,commit_complete,tracking,0,127608,4235698170942,589239.528004876,0.02701340103521943,False,True,0.0,278,379,50,54,-0.053125,-0.6916666666666667,0.1125,,3.945893681886188,,duplicate frame,0.12754068927323167,0.12754068927323167,7.8406350608447015,7.813621659809482,0.02701340103521943,0.0,1.4,340.0,0.0772294340422377,5.05,-4.55,4.55,0.21978021978021978,-10.0,-6.824712332784044,-6.824712332784044,-0.5823163954051676,-0.5,-1.0823163954051676,-1.0728978637254203,-0.53,0.0975216570077464,-0.5428978637254203,-10.857957274508404,-5.960927810631458,0.12400128893031354,0.4377720974410726,-4.377720974410726,1665.1966060595505,1644,-0.23125,-0.23125,5,0,bbox fill,False,,True,,1500,1557,1644,1498,2000,2000,1000,1000
825,589239575063449,16.500030845985748,commit_complete,tracking,0,127609,4235731094148,589239.56143529,0.013628158951178193,True,True,0.0,278,379,50,54,-0.053125,-0.6916666666666667,0.1125,51.96152422706632,3.950278557056899,0.00034610606047946746,,0.12836893162775298,0.12836893162775298,7.7900469164908355,7.776418757539657,0.013628158951178193,0.0,1.4,340.0,0.09727460599970073,5.05,-4.55,4.55,0.21978021978021978,-10.0,-6.822824492358819,-6.822824492358819,-0.5851022356002279,-0.5,-1.0851022356002278,-1.0829204497041518,-0.53,0.11756682896520942,-0.5529204497041518,-11.058408994083035,-5.994177967110811,0.12400128893031354,0.4377720974410726,-4.377720974410726,1664.4303079356046,1643,-0.23125,-0.23125,5,0,bbox fill,False,,True,,1500,1557,1643,1498,2000,2000,1000,1000
826,589239595032683,16.520000079995953,commit_complete,tracking,0,127610,4235764415226,589239.594898158,0.00013452500570565462,True,True,0.0,277,380,51,54,-0.0546875,-0.6958333333333333,0.1125,52.478567053607705,3.956614891158125,0.0058306899787301525,,0.14230841819286896,0.14230841819286896,7.026991183646715,7.02685665864101,0.00013452500570565462,0.0,1.3,340.0,0.006388803943991661,5.05,-4.55,4.55,0.21978021978021978,-10.0,-6.7564684430801485,-6.7564684430801485,-0.6475156988444912,-0.5,-1.1475156988444912,-1.0929050667092541,-0.53,0.1375360629754141,-0.5629050667092541,-11.258101334185081,-6.027900316118751,0.12400128893031354,0.4377720974410726,-4.377720974410726,1664.6637226247146,1643,-0.246875,-0.246875,5,0,bbox fill,False,,True,,1500,1556,1643,1498,2000,2000,1000,1000
827,589239614989577,16.539956973982044,commit_complete,tracking,0,127610,4235764415226,589239.594898158,0.020091418991796672,False,True,0.0,277,380,51,54,-0.0546875,-0.6958333333333333,0.1125,,3.956614891158125,,duplicate frame,0.14230841819286896,0.14230841819286896,7.026991183646715,7.006899764654919,0.020091418991796672,0.0,1.3,340.0,0.02634569793008268,5.0,-4.5,4.5,0.2222222222222222,-10.0,-6.762663329699967,-6.762663329699967,-0.6422241149644331,-0.5,-1.1422241149644332,-1.1028835137022996,-0.56,0.006076187011785805,-0.5428835137022996,-10.857670274045992,-6.060403122308012,-0.19812864856357768,0.3105919482401425,-3.105919482401425,1665.0239928787555,1645,-0.246875,-0.246875,5,0,bbox fill,False,,True,,1500,1556,1645,1498,2000,2000,1000,1000
828,589239635008250,16.55997564701829,commit_complete,tracking,0,127611,4235795447447,589239.628329765,0.006678484962321818,True,True,0.0,277,380,51,54,-0.0546875,-0.6958333333333333,0.1125,52.478567053607705,3.961033812555746,-0.0009676506329938661,,0.13999288336119525,0.13999288336119525,7.143220255131847,7.136541770169525,0.006678484962321818,0.0,1.3,340.0,0.04636437096633017,5.0,-4.5,4.5,0.2222222222222222,-10.0,-6.770549091278358,-6.770549091278358,-0.6305575087936611,-0.5,-1.130557508793661,-1.1128928502204234,-0.56,0.026094860048033297,-0.5528928502204233,-11.057857004408467,-6.093607665885936,-0.19812864856357768,0.3105919482401425,-3.105919482401425,1664.2573841526957,1644,-0.246875,-0.246875,5,0,bbox fill,False,,True,,1500,1556,1644,1498,2000,2000,1000,1000
829,589239655035651,16.580003048060462,commit_complete,tracking,0,127611,4235795447447,589239.628329765,0.02670588600449264,False,True,0.0,277,380,51,54,-0.0546875,-0.6958333333333333,0.1125,,3.961033812555746,,duplicate frame,0.13999288336119525,0.13999288336119525,7.143220255131847,7.116514369127354,0.02670588600449264,0.0,1.3,340.0,0.066391772008501,5.0,-4.5,4.5,0.2222222222222222,-10.0,-6.769349644257014,-6.769349644257014,-0.6323320331540062,-0.5,-1.132332033154006,-1.1229065507415088,-0.56,0.04612226109020412,-0.5629065507415087,-11.258131014830175,-6.127428331608832,-0.19812864856357768,0.3105919482401425,-3.105919482401425,1664.4914788288404,1644,-0.246875,-0.246875,5,0,bbox fill,False,,True,,1500,1556,1644,1498,2000,2000,1000,1000
830,589239675004344,16.59997174097225,commit_complete,tracking,0,127612,4235828549276,589239.661845164,0.013159179943613708,True,True,0.0,277,379,51,55,-0.0546875,-0.69375,0.11458333333333333,52.96225070746144,3.967074517574144,0.003853679083468009,,0.14919147076064285,0.14919147076064285,6.702796043913008,6.689636863969394,0.013159179943613708,0.0,1.3,340.0,0.08636046492028981,5.0,-4.5,4.5,0.2222222222222222,-10.0,-6.754007910888963,-6.754007910888963,-0.6726822533876464,-0.5,-1.1726822533876464,-1.1328908971974032,-0.56,0.06609095400199294,-0.5728908971974032,-11.457817943948063,-6.161747978803114,-0.19812864856357768,0.3105919482401425,-3.105919482401425,1664.7254854051525,1644,-0.246875,-0.246875,5,0,bbox fill,False,,True,,1500,1556,1644,1498,2000,2000,1000,1000
831,589239695044658,16.62001205503475,commit_complete,tracking,0,127612,4235828549276,589239.661845164,0.03319949400611222,False,True,0.0,277,379,51,55,-0.0546875,-0.69375,0.11458333333333333,,3.967074517574144,,duplicate frame,0.14919147076064285,0.14919147076064285,6.702796043913008,6.669596549906895,0.03319949400611222,0.0,1.3,340.0,0.10640077898278832,5.0,-4.5,4.5,0.2222222222222222,-10.0,-6.752632354135637,-6.752632354135637,-0.6747034796374329,-0.5,-1.174703479637433,-1.1429110542286525,-0.56,0.08613126806449145,-0.5829110542286524,-11.658221084573048,-6.196793140594847,-0.19812864856357768,0.3105919482401425,-3.105919482401425,1664.9609337075692,1644,-0.246875,-0.246875,5,0,bbox fill,False,,True,,1500,1556,1644,1498,2000,2000,1000,1000
832,589239715018610,16.6399860070087,commit_complete,tracking,0,127613,4235861609663,589239.695305035,0.019713575020432472,True,True,0.0,277,379,51,55,-0.0546875,-0.69375,0.11458333333333333,52.96225070746144,3.971195982349587,-0.002487035955674788,,0.1432451574382148,0.1432451574382148,6.981038786119697,6.961325211099265,0.019713575020432472,0.0,1.4,340.0,0.015449768980033696,5.0,-4.5,4.5,0.2222222222222222,-10.0,-6.771874952239237,-6.771874952239237,-0.6464286416076521,-0.5,-1.1464286416076521,-1.1464286416076521,-0.56,0.1061052200384438,-0.5864286416076521,-11.728572832153041,-6.231933033165712,-0.19812864856357768,0.3105919482401425,-3.105919482401425,1665.0664253477203,1644,-0.246875,-0.246875,5,0,bbox fill,False,,True,,1500,1556,1644,1498,2000,2000,1000,1000
833,589239734993611,16.65996100800112,commit_complete,tracking,0,127614,4235894718725,589239.728663171,0.006330440053716302,True,True,0.0,277,379,51,55,-0.0546875,-0.69375,0.11458333333333333,52.96225070746144,3.9737361361039234,-0.006394964808499992,,0.12790865346488883,0.12790865346488883,7.818079331704496,7.81174889165078,0.006330440053716302,0.0,1.4,340.0,0.03542476997245103,4.93,-4.43,4.43,0.22573363431151244,-10.0,-6.830521563842771,-6.830521563842771,-0.5670945215270292,-0.5,-1.067094521527029,-1.1364411411114435,-0.67,0.01516813097987324,-0.4664411411114434,-9.328822822228869,-6.259884519935528,-0.9917764596215921,0.05011826666779562,-0.5011826666779562,1665.0898900088423,1649,-0.246875,-0.246875,5,0,bbox fill,False,,True,,1500,1557,1649,1498,2000,2000,1000,1000
834,589239755024387,16.679991784039885,commit_complete,tracking,0,127614,4235894718725,589239.728663171,0.02636121609248221,False,True,0.0,277,379,51,55,-0.0546875,-0.69375,0.11458333333333333,,3.9737361361039234,,duplicate frame,0.12790865346488883,0.12790865346488883,7.818079331704496,7.791718115612014,0.02636121609248221,0.0,1.4,340.0,0.05545554601121694,4.93,-4.43,4.43,0.22573363431151244,-10.0,-6.829513722045187,-6.829513722045187,-0.5685523955395347,-0.5,-1.0685523955395348,-1.1264257530920605,-0.67,0.03519890701863915,-0.45642575309206046,-9.12851506184121,-6.287312206051064,-0.9917764596215921,0.05011826666779562,-0.5011826666779562,1664.9170099345702,1649,-0.246875,-0.246875,5,0,bbox fill,False,,True,,1500,1557,1649,1498,2000,2000,1000,1000
835,589239775007643,16.699975040042773,commit_complete,tracking,0,127615,4235927468507,589239.762125103,0.012882540002465248,True,True,0.0,276,378,52,56,-0.05625,-0.6916666666666667,0.11666666666666667,53.96295025292817,3.98161473103757,0.010281497878028123,,0.1524894167023066,0.1524894167023066,6.5578321540321936,6.544949614029728,0.012882540002465248,0.0,1.4,340.0,0.07543880201410502,4.93,-4.43,4.43,0.22573363431151244,-10.0,-6.766577549151782,-6.766577549151782,-0.6768577699213862,-0.5,-1.1768577699213862,-1.1364173810935045,-0.67,0.05518216302152723,-0.4664173810935045,-9.32834762187009,-6.315273819842829,-0.9917764596215921,0.05011826666779562,-0.5011826666779562,1664.1448041083909,1648,-0.2625,-0.2625,5,0,bbox fill,False,,True,,1500,1556,1648,1498,2000,2000,1000,1000
836,589239795025526,16.71999292296823,commit_complete,tracking,0,127615,4235927468507,589239.762125103,0.0329004229279235,False,True,0.0,276,378,52,56,-0.05625,-0.6916666666666667,0.11666666666666667,,3.98161473103757,,duplicate frame,0.1524894167023066,0.1524894167023066,6.5578321540321936,6.52493173110427,0.0329004229279235,0.0,1.4,340.0,0.09545668493956327,4.93,-4.43,4.43,0.22573363431151244,-10.0,-6.765132254673871,-6.765132254673871,-0.6789343065280276,-0.5,-1.1789343065280276,-1.1464263225562337,-0.67,0.07520004594698548,-0.47642632255623363,-9.528526451124673,-6.3438849588854405,-0.9917764596215921,0.05011826666779562,-0.5011826666779562,1664.373594076688,1648,-0.2625,-0.2625,5,0,bbox fill,False,,True,,1500,1556,1648,1498,2000,2000,1000,1000
837,589239815042948,16.74001034500543,commit_complete,tracking,0,127616,4235960380835,589239.795527982,0.019514966057613492,True,True,0.0,276,378,52,55,-0.05625,-0.6895833333333333,0.11458333333333333,53.47896782848375,3.9841113639303622,-0.007419864651404762,,0.13471881753461212,0.13471881753461212,7.422868002408637,7.403353036351024,0.019514966057613492,0.0,1.4,340.0,0.004665166023187339,4.93,-4.43,4.43,0.22573363431151244,-10.0,-6.833506161189103,-6.833506161189103,-0.598377516005027,-0.5,-1.0983775160050269,-1.136417611537634,-0.67,0.09521746798418462,-0.46641761153763406,-9.328352230752682,-6.371894393412634,-0.9917764596215921,0.05011826666779562,-0.5011826666779562,1665.2014292908432,1649,-0.2625,-0.2625,5,0,bbox fill,False,,True,,1500,1557,1649,1498,2000,2000,1000,1000
838,589239835034765,16.760002161958255,commit_complete,tracking,0,127617,4235993367110,589239.829043399,0.005991365993395448,True,True,0.0,276,378,52,55,-0.05625,-0.6895833333333333,0.11458333333333333,53.47896782848375,3.9853581969994827,-0.009338069373128643,,0.1124292082640362,0.1124292082640362,8.89448583193376,8.888494465940365,0.005991365993395448,0.0,1.4,340.0,0.024656982976011932,4.93,-4.43,4.43,0.22573363431151244,-10.0,-6.903563910083518,-6.903563910083518,-0.4983971151667162,-0.5,-0.9983971151667161,-1.1264217030612218,-0.67,0.11520928493700922,-0.45642170306122176,-9.128434061224436,-6.399268490835324,-0.9917764596215921,0.05011826666779562,-0.5011826666779562,1665.0288852187377,1649,-0.2625,-0.2625,5,0,bbox fill,False,,True,,1500,1558,1649,1498,2000,2000,1000,1000
839,589239855033017,16.780000414000824,commit_complete,tracking,0,127617,4235993367110,589239.829043399,0.025989618035964668,False,True,0.0,276,378,52,55,-0.05625,-0.6895833333333333,0.11458333333333333,,3.9853581969994827,,duplicate frame,0.1124292082640362,0.1124292082640362,8.89448583193376,8.868496213897796,0.025989618035964668,0.0,1.4,340.0,0.04465523501858115,4.93,-4.43,4.43,0.22573363431151244,-10.0,-6.902776395006164,-6.902776395006164,-0.4995209890328147,-0.5,-0.9995209890328147,-1.1164225770399372,-0.67,0.13520753697957844,-0.44642257703993715,-8.928451540798743,-6.426051504474738,-0.9917764596215921,0.05011826666779562,-0.5011826666779562,1664.8556857119515,1649,-0.2625,-0.2625,5,0,bbox fill,False,,True,,1500,1558,1649,1498,2000,2000,1000,1000
840,589239875017035,16.79998443205841,commit_complete,tracking,0,127618,4236026356163,589239.862436213,0.012580822105519474,True,True,0.0,275,377,52,56,-0.059375,-0.6875,0.11666666666666667,53.96295025292817,3.9888273376450134,-0.0008148199795767752,,0.11047712365117582,0.11047712365117582,9.051647680088356,9.039066857982837,0.012580822105519474,0.0,1.4,340.0,0.06463925307616591,4.84,-4.34,4.34,0.2304147465437788,-10.0,-6.936824555594949,-6.936824555594949,-0.4801380571897348,-0.5,-0.9801380571897348,-1.1064305680111448,-0.83,0.014060511020943522,-0.27643056801114485,-5.528611360222897,-6.442624084863147,-1.1336981251383056,-0.18664501169342462,1.8664501169342462,1665.1047853281518,1655,-0.29374999999999996,-0.29374999999999996,5,0,bbox fill,False,,True,,1500,1558,1655,1498,2000,2000,1000,1000
841,589239895016253,16.819983649998903,commit_complete,tracking,0,127618,4236026356163,589239.862436213,0.03258004004601389,False,True,0.0,275,377,52,56,-0.059375,-0.6875,0.11666666666666667,,3.9888273376450134,,duplicate frame,0.11047712365117582,0.11047712365117582,9.051647680088356,9.019067640042342,0.03258004004601389,0.0,1.4,340.0,0.08463847101666033,4.84,-4.34,4.34,0.2304147465437788,-10.0,-6.9360579397485855,-6.9360579397485855,-0.4812027332771644,-0.5,-0.9812027332771645,-1.0964309590408976,-0.83,0.03405972896143794,-0.26643095904089764,-5.328619180817952,-6.458609317311009,-1.1336981251383056,-0.18664501169342462,1.8664501169342462,1664.9207783811946,1655,-0.29374999999999996,-0.29374999999999996,5,0,bbox fill,False,,True,,1500,1558,1655,1498,2000,2000,1000,1000
842,589239915026290,16.83999368699733,commit_complete,tracking,0,127619,4236059348768,589239.89594384,0.01908244995865971,True,True,0.0,275,377,52,56,-0.059375,-0.6875,0.11666666666666667,53.96295025292817,3.9910481531691886,-0.004231459247538538,,0.10037444646259278,0.10037444646259278,9.962695040840666,9.943612590882006,0.01908244995865971,0.0,1.4,340.0,0.10464850801508874,4.84,-4.34,4.34,0.2304147465437788,-10.0,-6.968273984007569,-6.968273984007569,-0.4364610910102883,-0.5,-0.9364610910102883,-1.0864259405416834,-0.83,0.054069765959866345,-0.25642594054168344,-5.128518810833668,-6.474002594983796,-1.1336981251383056,-0.18664501169342462,1.8664501169342462,1664.7360712888833,1655,-0.29374999999999996,-0.29374999999999996,5,0,bbox fill,False,,True,,1500,1558,1655,1498,2000,2000,1000,1000
843,589239935021726,16.859989122953266,commit_complete,tracking,0,127620,4236092604178,589239.929378257,0.005643468932248652,True,True,0.0,274,377,53,56,-0.0609375,-0.6875,0.11666666666666667,54.47935388750494,3.9956003050235567,0.0034176878770444397,,0.10855209856006853,0.10855209856006853,9.212166446018902,9.206522977086653,0.005643468932248652,0.0,1.5,340.0,0.0035016799811273813,4.84,-4.34,4.34,0.2304147465437788,-10.0,-6.943112834612499,-6.943112834612499,-0.47140489529016155,-0.5,-0.9714048952901615,-1.0764282225637163,-0.83,0.07406520191580057,-0.24642822256371633,-4.928564451274326,-6.488784914209819,-1.1336981251383056,-0.18664501169342462,1.8664501169342462,1664.55089924855,1655,-0.309375,-0.309375,5,0,bbox fill,False,,True,,1500,1558,1655,1498,2000,2000,1000,1000
844,589239955024223,16.87999161996413,commit_complete,tracking,0,127620,4236092604178,589239.929378257,0.02564596594311297,False,True,0.0,274,377,53,56,-0.0609375,-0.6875,0.11666666666666667,,3.9956003050235567,,duplicate frame,0.10855209856006853,0.10855209856006853,9.212166446018902,9.186520480075789,0.02564596594311297,0.0,1.5,340.0,0.0235041769919917,4.84,-4.34,4.34,0.2304147465437788,-10.0,-6.9423737612549665,-6.9423737612549665,-0.4724313203691018,-0.5,-0.9724313203691017,-1.0664269740582841,-0.83,0.09406769892666489,-0.23642697405828417,-4.728539481165683,-6.5029723037354845,-1.1336981251383056,-0.18664501169342462,1.8664501169342462,1665.365061667967,1656,-0.309375,-0.309375,5,0,bbox fill,False,,True,,1500,1558,1656,1498,2000,2000,1000,1000
845,589239975022191,16.899989587953314,commit_complete,tracking,0,127621,4236125196013,589239.962870009,0.012152181938290596,True,True,0.0,274,377,53,56,-0.0609375,-0.6875,0.11666666666666667,54.47935388750494,3.998740968991796,-0.0014141028433236613,,0.10517430490250955,0.10517430490250955,9.508025757117593,9.495873575179303,0.012152181938290596,0.0,1.5,340.0,0.04350214498117566,4.84,-4.34,4.34,0.2304147465437788,-10.0,-6.95345577069323,-6.95345577069323,-0.4570406256612416,-0.5,-0.9570406256612416,-1.0564279900636921,-0.83,0.11406566691584885,-0.22642799006369219,-4.528559801273843,-6.516556602826931,-1.1336981251383056,-0.18664501169342462,1.8664501169342462,1665.1786662871666,1656,-0.309375,-0.309375,5,0,bbox fill,False,,True,,1500,1558,1656,1498,2000,2000,1000,1000
846,589239995024319,16.919991716044024,commit_complete,tracking,0,127621,4236125196013,589239.962870009,0.032154310029000044,False,True,0.0,274,377,53,56,-0.0609375,-0.6875,0.11666666666666667,,3.998740968991796,,duplicate frame,0.10517430490250955,0.10517430490250955,9.508025757117593,9.475871447088593,0.032154310029000044,0.0,1.5,340.0,0.06350427307188511,4.84,-4.34,4.34,0.2304147465437788,-10.0,-6.952761110933871,-6.952761110933871,-0.4580053691350403,-0.5,-0.9580053691350403,-1.0464269260183374,-0.83,0.1340677950065583,-0.21642692601833746,-4.328538520366749,-6.529543600116423,-1.1336981251383056,-0.18664501169342462,1.8664501169342462,1664.9916320035488,1656,-0.309375,-0.309375,5,0,bbox fill,False,,True,,1500,1558,1656,1498,2000,2000,1000,1000
847,589240014996933,16.939964330056682,commit_complete,tracking,0,127622,4236158259283,589239.996210562,0.01878637110348791,True,True,0.0,274,377,53,56,-0.0609375,-0.6875,0.11666666666666667,54.47935388750494,4.000698530757159,-0.004425736328497631,,0.09455483776480478,0.09455483776480478,10.575873468128568,10.55708709702508,0.01878637110348791,0.0,1.5,340.0,0.0834768870845437,4.84,-4.34,4.34,0.2304147465437788,-10.0,-6.986536400422335,-6.986536400422335,-0.4110982470934605,-0.5,-0.9110982470934605,-1.0364406190120081,-0.83,0.1540404090192169,-0.20644061901200816,-4.128812380240163,-6.5419130765166065,-1.1336981251383056,-0.18664501169342462,1.8664501169342462,1664.8042753398224,1656,-0.309375,-0.309375,5,0,bbox fill,False,,True,,1500,1558,1656,1498,2000,2000,1000,1000
848,589240035009806,16.959977203048766,commit_complete,tracking,0,127623,4236192743427,589240.029729371,0.005280435085296631,True,True,0.0,273,377,54,56,-0.0625,-0.6875,0.11666666666666667,54.99090833947008,4.005022886625776,0.003299972344517066,,0.1024309465931477,0.1024309465931477,9.76267459454384,9.757394159458544,0.005280435085296631,0.0,1.5,340.0,0.10348976007662714,4.84,-4.34,4.34,0.2304147465437788,-10.0,-6.962276147254366,-6.962276147254366,-0.44479088669313677,-0.5,-0.9447908866931367,-1.0264341825159664,-0.83,0.17405328201130033,-0.19643418251596645,-3.928683650319329,-6.553706713554594,-1.1336981251383056,-0.18664501169342462,1.8664501169342462,1664.6159402469398,1656,-0.325,-0.325,5,0,bbox fill,False,,True,,1500,1558,1656,1498,2000,2000,1000,1000
849,589240055010917,16.97997831401881,commit_complete,tracking,0,127623,4236192743427,589240.029729371,0.025281546055339277,False,True,0.0,273,377,54,56,-0.0625,-0.6875,0.11666666666666667,,4.005022886625776,,duplicate frame,0.1024309465931477,0.1024309465931477,9.76267459454384,9.737393048488501,0.025281546055339277,0.0,1.5,340.0,0.12349087104666978,4.77,-4.27,4.27,0.234192037470726,-10.0,-6.9734223303220135,-6.9734223303220135,-0.4385157278480009,-0.5,-0.938515727848001,-1.016433627030945,-0.94,0.002616186044178903,-0.07643362703094514,-1.5286725406189028,-6.5582929859228605,-0.574597943429889,-0.2642355980407175,2.6423559804071752,1664.4446095461346,1659,-0.325,-0.325,5,0,bbox fill,False,,True,,1500,1558,1659,1498,2000,2000,1000,1000
850,589240075016892,16.999984289053828,commit_complete,tracking,0,127624,4236224281904,589240.063135423,0.01188146905042231,True,True,0.0,273,376,53,57,-0.0640625,-0.6854166666666667,0.11875,54.96362433464518,4.007824111845475,-0.0017731094648301138,,0.09818474722134429,0.09818474722134429,10.184881341555371,10.172999872504949,0.01188146905042231,0.0,1.5,340.0,0.143496846081689,4.77,-4.27,4.27,0.234192037470726,-10.0,-7.000412188479324,-7.000412188479324,-0.41973852880316376,-0.5,-0.9197385288031638,-1.0064306395134355,-0.94,0.022622161079198122,-0.06643063951343553,-1.3286127902687106,-6.562280015069859,-0.574597943429889,-0.2642355980407175,2.6423559804071752,1665.2485368249313,1660,-0.34062499999999996,-0.34062499999999996,5,0,bbox fill,False,,True,,1500,1558,1660,1497,2000,2000,1000,1000
851,589240095030130,17.019997527007945,commit_complete,tracking,0,127624,4236224281904,589240.063135423,0.03189470700453967,False,True,0.0,273,376,53,57,-0.0640625,-0.6854166666666667,0.11875,,4.007824111845475,,duplicate frame,0.09818474722134429,0.09818474722134429,10.184881341555371,10.152986634550832,0.03189470700453967,0.0,1.4,340.0,0.012335974024608731,4.77,-4.27,4.27,0.234192037470726,-10.0,-6.9998026372443825,-6.9998026372443825,-0.4205659037774262,-0.5,-0.9205659037774262,-0.9964240205363768,-0.94,0.04263539903331548,-0.05642402053637685,-1.128480410727537,-6.565667697117826,-0.574597943429889,-0.2642355980407175,2.6423559804071752,1665.0517921274381,1660,-0.34062499999999996,-0.34062499999999996,5,0,bbox fill,False,,True,,1500,1558,1660,1497,2000,2000,1000,1000
852,589240114994334,17.03996173106134,commit_complete,tracking,0,127625,4236258197258,589240.096551204,0.01844313007313758,True,True,0.0,272,376,54,57,-0.065625,-0.6854166666666667,0.11875,55.47972602672079,4.012824450725331,0.004912625344740462,,0.10994595752368759,0.10994595752368759,9.095377606625986,9.076934476552848,0.01844313007313758,0.0,1.4,340.0,0.03230017807800323,4.77,-4.27,4.27,0.234192037470726,-10.0,-6.963071361046106,-6.963071361046106,-0.4704231380131786,-0.5,-0.9704231380131786,-0.9864419185096795,-0.94,0.06259960308670998,-0.0464419185096796,-0.9288383701935921,-6.5684492249311015,-0.574597943429889,-0.2642355980407175,2.6423559804071752,1664.8549316147175,1660,-0.35625000000000007,-0.35625000000000007,5,0,bbox fill,False,,True,,1500,1558,1660,1497,2000,2000,1000,1000
853,589240135019069,17.05998646595981,commit_complete,tracking,0,127626,4236290557463,589240.130096913,0.004922155989333987,True,True,0.0,272,376,54,57,-0.065625,-0.6854166666666667,0.11875,55.47972602672079,4.016339412802923,-0.0004950086207857751,,0.10876545811365015,0.10876545811365015,9.194095417270155,9.189173261280821,0.004922155989333987,0.0,1.4,340.0,0.05232491297647357,4.77,-4.27,4.27,0.234192037470726,-10.0,-6.967304504877992,-6.967304504877992,-0.4646772760278579,-0.5,-0.9646772760278579,-0.9764295510604444,-0.94,0.08262433798518032,-0.03642955106044443,-0.7285910212088886,-6.570637701238469,-0.574597943429889,-0.2642355980407175,2.6423559804071752,1664.6568727420402,1660,-0.35625000000000007,-0.35625000000000007,5,0,bbox fill,False,,True,,1500,1558,1660,1497,2000,2000,1000,1000
854,589240155027979,17.079995376057923,commit_complete,tracking,0,127626,4236290557463,589240.130096913,0.024931066087447107,False,True,0.0,272,376,54,57,-0.065625,-0.6854166666666667,0.11875,,4.016339412802923,,duplicate frame,0.10876545811365015,0.10876545811365015,9.194095417270155,9.169164351182708,0.024931066087447107,0.0,1.4,340.0,0.07233382307458669,4.77,-4.27,4.27,0.234192037470726,-10.0,-6.966557449243985,-6.966557449243985,-0.465691292734787,-0.5,-0.9656912927347869,-0.9664250960113878,-0.94,0.10263324808329344,-0.026425096011387872,-0.5285019202277574,-6.572223913349746,-0.574597943429889,-0.2642355980407175,2.6423559804071752,1664.4583698531703,1660,-0.35625000000000007,-0.35625000000000007,5,0,bbox fill,False,,True,,1500,1558,1660,1497,2000,2000,1000,1000
855,589240175020926,17.099988323054276,commit_complete,tracking,0,127627,4236323463330,589240.163473302,0.011547624017111957,True,True,0.0,272,376,54,57,-0.065625,-0.6854166666666667,0.11875,55.47972602672079,4.018586427202256,-0.003951953850529044,,0.09929300417590939,0.09929300417590939,10.071202984536361,10.05965536051925,0.011547624017111957,0.0,1.4,340.0,0.09232677007094026,4.77,-4.27,4.27,0.234192037470726,-10.0,-6.9969279805438305,-6.9969279805438305,-0.4244678219055404,-0.5,-0.9244678219055404,-0.956428622513211,-0.94,0.122626195079647,-0.01642862251321109,-0.32857245026422177,-6.573209283087135,-0.574597943429889,-0.2642355980407175,2.6423559804071752,1665.2594257529443,1661,-0.35625000000000007,-0.35625000000000007,5,0,bbox fill,False,,True,,1500,1558,1661,1497,2000,2000,1000,1000
856,589240195025983,17.119993380038068,commit_complete,tracking,0,127627,4236323463330,589240.163473302,0.03155268100090325,False,True,0.0,272,376,54,57,-0.065625,-0.6854166666666667,0.11875,,4.018586427202256,,duplicate frame,0.09929300417590939,0.09929300417590939,10.071202984536361,10.039650303535458,0.03155268100090325,0.0,1.4,340.0,0.0013595970813184977,4.77,-4.27,4.27,0.234192037470726,-10.0,-6.996304857496741,-6.996304857496741,-0.4253136185925043,-0.5,-0.9253136185925043,-0.9464260940213154,-0.94,0.1426312520634383,-0.006426094021315443,-0.12852188042630885,-6.573594946218374,-0.574597943429889,-0.2642355980407175,2.6423559804071752,1665.0597608462374,1661,-0.35625000000000007,-0.35625000000000007,5,0,bbox fill,False,,True,,1500,1558,1661,1497,2000,2000,1000,1000
857,589240214997893,17.13996528997086,commit_complete,tracking,0,127628,4236358440206,589240.196993555,0.018004338024184108,True,True,0.0,271,375,55,58,-0.0671875,-0.6833333333333333,0.12083333333333333,56.480084985771754,4.026105424240652,0.011973344075067338,,0.1278687887498257,0.1278687887498257,7.820516716995671,7.802512378971487,0.018004338024184108,0.0,1.4,340.0,0.021331507014110684,4.77,-4.27,4.27,0.234192037470726,-10.0,-6.919089270941726,-6.919089270941726,-0.547259625182788,-0.5,-1.0472596251827881,-0.9564120489877115,-0.94,0.16260316199623048,-0.016412048987711536,-0.3282409797542307,-6.57457828611096,-0.574597943429889,-0.2642355980407175,2.6423559804071752,1665.260463285458,1661,-0.37187499999999996,-0.37187499999999996,5,0,bbox fill,False,,True,,1500,1558,1661,1497,2000,2000,1000,1000
858,589240235019301,17.159986697952263,commit_complete,tracking,0,127629,4236389709493,589240.230425644,0.00459365698043257,True,True,0.0,271,375,55,58,-0.0671875,-0.6833333333333333,0.12083333333333333,56.480084985771754,4.031608058491594,0.003507752919770901,,0.13626252787185694,0.13626252787185694,7.338774757946756,7.334181100966323,0.00459365698043257,0.0,1.4,340.0,0.041352914995513856,4.77,-4.27,4.27,0.234192037470726,-10.0,-6.893173184603638,-6.893173184603638,-0.5822054216028837,-0.5,-1.0822054216028838,-0.9664227529784131,-0.94,0.18262456997763366,-0.026422752978413122,-0.5284550595682624,-6.5761653482630775,-0.574597943429889,-0.2642355980407175,2.6423559804071752,1664.462264427424,1660,-0.37187499999999996,-0.37187499999999996,5,0,bbox fill,False,,True,,1500,1557,1660,1497,2000,2000,1000,1000
859,589240255191427,17.180158823961392,commit_complete,tracking,0,127629,4236389709493,589240.230425644,0.024765782989561558,False,True,0.0,271,375,55,58,-0.0671875,-0.6833333333333333,0.12083333333333333,,4.031608058491594,,duplicate frame,0.13626252787185694,0.13626252787185694,7.338774757946756,7.314008974957194,0.024765782989561558,0.0,1.4,340.0,0.061525041004642844,4.66,-4.16,4.16,0.24038461538461536,-10.0,-6.911592192513769,-6.911592192513769,-0.5687715197292804,-0.5,-1.0687715197292804,-0.9765088159829776,-1.09,0.011108733946457505,0.11349118401702252,2.2698236803404503,-6.569297272868328,-0.7825217525577349,-0.367892828944121,3.67892828944121,1664.6205453030866,1664,-0.37187499999999996,-0.37187499999999996,5,0,bbox fill,False,,True,,1500,1558,1664,1497,2000,2000,1000,1000
860,589240275023253,17.19999065005686,commit_complete,tracking,0,127630,4236422610741,589240.263875846,0.011147406999953091,True,True,0.0,271,374,55,59,-0.0671875,-0.68125,0.12291666666666666,56.96490147450446,4.038360304029779,0.006269246983563903,,0.151256152048162,0.151256152048162,6.611301335244773,6.60015392824482,0.011147406999953091,0.0,1.4,340.0,0.08135686710011214,4.66,-4.16,4.16,0.24038461538461536,-10.0,-6.877032679509939,-6.877032679509939,-0.6302883304278132,-0.5,-1.1302883304278133,-0.9864247290307122,-1.09,0.0309405600419268,0.10357527096928787,2.0715054193857574,-6.563135012583365,-0.7825217525577349,-0.367892828944121,3.67892828944121,1664.8127013037563,1664,-0.37187499999999996,-0.37187499999999996,5,0,bbox fill,False,,True,,1500,1557,1664,1497,2000,2000,1000,1000
861,589240295026417,17.219993814011104,commit_complete,tracking,0,127630,4236422610741,589240.263875846,0.031150570954196155,False,True,0.0,271,374,55,59,-0.0671875,-0.68125,0.12291666666666666,,4.038360304029779,,duplicate frame,0.151256152048162,0.151256152048162,6.611301335244773,6.580150764290577,0.031150570954196155,0.0,1.4,340.0,0.01553731900639832,4.66,-4.16,4.16,0.24038461538461536,-10.0,-6.875564568216282,-6.875564568216282,-0.6322043595985145,-0.5,-1.1322043595985145,-0.9964263110078337,-1.09,0.050943723996169865,0.09357368899216634,1.8714737798433267,-6.557519703055225,-0.7825217525577349,-0.367892828944121,3.67892828944121,1665.0071176337706,1664,-0.37187499999999996,-0.37187499999999996,5,0,bbox fill,False,,True,,1500,1557,1664,1497,2000,2000,1000,1000
862,589240315024141,17.239991537993774,commit_complete,tracking,0,127631,4236455777771,589240.297278817,0.017745323944836855,True,True,0.0,271,374,55,58,-0.0671875,-0.6791666666666667,0.12083333333333333,56.480084985771754,4.040079095039162,-0.009524610999564587,,0.1284447416455663,0.1284447416455663,7.78544911366964,7.767703789724803,0.017745323944836855,0.0,1.4,340.0,0.03553504298906773,4.66,-4.16,4.16,0.24038461538461536,-10.0,-6.9623656669606735,-6.9623656669606735,-0.5355508027356669,-0.5,-1.035550802735667,-1.0064251729991684,-1.09,0.07094144797883928,0.08357482700083163,1.6714965400166326,-6.552505784088439,-0.7825217525577349,-0.367892828944121,3.67892828944121,1665.2020809546307,1664,-0.37187499999999996,-0.37187499999999996,5,0,bbox fill,False,,True,,1500,1558,1664,1497,2000,2000,1000,1000
863,589240335030732,17.25999812898226,commit_complete,tracking,0,127632,4236488656010,589240.330750486,0.004280245979316533,True,True,0.0,270,373,56,59,-0.06875,-0.6770833333333334,0.12291666666666666,57.48043145279966,4.046851529253916,0.007066212410029138,,0.14533356166763012,0.14533356166763012,6.880723134598085,6.876442888618769,0.004280245979316533,0.0,1.4,340.0,0.05554163397755474,4.66,-4.16,4.16,0.24038461538461536,-10.0,-6.921226907645715,-6.921226907645715,-0.6049639424600232,-0.5,-1.104963942460023,-1.016428468493412,-1.09,0.09094803896732628,0.07357153150658813,1.4714306301317626,-6.548090037470692,-0.7825217525577349,-0.367892828944121,3.67892828944121,1664.3977311178978,1663,-0.38750000000000007,-0.38750000000000007,5,0,bbox fill,False,,True,,1500,1558,1663,1497,2000,2000,1000,1000
864,589240355173924,17.280141321010888,commit_complete,tracking,0,127632,4236488656010,589240.330750486,0.024423438007943332,False,True,0.0,270,373,56,59,-0.06875,-0.6770833333333334,0.12291666666666666,,4.046851529253916,,duplicate frame,0.14533356166763012,0.14533356166763012,6.880723134598085,6.856299696590142,0.024423438007943332,0.0,1.4,340.0,0.07568482600618154,4.66,-4.16,4.16,0.24038461538461536,-10.0,-6.9198472697323625,-6.9198472697323625,-0.6067412721280112,-0.5,-1.1067412721280112,-1.0265000645077254,-1.09,0.11109123099595308,0.06349993549227473,1.2699987098454946,-6.544252763287413,-0.7825217525577349,-0.367892828944121,3.67892828944121,1664.5953257640008,1663,-0.38750000000000007,-0.38750000000000007,5,0,bbox fill,False,,True,,1500,1558,1663,1497,2000,2000,1000,1000
865,589240375033315,17.300000712042674,commit_complete,tracking,0,127633,4236521663043,589240.364158638,0.01087467698380351,True,True,0.0,270,373,56,59,-0.06875,-0.6770833333333334,0.12291666666666666,57.48043145279966,4.051615054299761,-0.0002622876605027358,,0.14470548104811268,0.14470548104811268,6.910588270443696,6.899713593459892,0.01087467698380351,0.0,1.4,340.0,0.09554421703796834,4.66,-4.16,4.16,0.24038461538461536,-10.0,-6.922810724989967,-6.922810724989967,-0.6029235769935705,-0.5,-1.1029235769935704,-1.0364297600236188,-1.09,0.13095062202773988,0.05357023997638133,1.0714047995276266,-6.5410611462573405,-0.7825217525577349,-0.367892828944121,3.67892828944121,1664.7907280572886,1663,-0.38750000000000007,-0.38750000000000007,5,0,bbox fill,False,,True,,1500,1558,1663,1497,2000,2000,1000,1000
866,589240395014058,17.31998145498801,commit_complete,tracking,0,127633,4236521663043,589240.364158638,0.030855419929139316,False,True,0.0,270,373,56,59,-0.06875,-0.6770833333333334,0.12291666666666666,,4.051615054299761,,duplicate frame,0.14470548104811268,0.14470548104811268,6.910588270443696,6.879732850514556,0.030855419929139316,0.0,1.5,340.0,0.01474728703033179,4.66,-4.16,4.16,0.24038461538461536,-10.0,-6.92145147463374,-6.92145147463374,-0.6046746422266761,-0.5,-1.104674642226676,-1.0464201314962867,-1.09,0.1509313649730757,0.043579868503713426,0.8715973700742685,-6.538448871806848,-0.7825217525577349,-0.367892828944121,3.67892828944121,1664.9879232122914,1663,-0.38750000000000007,-0.38750000000000007,5,0,bbox fill,False,,True,,1500,1558,1663,1497,2000,2000,1000,1000
867,589240415021642,17.339989038999192,commit_complete,tracking,0,127634,4236555008301,589240.397620502,0.01740113995037973,True,True,0.0,270,372,56,60,-0.06875,-0.675,0.125,57.96550698475775,4.057644004393893,0.0033909570534325084,,0.15281251789328493,0.15281251789328493,6.543966513910463,6.526565373960083,0.01740113995037973,0.0,1.5,340.0,0.03475487104151398,4.55,-4.05,4.05,0.2469135802469136,-10.0,-6.929504308396163,-6.929504308396163,-0.6205407849217033,-0.5,-1.1205407849217033,-1.0564239235018777,-1.25,0.004459394956938922,0.19357607649812225,3.871521529962445,-6.526829902967574,-0.9610789801475816,-0.4865300591848131,4.865300591848131,1664.790007781157,1667,-0.38750000000000007,-0.38750000000000007,5,0,bbox fill,False,,True,,1500,1558,1667,1497,2000,2000,1000,1000
868,589240435030498,17.35999789496418,commit_complete,tracking,0,127635,4236587835915,589240.431082071,0.003948426921851933,True,True,0.0,270,372,56,60,-0.06875,-0.675,0.125,57.96550698475775,4.061739122420413,-0.0029092245258279803,,0.14585713686762725,0.14585713686762725,6.85602378790385,6.852075360981998,0.003948426921851933,0.0,1.5,340.0,0.05476372700650245,4.55,-4.05,4.05,0.2469135802469136,-10.0,-6.953160283552158,-6.953160283552158,-0.5910618004965401,-0.5,-1.09106180049654,-1.066428351484372,-1.25,0.024468250921927392,0.18357164851562802,3.6714329703125603,-6.51581072694436,-0.9610789801475816,-0.4865300591848131,4.865300591848131,1664.9790771647836,1667,-0.38750000000000007,-0.38750000000000007,5,0,bbox fill,False,,True,,1500,1558,1667,1497,2000,2000,1000,1000
869,589240455121405,17.380088801961392,commit_complete,tracking,0,127635,4236587835915,589240.431082071,0.02403933391906321,False,True,0.0,270,372,56,60,-0.06875,-0.675,0.125,,4.061739122420413,,duplicate frame,0.14585713686762725,0.14585713686762725,6.85602378790385,6.831984453984787,0.02403933391906321,0.0,1.5,340.0,0.07485463400371373,4.55,-4.05,4.05,0.2469135802469136,-10.0,-6.951765477240362,-6.951765477240362,-0.5927999437466253,-0.5,-1.0927999437466251,-1.0764738049829776,-1.25,0.04455915791913867,0.17352619501702238,3.4705239003404476,-6.505351831007359,-0.9610789801475816,-0.4865300591848131,4.865300591848131,1665.1695273388189,1667,-0.38750000000000007,-0.38750000000000007,5,0,bbox fill,False,,True,,1500,1558,1667,1497,2000,2000,1000,1000
870,589240475145056,17.400112453033216,commit_complete,tracking,0,127636,4236621119976,589240.464477089,0.01066796702798456,True,True,0.0,270,372,56,59,-0.06875,-0.6729166666666667,0.12291666666666666,57.48043145279966,4.061302114244133,-0.015165456805690702,,0.10952727036469578,0.10952727036469578,9.130146279280714,9.11947831225273,0.01066796702798456,0.0,1.5,340.0,0.004039486986584961,4.55,-4.05,4.05,0.2469135802469136,-10.0,-7.084365312998397,-7.0518837325994825,-0.44410435129370385,-0.5,-0.9441043512937038,-1.0664619794470656,-1.25,0.0645828089909628,0.18353802055293444,3.670760411058689,-6.494326527161463,-0.9610789801475816,-0.4865300591848131,4.865300591848131,1664.9582655242546,1667,-0.38750000000000007,-0.38750000000000007,5,0,bbox fill,False,,True,,1500,1559,1667,1497,2000,2000,1000,1000
871,589240495036331,17.42000372800976,commit_complete,tracking,0,127636,4236621119976,589240.464477089,0.03055924200452864,False,True,0.0,270,372,56,59,-0.06875,-0.6729166666666667,0.12291666666666666,,4.061302114244133,,duplicate frame,0.10952727036469578,0.10952727036469578,9.130146279280714,9.099587037276185,0.03055924200452864,0.0,1.5,340.0,0.023930761963129044,4.55,-4.05,4.05,0.2469135802469136,-10.0,-7.083581288997086,-7.083581288997086,-0.44507514279596383,-0.5,-0.9450751427959638,-1.0565163419587935,-1.25,0.08447408396750689,0.19348365804120649,3.8696731608241297,-6.482780617224767,-0.9610789801475816,-0.4865300591848131,4.865300591848131,1664.7478068645526,1667,-0.38750000000000007,-0.38750000000000007,5,0,bbox fill,False,,True,,1500,1559,1667,1497,2000,2000,1000,1000
872,589240515035646,17.440003043040633,commit_complete,tracking,0,127637,4236653534183,589240.497997882,0.01703776407521218,True,True,0.0,270,371,56,61,-0.06875,-0.6729166666666667,0.12708333333333333,58.44655678480983,4.066072282987371,0.0031392222567072636,,0.11701927035511495,0.11701927035511495,8.545601053273785,8.528563289198573,0.01703776407521218,0.0,1.5,340.0,0.043930076994001865,4.55,-4.05,4.05,0.2469135802469136,-10.0,-7.059514673174135,-7.059514673174135,-0.4748748250633639,-0.5,-0.9748748250633639,-1.046516684443357,-1.25,0.10447339899837971,0.2034833155566429,4.069666311132858,-6.4705720364307355,-0.9610789801475816,-0.4865300591848131,4.865300591848131,1665.5356051334497,1668,-0.38750000000000007,-0.38750000000000007,5,0,bbox fill,False,,True,,1500,1559,1668,1497,2000,2000,1000,1000
873,589240535016567,17.459983963984996,commit_complete,tracking,0,127638,4236686746190,589240.531434275,0.003582292003557086,True,True,0.0,270,371,57,61,-0.0671875,-0.6729166666666667,0.12708333333333333,58.966091951222275,4.072427138547294,0.006977580702518971,,0.13371384790521446,0.13371384790521446,7.478656965349383,7.4750746733458255,0.003582292003557086,0.0,1.5,340.0,0.06391099793836474,4.55,-4.05,4.05,0.2469135802469136,-10.0,-7.005464529856772,-7.005464529856772,-0.5418006076168372,-0.5,-1.0418006076168371,-1.0418006076168371,-1.25,0.12445431994274259,0.20819939238316287,4.1639878476632575,-6.458091989631119,-0.9610789801475816,-0.4865300591848131,4.865300591848131,1665.4288035501197,1668,-0.37187499999999996,-0.37187499999999996,5,0,bbox fill,False,,True,,1500,1558,1668,1497,2000,2000,1000,1000
874,589240555021467,17.479988864040934,commit_complete,tracking,0,127638,4236686746190,589240.531434275,0.023587192059494555,False,True,0.0,270,371,57,61,-0.0671875,-0.6729166666666667,0.12708333333333333,,4.072427138547294,,duplicate frame,0.13371384790521446,0.13371384790521446,7.478656965349383,7.455069773289888,0.023587192059494555,0.0,1.5,340.0,0.08391589799430221,4.55,-4.05,4.05,0.2469135802469136,-10.0,-7.004290369121682,-7.004290369121682,-0.5432544728837264,-0.5,-1.0432544728837265,-1.0432544728837265,-1.25,0.14445921999868006,0.20674552711627348,4.1349105423254695,-6.445684218810199,-0.9610789801475816,-0.4865300591848131,4.865300591848131,1665.4454730846367,1668,-0.37187499999999996,-0.37187499999999996,5,0,bbox fill,False,,True,,1500,1558,1668,1497,2000,2000,1000,1000
875,589240575036098,17.500003495020792,commit_complete,tracking,0,127639,4236719498269,589240.564910032,0.010126066044904292,True,True,0.0,270,371,57,61,-0.0671875,-0.6729166666666667,0.12708333333333333,58.966091951222275,4.076924050138641,5.925517736926622e-05,,0.1338554552836623,0.1338554552836623,7.470745199594826,7.460619133549922,0.010126066044904292,0.0,1.5,340.0,0.10393052897416055,4.55,-4.05,4.05,0.2469135802469136,-10.0,-7.004616712460624,-7.004616712460624,-0.5428503891570354,-0.5,-1.0428503891570355,-1.0428503891570355,-1.25,0.1644738509785384,0.20714961084296446,4.142992216859289,-6.43324614975427,-0.9610789801475816,-0.4865300591848131,4.865300591848131,1665.4249533410468,1668,-0.37187499999999996,-0.37187499999999996,5,0,bbox fill,False,,True,,1500,1558,1668,1497,2000,2000,1000,1000
876,589240595026362,17.519993758993223,commit_complete,tracking,0,127639,4236719498269,589240.564910032,0.030116330017335713,False,True,0.0,270,371,57,61,-0.0671875,-0.6729166666666667,0.12708333333333333,,4.076924050138641,,duplicate frame,0.1338554552836623,0.1338554552836623,7.470745199594826,7.44062886957749,0.030116330017335713,0.0,1.5,340.0,0.12392079294659197,4.42,-3.92,3.92,0.25510204081632654,-10.0,-7.0302219456082735,-7.0302219456082735,-0.5268371892633578,-0.5,-1.0268371892633579,-1.0328552571708198,-1.44,0.013118781032972038,0.4071447428291801,8.142894856583602,-6.40882935710184,-1.1088717483893078,-0.610998397025712,6.109983970257121,1665.1559505302612,1673,-0.37187499999999996,-0.37187499999999996,5,0,bbox fill,False,,True,,1500,1559,1673,1497,2000,2000,1000,1000
877,589240615040771,17.540008167969063,commit_complete,tracking,0,127640,4236755058246,589240.598321204,0.016719567007385194,True,True,0.0,270,371,57,61,-0.0671875,-0.6729166666666667,0.12708333333333333,58.966091951222275,4.07984450465601,-0.004433751772428884,,0.12323924158289282,0.12323924158289282,8.114298555849055,8.09757898884167,0.016719567007385194,0.0,1.4,340.0,0.002812218968756497,4.42,-3.92,3.92,0.25510204081632654,-10.0,-7.065885610865324,-7.065885610865324,-0.4840953086597482,-0.5,-0.9840953086597481,-1.0228480526829,-1.44,0.03313319000881165,0.4171519473170999,8.343038946341998,-6.383782208065823,-1.1088717483893078,-0.610998397025712,6.109983970257121,1664.9307592914668,1673,-0.37187499999999996,-0.37187499999999996,5,0,bbox fill,False,,True,,1500,1559,1673,1497,2000,2000,1000,1000
878,589240635018823,17.559986219974235,commit_complete,tracking,0,127641,4236785654437,589240.631798217,0.003220606013201177,True,True,0.0,270,371,57,61,-0.0671875,-0.6729166666666667,0.12708333333333333,58.966091951222275,4.081517519227908,-0.007007620344579912,,0.10649313500590576,0.10649313500590576,9.390276659096788,9.387056053083587,0.003220606013201177,0.0,1.4,340.0,0.022790270973928273,4.42,-3.92,3.92,0.25510204081632654,-10.0,-7.121372123832902,-7.121372123832902,-0.41759631324586644,-0.5,-0.9175963132458664,-1.0128590266803141,-1.44,0.05311124201398343,0.4271409733196858,8.542819466393716,-6.3581818743302625,-1.1088717483893078,-0.610998397025712,6.109983970257121,1664.7053784376794,1673,-0.37187499999999996,-0.37187499999999996,5,0,bbox fill,False,,True,,1500,1559,1673,1497,2000,2000,1000,1000
879,589240655021072,17.579988469020464,commit_complete,tracking,0,127641,4236785654437,589240.631798217,0.023222855059430003,False,True,0.0,270,371,57,61,-0.0671875,-0.6729166666666667,0.12708333333333333,,4.081517519227908,,duplicate frame,0.10649313500590576,0.10649313500590576,9.390276659096788,9.367053804037358,0.023222855059430003,0.0,1.4,340.0,0.0427925200201571,4.42,-3.92,3.92,0.25510204081632654,-10.0,-7.120628069209963,-7.120628069209963,-0.4184880413850526,-0.5,-0.9184880413850526,-1.0028579021571997,-1.44,0.07311349106021225,0.4371420978428002,8.742841956856005,-6.331950399001335,-1.1088717483893078,-0.610998397025712,6.109983970257121,1665.479124471888,1674,-0.37187499999999996,-0.37187499999999996,5,0,bbox fill,False,,True,,1500,1559,1674,1497,2000,2000,1000,1000
880,589240675007767,17.599975164048374,commit_complete,tracking,0,127642,4236818857257,589240.665209648,0.009798119077458978,True,True,0.0,270,371,58,61,-0.065625,-0.6729166666666667,0.12708333333333333,59.481089431852205,4.085279597795722,0.0005828300986818746,,0.10788865763050573,0.10788865763050573,9.268814924222841,9.259016805145382,0.009798119077458978,0.0,1.4,340.0,0.06277921504806727,4.42,-3.92,3.92,0.25510204081632654,-10.0,-7.116553675060954,-7.116553675060954,-0.42337108599064144,-0.5,-0.9233710859906414,-0.9928645546432446,-1.44,0.09310018608812243,0.4471354453567553,8.942708907135106,-6.305140119653792,-1.1088717483893078,-0.610998397025712,6.109983970257121,1665.2524472422615,1674,-0.35625000000000007,-0.35625000000000007,5,0,bbox fill,False,,True,,1500,1559,1674,1497,2000,2000,1000,1000
881,589240695022422,17.61998981900979,commit_complete,tracking,0,127642,4236818857257,589240.665209648,0.029812774038873613,False,True,0.0,270,371,58,61,-0.065625,-0.6729166666666667,0.12708333333333333,,4.085279597795722,,duplicate frame,0.10788865763050573,0.10788865763050573,9.268814924222841,9.239002150183968,0.029812774038873613,0.0,1.4,340.0,0.0827938700094819,4.42,-3.92,3.92,0.25510204081632654,-10.0,-7.115788401724297,-7.115788401724297,-0.42428824415004,-0.5,-0.92428824415004,-0.9828572271625373,-1.44,0.11311484104953706,0.45714277283746263,9.142855456749253,-6.277691455054454,-1.1088717483893078,-0.610998397025712,6.109983970257121,1665.0248520280481,1674,-0.35625000000000007,-0.35625000000000007,5,0,bbox fill,False,,True,,1500,1559,1674,1497,2000,2000,1000,1000
882,589240715028410,17.63999580696691,commit_complete,tracking,0,127643,4236851773015,589240.698612935,0.01641547493636608,True,True,0.0,270,370,58,62,-0.065625,-0.6708333333333333,0.12916666666666668,59.9666574022598,4.090600276066585,0.00490526419872328,,0.11963663725889859,0.11963663725889859,8.358643496773977,8.342228021837611,0.01641547493636608,0.0,1.4,340.0,0.10279985796660185,4.42,-3.92,3.92,0.25510204081632654,-10.0,-7.090965376393118,-7.090965376393118,-0.46989844796120894,-0.5,-0.9698984479612089,-0.9728542331839773,-1.44,0.133120829006657,0.4671457668160226,9.342915336320452,-6.249654317299031,-1.1088717483893078,-0.610998397025712,6.109983970257121,1664.7967550107214,1674,-0.35625000000000007,-0.35625000000000007,5,0,bbox fill,False,,True,,1500,1559,1674,1497,2000,2000,1000,1000
883,589240735019518,17.659986914950423,commit_complete,tracking,0,127644,4236884774676,589240.73212072,0.002898797974921763,True,True,0.0,270,370,58,62,-0.065625,-0.6708333333333333,0.12916666666666668,59.9666574022598,4.094321916835121,-0.00082033698363837,,0.11767807870903113,0.11767807870903113,8.497759404048255,8.494860606073333,0.002898797974921763,0.0,1.4,340.0,0.001804184983484447,4.42,-3.92,3.92,0.25510204081632654,-10.0,-7.098055026361991,-7.098055026361991,-0.4614554825299225,-0.5,-0.9614554825299225,-0.96285867919222,-1.44,0.15311193699017167,0.47714132080777993,9.542826416155599,-6.221038566296036,-1.1088717483893078,-0.610998397025712,6.109983970257121,1665.5682281798834,1675,-0.35625000000000007,-0.35625000000000007,5,0,bbox fill,False,,True,,1500,1559,1675,1497,2000,2000,1000,1000
884,589240755024963,17.679992359946482,commit_complete,tracking,0,127644,4236884774676,589240.73212072,0.022904242970980704,False,True,0.0,270,370,58,62,-0.065625,-0.6708333333333333,0.12916666666666668,,4.094321916835121,,duplicate frame,0.11767807870903113,0.11767807870903113,8.497759404048255,8.474855161077274,0.022904242970980704,0.0,1.4,340.0,0.021809629979543388,4.3,-3.8,3.8,0.2631578947368421,-10.0,-7.1236575188283116,-7.1236575188283116,-0.4483852440868106,-0.5,-0.9483852440868106,-0.9528559566941905,-1.58,0.011627308907918632,0.6271440433058095,12.54288086611619,-6.183399679307155,-0.8669263523839599,-0.6621839880973616,6.621839880973615,1665.0186789322174,1678,-0.35625000000000007,-0.35625000000000007,5,0,bbox fill,False,,True,,1500,1559,1678,1497,2000,2000,1000,1000
885,589240774991249,17.699958645971492,commit_complete,tracking,0,127645,4236918182752,589240.765524039,0.009467209922149777,True,True,0.0,270,369,59,63,-0.0640625,-0.66875,0.13125,60.96720429870473,4.102481920712072,0.012083329902391249,,0.14661731046783927,0.14661731046783927,6.820477041961232,6.811009832039082,0.009467209922149777,0.0,1.4,340.0,0.04177591600455344,4.3,-3.8,3.8,0.2631578947368421,-10.0,-7.041615610996779,-7.041615610996779,-0.5579202047433185,-0.5,-1.0579202047433185,-0.9628390997066956,-1.58,0.03159359493292868,0.6171609002933045,12.34321800586609,-6.146432446131029,-0.8669263523839599,-0.6621839880973616,6.621839880973615,1665.1813745592913,1678,-0.34062499999999996,-0.34062499999999996,5,0,bbox fill,False,,True,,1500,1559,1678,1497,2000,2000,1000,1000
886,589240795035461,17.72000285796821,commit_complete,tracking,0,127645,4236918182752,589240.765524039,0.02951142191886902,False,True,0.0,270,369,59,63,-0.0640625,-0.66875,0.13125,,4.102481920712072,,duplicate frame,0.14661731046783927,0.14661731046783927,6.820477041961232,6.790965620042363,0.02951142191886902,0.0,1.4,340.0,0.06182012800127268,4.3,-3.8,3.8,0.2631578947368421,-10.0,-7.04018011549708,-7.04018011549708,-0.5595669618448598,-0.5,-1.0595669618448598,-0.9728612057050552,-1.58,0.05163780692964792,0.6071387942949449,12.142775885898898,-6.109923590018187,-0.8669263523839599,-0.6621839880973616,6.621839880973615,1665.3453078231457,1678,-0.34062499999999996,-0.34062499999999996,5,0,bbox fill,False,,True,,1500,1559,1678,1497,2000,2000,1000,1000
887,589240815031345,17.73999874200672,commit_complete,tracking,0,127646,4236951856114,589240.798966943,0.016064401948824525,True,True,0.0,270,369,59,62,-0.0640625,-0.6666666666666666,0.12916666666666668,60.481402100149765,4.105617969145218,-0.005049314876634625,,0.1345386587446675,0.1345386587446675,7.432807858578681,7.416743456629857,0.016064401948824525,0.0,1.4,340.0,0.08181601203978062,4.3,-3.8,3.8,0.2631578947368421,-10.0,-7.094426100177056,-7.094426100177056,-0.5123542457981561,-0.5,-1.0123542457981562,-0.9828591477243092,-1.58,0.07163369096815586,0.5971408522756909,11.942817045513818,-6.074102512307906,-0.8669263523839599,-0.6621839880973616,6.621839880973615,1665.5094455858205,1678,-0.34062499999999996,-0.34062499999999996,5,0,bbox fill,False,,True,,1500,1559,1678,1497,2000,2000,1000,1000
888,589240835038768,17.76000616501551,commit_complete,tracking,0,127647,4236985249684,589240.832450737,0.002588030998595059,True,True,0.0,270,368,59,63,-0.0640625,-0.6645833333333333,0.13125,60.96720429870473,4.110197471820214,0.00021325127447902048,,0.13504816199806824,0.13504816199806824,7.404765716206521,7.402177685207926,0.002588030998595059,0.0,1.4,340.0,0.10182343504857272,4.3,-3.8,3.8,0.2631578947368421,-10.0,-7.106626354780554,-7.106626354780554,-0.513362440298305,-0.5,-1.013362440298305,-0.9928628592287052,-1.58,0.09164111397694796,0.5871371407712949,11.742742815425897,-6.038861208889154,-0.8669263523839599,-0.6621839880973616,6.621839880973615,1664.6742785124895,1677,-0.34062499999999996,-0.34062499999999996,5,0,bbox fill,False,,True,,1500,1559,1677,1497,2000,2000,1000,1000
889,589240855023056,17.779990453040227,commit_complete,tracking,0,127647,4236985249684,589240.832450737,0.022572319023311138,False,True,0.0,270,368,59,63,-0.0640625,-0.6645833333333333,0.13125,,4.110197471820214,,duplicate frame,0.13504816199806824,0.13504816199806824,7.404765716206521,7.38219339718321,0.022572319023311138,0.0,1.4,340.0,0.1218077230732888,4.3,-3.8,3.8,0.2631578947368421,-10.0,-7.105399682943277,-7.105399682943277,-0.5147521604419019,-0.5,-1.0147521604419019,-1.0028550032410632,-1.58,0.11162540200166404,0.5771449967589368,11.542899935178736,-6.00425971334739,-0.8669263523839599,-0.6621839880973616,6.621839880973615,1664.839519897195,1677,-0.34062499999999996,-0.34062499999999996,5,0,bbox fill,False,,True,,1500,1559,1677,1497,2000,2000,1000,1000
890,589240875024720,17.79999211698305,commit_complete,tracking,0,127648,4237018120114,589240.865960355,0.00906436494551599,True,True,0.0,270,368,59,63,-0.0640625,-0.6645833333333333,0.13125,60.96720429870473,4.1131875044950705,-0.004386798994529428,,0.1245752309325324,0.1245752309325324,8.027277914833498,8.018213549887982,0.00906436494551599,0.0,1.5,340.0,0.01058141200337559,4.3,-3.8,3.8,0.2631578947368421,-10.0,-7.141440321592028,-7.141440321592028,-0.47392102696654764,-0.5,-0.9739210269665477,-0.9928541712696526,-1.58,0.13162706594448537,0.5871458287303475,11.74291657460695,-5.969028032692309,-0.8669263523839599,-0.6621839880973616,6.621839880973615,1665.6042715771118,1678,-0.34062499999999996,-0.34062499999999996,5,0,bbox fill,False,,True,,1500,1560,1678,1497,2000,2000,1000,1000
891,589240895016633,17.819984029978514,commit_complete,tracking,0,127648,4237018120114,589240.865960355,0.02905627794098109,False,True,0.0,270,368,59,63,-0.0640625,-0.6645833333333333,0.13125,,4.1131875044950705,,duplicate frame,0.1245752309325324,0.1245752309325324,8.027277914833498,7.9982216368925165,0.02905627794098109,0.0,1.5,340.0,0.03057332499884069,4.3,-3.8,3.8,0.2631578947368421,-10.0,-7.140394715900761,-7.140394715900761,-0.4751056137869646,-0.5,-0.9751056137869646,-0.98285821477192,-1.58,0.15161897893995047,0.59714178522808,11.9428357045616,-5.9332140128435995,-0.8669263523839599,-0.6621839880973616,6.621839880973615,1665.3685384273083,1678,-0.34062499999999996,-0.34062499999999996,5,0,bbox fill,False,,True,,1500,1560,1678,1497,2000,2000,1000,1000
892,589240914996941,17.839964337996207,commit_complete,tracking,0,127649,4237051393357,589240.899307659,0.015689281979575753,True,True,0.0,270,367,60,64,-0.0625,-0.6625,0.13333333333333333,61.96773353931867,4.120586977159818,0.009272070201642002,,0.14681887667361776,0.14681887667361776,6.811113275461346,6.79542399348177,0.015689281979575753,0.0,1.5,340.0,0.05055363301653415,4.3,-3.8,3.8,0.2631578947368421,-10.0,-7.0790001433975105,-7.0790001433975105,-0.5591998385450258,-0.5,-1.0591998385450259,-0.9928483687807668,-1.58,0.17159928695764393,0.5871516312192333,11.743032624384666,-5.898019601509045,-0.8669263523839599,-0.6621839880973616,6.621839880973615,1665.5331470961507,1678,-0.325,-0.325,5,0,bbox fill,False,,True,,1500,1559,1678,1498,2000,2000,1000,1000
893,589240935022345,17.859989742049947,commit_complete,tracking,0,127650,4237084891477,589240.932782101,0.0022402440663427114,True,True,0.0,270,367,60,64,-0.0625,-0.6625,0.13333333333333333,61.96773353931867,4.125890915109156,0.0011121656642005817,,0.1494768224946065,0.1494768224946065,6.690000384749164,6.687760140682821,0.0022402440663427114,0.0,1.5,340.0,0.07057903707027435,4.21,-3.71,3.71,0.2695417789757412,-10.0,-7.0925502376274725,-7.0925502376274725,-0.5547447758228375,-0.5,-1.0547447758228374,-1.0028610708076369,-1.58,0.01976769999600947,0.5771389291923632,11.542778583847264,-5.863347280752385,0.0,-0.5297471904778892,5.297471904778892,1665.0230967921261,1676,-0.325,-0.325,5,0,bbox fill,False,,True,,1500,1559,1676,1498,2000,2000,1000,1000
894,589240955034345,17.880001742043532,commit_complete,tracking,0,127650,4237084891477,589240.932782101,0.02225224405992776,False,True,0.0,270,367,60,64,-0.0625,-0.6625,0.13333333333333333,,4.125890915109156,,duplicate frame,0.1494768224946065,0.1494768224946065,6.690000384749164,6.667748140689236,0.02225224405992776,0.0,1.6,339.0,0.009509545052424073,4.21,-3.71,3.71,0.2695417789757412,-10.0,-7.09103561515656,-7.09103561515656,-0.5564097385982703,-0.5,-1.0564097385982703,-1.0128670708044294,-1.58,0.03977969998959452,0.5671329291955707,11.342658583911414,-5.8292988882261145,0.0,-0.5297471904778892,5.297471904778892,1665.189168399536,1676,-0.325,-0.325,5,0,bbox fill,False,,True,,1500,1559,1676,1498,2000,2000,1000,1000
895,589240974997175,17.899964572046883,commit_complete,tracking,0,127651,4237118332535,589240.96622953,0.00876764499116689,True,True,0.0,270,367,60,64,-0.0625,-0.6625,0.13333333333333333,61.96773353931867,4.129393682819665,-0.004276707736583063,,0.13924773677955776,0.13924773677955776,7.181445265305057,7.17267762031389,0.00876764499116689,0.0,1.6,339.0,0.029472375055775046,4.21,-3.71,3.71,0.2695417789757412,-10.0,-7.126667927420863,-7.126667927420863,-0.5172405894129176,-0.5,-1.0172405894129177,-1.0172405894129177,-1.58,0.05974252999294549,0.5627594105870823,11.255188211741647,-5.795596076887107,0.0,-0.5297471904778892,5.297471904778892,1665.2429359603666,1676,-0.325,-0.325,5,0,bbox fill,False,,True,,1500,1559,1676,1498,2000,2000,1000,1000
896,589240995021382,17.91998877900187,commit_complete,tracking,0,127651,4237118332535,589240.96622953,0.028791851946152747,False,True,0.0,270,367,60,64,-0.0625,-0.6625,0.13333333333333333,,4.129393682819665,,duplicate frame,0.13924773677955776,0.13924773677955776,7.181445265305057,7.152653413358904,0.028791851946152747,0.0,1.6,339.0,0.0494965820107609,4.21,-3.71,3.71,0.2695417789757412,-10.0,-7.125350639804443,-7.125350639804443,-0.5186886300223758,-0.5,-1.0186886300223756,-1.0186886300223756,-1.58,0.07976673694793135,0.5613113699776244,11.226227399552489,-5.761876631771251,0.0,-0.5297471904778892,5.297471904778892,1665.2381773274399,1676,-0.325,-0.325,5,0,bbox fill,False,,True,,1500,1559,1676,1498,2000,2000,1000,1000
897,589241015025563,17.939992959960364,commit_complete,tracking,0,127652,4237151589808,589240.999667011,0.015358551987446845,True,True,0.0,270,367,61,64,-0.0609375,-0.6625,0.13333333333333333,62.48199740725323,4.134339820452919,0.0008286974054962926,,0.14123041581581255,0.14123041581581255,7.080627740303213,7.065269188315766,0.015358551987446845,0.0,1.6,339.0,0.06950076296925545,4.21,-3.71,3.71,0.2695417789757412,-10.0,-7.119514698416099,-7.119514698416099,-0.5251038426300071,-0.5,-1.0251038426300072,-1.0251038426300072,-1.58,0.0997709179064259,0.5548961573699929,11.097923147399857,-5.728575902335644,0.0,-0.5297471904778892,5.297471904778892,1665.3331808501569,1676,-0.309375,-0.309375,5,0,bbox fill,False,,True,,1500,1559,1676,1498,2000,2000,1000,1000
898,589241035014850,17.959982246975414,commit_complete,tracking,0,127653,4237185004716,589241.033151857,0.001862992998212576,True,True,0.0,270,367,61,64,-0.0609375,-0.6625,0.13333333333333333,62.48199740725323,4.137602250283733,-0.004190425411140453,,0.1312189009697136,0.1312189009697136,7.620853342086811,7.618990349088598,0.001862992998212576,0.0,1.6,339.0,0.0894900499843061,4.21,-3.71,3.71,0.2695417789757412,-10.0,-7.154231424362815,-7.154231424362815,-0.48694116018191297,-0.5,-0.9869411601819129,-1.0151091991224819,-1.58,0.11976020492147654,0.5648908008775182,11.297816017550364,-5.694700609282936,0.0,-0.5297471904778892,5.297471904778892,1665.0994126869537,1676,-0.309375,-0.309375,5,0,bbox fill,False,,True,,1500,1560,1676,1498,2000,2000,1000,1000
899,589241055008225,17.979975622030906,commit_complete,tracking,0,127653,4237185004716,589241.033151857,0.0218563680537045,False,True,0.0,270,367,61,64,-0.0609375,-0.6625,0.13333333333333333,,4.137602250283733,,duplicate frame,0.1312189009697136,0.1312189009697136,7.620853342086811,7.598996974033106,0.0218563680537045,0.0,1.6,339.0,0.10948342503979802,4.21,-3.71,3.71,0.2695417789757412,-10.0,-7.153065940686689,-7.153065940686689,-0.48822232890440903,-0.5,-0.988222328904409,-1.005112511594736,-1.58,0.13975357997696847,0.5748874884052642,11.497749768105283,-5.660218785771748,0.0,-0.5297471904778892,5.297471904778892,1664.8649971128875,1676,-0.309375,-0.309375,5,0,bbox fill,False,,True,,1500,1560,1676,1498,2000,2000,1000,1000
900,589241075012053,17.999979450018145,commit_complete,tracking,0,127654,4237218377365,589241.066597117,0.0084149360191077,True,True,0.0,270,367,61,65,-0.0609375,-0.6645833333333333,0.13541666666666666,62.96824596572466,4.142214783817255,0.0006396664880297109,,0.13274896289803967,0.13274896289803967,7.533015536762187,7.52460060074308,0.0084149360191077,0.0,1.5,339.0,0.01864326698705554,4.21,-3.71,3.71,0.2695417789757412,-10.0,-7.135411290236936,-7.135411290236936,-0.4930494250596669,-0.5,-0.9930494250596669,-0.9951105976011165,-1.58,0.15975740796420723,0.5848894023988835,11.69778804797767,-5.625118704780309,0.0,-0.5297471904778892,5.297471904778892,1665.6298587520237,1677,-0.309375,-0.309375,5,0,bbox fill,False,,True,,1500,1559,1677,1498,2000,2000,1000,1000
901,589241095010072,18.01997746899724,commit_complete,tracking,0,127654,4237218377365,589241.066597117,0.028412954998202622,False,True,0.0,270,367,61,65,-0.0609375,-0.6645833333333333,0.13541666666666666,,4.142214783817255,,duplicate frame,0.13274896289803967,0.13274896289803967,7.533015536762187,7.504602581763985,0.028412954998202622,0.0,1.5,339.0,0.03864128596615046,4.11,-3.6100000000000003,3.6100000000000003,0.27700831024930744,-10.0,-7.159267433664258,-7.159267433664258,-0.48103813102271653,-0.5,-0.9810381310227165,-0.9851115881115691,-1.54,0.008370063966140151,0.554888411888431,11.09776823776862,-5.591828697803635,0.23339215966377622,-0.3771193204495561,3.771193204495561,1664.7228672555395,1674,-0.309375,-0.309375,5,0,bbox fill,False,,True,,1500,1560,1674,1498,2000,2000,1000,1000
902,589241115020978,18.039988375036046,commit_complete,tracking,0,127655,4237251700570,589241.100075898,0.014945080038160086,True,True,0.0,270,367,61,66,-0.0609375,-0.6666666666666666,0.1375,63.45076831686122,4.1479208933130165,0.00360524582592614,,0.14136396193531084,0.14136396193531084,7.073938692080568,7.058993612042408,0.014945080038160086,0.0,1.5,339.0,0.058652192004956305,4.11,-3.6100000000000003,3.6100000000000003,0.27700831024930744,-10.0,-7.117816856547673,-7.117816856547673,-0.5114043443588702,-0.5,-1.01140434435887,-0.995117041130972,-1.54,0.028380970004945993,0.544882958869028,10.897659177380561,-5.559117892727411,0.23339215966377622,-0.3771193204495561,3.771193204495561,1664.8902655108513,1674,-0.309375,-0.309375,5,0,bbox fill,False,,True,,1500,1559,1674,1498,2000,2000,1000,1000
903,589241135036532,18.060003928956576,commit_complete,tracking,0,127656,4237286002859,589241.133511318,0.0015252139419317245,True,True,0.0,270,368,61,65,-0.0609375,-0.66875,0.13541666666666666,62.96824596572466,4.149141545353178,-0.010016889721082833,,0.11739682836004897,0.11739682836004897,8.51811768656186,8.516592472619928,0.0015252139419317245,0.0,1.5,339.0,0.07866774592548609,4.11,-3.6100000000000003,3.6100000000000003,0.27700831024930744,-10.0,-7.184893390809448,-7.184893390809448,-0.4238784480537049,-0.5,-0.9238784480537049,-0.9851092641707071,-1.54,0.048396523925475776,0.5548907358292929,11.097814716585859,-5.5257985563984295,0.23339215966377622,-0.3771193204495561,3.771193204495561,1665.656790635317,1675,-0.309375,-0.309375,5,0,bbox fill,False,,True,,1500,1560,1675,1498,2000,2000,1000,1000
904,589241155028539,18.07999593601562,commit_complete,tracking,0,127656,4237286002859,589241.133511318,0.02151722100097686,False,True,0.0,270,368,61,65,-0.0609375,-0.66875,0.13541666666666666,,4.149141545353178,,duplicate frame,0.11739682836004897,0.11739682836004897,8.51811768656186,8.496600465560883,0.02151722100097686,0.0,1.5,339.0,0.09865975298453122,4.11,-3.6100000000000003,3.6100000000000003,0.27700831024930744,-10.0,-7.183978221979061,-7.183978221979061,-0.4248758094054614,-0.5,-0.9248758094054614,-0.9751132606411845,-1.54,0.06838853098452091,0.5648867393588155,11.29773478717631,-5.491918897355962,0.23339215966377622,-0.3771193204495561,3.771193204495561,1665.4229909056842,1675,-0.309375,-0.309375,5,0,bbox fill,False,,True,,1500,1560,1675,1498,2000,2000,1000,1000
905,589241174996170,18.099963566986844,commit_complete,tracking,0,127657,4237318929470,589241.166968746,0.008027423988096416,True,True,0.0,269,368,62,66,-0.0625,-0.6708333333333333,0.1375,63.968742366877905,4.154933169071853,0.005325222252162476,,0.13012995836560137,0.13012995836560137,7.684625527893357,7.676598103905261,0.008027423988096416,0.0,1.4,339.0,0.0076716720359399915,4.11,-3.6100000000000003,3.6100000000000003,0.27700831024930744,-10.0,-7.128859988197814,-7.128859988197814,-0.4702603876271067,-0.5,-0.9702603876271068,-0.9702603876271068,-1.54,0.08835616195574403,0.5697396123728933,11.394792247457865,-5.457789846367313,0.23339215966377622,-0.3771193204495561,3.771193204495561,1665.291804394414,1675,-0.325,-0.325,5,0,bbox fill,False,,True,,1500,1559,1675,1498,2000,2000,1000,1000
906,589241195027962,18.119995358982123,commit_complete,tracking,0,127657,4237318929470,589241.166968746,0.028059215983375907,False,True,0.0,269,368,62,66,-0.0625,-0.6708333333333333,0.1375,,4.154933169071853,,duplicate frame,0.13012995836560137,0.13012995836560137,7.684625527893357,7.656566311909981,0.028059215983375907,0.0,1.4,339.0,0.027703464031219482,4.11,-3.6100000000000003,3.6100000000000003,0.27700831024930744,-10.0,-7.127738143346946,-7.127738143346946,-0.47149072481545085,-0.5,-0.9714907248154508,-0.9714907248154508,-1.54,0.10838795395102352,0.5685092751845492,11.370185503690983,-5.423625067723661,0.23339215966377622,-0.3771193204495561,3.771193204495561,1665.282246359537,1675,-0.325,-0.325,5,0,bbox fill,False,,True,,1500,1559,1675,1498,2000,2000,1000,1000
907,589241215030102,18.139997498947196,commit_complete,tracking,0,127658,4237350614358,589241.20038015,0.014649951946921647,True,True,0.0,269,368,62,66,-0.0625,-0.6708333333333333,0.1375,63.968742366877905,4.158970743131795,-0.0008864301477489178,,0.12800749707015047,0.12800749707015047,7.812042441951518,7.797392490004596,0.014649951946921647,0.0,1.4,339.0,0.04770560399629176,4.04,-3.54,3.54,0.2824858757062147,-10.0,-7.153533004180291,-7.153533004180291,-0.4539979236056018,-0.5,-0.9539979236056018,-0.9614896548329147,-1.49,0.007215804886072874,0.5285103451670853,10.570206903341706,-5.391911054032598,0.4126287878413854,-0.2191696987913678,2.191696987913678,1665.6300071627772,1673,-0.325,-0.325,5,0,bbox fill,False,,True,,1500,1560,1673,1498,2000,2000,1000,1000
908,589241235021935,18.159989331965335,commit_complete,tracking,0,127659,4237381459554,589241.23391665,0.0011052850168198347,True,True,0.0,269,368,63,67,-0.0609375,-0.6729166666666667,0.13958333333333334,64.96922348312314,4.166991168769868,0.01065000634058677,,0.1534126678113397,0.1534126678113397,6.518366535609413,6.517261250592593,0.0011052850168198347,0.0,1.4,339.0,0.06769743701443076,4.04,-3.54,3.54,0.2824858757062147,-10.0,-7.057508517640452,-7.057508517640452,-0.5431729470225118,-0.5,-1.0431729470225117,-0.9714855713419842,-1.49,0.02720763790421188,0.5185144286580158,10.370288573160316,-5.360812892406918,0.4126287878413854,-0.2191696987913678,2.191696987913678,1664.7988273313329,1672,-0.309375,-0.309375,5,0,bbox fill,False,,True,,1500,1559,1672,1498,2000,2000,1000,1000
909,589241255135469,18.180102866026573,commit_complete,tracking,0,127659,4237381459554,589241.23391665,0.021218819078058004,False,True,0.0,269,368,63,67,-0.0609375,-0.6729166666666667,0.13958333333333334,,4.166991168769868,,duplicate frame,0.1534126678113397,0.1534126678113397,6.518366535609413,6.497147716531355,0.021218819078058004,0.0,1.4,339.0,0.08781097107566893,4.04,-3.54,3.54,0.2824858757062147,-10.0,-7.055954847107142,-7.055954847107142,-0.5448544737551244,-0.5,-1.0448544737551244,-0.9815423383726033,-1.49,0.04732117196545005,0.5084576616273967,10.169153232547934,-5.330132250919398,0.4126287878413854,-0.2191696987913678,2.191696987913678,1664.9692820304579,1672,-0.309375,-0.309375,5,0,bbox fill,False,,True,,1500,1559,1672,1498,2000,2000,1000,1000
910,589241275013925,18.19998132204637,commit_complete,tracking,0,127660,4237414214954,589241.26730356,0.00771036499645561,True,True,0.0,268,368,64,67,-0.0625,-0.6729166666666667,0.13958333333333334,65.4828221749796,4.175499291398387,0.009674707656817993,,0.17659470562780155,0.17659470562780155,5.6626839204774475,5.654973555480992,0.00771036499645561,0.0,1.4,339.0,0.10768942709546536,4.04,-3.54,3.54,0.2824858757062147,-10.0,-6.980981481262576,-6.980981481262576,-0.625997622317599,-0.5,-1.1259976223175991,-0.9914815663825015,-1.49,0.06719962798524648,0.4985184336174985,9.97036867234997,-5.300402920646229,0.4126287878413854,-0.2191696987913678,2.191696987913678,1665.1383372603825,1672,-0.325,-0.325,5,0,bbox fill,False,,True,,1500,1558,1672,1498,2000,2000,1000,1000
911,589241295035904,18.220003301044926,commit_complete,tracking,0,127660,4237414214954,589241.26730356,0.027732343995012343,False,True,0.0,268,368,64,67,-0.0625,-0.6729166666666667,0.13958333333333334,,4.175499291398387,,duplicate frame,0.17659470562780155,0.17659470562780155,5.6626839204774475,5.634951576482435,0.027732343995012343,0.0,1.4,339.0,0.01667254709172994,4.04,-3.54,3.54,0.2824858757062147,-10.0,-6.978926325941421,-6.978926325941421,-0.6282219025225078,-0.5,-1.1282219025225078,-1.00149255588178,-1.49,0.08722160698380321,0.48850744411822,9.7701488823644,-5.271060263285908,0.4126287878413854,-0.2191696987913678,2.191696987913678,1665.3092143930078,1672,-0.325,-0.325,5,0,bbox fill,False,,True,,1500,1558,1672,1498,2000,2000,1000,1000
912,589241315013650,18.239981046994217,commit_complete,tracking,0,127661,4237445763296,589241.300798435,0.01421521499287337,True,True,0.0,268,368,64,68,-0.0625,-0.675,0.14166666666666666,65.96969000988257,4.184137688831069,0.007781085287414946,,0.19517924502064457,0.19517924502064457,5.12349558424733,5.109280369254456,0.01421521499287337,0.0,1.4,339.0,0.03665029304102063,4.04,-3.54,3.54,0.2824858757062147,-10.0,-6.906981687972397,-6.906981687972397,-0.6928568691008349,-0.5,-1.1928568691008348,-1.0114814288564253,-1.49,0.1071993529330939,0.47851857114357466,9.570371422871492,-5.242381095946937,0.4126287878413854,-0.2191696987913678,2.191696987913678,1664.4803126851618,1671,-0.325,-0.325,5,0,bbox fill,False,,True,,1500,1558,1671,1498,2000,2000,1000,1000
913,589241335025348,18.259992745006457,commit_complete,tracking,0,127662,4237478844845,589241.334226779,0.0007985689444467425,True,True,0.0,268,368,63,68,-0.0640625,-0.675,0.14166666666666666,65.45227268781429,4.187392860585965,-0.009340992003300741,,0.1728245821959509,0.1728245821959509,5.7862139013661045,5.785415332421658,0.0007985689444467425,0.0,1.4,339.0,0.05666199105326086,4.04,-3.54,3.54,0.2824858757062147,-10.0,-6.981321674449743,-6.981321674449743,-0.6118834684455104,-0.5,-1.1118834684455106,-1.0214872778625455,-1.49,0.12721105094533414,0.46851272213745454,9.37025444274909,-5.214253890616014,0.4126287878413854,-0.2191696987913678,2.191696987913678,1664.6523024599533,1671,-0.34062499999999996,-0.34062499999999996,5,0,bbox fill,False,,True,,1500,1558,1671,1497,2000,2000,1000,1000
914,589241355015944,18.279983340995386,commit_complete,tracking,0,127662,4237478844845,589241.334226779,0.020789164933376014,False,True,0.0,268,368,63,68,-0.0640625,-0.675,0.14166666666666666,,4.187392860585965,,duplicate frame,0.1728245821959509,0.1728245821959509,5.7862139013661045,5.7654247364327285,0.020789164933376014,0.0,1.4,339.0,0.07665258704219013,3.98,-3.48,3.48,0.28735632183908044,-10.0,-6.995202829349573,-6.995202829349573,-0.6035982011887642,-0.5,-1.1035982011887642,-1.03148257585701,-1.44,0.016116796992719173,0.40851742414298986,8.170348482859797,-5.1897543702745725,0.38143233197655535,-0.09904929263778316,0.9904929263778316,1665.028912961037,1669,-0.34062499999999996,-0.34062499999999996,5,0,bbox fill,False,,True,,1500,1558,1669,1497,2000,2000,1000,1000
915,589241375031309,18.29999870597385,commit_complete,tracking,0,127663,4237511801910,589241.367655355,0.0073759539518505335,True,True,0.0,267,368,64,68,-0.065625,-0.675,0.14166666666666666,65.96969000988257,4.191778979162537,-0.003974745991766504,,0.163312370855512,0.163312370855512,6.123234845967265,6.115858892015415,0.0073759539518505335,0.0,1.5,339.0,0.005864356993697584,3.98,-3.48,3.48,0.28735632183908044,-10.0,-7.027502718060918,-7.027502718060918,-0.5690124741993849,-0.5,-1.069012474199385,-1.0414902583462413,-1.44,0.03613216197118163,0.39850974165375863,7.970194833075173,-5.165825416494554,0.38143233197655535,-0.09904929263778316,0.9904929263778316,1665.2051376570416,1669,-0.35625000000000007,-0.35625000000000007,5,0,bbox fill,False,,True,,1500,1559,1669,1497,2000,2000,1000,1000
916,589241395017135,18.31998453196138,commit_complete,tracking,0,127663,4237511801910,589241.367655355,0.02736177993938327,False,True,0.0,267,368,64,68,-0.065625,-0.675,0.14166666666666666,,4.191778979162537,,duplicate frame,0.163312370855512,0.163312370855512,6.123234845967265,6.095873066027882,0.02736177993938327,0.0,1.5,339.0,0.02585018298123032,3.98,-3.48,3.48,0.28735632183908044,-10.0,-7.0257604615707425,-7.0257604615707425,-0.5708780288411739,-0.5,-1.070878028841174,-1.0514831713400077,-1.44,0.056117987958714366,0.38851682865999226,7.770336573199845,-5.142530927302074,0.38143233197655535,-0.09904929263778316,0.9904929263778316,1665.3817014277245,1669,-0.35625000000000007,-0.35625000000000007,5,0,bbox fill,False,,True,,1500,1559,1669,1497,2000,2000,1000,1000
917,589241415052489,18.340019886032678,commit_complete,tracking,0,127664,4237544624904,589241.401074038,0.013978451024740934,True,True,0.0,267,368,64,68,-0.065625,-0.675,0.14166666666666666,65.96969000988257,4.194422219276457,-0.008041269243950211,,0.14406261347319127,0.14406261347319127,6.9414262027537825,6.927447751729042,0.013978451024740934,0.0,1.5,339.0,0.04588553705252707,3.98,-3.48,3.48,0.28735632183908044,-10.0,-7.089759794488745,-7.089759794488745,-0.5023495123628203,-0.5,-1.0023495123628203,-1.0414654943043593,-1.44,0.07615334203001112,0.39853450569564064,7.970690113912813,-5.1185765875083495,0.38143233197655535,-0.09904929263778316,0.9904929263778316,1665.1573935472177,1669,-0.35625000000000007,-0.35625000000000007,5,0,bbox fill,False,,True,,1500,1559,1669,1497,2000,2000,1000,1000
918,589241434997751,18.359965148032643,commit_complete,tracking,0,127665,4237577311390,589241.434572424,0.000425326987169683,True,True,0.0,267,368,64,68,-0.065625,-0.675,0.14166666666666666,65.96969000988257,4.1957296427992645,-0.010052690048269142,,0.12005503284048905,0.12005503284048905,8.329513360165821,8.329088033178651,0.000425326987169683,0.0,1.5,339.0,0.06583079905249178,3.98,-3.48,3.48,0.28735632183908044,-10.0,-7.168709264663411,-7.168709264663411,-0.41781284891425485,-0.5,-0.9178128489142549,-1.031492863304377,-1.44,0.09609860402997583,0.408507136695623,8.17014273391246,-5.094133241897601,0.38143233197655535,-0.09904929263778316,0.9904929263778316,1664.9334975816073,1669,-0.35625000000000007,-0.35625000000000007,5,0,bbox fill,False,,True,,1500,1560,1669,1497,2000,2000,1000,1000
919,589241455037623,18.38000501994975,commit_complete,tracking,0,127665,4237577311390,589241.434572424,0.020465198904275894,False,True,0.0,267,368,64,68,-0.065625,-0.675,0.14166666666666666,,4.1957296427992645,,duplicate frame,0.12005503284048905,0.12005503284048905,8.329513360165821,8.309048161261545,0.020465198904275894,0.0,1.5,339.0,0.085870670969598,3.98,-3.48,3.48,0.28735632183908044,-10.0,-7.16776817809754,-7.16776817809754,-0.41882053545247944,-0.5,-0.9188205354524794,-1.0214729273458238,-1.44,0.11613847594708204,0.4185270726541761,8.370541453083522,-5.068971555108107,0.38143233197655535,-0.09904929263778316,0.9904929263778316,1664.7079371756467,1669,-0.35625000000000007,-0.35625000000000007,5,0,bbox fill,False,,True,,1500,1560,1669,1497,2000,2000,1000,1000
920,589241475044214,18.40001161105465,commit_complete,tracking,0,127666,4237610293671,589241.46798912,0.007055093999952078,True,True,0.0,266,367,65,69,-0.0671875,-0.6729166666666667,0.14375,66.97014260101288,4.201318376004704,0.004505401910375184,,0.1308410229554454,0.1308410229554454,7.642862898897731,7.635807804897779,0.007055093999952078,0.0,1.5,339.0,0.10587726207450032,3.98,-3.48,3.48,0.28735632183908044,-10.0,-7.146956711143511,-7.146956711143511,-0.45574745841138764,-0.5,-0.9557474584113876,-1.0114696317933727,-1.44,0.13614506705198437,0.42853036820662727,8.570607364132545,-5.043251259549877,0.38143233197655535,-0.09904929263778316,0.9904929263778316,1665.4821509690396,1670,-0.37187499999999996,-0.37187499999999996,5,0,bbox fill,False,,True,,1500,1560,1670,1497,2000,2000,1000,1000
921,589241495049857,18.420017253956757,commit_complete,tracking,0,127666,4237610293671,589241.46798912,0.027060736902058125,False,True,0.0,266,367,65,69,-0.0671875,-0.6729166666666667,0.14375,,4.201318376004704,,duplicate frame,0.1308410229554454,0.1308410229554454,7.642862898897731,7.615802161995673,0.027060736902058125,0.0,1.5,339.0,0.12588290497660637,3.98,-3.48,3.48,0.28735632183908044,-10.0,-7.145831483779208,-7.145831483779208,-0.45694464299057996,-0.5,-0.9569446429905799,-1.0014668103423197,-1.44,0.15615070995409042,0.4385331896576803,8.770663793153606,-5.016931844370838,0.38143233197655535,-0.09904929263778316,0.9904929263778316,1665.2557751248394,1670,-0.37187499999999996,-0.37187499999999996,5,0,bbox fill,False,,True,,1500,1560,1670,1497,2000,2000,1000,1000
922,589241514987463,18.439954860019498,commit_complete,tracking,0,127667,4237643304381,589241.501474136,0.013513326994143426,True,True,0.0,266,367,65,70,-0.0671875,-0.675,0.14583333333333334,67.45368781616021,4.207709172926564,0.005741666224514219,,0.14455860034479717,0.14455860034479717,6.917609866274491,6.9040965392803475,0.013513326994143426,0.0,1.6,339.0,0.014743285020813346,3.98,-3.48,3.48,0.28735632183908044,-10.0,-7.088173029235955,-7.088173029235955,-0.5040485717719613,-0.5,-1.0040485717719614,-1.0040485717719614,-1.44,0.1760883160168305,0.43595142822803856,8.719028564560771,-4.990856360855339,0.38143233197655535,-0.09904929263778316,0.9904929263778316,1665.2813348699167,1670,-0.37187499999999996,-0.37187499999999996,5,0,bbox fill,False,,True,,1500,1559,1670,1497,2000,2000,1000,1000
923,589241535053617,18.460021013976075,commit_complete,tracking,0,127668,4237676307713,589241.534993607,6.001000292599201e-05,True,True,0.0,265,368,66,69,-0.06875,-0.6770833333333334,0.14375,67.48333127521195,4.212318773634344,-0.000674077419233754,,0.14294979829590182,0.14294979829590182,6.995462826257578,6.995402816254652,6.001000292599201e-05,0.0,1.6,339.0,0.03480943897739053,3.9,-3.4,3.4,0.29411764705882354,-10.0,-7.1027255517238,-7.1027255517238,-0.4860334836043601,-0.5,-0.98603348360436,-0.9940154947936728,-1.33,0.014619868947193027,0.3359845052063273,6.7196901041265455,-4.970630610429856,0.6059450891354604,0.041949583716865566,-0.4194958371686557,1664.670436343472,1666,-0.38750000000000007,-0.38750000000000007,5,0,bbox fill,False,,True,,1500,1559,1666,1497,2000,2000,1000,1000
924,589241554996993,18.479964390047826,commit_complete,tracking,0,127668,4237676307713,589241.534993607,0.02000338607467711,False,True,0.0,265,368,66,69,-0.06875,-0.6770833333333334,0.14375,,4.212318773634344,,duplicate frame,0.14294979829590182,0.14294979829590182,6.995462826257578,6.975459440182901,0.02000338607467711,0.0,1.6,339.0,0.054752815049141645,3.9,-3.4,3.4,0.29411764705882354,-10.0,-7.1014057654893765,-7.1014057654893765,-0.4874230907879596,-0.5,-0.9874230907879595,-0.9874230907879595,-1.33,0.034563245018944144,0.34257690921204054,6.851538184240811,-4.950134190028114,0.6059450891354604,0.041949583716865566,-0.4194958371686557,1665.518091842956,1667,-0.38750000000000007,-0.38750000000000007,5,0,bbox fill,False,,True,,1500,1559,1667,1497,2000,2000,1000,1000
925,589241575044553,18.500011950032786,commit_complete,tracking,0,127669,4237709329119,589241.568443436,0.006601117085665464,True,True,0.0,265,368,66,70,-0.06875,-0.6791666666666667,0.14583333333333334,67.97058187186572,4.217791520173746,0.001974572098687233,,0.1476722669225097,0.1476722669225097,6.77175221075698,6.765151093671315,0.006601117085665464,0.0,1.6,339.0,0.07480037503410131,3.9,-3.4,3.4,0.29411764705882354,-10.0,-7.07354996716021,-7.07354996716021,-0.5025756192172327,-0.5,-1.0025756192172328,-0.9974468707804394,-1.33,0.054610805003903806,0.3325531292195607,6.651062584391214,-4.930133553609469,0.6059450891354604,0.041949583716865566,-0.4194958371686557,1664.698566806387,1666,-0.38750000000000007,-0.38750000000000007,5,0,bbox fill,False,,True,,1500,1559,1666,1497,2000,2000,1000,1000
926,589241595032535,18.51999993203208,commit_complete,tracking,0,127669,4237709329119,589241.568443436,0.026589099084958434,False,True,0.0,265,368,66,70,-0.06875,-0.6791666666666667,0.14583333333333334,,4.217791520173746,,duplicate frame,0.1476722669225097,0.1476722669225097,6.77175221075698,6.745163111672022,0.026589099084958434,0.0,1.6,339.0,0.014016560977324843,3.9,-3.4,3.4,0.29411764705882354,-10.0,-7.072144636646141,-7.072144636646141,-0.5040649045412324,-0.5,-1.0040649045412324,-1.0040649045412324,-1.33,0.07459878700319678,0.32593509545876764,6.518701909175353,-4.910589199146566,0.6059450891354604,0.041949583716865566,-0.4194958371686557,1664.8113831271398,1666,-0.38750000000000007,-0.38750000000000007,5,0,bbox fill,False,,True,,1500,1559,1666,1497,2000,2000,1000,1000
927,589241615025993,18.53999338997528,commit_complete,tracking,0,127670,4237742560102,589241.601905327,0.013120665913447738,True,True,0.0,264,368,67,71,-0.0703125,-0.68125,0.14791666666666667,68.97100840208152,4.226566580644259,0.010953334725971153,,0.1738592739590736,0.1738592739590736,5.751778304534962,5.738657638621515,0.013120665913447738,0.0,1.6,339.0,0.03401001892052591,3.9,-3.4,3.4,0.29411764705882354,-10.0,-6.975806514654589,-6.975806514654589,-0.5924730510351051,-0.5,-1.092473051035105,-1.014061633512833,-1.33,0.09459224494639784,0.3159383664871671,6.318767329743342,-4.891639097817551,0.6059450891354604,0.041949583716865566,-0.4194958371686557,1664.9923676052429,1666,-0.403125,-0.403125,5,0,bbox fill,False,,True,,1500,1558,1666,1497,2000,2000,1000,1000
928,589241635064448,18.560031845001504,commit_complete,tracking,0,127670,4237742560102,589241.601905327,0.03315912093967199,False,True,0.0,264,368,67,71,-0.0703125,-0.68125,0.14791666666666667,,4.226566580644259,,duplicate frame,0.1738592739590736,0.1738592739590736,5.751778304534962,5.71861918359529,0.03315912093967199,0.0,1.6,339.0,0.054048473946750164,3.9,-3.4,3.4,0.29411764705882354,-10.0,-6.97386020052816,-6.97386020052816,-0.59454911943663,-0.5,-1.0945491194366301,-1.024080861025945,-1.33,0.1146306999726221,0.305919138974055,6.1183827794811,-4.873248657093573,0.6059450891354604,0.041949583716865566,-0.4194958371686557,1665.174361714781,1666,-0.403125,-0.403125,5,0,bbox fill,False,,True,,1500,1558,1666,1497,2000,2000,1000,1000
929,589241655013330,18.579980727052316,commit_complete,tracking,0,127671,4237775243792,589241.635478276,0.01953505410347134,True,True,0.0,264,369,67,71,-0.0703125,-0.6854166666666667,0.14791666666666667,68.97100840208152,4.232852493831222,0.0012826990537204708,,0.1769157800956952,0.1769157800956952,5.652407034912837,5.632871980809366,0.01953505410347134,0.0,1.6,339.0,0.07399735599756241,3.9,-3.4,3.4,0.29411764705882354,-10.0,-6.9396840744528685,-6.9396840744528685,-0.6035997288032573,-0.5,-1.1035997288032573,-1.0340553020513512,-1.33,0.13457958202343434,0.29594469794864886,5.918893958972977,-4.85553735947475,0.6059450891354604,0.041949583716865566,-0.4194958371686557,1665.3561392376705,1666,-0.403125,-0.403125,5,0,bbox fill,False,,True,,1500,1558,1666,1497,2000,2000,1000,1000
930,589241675022744,18.599990140995942,commit_complete,tracking,0,127672,4237808579042,589241.668864519,0.006158225005492568,True,True,0.0,263,370,67,71,-0.0734375,-0.6895833333333333,0.14791666666666667,68.97100840208152,4.236983567466854,-0.005072798847251647,,0.16476035705889502,0.16476035705889502,6.069421175401685,6.063262950396193,0.006158225005492568,0.0,1.6,339.0,0.0940067699411884,3.9,-3.4,3.4,0.29411764705882354,-10.0,-6.953110467268166,-6.953110467268166,-0.5607541727639955,-0.5,-1.0607541727639955,-1.0440600090231642,-1.33,0.15458899596706033,0.28593999097683587,5.718799819536717,-4.838372884547274,0.6059450891354604,0.041949583716865566,-0.4194958371686557,1664.5390689021792,1665,-0.43437500000000007,-0.43437500000000007,5,0,bbox fill,False,,True,,1500,1558,1665,1497,2000,2000,1000,1000
931,589241695041905,18.62000930204522,commit_complete,tracking,0,127672,4237808579042,589241.668864519,0.02617738605476916,False,True,0.0,263,370,67,71,-0.0734375,-0.6895833333333333,0.14791666666666667,,4.236983567466854,,duplicate frame,0.16476035705889502,0.16476035705889502,6.069421175401685,6.043243789346916,0.02617738605476916,0.0,1.6,339.0,0.11402593099046499,3.9,-3.4,3.4,0.29411764705882354,-10.0,-6.951414512024659,-6.951414512024659,-0.5626117559568836,-0.5,-1.0626117559568837,-1.0540695895478025,-1.33,0.17460815701633692,0.27593041045219757,5.518608209043951,-4.821801198571568,0.6059450891354604,0.041949583716865566,-0.4194958371686557,1664.7226888266962,1665,-0.43437500000000007,-0.43437500000000007,5,0,bbox fill,False,,True,,1500,1558,1665,1497,2000,2000,1000,1000
932,589241715029959,18.63999735598918,commit_complete,tracking,0,127674,4237874352533,589241.702448127,0.012581832008436322,True,True,0.0,262,371,68,73,-0.075,-0.6979166666666666,0.15208333333333332,70.45565981523414,4.246880180168716,0.012466758451587623,,0.19445760329924033,0.19445760329924033,5.142509128126782,5.129927296118345,0.012581832008436322,0.0,1.6,339.0,0.13401398493442684,3.85,-3.35,3.35,0.29850746268656714,-10.0,-6.823293214373249,-6.823293214373249,-0.6530306974398721,-0.5,-1.153030697439872,-1.0640636165197834,-1.18,0.0029825549572706223,0.11593638348021651,2.31872766960433,-4.814849170510357,0.7828252073935149,0.19012470845219542,-1.9012470845219542,1664.397368585428,1660,-0.44999999999999996,-0.44999999999999996,5,0,bbox fill,False,,True,,1500,1557,1660,1497,2000,2000,1000,1000
933,589241735019123,18.659986519953236,commit_complete,tracking,0,127674,4237874352533,589241.702448127,0.0325709959724918,False,True,0.0,262,371,68,73,-0.075,-0.6979166666666666,0.15208333333333332,,4.246880180168716,,duplicate frame,0.19445760329924033,0.19445760329924033,5.142509128126782,5.10993813215429,0.0325709959724918,0.0,1.4,339.0,0.0027341858949512243,3.85,-3.35,3.35,0.29850746268656714,-10.0,-6.82098968081716,-6.82098968081716,-0.6555852367213846,-0.5,-1.1555852367213846,-1.0740581985018112,-1.18,0.0229717189213261,0.10594180149818877,2.1188360299637754,-4.808496106387972,0.7828252073935149,0.19012470845219542,-1.9012470845219542,1664.5909071609462,1660,-0.44999999999999996,-0.44999999999999996,5,0,bbox fill,False,,True,,1500,1557,1660,1497,2000,2000,1000,1000
934,589241755009449,18.679976845975034,commit_complete,tracking,0,127675,4237908522268,589241.736245103,0.018764346023090184,True,True,0.0,262,372,68,73,-0.075,-0.7020833333333333,0.15208333333333332,70.45565981523414,4.253988219031432,0.0015313140474102482,,0.19808233954479124,0.19808233954479124,5.0484056392815155,5.029641293258425,0.018764346023090184,0.0,1.4,339.0,0.02272451191674918,3.85,-3.35,3.35,0.29850746268656714,-10.0,-6.786564919991189,-6.786564919991189,-0.6660514745833338,-0.5,-1.166051474583334,-1.0840533615127101,-1.18,0.042962044943124056,0.09594663848728979,1.9189327697457959,-4.802742092635802,0.7828252073935149,0.19012470845219542,-1.9012470845219542,1664.785056407412,1660,-0.44999999999999996,-0.44999999999999996,5,0,bbox fill,False,,True,,1500,1557,1660,1497,2000,2000,1000,1000
935,589241774992515,18.699959911988117,commit_complete,tracking,0,127676,4237940676975,589241.769728014,0.005264500970952213,True,True,0.0,262,373,68,73,-0.075,-0.70625,0.15208333333333332,70.45565981523414,4.258647635660287,-0.005637019227751949,,0.18461393061995984,0.18461393061995984,5.416709327632307,5.411444826661355,0.005264500970952213,0.0,1.4,339.0,0.04270757792983204,3.85,-3.35,3.35,0.29850746268656714,-10.0,-6.8027846728801675,-6.8027846728801675,-0.6190583305026166,-0.5,-1.1190583305026167,-1.0940448945192516,-1.18,0.06294511095620692,0.08595510548074836,1.7191021096149672,-4.797589152994853,0.7828252073935149,0.19012470845219542,-1.9012470845219542,1664.9797341279018,1660,-0.44999999999999996,-0.44999999999999996,5,0,bbox fill,False,,True,,1500,1557,1660,1497,2000,2000,1000,1000
936,589241795016940,18.719984336989,commit_complete,tracking,0,127676,4237940676975,589241.769728014,0.02528892597183585,False,True,0.0,262,373,68,73,-0.075,-0.70625,0.15208333333333332,,4.258647635660287,,duplicate frame,0.18461393061995984,0.18461393061995984,5.416709327632307,5.391420401660471,0.02528892597183585,0.0,1.4,339.0,0.06273200293071568,3.85,-3.35,3.35,0.29850746268656714,-10.0,-6.800768529115992,-6.800768529115992,-0.6213575923272935,-0.5,-1.1213575923272936,-1.1040571070196934,-1.18,0.08296953595709056,0.07594289298030654,1.5188578596061308,-4.79302701470035,0.7828252073935149,0.19012470845219542,-1.9012470845219542,1665.1754162396162,1660,-0.44999999999999996,-0.44999999999999996,5,0,bbox fill,False,,True,,1500,1557,1660,1497,2000,2000,1000,1000
937,589241815024808,18.739992205053568,commit_complete,tracking,0,127677,4237973296754,589241.803176975,0.011847833055071533,True,True,0.0,261,373,69,74,-0.0765625,-0.7083333333333334,0.15416666666666667,71.45628033979938,4.266314836499682,0.004263019078510233,,0.1948098086465197,0.1948098086465197,5.133211756367408,5.1213639233123365,0.011847833055071533,0.0,1.4,339.0,0.08273987099528313,3.85,-3.35,3.35,0.29850746268656714,-10.0,-6.7594703535947485,-6.7594703535947485,-0.6541226224426023,-0.5,-1.1541226224426024,-1.1140610410519771,-1.18,0.102977404021658,0.06593895894802282,1.3187791789604564,-4.7890691207275085,0.7828252073935149,0.19012470845219542,-1.9012470845219542,1664.371537026289,1659,-0.46562500000000007,-0.46562500000000007,5,0,bbox fill,False,,True,,1500,1556,1659,1497,2000,2000,1000,1000
938,589241835054827,18.760022224043496,commit_complete,tracking,0,127677,4237973296754,589241.803176975,0.0318778520449996,False,True,0.0,261,373,69,74,-0.0765625,-0.7083333333333334,0.15416666666666667,,4.266314836499682,,duplicate frame,0.1948098086465197,0.1948098086465197,5.133211756367408,5.101333904322408,0.0318778520449996,0.0,1.4,339.0,0.1027698899852112,3.85,-3.35,3.35,0.29850746268656714,-10.0,-6.757234214726086,-6.757234214726086,-0.6566909876574661,-0.5,-1.1566909876574663,-1.1240760505469412,-1.18,0.12300742301158607,0.055923949453058786,1.1184789890611757,-4.785708647418899,0.7828252073935149,0.19012470845219542,-1.9012470845219542,1664.5684767428797,1659,-0.46562500000000007,-0.46562500000000007,5,0,bbox fill,False,,True,,1500,1556,1659,1497,2000,2000,1000,1000
939,589241854987413,18.779954810044728,commit_complete,tracking,0,127678,4238006324462,589241.836572821,0.018414592021144927,True,True,0.0,261,373,69,75,-0.0765625,-0.7104166666666667,0.15625,71.93747284969079,4.2738624968410965,0.0029766341933665785,,0.20194035821518289,0.20194035821518289,4.951957146349239,4.933542554328094,0.018414592021144927,0.0,1.4,339.0,0.12270247598644346,3.85,-3.35,3.35,0.29850746268656714,-10.0,-6.725376177248745,-6.725376177248745,-0.6790252568230338,-0.5,-1.1790252568230337,-1.1340423435475573,-1.18,0.14294000901281834,0.04595765645244265,0.919153129048853,-4.782960482599939,0.7828252073935149,0.19012470845219542,-1.9012470845219542,1664.765054438073,1659,-0.46562500000000007,-0.46562500000000007,5,0,bbox fill,False,,True,,1500,1556,1659,1497,2000,2000,1000,1000
940,589241875031806,18.799999202950858,commit_complete,tracking,0,127679,4238039453755,589241.870099295,0.0049325108993798494,True,True,0.0,261,374,69,74,-0.0765625,-0.7125,0.15416666666666667,71.45628033979938,4.276591378875638,-0.011547046115267356,,0.17438709721753648,0.17438709721753648,5.734369204807426,5.729436693908046,0.0049325108993798494,0.0,1.4,339.0,0.14274686889257282,3.85,-3.35,3.35,0.29850746268656714,-10.0,-6.793914423999387,-6.793914423999387,-0.5846997146441925,-0.5,-1.0846997146441923,-1.1240201470944926,-1.18,0.1629844019189477,0.05597985290550733,1.1195970581101466,-4.779594236100543,0.7828252073935149,0.19012470845219542,-1.9012470845219542,1664.5612442625124,1659,-0.46562500000000007,-0.46562500000000007,5,0,bbox fill,False,,True,,1500,1557,1659,1497,2000,2000,1000,1000
941,589241895023513,18.81999091000762,commit_complete,tracking,0,127679,4238039453755,589241.870099295,0.024924217956140637,False,True,0.0,261,374,69,74,-0.0765625,-0.7125,0.15416666666666667,,4.276591378875638,,duplicate frame,0.17438709721753648,0.17438709721753648,5.734369204807426,5.7094449868512855,0.024924217956140637,0.0,1.4,339.0,0.01900873298291117,3.85,-3.35,3.35,0.29850746268656714,-10.0,-6.792157382939524,-6.792157382939524,-0.5867470494443803,-0.5,-1.0867470494443803,-1.1140242935661122,-1.18,0.18297610897570848,0.06597570643388773,1.3195141286777545,-4.775637335112876,0.7828252073935149,0.19012470845219542,-1.9012470845219542,1664.357370290957,1659,-0.46562500000000007,-0.46562500000000007,5,0,bbox fill,False,,True,,1500,1557,1659,1497,2000,2000,1000,1000
942,589241915025160,18.839992556953803,commit_complete,tracking,0,127680,4238073243299,589241.903530013,0.01149514690041542,True,True,0.0,260,374,71,75,-0.0765625,-0.7145833333333333,0.15625,72.97259759663213,4.2851032204359125,0.007662730542923768,,0.19272407829580365,0.19272407829580365,5.18876524844573,5.177270101545314,0.01149514690041542,0.0,1.4,339.0,0.03901037992909551,3.85,-3.35,3.35,0.29850746268656714,-10.0,-6.727785424240253,-6.727785424240253,-0.6470591516946528,-0.5,-1.147059151694653,-1.1240251170392044,-1.18,0.20297775592189282,0.05597488296079556,1.1194976592159112,-4.7722785655723685,0.7828252073935149,0.19012470845219542,-1.9012470845219542,1664.5540279908785,1659,-0.46562500000000007,-0.46562500000000007,5,0,bbox fill,False,,True,,1500,1556,1659,1497,2000,2000,1000,1000
943,589241935008913,18.859976310050115,commit_complete,tracking,0,127680,4238073243299,589241.903530013,0.031478899996727705,False,True,0.0,260,374,71,75,-0.0765625,-0.7145833333333333,0.15625,,4.2851032204359125,,duplicate frame,0.19272407829580365,0.19272407829580365,5.18876524844573,5.157286348449002,0.031478899996727705,0.0,1.4,339.0,0.05899413302540779,3.79,-3.29,3.29,0.303951367781155,-10.0,-6.741187074051289,-6.741187074051289,-0.6379323888016092,-0.5,-1.1379323888016093,-1.1340169935873605,-1.02,0.018669128068722785,-0.1140169935873605,-2.28033987174721,-4.779114027918269,0.7831912245399153,0.3087380116697394,-3.087380116697394,1664.1468340163628,1654,-0.46562500000000007,-0.46562500000000007,5,0,bbox fill,False,,True,,1500,1556,1654,1497,2000,2000,1000,1000
944,589241955009059,18.879976456053555,commit_complete,tracking,0,127681,4238105420201,589241.936938885,0.01807017403189093,True,True,0.0,260,374,71,75,-0.0765625,-0.7145833333333333,0.15625,72.97259759663213,4.291031642771471,-0.0014579192040882205,,0.1892329835818664,0.1892329835818664,5.284491007178871,5.26642083314698,0.01807017403189093,0.0,1.4,339.0,0.07899427902884781,3.79,-3.29,3.29,0.303951367781155,-10.0,-6.752655518794288,-6.752655518794288,-0.6247127041752266,-0.5,-1.1247127041752267,-1.1247127041752267,-1.02,0.03866927407216281,-0.10471270417522671,-2.0942540835045342,-4.785396836034028,0.7831912245399153,0.3087380116697394,-3.087380116697394,1664.967031036236,1655,-0.46562500000000007,-0.46562500000000007,5,0,bbox fill,False,,True,,1500,1556,1655,1497,2000,2000,1000,1000
945,589241975018789,18.899986185948364,commit_complete,tracking,0,127682,4238138295143,589241.970428086,0.0045907029416412115,True,True,0.0,260,374,71,76,-0.0765625,-0.7166666666666667,0.15833333333333333,73.45747068882783,4.297137100756908,-0.0006622955278237086,,0.18765087231413163,0.18765087231413163,5.329045304548216,5.324454601606575,0.0045907029416412115,0.0,1.4,339.0,0.09900400892365724,3.79,-3.29,3.29,0.303951367781155,-10.0,-6.745726329016145,-6.745726329016145,-0.6179036626600763,-0.5,-1.1179036626600762,-1.1179036626600762,-1.02,0.05867900396697223,-0.09790366266007622,-1.9580732532015244,-4.791273913570651,0.7831912245399153,0.3087380116697394,-3.087380116697394,1664.8367272834696,1655,-0.46562500000000007,-0.46562500000000007,5,0,bbox fill,False,,True,,1500,1556,1655,1497,2000,2000,1000,1000
946,589241994988060,18.91995545697864,commit_complete,tracking,0,127682,4238138295143,589241.970428086,0.024559973971918225,False,True,0.0,260,374,71,76,-0.0765625,-0.7166666666666667,0.15833333333333333,,4.297137100756908,,duplicate frame,0.18765087231413163,0.18765087231413163,5.329045304548216,5.304485330576298,0.024559973971918225,0.0,1.5,339.0,0.007973087020218372,3.79,-3.29,3.29,0.303951367781155,-10.0,-6.743723049726191,-6.743723049726191,-0.6202298234355873,-0.5,-1.1202298234355874,-1.1202298234355874,-1.02,0.07864827499724925,-0.1002298234355874,-2.004596468711748,-4.797278463099157,0.7831912245399153,0.3087380116697394,-3.087380116697394,1664.8892550485084,1655,-0.46562500000000007,-0.46562500000000007,5,0,bbox fill,False,,True,,1500,1556,1655,1497,2000,2000,1000,1000
947,589242015007497,18.939974894048646,commit_complete,tracking,0,127683,4238171323351,589242.003850205,0.01115729205776006,True,True,0.0,260,374,71,76,-0.0765625,-0.7166666666666667,0.15833333333333333,73.45747068882783,4.3010630268826056,-0.006702181875049895,,0.17160836614454794,0.17160836614454794,5.827221728558893,5.816064436501133,0.01115729205776006,0.0,1.5,339.0,0.027992524090223014,3.79,-3.29,3.29,0.303951367781155,-10.0,-6.790705753645208,-6.790705753645208,-0.5656746131202116,-0.5,-1.0656746131202115,-1.110220104900585,-1.02,0.09866771206725389,-0.09022010490058507,-1.8044020980117015,-4.802696930236676,0.7831912245399153,0.3087380116697394,-3.087380116697394,1664.6944791449457,1655,-0.46562500000000007,-0.46562500000000007,5,0,bbox fill,False,,True,,1500,1557,1655,1497,2000,2000,1000,1000
948,589242035025441,18.959992837975733,commit_complete,tracking,0,127683,4238171323351,589242.003850205,0.03117523598484695,False,True,0.0,260,374,71,76,-0.0765625,-0.7166666666666667,0.15833333333333333,,4.3010630268826056,,duplicate frame,0.17160836614454794,0.17160836614454794,5.827221728558893,5.796046492574046,0.03117523598484695,0.0,1.5,339.0,0.048010468017309904,3.79,-3.29,3.29,0.303951367781155,-10.0,-6.789023249784384,-6.789023249784384,-0.5676282970150742,-0.5,-1.0676282970150743,-1.1002111329370416,-1.02,0.11868565599434078,-0.08021113293704163,-1.6042226587408326,-4.807513916121062,0.7831912245399153,0.3087380116697394,-3.087380116697394,1664.4991166915593,1655,-0.46562500000000007,-0.46562500000000007,5,0,bbox fill,False,,True,,1500,1557,1655,1497,2000,2000,1000,1000
949,589242054995419,18.97996281599626,commit_complete,tracking,0,127684,4238204359413,589242.037332393,0.017663025995716453,True,True,0.0,260,374,71,77,-0.0765625,-0.71875,0.16041666666666668,73.93916418245476,4.305560680106852,-0.003566201014388426,,0.16308753467831316,0.16308753467831316,6.131676476515999,6.114013450520282,0.017663025995716453,0.0,1.5,339.0,0.06798044603783637,3.79,-3.29,3.29,0.303951367781155,-10.0,-6.801104420340128,-6.801104420340128,-0.5381080736287932,-0.5,-1.038108073628793,-1.0902261439267784,-1.02,0.13865563401486725,-0.0702261439267784,-1.404522878535568,-4.811721159773114,0.7831912245399153,0.3087380116697394,-3.087380116697394,1664.303624155006,1655,-0.46562500000000007,-0.46562500000000007,5,0,bbox fill,False,,True,,1500,1557,1655,1497,2000,2000,1000,1000
950,589242075052122,19.000019519007765,commit_complete,tracking,0,127685,4238237643069,589242.070855843,0.0041962789837270975,True,True,0.0,259,374,72,78,-0.078125,-0.7208333333333333,0.1625,74.93997598078077,4.3130087744998,0.0056595359277284985,,0.1765933902480998,0.1765933902480998,5.662726099742911,5.658529820759184,0.0041962789837270975,0.0,1.5,339.0,0.08803714904934168,3.79,-3.29,3.29,0.303951367781155,-10.0,-6.751008760206938,-6.751008760206938,-0.58142310886657,-0.5,-1.08142310886657,-1.08142310886657,-1.02,0.15871233702637255,-0.061423108866569986,-1.2284621773313997,-4.815416994930855,0.7831912245399153,0.3087380116697394,-3.087380116697394,1664.1312592889597,1655,-0.48125,-0.48125,5,0,bbox fill,False,,True,,1500,1556,1655,1496,2000,2000,1000,1000
951,589242095047697,19.020015093963593,commit_complete,tracking,0,127685,4238237643069,589242.070855843,0.024191853939555585,False,True,0.0,259,374,72,78,-0.078125,-0.7208333333333333,0.1625,,4.3130087744998,,duplicate frame,0.1765933902480998,0.1765933902480998,5.662726099742911,5.638534245803355,0.024191853939555585,0.0,1.5,339.0,0.10803272400517017,3.75,-3.25,3.25,0.3076923076923077,-10.0,-6.759702662353419,-6.759702662353419,-0.5763909303945273,-0.5,-1.0763909303945272,-1.0763909303945272,-0.9,0.017288614995777607,-0.17639093039452713,-3.5278186078905427,-4.825998109141551,0.7434055422140321,0.39567151777859794,-3.9567151777859793,1664.310531894818,1652,-0.48125,-0.48125,5,0,bbox fill,False,,True,,1500,1556,1652,1496,2000,2000,1000,1000
952,589242115042548,19.04000994504895,commit_complete,tracking,0,127686,4238271825077,589242.104208905,0.010833643027581275,True,True,0.0,259,374,73,79,-0.0765625,-0.7229166666666667,0.16458333333333333,75.94076639065476,4.322767934498189,0.011054942014642855,,0.20310955722677726,0.20310955722677726,4.9234512331858085,4.912617590158227,0.010833643027581275,0.0,1.5,339.0,0.12802757509052753,3.75,-3.25,3.25,0.3076923076923077,-10.0,-6.673956950465733,-6.673956950465733,-0.6615617723860576,-0.5,-1.1615617723860576,-1.0863883559372058,-0.9,0.037283466081134975,-0.18638835593720582,-3.7277671187441164,-4.837178531404578,0.7434055422140321,0.39567151777859794,-3.9567151777859793,1664.5216608279347,1652,-0.46562500000000007,-0.46562500000000007,5,0,bbox fill,False,,True,,1500,1556,1652,1497,2000,2000,1000,1000
953,589242135024126,19.05999152304139,commit_complete,tracking,0,127686,4238271825077,589242.104208905,0.030815221020020545,False,True,0.0,259,374,73,79,-0.0765625,-0.7229166666666667,0.16458333333333333,,4.322767934498189,,duplicate frame,0.20310955722677726,0.20310955722677726,4.9234512331858085,4.892636012165788,0.030815221020020545,0.0,1.5,339.0,0.0169447660446167,3.75,-3.25,3.25,0.3076923076923077,-10.0,-6.671653471135526,-6.671653471135526,-0.6642635977658485,-0.5,-1.1642635977658484,-1.0963791449334255,-0.9,0.057265044073574245,-0.19637914493342545,-3.927582898668509,-4.848950427006305,0.7434055422140321,0.39567151777859794,-3.9567151777859793,1664.7332485034608,1652,-0.46562500000000007,-0.46562500000000007,5,0,bbox fill,False,,True,,1500,1556,1652,1497,2000,2000,1000,1000
954,589242155020093,19.079987489967607,commit_complete,tracking,0,127687,4238303481394,589242.137673119,0.01734697399660945,True,True,0.0,259,375,73,79,-0.0765625,-0.7270833333333333,0.16458333333333333,75.94076639065476,4.329700919897383,0.00038881063126705584,,0.20403905315183274,0.20403905315183274,4.901022547168283,4.883675573171674,0.01734697399660945,0.0,1.5,339.0,0.03694073297083378,3.75,-3.25,3.25,0.3076923076923077,-10.0,-6.645492367878527,-6.645492367878527,-0.6654823710759531,-0.5,-1.165482371075953,-1.106377128396534,-0.9,0.07726101099979132,-0.206377128396534,-4.12754256793068,-4.861330557707539,0.7434055422140321,0.39567151777859794,-3.9567151777859793,1664.9455883034243,1652,-0.46562500000000007,-0.46562500000000007,5,0,bbox fill,False,,True,,1500,1555,1652,1497,2000,2000,1000,1000
955,589242175022933,19.099990330054425,commit_complete,tracking,0,127688,4238336300078,589242.171172561,0.003850372042506933,True,True,0.0,259,376,73,79,-0.0765625,-0.73125,0.16458333333333333,75.94076639065476,4.3342322506988396,-0.006582467524820501,,0.18831946590192003,0.18831946590192003,5.310125510449446,5.306275138406939,0.003850372042506933,0.0,1.5,339.0,0.05694357305765152,3.75,-3.25,3.25,0.3076923076923077,-10.0,-6.664197266698347,-6.664197266698347,-0.6124823751554884,-0.5,-1.1124823751554884,-1.1124823751554884,-0.9,0.09726385108660907,-0.2124823751554884,-4.2496475031097685,-4.874081310622047,0.7434055422140321,0.39567151777859794,-3.9567151777859793,1664.0804439915178,1651,-0.46562500000000007,-0.46562500000000007,5,0,bbox fill,False,,True,,1500,1556,1651,1497,2000,2000,1000,1000
956,589242195009386,19.11997678305488,commit_complete,tracking,0,127688,4238336300078,589242.171172561,0.023836825042963028,False,True,0.0,259,376,73,79,-0.0765625,-0.73125,0.16458333333333333,,4.3342322506988396,,duplicate frame,0.18831946590192003,0.18831946590192003,5.310125510449446,5.286288685406483,0.023836825042963028,0.0,1.5,339.0,0.0066517110681161284,3.75,-3.25,3.25,0.3076923076923077,-10.0,-6.6622823779021925,-6.6622823779021925,-0.6147980546299081,-0.5,-1.114798054629908,-1.114798054629908,-0.9,0.11725030408706516,-0.2147980546299081,-4.295961092598162,-4.886960464292397,0.7434055422140321,0.39567151777859794,-3.9567151777859793,1664.1396367346765,1651,-0.46562500000000007,-0.46562500000000007,5,0,bbox fill,False,,True,,1500,1556,1651,1497,2000,2000,1000,1000
957,589242215030327,19.139997723978013,commit_complete,tracking,0,127689,4238369254175,589242.204587694,0.010442632948979735,True,True,0.0,259,376,74,80,-0.075,-0.7333333333333333,0.16666666666666666,76.94153624668537,4.341407283334741,0.0025208932373610438,,0.19435479902136585,0.19435479902136585,5.145229266451341,5.134786633502361,0.010442632948979735,0.0,1.5,339.0,0.02667265199124813,3.75,-3.25,3.25,0.3076923076923077,-10.0,-6.634512663089641,-6.634512663089641,-0.6329376918595007,-0.5,-1.1329376918595007,-1.124808525091474,-0.9,0.13727124501019716,-0.2248085250914741,-4.496170501829482,-4.900463098892015,0.7434055422140321,0.39567151777859794,-3.9567151777859793,1664.3533487785076,1651,-0.44999999999999996,-0.44999999999999996,5,0,bbox fill,False,,True,,1500,1555,1651,1497,2000,2000,1000,1000
958,589242235026681,19.159994077985175,commit_complete,tracking,0,127689,4238369254175,589242.204587694,0.03043898695614189,False,True,0.0,259,376,74,80,-0.075,-0.7333333333333333,0.16666666666666666,,4.341407283334741,,duplicate frame,0.19435479902136585,0.19435479902136585,5.145229266451341,5.114790279495199,0.03043898695614189,0.0,1.5,339.0,0.046669005998410285,3.71,-3.21,3.21,0.3115264797507788,-10.0,-6.642706779364155,-6.642706779364155,-0.627591714340399,-0.5,-1.127591714340399,-1.127591714340399,-0.84,0.0063413860043510795,-0.2875917143403991,-5.751834286807982,-4.917715456080447,0.3975452560704527,0.3960462654369689,-3.9604626543696893,1664.630012397258,1650,-0.44999999999999996,-0.44999999999999996,5,0,bbox fill,False,,True,,1500,1555,1650,1497,2000,2000,1000,1000
959,589242255005583,19.179972980055027,commit_complete,tracking,0,127690,4238402325199,589242.238030448,0.016975135076791048,True,True,0.0,259,377,74,81,-0.075,-0.7395833333333334,0.16875,77.42092740338364,4.3483795713656255,0.001350080881045379,,0.19758439161555486,0.19758439161555486,5.061128522468143,5.0441533873913516,0.016975135076791048,0.0,1.5,339.0,0.06664790806826204,3.71,-3.21,3.21,0.3115264797507788,-10.0,-6.597075926022666,-6.597075926022666,-0.6363803305474207,-0.5,-1.1363803305474207,-1.1363803305474207,-0.84,0.026320288074202836,-0.29638033054742075,-5.9276066109484145,-4.935479516878758,0.3975452560704527,0.3960462654369689,-3.9604626543696893,1664.823548782197,1650,-0.44999999999999996,-0.44999999999999996,5,0,bbox fill,False,,True,,1500,1555,1650,1497,2000,2000,1000,1000
960,589242275064176,19.200031572952867,commit_complete,tracking,0,127691,4238435300164,589242.271503263,0.0035609129117801785,True,True,0.0,258,378,75,81,-0.0765625,-0.74375,0.16875,77.94228634059948,4.3553346520940925,0.0009753569388966099,,0.19991549388362576,0.19991549388362576,5.002113545947155,4.9985526330353744,0.0035609129117801785,0.0,1.5,339.0,0.08670650096610188,3.71,-3.21,3.21,0.3115264797507788,-10.0,-6.566888206290203,-6.566888206290203,-0.6421858957301256,-0.5,-1.1421858957301256,-1.1421858957301256,-0.84,0.04637888097204268,-0.30218589573012566,-6.043717914602514,-4.953663788464517,0.3975452560704527,0.3960462654369689,-3.9604626543696893,1663.9578443574367,1649,-0.46562500000000007,-0.46562500000000007,5,0,bbox fill,False,,True,,1500,1555,1649,1497,2000,2000,1000,1000
961,589242295030676,19.219998072949238,commit_complete,tracking,0,127691,4238435300164,589242.271503263,0.023527412908151746,False,True,0.0,258,378,75,81,-0.0765625,-0.74375,0.16875,,4.3553346520940925,,duplicate frame,0.19991549388362576,0.19991549388362576,5.002113545947155,4.978586133039003,0.023527412908151746,0.0,1.4,339.0,0.01586154499091208,3.71,-3.21,3.21,0.3115264797507788,-10.0,-6.564832242214318,-6.564832242214318,-0.6447613668261613,-0.5,-1.1447613668261614,-1.1447613668261614,-0.84,0.06634538096841425,-0.3047613668261614,-6.095227336523228,-4.9719188419534035,0.3975452560704527,0.3960462654369689,-3.9604626543696893,1664.0276088328462,1649,-0.46562500000000007,-0.46562500000000007,5,0,bbox fill,False,,True,,1500,1555,1649,1497,2000,2000,1000,1000
962,589242315066339,19.2400337359868,commit_complete,tracking,0,127692,4238468458964,589242.305012313,0.01005402603186667,True,True,0.0,258,379,76,81,-0.075,-0.7479166666666667,0.16875,78.46018098373213,4.362228796349958,0.0005576171221948201,,0.20124675722562677,0.20124675722562677,4.969024166083109,4.9589701400512425,0.01005402603186667,0.0,1.4,339.0,0.03589720802847296,3.71,-3.21,3.21,0.3115264797507788,-10.0,-6.537384926369699,-6.537384926369699,-0.647311822685593,-0.5,-1.147311822685593,-1.147311822685593,-0.84,0.08638104400597513,-0.307311822685593,-6.146236453711859,-4.990390430333765,0.3975452560704527,0.3960462654369689,-3.9604626543696893,1664.0970895384153,1649,-0.44999999999999996,-0.44999999999999996,5,0,bbox fill,False,,True,,1500,1554,1649,1497,2000,2000,1000,1000
963,589242335064275,19.26003167196177,commit_complete,tracking,0,127692,4238468458964,589242.305012313,0.03005196200683713,False,True,0.0,258,379,76,81,-0.075,-0.7479166666666667,0.16875,,4.362228796349958,,duplicate frame,0.20124675722562677,0.20124675722562677,4.969024166083109,4.938972204076272,0.03005196200683713,0.0,1.4,339.0,0.05589514400344342,3.71,-3.21,3.21,0.3115264797507788,-10.0,-6.5353266616435945,-6.5353266616435945,-0.6499327931731823,-0.5,-1.1499327931731824,-1.1499327931731824,-0.84,0.10637897998094559,-0.30993279317318245,-6.1986558634636495,-5.008984478797028,0.3975452560704527,0.3960462654369689,-3.9604626543696893,1664.1681029966303,1649,-0.44999999999999996,-0.44999999999999996,5,0,bbox fill,False,,True,,1500,1554,1649,1497,2000,2000,1000,1000
964,589242355012049,19.27997944597155,commit_complete,tracking,0,127693,4238501332822,589242.338448296,0.016563753015361726,True,True,0.0,258,379,76,83,-0.075,-0.7520833333333333,0.17291666666666666,79.42291860665912,4.370997932591861,0.005829294537852192,,0.2151941133721674,0.2151941133721674,4.646967262857001,4.630403509841639,0.016563753015361726,0.0,1.4,339.0,0.07584291801322252,3.71,-3.21,3.21,0.3115264797507788,-10.0,-6.476498895931481,-6.476498895931481,-0.693244118612415,-0.5,-1.193244118612415,-1.159906680178072,-0.84,0.12632675399072468,-0.319906680178072,-6.3981336035614405,-5.02812875727826,0.3975452560704527,0.3960462654369689,-3.9604626543696893,1664.3867250152093,1649,-0.44999999999999996,-0.44999999999999996,5,0,bbox fill,False,,True,,1500,1554,1649,1497,2000,2000,1000,1000
965,589242375036853,19.30000425002072,commit_complete,tracking,0,127694,4238534231581,589242.371867581,0.0031692719785496593,True,True,0.0,258,380,76,83,-0.075,-0.75625,0.17291666666666666,79.42291860665912,4.376998658824569,-0.003402591974006164,,0.20704889550708924,0.20704889550708924,4.829777031898055,4.826607759919505,0.0031692719785496593,0.0,1.4,339.0,0.09586772206239402,3.68,-3.18,3.18,0.31446540880503143,-10.0,-6.480246364484945,-6.480246364484945,-0.6588478198719495,-0.5,-1.1588478198719496,-1.1588478198719496,-0.75,0.015853120014071465,-0.4088478198719496,-8.176956397438992,-5.052690049714861,0.6896634270993313,0.4547696977694414,-4.547696977694414,1663.7773434248484,1646,-0.44999999999999996,-0.44999999999999996,5,0,bbox fill,False,,True,,1500,1554,1646,1497,2000,2000,1000,1000
966,589242394957298,19.319924694951624,commit_complete,tracking,0,127694,4238534231581,589242.371867581,0.023089716909453273,False,True,0.0,258,380,76,83,-0.075,-0.75625,0.17291666666666666,,4.376998658824569,,duplicate frame,0.20704889550708924,0.20704889550708924,4.829777031898055,4.806687314988602,0.023089716909453273,0.0,1.3,339.0,0.005488163908012211,3.68,-3.18,3.18,0.31446540880503143,-10.0,-6.478153429292647,-6.478153429292647,-0.6615782953228239,-0.5,-1.161578295322824,-1.161578295322824,-0.75,0.03577356494497508,-0.411578295322824,-8.23156590645648,-5.077286518015061,0.6896634270993313,0.4547696977694414,-4.547696977694414,1663.856549402166,1646,-0.44999999999999996,-0.44999999999999996,5,0,bbox fill,False,,True,,1500,1554,1646,1497,2000,2000,1000,1000
967,589242415032462,19.33999985898845,commit_complete,tracking,0,127695,4238567272021,589242.405350716,0.009681746014393866,True,True,0.0,258,380,76,84,-0.075,-0.7583333333333333,0.175,79.89993742175271,4.382826622552402,-0.003156235365508131,,0.19950782058222594,0.19950782058222594,5.012334840216733,5.002653094202339,0.009681746014393866,0.0,1.3,339.0,0.02556332794483751,3.68,-3.18,3.18,0.31446540880503143,-10.0,-6.485214401038319,-6.485214401038319,-0.6356627053923362,-0.5,-1.135662705392336,-1.1515407133044113,-0.75,0.05584872898180038,-0.4015407133044113,-8.030814266088226,-5.101469505076211,0.6896634270993313,0.4547696977694414,-4.547696977694414,1664.679980748859,1647,-0.44999999999999996,-0.44999999999999996,5,0,bbox fill,False,,True,,1500,1554,1647,1497,2000,2000,1000,1000
968,589242435030357,19.359997753985226,commit_complete,tracking,0,127695,4238567272021,589242.405350716,0.029679641011171043,False,True,0.0,258,380,76,84,-0.075,-0.7583333333333333,0.175,,4.382826622552402,,duplicate frame,0.19950782058222594,0.19950782058222594,5.012334840216733,4.982655199205562,0.029679641011171043,0.0,1.3,339.0,0.04556122294161469,3.68,-3.18,3.18,0.31446540880503143,-10.0,-6.483275570674467,-6.483275570674467,-0.6382139387262883,-0.5,-1.1382139387262882,-1.1415417658060227,-0.75,0.07584662397857755,-0.39154176580602273,-7.830835316120455,-5.124959538434536,0.6896634270993313,0.4547696977694414,-4.547696977694414,1664.5034918322494,1647,-0.44999999999999996,-0.44999999999999996,5,0,bbox fill,False,,True,,1500,1554,1647,1497,2000,2000,1000,1000
969,589242455016976,19.37998437299393,commit_complete,tracking,0,127696,4238600369341,589242.43873054,0.01628643600270152,True,True,0.0,258,381,77,84,-0.0734375,-0.7625,0.175,80.4238770515324,4.388724891642741,-0.0021750481449878123,,0.19429497549623936,0.19429497549623936,5.146813485248131,5.13052704924543,0.01628643600270152,0.0,1.3,339.0,0.06554784195031971,3.68,-3.18,3.18,0.31446540880503143,-10.0,-6.471439942250001,-6.471439942250001,-0.6198193615347369,-0.5,-1.119819361534737,-1.1315484563016702,-0.75,0.09583324298728257,-0.3815484563016702,-7.6309691260334045,-5.147837129322919,0.6896634270993313,0.4547696977694414,-4.547696977694414,1664.3265032330507,1647,-0.43437500000000007,-0.43437500000000007,5,0,bbox fill,False,,True,,1500,1554,1647,1497,2000,2000,1000,1000
970,589242474993362,19.399960758979432,commit_complete,tracking,0,127697,4238633348226,589242.472301077,0.002692284993827343,True,True,0.0,257,381,78,84,-0.075,-0.7625,0.175,80.94442537939224,4.394727845366806,-0.001484665539005725,,0.19075695514403712,0.19075695514403712,5.242272813826988,5.2395805288331605,0.002692284993827343,0.0,1.3,339.0,0.08552422793582082,3.68,-3.18,3.18,0.31446540880503143,-10.0,-6.481074785200937,-6.481074785200937,-0.6069188139204298,-0.5,-1.1069188139204298,-1.1215602633089197,-0.75,0.11580962897278368,-0.37156026330891967,-7.431205266178393,-5.170104423033119,0.6896634270993313,0.4547696977694414,-4.547696977694414,1664.149006666906,1647,-0.44999999999999996,-0.44999999999999996,5,0,bbox fill,False,,True,,1500,1554,1647,1497,2000,2000,1000,1000
971,589242495025979,19.419993376010098,commit_complete,tracking,0,127697,4238633348226,589242.472301077,0.02272490202449262,False,True,0.0,257,381,78,84,-0.075,-0.7625,0.175,,4.394727845366806,,duplicate frame,0.19075695514403712,0.19075695514403712,5.242272813826988,5.219547911802495,0.02272490202449262,0.0,1.3,339.0,0.014861784060485661,3.64,-3.14,3.14,0.3184713375796178,-10.0,-6.488849175930707,-6.488849175930707,-0.6015846684537179,-0.5,-1.101584668453718,-1.111543954793587,-0.7,0.004701253026723862,-0.4115439547935871,-8.230879095871742,-5.1948373303461155,0.38126903621108044,0.4400695654577692,-4.400695654577692,1663.8264120807955,1646,-0.44999999999999996,-0.44999999999999996,5,0,bbox fill,False,,True,,1500,1554,1646,1497,2000,2000,1000,1000
972,589242515014521,19.43998191796709,commit_complete,tracking,0,127698,4238666326497,589242.505798003,0.009216517908498645,True,True,0.0,257,381,78,85,-0.075,-0.7645833333333333,0.17708333333333334,81.42481194328913,4.400614465600746,-0.001437575401220137,,0.18732362422146143,0.18732362422146143,5.338354968072582,5.329138450164083,0.009216517908498645,0.0,1.3,339.0,0.03485032601747662,3.64,-3.14,3.14,0.3184713375796178,-10.0,-6.485064233328632,-6.485064233328632,-0.5892134402894562,-0.5,-1.0892134402894562,-1.1015496838150916,-0.7,0.02468979498371482,-0.4015496838150916,-8.030993676301833,-5.218916508454379,0.38126903621108044,0.4400695654577692,-4.400695654577692,1664.6506058393338,1647,-0.44999999999999996,-0.44999999999999996,5,0,bbox fill,False,,True,,1500,1554,1647,1497,2000,2000,1000,1000
973,589242535028881,19.459996278048493,commit_complete,tracking,0,127698,4238666326497,589242.505798003,0.029230877989903092,False,True,0.0,257,381,78,85,-0.075,-0.7645833333333333,0.17708333333333334,,4.400614465600746,,duplicate frame,0.18732362422146143,0.18732362422146143,5.338354968072582,5.309124090082679,0.029230877989903092,0.0,1.3,339.0,0.054864686098881066,3.64,-3.14,3.14,0.3184713375796178,-10.0,-6.4833989081989785,-6.4833989081989785,-0.5914346597898225,-0.5,-1.0914346597898223,-1.0915425037743893,-0.7,0.044704155065119267,-0.39154250377438937,-7.830850075487787,-5.242425926427525,0.38126903621108044,0.4400695654577692,-4.400695654577692,1664.473971656493,1647,-0.44999999999999996,-0.44999999999999996,5,0,bbox fill,False,,True,,1500,1554,1647,1497,2000,2000,1000,1000
974,589242555024039,19.47999143600464,commit_complete,tracking,0,127699,4238699854974,589242.539191353,0.015832685981877148,True,True,0.0,257,381,78,86,-0.075,-0.7666666666666667,0.17916666666666667,81.90238091777309,4.406400210326647,-0.0013417674693805282,,0.18410916991646925,0.18410916991646925,5.431559983968763,5.415727297986886,0.015832685981877148,0.0,1.3,339.0,0.07485984405502677,3.64,-3.14,3.14,0.3184713375796178,-10.0,-6.478922505802693,-6.478922505802693,-0.579792856476948,-0.5,-1.079792856476948,-1.0815449247963165,-0.7,0.06469931302126497,-0.3815449247963165,-7.63089849592633,-5.265313079543529,0.38126903621108044,0.4400695654577692,-4.400695654577692,1664.2969072300475,1647,-0.44999999999999996,-0.44999999999999996,5,0,bbox fill,False,,True,,1500,1554,1647,1497,2000,2000,1000,1000
975,589242575029941,19.49999733804725,commit_complete,tracking,0,127700,4238732861894,589242.572630228,0.002399713033810258,True,True,0.0,257,381,79,86,-0.0734375,-0.7666666666666667,0.17916666666666667,82.42572413997951,4.412325950024772,-0.0006590394838568159,,0.18253246738914913,0.18253246738914913,5.478477414475833,5.476077701442023,0.002399713033810258,0.0,1.3,339.0,0.0948657460976392,3.64,-3.14,3.14,0.3184713375796178,-10.0,-6.4836707229644635,-6.4836707229644635,-0.5734031128106784,-0.5,-1.0734031128106785,-1.0734031128106785,-0.7,0.0847052150638774,-0.3734031128106785,-7.46806225621357,-5.28772387783542,0.38126903621108044,0.4400695654577692,-4.400695654577692,1664.1564817886267,1647,-0.43437500000000007,-0.43437500000000007,5,0,bbox fill,False,,True,,1500,1554,1647,1497,2000,2000,1000,1000
976,589242595023350,19.5199907469796,commit_complete,tracking,0,127700,4238732861894,589242.572630228,0.022393121966160834,False,True,0.0,257,381,79,86,-0.0734375,-0.7666666666666667,0.17916666666666667,,4.412325950024772,,duplicate frame,0.18253246738914913,0.18253246738914913,5.478477414475833,5.456084292509672,0.022393121966160834,0.0,1.3,339.0,0.013973437948152423,3.64,-3.14,3.14,0.3184713375796178,-10.0,-6.482109327328831,-6.482109327328831,-0.5755043052232012,-0.5,-1.0755043052232012,-1.0755043052232012,-0.7,0.10469862399622798,-0.3755043052232012,-7.510086104464024,-5.310246711225977,0.38126903621108044,0.4400695654577692,-4.400695654577692,1664.2210284702676,1647,-0.43437500000000007,-0.43437500000000007,5,0,bbox fill,False,,True,,1500,1554,1647,1497,2000,2000,1000,1000
977,589242615024170,19.539991567027755,commit_complete,tracking,0,127701,4238766367321,589242.606112844,0.008911326061934233,True,True,0.0,256,381,80,87,-0.075,-0.76875,0.18125,83.42661445845684,4.420373031276463,0.00552976213502987,,0.19574472569750703,0.19574472569750703,5.108694481737118,5.099783155675183,0.008911326061934233,0.0,1.3,339.0,0.03397425799630582,3.64,-3.14,3.14,0.3184713375796178,-10.0,-6.439264315564513,-6.439264315564513,-0.6157124536767252,-0.5,-1.1157124536767253,-1.0855047152472779,-0.7,0.12469944404438138,-0.3855047152472779,-7.710094304945558,-5.333377942538103,0.38126903621108044,0.4400695654577692,-4.400695654577692,1664.4441679020613,1647,-0.44999999999999996,-0.44999999999999996,5,0,bbox fill,False,,True,,1500,1554,1647,1497,2000,2000,1000,1000
978,589242635007346,19.559974743053317,commit_complete,tracking,0,127701,4238766367321,589242.606112844,0.02889450208749622,False,True,0.0,256,381,80,87,-0.075,-0.76875,0.18125,,4.420373031276463,,duplicate frame,0.19574472569750703,0.19574472569750703,5.108694481737118,5.079799979649621,0.02889450208749622,0.0,1.3,339.0,0.05395743402186781,3.6,-3.1,3.1,0.3225806451612903,-10.0,-6.446983282062222,-6.446983282062222,-0.6102602489111829,-0.5,-1.110260248911183,-1.0954963032600589,-0.67,0.00353626802098006,-0.42549630326005883,-8.509926065201176,-5.358886245116918,0.21254534435004732,0.3945647212362248,-3.9456472123622484,1663.8144595226804,1646,-0.44999999999999996,-0.44999999999999996,5,0,bbox fill,False,,True,,1500,1554,1646,1497,2000,2000,1000,1000
979,589242655013290,19.579980687005445,commit_complete,tracking,0,127702,4238799143471,589242.63953543,0.015477859997190535,True,True,0.0,256,381,80,87,-0.075,-0.76875,0.18125,83.42661445845684,4.425883543871217,-0.002947949549207962,,0.18868854028931584,0.18868854028931584,5.2997389161350315,5.284261056137841,0.015477859997190535,0.0,1.3,339.0,0.0739633779739961,3.6,-3.1,3.1,0.3225806451612903,-10.0,-6.464597424651204,-6.464597424651204,-0.58664777668379,-0.5,-1.0866477766837899,-1.0866477766837899,-0.67,0.02354221197310835,-0.41664777668378983,-8.332955533675797,-5.383892541321262,0.21254534435004732,0.3945647212362248,-3.9456472123622484,1664.6624952873592,1647,-0.44999999999999996,-0.44999999999999996,5,0,bbox fill,False,,True,,1500,1554,1647,1497,2000,2000,1000,1000
980,589242675025504,19.599992900970392,commit_complete,tracking,0,127703,4238831665608,589242.673063608,0.001961895963177085,True,True,0.0,256,381,80,88,-0.075,-0.7708333333333334,0.18333333333333332,83.90470785361212,4.431325056045276,-0.0025282022603576593,,0.18265611643273508,0.18265611643273508,5.474768759623004,5.472806863659827,0.001961895963177085,-0.1,1.4,339.0,0.003132352023385465,3.6,-3.1,3.1,0.3225806451612903,-10.0,-6.46634365630761,-6.46634365630761,-0.5664369449220685,-0.5,-1.0664369449220685,-1.0766416697013166,-0.67,0.04355442593805492,-0.40664166970131654,-8.132833394026331,-5.40830594162464,0.21254534435004732,0.3945647212362248,-3.9456472123622484,1664.4867865480132,1647,-0.44999999999999996,-0.44999999999999996,5,0,bbox fill,False,,True,,1500,1554,1647,1497,2000,2000,1000,1000
981,589242695134940,19.62010233697947,commit_complete,tracking,0,127703,4238831665608,589242.673063608,0.022071331972256303,False,True,0.0,256,381,80,88,-0.075,-0.7708333333333334,0.18333333333333332,,4.431325056045276,,duplicate frame,0.18265611643273508,0.18265611643273508,5.474768759623004,5.452697427650747,0.022071331972256303,-0.1,1.4,339.0,0.023241788032464683,3.6,-3.1,3.1,0.3225806451612903,-10.0,-6.464799362901692,-6.464799362901692,-0.5685259527293469,-0.5,-1.068525952729347,-1.068525952729347,-0.67,0.06366386194713414,-0.3985259527293469,-7.970519054586937,-5.432348338057745,0.21254534435004732,0.3945647212362248,-3.9456472123622484,1664.348514605007,1647,-0.44999999999999996,-0.44999999999999996,5,0,bbox fill,False,,True,,1500,1554,1647,1497,2000,2000,1000,1000
982,589242715023454,19.639990851050243,commit_complete,tracking,0,127704,4238864939954,589242.706487417,0.008536037057638168,True,True,0.0,255,381,81,88,-0.0765625,-0.7708333333333334,0.18333333333333332,84.42748367682174,4.436892122075472,-0.0015371346156145549,,0.17897697952458325,0.17897697952458325,5.587310740500265,5.578774703442627,0.008536037057638168,-0.1,1.4,339.0,0.04313030210323632,3.6,-3.1,3.1,0.3225806451612903,-10.0,-6.474297491424593,-6.474297491424593,-0.5556775752365496,-0.5,-1.0556775752365497,-1.058581695693961,-0.67,0.08355237601790577,-0.38858169569396106,-7.771633913879221,-5.455533275625106,0.21254534435004732,0.3945647212362248,-3.9456472123622484,1664.1728144018666,1647,-0.46562500000000007,-0.46562500000000007,5,0,bbox fill,False,,True,,1500,1554,1647,1497,2000,2000,1000,1000
983,589242734999696,19.65996709302999,commit_complete,tracking,0,127704,4238864939954,589242.706487417,0.02851227903738618,False,True,0.0,255,381,81,88,-0.0765625,-0.7708333333333334,0.18333333333333332,,4.436892122075472,,duplicate frame,0.17897697952458325,0.17897697952458325,5.587310740500265,5.558798461462879,0.02851227903738618,-0.1,1.4,339.0,0.06310654408298433,3.6,-3.1,3.1,0.3225806451612903,-10.0,-6.472821290454701,-6.472821290454701,-0.5576744725485496,-0.5,-1.0576744725485496,-1.0576744725485496,-0.67,0.10352861799765378,-0.3876744725485496,-7.753489450970992,-5.4787661128441085,0.21254534435004732,0.3945647212362248,-3.9456472123622484,1664.1779027761775,1647,-0.46562500000000007,-0.46562500000000007,5,0,bbox fill,False,,True,,1500,1554,1647,1497,2000,2000,1000,1000
984,589242755031752,19.67999914905522,commit_complete,tracking,0,127705,4238897957165,589242.739945826,0.015085926046594977,True,True,0.0,255,381,81,89,-0.0765625,-0.7729166666666667,0.18541666666666667,84.90583018850944,4.4424122313603585,-0.0013376448585686873,,0.17577863292554874,0.17577863292554874,5.688973587725826,5.673887661679231,0.015085926046594977,-0.1,1.4,339.0,0.08313860010821372,3.6,-3.1,3.1,0.3225806451612903,-10.0,-6.467718258649643,-6.467718258649643,-0.5463625973663587,-0.5,-1.0463625973663588,-1.047658444535935,-0.67,0.12356067402288318,-0.3776584445359349,-7.553168890718698,-5.5014619382021435,0.21254534435004732,0.3945647212362248,-3.9456472123622484,1664.000278041283,1647,-0.46562500000000007,-0.46562500000000007,5,0,bbox fill,False,,True,,1500,1554,1647,1497,2000,2000,1000,1000
985,589242774994176,19.69996157300193,commit_complete,tracking,0,127706,4238931598381,589242.773357264,0.0016369119985029101,True,True,0.0,254,381,82,90,-0.078125,-0.775,0.1875,85.90692637965812,4.450027971944896,0.004979210542097157,,0.1877008029150524,0.1877008029150524,5.327627716395914,5.325990804397411,0.0016369119985029101,-0.1,1.4,339.0,0.10310102405492216,3.6,-3.1,3.1,0.3225806451612903,-10.0,-6.428349845390022,-6.428349845390022,-0.5820513241293022,-0.5,-1.0820513241293022,-1.0576396565092891,-0.67,0.14352309796959162,-0.3876396565092891,-7.752793130185783,-5.524676619687528,0.21254534435004732,0.3945647212362248,-3.9456472123622484,1664.2231169622355,1647,-0.48125,-0.48125,5,0,bbox fill,False,,True,,1500,1554,1647,1496,2000,2000,1000,1000
986,589242795036816,19.720004213042557,commit_complete,tracking,0,127706,4238931598381,589242.773357264,0.021679552039131522,False,True,0.0,254,381,82,90,-0.078125,-0.775,0.1875,,4.450027971944896,,duplicate frame,0.1877008029150524,0.1877008029150524,5.327627716395914,5.305948164356782,0.021679552039131522,0.0,1.3,339.0,0.0022402640897780657,3.6,-3.1,3.1,0.3225806451612903,-10.0,-6.42675406167163,-6.42675406167163,-0.5842499594746418,-0.5,-1.0842499594746418,-1.0676609765296035,-0.67,0.16356573801022023,-0.3976609765296034,-7.953219530592069,-5.548587147119892,0.21254534435004732,0.3945647212362248,-3.9456472123622484,1664.4474538900743,1647,-0.48125,-0.48125,5,0,bbox fill,False,,True,,1500,1554,1647,1496,2000,2000,1000,1000
987,589242815020436,19.73998783295974,commit_complete,tracking,0,127707,4238965118777,589242.806842247,0.008178188931196928,True,True,0.0,254,381,83,91,-0.0765625,-0.7770833333333333,0.18958333333333333,86.90799733051038,4.459301054598654,0.008536927012416484,,0.2080966370858806,0.2080966370858806,4.805459684518132,4.797281495586935,0.008178188931196928,0.0,1.3,339.0,0.02222388400696218,3.54,-3.04,3.04,0.32894736842105265,-10.0,-6.383188950027261,-6.383188950027261,-0.6336922281497396,-0.5,-1.1336922281497395,-1.0776527864881955,-0.65,0.0019765269244089723,-0.4276527864881955,-8.55305572976391,-5.574225299345006,0.11014863781944383,0.3376815045528686,-3.3768150455286863,1664.5040960746376,1647,-0.46562500000000007,-0.46562500000000007,5,0,bbox fill,False,,True,,1500,1553,1647,1497,2000,2000,1000,1000
988,589242835030704,19.759998101042584,commit_complete,tracking,0,127707,4238965118777,589242.806842247,0.02818845701403916,False,True,0.0,254,381,83,91,-0.0765625,-0.7770833333333333,0.18958333333333333,,4.459301054598654,,duplicate frame,0.2080966370858806,0.2080966370858806,4.805459684518132,4.777271227504093,0.02818845701403916,0.0,1.3,339.0,0.04223415208980441,3.54,-3.04,3.04,0.32894736842105265,-10.0,-6.381242602688266,-6.381242602688266,-0.6363465365955916,-0.5,-1.1363465365955916,-1.0876579205296166,-0.65,0.021986795007251203,-0.4376579205296166,-8.753158410592333,-5.600498256300137,0.11014863781944383,0.3376815045528686,-3.3768150455286863,1663.7304717124211,1646,-0.46562500000000007,-0.46562500000000007,5,0,bbox fill,False,,True,,1500,1553,1646,1497,2000,2000,1000,1000
989,589242855013885,19.77998128195759,commit_complete,tracking,0,127708,4238998291395,589242.840303817,0.014710068004205823,True,True,0.0,253,381,84,92,-0.078125,-0.7791666666666667,0.19166666666666668,87.90904390334364,4.4697777323827195,0.010038393174550464,,0.23209645107452165,0.23209645107452165,4.308553600756779,4.2938435327525735,0.014710068004205823,0.0,1.3,339.0,0.062217333004809916,3.54,-3.04,3.04,0.32894736842105265,-10.0,-6.3162898684702675,-6.3162898684702675,-0.7079903999322501,-0.5,-1.20799039993225,-1.0976495109871194,-0.65,0.04196997592225671,-0.44764951098711936,-8.952990219742388,-5.627334639793845,0.11014863781944383,0.3376815045528686,-3.3768150455286863,1663.9571399050649,1646,-0.48125,-0.48125,5,0,bbox fill,False,,True,,1500,1553,1646,1496,2000,2000,1000,1000
990,589242874994460,19.79996185703203,commit_complete,tracking,0,127709,4239031493649,589242.873808659,0.0011858009966090322,True,True,0.0,253,382,84,92,-0.078125,-0.7833333333333333,0.19166666666666668,87.90904390334364,4.477116097541614,-0.0012513993775957744,,0.22910846653298786,0.22910846653298786,4.364744852657012,4.363559051660403,0.0011858009966090322,0.0,1.3,339.0,0.08219790807925165,3.54,-3.04,3.04,0.32894736842105265,-10.0,-6.2995160564998915,-6.2995160564998915,-0.6966790099570744,-0.5,-1.1966790099570743,-1.1076397985243402,-0.65,0.06195055099669844,-0.4576397985243402,-9.152795970486805,-5.654766358848248,0.11014863781944383,0.3376815045528686,-3.3768150455286863,1664.1843773748637,1646,-0.48125,-0.48125,5,0,bbox fill,False,,True,,1500,1552,1646,1496,2000,2000,1000,1000
991,589242895039560,19.820006957044825,commit_complete,tracking,0,127709,4239031493649,589242.873808659,0.02123090100940317,False,True,0.0,253,382,84,92,-0.078125,-0.7833333333333333,0.19166666666666668,,4.477116097541614,,duplicate frame,0.22910846653298786,0.22910846653298786,4.364744852657012,4.3435139516476085,0.02123090100940317,0.0,1.3,339.0,0.10224300809204578,3.54,-3.04,3.04,0.32894736842105265,-10.0,-6.297224564998249,-6.297224564998249,-0.6998941488024572,-0.5,-1.199894148802457,-1.1176623485307373,-0.65,0.08199565100949258,-0.4676623485307373,-9.353246970614746,-5.682889374493799,0.11014863781944383,0.3376815045528686,-3.3768150455286863,1664.4129513906373,1646,-0.48125,-0.48125,5,0,bbox fill,False,,True,,1500,1552,1646,1496,2000,2000,1000,1000
992,589242915022364,19.83998976100702,commit_complete,tracking,0,127710,4239064627290,589242.907221732,0.007800632040016353,True,True,0.0,252,382,85,93,-0.0796875,-0.7854166666666667,0.19375,88.91006692158093,4.4857702362256555,0.0028540593786630097,,0.23594186227484554,0.23594186227484554,4.238332233027445,4.230531600987429,0.007800632040016353,0.0,1.2,339.0,0.0010908979456871748,3.54,-3.04,3.04,0.32894736842105265,-10.0,-6.271557435687562,-6.271557435687562,-0.7185858153832128,-0.5,-1.2185858153832128,-1.127653750511834,-0.65,0.101978454971686,-0.477653750511834,-9.55307501023668,-5.711523958268653,0.11014863781944383,0.3376815045528686,-3.3768150455286863,1663.6414140140341,1645,-0.49687499999999996,-0.49687499999999996,5,0,bbox fill,False,,True,,1500,1552,1645,1496,2000,2000,1000,1000
993,589242935034831,19.860002228058875,commit_complete,tracking,0,127710,4239064627290,589242.907221732,0.027813099091872573,False,True,0.0,252,382,85,93,-0.0796875,-0.7854166666666667,0.19375,,4.4857702362256555,,duplicate frame,0.23594186227484554,0.23594186227484554,4.238332233027445,4.2105191339355725,0.027813099091872573,0.0,1.2,339.0,0.021103364997543395,3.54,-3.04,3.04,0.32894736842105265,-10.0,-6.269146608788505,-6.269146608788505,-0.7220012315104983,-0.5,-1.2220012315104984,-1.1376599840377621,-0.65,0.12199092202354223,-0.4876599840377621,-9.753199680755243,-5.740801796357846,0.11014863781944383,0.3376815045528686,-3.3768150455286863,1663.8708165226417,1645,-0.49687499999999996,-0.49687499999999996,5,0,bbox fill,False,,True,,1500,1552,1645,1496,2000,2000,1000,1000
994,589242955025826,19.879993223003112,commit_complete,tracking,0,127711,4239095401537,589242.940677773,0.014348053024150431,True,True,0.0,252,382,85,93,-0.0796875,-0.7854166666666667,0.19375,88.91006692158093,4.49155042713776,-0.006038542024574767,,0.221502515975823,0.221502515975823,4.514621405515547,4.500273352491397,0.014348053024150431,0.0,1.2,339.0,0.04109435994178057,3.54,-3.04,3.04,0.32894736842105265,-10.0,-6.301960007490364,-6.301960007490364,-0.6755145214272429,-0.5,-1.1755145214272429,-1.1476554815098807,-0.65,0.1419819169677794,-0.4976554815098807,-9.953109630197615,-5.7706476810023535,0.11014863781944383,0.3376815045528686,-3.3768150455286863,1664.1005723567287,1645,-0.49687499999999996,-0.49687499999999996,5,0,bbox fill,False,,True,,1500,1553,1645,1496,2000,2000,1000,1000
995,589242974992188,19.899959585047327,commit_complete,tracking,0,127712,4239128656586,589242.974187126,0.0008050620090216398,True,True,0.0,251,382,86,94,-0.08125,-0.7875,0.19583333333333333,89.91106717195609,4.498919705288547,-0.00015179388737074362,,0.2211401242886975,0.2211401242886975,4.52201970681044,4.521214644801418,0.0008050620090216398,0.0,1.2,339.0,0.06106072198599577,3.54,-3.04,3.04,0.32894736842105265,-10.0,-6.291506717823734,-6.291506717823734,-0.6723856836780471,-0.5,-1.172385683678047,-1.1576386625319883,-0.65,0.1619482790119946,-0.5076386625319883,-10.152773250639767,-5.801054772973618,0.11014863781944383,0.3376815045528686,-3.3768150455286863,1664.330643069142,1645,-0.5125000000000001,-0.5125000000000001,5,0,bbox fill,False,,True,,1500,1552,1645,1496,2000,2000,1000,1000
996,589242994994192,19.919961589039303,commit_complete,tracking,0,127712,4239128656586,589242.974187126,0.02080706600099802,False,True,0.0,251,382,86,94,-0.08125,-0.7875,0.19583333333333333,,4.498919705288547,,duplicate frame,0.2211401242886975,0.2211401242886975,4.52201970681044,4.501212640809442,0.02080706600099802,0.0,1.2,339.0,0.08106272597797215,3.49,-2.99,2.99,0.33444816053511706,-10.0,-6.301107337063318,-6.301107337063318,-0.6642654410262022,-0.5,-1.164265441026202,-1.164265441026202,-0.66,0.0004217600217089057,-0.5042654410262021,-10.085308820524041,-5.831313731066883,-0.05508776161296234,0.2591276513197024,-2.591276513197024,1664.507899064788,1646,-0.5125000000000001,-0.5125000000000001,5,0,bbox fill,False,,True,,1500,1553,1646,1496,2000,2000,1000,1000
997,589243015024044,19.939991440973245,commit_complete,tracking,0,127713,4239161629538,589243.007590747,0.007433296996168792,True,True,0.0,251,382,86,95,-0.08125,-0.7895833333333333,0.19791666666666666,90.38805230781334,4.5055385138879736,-0.002194492247614477,,0.21588442520951798,0.21588442520951798,4.632108124657395,4.624674827661226,0.007433296996168792,0.0,1.2,339.0,0.1010925779119134,3.49,-2.99,2.99,0.33444816053511706,-10.0,-6.300831060494909,-6.300831060494909,-0.6465319425521842,-0.5,-1.1465319425521843,-1.1542505150592315,-0.66,0.02045161195565015,-0.49425051505923145,-9.885010301184629,-5.861013024971615,-0.05508776161296234,0.2591276513197024,-2.591276513197024,1664.3372998393534,1646,-0.5125000000000001,-0.5125000000000001,5,0,bbox fill,False,,True,,1500,1553,1646,1496,2000,2000,1000,1000
998,589243034995898,19.959963295026682,commit_complete,tracking,0,127713,4239161629538,589243.007590747,0.027405151049606502,False,True,0.0,251,382,86,95,-0.08125,-0.7895833333333333,0.19791666666666666,,4.5055385138879736,,duplicate frame,0.21588442520951798,0.21588442520951798,4.632108124657395,4.604702973607789,0.027405151049606502,0.0,1.2,339.0,0.1210644319653511,3.49,-2.99,2.99,0.33444816053511706,-10.0,-6.298857657890407,-6.298857657890407,-0.6493361281145421,-0.5,-1.149336128114542,-1.149336128114542,-0.66,0.04042346600908786,-0.48933612811454197,-9.786722562290839,-5.890331874172949,-0.05508776161296234,0.2591276513197024,-2.591276513197024,1664.2683309496608,1646,-0.5125000000000001,-0.5125000000000001,5,0,bbox fill,False,,True,,1500,1552,1646,1496,2000,2000,1000,1000
999,589243055090606,19.98005800298415,commit_complete,tracking,0,127714,4239195109022,589243.041094861,0.013995744986459613,True,True,0.0,250,382,87,95,-0.0828125,-0.7895833333333333,0.19791666666666666,90.91204540653565,4.511763871480202,-0.0028790251579060566,,0.20900998547681046,0.20900998547681046,4.784460406131885,4.770464661145425,0.013995744986459613,0.0,1.2,339.0,0.14115913992282003,3.49,-2.99,2.99,0.33444816053511706,-10.0,-6.314735884345366,-6.314735884345366,-0.6267733255322089,-0.5,-1.1267733255322088,-1.1392887741358075,-0.66,0.06051817396655679,-0.4792887741358075,-9.58577548271615,-5.919225378003606,-0.05508776161296234,0.2591276513197024,-2.591276513197024,1664.0962773739168,1646,-0.528125,-0.528125,5,0,bbox fill,False,,True,,1500,1553,1646,1496,2000,2000,1000,1000
1000,589243075035434,20.000002830987796,commit_complete,tracking,0,127715,4239228162403,589243.074541078,0.0004943560343235731,True,True,0.0,249,382,88,98,-0.084375,-0.7958333333333333,0.20416666666666666,,4.511763871480202,,bbox clipped,0.20900998547681046,0.20900998547681046,4.784460406131885,4.75051983314178,0.033940572990104556,0.0,1.2,339.0,0.01961180695798248,3.49,-2.99,2.99,0.33444816053511706,-10.0,-6.273887467254401,-6.273887467254401,-0.6294048030576369,-1.14875,-1.7781548030576368,-1.14926118813763,-0.66,0.08046300197020173,-0.48926118813763,-9.785223762752599,-5.948500068742399,-0.05508776161296234,0.2591276513197024,-2.591276513197024,1664.325000344692,1646,-0.5437500000000001,-0.5437500000000001,5,0,bbox fill,False,,True,,1500,1552,1646,1496,2000,2000,1000,1000
1001,589243094970654,20.0199380510021,commit_complete,tracking,0,127715,4239228162403,589243.074541078,0.020429576048627496,False,True,0.0,249,382,88,98,-0.084375,-0.7958333333333333,0.20416666666666666,,4.511763871480202,,duplicate frame,0.20900998547681046,0.20900998547681046,4.784460406131885,4.730584613127476,0.05387579300440848,0.0,1.2,339.0,0.0395470269722864,3.49,-2.99,2.99,0.33444816053511706,-10.0,-6.272076336017557,-6.272076336017557,-0.6320571862730633,-0.5,-1.1320571862730633,-1.139293578130478,-0.66,0.10039822198450565,-0.479293578130478,-9.58587156260956,-5.9771645375368205,-0.05508776161296234,0.2591276513197024,-2.591276513197024,1664.1543126133433,1646,-0.5437500000000001,-0.5437500000000001,5,0,bbox fill,False,,True,,1500,1552,1646,1496,2000,2000,1000,1000
1002,589243114990183,20.03995758004021,commit_complete,tracking,0,127716,4239262091813,589243.107999112,0.00699107104446739,True,True,0.0,249,381,88,99,-0.084375,-0.79375,0.20625,,4.511763871480202,,bbox clipped,0.20900998547681046,0.20900998547681046,4.784460406131885,4.710565084089367,0.07389532204251736,0.0,1.2,339.0,0.05956655601039529,3.49,-2.99,2.99,0.33444816053511706,-10.0,-6.2832037726235725,-6.2832037726235725,-0.6347433793238881,-1.145625,-1.780368379323888,-1.1493033426495325,-0.66,0.12041775102261454,-0.48930334264953246,-9.786066852990649,-6.006551404966669,-0.05508776161296234,0.2591276513197024,-2.591276513197024,1664.3838947711542,1646,-0.5437500000000001,-0.5437500000000001,5,0,bbox fill,False,,True,,1500,1552,1646,1496,2000,2000,1000,1000
1003,589243135019858,20.05998725502286,commit_complete,tracking,0,127716,4239262091813,589243.107999112,0.027020746027119458,False,True,0.0,249,381,88,99,-0.084375,-0.79375,0.20625,,4.511763871480202,,duplicate frame,0.20900998547681046,0.20900998547681046,4.784460406131885,4.690535409106715,0.09392499702516943,0.0,1.2,339.0,0.07959623099304736,3.49,-2.99,2.99,0.33444816053511706,-10.0,-6.281334070454407,-6.281334070454407,-0.6374538808927631,-0.5,-1.137453880892763,-1.1392885051582065,-0.66,0.1404474260052666,-0.4792885051582064,-9.585770103164128,-6.035351383910389,-0.05508776161296234,0.2591276513197024,-2.591276513197024,1664.2123980002716,1646,-0.5437500000000001,-0.5437500000000001,5,0,bbox fill,False,,True,,1500,1552,1646,1496,2000,2000,1000,1000
1004,589243155031936,20.07999933301471,commit_complete,tracking,0,127717,4239293725520,589243.141453013,0.01357892295345664,True,True,0.0,248,381,89,99,-0.0859375,-0.79375,0.20625,,4.511763871480202,,bbox clipped,0.20900998547681046,0.20900998547681046,4.784460406131885,4.670523331114865,0.1139370750170201,0.0,1.2,339.0,0.09960830898489803,3.49,-2.99,2.99,0.33444816053511706,-10.0,-6.279449995487541,-6.279449995487541,-0.6401852186629117,-1.145625,-1.7858102186629115,-1.1492945441541318,-0.66,0.16045950399711728,-0.48929454415413176,-9.785890883082635,-6.0647267856461875,-0.05508776161296234,0.2591276513197024,-2.591276513197024,1664.4418941819258,1646,-0.559375,-0.559375,5,0,bbox fill,False,,True,,1500,1552,1646,1496,2000,2000,1000,1000
1005,589243174992581,20.099959978018887,commit_complete,tracking,0,127718,4239326639332,589243.174881256,0.00011132506188005209,True,True,0.0,248,380,89,100,-0.0859375,-0.7916666666666666,0.20833333333333334,,4.511763871480202,,bbox clipped,0.20900998547681046,0.20900998547681046,4.784460406131885,4.650562686110689,0.1338977200211957,0.0,1.2,339.0,0.11956895398907363,3.42,-2.92,2.92,0.3424657534246575,-10.0,-6.3071625208554165,-6.3071625208554165,-0.6278810107690483,-1.1424999999999998,-1.7703810107690483,-1.1592748666562196,-0.73,0.008737551048398018,-0.4292748666562196,-8.585497333124392,-6.090432595313806,-0.4077291515544638,0.12575629074486916,-1.2575629074486916,1663.933492835887,1648,-0.559375,-0.559375,5,0,bbox fill,False,,True,,1500,1553,1648,1496,2000,2000,1000,1000
1006,589243195024271,20.119991668034345,commit_complete,tracking,0,127718,4239326639332,589243.174881256,0.020143015077337623,False,True,0.0,248,380,89,100,-0.0859375,-0.7916666666666666,0.20833333333333334,,4.511763871480202,,duplicate frame,0.20900998547681046,0.20900998547681046,4.784460406131885,4.630530996095231,0.15392941003665328,0.0,1.3,339.0,0.008554185973480344,3.42,-2.92,2.92,0.3424657534246575,-10.0,-6.305224582067355,-6.305224582067355,-0.6305972257743953,-0.5,-1.1305972257743953,-1.1492590216484908,-0.73,0.02876924106385559,-0.4192590216484908,-8.385180432969817,-6.115627995587346,-0.4077291515544638,0.12575629074486916,-1.2575629074486916,1663.758371336006,1648,-0.559375,-0.559375,5,0,bbox fill,False,,True,,1500,1553,1648,1496,2000,2000,1000,1000
1007,589243215029326,20.139996723039076,commit_complete,tracking,0,127719,4239359985520,589243.208324379,0.006704946979880333,True,True,0.0,247,380,90,100,-0.0875,-0.7916666666666666,0.20833333333333334,,4.511763871480202,,bbox clipped,0.20900998547681046,0.20900998547681046,4.784460406131885,4.610525941090501,0.1739344650413841,0.0,1.3,339.0,0.028559240978211164,3.42,-2.92,2.92,0.3424657534246575,-10.0,-6.303272413809544,-6.303272413809544,-0.6333333848045435,-1.1424999999999998,-1.7758333848045433,-1.1592615491508562,-0.73,0.04877429606858641,-0.42926154915085624,-8.585230983017125,-6.141390198293882,-0.4077291515544638,0.12575629074486916,-1.2575629074486916,1663.9841840887598,1648,-0.575,-0.575,5,0,bbox fill,False,,True,,1500,1553,1648,1496,2000,2000,1000,1000
1008,589243235017673,20.159985070000403,commit_complete,tracking,0,127719,4239359985520,589243.208324379,0.02669329394120723,False,True,0.0,247,380,90,100,-0.0875,-0.7916666666666666,0.20833333333333334,,4.511763871480202,,duplicate frame,0.20900998547681046,0.20900998547681046,4.784460406131885,4.590537594129174,0.193922812002711,0.0,1.3,339.0,0.04854758793953806,3.42,-2.92,2.92,0.3424657534246575,-10.0,-6.301304882628436,-6.301304882628436,-0.6360910765079846,-0.5,-1.1360910765079846,-1.1492673756701928,-0.73,0.0687626430299133,-0.4192673756701928,-8.385347513403856,-6.166531583617265,-0.4077291515544638,0.12575629074486916,-1.2575629074486916,1663.8094420044697,1648,-0.575,-0.575,5,0,bbox fill,False,,True,,1500,1553,1648,1496,2000,2000,1000,1000
1009,589243254998067,20.17996546404902,commit_complete,tracking,0,127720,4239392421609,589243.241790125,0.013207942014560103,True,True,0.0,247,379,90,101,-0.0875,-0.7895833333333333,0.21041666666666667,,4.511763871480202,,bbox clipped,0.20900998547681046,0.20900998547681046,4.784460406131885,4.570557200080557,0.2139032060513273,0.0,1.3,339.0,0.06852798198815435,3.42,-2.92,2.92,0.3424657534246575,-10.0,-6.3123141447597915,-6.3123141447597915,-0.6388717769353229,-1.1393749999999998,-1.7782467769353227,-1.159257572694501,-0.73,0.0887430370785296,-0.42925757269450093,-8.585151453890019,-6.19226178996963,-0.4077291515544638,0.12575629074486916,-1.2575629074486916,1664.0349761513082,1648,-0.575,-0.575,5,0,bbox fill,False,,True,,1500,1553,1648,1496,2000,2000,1000,1000
1010,589243275026920,20.199994317023084,commit_complete,tracking,0,127720,4239392421609,589243.241790125,0.03323679498862475,False,True,0.0,247,379,90,101,-0.0875,-0.7895833333333333,0.21041666666666667,,4.511763871480202,,duplicate frame,0.20900998547681046,0.20900998547681046,4.784460406131885,4.550528347106493,0.23393205902539194,0.0,1.3,339.0,0.088556834962219,3.42,-2.92,2.92,0.3424657534246575,-10.0,-6.310287837770816,-6.310287837770816,-0.6416837292875489,-0.5,-1.141683729287549,-1.1492431462074686,-0.73,0.10877189005259424,-0.4192431462074686,-8.384862924149372,-6.217452667976952,-0.4077291515544638,0.12575629074486916,-1.2575629074486916,1663.859878499575,1648,-0.575,-0.575,5,0,bbox fill,False,,True,,1500,1553,1648,1496,2000,2000,1000,1000
1011,589243295017031,20.219984428025782,commit_complete,tracking,0,127721,4239425735372,589243.275324412,0.019692618981935084,True,True,0.0,246,379,91,101,-0.0890625,-0.7895833333333333,0.21041666666666667,,4.511763871480202,,bbox clipped,0.20900998547681046,0.20900998547681046,4.784460406131885,4.530538236103794,0.2539221700280905,0.0,1.3,339.0,0.10854694596491754,3.42,-2.92,2.92,0.3424657534246575,-10.0,-6.308247586213787,-6.308247586213787,-0.6445150328344129,-1.1393749999999998,-1.7838900328344127,-1.1592382017088179,-0.73,0.12876200105529279,-0.4292382017088179,-8.584764034176358,-6.243194225873226,-0.4077291515544638,0.12575629074486916,-1.2575629074486916,1664.0855211674982,1648,-0.5906250000000001,-0.5906250000000001,5,0,bbox fill,False,,True,,1500,1553,1648,1496,2000,2000,1000,1000
1012,589243314998760,20.239966157008894,commit_complete,tracking,0,127722,4239458399515,589243.308669771,0.006328989053145051,True,True,0.0,246,378,91,102,-0.0890625,-0.7875,0.2125,,4.511763871480202,,bbox clipped,0.20900998547681046,0.20900998547681046,4.784460406131885,4.510556507120683,0.27390389901120216,0.0,1.3,339.0,0.12852867494802922,3.42,-2.92,2.92,0.3424657534246575,-10.0,-6.319122692764356,-6.319122692764356,-0.6473702292367431,-1.13625,-1.7836202292367431,-1.1692290662003737,-0.73,0.14874373003840446,-0.4392290662003737,-8.784581324007474,-6.269523894360189,-0.4077291515544638,0.12575629074486916,-1.2575629074486916,1664.3116681258164,1648,-0.5906250000000001,-0.5906250000000001,5,0,bbox fill,False,,True,,1500,1553,1648,1496,2000,2000,1000,1000
1013,589243335015627,20.25998302397784,commit_complete,tracking,0,127722,4239458399515,589243.308669771,0.02634585602208972,False,True,0.0,246,378,91,102,-0.0890625,-0.7875,0.2125,,4.511763871480202,,duplicate frame,0.20900998547681046,0.20900998547681046,4.784460406131885,4.490539640151738,0.2939207659801468,0.0,1.3,339.0,0.017558349994942546,3.42,-2.92,2.92,0.3424657534246575,-10.0,-6.317022658528535,-6.317022658528535,-0.6502559233396126,-0.5,-1.1502559233396126,-1.1592206327159014,-0.73,0.16876059700734913,-0.4292206327159014,-8.584412654318028,-6.2952988512763906,-0.4077291515544638,0.12575629074486916,-1.2575629074486916,1664.137274413043,1648,-0.5906250000000001,-0.5906250000000001,5,0,bbox fill,False,,True,,1500,1553,1648,1496,2000,2000,1000,1000
1014,589243355149521,20.280116918031126,commit_complete,tracking,0,127723,4239491872805,589243.342136442,0.01301307906396687,True,True,0.0,245,378,92,102,-0.090625,-0.7875,0.2125,,4.511763871480202,,bbox clipped,0.20900998547681046,0.20900998547681046,4.784460406131885,4.47040574609845,0.31405466003343463,0.0,1.3,339.0,0.03769224404823035,3.42,-2.92,2.92,0.3424657534246575,-10.0,-6.314891374962263,-6.314891374962263,-0.653184557698914,-1.13625,-1.7894345576989141,-1.1692875797425453,-0.73,0.18889449106063694,-0.4392875797425453,-8.785751594850906,-6.321832560044776,-0.4077291515544638,0.12575629074486916,-1.2575629074486916,1664.3651470623445,1648,-0.60625,-0.60625,5,0,bbox fill,False,,True,,1500,1553,1648,1495,2000,2000,1000,1000
1015,589243375046308,20.300013705040328,commit_complete,tracking,0,127723,4239491872805,589243.342136442,0.032909866073168814,False,True,0.0,245,378,92,102,-0.090625,-0.7875,0.2125,,4.511763871480202,,duplicate frame,0.20900998547681046,0.20900998547681046,4.784460406131885,4.450508959089248,0.3339514470426366,0.0,1.3,339.0,0.057589031057432294,3.28,-2.78,2.78,0.3597122302158274,-10.0,-6.349415009313683,-6.349415009313683,-0.6246476584037478,-0.5,-1.124647658403748,-1.1593391862379443,-0.96,0.017108628060668707,-0.19933918623794433,-3.9867837247588866,-6.333731188038268,-1.1998999387216145,-0.13937495514842757,1.3937495514842757,1663.9267653613128,1655,-0.60625,-0.60625,5,0,bbox fill,False,,True,,1500,1553,1655,1495,2000,2000,1000,1000
1016,589243394995209,20.319962605950423,commit_complete,tracking,0,127724,4239524366627,589243.375513756,0.019481452996842563,True,True,0.0,245,378,92,102,-0.090625,-0.7875,0.2125,,4.511763871480202,,bbox clipped,0.20900998547681046,0.20900998547681046,4.784460406131885,4.430560058179154,0.35390034795273095,0.0,1.3,339.0,0.07753793196752667,3.28,-2.78,2.78,0.3597122302158274,-10.0,-6.347265152182181,-6.347265152182181,-0.6274601773804886,-1.13625,-1.7637101773804886,-1.1693136366929915,-0.96,0.03705752897076309,-0.20931363669299152,-4.1862727338598305,-6.346257919030828,-1.1998999387216145,-0.13937495514842757,1.3937495514842757,1664.1387811014065,1655,-0.60625,-0.60625,5,0,bbox fill,False,,True,,1500,1553,1655,1495,2000,2000,1000,1000
1017,589243415016238,20.339983634999953,commit_complete,tracking,0,127725,4239557913861,589243.409057036,0.005959201953373849,True,True,0.0,244,377,94,103,-0.090625,-0.7854166666666667,0.21458333333333332,,4.511763871480202,,bbox clipped,0.20900998547681046,0.20900998547681046,4.784460406131885,4.410539029129623,0.3739213770022616,0.0,1.3,339.0,0.0975589610170573,3.28,-2.78,2.78,0.3597122302158274,-10.0,-6.358275105638491,-6.358275105638491,-0.6303084456660177,-1.133125,-1.7634334456660177,-1.1793241512177568,-0.96,0.05707855802029371,-0.21932415121775684,-4.386483024355137,-6.359431204639211,-1.1998999387216145,-0.13937495514842757,1.3937495514842757,1664.35216467751,1655,-0.60625,-0.60625,5,0,bbox fill,False,,True,,1500,1553,1655,1495,2000,2000,1000,1000
1018,589243435025687,20.35999308398459,commit_complete,tracking,0,127725,4239557913861,589243.409057036,0.025968650938011706,False,True,0.0,244,377,94,103,-0.090625,-0.7854166666666667,0.21458333333333332,,4.511763871480202,,duplicate frame,0.20900998547681046,0.20900998547681046,4.784460406131885,4.390529580144985,0.39393082598689944,0.0,1.3,339.0,0.006551024969667196,3.28,-2.78,2.78,0.3597122302158274,-10.0,-6.356057815427532,-6.356057815427532,-0.6331810204791282,-0.5,-1.1331810204791282,-1.1693194267254379,-0.96,0.07708800700493157,-0.2093194267254379,-4.186388534508758,-6.37199630381088,-1.1998999387216145,-0.13937495514842757,1.3937495514842757,1664.1646352868354,1655,-0.60625,-0.60625,5,0,bbox fill,False,,True,,1500,1553,1655,1495,2000,2000,1000,1000
1019,589243455023000,20.379990397021174,commit_complete,tracking,0,127726,4239590463185,589243.442446755,0.012576245004311204,True,True,0.0,244,377,94,103,-0.090625,-0.7854166666666667,0.21458333333333332,,4.511763871480202,,bbox clipped,0.20900998547681046,0.20900998547681046,4.784460406131885,4.370532267108402,0.4139281390234828,0.0,1.3,339.0,0.02654833800625056,3.28,-2.78,2.78,0.3597122302158274,-10.0,-6.353821585815794,-6.353821585815794,-0.6360781319295195,-1.133125,-1.7692031319295194,-1.1793180832437296,-0.96,0.09708532004151493,-0.2193180832437296,-4.386361664874592,-6.385153620906505,-1.1998999387216145,-0.13937495514842757,1.3937495514842757,1664.3777657342969,1655,-0.60625,-0.60625,5,0,bbox fill,False,,True,,1500,1553,1655,1495,2000,2000,1000,1000
1020,589243474992249,20.399959646048956,commit_complete,tracking,0,127726,4239590463185,589243.442446755,0.03254549403209239,False,True,0.0,244,377,94,103,-0.090625,-0.7854166666666667,0.21458333333333332,,4.511763871480202,,duplicate frame,0.20900998547681046,0.20900998547681046,4.784460406131885,4.350563018080621,0.433897388051264,0.0,1.3,339.0,0.04651758703403175,3.28,-2.78,2.78,0.3597122302158274,-10.0,-6.351567980151745,-6.351567980151745,-0.6389977546461283,-0.5,-1.1389977546461283,-1.169333458729839,-0.96,0.11705456906929612,-0.209333458729839,-4.18666917459678,-6.397694316808174,-1.1998999387216145,-0.13937495514842757,1.3937495514842757,1664.1906139399207,1655,-0.60625,-0.60625,5,0,bbox fill,False,,True,,1500,1553,1655,1495,2000,2000,1000,1000
1021,589243494993155,20.419960552011617,commit_complete,tracking,0,127727,4239623735806,589243.475900562,0.019092592992819846,True,True,0.0,243,377,95,103,-0.0921875,-0.7854166666666667,0.21458333333333332,,4.511763871480202,,bbox clipped,0.20900998547681046,0.20900998547681046,4.784460406131885,4.33056211211796,0.4538982940139249,0.0,1.3,339.0,0.06651849299669266,3.28,-2.78,2.78,0.3597122302158274,-10.0,-6.3492899686132835,-6.3492899686132835,-0.6419489960023637,-1.133125,-1.7750739960023636,-1.1793339117111694,-0.96,0.13705547503195703,-0.21933391171116945,-4.386678234223389,-6.410854947635847,-1.1998999387216145,-0.13937495514842757,1.3937495514842757,1664.403783630375,1655,-0.6218750000000001,-0.6218750000000001,5,0,bbox fill,False,,True,,1500,1553,1655,1495,2000,2000,1000,1000
1022,589243515032059,20.439999456051737,commit_complete,tracking,0,127728,4239657984522,589243.509375115,0.00565694400575012,True,True,0.0,243,376,95,104,-0.0921875,-0.7833333333333333,0.21666666666666667,,4.511763871480202,,bbox clipped,0.20900998547681046,0.20900998547681046,4.784460406131885,4.310523208077839,0.47393719805404544,0.0,1.3,339.0,0.0865573970368132,3.28,-2.78,2.78,0.3597122302158274,-10.0,-6.360063967101858,-6.360063967101858,-0.6449333099031533,-1.13,-1.7749333099031532,-1.1893533637312297,-0.96,0.15709437907207757,-0.22935336373122972,-4.587067274624594,-6.424642917777113,-1.1998999387216145,-0.13937495514842757,1.3937495514842757,1663.6179606409173,1654,-0.6218750000000001,-0.6218750000000001,5,0,bbox fill,False,,True,,1500,1553,1654,1495,2000,2000,1000,1000
1023,589243535040473,20.46000786998775,commit_complete,tracking,0,127728,4239657984522,589243.509375115,0.025665357941761613,False,True,0.0,243,376,95,104,-0.0921875,-0.7833333333333333,0.21666666666666667,,4.511763871480202,,duplicate frame,0.20900998547681046,0.20900998547681046,4.784460406131885,4.290514794141828,0.49394561199005693,0.0,1.3,339.0,0.10656581097282469,3.18,-2.68,2.68,0.3731343283582089,-10.0,-6.386801137824864,-6.386801137824864,-0.6246336695212453,-0.5,-1.1246336695212453,-1.179349156763224,-1.13,0.005828617024235427,-0.049349156763224045,-0.9869831352644809,-6.427605112844849,-0.9925606065448312,-0.3100120854277083,3.1001208542770833,1664.3144673938323,1660,-0.6218750000000001,-0.6218750000000001,5,0,bbox fill,False,,True,,1500,1553,1660,1495,2000,2000,1000,1000
1024,589243554995368,20.47996276500635,commit_complete,tracking,0,127729,4239690024096,589243.542834123,0.012161244987510145,True,True,0.0,242,376,97,104,-0.0921875,-0.7833333333333333,0.21666666666666667,,4.511763871480202,,bbox clipped,0.20900998547681046,0.20900998547681046,4.784460406131885,4.270559899123228,0.5139005070086569,0.0,1.2,338.0,0.0055788770550861955,3.18,-2.68,2.68,0.3731343283582089,-10.0,-6.384441489250275,-6.384441489250275,-0.6275523732965835,-1.13,-1.7575523732965834,-1.189326604272524,-1.13,0.025783512042835355,-0.05932660427252401,-1.1865320854504802,-6.431156681325054,-0.9925606065448312,-0.3100120854277083,3.1001208542770833,1664.5175679124984,1660,-0.6218750000000001,-0.6218750000000001,5,0,bbox fill,False,,True,,1500,1553,1660,1495,2000,2000,1000,1000
1025,589243574983647,20.499951043981127,commit_complete,tracking,0,127729,4239690024096,589243.542834123,0.032149523962289095,False,True,0.0,242,376,97,104,-0.0921875,-0.7833333333333333,0.21666666666666667,,4.511763871480202,,duplicate frame,0.20900998547681046,0.20900998547681046,4.784460406131885,4.250571620148449,0.5338887859834358,0.0,1.2,338.0,0.025567156029865146,3.18,-2.68,2.68,0.3731343283582089,-10.0,-6.382055682031897,-6.382055682031897,-0.6305034333020844,-0.5,-1.1305034333020845,-1.1793324647851344,-1.13,0.045771791017614305,-0.04933246478513453,-0.9866492957026907,-6.43411489453097,-0.9925606065448312,-0.3100120854277083,3.1001208542770833,1664.3206433359567,1660,-0.6218750000000001,-0.6218750000000001,5,0,bbox fill,False,,True,,1500,1553,1660,1495,2000,2000,1000,1000
1026,589243595049608,20.520017005037516,commit_complete,tracking,0,127730,4239722794605,589243.576243687,0.01880592107772827,True,True,0.0,242,375,97,105,-0.0921875,-0.78125,0.21875,,4.511763871480202,,bbox clipped,0.20900998547681046,0.20900998547681046,4.784460406131885,4.23050565909206,0.5539547470398247,0.0,1.2,338.0,0.04563311708625406,3.18,-2.68,2.68,0.3731343283582089,-10.0,-6.392903675440566,-6.392903675440566,-0.6334940113459568,-1.126875,-1.760369011345957,-1.1893654453133289,-1.13,0.06583775207400322,-0.05936544531332899,-1.1873089062665798,-6.437688568672228,-0.9925606065448312,-0.3100120854277083,3.1001208542770833,1664.5248766206616,1660,-0.6218750000000001,-0.6218750000000001,5,0,bbox fill,False,,True,,1500,1553,1660,1495,2000,2000,1000,1000
1027,589243615039209,20.54000660602469,commit_complete,tracking,0,127731,4239756081865,589243.609707862,0.005331346997991204,True,True,0.0,241,374,98,106,-0.09375,-0.7791666666666667,0.22083333333333333,,4.511763871480202,,bbox clipped,0.20900998547681046,0.20900998547681046,4.784460406131885,4.210516058104886,0.5739443480269983,0.0,1.2,338.0,0.06562271807342768,3.18,-2.68,2.68,0.3731343283582089,-10.0,-6.403691197385072,-6.403691197385072,-0.6365015506451347,-1.12375,-1.7602515506451346,-1.1993602458069157,-1.13,0.08582735306117684,-0.0693602458069158,-1.387204916138316,-6.441848019586385,-0.9925606065448312,-0.3100120854277083,3.1001208542770833,1663.7289320814475,1659,-0.6375,-0.6375,5,0,bbox fill,False,,True,,1500,1553,1659,1495,2000,2000,1000,1000
1028,589243635048094,20.560015490977094,commit_complete,tracking,0,127731,4239756081865,589243.609707862,0.02534023195039481,False,True,0.0,241,374,98,106,-0.09375,-0.7791666666666667,0.22083333333333333,,4.511763871480202,,duplicate frame,0.20900998547681046,0.20900998547681046,4.784460406131885,4.190507173152483,0.593953232979402,0.0,1.2,338.0,0.08563160302583128,3.18,-2.68,2.68,0.3731343283582089,-10.0,-6.4011869017382015,-6.4011869017382015,-0.6395407260414875,-0.5,-1.1395407260414876,-1.189355803330714,-1.13,0.10583623801358044,-0.059355803330713997,-1.18711606661428,-6.44541094990669,-0.9925606065448312,-0.3100120854277083,3.1001208542770833,1664.532406162244,1660,-0.6375,-0.6375,5,0,bbox fill,False,,True,,1500,1553,1660,1495,2000,2000,1000,1000
1029,589243655080641,20.58004803804215,commit_complete,tracking,0,127732,4239788576913,589243.643182087,0.01189855404663831,True,True,0.0,241,374,99,106,-0.0921875,-0.7791666666666667,0.22083333333333333,,4.511763871480202,,bbox clipped,0.20900998547681046,0.20900998547681046,4.784460406131885,4.170474626087426,0.6139857800444588,0.0,1.2,338.0,0.10566415009088814,3.18,-2.68,2.68,0.3731343283582089,-10.0,-6.398655571960617,-6.398655571960617,-0.6426127096508125,-1.12375,-1.7663627096508125,-1.1993720768632423,-1.13,0.1258687850786373,-0.06937207686324243,-1.3874415372648485,-6.449580048090981,-0.9925606065448312,-0.3100120854277083,3.1001208542770833,1663.7369007310788,1659,-0.6218750000000001,-0.6218750000000001,5,0,bbox fill,False,,True,,1500,1553,1659,1495,2000,2000,1000,1000
1030,589243675037508,20.600004905019887,commit_complete,tracking,0,127732,4239788576913,589243.643182087,0.031855421024374664,False,True,0.0,241,374,99,106,-0.0921875,-0.7791666666666667,0.22083333333333333,,4.511763871480202,,duplicate frame,0.20900998547681046,0.20900998547681046,4.784460406131885,4.15051775910969,0.6339426470221952,0.0,1.2,338.0,0.1256210170686245,3.18,-2.68,2.68,0.3731343283582089,-10.0,-6.3961095084616755,-6.3961095084616755,-0.6457025738819814,-0.5,-1.1457025738819815,-1.1893936433743741,-1.13,0.14582565205637366,-0.05939364337437425,-1.187872867487485,-6.4531359812114175,-0.9925606065448312,-0.3100120854277083,3.1001208542770833,1664.5408879944218,1660,-0.6218750000000001,-0.6218750000000001,5,0,bbox fill,False,,True,,1500,1553,1660,1495,2000,2000,1000,1000
1031,589243695030203,20.61999759997707,commit_complete,tracking,0,127733,4239821371459,589243.676612463,0.01841774000786245,True,True,0.0,241,373,99,107,-0.0921875,-0.7770833333333333,0.22291666666666668,,4.511763871480202,,bbox clipped,0.20900998547681046,0.20900998547681046,4.784460406131885,4.130525064152508,0.653935341979377,0.0,1.3,338.0,0.00455729803070426,3.18,-2.68,2.68,0.3731343283582089,-10.0,-6.406680753997792,-6.406680753997792,-0.6488279234179825,-1.120625,-1.7694529234179823,-1.199389990852965,-1.13,0.16581834701355547,-0.06938999085296516,-1.387799817059303,-6.457297859972033,-0.9925606065448312,-0.3100120854277083,3.1001208542770833,1663.7449768227543,1659,-0.6218750000000001,-0.6218750000000001,5,0,bbox fill,False,,True,,1500,1553,1659,1495,2000,2000,1000,1000
1032,589243715031348,20.6399987450568,commit_complete,tracking,0,127734,4239854366724,589243.710086481,0.0049448671052232385,True,True,0.0,240,372,100,108,-0.09375,-0.775,0.225,,4.511763871480202,,bbox clipped,0.20900998547681046,0.20900998547681046,4.784460406131885,4.110523919072776,0.6739364870591089,0.0,1.3,338.0,0.0245584431104362,3.18,-2.68,2.68,0.3731343283582089,-10.0,-6.417176759597583,-6.417176759597583,-0.6519850152348795,-1.1175,-1.7694850152348796,-1.209390563392831,-1.13,0.1858194920932874,-0.07939056339283113,-1.5878112678566225,-6.462061566501178,-0.9925606065448312,-0.3100120854277083,3.1001208542770833,1663.9497519800807,1659,-0.6375,-0.6375,5,0,bbox fill,False,,True,,1500,1553,1659,1495,2000,2000,1000,1000
1033,589243735013926,20.659981323056854,commit_complete,tracking,0,127734,4239854366724,589243.710086481,0.024927445105277002,False,True,0.0,240,372,100,108,-0.09375,-0.775,0.225,,4.511763871480202,,duplicate frame,0.20900998547681046,0.20900998547681046,4.784460406131885,4.090541341072722,0.6939190650591627,0.0,1.3,338.0,0.044541021110489964,3.04,-2.54,2.54,0.39370078740157477,-10.0,-6.460777325286147,-6.460777325286147,-0.6209447083436391,-0.5,-1.120944708343639,-1.1993992743928041,-1.31,0.01420473400503397,0.11060072560719592,2.2120145121439183,-6.455431303622253,-0.9394702644353999,-0.43590372122924664,4.359037212292466,1663.8843795791859,1664,-0.6375,-0.6375,5,0,bbox fill,False,,True,,1500,1554,1664,1495,2000,2000,1000,1000
1034,589243755158439,20.680125836050138,commit_complete,tracking,0,127735,4239887380678,589243.743577098,0.011581341037526727,True,True,0.0,240,371,101,109,-0.0921875,-0.7729166666666667,0.22708333333333333,,4.511763871480202,,bbox clipped,0.20900998547681046,0.20900998547681046,4.784460406131885,4.0703968280794385,0.7140635780524462,0.0,1.3,338.0,0.06468553410377353,3.04,-2.54,2.54,0.39370078740157477,-10.0,-6.471555624802087,-6.471555624802087,-0.6240177818727479,-1.114375,-1.7383927818727478,-1.209471530889446,-1.31,0.03434924699831754,0.10052846911055413,2.0105693822110826,-6.4493560124656755,-0.9394702644353999,-0.43590372122924664,4.359037212292466,1664.0797494179621,1664,-0.6218750000000001,-0.6218750000000001,5,0,bbox fill,False,,True,,1500,1554,1664,1495,2000,2000,1000,1000
1035,589243775053913,20.700021310010925,commit_complete,tracking,0,127735,4239887380678,589243.743577098,0.031476814998313785,False,True,0.0,240,371,101,109,-0.0921875,-0.7729166666666667,0.22708333333333333,,4.511763871480202,,duplicate frame,0.20900998547681046,0.20900998547681046,4.784460406131885,4.050501354118651,0.7339590520132333,0.0,1.3,338.0,0.08458100806456059,3.04,-2.54,2.54,0.39370078740157477,-10.0,-6.468815350630624,-6.468815350630624,-0.6270828665239834,-0.5,-1.1270828665239834,-1.1995237939090524,-1.31,0.0542447209591046,0.11047620609094766,2.209524121818953,-6.442762083020969,-0.9394702644353999,-0.43590372122924664,4.359037212292466,1663.8742007489095,1664,-0.6218750000000001,-0.6218750000000001,5,0,bbox fill,False,,True,,1500,1554,1664,1495,2000,2000,1000,1000
1036,589243795027238,20.719994634971954,commit_complete,tracking,0,127736,4239920456006,589243.776990606,0.018036631983704865,True,True,0.0,239,370,102,110,-0.09375,-0.7708333333333334,0.22916666666666666,,4.511763871480202,,bbox clipped,0.20900998547681046,0.20900998547681046,4.784460406131885,4.030528029157622,0.7539323769742623,0.0,1.3,338.0,0.009332453948445618,3.04,-2.54,2.54,0.39370078740157477,-10.0,-6.479487023746287,-6.479487023746287,-0.6301903824077507,-1.11125,-1.7414403824077507,-1.209510456389567,-1.31,0.07421804592013359,0.10048954361043316,2.0097908722086633,-6.4367407520918185,-0.9394702644353999,-0.43590372122924664,4.359037212292466,1664.0679126675907,1664,-0.6375,-0.6375,5,0,bbox fill,False,,True,,1500,1554,1664,1495,2000,2000,1000,1000
1037,589243815008737,20.739976134034805,commit_complete,tracking,0,127737,4239953517978,589243.810468835,0.004539901972748339,True,True,0.0,239,369,103,111,-0.0921875,-0.76875,0.23125,,4.511763871480202,,bbox clipped,0.20900998547681046,0.20900998547681046,4.784460406131885,4.010546530094771,0.7739138760371134,0.0,1.3,338.0,0.02931395301129669,3.04,-2.54,2.54,0.39370078740157477,-10.0,-6.490078365585399,-6.490078365585399,-0.6333301411516047,-1.108125,-1.7414551411516048,-1.2195012059209924,-1.31,0.09419954498298466,0.09049879407900763,1.8099758815801525,-6.431315847384582,-0.9394702644353999,-0.43590372122924664,4.359037212292466,1664.262302753512,1664,-0.6218750000000001,-0.6218750000000001,5,0,bbox fill,False,,True,,1500,1554,1664,1495,2000,2000,1000,1000
1038,589243835011992,20.75997938902583,commit_complete,tracking,0,127737,4239953517978,589243.810468835,0.024543156963773072,False,True,0.0,239,369,103,111,-0.0921875,-0.76875,0.23125,,4.511763871480202,,duplicate frame,0.20900998547681046,0.20900998547681046,4.784460406131885,3.9905432751037466,0.7939171310281381,0.0,1.3,338.0,0.04931720800232142,3.04,-2.54,2.54,0.39370078740157477,-10.0,-6.487188039593769,-6.487188039593769,-0.6365048127272758,-0.5,-1.1365048127272757,-1.20949957842548,-1.31,0.1142027999740094,0.10050042157452,2.0100084314904,-6.4252848407062,-0.9394702644353999,-0.43590372122924664,4.359037212292466,1664.0562391969233,1664,-0.6218750000000001,-0.6218750000000001,5,0,bbox fill,False,,True,,1500,1554,1664,1495,2000,2000,1000,1000
1039,589243855018668,20.7799860649975,commit_complete,tracking,0,127738,4239986467947,589243.843925802,0.011092865956015885,True,True,0.0,239,368,103,112,-0.0921875,-0.7666666666666667,0.23333333333333334,,4.511763871480202,,bbox clipped,0.20900998547681046,0.20900998547681046,4.784460406131885,3.9705365991320747,0.81392380699981,0.0,1.3,338.0,0.06932388397399336,3.04,-2.54,2.54,0.39370078740157477,-10.0,-6.497639873936876,-6.497639873936876,-0.6397120229430002,-1.105,-1.7447120229430002,-1.219502916411316,-1.31,0.13420947594568133,0.09049708358868402,1.8099416717736805,-6.41985320322298,-0.9394702644353999,-0.43590372122924664,4.359037212292466,1664.2508743191568,1664,-0.6218750000000001,-0.6218750000000001,5,0,bbox fill,False,,True,,1500,1554,1664,1495,2000,2000,1000,1000
1040,589243875024990,20.79999238695018,commit_complete,tracking,0,127738,4239986467947,589243.843925802,0.031099187908694148,False,True,0.0,239,368,103,112,-0.0921875,-0.7666666666666667,0.23333333333333334,,4.511763871480202,,duplicate frame,0.20900998547681046,0.20900998547681046,4.784460406131885,3.9505302771793964,0.8339301289524883,0.0,1.3,338.0,0.08933020592667162,2.9,-2.4,2.4,0.4166666666666667,-10.0,-6.548250880920174,-6.548250880920174,-0.6075133796249638,-0.5,-1.1075133796249639,-1.209499755434977,-1.5,0.018635472981259227,0.2905002445650231,5.810004891300462,-6.4024176789626805,-1.401383276785729,-0.6289996323405431,6.289996323405431,1664.3024164642568,1670,-0.6218750000000001,-0.6218750000000001,5,0,bbox fill,False,,True,,1500,1555,1670,1495,2000,2000,1000,1000
1041,589243895023952,20.819991349009797,commit_complete,tracking,0,127739,4240019357320,589243.877372893,0.01765105896629393,True,True,0.0,238,367,104,113,-0.09375,-0.7645833333333333,0.23541666666666666,,4.511763871480202,,bbox clipped,0.20900998547681046,0.20900998547681046,4.784460406131885,3.9305313151197794,0.8539290910121053,0.0,1.4,338.0,0.018434609984979033,2.9,-2.4,2.4,0.4166666666666667,-10.0,-6.559042487990549,-6.559042487990549,-0.610604472420254,-1.101875,-1.712479472420254,-1.2194992364647854,-1.5,0.03863443504087627,0.2805007635352146,5.610015270704292,-6.3855885065797775,-1.401383276785729,-0.6289996323405431,6.289996323405431,1664.4855769124702,1670,-0.6375,-0.6375,5,0,bbox fill,False,,True,,1500,1555,1670,1495,2000,2000,1000,1000
1042,589243915033896,20.840001292992383,commit_complete,tracking,0,127740,4240052254167,589243.910871452,0.004162444034591317,True,True,0.0,238,366,105,114,-0.0921875,-0.7625,0.2375,,4.511763871480202,,bbox clipped,0.20900998547681046,0.20900998547681046,4.784460406131885,3.910521371137193,0.8739390349946916,0.0,1.4,338.0,0.0384445539675653,2.9,-2.4,2.4,0.4166666666666667,-10.0,-6.569747437529409,-6.569747437529409,-0.6137289052334399,-1.09875,-1.7124789052334397,-1.2295042084560786,-1.5,0.058644379023462534,0.27049579154392145,5.409915830878429,-6.36935068967082,-1.401383276785729,-0.6289996323405431,6.289996323405431,1664.669438535387,1670,-0.6218750000000001,-0.6218750000000001,5,0,bbox fill,False,,True,,1500,1555,1670,1495,2000,2000,1000,1000
1043,589243935035433,20.860002830042504,commit_complete,tracking,0,127740,4240052254167,589243.910871452,0.02416398108471185,False,True,0.0,238,366,105,114,-0.0921875,-0.7625,0.2375,,4.511763871480202,,duplicate frame,0.20900998547681046,0.20900998547681046,4.784460406131885,3.8905198340870726,0.8939405720448121,0.0,1.4,338.0,0.05844609101768583,2.9,-2.4,2.4,0.4166666666666667,-10.0,-6.566625065214183,-6.566625065214183,-0.6168841446256681,-0.5,-1.116884144625668,-1.2195034399310183,-1.5,0.07864591607358307,0.2804965600689817,5.609931201379634,-6.3525196026548665,-1.401383276785729,-0.6289996323405431,6.289996323405431,1664.45259207787,1670,-0.6218750000000001,-0.6218750000000001,5,0,bbox fill,False,,True,,1500,1555,1670,1495,2000,2000,1000,1000
1044,589243955019096,20.879986493033357,commit_complete,tracking,0,127741,4240085283525,589243.944276671,0.010742424987256527,True,True,0.0,237,365,106,115,-0.09375,-0.7604166666666666,0.23958333333333334,,4.511763871480202,,bbox clipped,0.20900998547681046,0.20900998547681046,4.784460406131885,3.8705361710962194,0.9139242350356653,0.0,1.4,338.0,0.07842975400853902,2.9,-2.4,2.4,0.4166666666666667,-10.0,-6.5771879334933825,-6.5771879334933825,-0.6200691309701074,-1.0956249999999998,-1.7156941309701073,-1.2294952714264449,-1.5,0.09862957906443626,0.2705047285735551,5.410094571471102,-6.336302576655128,-1.401383276785729,-0.6289996323405431,6.289996323405431,1664.6362116817786,1670,-0.6375,-0.6375,5,0,bbox fill,False,,True,,1500,1555,1670,1495,2000,2000,1000,1000
1045,589243975006957,20.899974353960715,commit_complete,tracking,0,127741,4240085283525,589243.944276671,0.030730285914614797,False,True,0.0,237,365,106,115,-0.09375,-0.7604166666666666,0.23958333333333334,,4.511763871480202,,duplicate frame,0.20900998547681046,0.20900998547681046,4.784460406131885,3.850548310168861,0.9339120959630236,0.0,1.4,338.0,0.09841761493589729,2.9,-2.4,2.4,0.4166666666666667,-10.0,-6.573974796701366,-6.573974796701366,-0.6232878558261098,-0.5,-1.12328785582611,-1.2195013409627657,-1.5,0.11861743999179453,0.28049865903723425,5.609973180744685,-6.319482872093688,-1.401383276785729,-0.6289996323405431,6.289996323405431,1664.4195133679436,1670,-0.6375,-0.6375,5,0,bbox fill,False,,True,,1500,1555,1670,1495,2000,2000,1000,1000
1046,589243995036616,20.920004012994468,commit_complete,tracking,0,127742,4240118229070,589243.977749387,0.017287228954955935,True,True,0.0,237,364,107,116,-0.0921875,-0.7583333333333333,0.24166666666666667,,4.511763871480202,,bbox clipped,0.20900998547681046,0.20900998547681046,4.784460406131885,3.830518651135108,0.9539417549967766,0.0,1.4,338.0,0.11844727396965027,2.9,-2.4,2.4,0.4166666666666667,-10.0,-6.584379748877558,-6.584379748877558,-0.6265470080112523,-1.0924999999999998,-1.719047008011252,-1.2295161704796422,-1.5,0.1386470990255475,0.27048382952035777,5.409676590407155,-6.303229775455378,-1.401383276785729,-0.6289996323405431,6.289996323405431,1664.6035568616428,1670,-0.6218750000000001,-0.6218750000000001,5,0,bbox fill,False,,True,,1500,1555,1670,1495,2000,2000,1000,1000
1047,589244015039597,20.94000699406024,commit_complete,tracking,0,127743,4240151400152,589244.011280548,0.0037590491119772196,True,True,0.0,236,364,108,116,-0.09375,-0.7583333333333333,0.24166666666666667,,4.511763871480202,,bbox clipped,0.20900998547681046,0.20900998547681046,4.784460406131885,3.8105156700693357,0.973944736062549,0.0,1.3,338.0,0.017524789087474346,2.9,-2.4,2.4,0.4166666666666667,-10.0,-6.581067902812825,-6.581067902812825,-0.6298360137582979,-1.0924999999999998,-1.7223360137582977,-1.2395176610125285,-1.5,0.15865008009131998,0.26048233898747153,5.209646779749431,-6.287598505571174,-1.401383276785729,-0.6289996323405431,6.289996323405431,1664.7879554024164,1670,-0.6375,-0.6375,5,0,bbox fill,False,,True,,1500,1555,1670,1495,2000,2000,1000,1000
1048,589244034983691,20.959951087948866,commit_complete,tracking,0,127743,4240151400152,589244.011280548,0.023703143000602722,False,True,0.0,236,364,108,116,-0.09375,-0.7583333333333333,0.24166666666666667,,4.511763871480202,,duplicate frame,0.20900998547681046,0.20900998547681046,4.784460406131885,3.79057157618071,0.9938888299511746,0.0,1.3,338.0,0.03746888297609985,2.84,-2.34,2.34,0.4273504273504274,-10.0,-6.603550095617033,-6.603550095617033,-0.6173211487956464,-0.5,-1.1173211487956465,-1.2295456140682157,-1.52,0.01723521191161126,0.2904543859317843,5.809087718635686,-6.270219956941014,-0.12394725240938385,-0.5279891563543113,5.279891563543114,1664.1812406747622,1669,-0.6375,-0.6375,5,0,bbox fill,False,,True,,1500,1555,1669,1495,2000,2000,1000,1000
1049,589244055016194,20.97998359100893,commit_complete,tracking,0,127744,4240184323374,589244.044704627,0.010311566991731524,True,True,0.0,236,363,108,117,-0.09375,-0.75625,0.24375,,4.511763871480202,,bbox clipped,0.20900998547681046,0.20900998547681046,4.784460406131885,3.770539073120645,1.0139213330112398,0.0,1.3,338.0,0.05750138603616506,2.84,-2.34,2.34,0.4273504273504274,-10.0,-6.613957379882873,-6.613957379882873,-0.6206009153124422,-1.089375,-1.7099759153124423,-1.2395618655982483,-1.52,0.03726771497167647,0.2804381344017517,5.608762688035034,-6.253366323584328,-0.12394725240938385,-0.5279891563543113,5.279891563543114,1664.3647120720061,1669,-0.6375,-0.6375,5,0,bbox fill,False,,True,,1500,1555,1669,1495,2000,2000,1000,1000
1050,589244075039344,21.00000674102921,commit_complete,tracking,0,127744,4240184323374,589244.044704627,0.030334717012010515,False,True,0.0,236,363,108,117,-0.09375,-0.75625,0.24375,,4.511763871480202,,duplicate frame,0.20900998547681046,0.20900998547681046,4.784460406131885,3.750515923100366,1.0339444830315188,0.0,1.3,338.0,0.07752453605644405,2.84,-2.34,2.34,0.4273504273504274,-10.0,-6.610506081035814,-6.610506081035814,-0.6239141622056193,-0.5,-1.1239141622056192,-1.2295502905881088,-1.52,0.05729086499195546,0.2904497094118912,5.808994188237824,-6.235919169269626,-0.12394725240938385,-0.5279891563543113,5.279891563543114,1664.1470334174887,1669,-0.6375,-0.6375,5,0,bbox fill,False,,True,,1500,1555,1669,1495,2000,2000,1000,1000
1051,589244095036817,21.020004214020446,commit_complete,tracking,0,127745,4240217297049,589244.078146811,0.016890006023459136,True,True,0.0,235,362,110,118,-0.09375,-0.7541666666666667,0.24583333333333332,,4.511763871480202,,bbox clipped,0.20900998547681046,0.20900998547681046,4.784460406131885,3.7305184501091304,1.0539419560227543,0.0,1.3,338.0,0.016682303044945,2.84,-2.34,2.34,0.4273504273504274,-10.0,-6.620757463055046,-6.620757463055046,-0.6272586588954001,-1.08625,-1.7135086588954,-1.2395490270837266,-1.52,0.07728833798319101,0.2804509729162734,5.609019458325468,-6.219094237000849,-0.12394725240938385,-0.5279891563543113,5.279891563543114,1664.3301832151324,1669,-0.6375,-0.6375,5,0,bbox fill,False,,True,,1500,1555,1669,1495,2000,2000,1000,1000
1052,589244115039678,21.04000707506202,commit_complete,tracking,0,127747,4240283600993,589244.111578238,0.0034614400938153267,True,True,0.0,234,361,111,119,-0.0953125,-0.7520833333333333,0.24791666666666667,,4.511763871480202,,bbox clipped,0.20900998547681046,0.20900998547681046,4.784460406131885,3.7105155890675547,1.07394481706433,0.0,1.3,338.0,0.03668516408652067,2.84,-2.34,2.34,0.4273504273504274,-10.0,-6.6309101282317195,-6.6309101282317195,-0.6306401209833045,-1.083125,-1.7137651209833042,-1.2495504576045144,-1.52,0.09729119902476668,0.2704495423954856,5.4089908479097115,-6.202864943154966,-0.12394725240938385,-0.5279891563543113,5.279891563543114,1664.5139825317021,1669,-0.653125,-0.653125,5,0,bbox fill,False,,True,,1500,1555,1669,1495,2000,2000,1000,1000
1053,589244135017968,21.05998536502011,commit_complete,tracking,0,127747,4240283600993,589244.111578238,0.023439730051904917,False,True,0.0,234,361,111,119,-0.0953125,-0.7520833333333333,0.24791666666666667,,4.511763871480202,,duplicate frame,0.20900998547681046,0.20900998547681046,4.784460406131885,3.690537299109465,1.0939231070224196,0.0,1.3,338.0,0.05666345404461026,2.84,-2.34,2.34,0.4273504273504274,-10.0,-6.6272931976254315,-6.6272931976254315,-0.6340540171656434,-0.5,-1.1340540171656435,-1.2395613126254696,-1.52,0.11726948898285627,0.28043868737453037,5.608773747490607,-6.186056886919462,-0.12394725240938385,-0.5279891563543113,5.279891563543114,1664.2973915758857,1669,-0.653125,-0.653125,5,0,bbox fill,False,,True,,1500,1555,1669,1495,2000,2000,1000,1000
1054,589244155010011,21.07997740805149,commit_complete,tracking,0,127748,4240316234354,589244.145035577,0.009974434040486813,True,True,0.0,233,360,113,120,-0.0953125,-0.75,0.25,,4.511763871480202,,bbox clipped,0.20900998547681046,0.20900998547681046,4.784460406131885,3.6705452560780856,1.1139151500537992,0.0,1.3,338.0,0.07665549707598984,2.84,-2.34,2.34,0.4273504273504274,-10.0,-6.6372783497577705,-6.6372783497577705,-0.6375074646267268,-1.08,-1.7175074646267268,-1.2495573341411594,-1.52,0.13726153201423585,0.2704426658588406,5.408853317176812,-6.169836782679349,-0.12394725240938385,-0.5279891563543113,5.279891563543114,1664.4810919019594,1669,-0.653125,-0.653125,5,0,bbox fill,False,,True,,1500,1555,1669,1495,2000,2000,1000,1000
1055,589244175015638,21.099983035004698,commit_complete,tracking,0,127748,4240316234354,589244.145035577,0.02998006099369377,False,True,0.0,233,360,113,120,-0.0953125,-0.75,0.25,,4.511763871480202,,duplicate frame,0.20900998547681046,0.20900998547681046,4.784460406131885,3.6505396291248786,1.133920777007006,0.0,1.3,338.0,0.0966611240291968,2.84,-2.34,2.34,0.4273504273504274,-10.0,-6.633545809294808,-6.633545809294808,-0.64100112250006,-0.5,-1.14100112250006,-1.239554520664556,-1.52,0.1572671589674428,0.28044547933544406,5.608909586708881,-6.153005319758455,-0.12394725240938385,-0.5279891563543113,5.279891563543114,1664.2642041695065,1669,-0.653125,-0.653125,5,0,bbox fill,False,,True,,1500,1555,1669,1495,2000,2000,1000,1000
1056,589244195030571,21.1199979679659,commit_complete,tracking,0,127749,4240349274738,589244.178485025,0.01654554600827396,True,True,0.0,232,360,114,120,-0.096875,-0.75,0.25,,4.511763871480202,,bbox clipped,0.20900998547681046,0.20900998547681046,4.784460406131885,3.6305246961636755,1.1539357099682093,0.0,1.3,338.0,0.11667605699039996,2.84,-2.34,2.34,0.4273504273504274,-10.0,-6.629770368312462,-6.629770368312462,-0.6445349352595356,-1.08,-1.7245349352595358,-1.2495619871451575,-1.52,0.17728209192864597,0.2704380128548425,5.40876025709685,-6.136766923666102,-0.12394725240938385,-0.5279891563543113,5.279891563543114,1664.448115103026,1669,-0.6687500000000001,-0.6687500000000001,5,0,bbox fill,False,,True,,1500,1555,1669,1495,2000,2000,1000,1000
1057,589244215028392,21.13999578903895,commit_complete,tracking,0,127750,4240382640640,589244.211976724,0.0030516680562868714,True,True,0.0,232,359,114,121,-0.096875,-0.7479166666666667,0.2520833333333333,,4.511763871480202,,bbox clipped,0.20900998547681046,0.20900998547681046,4.784460406131885,3.6105268750906276,1.173933531041257,0.0,1.3,338.0,0.13667387806344777,2.72,-2.22,2.22,0.4504504504504504,-10.0,-6.697737295050885,-6.697737295050885,-0.6148687094163442,-1.076875,-1.691743709416344,-1.2595608976816814,-1.55,0.01576406101230532,0.2904391023183186,5.808782046366372,-6.119342476063768,-0.16527482129634521,-0.4554462893427181,4.554462893427181,1664.7560975362703,1669,-0.6687500000000001,-0.6687500000000001,5,0,bbox fill,False,,True,,1500,1556,1669,1495,2000,2000,1000,1000
1058,589244235020648,21.159988044993952,commit_complete,tracking,0,127750,4240382640640,589244.211976724,0.023043924011290073,False,True,0.0,232,359,114,121,-0.096875,-0.7479166666666667,0.2520833333333333,,4.511763871480202,,duplicate frame,0.20900998547681046,0.20900998547681046,4.784460406131885,3.5905346191356244,1.1939257869962603,0.0,1.3,338.0,0.00551100994925946,2.72,-2.22,2.22,0.4504504504504504,-10.0,-6.693849742831149,-6.693849742831149,-0.6182923256521718,-0.5,-1.1182923256521717,-1.2495647697041798,-1.55,0.03575631696730852,0.3004352302958202,6.008704605916404,-6.101323341997844,-0.16527482129634521,-0.4554462893427181,4.554462893427181,1664.5381558426543,1669,-0.6687500000000001,-0.6687500000000001,5,0,bbox fill,False,,True,,1500,1556,1669,1495,2000,2000,1000,1000
1059,589244254988906,21.1799563029781,commit_complete,tracking,0,127751,4240415753689,589244.245457906,0.00953099993057549,True,True,0.0,231,358,116,122,-0.096875,-0.7458333333333333,0.25416666666666665,,4.511763871480202,,bbox clipped,0.20900998547681046,0.20900998547681046,4.784460406131885,3.570566361151478,1.2138940449804068,0.0,1.3,338.0,0.025479267933405936,2.72,-2.22,2.22,0.4504504504504504,-10.0,-6.703889710305543,-6.703889710305543,-0.6217501022118151,-1.07375,-1.695500102211815,-1.259548898696253,-1.55,0.055724574951455,0.29045110130374696,5.809022026074939,-6.083923934430006,-0.16527482129634521,-0.4554462893427181,4.554462893427181,1664.720439014928,1669,-0.6687500000000001,-0.6687500000000001,5,0,bbox fill,False,,True,,1500,1556,1669,1495,2000,2000,1000,1000
1060,589244275041466,21.20000886300113,commit_complete,tracking,0,127751,4240415753689,589244.245457906,0.02958355995360762,False,True,0.0,231,358,116,122,-0.096875,-0.7458333333333333,0.25416666666666665,,4.511763871480202,,duplicate frame,0.20900998547681046,0.20900998547681046,4.784460406131885,3.550513801128446,1.233946605003439,0.0,1.3,338.0,0.045531827956438065,2.72,-2.22,2.22,0.4504504504504504,-10.0,-6.699869395104171,-6.699869395104171,-0.6252616168663888,-0.5,-1.1252616168663887,-1.249522618684737,-1.55,0.07577713497448713,0.300477381315263,6.0095476263052605,-6.065847912256842,-0.16527482129634521,-0.4554462893427181,4.554462893427181,1664.5018373925243,1669,-0.6687500000000001,-0.6687500000000001,5,0,bbox fill,False,,True,,1500,1556,1669,1495,2000,2000,1000,1000
1061,589244294991805,21.219959201989695,commit_complete,tracking,0,127752,4240449431300,589244.278866002,0.016125802998431027,True,True,0.0,230,357,117,123,-0.0984375,-0.74375,0.25625,,4.511763871480202,,bbox clipped,0.20900998547681046,0.20900998547681046,4.784460406131885,3.530563462139881,1.2538969439920038,0.0,1.3,338.0,0.06548216694500297,2.72,-2.22,2.22,0.4504504504504504,-10.0,-6.709724453086787,-6.709724453086787,-0.628794815277008,-1.070625,-1.699419815277008,-1.2594977881790195,-1.55,0.09572747396305203,0.29050221182098057,5.810044236419611,-6.048461059448573,-0.16527482129634521,-0.4554462893427181,4.554462893427181,1664.6839539296018,1669,-0.684375,-0.684375,5,0,bbox fill,False,,True,,1500,1556,1669,1495,2000,2000,1000,1000
1062,589244314991100,21.239958496997133,commit_complete,tracking,0,127753,4240482060895,589244.312252719,0.0027383810374885798,True,True,0.0,229,356,118,124,-0.1,-0.7416666666666667,0.25833333333333336,,4.511763871480202,,bbox clipped,0.20900998547681046,0.20900998547681046,4.784460406131885,3.5105641671324435,1.2738962389994413,0.0,1.3,338.0,0.08548146195244044,2.72,-2.22,2.22,0.4504504504504504,-10.0,-6.719456205732433,-6.719456205732433,-0.6323769896544512,-1.0675,-1.699876989654451,-1.2694974356827382,-1.55,0.1157267689704895,0.28050256431726184,5.610051286345237,-6.031631498846202,-0.16527482129634521,-0.4554462893427181,4.554462893427181,1664.8671173190737,1669,-0.7000000000000001,-0.7000000000000001,5,0,bbox fill,False,,True,,1500,1556,1669,1495,2000,2000,1000,1000
1063,589244334992031,21.259959427989088,commit_complete,tracking,0,127753,4240482060895,589244.312252719,0.02273931202944368,False,True,0.0,229,356,118,124,-0.1,-0.7416666666666667,0.25833333333333336,,4.511763871480202,,duplicate frame,0.20900998547681046,0.20900998547681046,4.784460406131885,3.4905632361404884,1.2938971699913964,0.0,1.3,338.0,0.10548239294439554,2.72,-2.22,2.22,0.4504504504504504,-10.0,-6.715239646229239,-6.715239646229239,-0.6360005104662283,-0.5,-1.1360005104662283,-1.2594969701867607,-1.55,0.1357276999624446,0.2905030298132394,5.810060596264788,-6.014200505689456,-0.16527482129634521,-0.4554462893427181,4.554462893427181,1664.6496770159974,1669,-0.7000000000000001,-0.7000000000000001,5,0,bbox fill,False,,True,,1500,1556,1669,1495,2000,2000,1000,1000
1064,589244355005815,21.27997321204748,commit_complete,tracking,0,127754,4240514767186,589244.345720208,0.009285607025958598,True,True,0.0,228,355,119,125,-0.1015625,-0.7395833333333334,0.2604166666666667,,4.511763871480202,,bbox clipped,0.20900998547681046,0.20900998547681046,4.784460406131885,3.4705494520820963,1.3139109540497884,0.0,1.3,338.0,0.1254961770027876,2.72,-2.22,2.22,0.4504504504504504,-10.0,-6.7247698888792815,-6.7247698888792815,-0.6396681651281901,-1.064375,-1.7040431651281902,-1.2695038622159567,-1.55,0.15574148402083665,0.28049613778404336,5.609922755680867,-5.9973591382969875,-0.16527482129634521,-0.4554462893427181,4.554462893427181,1664.832973489189,1669,-0.715625,-0.715625,5,0,bbox fill,False,,True,,1500,1556,1669,1495,2000,2000,1000,1000
1065,589244375051946,21.300019343034364,commit_complete,tracking,0,127754,4240514767186,589244.345720208,0.029331738012842834,False,True,0.0,228,355,119,125,-0.1015625,-0.7395833333333334,0.2604166666666667,,4.511763871480202,,duplicate frame,0.20900998547681046,0.20900998547681046,4.784460406131885,3.450503321095212,1.3339570850366727,0.0,1.4,338.0,0.014527493040077388,2.72,-2.22,2.22,0.4504504504504504,-10.0,-6.720410569856387,-6.720410569856387,-0.6433843974088272,-0.5,-1.1433843974088274,-1.2594807967225146,-1.55,0.1757876150077209,0.2905192032774855,5.81038406554971,-5.979887780287671,-0.16527482129634521,-0.4554462893427181,4.554462893427181,1664.6150408213107,1669,-0.715625,-0.715625,5,0,bbox fill,False,,True,,1500,1556,1669,1495,2000,2000,1000,1000
1066,589244394993069,21.319960466003977,commit_complete,tracking,0,127755,4240548137698,589244.379165627,0.015827442053705454,True,True,0.0,228,354,119,126,-0.1015625,-0.7375,0.2625,,4.511763871480202,,bbox clipped,0.20900998547681046,0.20900998547681046,4.784460406131885,3.4305621981255996,1.3538982080062851,0.0,1.4,338.0,0.03446861600968987,2.59,-2.09,2.09,0.47846889952153115,-10.0,-6.803300156625325,-6.803300156625325,-0.6092295895821216,-1.06125,-1.6704795895821216,-1.2694513582073208,-1.65,0.004158340045250952,0.3805486417926791,7.610972835853582,-5.95712207850195,-0.5220013169020661,-0.46875729485458767,4.687572948545877,1664.6585762941024,1671,-0.715625,-0.715625,5,0,bbox fill,False,,True,,1500,1557,1671,1495,2000,2000,1000,1000
1067,589244415019312,21.339986708946526,commit_complete,tracking,0,127756,4240581825979,589244.412609046,0.0024102659663185477,True,True,0.0,227,354,121,126,-0.1015625,-0.7375,0.2625,,4.511763871480202,,bbox clipped,0.20900998547681046,0.20900998547681046,4.784460406131885,3.4105359551830503,1.3739244509488344,0.0,1.4,338.0,0.054494858952239156,2.59,-2.09,2.09,0.47846889952153115,-10.0,-6.798807110697352,-6.798807110697352,-0.6128069099590611,-1.06125,-1.6740569099590612,-1.2794644796785954,-1.65,0.02418458298780024,0.37053552032140447,7.410710406428089,-5.934860775455549,-0.5220013169020661,-0.46875729485458767,4.687572948545877,1664.8365774204815,1671,-0.715625,-0.715625,5,0,bbox fill,False,,True,,1500,1557,1671,1495,2000,2000,1000,1000
1068,589244435019164,21.35998656100128,commit_complete,tracking,0,127756,4240581825979,589244.412609046,0.022410118021070957,False,True,0.0,227,354,121,126,-0.1015625,-0.7375,0.2625,,4.511763871480202,,duplicate frame,0.20900998547681046,0.20900998547681046,4.784460406131885,3.390536103128298,1.3939243030035868,0.0,1.4,338.0,0.07449471100699157,2.59,-2.09,2.09,0.47846889952153115,-10.0,-6.794267014183659,-6.794267014183659,-0.6164216915642483,-0.5,-1.1164216915642484,-1.2694645536512192,-1.65,0.04418443504255265,0.38053544634878067,7.610708926975613,-5.912028817569855,-0.5220013169020661,-0.46875729485458767,4.687572948545877,1664.6137469420485,1671,-0.715625,-0.715625,5,0,bbox fill,False,,True,,1500,1557,1671,1495,2000,2000,1000,1000
1069,589244455118619,21.380086016026326,commit_complete,tracking,0,127757,4240614632629,589244.446107831,0.009010788053274155,True,True,0.0,226,353,122,127,-0.103125,-0.7354166666666667,0.26458333333333334,,4.511763871480202,,bbox clipped,0.20900998547681046,0.20900998547681046,4.784460406131885,3.370436648103251,1.414023758028634,0.0,1.4,338.0,0.09459416603203863,2.59,-2.09,2.09,0.47846889952153115,-10.0,-6.803853594578399,-6.803853594578399,-0.6200976959991726,-1.058125,-1.6782226959991726,-1.2795142811637428,-1.65,0.06428389006759971,0.37048571883625714,7.409714376725143,-5.88968913444034,-0.5220013169020661,-0.46875729485458767,4.687572948545877,1664.7924018091694,1671,-0.73125,-0.73125,5,0,bbox fill,False,,True,,1500,1557,1671,1495,2000,2000,1000,1000
1070,589244474978705,21.399946102057584,commit_complete,tracking,0,127757,4240614632629,589244.446107831,0.02887087408453226,False,True,0.0,226,353,122,127,-0.103125,-0.7354166666666667,0.26458333333333334,,4.511763871480202,,duplicate frame,0.20900998547681046,0.20900998547681046,4.784460406131885,3.3505765620719927,1.433883844059892,0.0,1.4,338.0,0.003462835098616779,2.59,-2.09,2.09,0.47846889952153115,-10.0,-6.799200542702131,-6.799200542702131,-0.623773240599387,-0.5,-1.123773240599387,-1.2695842381481137,-1.65,0.08414397609885782,0.3804157618518862,7.608315237037724,-5.867023865166265,-0.5220013169020661,-0.46875729485458767,4.687572948545877,1664.5711356795828,1671,-0.73125,-0.73125,5,0,bbox fill,False,,True,,1500,1557,1671,1495,2000,2000,1000,1000
1071,589244495027893,21.419995289994404,commit_complete,tracking,0,127758,4240647871529,589244.479505884,0.015522008994594216,True,True,0.0,225,352,123,128,-0.1046875,-0.7333333333333333,0.26666666666666666,,4.511763871480202,,bbox clipped,0.20900998547681046,0.20900998547681046,4.784460406131885,3.3305273741351726,1.453933031996712,0.0,1.4,338.0,0.02351202303543687,2.59,-2.09,2.09,0.47846889952153115,-10.0,-6.808576401153621,-6.808576401153621,-0.6275282455958505,-1.055,-1.6825282455958503,-1.2796088321165238,-1.65,0.10419316403567791,0.37039116788347615,7.407823357669523,-5.844745738761163,-0.5220013169020661,-0.46875729485458767,4.687572948545877,1664.7493494325458,1671,-0.7468750000000001,-0.7468750000000001,5,0,bbox fill,False,,True,,1500,1557,1671,1494,2000,2000,1000,1000
1072,589244515031620,21.43999901704956,commit_complete,tracking,0,127759,4240681512922,589244.512998864,0.002032755990512669,True,True,0.0,224,352,124,128,-0.10625,-0.7333333333333333,0.26666666666666666,,4.511763871480202,,bbox clipped,0.20900998547681046,0.20900998547681046,4.784460406131885,3.310523647080018,1.4739367590518668,0.0,1.4,338.0,0.04351575009059161,2.59,-2.09,2.09,0.47846889952153115,-10.0,-6.803738355631219,-6.803738355631219,-0.6313200637740326,-1.055,-1.6863200637740325,-1.2896106956441011,-1.65,0.12419689109083265,0.3603893043558988,7.2077860871179755,-5.823118350927365,-0.5220013169020661,-0.46875729485458767,4.687572948545877,1664.9277593152635,1671,-0.7625,-0.7625,5,0,bbox fill,False,,True,,1500,1557,1671,1494,2000,2000,1000,1000
1073,589244535015193,21.459982590051368,commit_complete,tracking,0,127759,4240681512922,589244.512998864,0.022016328992322087,False,True,0.0,224,352,124,128,-0.10625,-0.7333333333333333,0.26666666666666666,,4.511763871480202,,duplicate frame,0.20900998547681046,0.20900998547681046,4.784460406131885,3.2905400740782085,1.4939203320536762,0.0,1.4,338.0,0.06349932309240103,2.5,-2.0,2.0,0.5,-10.0,-6.856262718793857,-6.856262718793857,-0.6078029609046071,-0.5,-1.107802960904607,-1.2796189091431964,-1.74,0.0029624660965055227,0.46038109085680357,9.207621817136072,-5.7955181735139965,-0.6373125329425949,-0.5024683424721891,5.024683424721891,1664.563212931656,1673,-0.7625,-0.7625,5,0,bbox fill,False,,True,,1500,1557,1673,1494,2000,2000,1000,1000
1074,589244555024792,21.47999218897894,commit_complete,tracking,0,127760,4240714760565,589244.54642812,0.008596671978011727,True,True,0.0,223,351,125,129,-0.1078125,-0.73125,0.26875,,4.511763871480202,,bbox clipped,0.20900998547681046,0.20900998547681046,4.784460406131885,3.270530475150636,1.5139299309812486,0.0,1.4,338.0,0.0835089220199734,2.5,-2.0,2.0,0.5,-10.0,-6.865767861920407,-6.865767861920407,-0.6115215911289996,-1.051875,-1.6633965911289996,-1.2896237086069826,-1.74,0.022972065024077892,0.4503762913930174,9.007525827860348,-5.768482626642212,-0.6373125329425949,-0.5024683424721891,5.024683424721891,1664.73627337406,1673,-0.7781250000000001,-0.7781250000000001,5,0,bbox fill,False,,True,,1500,1557,1673,1494,2000,2000,1000,1000
1075,589244575053826,21.50002122297883,commit_complete,tracking,0,127760,4240714760565,589244.54642812,0.028625705977901816,False,True,0.0,223,351,125,129,-0.1078125,-0.73125,0.26875,,4.511763871480202,,duplicate frame,0.20900998547681046,0.20900998547681046,4.784460406131885,3.250501441150746,1.5339589649811387,0.0,1.4,338.0,0.0026534489588811994,2.5,-2.0,2.0,0.5,-10.0,-6.860704489013065,-6.860704489013065,-0.6152896825949284,-0.5,-1.1152896825949283,-1.2796091916070376,-1.74,0.04300109902396798,0.4603908083929624,9.20781616785925,-5.740819077178593,-0.6373125329425949,-0.5024683424721891,5.024683424721891,1664.5083194845975,1673,-0.7781250000000001,-0.7781250000000001,5,0,bbox fill,False,,True,,1500,1557,1673,1494,2000,2000,1000,1000
1076,589244595030153,21.51999755005818,commit_complete,tracking,0,127761,4240748378980,589244.579916616,0.015113537083379924,True,True,0.0,222,351,127,129,-0.1078125,-0.73125,0.26875,,4.511763871480202,,bbox clipped,0.20900998547681046,0.20900998547681046,4.784460406131885,3.2305251140713978,1.553935292060487,0.0,1.4,338.0,0.022629776038229465,2.5,-2.0,2.0,0.5,-10.0,-6.855591902986951,-6.855591902986951,-0.6190943977771528,-1.051875,-1.6709693977771527,-1.2895973551467117,-1.74,0.06297742610331625,0.4504026448532883,9.008052897065767,-5.713826905525615,-0.6373125329425949,-0.5024683424721891,5.024683424721891,1664.681090583738,1673,-0.7781250000000001,-0.7781250000000001,5,0,bbox fill,False,,True,,1500,1557,1673,1494,2000,2000,1000,1000
1077,589244615025718,21.53999311500229,commit_complete,tracking,0,127762,4240778644137,589244.613366293,0.001659424975514412,True,True,0.0,221,350,128,130,-0.109375,-0.7291666666666666,0.2708333333333333,,4.511763871480202,,bbox clipped,0.20900998547681046,0.20900998547681046,4.784460406131885,3.210529549127287,1.5739308570045978,0.0,1.4,338.0,0.042625340982340276,2.5,-2.0,2.0,0.5,-10.0,-6.864754947932852,-6.864754947932852,-0.6229501922957403,-1.0487499999999998,-1.6717001922957402,-1.299595137618767,-1.74,0.08297299104742706,0.4404048623812329,8.808097247624659,-5.687408473443276,-0.6373125329425949,-0.5024683424721891,5.024683424721891,1664.8546278010967,1673,-0.79375,-0.79375,5,0,bbox fill,False,,True,,1500,1557,1673,1494,2000,2000,1000,1000
1078,589244635012093,21.55997949000448,commit_complete,tracking,0,127762,4240778644137,589244.613366293,0.021645799977704883,False,True,0.0,221,350,128,130,-0.109375,-0.7291666666666666,0.2708333333333333,,4.511763871480202,,duplicate frame,0.20900998547681046,0.20900998547681046,4.784460406131885,3.1905431741250965,1.5939172320067883,0.0,1.4,338.0,0.06261171598453075,2.5,-2.0,2.0,0.5,-10.0,-6.859470558086292,-6.859470558086292,-0.6268525109516613,-0.5,-1.1268525109516614,-1.2896019501176719,-1.74,0.10295936604961753,0.4503980498823281,9.007960997646563,-5.6604030004676655,-0.6373125329425949,-0.5024683424721891,5.024683424721891,1664.6277585780992,1673,-0.79375,-0.79375,5,0,bbox fill,False,,True,,1500,1557,1673,1494,2000,2000,1000,1000
1079,589244655010500,21.579977896995842,commit_complete,tracking,0,127763,4240811890987,589244.646802632,0.008207867969758809,True,True,0.0,219,350,130,130,-0.1125,-0.7291666666666666,0.2708333333333333,,4.511763871480202,,bbox clipped,0.20900998547681046,0.20900998547681046,4.784460406131885,3.170544767133734,1.6139156389981508,0.0,1.4,338.0,0.08261012297589332,2.5,-2.0,2.0,0.5,-10.0,-6.85411630368964,-6.85411630368964,-0.6308064218907273,-1.0487499999999998,-1.679556421890727,-1.2996011536133532,-1.74,0.1229577730409801,0.44039884638664684,8.807976927732938,-5.633981174361965,-0.6373125329425949,-0.5024683424721891,5.024683424721891,1664.8013208219072,1673,-0.8250000000000001,-0.8250000000000001,5,0,bbox fill,False,,True,,1500,1557,1673,1494,2000,2000,1000,1000
1080,589244674978058,21.59994545497466,commit_complete,tracking,0,127763,4240811890987,589244.646802632,0.02817542594857514,False,True,0.0,219,350,130,130,-0.1125,-0.7291666666666666,0.2708333333333333,,4.511763871480202,,duplicate frame,0.20900998547681046,0.20900998547681046,4.784460406131885,3.1505772091549176,1.6338831969769672,0.0,1.4,338.0,0.10257768095470965,2.5,-2.0,2.0,0.5,-10.0,-6.8487024931611,-6.8487024931611,-0.6348043127425727,-0.5,-1.1348043127425727,-1.289617374623945,-1.74,0.14292533101979643,0.450382625376055,9.007652507521101,-5.607002050807422,-0.6373125329425949,-0.5024683424721891,5.024683424721891,1664.5746661185644,1673,-0.8250000000000001,-0.8250000000000001,5,0,bbox fill,False,,True,,1500,1557,1673,1494,2000,2000,1000,1000
1081,589244695022005,21.619989402010106,commit_complete,tracking,0,127764,4240844279822,589244.68022192,0.014800084987655282,True,True,0.0,218,349,131,131,-0.1140625,-0.7270833333333333,0.27291666666666664,,4.511763871480202,,bbox clipped,0.20900998547681046,0.20900998547681046,4.784460406131885,3.130533262119471,1.653927144012414,0.0,1.4,337.0,0.001707894029095769,2.5,-2.0,2.0,0.5,-10.0,-6.857376962436234,-6.857376962436234,-0.6388687908864243,-1.0456249999999998,-1.6844937908864241,-1.2996393481416684,-1.74,0.1629692780552432,0.4403606518583316,8.807213037166633,-5.580522354060392,-0.6373125329425949,-0.5024683424721891,5.024683424721891,1664.748625892172,1673,-0.840625,-0.840625,5,0,bbox fill,False,,True,,1500,1557,1673,1494,2000,2000,1000,1000
1082,589244715023164,21.639990561059676,commit_complete,tracking,0,127765,4240877323810,589244.713670756,0.001352408085949719,True,True,0.0,217,349,133,131,-0.1140625,-0.7270833333333333,0.27291666666666664,,4.511763871480202,,bbox clipped,0.20900998547681046,0.20900998547681046,4.784460406131885,3.1105321030699002,1.6739283030619845,0.0,1.4,337.0,0.02170905307866633,2.5,-2.0,2.0,0.5,-10.0,-6.851771231984237,-6.851771231984237,-0.6429768070955209,-1.0456249999999998,-1.6886018070955207,-1.3096399276664537,-1.74,0.18297043710481375,0.43036007233354634,8.607201446670928,-5.554699253294408,-0.6373125329425949,-0.5024683424721891,5.024683424721891,1664.9228143819016,1673,-0.840625,-0.840625,5,0,bbox fill,False,,True,,1500,1557,1673,1494,2000,2000,1000,1000
1083,589244735016604,21.659984000958502,commit_complete,tracking,0,127765,4240877323810,589244.713670756,0.0213458479847759,False,True,0.0,217,349,133,131,-0.1140625,-0.7270833333333333,0.27291666666666664,,4.511763871480202,,duplicate frame,0.20900998547681046,0.20900998547681046,4.784460406131885,3.090538663171074,1.6939217429608107,0.0,1.4,337.0,0.04170249297749251,2.35,-1.85,1.85,0.5405405405405405,-10.0,-6.956737041224301,-6.951738431478368,-0.5986011506815422,-0.5,-1.0986011506815423,-1.2996432077170406,-1.82,0.011448637931607664,0.5203567922829595,10.407135845659191,-5.523488086537042,-0.4177213280135408,-0.48551893958045944,4.855189395804595,1665.2611628450732,1675,-0.840625,-0.840625,5,0,bbox fill,False,,True,,1500,1558,1675,1494,2000,2000,1000,1000
1084,589244755025945,21.679993342026137,commit_complete,tracking,0,127766,4240910457338,589244.747178802,0.007847142987884581,True,True,0.0,216,348,134,132,-0.115625,-0.725,0.275,,4.511763871480202,,bbox clipped,0.20900998547681046,0.20900998547681046,4.784460406131885,3.0705293221034395,1.7139310840284452,0.0,1.4,337.0,0.061711834045127034,2.35,-1.85,1.85,0.5405405405405405,-10.0,-6.965875433302948,-6.965875433302948,-0.6025019812325627,-1.0425,-1.6450019812325627,-1.3096478782508578,-1.82,0.03145797899924219,0.5103521217491422,10.207042434982846,-5.492852657531033,-0.4177213280135408,-0.48551893958045944,4.855189395804595,1664.4306208267435,1674,-0.8562500000000001,-0.8562500000000001,5,0,bbox fill,False,,True,,1500,1558,1674,1494,2000,2000,1000,1000
1085,589244775045339,21.700012736022472,commit_complete,tracking,0,127766,4240910457338,589244.747178802,0.027866536984220147,False,True,0.0,216,348,134,132,-0.115625,-0.725,0.275,,4.511763871480202,,duplicate frame,0.20900998547681046,0.20900998547681046,4.784460406131885,3.050509928107104,1.7339504780247808,0.0,1.4,337.0,0.0817312280414626,2.35,-1.85,1.85,0.5405405405405405,-10.0,-6.959997861695673,-6.959997861695673,-0.6064559839501844,-0.5,-1.1064559839501844,-1.29963818125269,-1.82,0.05147737299557775,0.52036181874731,10.407236374946201,-5.461600672720577,-0.4177213280135408,-0.48551893958045944,4.855189395804595,1665.1991749019699,1675,-0.8562500000000001,-0.8562500000000001,5,0,bbox fill,False,,True,,1500,1558,1675,1494,2000,2000,1000,1000
1086,589244795020448,21.71998784504831,commit_complete,tracking,0,127767,4240943369346,589244.780594384,0.014426064095459878,True,True,0.0,215,348,135,132,-0.1171875,-0.725,0.275,,4.511763871480202,,bbox clipped,0.20900998547681046,0.20900998547681046,4.784460406131885,3.030534819081268,1.7539255870506167,0.0,1.4,337.0,0.0008798680501058698,2.35,-1.85,1.85,0.5405405405405405,-10.0,-6.954055896121686,-6.954055896121686,-0.6104533062454115,-1.0425,-1.6529533062454114,-1.309625735765608,-1.82,0.07145248202141374,0.510374264234392,10.207485284687841,-5.431016328004389,-0.4177213280135408,-0.48551893958045944,4.855189395804595,1665.368341647512,1675,-0.871875,-0.871875,5,0,bbox fill,False,,True,,1500,1558,1675,1493,2000,2000,1000,1000
1087,589244815058782,21.740026179002598,commit_complete,tracking,0,127768,4240976326141,589244.814096087,0.0009626949904486537,True,True,0.0,214,348,136,132,-0.11875,-0.725,0.275,,4.511763871480202,,bbox clipped,0.20900998547681046,0.20900998547681046,4.784460406131885,3.0104964851269784,1.7739639210049063,0.0,1.4,337.0,0.020918202004395425,2.35,-1.85,1.85,0.5405405405405405,-10.0,-6.948015896639905,-6.948015896639905,-0.6145165786240636,-1.0425,-1.6570165786240636,-1.3196449027427528,-1.82,0.0914908159757033,0.5003550972572472,10.007101945144946,-5.400937480400674,-0.4177213280135408,-0.48551893958045944,4.855189395804595,1664.5386461394512,1674,-0.8875,-0.8875,5,0,bbox fill,False,,True,,1500,1558,1674,1493,2000,2000,1000,1000
1088,589244835040196,21.76000759296585,commit_complete,tracking,0,127768,4240976326141,589244.814096087,0.02094410895369947,False,True,0.0,214,348,136,132,-0.11875,-0.725,0.275,,4.511763871480202,,duplicate frame,0.20900998547681046,0.20900998547681046,4.784460406131885,2.9905150711637276,1.7939453349681571,0.0,1.4,337.0,0.04089961596764624,2.35,-1.85,1.85,0.5405405405405405,-10.0,-6.941912455070598,-6.941912455070598,-0.6186225302252337,-0.5,-1.1186225302252337,-1.3096541957611274,-1.82,0.11147222993895411,0.5103458042388727,10.206916084777454,-5.3703451880639586,-0.4177213280135408,-0.48551893958045944,4.855189395804595,1665.308239707482,1675,-0.8875,-0.8875,5,0,bbox fill,False,,True,,1500,1558,1675,1493,2000,2000,1000,1000
1089,589244855028135,21.779995532007888,commit_complete,tracking,0,127769,4241009417872,589244.847518358,0.007509776973165572,True,True,0.0,213,347,138,133,-0.11875,-0.7229166666666667,0.27708333333333335,,4.511763871480202,,bbox clipped,0.20900998547681046,0.20900998547681046,4.784460406131885,2.9705271321216884,1.8139332740101963,0.0,1.4,337.0,0.06088755500968546,2.35,-1.85,1.85,0.5405405405405405,-10.0,-6.950389452229748,-6.950389452229748,-0.6227850875338223,-1.039375,-1.6621600875338223,-1.319648165282147,-1.82,0.13146016898099333,0.500351834717853,10.007036694357062,-5.34034218214822,-0.4177213280135408,-0.48551893958045944,4.855189395804595,1664.4781160919865,1674,-0.8875,-0.8875,5,0,bbox fill,False,,True,,1500,1558,1674,1493,2000,2000,1000,1000
1090,589244875054801,21.800022198003717,commit_complete,tracking,0,127769,4241009417872,589244.847518358,0.02753644296899438,False,True,0.0,213,347,138,133,-0.11875,-0.7229166666666667,0.27708333333333335,,4.511763871480202,,duplicate frame,0.20900998547681046,0.20900998547681046,4.784460406131885,2.9505004661258596,1.8339599400060251,0.0,1.4,337.0,0.08091422100551426,2.35,-1.85,1.85,0.5405405405405405,-10.0,-6.944058196623653,-6.944058196623653,-0.6270122717279668,-0.5,-1.127012271727967,-1.3096348322842326,-1.82,0.15148683497682214,0.5103651677157675,10.20730335431535,-5.309679443898974,-0.4177213280135408,-0.48551893958045944,4.855189395804595,1665.247186693779,1675,-0.8875,-0.8875,5,0,bbox fill,False,,True,,1500,1558,1675,1493,2000,2000,1000,1000
1091,589244895026787,21.819994183955714,commit_complete,tracking,0,127770,4241042412580,589244.880972788,0.014053998980671167,True,True,0.0,212,347,139,133,-0.1203125,-0.7229166666666667,0.27708333333333335,,4.511763871480202,,bbox clipped,0.20900998547681046,0.20900998547681046,4.784460406131885,2.9305284801738622,1.8539319259580225,0.0,1.4,337.0,0.1008862069575116,2.35,-1.85,1.85,0.5405405405405405,-10.0,-6.937658048556148,-6.937658048556148,-0.6312854532948416,-1.039375,-1.6706604532948415,-1.3196208252602313,-1.82,0.17145882092881948,0.5003791747397688,10.007583494795377,-5.279698746353249,-0.4177213280135408,-0.48551893958045944,4.855189395804595,1664.4169258557533,1674,-0.9031250000000001,-0.9031250000000001,5,0,bbox fill,False,,True,,1500,1558,1674,1493,2000,2000,1000,1000
1092,589244915019546,21.83998694305774,commit_complete,tracking,0,127771,4241075213469,589244.914391514,0.0006280320230871439,True,True,0.0,210,346,142,134,-0.121875,-0.7208333333333333,0.2791666666666667,,4.511763871480202,,bbox clipped,0.20900998547681046,0.20900998547681046,4.784460406131885,2.910535721071838,1.8739246850600466,0.0,1.4,337.0,0.12087896605953574,2.35,-1.85,1.85,0.5405405405405405,-10.0,-6.945683295966301,-6.945683295966301,-0.6356218158074062,-1.03625,-1.671871815807406,-1.3296172048112433,-1.82,0.19145158003084362,0.4903827951887567,9.807655903775135,-5.250286431077291,-0.4177213280135408,-0.48551893958045944,4.855189395804595,1664.5874411314976,1674,-0.91875,-0.91875,5,0,bbox fill,False,,True,,1500,1558,1674,1493,2000,2000,1000,1000
1093,589244935040806,21.860008202958852,commit_complete,tracking,0,127771,4241075213469,589244.914391514,0.020649291924200952,False,True,0.0,210,346,142,134,-0.121875,-0.7208333333333333,0.2791666666666667,,4.511763871480202,,duplicate frame,0.20900998547681046,0.20900998547681046,4.784460406131885,2.8905144611707243,1.8939459449611604,0.0,1.4,337.0,0.14090022596064955,2.35,-1.85,1.85,0.5405405405405405,-10.0,-6.939039643837254,-6.939039643837254,-0.6400244748302376,-0.5,-1.1400244748302377,-1.3196065748606864,-1.82,0.21147283993195742,0.5003934251393136,10.007868502786273,-5.220230910624723,-0.4177213280135408,-0.48551893958045944,4.855189395804595,1665.3571730120339,1675,-0.91875,-0.91875,5,0,bbox fill,False,,True,,1500,1558,1675,1493,2000,2000,1000,1000
1094,589244955016097,21.87998349405825,commit_complete,tracking,0,127772,4241108521071,589244.947841701,0.007174396072514355,True,True,0.0,209,346,143,134,-0.1234375,-0.7208333333333333,0.2791666666666667,,4.511763871480202,,bbox clipped,0.20900998547681046,0.20900998547681046,4.784460406131885,2.870539170071325,1.9139212360605597,0.0,1.4,337.0,0.16087551706004888,2.24,-1.7400000000000002,1.7400000000000002,0.5747126436781609,-10.0,-7.027716010247192,-7.027716010247192,-0.6061579016727948,-1.03625,-1.6424079016727946,-1.329594220410386,-1.72,0.009508746094070375,0.39040577958961387,7.808115591792277,-5.196835503342152,0.45057347540301235,-0.2983004565837651,2.9830045658376507,1665.4057153457122,1671,-0.9343750000000001,-0.9343750000000001,5,0,bbox fill,False,,True,,1500,1559,1671,1493,2000,2000,1000,1000
1095,589244974998727,21.89996612397954,commit_complete,tracking,0,127772,4241108521071,589244.947841701,0.027157025993801653,False,True,0.0,209,346,143,134,-0.1234375,-0.7208333333333333,0.2791666666666667,,4.511763871480202,,duplicate frame,0.20900998547681046,0.20900998547681046,4.784460406131885,2.8505565401500377,1.933903865981847,0.0,1.4,337.0,0.18085814698133618,2.24,-1.7400000000000002,1.7400000000000002,0.5747126436781609,-10.0,-7.020898542856376,-7.020898542856376,-0.6104071171689217,-0.5,-1.1104071171689216,-1.3196029054497425,-1.72,0.029491376015357673,0.4003970945502575,8.00794189100515,-5.172832542456282,0.45057347540301235,-0.2983004565837651,2.9830045658376507,1665.1818860856135,1671,-0.9343750000000001,-0.9343750000000001,5,0,bbox fill,False,,True,,1500,1559,1671,1493,2000,2000,1000,1000
1096,589244995017265,21.919984661974013,commit_complete,tracking,0,127773,4241141361467,589244.981286017,0.013731247978284955,True,True,0.0,208,346,144,134,-0.125,-0.7208333333333333,0.2791666666666667,,4.511763871480202,,bbox clipped,0.20900998547681046,0.20900998547681046,4.784460406131885,2.8305380021555635,1.9539224039763212,0.0,1.4,337.0,0.019207926001399755,2.24,-1.7400000000000002,1.7400000000000002,0.5747126436781609,-10.0,-7.013972307131382,-7.013972307131382,-0.614724126181992,-1.03625,-1.650974126181992,-1.3296121744469795,-1.72,0.049509914009831846,0.39038782555302043,7.807756511060409,-5.149387561901042,0.45057347540301235,-0.2983004565837651,2.9830045658376507,1665.358626485003,1671,-0.95,-0.95,5,0,bbox fill,False,,True,,1500,1558,1671,1493,2000,2000,1000,1000
1097,589245015005880,21.939973277039826,commit_complete,tracking,0,127774,4241174383078,589245.014781801,0.00022407900542020798,True,True,0.0,207,345,146,135,-0.125,-0.71875,0.28125,,4.511763871480202,,bbox clipped,0.20900998547681046,0.20900998547681046,4.784460406131885,2.8105493870897504,1.9739110190421343,0.0,1.4,337.0,0.03919654106721282,2.24,-1.7400000000000002,1.7400000000000002,0.5747126436781609,-10.0,-7.021935277740665,-7.021935277740665,-0.619096041504442,-1.033125,-1.652221041504442,-1.339606481979886,-1.72,0.06949852907564491,0.3803935180201139,7.607870360402278,-5.126576943085339,0.45057347540301235,-0.2983004565837651,2.9830045658376507,1664.5357020168453,1670,-0.95,-0.95,5,0,bbox fill,False,,True,,1500,1559,1670,1493,2000,2000,1000,1000
1098,589245035016169,21.95998356596101,commit_complete,tracking,0,127774,4241174383078,589245.014781801,0.020234367926605046,False,True,0.0,207,345,146,135,-0.125,-0.71875,0.28125,,4.511763871480202,,duplicate frame,0.20900998547681046,0.20900998547681046,4.784460406131885,2.7905390981685656,1.9939213079633191,0.0,1.4,337.0,0.05920682998839766,2.24,-1.7400000000000002,1.7400000000000002,0.5747126436781609,-10.0,-7.014759540003373,-7.014759540003373,-0.6235354312512462,-0.5,-1.1235354312512462,-1.3296013375192937,-1.72,0.08950881799682975,0.3903986624807063,7.807973249614126,-5.103140972993289,0.45057347540301235,-0.2983004565837651,2.9830045658376507,1665.3121631575416,1671,-0.95,-0.95,5,0,bbox fill,False,,True,,1500,1558,1671,1493,2000,2000,1000,1000
1099,589245055017798,21.979985194979236,commit_complete,tracking,0,127775,4241209236384,589245.04816564,0.006852157996036112,True,True,0.0,206,345,147,135,-0.1265625,-0.71875,0.28125,,4.511763871480202,,bbox clipped,0.20900998547681046,0.20900998547681046,4.784460406131885,2.770537469150341,2.013922936981544,0.0,1.4,337.0,0.07920845900662243,2.24,-1.7400000000000002,1.7400000000000002,0.5747126436781609,-10.0,-7.0074833210496426,-7.0074833210496426,-0.6280369853772877,-1.033125,-1.6611619853772877,-1.339602152028406,-1.72,0.10951044701505452,0.3803978479715939,7.6079569594318786,-5.080315243089912,0.45057347540301235,-0.2983004565837651,2.9830045658376507,1664.4893537178204,1670,-0.965625,-0.965625,5,0,bbox fill,False,,True,,1500,1558,1670,1493,2000,2000,1000,1000
1100,589245075011673,21.999979070038535,commit_complete,tracking,0,127775,4241209236384,589245.04816564,0.026846033055335283,False,True,0.0,206,345,147,135,-0.1265625,-0.71875,0.28125,,4.511763871480202,,duplicate frame,0.20900998547681046,0.20900998547681046,4.784460406131885,2.7505435940910417,2.033916812040843,0.0,1.5,337.0,0.009410675032995641,2.24,-1.7400000000000002,1.7400000000000002,0.5747126436781609,-10.0,-7.000104160755466,-7.000104160755466,-0.6326022258792845,-0.5,-1.1326022258792845,-1.3296052144987565,-1.72,0.1295043220743537,0.3903947855012435,7.80789571002487,-5.056898729394571,0.45057347540301235,-0.2983004565837651,2.9830045658376507,1665.2659984535321,1671,-0.965625,-0.965625,5,0,bbox fill,False,,True,,1500,1558,1671,1493,2000,2000,1000,1000
1101,589245095024150,22.019991546985693,commit_complete,tracking,0,127776,4241240543667,589245.081659906,0.01336424401961267,True,True,0.0,205,345,149,135,-0.1265625,-0.71875,0.28125,,4.511763871480202,,bbox clipped,0.20900998547681046,0.20900998547681046,4.784460406131885,2.730531117143883,2.0539292889880016,0.0,1.5,337.0,0.029423151980154216,2.24,-1.7400000000000002,1.7400000000000002,0.5747126436781609,-10.0,-6.992609918754134,-6.992609918754134,-0.6372386635974426,-1.033125,-1.6703636635974428,-1.3396114529723357,-1.72,0.14951679902151227,0.3803885470276642,7.6077709405532845,-5.034061178309508,0.45057347540301235,-0.2983004565837651,2.9830045658376507,1665.4432856719186,1671,-0.965625,-0.965625,5,0,bbox fill,False,,True,,1500,1558,1671,1493,2000,2000,1000,1000
1102,589245114989556,22.039956953027286,commit_complete,tracking,0,127776,4241240543667,589245.081659906,0.03332965006120503,False,True,0.0,205,345,149,135,-0.1265625,-0.71875,0.28125,,4.511763871480202,,duplicate frame,0.20900998547681046,0.20900998547681046,4.784460406131885,2.7105657111022907,2.073894695029594,0.0,1.5,337.0,0.049388558021746576,2.17,-1.67,1.67,0.5988023952095809,-10.0,-7.0527754580736355,-7.0527754580736355,-0.616107550228277,-0.5,-1.1161075502282771,-1.3296287499515396,-1.63,0.019077704986557364,0.3003712500484603,6.0074250009692065,-5.016070076398194,0.5983863511676528,-0.11896309503348151,1.189630950334815,1664.819014125094,1667,-0.965625,-0.965625,5,0,bbox fill,False,,True,,1500,1559,1667,1493,2000,2000,1000,1000
1103,589245135007148,22.059974545030855,commit_complete,tracking,0,127777,4241273800847,589245.115224117,0.019783031078986824,True,True,0.0,203,344,151,136,-0.1296875,-0.7166666666666667,0.2833333333333333,,4.511763871480202,,bbox clipped,0.20900998547681046,0.20900998547681046,4.784460406131885,2.6905481190987217,2.093912287033163,0.0,1.5,337.0,0.06940615002531558,2.17,-1.67,1.67,0.5988023952095809,-10.0,-7.060204261273359,-7.060204261273359,-0.6206913707082911,-1.03,-1.650691370708291,-1.339637545953324,-1.63,0.03909529699012637,0.2903624540466758,5.807249080933516,-4.998633004983409,0.5983863511676528,-0.11896309503348151,1.189630950334815,1665.0017529737152,1667,-0.9968750000000002,-0.9968750000000002,5,0,bbox fill,False,,True,,1500,1559,1667,1493,2000,2000,1000,1000
1104,589245155010947,22.07997834403068,commit_complete,tracking,0,127778,4241306822766,589245.148579658,0.00643128901720047,True,True,0.0,202,344,153,136,-0.1296875,-0.7166666666666667,0.2833333333333333,,4.511763871480202,,bbox clipped,0.20900998547681046,0.20900998547681046,4.784460406131885,2.670544320098898,2.1139160860329866,0.0,1.5,337.0,0.08940994902513921,2.17,-1.67,1.67,0.5988023952095809,-10.0,-7.052316212276178,-7.052316212276178,-0.6253406795878059,-1.03,-1.6553406795878058,-1.3496394454532359,-1.63,0.05909909598995,0.280360554546764,5.60721109093528,-4.981808176441511,0.5983863511676528,-0.11896309503348151,1.189630950334815,1665.1849661351714,1667,-0.9968750000000002,-0.9968750000000002,5,0,bbox fill,False,,True,,1500,1559,1667,1493,2000,2000,1000,1000
1105,589245174997262,22.099964658962563,commit_complete,tracking,0,127778,4241306822766,589245.148579658,0.026417603949084878,False,True,0.0,202,344,153,136,-0.1296875,-0.7166666666666667,0.2833333333333333,,4.511763871480202,,duplicate frame,0.20900998547681046,0.20900998547681046,4.784460406131885,2.6505580051670137,2.133902400964871,0.0,1.5,337.0,0.10939626395702362,2.17,-1.67,1.67,0.5988023952095809,-10.0,-7.044316151344514,-7.044316151344514,-0.6300560096192922,-0.5,-1.1300560096192922,-1.3396462879872937,-1.63,0.07908541092183441,0.2903537120127062,5.807074240254124,-4.964398874251728,0.5983863511676528,-0.11896309503348151,1.189630950334815,1664.967693683663,1667,-0.9968750000000002,-0.9968750000000002,5,0,bbox fill,False,,True,,1500,1559,1667,1493,2000,2000,1000,1000
1106,589245195022543,22.119989939965308,commit_complete,tracking,0,127779,4241339593874,589245.182075512,0.01294703094754368,True,True,0.0,201,344,154,136,-0.13125,-0.7166666666666667,0.2833333333333333,,4.511763871480202,,bbox clipped,0.20900998547681046,0.20900998547681046,4.784460406131885,2.6305327241642686,2.153927681967616,0.0,1.5,337.0,0.12942154495976865,2.17,-1.67,1.67,0.5988023952095809,-10.0,-7.03617857139699,-7.03617857139699,-0.6348523949765977,-1.03,-1.6648523949765979,-1.3496589284886662,-1.63,0.09911069192457944,0.2803410715113337,5.606821430226674,-4.947557148050853,0.5983863511676528,-0.11896309503348151,1.189630950334815,1665.1511047674894,1667,-1.0125000000000002,-1.0125000000000002,5,0,bbox fill,False,,True,,1500,1559,1667,1492,2000,2000,1000,1000
1107,589245214996168,22.139963565045036,commit_complete,tracking,0,127779,4241339593874,589245.182075512,0.032920656027272344,False,True,0.0,201,344,154,136,-0.13125,-0.7166666666666667,0.2833333333333333,,4.511763871480202,,duplicate frame,0.20900998547681046,0.20900998547681046,4.784460406131885,2.61055909908454,2.1739013070473447,0.0,1.5,337.0,0.14939517003949732,2.17,-1.67,1.67,0.5988023952095809,-10.0,-7.027937620502659,-7.027937620502659,-0.6397097083860804,-0.5,-1.1397097083860803,-1.3396721159488019,-1.63,0.1190843170043081,0.290327884051198,5.8065576810239605,-4.930160447132164,0.5983863511676528,-0.11896309503348151,1.189630950334815,1664.9339718157735,1667,-1.0125000000000002,-1.0125000000000002,5,0,bbox fill,False,,True,,1500,1559,1667,1492,2000,2000,1000,1000
1108,589245235029244,22.1599966409849,commit_complete,tracking,0,127780,4241372765638,589245.215436466,0.019592777942307293,True,True,0.0,200,344,156,136,-0.13125,-0.7166666666666667,0.2833333333333333,,4.511763871480202,,bbox clipped,0.20900998547681046,0.20900998547681046,4.784460406131885,2.590526023144676,2.1939343829872087,0.0,1.5,337.0,0.01810585497878492,2.12,-1.62,1.62,0.6172839506172839,-10.0,-7.071908900010361,-7.071908900010361,-0.6253556171705464,-1.03,-1.6553556171705464,-1.3496886539187338,-1.56,0.007948155980557203,0.21031134608126623,4.2062269216253245,-4.917520897630981,0.5336617153564537,0.011561867044505542,-0.11561867044505542,1664.8269126464506,1664,-1.0125000000000002,-1.0125000000000002,5,0,bbox fill,False,,True,,1500,1559,1664,1492,2000,2000,1000,1000
1109,589245255021370,22.179988767020404,commit_complete,tracking,0,127781,4241405687784,589245.248972239,0.006049131043255329,True,True,0.0,198,344,159,136,-0.1328125,-0.7166666666666667,0.2833333333333333,,4.511763871480202,,bbox clipped,0.20900998547681046,0.20900998547681046,4.784460406131885,2.570533897109172,2.2139265090227127,0.0,1.5,337.0,0.03809798101428896,2.12,-1.62,1.62,0.6172839506172839,-10.0,-7.063402508694912,-7.063402508694912,-0.6302192714991448,-1.03,-1.6602192714991448,-1.3596847169364858,-1.56,0.027940282016061246,0.2003152830635142,4.006305661270284,-4.905506712473451,0.5336617153564537,0.011561867044505542,-0.11561867044505542,1665.014819721648,1664,-1.028125,-1.028125,5,0,bbox fill,False,,True,,1500,1559,1664,1492,2000,2000,1000,1000
1110,589245275022130,22.19998952699825,commit_complete,tracking,0,127781,4241405687784,589245.248972239,0.026049891021102667,False,True,0.0,198,344,159,136,-0.1328125,-0.7166666666666667,0.2833333333333333,,4.511763871480202,,duplicate frame,0.20900998547681046,0.20900998547681046,4.784460406131885,2.5505331371313247,2.23392726900056,0.0,1.5,337.0,0.0580987409921363,2.12,-1.62,1.62,0.6172839506172839,-10.0,-7.054759004173738,-7.054759004173738,-0.6351613223194864,-0.5,-1.1351613223194863,-1.3496843369475622,-1.56,0.047941041993908584,0.21031566305243787,4.2063132610487575,-4.89288729318457,0.5336617153564537,0.011561867044505542,-0.11561867044505542,1664.802192702581,1664,-1.028125,-1.028125,5,0,bbox fill,False,,True,,1500,1559,1664,1492,2000,2000,1000,1000
1111,589245294992427,22.21995982399676,commit_complete,tracking,0,127782,4241439288586,589245.282357989,0.012634437996894121,True,True,0.0,197,344,160,136,-0.134375,-0.7166666666666667,0.2833333333333333,,4.511763871480202,,bbox clipped,0.20900998547681046,0.20900998547681046,4.784460406131885,2.5305628401328164,2.2538975659990683,0.0,1.5,337.0,0.07806903799064457,2.12,-1.62,1.62,0.6172839506172839,-10.0,-7.04599234549606,-7.04599234549606,-0.6401737883398994,-1.03,-1.6701737883398993,-1.3596694854468163,-1.56,0.06791133899241686,0.20033051455318374,4.006610291063675,-4.880885313564097,0.5336617153564537,0.011561867044505542,-0.11561867044505542,1664.9898936929455,1664,-1.04375,-1.04375,5,0,bbox fill,False,,True,,1500,1559,1664,1492,2000,2000,1000,1000
1112,589245315009902,22.23997729900293,commit_complete,tracking,0,127782,4241439288586,589245.282357989,0.03265191300306469,False,True,0.0,197,344,160,136,-0.134375,-0.7166666666666667,0.2833333333333333,,4.511763871480202,,duplicate frame,0.20900998547681046,0.20900998547681046,4.784460406131885,2.510545365126646,2.273915041005239,0.0,1.5,337.0,0.09808651299681515,2.12,-1.62,1.62,0.6172839506172839,-10.0,-7.037065011851615,-7.037065011851615,-0.6452781226354292,-0.5,-1.1452781226354292,-1.349660747943731,-1.56,0.08792881399858743,0.21033925205626902,4.20678504112538,-4.868253931401537,0.5336617153564537,0.011561867044505542,-0.11561867044505542,1664.7770875607212,1664,-1.04375,-1.04375,5,0,bbox fill,False,,True,,1500,1559,1664,1492,2000,2000,1000,1000
1113,589245335033012,22.26000040897634,commit_complete,tracking,0,127783,4241471699638,589245.315775542,0.01925746991764754,True,True,0.0,196,345,162,135,-0.134375,-0.71875,0.28125,,4.511763871480202,,bbox clipped,0.20900998547681046,0.20900998547681046,4.784460406131885,2.4905222551532376,2.293938150978647,0.0,1.5,337.0,0.007213255972601473,2.12,-1.62,1.62,0.6172839506172839,-10.0,-7.013079895422094,-7.013079895422094,-0.6504659802368737,-1.033125,-1.6835909802368738,-1.3596723029304352,-1.56,0.10795192397199571,0.20032769706956488,4.006553941391298,-4.856220380874107,0.5336617153564537,0.011561867044505542,-0.11561867044505542,1664.965285109928,1664,-1.04375,-1.04375,5,0,bbox fill,False,,True,,1500,1558,1664,1492,2000,2000,1000,1000
1114,589245355112835,22.280080231954344,commit_complete,tracking,0,127784,4241504687646,589245.349244048,0.005868786945939064,True,True,0.0,194,345,165,135,-0.1359375,-0.71875,0.28125,,4.511763871480202,,bbox clipped,0.20900998547681046,0.20900998547681046,4.784460406131885,2.4704424321752327,2.314017973956652,0.0,1.5,337.0,0.027293078950606287,2.12,-1.62,1.62,0.6172839506172839,-10.0,-7.003901067124745,-7.003901067124745,-0.6557529853361468,-1.033125,-1.6888779853361469,-1.3697122144194376,-1.56,0.12803174695000052,0.19028778558056247,3.8057557116112495,-4.844757545726104,0.5336617153564537,0.011561867044505542,-0.11561867044505542,1665.15462050456,1664,-1.059375,-1.059375,5,0,bbox fill,False,,True,,1500,1558,1664,1492,2000,2000,1000,1000
1115,589245375022168,22.29998956504278,commit_complete,tracking,0,127784,4241504687646,589245.349244048,0.025778120034374297,False,True,0.0,194,345,165,135,-0.1359375,-0.71875,0.28125,,4.511763871480202,,duplicate frame,0.20900998547681046,0.20900998547681046,4.784460406131885,2.4505330990867975,2.333927307045087,0.0,1.5,337.0,0.04720241203904152,2.12,-1.62,1.62,0.6172839506172839,-10.0,-6.994651659217524,-6.994651659217524,-0.6610806442907058,-0.5,-1.1610806442907058,-1.35975754787522,-1.56,0.14794108003843576,0.2002424521247801,4.004849042495602,-4.832797464692712,0.5336617153564537,0.011561867044505542,-0.11561867044505542,1664.943567092642,1664,-1.059375,-1.059375,5,0,bbox fill,False,,True,,1500,1558,1664,1492,2000,2000,1000,1000
1116,589245395027687,22.319995083962567,commit_complete,tracking,0,127785,4241537603184,589245.382726874,0.01230081298854202,True,True,0.0,193,345,166,135,-0.1375,-0.71875,0.28125,,4.511763871480202,,bbox clipped,0.20900998547681046,0.20900998547681046,4.784460406131885,2.430527580167009,2.3539328259648755,0.0,1.5,337.0,0.06720793095882982,2.12,-1.62,1.62,0.6172839506172839,-10.0,-6.985204935246303,-6.985204935246303,-0.666521957298129,-1.033125,-1.6996469572981292,-1.3697603073351141,-1.56,0.16794659895822406,0.19023969266488594,3.804793853297719,-4.821379933380006,0.5336617153564537,0.011561867044505542,-0.11561867044505542,1665.1322047505273,1664,-1.0750000000000002,-1.0750000000000002,5,0,bbox fill,False,,True,,1500,1558,1664,1492,2000,2000,1000,1000
1117,589245415038795,22.340006191981956,commit_complete,tracking,0,127785,4241537603184,589245.382726874,0.03231192100793123,False,True,0.0,193,345,166,135,-0.1375,-0.71875,0.28125,,4.511763871480202,,duplicate frame,0.20900998547681046,0.20900998547681046,4.784460406131885,2.41051647214762,2.3739439339842647,0.0,1.5,337.0,0.08721903897821903,2.04,-1.54,1.54,0.6493506493506493,-10.0,-7.06578629477831,-7.06578629477831,-0.6388672377036096,-0.5,-1.1388672377036095,-1.3597547533254195,-1.47,0.0166819499572739,0.11024524667458047,2.2049049334916093,-4.814761544760517,0.5254684116755204,0.1143431759707085,-1.143431759707085,1664.753288370976,1661,-1.0750000000000002,-1.0750000000000002,5,0,bbox fill,False,,True,,1500,1559,1661,1492,2000,2000,1000,1000
1118,589245435042794,22.360010190983303,commit_complete,tracking,0,127786,4241570581367,589245.41623144,0.01881135394796729,True,True,0.0,191,345,169,135,-0.1390625,-0.71875,0.28125,,4.511763871480202,,bbox clipped,0.20900998547681046,0.20900998547681046,4.784460406131885,2.3905124731462735,2.3939479329856113,0.0,1.4,337.0,0.006374200922437012,2.04,-1.54,1.54,0.6493506493506493,-10.0,-7.056022733919695,-7.056022733919695,-0.6442133296937492,-1.033125,-1.6773383296937494,-1.3697567528260928,-1.47,0.03668594895862043,0.1002432471739072,2.004864943478144,-4.808745747311442,0.5254684116755204,0.1143431759707085,-1.143431759707085,1664.9473125635404,1661,-1.0906250000000002,-1.0906250000000002,5,0,bbox fill,False,,True,,1500,1559,1661,1492,2000,2000,1000,1000
1119,589245454991795,22.379959192010574,commit_complete,tracking,0,127787,4241603664419,589245.449598527,0.005393267958424985,True,True,0.0,190,346,170,134,-0.140625,-0.7208333333333333,0.2791666666666667,,4.511763871480202,,bbox clipped,0.20900998547681046,0.20900998547681046,4.784460406131885,2.3705634721190023,2.4138969340128824,0.0,1.4,337.0,0.026323201949708164,2.04,-1.54,1.54,0.6493506493506493,-10.0,-7.030965457184035,-7.030965457184035,-0.6496345776489262,-1.03625,-1.6858845776489262,-1.3797312533397283,-1.47,0.05663494998589158,0.09026874666027163,1.8053749332054325,-4.803343433351873,0.5254684116755204,0.1143431759707085,-1.143431759707085,1665.1414002598535,1661,-1.10625,-1.10625,5,0,bbox fill,False,,True,,1500,1559,1661,1492,2000,2000,1000,1000
1120,589245475058333,22.400025730021298,commit_complete,tracking,0,127787,4241603664419,589245.449598527,0.025459805969148874,False,True,0.0,190,346,170,134,-0.140625,-0.7208333333333333,0.2791666666666667,,4.511763871480202,,duplicate frame,0.20900998547681046,0.20900998547681046,4.784460406131885,2.3504969341082784,2.4339634720236063,0.0,1.4,337.0,0.04638973996043205,2.04,-1.54,1.54,0.6493506493506493,-10.0,-7.0209117846373665,-7.0209117846373665,-0.6551806035791485,-0.5,-1.1551806035791485,-1.3696979843343664,-1.47,0.07670148799661547,0.10030201566563357,2.0060403133126714,-4.797305290722154,0.5254684116755204,0.1143431759707085,-1.143431759707085,1664.9346967371166,1661,-1.10625,-1.10625,5,0,bbox fill,False,,True,,1500,1559,1661,1492,2000,2000,1000,1000
1121,589245495039676,22.420007072971202,commit_complete,tracking,0,127788,4241636638465,589245.483080217,0.011959458934143186,True,True,0.0,188,346,173,134,-0.1421875,-0.7208333333333333,0.2791666666666667,,4.511763871480202,,bbox clipped,0.20900998547681046,0.20900998547681046,4.784460406131885,2.330515591158374,2.453944814973511,0.0,1.4,337.0,0.06637108291033655,2.04,-1.54,1.54,0.6493506493506493,-10.0,-7.010728766129297,-7.010728766129297,-0.6607979821471818,-1.03625,-1.6970479821471818,-1.3796886558093187,-1.47,0.09668283094651997,0.09031134419068132,1.8062268838136264,-4.791891664900531,0.5254684116755204,0.1143431759707085,-1.143431759707085,1665.129096540794,1661,-1.121875,-1.121875,5,0,bbox fill,False,,True,,1500,1558,1661,1492,2000,2000,1000,1000
1122,589245515038727,22.440006123972125,commit_complete,tracking,0,127788,4241636638465,589245.483080217,0.031958509935066104,False,True,0.0,188,346,173,134,-0.1421875,-0.7208333333333333,0.2791666666666667,,4.511763871480202,,duplicate frame,0.20900998547681046,0.20900998547681046,4.784460406131885,2.310516540157451,2.4739438659744337,0.0,1.4,337.0,0.08637013391125947,2.04,-1.54,1.54,0.6493506493506493,-10.0,-7.000360363479617,-7.000360363479617,-0.666517626355125,-0.5,-1.166517626355125,-1.3696891303088572,-1.47,0.11668188194744289,0.10031086969114278,2.0062173938228556,-4.78587329830383,0.5254684116755204,0.1143431759707085,-1.143431759707085,1664.923087664188,1661,-1.121875,-1.121875,5,0,bbox fill,False,,True,,1500,1558,1661,1492,2000,2000,1000,1000
1123,589245535052693,22.460020089987665,commit_complete,tracking,0,127789,4241669498714,589245.516442252,0.018610441009514034,True,True,0.0,186,346,176,134,-0.14375,-0.7208333333333333,0.2791666666666667,,4.511763871480202,,bbox clipped,0.20900998547681046,0.20900998547681046,4.784460406131885,2.290502574141911,2.493957831989974,0.0,1.5,336.0,0.005491957999765873,2.04,-1.54,1.54,0.6493506493506493,-10.0,-6.989802966481493,-6.989802966481493,-0.6723415277439402,-1.03625,-1.70859152774394,-1.3796961133166272,-1.47,0.13669584796298295,0.09030388668337275,1.806077733667455,-4.780451281546373,0.5254684116755204,0.1143431759707085,-1.143431759707085,1665.117805307586,1661,-1.1375,-1.1375,5,0,bbox fill,False,,True,,1500,1558,1661,1492,2000,2000,1000,1000
1124,589245554999005,22.479966402053833,commit_complete,tracking,0,127790,4241702569889,589245.549913712,0.005085293087176979,True,True,0.0,185,346,178,134,-0.14375,-0.7208333333333333,0.2791666666666667,,4.511763871480202,,bbox clipped,0.20900998547681046,0.20900998547681046,4.784460406131885,2.2705562620757433,2.5139041440561414,0.0,1.5,336.0,0.025438270065933466,2.04,-1.54,1.54,0.6493506493506493,-10.0,-6.979096081963883,-6.979096081963883,-0.6782478926957447,-1.03625,-1.7144978926957446,-1.389669269349711,-1.47,0.15664216002915055,0.08033073065028895,1.606614613005779,-4.775644376080211,0.5254684116755204,0.1143431759707085,-1.143431759707085,1665.3124615227814,1661,-1.1375,-1.1375,5,0,bbox fill,False,,True,,1500,1558,1661,1492,2000,2000,1000,1000
1125,589245575025928,22.499993324978277,commit_complete,tracking,0,127790,4241702569889,589245.549913712,0.025112216011621058,False,True,0.0,185,346,178,134,-0.14375,-0.7208333333333333,0.2791666666666667,,4.511763871480202,,duplicate frame,0.20900998547681046,0.20900998547681046,4.784460406131885,2.2505293391512993,2.5339310669805855,0.0,1.5,336.0,0.045465192990377545,1.98,-1.48,1.48,0.6756756756756757,-10.0,-7.041645684153179,-7.041645684153179,-0.6576230641623739,-0.5,-1.157623064162374,-1.379655807887489,-1.34,0.01517898601014167,-0.0396558078874889,-0.7931161577497781,-4.778026927504419,0.8050029225353703,0.25247512528364086,-2.5247512528364084,1665.0958943380906,1657,-1.1375,-1.1375,5,0,bbox fill,False,,True,,1500,1559,1657,1492,2000,2000,1000,1000
1126,589245595027634,22.51999503094703,commit_complete,tracking,0,127791,4241735694144,589245.583389631,0.011638002935796976,True,True,0.0,183,346,180,134,-0.146875,-0.7208333333333333,0.28125,,4.511763871480202,,bbox clipped,0.20900998547681046,0.20900998547681046,4.784460406131885,2.2305276331825468,2.553932772949338,0.0,1.5,336.0,0.06546689895913005,1.98,-1.48,1.48,0.6756756756756757,-10.0,-7.030522264740299,-7.030522264740299,-0.6635201366630532,-1.03625,-1.699770136663053,-1.3896566608718652,-1.34,0.035180691978894174,-0.049656660871865155,-0.9931332174373031,-4.781006581294866,0.8050029225353703,0.25247512528364086,-2.5247512528364084,1665.2988910515685,1657,-1.1687500000000002,-1.1687500000000002,5,0,bbox fill,False,,True,,1500,1559,1657,1491,2000,2000,1000,1000
1127,589245615022872,22.539990268996917,commit_complete,tracking,0,127791,4241735694144,589245.583389631,0.0316332409856841,False,True,0.0,183,346,180,134,-0.146875,-0.7208333333333333,0.28125,,4.511763871480202,,duplicate frame,0.20900998547681046,0.20900998547681046,4.784460406131885,2.2105323951326596,2.573928010999225,0.0,1.5,336.0,0.08546213700901717,1.98,-1.48,1.48,0.6756756756756757,-10.0,-7.019201242380622,-7.019201242380622,-0.6695219682185121,-0.5,-1.169521968218512,-1.3796590418469217,-1.34,0.055175930028781295,-0.039659041846921594,-0.7931808369384319,-4.783385557242545,0.8050029225353703,0.25247512528364086,-2.5247512528364084,1665.1013176470174,1657,-1.1687500000000002,-1.1687500000000002,5,0,bbox fill,False,,True,,1500,1558,1657,1491,2000,2000,1000,1000
1128,589245635059109,22.560026505962014,commit_complete,tracking,0,127792,4241769201588,589245.616823101,0.018236008007079363,True,True,0.0,181,346,183,134,-0.1484375,-0.7208333333333333,0.2859375,,4.511763871480202,,bbox clipped,0.20900998547681046,0.20900998547681046,4.784460406131885,2.190496158167562,2.5939642479643226,0.0,1.5,336.0,0.10549837397411466,1.98,-1.48,1.48,0.6756756756756757,-10.0,-7.007649690294006,-7.007649690294006,-0.6756460149366704,-1.03625,-1.7118960149366704,-1.3896771603294704,-1.34,0.07521216699387878,-0.04967716032947034,-0.9935432065894068,-4.786371587310889,0.8050029225353703,0.25247512528364086,-2.5247512528364084,1665.3046660467367,1657,-1.184375,-1.184375,5,0,bbox fill,False,,True,,1500,1558,1657,1491,2000,2000,1000,1000
1129,589245655016779,22.57998417597264,commit_complete,tracking,0,127793,4241802761771,589245.650253872,0.004762906930409372,True,True,0.0,179,346,186,134,-0.15,-0.7208333333333333,0.290625,,4.511763871480202,,bbox clipped,0.20900998547681046,0.20900998547681046,4.784460406131885,2.170538488156936,2.613921917974949,0.0,1.5,336.0,0.12545604398474097,1.98,-1.48,1.48,0.6756756756756757,-10.0,-6.995931422691042,-6.995931422691042,-0.6818584457614059,-1.03625,-1.7181084457614058,-1.3996559953347836,-1.34,0.0951698370045051,-0.059655995334783496,-1.19311990669567,-4.78994337131803,0.8050029225353703,0.25247512528364086,-2.5247512528364084,1664.50781453085,1656,-1.2,-1.2,5,0,bbox fill,False,,True,,1500,1558,1656,1491,2000,2000,1000,1000
1130,589245675056214,22.600023610983044,commit_complete,tracking,0,127793,4241802761771,589245.650253872,0.024802341940812767,False,True,0.0,179,346,186,134,-0.15,-0.7208333333333333,0.290625,,4.511763871480202,,duplicate frame,0.20900998547681046,0.20900998547681046,4.784460406131885,2.1504990531465324,2.6339613529853523,0.0,1.6,336.0,0.014528698986396194,1.98,-1.48,1.48,0.6756756756756757,-10.0,-6.983946305441897,-6.983946305441897,-0.6882123467269226,-0.5,-1.1882123467269226,-1.3896362778295819,-1.34,0.11520927201490849,-0.0496362778295818,-0.992725556591636,-4.792927420209202,0.8050029225353703,0.25247512528364086,-2.5247512528364084,1665.3104042296372,1657,-1.2,-1.2,5,0,bbox fill,False,,True,,1500,1558,1657,1491,2000,2000,1000,1000
1131,589245695020927,22.619988324004225,commit_complete,tracking,0,127794,4241834197362,589245.683723694,0.011297233053483069,True,True,0.0,177,346,188,134,-0.153125,-0.7208333333333333,0.29375,,4.511763871480202,,bbox clipped,0.20900998547681046,0.20900998547681046,4.784460406131885,2.130534340125351,2.653926066006534,0.0,1.6,336.0,0.03449341200757772,1.98,-1.48,1.48,0.6756756756756757,-10.0,-6.971781677271507,-6.971781677271507,-0.6946614152733739,-1.03625,-1.7309114152733738,-1.3996186343401726,-1.34,0.13517398503609002,-0.05961863434017256,-1.1923726868034512,-4.796498226985151,0.8050029225353703,0.25247512528364086,-2.5247512528364084,1664.513622166625,1656,-1.2312500000000002,-1.2312500000000002,5,0,bbox fill,False,,True,,1500,1558,1656,1491,2000,2000,1000,1000
1132,589245714992514,22.639959911000915,commit_complete,tracking,0,127794,4241834197362,589245.683723694,0.03126882005017251,False,True,0.0,177,346,188,134,-0.153125,-0.7208333333333333,0.29375,,4.511763871480202,,duplicate frame,0.20900998547681046,0.20900998547681046,4.784460406131885,2.1105627531286615,2.6738976530032232,0.0,1.6,336.0,0.054464999004267156,1.94,-1.44,1.44,0.6944444444444444,-10.0,-7.011778747208044,-7.011778747208044,-0.6822824850222383,-0.5,-1.1822824850222382,-1.389632840841828,-1.23,0.003984523005783558,-0.15963284084182794,-3.1926568168365588,-4.806062590490355,0.7277006921297242,0.3475202386528575,-3.4752023865285753,1664.4739217938554,1653,-1.2312500000000002,-1.2312500000000002,5,0,bbox fill,False,,True,,1500,1558,1653,1491,2000,2000,1000,1000
1133,589245735030120,22.659997517010197,commit_complete,tracking,0,127795,4241867451967,589245.717150464,0.017879656050354242,True,True,0.0,175,346,191,134,-0.1546875,-0.7208333333333333,0.2984375,,4.511763871480202,,bbox clipped,0.20900998547681046,0.20900998547681046,4.784460406131885,2.0905251471193793,2.6939352590125054,0.0,1.6,336.0,0.07450260501354933,1.94,-1.44,1.44,0.6944444444444444,-10.0,-6.999100601802006,-6.999100601802006,-0.6888221373391443,-1.03625,-1.7250721373391442,-1.399651643846469,-1.23,0.02402212901506573,-0.16965164384646902,-3.3930328769293805,-4.816260828885023,0.7277006921297242,0.3475202386528575,-3.4752023865285753,1664.684496092343,1653,-1.2468750000000002,-1.2468750000000002,5,0,bbox fill,False,,True,,1500,1558,1653,1491,2000,2000,1000,1000
1134,589245755319039,22.680286435992457,commit_complete,tracking,0,127796,4241900264461,589245.750605471,0.004713568021543324,True,True,0.0,173,347,194,133,-0.15625,-0.7229166666666667,0.303125,,4.511763871480202,,bbox clipped,0.20900998547681046,0.20900998547681046,4.784460406131885,2.0702362281371194,2.7142241779947653,0.0,1.6,336.0,0.09479152399580926,1.94,-1.44,1.44,0.6944444444444444,-10.0,-6.971192393429975,-6.971192393429975,-0.695572795233986,-1.039375,-1.7349477952339858,-1.409796103337599,-1.23,0.04431104799732566,-0.179796103337599,-3.59592206675198,-4.82720443460685,0.7277006921297242,0.3475202386528575,-3.4752023865285753,1664.8983288878874,1653,-1.2625,-1.2625,5,0,bbox fill,False,,True,,1500,1558,1653,1491,2000,2000,1000,1000
1135,589245775035884,22.700003281002864,commit_complete,tracking,0,127796,4241900264461,589245.750605471,0.024430413031950593,False,True,0.0,173,347,194,133,-0.15625,-0.7229166666666667,0.303125,,4.511763871480202,,duplicate frame,0.20900998547681046,0.20900998547681046,4.784460406131885,2.050519383126712,2.7339410230051726,0.0,1.5,336.0,0.013576867990195751,1.94,-1.44,1.44,0.6944444444444444,-10.0,-6.958322823236681,-6.958322823236681,-0.7022611011870717,-0.5,-1.2022611011870716,-1.3999376808323953,-1.23,0.06402789300773293,-0.16993768083239535,-3.398753616647907,-4.837256339350051,0.7277006921297242,0.3475202386528575,-3.4752023865285753,1664.7112123425266,1653,-1.2625,-1.2625,5,0,bbox fill,False,,True,,1500,1558,1653,1491,2000,2000,1000,1000
1136,589245795013897,22.719981294008903,commit_complete,tracking,0,127797,4241933373979,589245.784120722,0.010893175029195845,True,True,0.0,171,347,196,133,-0.159375,-0.7229166666666667,0.30625,,4.511763871480202,,bbox clipped,0.20900998547681046,0.20900998547681046,4.784460406131885,2.030541370120673,2.7539190360112116,0.0,1.5,336.0,0.033554880996234715,1.94,-1.44,1.44,0.6944444444444444,-10.0,-6.945027865105562,-6.945027865105562,-0.709170480931606,-1.039375,-1.7485454809316059,-1.4099266873354148,-1.23,0.08400590601377189,-0.17992668733541484,-3.5985337467082967,-4.848040072449212,0.7277006921297242,0.3475202386528575,-3.4752023865285753,1664.921776205686,1653,-1.29375,-1.29375,5,0,bbox fill,False,,True,,1500,1558,1653,1490,2000,2000,1000,1000
1137,589245815022716,22.73999011295382,commit_complete,tracking,0,127797,4241933373979,589245.784120722,0.030901993974111974,False,True,0.0,171,347,196,133,-0.159375,-0.7229166666666667,0.30625,,4.511763871480202,,duplicate frame,0.20900998547681046,0.20900998547681046,4.784460406131885,2.010532551175757,2.7739278549561277,0.0,1.5,336.0,0.053563699941150844,1.94,-1.44,1.44,0.6944444444444444,-10.0,-6.931447579397079,-6.931447579397079,-0.7162281452035629,-0.5,-1.216228145203563,-1.3999222778629568,-1.23,0.10401472495868802,-0.16992227786295677,-3.3984455572591354,-4.858239904726615,0.7277006921297242,0.3475202386528575,-3.4752023865285753,1664.7318878485144,1653,-1.29375,-1.29375,5,0,bbox fill,False,,True,,1500,1558,1653,1490,2000,2000,1000,1000
1138,589245835032308,22.759999705012888,commit_complete,tracking,0,127798,4241966366984,589245.817475635,0.01755667303223163,True,True,0.0,168,348,200,132,-0.1625,-0.725,0.3125,,4.511763871480202,,bbox clipped,0.20900998547681046,0.20900998547681046,4.784460406131885,1.9905229591166886,2.793937447015196,0.0,1.5,336.0,0.07357329200021923,1.94,-1.44,1.44,0.6944444444444444,-10.0,-6.903175735955952,-6.903175735955952,-0.7234279782630652,-1.0425,-1.7659279782630652,-1.409927073892491,-1.23,0.1240243170177564,-0.17992707389249096,-3.5985414778498193,-4.869040706773527,0.7277006921297242,0.3475202386528575,-3.4752023865285753,1664.9427845711518,1653,-1.3250000000000002,-1.3250000000000002,5,0,bbox fill,False,,True,,1500,1558,1653,1490,2000,2000,1000,1000
1139,589245855006415,22.77997381205205,commit_complete,tracking,0,127799,4241999538202,589245.850960634,0.0040457810973748565,True,True,0.0,166,348,203,132,-0.1640625,-0.725,0.3171875,,4.511763871480202,,bbox clipped,0.20900998547681046,0.20900998547681046,4.784460406131885,1.9705488520775276,2.813911554054357,0.0,1.5,336.0,0.09354739903938025,1.94,-1.44,1.44,0.6944444444444444,-10.0,-6.889171943374425,-6.889171943374425,-0.7307608732875737,-1.0425,-1.7732608732875736,-1.4199141274120715,-1.23,0.14399842405691743,-0.18991412741207148,-3.7982825482414295,-4.880420802101059,0.7277006921297242,0.3475202386528575,-3.4752023865285753,1665.1539057368711,1653,-1.340625,-1.340625,5,0,bbox fill,False,,True,,1500,1557,1653,1490,2000,2000,1000,1000
1140,589245875031757,22.799999154056422,commit_complete,tracking,0,127799,4241999538202,589245.850960634,0.024071123101748526,False,True,0.0,166,348,203,132,-0.1640625,-0.725,0.3171875,,4.511763871480202,,duplicate frame,0.20900998547681046,0.20900998547681046,4.784460406131885,1.950523510073154,2.833936896058731,0.0,1.5,336.0,0.11357274104375392,1.88,-1.38,1.38,0.7246376811594204,-10.0,-6.957875718206445,-6.957875718206445,-0.7075023668636752,-0.5,-1.2075023668636753,-1.4099014564098846,-1.12,0.002711328095756471,-0.2899014564098845,-5.79802912819769,-4.897836929537581,0.6819065001268039,0.4143974909476468,-4.1439749094764675,1664.8398409672118,1650,-1.340625,-1.340625,5,0,bbox fill,False,,True,,1500,1558,1650,1490,2000,2000,1000,1000
1141,589245895029970,22.819997366983443,commit_complete,tracking,0,127800,4242032526882,589245.884424134,0.01060583593789488,True,True,0.0,163,349,206,131,-0.16875,-0.7270833333333333,0.321875,,4.511763871480202,,bbox clipped,0.20900998547681046,0.20900998547681046,4.784460406131885,1.9305252971461329,2.853935108985752,0.0,1.4,336.0,0.0024652599822729826,1.88,-1.38,1.38,0.7246376811594204,-10.0,-6.928549116038774,-6.928549116038774,-0.7148313477373405,-1.0456249999999998,-1.7604563477373403,-1.4199005628733952,-1.12,0.022709541022777557,-0.29990056287339506,-5.998011257467901,-4.915829355477408,0.6819065001268039,0.4143974909476468,-4.1439749094764675,1665.0578155224218,1650,-1.3875000000000002,-1.3875000000000002,5,0,bbox fill,False,,True,,1500,1558,1650,1490,2000,2000,1000,1000
1142,589245915029891,22.839997287956066,commit_complete,tracking,0,127800,4242032526882,589245.884424134,0.030605756910517812,False,True,0.0,163,349,206,131,-0.16875,-0.7270833333333333,0.321875,,4.511763871480202,,duplicate frame,0.20900998547681046,0.20900998547681046,4.784460406131885,1.91052537617351,2.873935029958375,0.0,1.4,336.0,0.022465180954895914,1.88,-1.38,1.38,0.7246376811594204,-10.0,-6.913750195765426,-6.913750195765426,-0.7223144048282304,-0.5,-1.2223144048282304,-1.4099006023870837,-1.12,0.04270946199540049,-0.2899006023870836,-5.798012047741672,-4.93322332289038,0.6819065001268039,0.4143974909476468,-4.1439749094764675,1664.8752102801086,1650,-1.3875000000000002,-1.3875000000000002,5,0,bbox fill,False,,True,,1500,1558,1650,1490,2000,2000,1000,1000
1143,589245935037073,22.860004469985142,commit_complete,tracking,0,127801,4242065688676,589245.917804852,0.01723222096916288,True,True,0.0,161,349,209,131,-0.1703125,-0.7270833333333333,0.3265625,,4.511763871480202,,bbox clipped,0.20900998547681046,0.20900998547681046,4.784460406131885,1.890518194144434,2.8939422119874507,0.0,1.4,336.0,0.042472362983971834,1.88,-1.38,1.38,0.7246376811594204,-10.0,-6.898632614567724,-6.898632614567724,-0.7299585924506417,-1.0456249999999998,-1.7755835924506416,-1.4199041934016217,-1.12,0.06271664402447641,-0.29990419340162155,-5.998083868032431,-4.951224036256389,0.6819065001268039,0.4143974909476468,-4.1439749094764675,1665.0932828137652,1650,-1.4031250000000002,-1.4031250000000002,5,0,bbox fill,False,,True,,1500,1557,1650,1490,2000,2000,1000,1000
1144,589245954998066,22.879965462954715,commit_complete,tracking,0,127802,4242099239794,589245.951248693,0.0037493729032576084,True,True,0.0,158,349,213,131,-0.1734375,-0.7270833333333333,0.3328125,,4.511763871480202,,bbox clipped,0.20900998547681046,0.20900998547681046,4.784460406131885,1.8705572011748615,2.9139032049570233,0.0,1.4,336.0,0.06243335595354438,1.88,-1.38,1.38,0.7246376811594204,-10.0,-6.883227662715178,-6.883227662715178,-0.7377480887156234,-1.0456249999999998,-1.7833730887156232,-1.429884689886408,-1.12,0.08267763699404895,-0.3098846898864078,-6.1976937977281565,-4.969780854604991,0.6819065001268039,0.4143974909476468,-4.1439749094764675,1664.3114495618097,1649,-1.434375,-1.434375,5,0,bbox fill,False,,True,,1500,1557,1649,1489,2000,2000,1000,1000
1145,589245975037069,22.90000446594786,commit_complete,tracking,0,127802,4242099239794,589245.951248693,0.023788375896401703,False,True,0.0,158,349,213,131,-0.1734375,-0.7270833333333333,0.3328125,,4.511763871480202,,duplicate frame,0.20900998547681046,0.20900998547681046,4.784460406131885,1.8505181981817174,2.9339422079501674,0.0,1.4,336.0,0.08247235894668847,1.88,-1.38,1.38,0.7246376811594204,-10.0,-6.867428218322203,-6.867428218322203,-0.745737059681964,-0.5,-1.245737059681964,-1.4198651883898359,-1.12,0.10271663998719305,-0.2998651883898358,-5.997303767796716,-4.987807852828042,0.6819065001268039,0.4143974909476468,-4.1439749094764675,1665.1290865301012,1650,-1.434375,-1.434375,5,0,bbox fill,False,,True,,1500,1557,1650,1489,2000,2000,1000,1000
1146,589245995055581,22.920022977981716,commit_complete,tracking,0,127803,4242132077828,589245.984710695,0.010344885988160968,True,True,0.0,155,350,217,130,-0.1765625,-0.7291666666666666,0.3390625,,4.511763871480202,,bbox clipped,0.20900998547681046,0.20900998547681046,4.784460406131885,1.83049968614786,2.9539607199840248,0.0,1.4,336.0,0.10249087098054588,1.88,-1.38,1.38,0.7246376811594204,-10.0,-6.837167480511704,-6.837167480511704,-0.7538925083915744,-1.0487499999999998,-1.8026425083915742,-1.4298744444067646,-1.12,0.12273515202105045,-0.3098744444067645,-6.19748888813529,-5.006417528711067,0.6819065001268039,0.4143974909476468,-4.1439749094764675,1664.3478813263227,1649,-1.4656250000000002,-1.4656250000000002,5,0,bbox fill,False,,True,,1500,1557,1649,1489,2000,2000,1000,1000
1147,589246015017683,22.93998508004006,commit_complete,tracking,0,127803,4242132077828,589245.984710695,0.030306988046504557,False,True,0.0,155,350,217,130,-0.1765625,-0.7291666666666666,0.3390625,,4.511763871480202,,duplicate frame,0.20900998547681046,0.20900998547681046,4.784460406131885,1.8105375840895164,2.9739228220423684,0.0,1.4,336.0,0.01157983997836709,1.88,-1.38,1.38,0.7246376811594204,-10.0,-6.820854580161139,-6.820854580161139,-0.7622045585394321,-0.5,-1.2622045585394321,-1.4198933933775928,-1.12,0.14269725407939404,-0.2998933933775927,-5.997867867551854,-5.024377036286746,0.6819065001268039,0.4143974909476468,-4.1439749094764675,1665.1662198133151,1650,-1.4656250000000002,-1.4656250000000002,5,0,bbox fill,False,,True,,1500,1557,1650,1489,2000,2000,1000,1000
1148,589246035017951,22.959985348046757,commit_complete,tracking,0,127804,4242164753325,589246.01812587,0.01689208101015538,True,True,0.0,152,350,220,130,-0.18125,-0.7291666666666666,0.34375,,4.511763871480202,,bbox clipped,0.20900998547681046,0.20900998547681046,4.784460406131885,1.790537316082819,2.9939230900490656,0.0,1.4,336.0,0.03158010798506439,1.84,-1.34,1.34,0.7462686567164178,-10.0,-6.862729605020759,-6.862729605020759,-0.7483787061928063,-1.0487499999999998,-1.7971287061928063,-1.4298935273809414,-1.0,0.001256078016012907,-0.42989352738094144,-8.597870547618829,-5.050170993572636,0.7433035593258851,0.48017870462329443,-4.801787046232945,1664.4498285874245,1646,-1.5125,-1.5125,5,0,bbox fill,False,,True,,1500,1557,1646,1489,2000,2000,1000,1000
1149,589246055025247,22.979992644046433,commit_complete,tracking,0,127805,4242198666839,589246.051614132,0.003411115030758083,True,True,0.0,149,350,224,130,-0.184375,-0.7291666666666666,0.35,,4.511763871480202,,bbox clipped,0.20900998547681046,0.20900998547681046,4.784460406131885,1.770530020083143,3.0139303860487416,0.0,1.4,336.0,0.051587403984740376,1.84,-1.34,1.34,0.7462686567164178,-10.0,-6.845637173796913,-6.845637173796913,-0.7568355152414046,-1.0487499999999998,-1.8055855152414044,-1.4398971753807794,-1.0,0.021263374015688896,-0.43989717538077944,-8.797943507615589,-5.07657445256443,0.7433035593258851,0.48017870462329443,-4.801787046232945,1664.676305006413,1646,-1.5437500000000002,-1.5437500000000002,5,0,bbox fill,False,,True,,1500,1557,1646,1488,2000,2000,1000,1000
1150,589246075045954,23.00001335097477,commit_complete,tracking,0,127805,4242198666839,589246.051614132,0.023431821959093213,False,True,0.0,149,350,224,130,-0.184375,-0.7291666666666666,0.35,,4.511763871480202,,duplicate frame,0.20900998547681046,0.20900998547681046,4.784460406131885,1.750509313154808,3.0339510929770768,0.0,1.4,336.0,0.0716081109130755,1.84,-1.34,1.34,0.7462686567164178,-10.0,-6.828142179600336,-6.828142179600336,-0.7654915000623569,-0.5,-1.2654915000623568,-1.4298868219166119,-1.0,0.041284080944024026,-0.42988682191661187,-8.597736438332237,-5.102394366786268,0.7433035593258851,0.48017870462329443,-4.801787046232945,1664.5019178513514,1646,-1.5437500000000002,-1.5437500000000002,5,0,bbox fill,False,,True,,1500,1557,1646,1488,2000,2000,1000,1000
1151,589246095028121,23.019995518028736,commit_complete,tracking,0,127806,4242231056688,589246.085107854,0.009920267038978636,True,True,0.0,146,350,228,130,-0.1875,-0.7291666666666666,0.35625,,4.511763871480202,,bbox clipped,0.20900998547681046,0.20900998547681046,4.784460406131885,1.7305271461008402,3.0539332600310445,0.0,1.4,336.0,0.0007493339944630861,1.84,-1.34,1.34,0.7462686567164178,-10.0,-6.810277227405843,-6.810277227405843,-0.7743305287173556,-1.0487499999999998,-1.8230805287173555,-1.4398779054435957,-1.0,0.06126624799799174,-0.43987790544359573,-8.797558108871915,-5.128763508156038,0.7433035593258851,0.48017870462329443,-4.801787046232945,1664.7281086632609,1646,-1.575,-1.575,5,0,bbox fill,False,,True,,1500,1557,1646,1488,2000,2000,1000,1000
1152,589246115021160,23.039988556993194,commit_complete,tracking,0,127806,4242231056688,589246.085107854,0.029913306003436446,False,True,0.0,146,350,228,130,-0.1875,-0.7291666666666666,0.35625,,4.511763871480202,,duplicate frame,0.20900998547681046,0.20900998547681046,4.784460406131885,1.7105341071363824,3.0739262989955023,0.0,1.4,336.0,0.020742372958920896,1.84,-1.34,1.34,0.7462686567164178,-10.0,-6.791984823897792,-6.791984823897792,-0.7833810471299539,-0.5,-1.283381047129954,-1.4298813859613668,-1.0,0.08125928696244955,-0.4298813859613668,-8.597627719227336,-5.154547414054901,0.7433035593258851,0.48017870462329443,-4.801787046232945,1664.553962179515,1646,-1.575,-1.575,5,0,bbox fill,False,,True,,1500,1557,1646,1488,2000,2000,1000,1000
1153,589246135029379,23.059996776049957,commit_complete,tracking,0,127807,4242264680646,589246.118505788,0.016523591009899974,True,True,0.0,143,350,232,130,-0.190625,-0.7291666666666666,0.3625,,4.511763871480202,,bbox clipped,0.20900998547681046,0.20900998547681046,4.784460406131885,1.6905258880796197,3.093934518052265,0.0,1.4,336.0,0.04075059201568365,1.84,-1.34,1.34,0.7462686567164178,-10.0,-6.773245367674043,-6.773245367674043,-0.7926527534708119,-1.0487499999999998,-1.8414027534708117,-1.4398854954897482,-1.0,0.1012675060192123,-0.4398854954897482,-8.797709909794964,-5.1809513901158555,0.7433035593258851,0.48017870462329443,-4.801787046232945,1664.7804483461437,1646,-1.60625,-1.60625,5,0,bbox fill,False,,True,,1500,1556,1646,1488,2000,2000,1000,1000
1154,589246154990151,23.079957547946833,commit_complete,tracking,0,127808,4242297811571,589246.151987693,0.003002457902766764,True,True,0.0,139,349,236,131,-0.196875,-0.7270833333333333,0.36875,,4.511763871480202,,bbox clipped,0.20900998547681046,0.20900998547681046,4.784460406131885,1.6705651161827433,3.1138952899491414,0.0,1.4,336.0,0.060711363912560046,1.84,-1.34,1.34,0.7462686567164178,-10.0,-6.767596164011511,-6.767596164011511,-0.8021237765708363,-1.0456249999999998,-1.8477487765708362,-1.4498658814381864,-1.0,0.1212282779160887,-0.4498658814381864,-8.997317628763728,-5.20789040084658,0.7433035593258851,0.48017870462329443,-4.801787046232945,1665.0069950758432,1646,-1.66875,-1.66875,5,0,bbox fill,False,,True,,1500,1556,1646,1488,2000,2000,1000,1000
1155,589246175017178,23.099984574946575,commit_complete,tracking,0,127808,4242297811571,589246.151987693,0.023029484902508557,False,True,0.0,139,349,236,131,-0.196875,-0.7270833333333333,0.36875,,4.511763871480202,,duplicate frame,0.20900998547681046,0.20900998547681046,4.784460406131885,1.6505380891830015,3.1339223169488832,0.0,1.4,336.0,0.08073839091230184,1.84,-1.34,1.34,0.7462686567164178,-10.0,-6.747773702548342,-6.747773702548342,-0.8118564538327532,-0.5,-1.3118564538327533,-1.4398523679383155,-1.0,0.1412553049158305,-0.4398523679383155,-8.79704735876631,-5.234317206592383,0.7433035593258851,0.48017870462329443,-4.801787046232945,1664.8331516115916,1646,-1.66875,-1.66875,5,0,bbox fill,False,,True,,1500,1556,1646,1488,2000,2000,1000,1000
1156,589246195013703,23.119981099967845,commit_complete,tracking,0,127809,4242331031508,589246.185417957,0.009595745941624045,True,True,0.0,136,349,240,131,-0.2,-0.7270833333333333,0.375,,4.511763871480202,,bbox clipped,0.20900998547681046,0.20900998547681046,4.784460406131885,1.6305415641617316,3.153918841970153,0.0,1.4,336.0,0.10073491593357176,1.77,-1.27,1.27,0.7874015748031495,-10.0,-6.83975419597788,-6.83975419597788,-0.7788823222380795,-1.0456249999999998,-1.8245073222380794,-1.4498506304489505,-0.91,0.00984104594681412,-0.5398506304489504,-10.797012608979008,-5.266702616510946,0.5944094444803475,0.5030248525947051,-5.030248525947051,1665.093963751437,1644,-1.7000000000000002,-1.7000000000000002,5,0,bbox fill,False,,True,,1500,1557,1644,1487,2000,2000,1000,1000
1157,589246215028209,23.139995606034063,commit_complete,tracking,0,127809,4242331031508,589246.185417957,0.029610252007842064,False,True,0.0,136,349,240,131,-0.2,-0.7270833333333333,0.375,,4.511763871480202,,duplicate frame,0.20900998547681046,0.20900998547681046,4.784460406131885,1.6105270580955136,3.173933348036371,0.0,1.4,336.0,0.12074942199978977,1.77,-1.27,1.27,0.7874015748031495,-10.0,-6.818953635592202,-6.818953635592202,-0.788561728048087,-0.5,-1.288561728048087,-1.4398433774158415,-0.91,0.02985555201303214,-0.5298433774158414,-10.596867548316828,-5.29851627698525,0.5944094444803475,0.5030248525947051,-5.030248525947051,1664.925632351249,1644,-1.7000000000000002,-1.7000000000000002,5,0,bbox fill,False,,True,,1500,1557,1644,1487,2000,2000,1000,1000
1158,589246234976929,23.159944326034747,commit_complete,tracking,0,127810,4242364170818,589246.218859329,0.016117600025609136,True,True,0.0,132,349,245,131,-0.2046875,-0.7270833333333333,0.3828125,,4.511763871480202,,bbox clipped,0.20900998547681046,0.20900998547681046,4.784460406131885,1.5905783380948293,3.1938820680370554,0.0,1.5,335.0,0.00937854207586497,1.77,-1.27,1.27,0.7874015748031495,-10.0,-6.7977005493924265,-6.7977005493924265,-0.798451713809448,-1.0456249999999998,-1.8440767138094478,-1.4498177374161836,-0.91,0.0498042720137164,-0.5398177374161836,-10.79635474832367,-5.330822295670605,0.5944094444803475,0.5030248525947051,-5.030248525947051,1665.1574255699413,1644,-1.746875,-1.746875,5,0,bbox fill,False,,True,,1500,1557,1644,1487,2000,2000,1000,1000
1159,589246255006870,23.17997426702641,commit_complete,tracking,0,127811,4242396044799,589246.252426154,0.0025807160418480635,True,True,0.0,128,348,250,132,-0.209375,-0.725,0.390625,,4.511763871480202,,bbox clipped,0.20900998547681046,0.20900998547681046,4.784460406131885,1.5705483971031668,3.213912009028718,0.0,1.5,335.0,0.029408483067527413,1.77,-1.27,1.27,0.7874015748031495,-10.0,-6.789373587248416,-6.789373587248416,-0.8086347433434589,-1.0425,-1.8511347433434588,-1.4598327079120148,-0.91,0.06983421300537884,-0.5498327079120148,-10.996654158240295,-5.363861645754896,0.5944094444803475,0.5030248525947051,-5.030248525947051,1664.3907643299422,1643,-1.7937500000000002,-1.7937500000000002,5,0,bbox fill,False,,True,,1500,1557,1643,1487,2000,2000,1000,1000
1160,589246275028369,23.199995766044594,commit_complete,tracking,0,127811,4242396044799,589246.252426154,0.022602215060032904,False,True,0.0,128,348,250,132,-0.209375,-0.725,0.390625,,4.511763871480202,,duplicate frame,0.20900998547681046,0.20900998547681046,4.784460406131885,1.550526898084982,3.2339335080469027,0.0,1.5,335.0,0.049429982085712254,1.77,-1.27,1.27,0.7874015748031495,-10.0,-6.766763686524121,-6.766763686524121,-0.8190764065870422,-0.5,-1.3190764065870422,-1.4498219584029224,-0.91,0.08985571202356368,-0.5398219584029224,-10.796439168058447,-5.396285780185372,0.5944094444803475,0.5030248525947051,-5.030248525947051,1664.222973474191,1643,-1.7937500000000002,-1.7937500000000002,5,0,bbox fill,False,,True,,1500,1556,1643,1487,2000,2000,1000,1000
1161,589246295042785,23.220010182005353,commit_complete,tracking,0,127812,4242428789669,589246.285988814,0.009053971036337316,True,True,0.0,124,348,255,132,-0.2140625,-0.725,0.3984375,,4.511763871480202,,bbox clipped,0.20900998547681046,0.20900998547681046,4.784460406131885,1.530512482124223,3.2539479240076616,0.0,1.5,335.0,0.06944439804647118,1.77,-1.27,1.27,0.7874015748031495,-10.0,-6.743570552648106,-6.743570552648106,-0.8297874175043293,-1.0425,-1.8722874175043294,-1.4598291663833018,-0.91,0.10987012798432261,-0.5498291663833018,-10.996583327666036,-5.4292993091154305,0.5944094444803475,0.5030248525947051,-5.030248525947051,1664.4561311627285,1643,-1.840625,-1.840625,5,0,bbox fill,False,,True,,1500,1556,1643,1486,2000,2000,1000,1000
1162,589246315041100,23.24000849702861,commit_complete,tracking,0,127812,4242428789669,589246.285988814,0.029052286059595644,False,True,0.0,124,348,255,132,-0.2140625,-0.725,0.3984375,,4.511763871480202,,duplicate frame,0.20900998547681046,0.20900998547681046,4.784460406131885,1.5105141671009648,3.27394623903092,0.0,1.5,335.0,0.08944271306972951,1.77,-1.27,1.27,0.7874015748031495,-10.0,-6.719782197129867,-6.719782197129867,-0.8407733125982072,-0.5,-1.3407733125982073,-1.4498300088716727,-0.91,0.12986844300758094,-0.5398300088716727,-10.796600177433453,-5.461686380844703,0.5944094444803475,0.5030248525947051,-5.030248525947051,1664.2885350842253,1643,-1.840625,-1.840625,5,0,bbox fill,False,,True,,1500,1556,1643,1486,2000,2000,1000,1000
1163,589246335003554,23.259970951010473,commit_complete,tracking,0,127813,4242461677998,589246.319458573,0.015544980997219682,True,True,0.0,120,347,260,133,-0.21875,-0.7229166666666667,0.40625,,4.511763871480202,,bbox clipped,0.20900998547681046,0.20900998547681046,4.784460406131885,1.4905517131191033,3.2939086930127814,0.0,1.5,335.0,0.10940516705159098,1.77,-1.27,1.27,0.7874015748031495,-10.0,-6.708243830064645,-6.708243830064645,-0.8520335046560844,-1.039375,-1.8914085046560842,-1.4598112358626034,-0.91,0.1498308969894424,-0.5498112358626034,-10.996224717252067,-5.494613125328556,0.5944094444803475,0.5030248525947051,-5.030248525947051,1664.5210863685277,1643,-1.8875,-1.8875,5,0,bbox fill,False,,True,,1500,1556,1643,1486,2000,2000,1000,1000
1164,589246355042269,23.28000966599211,commit_complete,tracking,0,127814,4242494538421,589246.352959133,0.0020831360016018152,True,True,0.0,116,347,265,133,-0.2234375,-0.7229166666666667,0.4140625,,4.511763871480202,,bbox clipped,0.20900998547681046,0.20900998547681046,4.784460406131885,1.4705129981374654,3.3139474079944193,0.0,1.5,335.0,0.12944388203322887,1.77,-1.27,1.27,0.7874015748031495,-10.0,-6.682912128898707,-6.682912128898707,-0.8636441851303369,-1.039375,-1.9030191851303369,-1.4698305933534224,-0.91,0.1698696119710803,-0.5598305933534223,-11.196611867068446,-5.528267982423187,0.5944094444803475,0.5030248525947051,-5.030248525947051,1664.7551283754387,1643,-1.9343750000000002,-1.9343750000000002,5,0,bbox fill,False,,True,,1500,1556,1643,1486,2000,2000,1000,1000
1165,589246375008963,23.299976360052824,commit_complete,tracking,0,127814,4242494538421,589246.352959133,0.022049830062314868,False,True,0.0,116,347,265,133,-0.2234375,-0.7229166666666667,0.4140625,,4.511763871480202,,duplicate frame,0.20900998547681046,0.20900998547681046,4.784460406131885,1.4505463040767523,3.3339141020551324,0.0,1.5,335.0,0.008348010014742613,1.77,-1.27,1.27,0.7874015748031495,-10.0,-6.656975346252089,-6.656975346252089,-0.8755322021990419,-0.5,-1.375532202199042,-1.4598472463230658,-0.91,0.18983630603179336,-0.5498472463230658,-10.996944926461316,-5.5612038776655615,0.5944094444803475,0.5030248525947051,-5.030248525947051,1664.588397330074,1643,-1.9343750000000002,-1.9343750000000002,5,0,bbox fill,False,,True,,1500,1555,1643,1486,2000,2000,1000,1000
1166,589246395027222,23.31999461899977,commit_complete,tracking,0,127815,4242527458746,589246.386403885,0.008623337023891509,True,True,0.0,112,346,270,134,-0.228125,-0.7208333333333333,0.421875,,4.511763871480202,,bbox clipped,0.20900998547681046,0.20900998547681046,4.784460406131885,1.4305280451298046,3.35393236100208,0.0,1.5,335.0,0.028366268961690366,1.69,-1.19,1.19,0.8403361344537815,-10.0,-6.790277869628152,-6.757066640986828,-0.8318606573644773,-1.03625,-1.8681106573644772,-1.4698563757965397,-0.9,0.008133903029374778,-0.5698563757965397,-11.397127515930794,-5.595426475145354,0.04957350379164479,0.412334582834093,-4.1233458283409306,1665.115899819417,1644,-1.98125,-1.98125,5,0,bbox fill,False,,True,,1500,1556,1644,1485,2000,2000,1000,1000
1167,589246415064200,23.340031596948393,commit_complete,tracking,0,127815,4242527458746,589246.386403885,0.028660314972512424,False,True,0.0,112,346,270,134,-0.228125,-0.7208333333333333,0.421875,,4.511763871480202,,duplicate frame,0.20900998547681046,0.20900998547681046,4.784460406131885,1.4104910671811837,3.373969338950701,0.0,1.5,335.0,0.04840324691031128,1.69,-1.19,1.19,0.8403361344537815,-10.0,-6.76255558202929,-6.76255558202929,-0.84367779966035,-0.5,-1.34367779966035,-1.4598378868222293,-0.9,0.028170880977995694,-0.5598378868222292,-11.196757736444585,-5.629078853324533,0.04957350379164479,0.412334582834093,-4.1233458283409306,1664.94918241811,1644,-1.98125,-1.98125,5,0,bbox fill,False,,True,,1500,1556,1644,1485,2000,2000,1000,1000
1168,589246435035478,23.360002874978818,commit_complete,tracking,0,127816,4242560272358,589246.419839894,0.015195583924651146,True,True,0.0,107,346,277,134,-0.2328125,-0.7208333333333333,0.4328125,,4.511763871480202,,bbox clipped,0.20900998547681046,0.20900998547681046,4.784460406131885,1.3905197891507584,3.3939406169811264,0.0,1.5,335.0,0.06837452494073659,1.69,-1.19,1.19,0.8403361344537815,-10.0,-6.734129179286866,-6.734129179286866,-0.8557950841726436,-1.03625,-1.8920450841726435,-1.469823525837442,-0.9,0.048142159008421004,-0.5698235258374419,-11.396470516748838,-5.663219165512863,0.04957350379164479,0.412334582834093,-4.1233458283409306,1664.1830355106026,1643,-2.028125,-2.028125,5,0,bbox fill,False,,True,,1500,1556,1643,1485,2000,2000,1000,1000
1169,589246455035789,23.380003186059184,commit_complete,tracking,0,127817,4242593276085,589246.453367097,0.0016686921007931232,True,True,0.0,102,345,283,135,-0.2390625,-0.71875,0.4421875,,4.511763871480202,,bbox clipped,0.20900998547681046,0.20900998547681046,4.784460406131885,1.370519478070392,3.4139409280614927,0.0,1.5,335.0,0.08837483602110296,1.69,-1.19,1.19,0.8403361344537815,-10.0,-6.71755380336691,-6.71755380336691,-0.8682839018643117,-1.033125,-1.9014089018643117,-1.479823681377625,-0.9,0.06814247008878738,-0.5798236813776251,-11.596473627552502,-5.69800912751081,0.04957350379164479,0.412334582834093,-4.1233458283409306,1664.4178285834043,1643,-2.090625,-2.090625,5,0,bbox fill,False,,True,,1500,1556,1643,1484,2000,2000,1000,1000
1170,589246475024470,23.39999186701607,commit_complete,tracking,0,127817,4242593276085,589246.453367097,0.021657373057678342,False,True,0.0,102,345,283,135,-0.2390625,-0.71875,0.4421875,,4.511763871480202,,duplicate frame,0.20900998547681046,0.20900998547681046,4.784460406131885,1.3505307971135068,3.433929609018378,0.0,1.5,335.0,0.10836351697798818,1.69,-1.19,1.19,0.8403361344537815,-10.0,-6.687180854223954,-6.687180854223954,-0.8811350341239091,-0.5,-1.381135034123909,-1.4698293408991825,-0.9,0.0881311510456726,-0.5698293408991825,-11.39658681798365,-5.732179538196128,0.04957350379164479,0.412334582834093,-4.1233458283409306,1664.2521121845207,1643,-2.090625,-2.090625,5,0,bbox fill,False,,True,,1500,1556,1643,1484,2000,2000,1000,1000
1171,589246495059556,23.42002695298288,commit_complete,tracking,0,127818,4242626656934,589246.48681714,0.008242415962740779,True,True,0.0,97,344,289,136,-0.2453125,-0.7166666666666667,0.4515625,,4.511763871480202,,bbox clipped,0.20900998547681046,0.20900998547681046,4.784460406131885,1.3304957111466962,3.4539646949851885,0.0,1.5,335.0,0.12839860294479877,1.69,-1.19,1.19,0.8403361344537815,-10.0,-6.6680869419564095,-6.6680869419564095,-0.8944034843783081,-1.03,-1.924403484378308,-1.4798468838825878,-0.9,0.10816623701248318,-0.5798468838825878,-11.596937677651756,-5.767031384694652,0.04957350379164479,0.412334582834093,-4.1233458283409306,1664.4873148906872,1643,-2.1531249999999997,-2.1531249999999997,5,0,bbox fill,False,,True,,1500,1556,1643,1484,2000,2000,1000,1000
1172,589246515056324,23.440023720962927,commit_complete,tracking,0,127818,4242626656934,589246.48681714,0.02823918394278735,False,True,0.0,97,344,289,136,-0.2453125,-0.7166666666666667,0.4515625,,4.511763871480202,,duplicate frame,0.20900998547681046,0.20900998547681046,4.784460406131885,1.3104989431666496,3.473961462965235,0.0,1.5,335.0,0.14839537092484534,1.69,-1.19,1.19,0.8403361344537815,-10.0,-6.635592631567957,-6.635592631567957,-0.9080510947414581,-0.5,-1.4080510947414582,-1.4698484998925645,-0.9,0.12816300499252975,-0.5698484998925645,-11.39696999785129,-5.80121676940304,0.04957350379164479,0.412334582834093,-4.1233458283409306,1664.3215325955953,1643,-2.1531249999999997,-2.1531249999999997,5,0,bbox fill,False,,True,,1500,1555,1643,1484,2000,2000,1000,1000
1173,589246535029741,23.459997138008475,commit_complete,tracking,0,127819,4242659316399,589246.520338465,0.014691276010125875,True,True,0.0,92,344,296,136,-0.25,-0.7166666666666667,0.4625,,4.511763871480202,,bbox clipped,0.20900998547681046,0.20900998547681046,4.784460406131885,1.290525526121101,3.4939348800107837,0.0,1.3,335.0,0.016940601053647697,1.69,-1.19,1.19,0.8403361344537815,-10.0,-6.602131026665747,-6.602131026665747,-0.9221049688003863,-1.03,-1.9521049688003864,-1.4798352084153388,-0.9,0.1481364220380783,-0.5798352084153388,-11.596704168306776,-5.835960640709157,0.04957350379164479,0.412334582834093,-4.1233458283409306,1664.5560106373568,1643,-2.2,-2.2,5,0,bbox fill,False,,True,,1500,1555,1643,1484,2000,2000,1000,1000
1174,589246555033557,23.480000954004936,commit_complete,tracking,0,127821,4242725374238,589246.553825935,0.0012076220009475946,True,True,0.0,81,341,310,139,-0.2625,-0.7104166666666667,0.484375,,4.511763871480202,,bbox clipped,0.20900998547681046,0.20900998547681046,4.784460406131885,1.2705217101246404,3.5139386960072443,0.0,1.3,335.0,0.036944417050108314,1.64,-1.14,1.14,0.8771929824561404,-10.0,-6.708873922291971,-6.70215010664805,-0.8972692012387289,-1.020625,-1.9178942012387288,-1.489837116413569,-0.91,0.006661894032731652,-0.579837116413569,-11.59674232827138,-5.870757505663123,-0.06192780872144743,0.3174821045229849,-3.1748210452298493,1664.6423208791643,1644,-2.325,-2.325,5,0,bbox fill,False,,True,,1500,1556,1644,1483,2000,2000,1000,1000
1175,589246575025599,23.499992995988578,commit_complete,tracking,0,127821,4242725374238,589246.553825935,0.02119966398458928,False,True,0.0,81,341,310,139,-0.2625,-0.7104166666666667,0.484375,,4.511763871480202,,duplicate frame,0.20900998547681046,0.20900998547681046,4.784460406131885,1.2505296681409988,3.533930737990886,0.0,1.3,335.0,0.05693645903375,1.64,-1.14,1.14,0.8771929824561404,-10.0,-6.672435914200401,-6.672435914200401,-0.9116137178054248,-0.5,-1.4116137178054249,-1.4798410954217482,-0.91,0.026653936016373336,-0.5698410954217482,-11.396821908434964,-5.904934366974151,-0.06192780872144743,0.3174821045229849,-3.1748210452298493,1664.4765773206389,1644,-2.325,-2.325,5,0,bbox fill,False,,True,,1500,1556,1644,1483,2000,2000,1000,1000
1176,589246595034072,23.520001468947157,commit_complete,tracking,0,127822,4242758413454,589246.587249393,0.007784678949974477,True,True,0.0,75,340,317,140,-0.2703125,-0.7083333333333334,0.4953125,,4.511763871480202,,bbox clipped,0.20900998547681046,0.20900998547681046,4.784460406131885,1.230521195182419,3.5539392109494656,0.0,1.3,335.0,0.07694493199232966,1.64,-1.14,1.14,0.8771929824561404,-10.0,-6.646543521022855,-6.646543521022855,-0.9264367037830666,-1.0175,-1.9439367037830668,-1.489845331901038,-0.91,0.046662408974952996,-0.579845331901038,-11.59690663802076,-5.939739825904653,-0.06192780872144743,0.3174821045229849,-3.1748210452298493,1664.7114675091552,1644,-2.403125,-2.403125,5,0,bbox fill,False,,True,,1500,1555,1644,1482,2000,2000,1000,1000
1177,589246615005943,23.539973339997232,commit_complete,tracking,0,127822,4242758413454,589246.587249393,0.027756550000049174,False,True,0.0,75,340,317,140,-0.2703125,-0.7083333333333334,0.4953125,,4.511763871480202,,duplicate frame,0.20900998547681046,0.20900998547681046,4.784460406131885,1.2105493241323444,3.5739110819995403,0.0,1.3,335.0,0.005957265035249293,1.64,-1.14,1.14,0.8771929824561404,-10.0,-6.607438370362667,-6.607438370362667,-0.9417212312411058,-0.5,-1.4417212312411058,-1.4798593963760007,-0.91,0.06663428002502769,-0.5698593963760007,-11.397187927520013,-5.973883301047938,-0.06192780872144743,0.3174821045229849,-3.1748210452298493,1664.5458922737978,1644,-2.403125,-2.403125,5,0,bbox fill,False,,True,,1500,1555,1644,1482,2000,2000,1000,1000
1178,589246635021031,23.559988428023644,commit_complete,tracking,0,127823,4242791359364,589246.620678965,0.014342066016979516,True,True,0.0,69,338,325,142,-0.2765625,-0.7041666666666667,0.5078125,,4.511763871480202,,bbox clipped,0.20900998547681046,0.20900998547681046,4.784460406131885,1.1905342361059326,3.593926170025952,0.0,1.3,335.0,0.025972353061661124,1.64,-1.14,1.14,0.8771929824561404,-10.0,-6.589317064972784,-6.589317064972784,-0.9575533113006284,-1.01125,-1.9688033113006282,-1.4898669403892066,-0.91,0.08664936805143952,-0.5798669403892066,-11.597338807784132,-6.008701564614427,-0.06192780872144743,0.3174821045229849,-3.1748210452298493,1664.7808614176283,1644,-2.4656249999999997,-2.4656249999999997,5,0,bbox fill,False,,True,,1500,1555,1644,1482,2000,2000,1000,1000
1179,589246655019632,23.579987028962933,commit_complete,tracking,0,127824,4242824651759,589246.654205109,0.000814522965811193,True,True,0.0,63,336,333,144,-0.2828125,-0.7,0.5203125,,4.511763871480202,,bbox clipped,0.20900998547681046,0.20900998547681046,4.784460406131885,1.1705356351666438,3.613924770965241,0.0,1.3,335.0,0.04597095400094986,1.64,-1.14,1.14,0.8771929824561404,-10.0,-6.568649712349529,-6.568649712349529,-0.9739131093071791,-1.005,-1.978913109307179,-1.499866240858851,-0.91,0.10664796899072826,-0.589866240858851,-11.797324817177019,-6.04409106328991,-0.06192780872144743,0.3174821045229849,-3.1748210452298493,1664.0162369256968,1643,-2.528125,-2.528125,5,0,bbox fill,False,,True,,1500,1555,1643,1481,2000,2000,1000,1000
1180,589246675020080,23.599987476947717,commit_complete,tracking,0,127824,4242824651759,589246.654205109,0.020814970950596035,False,True,0.0,63,336,333,144,-0.2828125,-0.7,0.5203125,,4.511763871480202,,duplicate frame,0.20900998547681046,0.20900998547681046,4.784460406131885,1.150535187181859,3.6339252189500257,0.0,1.3,335.0,0.0659714019857347,1.64,-1.14,1.14,0.8771929824561404,-10.0,-6.524096765664573,-6.524096765664573,-0.9908432290474626,-0.5,-1.4908432290474627,-1.4908432290474627,-0.91,0.1266484169755131,-0.5808432290474627,-11.616864580949253,-6.078942437659545,-0.06192780872144743,0.3174821045229849,-3.1748210452298493,1663.8706280638387,1643,-2.528125,-2.528125,5,0,bbox fill,False,,True,,1500,1554,1643,1481,2000,2000,1000,1000
1181,589246695035432,23.62000282900408,commit_complete,tracking,0,127825,4242858063031,589246.687631324,0.007404107949696481,True,True,0.0,56,334,342,146,-0.290625,-0.6958333333333333,0.534375,,4.511763871480202,,bbox clipped,0.20900998547681046,0.20900998547681046,4.784460406131885,1.1305198351254973,3.6539405710063875,0.0,1.3,335.0,0.08598675404209644,1.64,-1.14,1.14,0.8771929824561404,-10.0,-6.498459290198832,-6.498459290198832,-1.0083856687693147,-0.9987499999999999,-2.0071356687693145,-1.5008509050756436,-0.91,0.14666376903187484,-0.5908509050756435,-11.81701810151287,-6.114420704293272,-0.06192780872144743,0.3174821045229849,-3.1748210452298493,1664.106259851036,1643,-2.60625,-2.60625,5,0,bbox fill,False,,True,,1500,1554,1643,1481,2000,2000,1000,1000
1182,589246715065332,23.64003272901755,commit_complete,tracking,0,127825,4242858063031,589246.687631324,0.02743400796316564,False,True,0.0,56,334,342,146,-0.290625,-0.6958333333333333,0.534375,,4.511763871480202,,duplicate frame,0.20900998547681046,0.20900998547681046,4.784460406131885,1.110489935112028,3.6739704710198566,0.0,1.3,335.0,0.1060166540555656,1.64,-1.14,1.14,0.8771929824561404,-10.0,-6.4499307098622785,-6.4499307098622785,-1.0265739147694255,-0.5,-1.5265739147694255,-1.5108658550823781,-0.91,0.166693669045344,-0.6008658550823781,-12.017317101647562,-6.150526553289695,-0.06192780872144743,0.3174821045229849,-3.1748210452298493,1664.342664700167,1643,-2.60625,-2.60625,5,0,bbox fill,False,,True,,1500,1554,1643,1481,2000,2000,1000,1000
1183,589246735022564,23.65998996095732,commit_complete,tracking,0,127826,4242890337186,589246.721163026,0.01385953789576888,True,True,0.0,49,331,351,149,-0.2984375,-0.6895833333333333,0.5484375,,4.511763871480202,,bbox clipped,0.20900998547681046,0.20900998547681046,4.784460406131885,1.0905327031722578,3.693927702959627,0.0,1.3,335.0,0.12597388599533588,1.54,-1.04,1.04,0.9615384615384615,-10.0,-6.690390768832504,-6.54971686956113,-0.9536623679186669,-0.9893749999999999,-1.9430373679186668,-1.5208444710522633,-0.98,0.015169738908298314,-0.5408444710522633,-10.816889421045266,-6.182907828946092,-0.40820810374869665,0.1723440628686486,-1.7234406286864858,1664.7232378786778,1646,-2.684375,-2.684375,5,0,bbox fill,False,,True,,1500,1555,1646,1480,2000,2000,1000,1000
1184,589246754998732,23.679966129013337,commit_complete,tracking,0,127827,4242923241663,589246.754588426,0.0004103060346096754,True,True,0.0,41,329,361,151,-0.3078125,-0.6854166666666667,0.5640625,,4.511763871480202,,bbox clipped,0.20900998547681046,0.20900998547681046,4.784460406131885,1.0705565351162392,3.7139038710156456,0.0,1.4,334.0,0.014924686984159052,1.54,-1.04,1.04,0.9615384615384615,-10.0,-6.65925365010861,-6.649597709841223,-0.9714573363349547,-0.983125,-1.9545823363349548,-1.5308325550802726,-0.98,0.035145906964316964,-0.5508325550802726,-11.016651101605452,-6.215918400019121,-0.40820810374869665,0.1723440628686486,-1.7234406286864858,1664.9560101303111,1646,-2.778125,-2.778125,5,0,bbox fill,False,,True,,1500,1555,1646,1479,2000,2000,1000,1000
1185,589246775030757,23.699998153955676,commit_complete,tracking,0,127827,4242923241663,589246.754588426,0.020442330976948142,False,True,0.0,41,329,361,151,-0.3078125,-0.6854166666666667,0.5640625,,4.511763871480202,,duplicate frame,0.20900998547681046,0.20900998547681046,4.784460406131885,1.0505245101739007,3.733935895957984,0.0,1.4,334.0,0.03495671192649752,1.54,-1.04,1.04,0.9615384615384615,-10.0,-6.6032205352080675,-6.6032205352080675,-0.9899816614729355,-0.5,-1.4899816614729355,-1.5208165426091034,-0.98,0.05517793190665543,-0.5408165426091034,-10.816330852182068,-6.248419351431446,-0.40820810374869665,0.1723440628686486,-1.7234406286864858,1664.7881908323,1646,-2.778125,-2.778125,5,0,bbox fill,False,,True,,1500,1555,1646,1479,2000,2000,1000,1000
1186,589246795031409,23.71999880601652,commit_complete,tracking,0,127828,4242957270386,589246.788027439,0.007003969978541136,True,True,0.0,33,326,371,154,-0.3171875,-0.6791666666666667,0.5796875,,4.511763871480202,,bbox clipped,0.20900998547681046,0.20900998547681046,4.784460406131885,1.0305238581130567,3.753936548018828,0.0,1.4,334.0,0.05495736398734152,1.54,-1.04,1.04,0.9615384615384615,-10.0,-6.575799259113623,-6.575799259113623,-1.0091954609418696,-0.97375,-1.9829454609418695,-1.5308168686395254,-0.98,0.07517858396749943,-0.5508168686395254,-11.016337372790508,-6.281469441048154,-0.40820810374869665,0.1723440628686486,-1.7234406286864858,1664.0212474425252,1645,-2.871875,-2.871875,5,0,bbox fill,False,,True,,1500,1555,1645,1479,2000,2000,1000,1000
1187,589246815036913,23.740004310035147,commit_complete,tracking,0,127828,4242957270386,589246.788027439,0.027009473997168243,False,True,0.0,33,326,371,154,-0.3171875,-0.6791666666666667,0.5796875,,4.511763871480202,,duplicate frame,0.20900998547681046,0.20900998547681046,4.784460406131885,1.0105183540944296,3.773942052037455,0.0,1.4,334.0,0.07496286800596863,1.54,-1.04,1.04,0.9615384615384615,-10.0,-6.514164355079667,-6.514164355079667,-1.029174775288461,-0.5,-1.529174775288461,-1.529174775288461,-0.98,0.09518408798612654,-0.549174775288461,-10.98349550576922,-6.31442899557004,-0.40820810374869665,0.1723440628686486,-1.7234406286864858,1664.0213651300257,1645,-2.871875,-2.871875,5,0,bbox fill,False,,True,,1500,1554,1645,1479,2000,2000,1000,1000
1188,589246835038710,23.76000610704068,commit_complete,tracking,0,127829,4242989585100,589246.821502825,0.013535885023884475,True,True,0.0,25,323,381,157,-0.3265625,-0.6729166666666667,0.5953125,,4.511763871480202,,bbox clipped,0.20900998547681046,0.20900998547681046,4.784460406131885,0.9905165570888954,3.7939438490429893,0.0,1.4,334.0,0.0949646650115028,1.54,-1.04,1.04,0.9615384615384615,-10.0,-6.478299642373207,-6.478299642373207,-1.049957209253054,-0.964375,-2.014332209253054,-1.539175673791228,-0.98,0.11518588499166071,-0.5591756737912281,-11.183513475824562,-6.347982550522855,-0.40820810374869665,0.1723440628686486,-1.7234406286864858,1664.2549366550338,1645,-2.9656249999999993,-2.9656249999999993,5,0,bbox fill,False,,True,,1500,1554,1645,1478,2000,2000,1000,1000
1189,589246855013245,23.779980642022565,commit_complete,tracking,0,127830,4243022298588,589246.854912487,0.00010075804311782122,True,True,0.0,16,320,392,160,-0.3375,-0.6666666666666666,0.6125,,4.511763871480202,,bbox clipped,0.20900998547681046,0.20900998547681046,4.784460406131885,0.9705420221070113,3.8139183840248734,0.0,1.5,334.0,0.004062718013301492,1.54,-1.04,1.04,0.9615384615384615,-10.0,-6.4372879082563035,-6.4372879082563035,-1.0715661726240333,-0.9549999999999998,-2.026566172624033,-1.5491629412821701,-0.98,0.13516041997354478,-0.5691629412821702,-11.383258825643402,-6.382088845765953,-0.40820810374869665,0.1723440628686486,-1.7234406286864858,1664.4887883000958,1645,-3.075,-3.075,5,0,ttc,False,,True,,1500,1554,1645,1477,2000,2000,1000,1000
1190,589246875034831,23.800002228002995,commit_complete,tracking,0,127830,4243022298588,589246.854912487,0.020122344023548067,False,True,0.0,16,320,392,160,-0.3375,-0.6666666666666666,0.6125,,4.511763871480202,,duplicate frame,0.20900998547681046,0.20900998547681046,4.784460406131885,0.9505204361265811,3.8339399700053036,0.0,1.5,334.0,0.024084303993731737,1.47,-0.97,0.97,1.0309278350515465,-10.0,-6.596242002982397,-6.537395838158455,-1.0204935771321226,-0.5,-1.5204935771321226,-1.539152148291955,-1.08,0.0039240219630301,-0.45915214829195494,-9.1830429658391,-6.409667708411333,-0.66112212632681,0.005650825029556855,-0.05650825029556855,1664.649218924546,1649,-3.075,-3.075,5,0,ttc,False,,True,,1500,1554,1649,1477,2000,2000,1000,1000
1191,589246895035379,23.82000277598854,commit_complete,tracking,0,127831,4243056189497,589246.888564374,0.006471005035564303,True,True,0.0,7,316,404,164,-0.346875,-0.6583333333333333,0.63125,,4.511763871480202,,bbox clipped,0.20900998547681046,0.20900998547681046,4.784460406131885,0.9305198881410348,3.85394051799085,0.0,1.5,334.0,0.04408485197927803,1.47,-0.97,0.97,1.0309278350515465,-10.0,-6.558887575701153,-6.558887575701153,-1.042428015093624,-0.9424999999999999,-1.984928015093624,-1.5491524222847282,-1.08,0.02392456994857639,-0.4691524222847281,-9.383048445694563,-6.437817625014656,-0.66112212632681,0.005650825029556855,-0.05650825029556855,1663.8773743210047,1648,-3.16875,-3.16875,5,0,ttc,False,,True,,1500,1555,1648,1476,2000,2000,1000,1000
1192,589246915043076,23.840010473039,commit_complete,tracking,0,127831,4243056189497,589246.888564374,0.026478702086023986,False,True,0.0,7,316,404,164,-0.346875,-0.6583333333333333,0.63125,,4.511763871480202,,duplicate frame,0.20900998547681046,0.20900998547681046,4.784460406131885,0.9105121910905751,3.8739482150413096,0.0,1.5,334.0,0.06409254902973771,1.47,-0.97,0.97,1.0309278350515465,-10.0,-6.478203414454249,-6.478203414454249,-1.065334445262257,-0.5,-1.565334445262257,-1.559156270809958,-1.08,0.043932266999036074,-0.47915627080995793,-9.58312541619916,-6.466578065533237,-0.66112212632681,0.005650825029556855,-0.05650825029556855,1664.106211732028,1648,-3.16875,-3.16875,5,0,ttc,False,,True,,1500,1554,1648,1476,2000,2000,1000,1000
1193,589246935038001,23.860005398048088,commit_complete,tracking,0,127832,4243088444725,589246.921988933,0.013049068045802414,True,True,0.0,0,313,413,167,-0.3546875,-0.6520833333333333,0.6453125,,4.511763871480202,,bbox clipped,0.20900998547681046,0.20900998547681046,4.784460406131885,0.8905172660814884,3.8939431400503963,0.0,1.5,334.0,0.08408747403882444,1.47,-0.97,0.97,1.0309278350515465,-10.0,-6.419447747785625,-6.419447747785625,-1.0892545680425227,-0.933125,-2.0223795680425227,-1.5691537333145014,-1.08,0.0639271920081228,-0.4891537333145013,-9.783074666290027,-6.495919842179852,-0.66112212632681,0.005650825029556855,-0.05650825029556855,1664.3355027587654,1648,-3.246875,-3.246875,5,0,ttc,False,,True,,1500,1553,1648,1476,2000,2000,1000,1000
1194,589246955007854,23.87997525103856,commit_complete,tracking,0,127832,4243088444725,589246.921988933,0.03301892103627324,False,True,0.0,0,313,413,167,-0.3546875,-0.6520833333333333,0.6453125,,4.511763871480202,,duplicate frame,0.20900998547681046,0.20900998547681046,4.784460406131885,0.8705474130910176,3.913912993040867,0.0,1.5,334.0,0.10405732702929527,1.47,-0.97,0.97,1.0309278350515465,-10.0,-6.329825604047045,-6.329825604047045,-1.1142414363806563,-0.5,-1.6142414363806563,-1.5791386598097368,-1.08,0.08389704499859363,-0.4991386598097367,-9.982773196194735,-6.525823019154635,-0.66112212632681,0.005650825029556855,-0.05650825029556855,1663.565104465645,1647,-3.246875,-3.246875,5,0,ttc,False,,True,,1500,1553,1647,1476,2000,2000,1000,1000
1195,589246975034326,23.900001722970046,commit_complete,tracking,0,127833,4243121261839,589246.955429624,0.01960470201447606,True,True,0.0,0,310,416,170,-0.35,-0.6458333333333334,0.65,,4.511763871480202,,bbox clipped,0.20900998547681046,0.20900998547681046,4.784460406131885,0.8505209411595303,3.9339394649723545,0.0,1.4,333.0,0.0029489659937098622,1.47,-0.97,0.97,1.0309278350515465,-10.0,-6.257921484850975,-6.257921484850975,-1.1404775039137565,-0.9237500000000001,-2.0642275039137568,-1.5891518957754804,-1.08,0.10392351693008095,-0.5091518957754804,-10.183037915509608,-6.556412567603469,-0.66112212632681,0.005650825029556855,-0.05650825029556855,1663.7959587334087,1647,-3.1999999999999993,-3.1999999999999993,5,0,ttc,False,,True,,1500,1552,1647,1476,2000,2000,1000,1000
1196,589246995017309,23.919984705979005,commit_complete,tracking,0,127834,4243154308442,589246.989053005,0.005964303971268237,True,True,0.0,0,306,419,174,-0.3453125,-0.6375,0.6546875,,4.511763871480202,,bbox clipped,0.20900998547681046,0.20900998547681046,4.784460406131885,0.8305379581505719,3.953922447981313,0.0,1.4,333.0,0.02293194900266826,1.47,-0.97,0.97,1.0309278350515465,-10.0,-6.184972431199923,-6.184972431199923,-1.1679177218582277,-0.9112499999999999,-2.0791677218582274,-1.5991433872799596,-1.08,0.12390649993903935,-0.5191433872799596,-10.382867745599192,-6.587534668065155,-0.66112212632681,0.005650825029556855,-0.05650825029556855,1664.0269106639598,1647,-3.153125,-3.153125,5,0,ttc,False,,True,,1500,1552,1647,1476,2000,2000,1000,1000
1197,589247015008196,23.93997559300624,commit_complete,tracking,0,127834,4243154308442,589246.989053005,0.025955190998502076,False,True,0.0,0,306,419,174,-0.3453125,-0.6375,0.6546875,,4.511763871480202,,duplicate frame,0.20900998547681046,0.20900998547681046,4.784460406131885,0.810547071123338,3.9739133350085467,0.0,1.4,333.0,0.0429228360299021,1.47,-0.97,0.97,1.0309278350515465,-10.0,-6.077325327569023,-6.077325327569023,-1.1967226020022206,-0.5,-1.6967226020022206,-1.6091388307935766,-1.08,0.1438973869662732,-0.5291388307935765,-10.58277661587153,-6.619268531829506,-0.66112212632681,0.005650825029556855,-0.05650825029556855,1663.2585533979966,1646,-3.153125,-3.153125,5,0,ttc,False,,True,,1500,1551,1646,1476,2000,2000,1000,1000
1198,589247035008001,23.9599753980292,commit_complete,tracking,0,127835,4243187311349,589247.022316619,0.012691381969489157,True,True,0.0,0,302,422,178,-0.340625,-0.6291666666666667,0.659375,,4.511763871480202,,bbox clipped,0.20900998547681046,0.20900998547681046,4.784460406131885,0.7905472661003756,3.993913140031509,0.0,1.4,333.0,0.06292264105286449,1.37,-0.8700000000000001,0.8700000000000001,1.1494252873563218,-10.0,-6.425775490627122,-6.177324352683835,-1.1005034579292776,-0.8987499999999999,-1.9992534579292776,-1.6191387333050578,-1.2,0.012444801046513021,-0.4191387333050578,-8.382774666101156,-6.644416610660524,-0.7923281980103069,-0.15394497957841588,1.5394497957841589,1663.4877414809775,1650,-3.10625,-3.10625,5,0,ttc,False,,True,,1500,1551,1650,1477,2000,2000,1000,1000
1199,589247055028429,23.979995826026425,commit_complete,tracking,0,127835,4243187311349,589247.022316619,0.03271180996671319,False,True,0.0,0,302,422,178,-0.340625,-0.6291666666666667,0.659375,,4.511763871480202,,duplicate frame,0.20900998547681046,0.20900998547681046,4.784460406131885,0.7705268381031516,4.013933568028733,0.0,1.4,333.0,0.08294306905008852,1.37,-0.8700000000000001,0.8700000000000001,1.1494252873563218,-10.0,-6.3038943496260575,-6.277426492669955,-1.1290975952787408,-0.5,-1.6290975952787408,-1.6290975952787408,-1.2,0.032465229043737054,-0.4290975952787408,-8.581951905574815,-6.670188763190704,-0.7923281980103069,-0.15394497957841588,1.5394497957841589,1663.7126908729813,1650,-3.10625,-3.10625,5,0,ttc,False,,True,,1500,1552,1650,1477,2000,2000,1000,1000
1200,589247075015646,23.999983043060638,commit_complete,tracking,0,127836,4243220207372,589247.055714959,0.019300687010399997,True,True,0.0,0,298,425,182,-0.3359375,-0.6208333333333333,0.6640625,,4.511763871480202,,bbox clipped,0.20900998547681046,0.20900998547681046,4.784460406131885,0.7505396210689383,4.033920785062946,0.0,1.4,333.0,0.10293028608430177,1.37,-0.8700000000000001,0.8700000000000001,1.1494252873563218,-10.0,-6.202150156152972,-6.202150156152972,-1.1591659861486368,-0.88625,-2.0454159861486367,-1.6390912037958474,-1.2,0.0524524460779503,-0.43909120379584743,-8.781824075916948,-6.696517396754949,-0.7923281980103069,-0.15394497957841588,1.5394497957841589,1663.9388916768878,1650,-3.0593749999999997,-3.0593749999999997,5,0,ttc,False,,True,,1500,1552,1650,1477,2000,2000,1000,1000
1201,589247095027408,24.01999480498489,commit_complete,tracking,0,127837,4243254008532,589247.0892049,0.005822508013807237,True,True,0.0,0,294,428,186,-0.33125,-0.6125,0.66875,,4.511763871480202,,bbox clipped,0.20900998547681046,0.20900998547681046,4.784460406131885,0.7305278591446864,4.053932546987198,0.0,1.3,333.0,0.0018874789820984006,1.37,-0.8700000000000001,0.8700000000000001,1.1494252873563218,-10.0,-6.0871393821954936,-6.0871393821954936,-1.1909196741909471,-0.87375,-2.064669674190947,-1.6490970847579733,-1.2,0.07246420800220221,-0.4490970847579734,-8.981941695159467,-6.723479068578105,-0.7923281980103069,-0.15394497957841588,1.5394497957841589,1664.1659709679534,1650,-3.0125,-3.0125,5,0,ttc,False,,True,,1500,1551,1650,1478,2000,2000,1000,1000
1202,589247115037118,24.04000451497268,commit_complete,tracking,0,127837,4243254008532,589247.0892049,0.02583221800159663,False,True,0.0,0,294,428,186,-0.33125,-0.6125,0.66875,,4.511763871480202,,duplicate frame,0.20900998547681046,0.20900998547681046,4.784460406131885,0.710518149156897,4.073942256974988,0.0,1.3,333.0,0.021897188969887793,1.37,-0.8700000000000001,0.8700000000000001,1.1494252873563218,-10.0,-5.937756600415469,-5.937756600415469,-1.2244585181002692,-0.5,-1.7244585181002692,-1.659101939751868,-1.2,0.0924739179899916,-0.4591019397518681,-9.18203879503736,-6.751038558585904,-0.7923281980103069,-0.15394497957841588,1.5394497957841589,1663.3936275578392,1649,-3.0125,-3.0125,5,0,ttc,False,,True,,1500,1549,1649,1478,2000,2000,1000,1000
1203,589247135014982,24.059982378967106,commit_complete,tracking,0,127838,4243286415804,589247.122703898,0.012311083963140845,True,True,0.0,0,289,432,191,-0.325,-0.6020833333333333,0.675,,4.511763871480202,,bbox clipped,0.20900998547681046,0.20900998547681046,4.784460406131885,0.69054028516247,4.093920120969415,0.0,1.3,333.0,0.04187505296431482,1.37,-0.8700000000000001,0.8700000000000001,1.1494252873563218,-10.0,-5.800941992840899,-5.800941992840899,-1.2598830491045239,-0.8581249999999999,-2.1180080491045237,-1.6690908717490816,-1.2,0.11245178198441863,-0.4690908717490816,-9.381817434981631,-6.779152859496395,-0.7923281980103069,-0.15394497957841588,1.5394497957841589,1663.6215204986938,1649,-2.95,-2.95,5,0,ttc,False,,True,,1500,1548,1649,1478,2000,2000,1000,1000
1204,589247154996869,24.079964266042225,commit_complete,tracking,0,127838,4243286415804,589247.122703898,0.032292971038259566,False,True,0.0,0,289,432,191,-0.325,-0.6020833333333333,0.675,,4.511763871480202,,duplicate frame,0.20900998547681046,0.20900998547681046,4.784460406131885,0.6705583980873513,4.113902008044533,0.0,1.3,333.0,0.06185694003943354,1.37,-0.8700000000000001,0.8700000000000001,1.1494252873563218,-10.0,-5.629229060640689,-5.629229060640689,-1.2974261488358367,-0.5,-1.7974261488358367,-1.679081815286641,-1.2,0.13243366905953735,-0.47908181528664096,-9.581636305732818,-6.807871735694796,-0.7923281980103069,-0.15394497957841588,1.5394497957841589,1662.8500582456434,1648,-2.95,-2.95,5,0,ttc,False,,True,,1500,1547,1648,1478,2000,2000,1000,1000
1205,589247175018650,24.09998604701832,commit_complete,tracking,0,127839,4243319407876,589247.156100611,0.018918039044365287,True,True,0.0,0,284,436,196,-0.31875,-0.5916666666666667,0.68125,,4.511763871480202,,bbox clipped,0.20900998547681046,0.20900998547681046,4.784460406131885,0.650536617111257,4.133923789020628,0.0,1.3,333.0,0.08187872101552784,1.37,-0.8700000000000001,0.8700000000000001,1.1494252873563218,-10.0,-5.458283936933873,-5.458283936933873,-1.3373574632328649,-0.8425,-2.1798574632328647,-1.689092705774688,-1.2,0.15245545003563166,-0.4890927057746881,-9.781854115493761,-6.837249256790875,-0.7923281980103069,-0.15394497957841588,1.5394497957841589,1663.0796535765005,1648,-2.8874999999999993,-2.8874999999999993,5,0,ttc,False,,True,,1500,1545,1648,1478,2000,2000,1000,1000
1206,589247195033919,24.12000131595414,commit_complete,tracking,0,127840,4243352346420,589247.189565014,0.005468904972076416,True,True,0.0,0,278,440,202,-0.3125,-0.5791666666666667,0.6875,,4.511763871480202,,bbox clipped,0.20900998547681046,0.20900998547681046,4.784460406131885,0.630521348175435,4.15393905795645,0.0,1.3,333.0,0.1018939899513498,1.25,-0.75,0.75,1.3333333333333333,-10.0,-6.0409068853232135,-5.558360281612983,-1.1894918422196252,-0.82375,-2.0132418422196254,-1.699100340242599,-1.37,0.0010776269482448697,-0.32910034024259893,-6.582006804851979,-6.857010352241353,-0.9918719476569106,-0.3215303731941148,3.215303731941148,1663.2237134251523,1653,-2.8249999999999997,-2.8249999999999997,5,0,ttc,False,,True,,1500,1546,1653,1479,2000,2000,1000,1000
1207,589247215021237,24.139988634036854,commit_complete,tracking,0,127840,4243352346420,589247.189565014,0.025456223054789007,False,True,0.0,0,278,440,202,-0.3125,-0.5791666666666667,0.6875,,4.511763871480202,,duplicate frame,0.20900998547681046,0.20900998547681046,4.784460406131885,0.6105340300927224,4.173926376039162,0.0,1.2,332.0,0.0008979450212791562,1.25,-0.75,0.75,1.3333333333333333,-10.0,-5.82240510253278,-5.658296872026546,-1.228432754004059,-0.5,-1.728432754004059,-1.7090939992839553,-1.37,0.02106494503095746,-0.3390939992839552,-6.7818799856791045,-6.877343091112236,-0.9918719476569106,-0.3215303731941148,3.215303731941148,1663.4439193448502,1653,-2.8249999999999997,-2.8249999999999997,5,0,ttc,False,,True,,1500,1547,1653,1479,2000,2000,1000,1000
1208,589247235010161,24.159977557952516,commit_complete,tracking,0,127841,4243385301148,589247.223051227,0.011958933901041746,True,True,0.0,0,272,444,208,-0.30625,-0.5666666666666667,0.69375,,4.511763871480202,,bbox clipped,0.20900998547681046,0.20900998547681046,4.784460406131885,0.5905451061770606,4.193915299954824,0.0,1.2,332.0,0.020886868936941028,1.25,-0.75,0.75,1.3333333333333333,-10.0,-5.606591183098326,-5.606591183098326,-1.270013064463751,-0.8049999999999999,-2.075013064463751,-1.7190884612417863,-1.37,0.04105386894661933,-0.34908846124178616,-6.981769224835723,-6.898276799187029,-0.9918719476569106,-0.3215303731941148,3.215303731941148,1663.6647422920817,1653,-2.7625,-2.7625,5,0,ttc,False,,True,,1500,1547,1653,1479,2000,2000,1000,1000
1209,589247255017299,24.1799846959766,commit_complete,tracking,0,127841,4243385301148,589247.223051227,0.031966071925126016,False,True,0.0,0,272,444,208,-0.30625,-0.5666666666666667,0.69375,,4.511763871480202,,duplicate frame,0.20900998547681046,0.20900998547681046,4.784460406131885,0.5705379681529763,4.213922437978908,0.0,1.2,332.0,0.0408940069610253,1.25,-0.75,0.75,1.3333333333333333,-10.0,-5.349273614075706,-5.349273614075706,-1.31454879756382,-0.5,-1.81454879756382,-1.7290920302538284,-1.37,0.0610610069707036,-0.3590920302538283,-7.181840605076566,-6.919830010624939,-0.9918719476569106,-0.3215303731941148,3.215303731941148,1662.8863668837603,1652,-2.7625,-2.7625,5,0,ttc,False,,True,,1500,1545,1652,1479,2000,2000,1000,1000
1210,589247274993316,24.199960713041946,commit_complete,tracking,0,127842,4243418287085,589247.25645485,0.018538466072641313,True,True,0.0,0,266,448,214,-0.3,-0.5541666666666667,0.7,,4.511763871480202,,bbox clipped,0.20900998547681046,0.20900998547681046,4.784460406131885,0.5505619510876301,4.233898455044255,0.0,1.2,332.0,0.06087002402637154,1.25,-0.75,0.75,1.3333333333333333,-10.0,-5.075824250747919,-5.075824250747919,-1.3622445185657708,-0.78625,-2.1484945185657707,-1.7390800387865015,-1.37,0.08103702403604984,-0.3690800387865014,-7.381600775730028,-6.941948258084773,-0.9918719476569106,-0.3215303731941148,3.215303731941148,1662.1082453018737,1651,-2.7,-2.7,5,0,ttc,False,,True,,1500,1542,1651,1480,2000,2000,1000,1000
1211,589247294999465,24.219966862001456,commit_complete,tracking,0,127843,4243451274627,589247.289962539,0.005036926013417542,True,True,0.0,0,258,453,222,-0.2921875,-0.5375,0.7078125,,4.511763871480202,,bbox clipped,0.20900998547681046,0.20900998547681046,4.784460406131885,0.53055580212812,4.253904604003765,0.0,1.2,332.0,0.08087617298588157,1.25,-0.75,0.75,1.3333333333333333,-10.0,-4.7618932310570745,-4.7618932310570745,-1.4136119084772312,-0.76125,-2.174861908477231,-1.7490831132662565,-1.37,0.10104317299555987,-0.37908311326625643,-7.581662265325129,-6.9647002377808915,-0.9918719476569106,-0.3215303731941148,3.215303731941148,1662.3310587711649,1651,-2.621875,-2.621875,5,0,ttc,False,,True,,1500,1540,1651,1480,2000,2000,1000,1000
1212,589247315034548,24.240001945057884,commit_complete,tracking,0,127843,4243451274627,589247.289962539,0.02507200906984508,False,True,0.0,0,258,453,222,-0.2921875,-0.5375,0.7078125,,4.511763871480202,,duplicate frame,0.20900998547681046,0.20900998547681046,4.784460406131885,0.5105207190716925,4.273939687060192,0.0,1.2,332.0,0.1009112560423091,1.25,-0.75,0.75,1.3333333333333333,-10.0,-4.419789001427363,-4.419789001427363,-1.469088270038806,-0.5,-1.969088270038806,-1.7591006547944703,-1.37,0.12107825605198741,-0.3891006547944702,-7.782013095889404,-6.988087229589244,-0.9918719476569106,-0.3215303731941148,3.215303731941148,1661.5547965935375,1650,-2.621875,-2.621875,5,0,ttc,False,,True,,1500,1537,1650,1480,2000,2000,1000,1000
1213,589247334997854,24.25996525096707,commit_complete,tracking,0,127844,4243484457337,589247.323408343,0.01158951094839722,True,True,0.0,0,251,458,229,-0.284375,-0.5229166666666667,0.715625,,4.511763871480202,,bbox clipped,0.20900998547681046,0.20900998547681046,4.784460406131885,0.5,4.293902992969379,0.0,1.2,332.0,0.00991129595786333,1.25,-0.75,0.75,1.3333333333333333,-10.0,-4.204861111111111,-4.204861111111111,-1.5,-0.739375,-2.239375,-1.7690823077490636,-1.37,0.141041561961174,-0.3990823077490635,-7.98164615498127,-7.01198823616686,-0.9918719476569106,-0.3215303731941148,3.215303731941148,1661.778330659207,1650,-2.54375,-2.54375,5,0,horizontal alignment,False,,True,,1500,1535,1650,1481,2000,2000,1000,1000
1214,589247355182547,24.28014994401019,commit_complete,tracking,0,127844,4243484457337,589247.323408343,0.031774203991517425,False,True,0.0,0,251,458,229,-0.284375,-0.5229166666666667,0.715625,,4.511763871480202,,duplicate frame,0.20900998547681046,0.20900998547681046,4.784460406131885,0.5,4.314087686012499,0.0,1.2,332.0,0.030095989000983536,1.25,-0.75,0.75,1.3333333333333333,-10.0,-4.204861111111111,-4.204861111111111,-1.5,-0.5,-2.0,-1.7791746542706237,-1.37,0.16122625500429422,-0.4091746542706236,-8.183493085412472,-7.036765430559292,-0.9918719476569106,-0.3215303731941148,3.215303731941148,1662.0049547840306,1650,-2.54375,-2.54375,5,0,horizontal alignment,False,,True,,1500,1535,1650,1481,2000,2000,1000,1000
1215,589247375011932,24.299979328992777,commit_complete,tracking,0,127845,4243517281175,589247.356883264,0.01812866795808077,True,True,0.0,0,243,463,237,-0.2765625,-0.50625,0.7234375,,4.511763871480202,,bbox clipped,0.20900998547681046,0.20900998547681046,4.784460406131885,0.5,4.333917070995085,0.0,1.2,332.0,0.04992537398356944,1.14,-0.6399999999999999,0.6399999999999999,1.5625000000000002,-10.0,-5.308593750000001,-4.30400803602404,-1.2799999999999998,-0.714375,-1.9943749999999998,-1.7890893467619167,-1.52,0.01956749300006777,-0.26908934676191665,-5.381786935238333,-7.052773059314256,-0.9288607417871318,-0.4429964469127182,4.4299644691271824,1662.0045955254254,1654,-2.4656249999999997,-2.4656249999999997,5,0,horizontal alignment,False,,True,,1500,1536,1654,1482,2000,2000,1000,1000
1216,589247395024436,24.31999183294829,commit_complete,tracking,0,127846,4243550307449,589247.390292646,0.004731789929792285,True,True,0.0,0,234,468,246,-0.26875,-0.4875,0.73125,,4.511763871480202,,bbox clipped,0.20900998547681046,0.20900998547681046,4.784460406131885,0.5,4.353929574950598,0.0,1.2,332.0,0.06993787793908268,1.14,-0.6399999999999999,0.6399999999999999,1.5625000000000002,-10.0,-5.3203125,-4.4040705558016064,-1.2799999999999998,-0.68625,-1.9662499999999998,-1.7990955987396733,-1.52,0.03957999695558101,-0.27909559873967327,-5.581911974793465,-7.069529264635488,-0.9288607417871318,-0.4429964469127182,4.4299644691271824,1662.2214767703017,1654,-2.3874999999999997,-2.3874999999999997,5,0,horizontal alignment,False,,True,,1500,1537,1654,1482,2000,2000,1000,1000
1217,589247415030727,24.339998124050908,commit_complete,tracking,0,127846,4243550307449,589247.390292646,0.024738081032410264,False,True,0.0,0,234,468,246,-0.26875,-0.4875,0.73125,,4.511763871480202,,duplicate frame,0.20900998547681046,0.20900998547681046,4.784460406131885,0.5,4.373935866053216,0.0,1.2,332.0,0.08994416904170066,1.14,-0.6399999999999999,0.6399999999999999,1.5625000000000002,-10.0,-5.3203125,-4.504102011314696,-1.2799999999999998,-0.5,-1.7799999999999998,-1.7890924531883643,-1.52,0.05958628805819899,-0.2690924531883643,-5.381849063767286,-7.0856798904915,-0.9288607417871318,-0.4429964469127182,4.4299644691271824,1662.0375644851315,1654,-2.3874999999999997,-2.3874999999999997,5,0,horizontal alignment,False,,True,,1500,1538,1654,1482,2000,2000,1000,1000
1218,589247435029855,24.35999725200236,commit_complete,tracking,0,127847,4243583383775,589247.423770286,0.011259568971581757,True,True,0.0,0,213,474,267,-0.259375,-0.44375,0.740625,,4.511763871480202,,bbox clipped,0.20900998547681046,0.20900998547681046,4.784460406131885,0.5,4.393934994004667,0.0,1.1,331.0,0.019054110045544803,1.14,-0.6399999999999999,0.6399999999999999,1.5625000000000002,-10.0,-5.347656250000002,-4.60409765107195,-1.2799999999999998,-0.620625,-1.9006249999999998,-1.7990920171640896,-1.52,0.07958541600964963,-0.2790920171640896,-5.581840343281792,-7.102424681375979,-0.9288607417871318,-0.4429964469127182,4.4299644691271824,1662.2543005555306,1654,-2.29375,-2.29375,5,0,horizontal alignment,False,,True,,1500,1538,1654,1483,2000,2000,1000,1000
1219,589247455033943,24.380001340061426,commit_complete,tracking,0,127847,4243583383775,589247.423770286,0.03126365703064948,False,True,0.0,0,213,474,267,-0.259375,-0.44375,0.740625,,4.511763871480202,,duplicate frame,0.20900998547681046,0.20900998547681046,4.784460406131885,0.5,4.4139390820637345,0.0,1.1,331.0,0.03905819810461253,1.14,-0.6399999999999999,0.6399999999999999,1.5625000000000002,-10.0,-5.347656250000002,-4.704118091367288,-1.2799999999999998,-0.5,-1.7799999999999998,-1.7890899731345558,-1.52,0.09958950406871736,-0.26908997313455574,-5.381799462691115,-7.118573379931166,-0.9288607417871318,-0.4429964469127182,4.4299644691271824,1662.0704083734952,1654,-2.29375,-2.29375,5,0,horizontal alignment,False,,True,,1500,1539,1654,1483,2000,2000,1000,1000
1220,589247475122710,24.400090106995776,commit_complete,tracking,0,127848,4243619472211,589247.457144611,0.01797809894196689,True,True,0.0,0,165,480,315,-0.25,-0.34375,0.75,,4.511763871480202,,bbox clipped,0.20900998547681046,0.20900998547681046,4.784460406131885,0.5,4.434027848998085,0.0,1.1,331.0,0.05914696503896266,1.14,-0.6399999999999999,0.6399999999999999,1.5625000000000002,-10.0,-5.410156250000002,-4.804561926039039,-1.2799999999999998,-0.47062499999999996,-1.7506249999999999,-1.7790455896673807,-1.52,0.1196782710030675,-0.25904558966738067,-5.180911793347613,-7.134185099359764,-0.9288607417871318,-0.4429964469127182,4.4299644691271824,1661.8851324235802,1654,-2.2,-2.2,5,0,horizontal alignment,False,,True,,1500,1540,1654,1484,2000,2000,1000,1000
1221,589247495010991,24.419978388003074,commit_complete,tracking,0,127849,4243652455238,589247.490622706,0.004388284985907376,True,True,0.0,0,98,486,382,-0.240625,-0.20416666666666666,0.7958333333333333,,4.511763871480202,,bbox clipped,0.20900998547681046,0.20900998547681046,4.784460406131885,0.5,4.453916130005382,0.0,1.1,331.0,0.07903524604626,1.14,-0.6399999999999999,0.6399999999999999,1.5625000000000002,-10.0,-5.497395833333335,-4.9040033310755256,-1.2799999999999998,-0.26125,-1.5412499999999998,-1.769101449163732,-1.52,0.13956655201036483,-0.249101449163732,-4.98202898327464,-7.149047698220644,-0.9288607417871318,-0.4429964469127182,4.4299644691271824,1662.7011122123681,1655,-2.10625,-2.10625,5,0,horizontal alignment,False,,True,,1500,1541,1655,1484,2000,2000,1000,1000
1222,589247515034258,24.44000165502075,commit_complete,tracking,0,127849,4243652455238,589247.490622706,0.024411552003584802,False,True,0.0,0,98,486,382,-0.240625,-0.20416666666666666,0.7958333333333333,,4.511763871480202,,duplicate frame,0.20900998547681046,0.20900998547681046,4.784460406131885,0.5,4.473939397023059,0.0,1.1,331.0,0.09905851306393743,1.14,-0.6399999999999999,0.6399999999999999,1.5625000000000002,-10.0,-5.497395833333335,-5.004119666163913,-1.2799999999999998,-0.26125,-1.5412499999999998,-1.7590898156548933,-1.52,0.15958981902804226,-0.2390898156548933,-4.781796313097866,-7.16340977588084,-0.9288607417871318,-0.4429964469127182,4.4299644691271824,1662.5152416198516,1655,-2.10625,-2.10625,5,0,horizontal alignment,False,,True,,1500,1542,1655,1484,2000,2000,1000,1000
1223,589247535032175,24.459999572020024,commit_complete,tracking,0,127850,4243685799010,589247.5241275,0.010904675000347197,True,True,0.0,0,0,493,480,-0.2296875,0.0,1.0,,4.511763871480202,,bbox clipped,0.20900998547681046,0.20900998547681046,4.784460406131885,0.5,4.493937314022332,0.0,1.1,331.0,0.11905643006321043,1.14,-0.6399999999999999,0.6399999999999999,1.5625000000000002,-10.0,-5.625000000000002,-5.104109251160278,-1.2799999999999998,0.0,-1.2799999999999998,-1.7490908571552568,-1.52,0.17958773602731526,-0.2290908571552568,-4.581817143105136,-7.17715379572089,-0.9288607417871318,-0.4429964469127182,4.4299644691271824,1662.329006469699,1655,-1.996875,-1.996875,5,1,,False,,True,,1500,1543,1655,1485,2000,2000,1000,1000
1224,589247555009258,24.479976654984057,commit_complete,tracking,0,127850,4243685799010,589247.5241275,0.030881757964380085,False,True,0.0,0,0,493,480,-0.2296875,0.0,1.0,,4.511763871480202,,duplicate frame,0.20900998547681046,0.20900998547681046,4.784460406131885,0.5,4.513914396986365,0.0,1.1,331.0,0.13903351302724332,0.98,-0.48,0.5,2.0,-10.0,-10.0,-5.203994665980442,-0.96,0.0,-0.96,-1.7391023156732404,-1.73,0.007974767941050231,-0.00910231567324038,-0.1820463134648076,-7.177699308866997,-1.0960903180973052,-0.5736152211496356,5.736152211496356,1662.6235934108354,1661,-1.996875,-1.996875,5,1,horizontal alignment,False,,True,,1500,1543,1661,1485,2000,2000,1000,1000
1225,589247575014966,24.499982362962328,commit_complete,tracking,0,127851,4243719124260,589247.557527296,0.017487669945694506,True,True,0.0,0,0,500,480,-0.21875,0.0,1.0,,4.511763871480202,,bbox clipped,0.20900998547681046,0.20900998547681046,4.784460406131885,0.5,4.533920104964636,0.0,0.6,330.0,0.007787453010678291,0.98,-0.48,0.5,2.0,-10.0,-10.0,-5.304023205871797,-0.96,0.0,-0.96,-1.7290994616841049,-1.73,0.02798047591932118,0.0009005383158950941,0.018010766317901883,-7.177645261147284,-1.0960903180973052,-0.5736152211496356,5.736152211496356,1662.423482283333,1661,-1.8875,-1.8875,5,2,,False,,True,,1500,1544,1661,1486,2000,2000,1000,1000
1226,589247595029519,24.519996916060336,commit_complete,tracking,0,127852,4243751150945,589247.591061915,0.003967604017816484,True,True,0.0,0,0,508,480,-0.20625,0.0,1.0,,4.511763871480202,,bbox clipped,0.20900998547681046,0.20900998547681046,4.784460406131885,0.5,4.553934658062644,0.0,0.6,330.0,0.027802006108686328,0.98,-0.48,0.5,2.0,-10.0,-10.0,-5.404095971361837,-0.96,0.0,-0.96,-1.7190921851351009,-1.73,0.047995029017329216,0.010907814864899112,0.21815629729798225,-7.176990316027894,-1.0960903180973052,-0.5736152211496356,5.736152211496356,1663.2226818072336,1662,-1.7625,-1.7625,5,3,,False,,True,,1500,1545,1662,1487,2000,2000,1000,1000
1227,589247615028627,24.53999602398835,commit_complete,tracking,0,127852,4243751150945,589247.591061915,0.023966711945831776,False,True,0.0,0,0,508,480,-0.20625,0.0,1.0,,4.511763871480202,,duplicate frame,0.20900998547681046,0.20900998547681046,4.784460406131885,0.5,4.57393376599066,0.0,0.6,330.0,0.04780111403670162,0.98,-0.48,0.5,2.0,-10.0,-10.0,-5.5040915110019135,-0.96,0.0,-0.96,-1.7090926311710932,-1.73,0.06799413694534451,0.02090736882890676,0.41814737657813517,-7.175735929850793,-1.0960903180973052,-0.5736152211496356,5.736152211496356,1663.0214363417763,1662,-1.7625,-1.7625,5,3,horizontal alignment,False,,True,,1500,1546,1662,1487,2000,2000,1000,1000
1228,589247635024216,24.559991613030434,commit_complete,tracking,0,127853,4243786690729,589247.62442687,0.010597346001304686,True,True,0.0,0,0,516,480,-0.19375,0.0,1.0,,4.511763871480202,,bbox clipped,0.20900998547681046,0.20900998547681046,4.784460406131885,0.5,4.593929355032742,0.0,0.6,330.0,0.06779670307878405,0.98,-0.48,0.5,2.0,-10.0,-10.0,-5.604069456212326,-0.96,0.0,-0.96,-1.699094836650052,-1.73,0.08798972598742694,0.030905163349947973,0.6181032669989595,-7.173882029013921,-1.0960903180973052,-0.5736152211496356,5.736152211496356,1662.8196265505187,1662,-1.6375000000000002,-1.6375000000000002,5,4,,False,,True,,1500,1547,1662,1488,2000,2000,1000,1000
1229,589247655008869,24.579976266017184,commit_complete,tracking,0,127853,4243786690729,589247.62442687,0.030581998988054693,False,True,0.0,0,0,516,480,-0.19375,0.0,1.0,,4.511763871480202,,duplicate frame,0.20900998547681046,0.20900998547681046,4.784460406131885,0.5,4.613914008019492,0.0,0.6,330.0,0.08778135606553406,0.98,-0.48,0.5,2.0,-10.0,-10.0,-5.703992721146076,-0.96,0.0,-0.96,-1.689102510156677,-1.73,0.10797437897417694,0.040897489843322976,0.8179497968664595,-7.1714300625862775,-1.0960903180973052,-0.5736152211496356,5.736152211496356,1663.6173280542234,1663,-1.6375000000000002,-1.6375000000000002,5,4,horizontal alignment,False,,True,,1500,1548,1663,1488,2000,2000,1000,1000
1230,589247675009002,24.599976398982108,commit_complete,commit,0,127854,4243818570480,589247.657912565,0.01709643693175167,True,True,0.0,0,0,525,480,-0.1796875,0.0,1.0,,4.511763871480202,,bbox clipped,0.20900998547681046,0.20900998547681046,4.784460406131885,0.5,4.633914140984416,0.0,0.5,330.0,0.01695402094628662,0.98,-0.48,0.5,2.0,-10.0,-10.0,-5.803993385970696,-0.96,0.0,-0.96,-1.679102443674215,-1.73,0.12797451193910092,0.050897556325784965,1.0179511265156993,-7.168376188903961,-1.0960903180973052,-0.5736152211496356,5.736152211496356,1663.4142728508918,1663,-1.496875,-1.496875,5,5,,False,,True,,1500,1548,1663,1489,2000,2000,1000,1000
1231,589247695008902,24.619976298999973,commit_complete,commit,0,127855,4243852138076,589247.691367705,0.0036411969922482967,True,True,0.0,0,0,540,480,-0.1796875,0.0,1.0,,4.511763871480202,,bbox clipped,0.20900998547681046,0.20900998547681046,4.784460406131885,0.5,4.633914140984416,0.0,0.5,330.0,0.03695392096415162,0.98,-0.48,0.5,2.0,-10.0,-10.0,-5.803993385970696,-0.96,0.0,-0.96,-1.679102443674215,-1.73,0.12797451193910092,0.050897556325784965,1.0179511265156993,-7.168376188903961,-1.0960903180973052,-0.5736152211496356,5.736152211496356,1663.4142728508918,1663,-1.496875,-1.496875,5,5,,False,,True,,1500,1548,1663,1489,2000,2000,1000,1000
1232,589247715037945,24.640005341963843,commit_complete,commit,0,127855,4243852138076,589247.691367705,0.023670239956118166,True,True,0.0,0,0,540,480,-0.1796875,0.0,1.0,,4.511763871480202,,bbox clipped,0.20900998547681046,0.20900998547681046,4.784460406131885,0.5,4.633914140984416,0.0,0.5,330.0,0.05698296392802149,0.84,-0.48,0.5,2.0,-10.0,-10.0,-5.803993385970696,-0.96,0.0,-0.96,-1.679102443674215,-1.73,0.12797451193910092,0.050897556325784965,1.0179511265156993,-7.168376188903961,-1.0960903180973052,-0.5736152211496356,5.736152211496356,1663.4142728508918,1663,-1.496875,-1.496875,5,5,,False,,True,,1500,1548,1663,1489,2000,2000,1000,1000
1233,589247735043269,24.660010666004382,commit_complete,commit,0,127856,4243885515165,589247.724868722,0.010174546972848475,True,True,0.0,0,0,580,480,-0.1796875,0.0,1.0,,4.511763871480202,,bbox clipped,0.20900998547681046,0.20900998547681046,4.784460406131885,0.5,4.633914140984416,0.0,0.5,330.0,0.07698828796856105,0.84,-0.48,0.5,2.0,-10.0,-10.0,-5.803993385970696,-0.96,0.0,-0.96,-1.679102443674215,-1.73,0.12797451193910092,0.050897556325784965,1.0179511265156993,-7.168376188903961,-1.0960903180973052,-0.5736152211496356,5.736152211496356,1663.4142728508918,1663,-1.496875,-1.496875,5,5,,False,,True,,1500,1548,1663,1489,2000,2000,1000,1000
1234,589247755015632,24.679983029025607,commit_complete,commit,0,127856,4243885515165,589247.724868722,0.030146909994073212,True,True,0.0,0,0,580,480,-0.1796875,0.0,1.0,,4.511763871480202,,bbox clipped,0.20900998547681046,0.20900998547681046,4.784460406131885,0.5,4.633914140984416,0.0,0.5,330.0,0.09696065098978579,0.84,-0.48,0.5,2.0,-10.0,-10.0,-5.803993385970696,-0.96,0.0,-0.96,-1.679102443674215,-1.73,0.12797451193910092,0.050897556325784965,1.0179511265156993,-7.168376188903961,-1.0960903180973052,-0.5736152211496356,5.736152211496356,1663.4142728508918,1663,-1.496875,-1.496875,5,5,,False,,True,,1500,1548,1663,1489,2000,2000,1000,1000
1235,589247774992487,24.69995988404844,commit_complete,commit,0,127857,4243918626707,589247.758250133,0.016742354026064277,True,True,0.0,0,0,621,480,-0.1796875,0.0,1.0,,4.511763871480202,,bbox clipped,0.20900998547681046,0.20900998547681046,4.784460406131885,0.5,4.633914140984416,5.1,-7.2,321.0,0.0007723630405962467,0.84,-0.48,0.5,2.0,-10.0,-10.0,-5.803993385970696,-0.96,0.0,-0.96,-1.679102443674215,-1.73,0.12797451193910092,0.050897556325784965,1.0179511265156993,-7.168376188903961,-1.0960903180973052,-0.5736152211496356,5.736152211496356,1663.4142728508918,1663,-1.496875,-1.496875,5,5,,False,,True,,1500,1548,1663,1489,2000,2000,1000,1000
1236,589247795022977,24.71999037405476,commit_complete,commit,0,127858,4243952340724,589247.791718964,0.0033040130510926247,True,True,0.0,0,0,640,480,-0.1796875,0.0,1.0,,4.511763871480202,,bbox clipped,0.20900998547681046,0.20900998547681046,4.784460406131885,0.5,4.633914140984416,5.1,-7.2,321.0,0.020802853046916425,0.84,-0.48,0.5,2.0,-10.0,-10.0,-5.803993385970696,-0.96,0.0,-0.96,-1.679102443674215,-1.73,0.12797451193910092,0.050897556325784965,1.0179511265156993,-7.168376188903961,-1.0960903180973052,-0.5736152211496356,5.736152211496356,1663.4142728508918,1663,-1.496875,-1.496875,5,5,,False,,True,,1500,1548,1663,1489,2000,2000,1000,1000
1237,589247815030202,24.73999759904109,commit_complete,commit,0,127858,4243952340724,589247.791718964,0.0233112380374223,True,True,0.0,0,0,640,480,-0.1796875,0.0,1.0,,4.511763871480202,,bbox clipped,0.20900998547681046,0.20900998547681046,4.784460406131885,0.5,4.633914140984416,5.1,-7.2,321.0,0.0408100780332461,0.84,-0.48,0.5,2.0,-10.0,-10.0,-5.803993385970696,-0.96,0.0,-0.96,-1.679102443674215,-1.73,0.12797451193910092,0.050897556325784965,1.0179511265156993,-7.168376188903961,-1.0960903180973052,-0.5736152211496356,5.736152211496356,1663.4142728508918,1663,-1.496875,-1.496875,5,5,,False,,True,,1500,1548,1663,1489,2000,2000,1000,1000
1238,589247835026815,24.759994211955927,commit_complete,commit,0,127859,4243984246681,589247.825169364,0.009857450961135328,True,True,0.0,0,0,640,480,-0.1796875,0.0,1.0,,4.511763871480202,,bbox clipped,0.20900998547681046,0.20900998547681046,4.784460406131885,0.5,4.633914140984416,5.1,-7.2,321.0,0.060806690948084,0.84,-0.48,0.5,2.0,-10.0,-10.0,-5.803993385970696,-0.96,0.0,-0.96,-1.679102443674215,-1.73,0.12797451193910092,0.050897556325784965,1.0179511265156993,-7.168376188903961,-1.0960903180973052,-0.5736152211496356,5.736152211496356,1663.4142728508918,1663,-1.496875,-1.496875,5,5,,False,,True,,1500,1548,1663,1489,2000,2000,1000,1000
1239,589247854999048,24.779966445057653,commit_complete,commit,0,127859,4243984246681,589247.825169364,0.029829684062860906,True,True,0.0,0,0,640,480,-0.1796875,0.0,1.0,,4.511763871480202,,bbox clipped,0.20900998547681046,0.20900998547681046,4.784460406131885,0.5,4.633914140984416,5.1,-7.2,321.0,0.08077892404980958,0.84,-0.48,0.5,2.0,-10.0,-10.0,-5.803993385970696,-0.96,0.0,-0.96,-1.679102443674215,-1.73,0.12797451193910092,0.050897556325784965,1.0179511265156993,-7.168376188903961,-1.0960903180973052,-0.5736152211496356,5.736152211496356,1663.4142728508918,1663,-1.496875,-1.496875,5,5,,False,,True,,1500,1548,1663,1489,2000,2000,1000,1000
1240,589247875041766,24.800009162980132,commit_complete,commit,0,127860,4244015904841,589247.858597114,0.016444651992060244,True,True,0.0,0,0,640,480,-0.1796875,0.0,1.0,,4.511763871480202,,bbox clipped,0.20900998547681046,0.20900998547681046,4.784460406131885,0.5,4.633914140984416,5.1,-7.2,321.0,0.10082164197228849,0.67,-0.48,0.5,2.0,-10.0,-10.0,-5.803993385970696,-0.96,0.0,-0.96,-1.679102443674215,-1.73,0.12797451193910092,0.050897556325784965,1.0179511265156993,-7.168376188903961,-1.0960903180973052,-0.5736152211496356,5.736152211496356,1663.4142728508918,1663,-1.496875,-1.496875,5,5,,False,,True,,1500,1548,1663,1489,2000,2000,1000,1000
1241,589247895032609,24.820000006002374,commit_complete,commit,0,127861,4244049093501,589247.892069865,0.0029627439798787236,True,True,0.0,0,0,640,480,-0.1796875,0.0,1.0,,4.511763871480202,,bbox clipped,0.20900998547681046,0.20900998547681046,4.784460406131885,0.5,4.633914140984416,5.1,-7.2,321.0,0.12081248499453068,0.67,-0.48,0.5,2.0,-10.0,-10.0,-5.803993385970696,-0.96,0.0,-0.96,-1.679102443674215,-1.73,0.12797451193910092,0.050897556325784965,1.0179511265156993,-7.168376188903961,-1.0960903180973052,-0.5736152211496356,5.736152211496356,1663.4142728508918,1663,-1.496875,-1.496875,5,5,,False,,True,,1500,1548,1663,1489,2000,2000,1000,1000
1242,589247915004894,24.839972291025333,commit_complete,commit,0,127861,4244049093501,589247.892069865,0.022935029002837837,True,True,0.0,0,0,640,480,-0.1796875,0.0,1.0,,4.511763871480202,,bbox clipped,0.20900998547681046,0.20900998547681046,4.784460406131885,0.5,4.633914140984416,1.4,-7.8,308.0,0.019755076034925878,0.67,-0.48,0.5,2.0,-10.0,-10.0,-5.803993385970696,-0.96,0.0,-0.96,-1.679102443674215,-1.73,0.12797451193910092,0.050897556325784965,1.0179511265156993,-7.168376188903961,-1.0960903180973052,-0.5736152211496356,5.736152211496356,1663.4142728508918,1663,-1.496875,-1.496875,5,5,,False,,True,,1500,1548,1663,1489,2000,2000,1000,1000
1243,589247935009618,24.859977015061304,commit_complete,commit,0,127862,4244078818575,589247.925528518,0.009481100016273558,True,True,0.0,0,0,640,480,-0.1796875,0.0,1.0,,4.511763871480202,,bbox clipped,0.20900998547681046,0.20900998547681046,4.784460406131885,0.5,4.633914140984416,1.4,-7.8,308.0,0.039759800070896745,0.67,-0.48,0.5,2.0,-10.0,-10.0,-5.803993385970696,-0.96,0.0,-0.96,-1.679102443674215,-1.73,0.12797451193910092,0.050897556325784965,1.0179511265156993,-7.168376188903961,-1.0960903180973052,-0.5736152211496356,5.736152211496356,1663.4142728508918,1663,-1.496875,-1.496875,5,5,,False,,True,,1500,1548,1663,1489,2000,2000,1000,1000
1244,589247955008691,24.879976087948307,commit_complete,commit,0,127862,4244078818575,589247.925528518,0.02948017290327698,True,True,0.0,0,0,640,480,-0.1796875,0.0,1.0,,4.511763871480202,,bbox clipped,0.20900998547681046,0.20900998547681046,4.784460406131885,0.5,4.633914140984416,1.4,-7.8,308.0,0.059758872957900167,0.67,-0.48,0.5,2.0,-10.0,-10.0,-5.803993385970696,-0.96,0.0,-0.96,-1.679102443674215,-1.73,0.12797451193910092,0.050897556325784965,1.0179511265156993,-7.168376188903961,-1.0960903180973052,-0.5736152211496356,5.736152211496356,1663.4142728508918,1663,-1.496875,-1.496875,5,5,,False,,True,,1500,1548,1663,1489,2000,2000,1000,1000
1245,589247975032520,24.89999991701916,commit_complete,commit,0,127863,4244111825682,589247.958985322,0.01604719797614962,True,True,0.0,0,0,640,480,-0.1796875,0.0,1.0,,4.511763871480202,,bbox clipped,0.20900998547681046,0.20900998547681046,4.784460406131885,0.5,4.633914140984416,1.4,-7.8,308.0,0.07978270202875137,0.67,-0.48,0.5,2.0,-10.0,-10.0,-5.803993385970696,-0.96,0.0,-0.96,-1.679102443674215,-1.73,0.12797451193910092,0.050897556325784965,1.0179511265156993,-7.168376188903961,-1.0960903180973052,-0.5736152211496356,5.736152211496356,1663.4142728508918,1663,-1.496875,-1.496875,5,5,,False,,True,,1500,1548,1663,1489,2000,2000,1000,1000
1246,589247995021138,24.919988534995355,commit_complete,commit,0,127864,4244144905755,589247.992413134,0.0026080040261149406,True,True,0.0,0,0,640,480,-0.1796875,0.0,1.0,,4.511763871480202,,bbox clipped,0.20900998547681046,0.20900998547681046,4.784460406131885,0.5,4.633914140984416,-1.6,-3.3,300.0,0.01910754304844886,0.67,-0.48,0.5,2.0,-10.0,-10.0,-5.803993385970696,-0.96,0.0,-0.96,-1.679102443674215,-1.73,0.12797451193910092,0.050897556325784965,1.0179511265156993,-7.168376188903961,-1.0960903180973052,-0.5736152211496356,5.736152211496356,1663.4142728508918,1663,-1.496875,-1.496875,5,5,,False,,True,,1500,1548,1663,1489,2000,2000,1000,1000
1247,589248015009035,24.939976432011463,commit_complete,commit,0,127864,4244144905755,589247.992413134,0.022595901042222977,True,True,0.0,0,0,640,480,-0.1796875,0.0,1.0,,4.511763871480202,,bbox clipped,0.20900998547681046,0.20900998547681046,4.784460406131885,0.5,4.633914140984416,-1.6,-3.3,300.0,0.0390954400645569,0.57,-0.48,0.5,2.0,-10.0,-10.0,-5.803993385970696,-0.96,0.0,-0.96,-1.679102443674215,-1.73,0.12797451193910092,0.050897556325784965,1.0179511265156993,-7.168376188903961,-1.0960903180973052,-0.5736152211496356,5.736152211496356,1663.4142728508918,1663,-1.496875,-1.496875,5,5,,False,,True,,1500,1548,1663,1489,2000,2000,1000,1000
1248,589248034988602,24.959955999045633,commit_complete,commit,0,127865,4244177582381,589248.025905928,0.009082674048841,True,True,0.0,0,0,640,480,-0.1796875,0.0,1.0,,4.511763871480202,,bbox clipped,0.20900998547681046,0.20900998547681046,4.784460406131885,0.5,4.633914140984416,-1.6,-3.3,300.0,0.05907500709872693,0.57,-0.48,0.5,2.0,-10.0,-10.0,-5.803993385970696,-0.96,0.0,-0.96,-1.679102443674215,-1.73,0.12797451193910092,0.050897556325784965,1.0179511265156993,-7.168376188903961,-1.0960903180973052,-0.5736152211496356,5.736152211496356,1663.4142728508918,1663,-1.496875,-1.496875,5,5,,False,,True,,1500,1548,1663,1489,2000,2000,1000,1000
1249,589248054938527,24.979905924061313,commit_complete,commit,0,127865,4244177582381,589248.025905928,0.02903259906452149,True,True,0.0,0,0,640,480,-0.1796875,0.0,1.0,,4.511763871480202,,bbox clipped,0.20900998547681046,0.20900998547681046,4.784460406131885,0.5,4.633914140984416,-2.9,2.2,294.0,0.008695826050825417,0.57,-0.48,0.5,2.0,-10.0,-10.0,-5.803993385970696,-0.96,0.0,-0.96,-1.679102443674215,-1.73,0.12797451193910092,0.050897556325784965,1.0179511265156993,-7.168376188903961,-1.0960903180973052,-0.5736152211496356,5.736152211496356,1663.4142728508918,1663,-1.496875,-1.496875,5,5,,False,,True,,1500,1548,1663,1489,2000,2000,1000,1000
1250,589248075039001,25.000006397953257,commit_complete,commit,0,127866,4244210673622,589248.059311667,0.015727333957329392,True,True,0.0,0,0,640,480,-0.1796875,0.0,1.0,,4.511763871480202,,bbox clipped,0.20900998547681046,0.20900998547681046,4.784460406131885,0.5,4.633914140984416,-2.9,2.2,294.0,0.02879629994276911,0.57,-0.48,0.5,2.0,-10.0,-10.0,-5.803993385970696,-0.96,0.0,-0.96,-1.679102443674215,-1.73,0.12797451193910092,0.050897556325784965,1.0179511265156993,-7.168376188903961,-1.0960903180973052,-0.5736152211496356,5.736152211496356,1663.4142728508918,1663,-1.496875,-1.496875,5,5,,False,,True,,1500,1548,1663,1489,2000,2000,1000,1000
1251,589248095034193,25.020001590019092,commit_complete,commit,0,127867,4244243650386,589248.092793658,0.002240534988231957,True,True,0.0,0,0,640,480,-0.1796875,0.0,1.0,,4.511763871480202,,bbox clipped,0.20900998547681046,0.20900998547681046,4.784460406131885,0.5,4.633914140984416,-2.9,2.2,294.0,0.04879149200860411,0.57,-0.48,0.5,2.0,-10.0,-10.0,-5.803993385970696,-0.96,0.0,-0.96,-1.679102443674215,-1.73,0.12797451193910092,0.050897556325784965,1.0179511265156993,-7.168376188903961,-1.0960903180973052,-0.5736152211496356,5.736152211496356,1663.4142728508918,1663,-1.496875,-1.496875,5,5,,False,,True,,1500,1548,1663,1489,2000,2000,1000,1000
1252,589248115031209,25.039998605963774,commit_complete,commit,0,127867,4244243650386,589248.092793658,0.02223755093291402,True,True,0.0,0,0,640,480,-0.1796875,0.0,1.0,,4.511763871480202,,bbox clipped,0.20900998547681046,0.20900998547681046,4.784460406131885,0.5,4.633914140984416,-2.9,2.2,294.0,0.06878850795328617,0.57,-0.48,0.5,2.0,-10.0,-10.0,-5.803993385970696,-0.96,0.0,-0.96,-1.679102443674215,-1.73,0.12797451193910092,0.050897556325784965,1.0179511265156993,-7.168376188903961,-1.0960903180973052,-0.5736152211496356,5.736152211496356,1663.4142728508918,1663,-1.496875,-1.496875,5,5,,False,,True,,1500,1548,1663,1489,2000,2000,1000,1000
1253,589248135024028,25.05999142501969,commit_complete,commit,0,127868,4244276634254,589248.126242137,0.008781890966929495,True,True,0.0,0,0,640,480,-0.1796875,0.0,1.0,,4.511763871480202,,bbox clipped,0.20900998547681046,0.20900998547681046,4.784460406131885,0.5,4.633914140984416,-2.9,2.2,294.0,0.08878132700920105,0.57,-0.48,0.5,2.0,-10.0,-10.0,-5.803993385970696,-0.96,0.0,-0.96,-1.679102443674215,-1.73,0.12797451193910092,0.050897556325784965,1.0179511265156993,-7.168376188903961,-1.0960903180973052,-0.5736152211496356,5.736152211496356,1663.4142728508918,1663,-1.496875,-1.496875,5,5,,False,,True,,1500,1548,1663,1489,2000,2000,1000,1000
1254,589248155007355,25.079974752035923,commit_complete,commit,0,127868,4244276634254,589248.126242137,0.028765217983163893,True,True,0.0,0,0,640,480,-0.1796875,0.0,1.0,,4.511763871480202,,bbox clipped,0.20900998547681046,0.20900998547681046,4.784460406131885,0.5,4.633914140984416,-2.9,2.2,294.0,0.10876465402543545,0.57,-0.48,0.5,2.0,-10.0,-10.0,-5.803993385970696,-0.96,0.0,-0.96,-1.679102443674215,-1.73,0.12797451193910092,0.050897556325784965,1.0179511265156993,-7.168376188903961,-1.0960903180973052,-0.5736152211496356,5.736152211496356,1663.4142728508918,1663,-1.496875,-1.496875,5,5,,False,,True,,1500,1548,1663,1489,2000,2000,1000,1000
1255,589248174997399,25.099964795983396,commit_complete,commit,0,127869,4244309608297,589248.159726327,0.015271071926690638,True,True,0.0,0,0,640,480,-0.1796875,0.0,1.0,,4.511763871480202,,bbox clipped,0.20900998547681046,0.20900998547681046,4.784460406131885,0.5,4.633914140984416,-2.9,2.2,294.0,0.12875469797290862,0.57,-0.48,0.5,2.0,-10.0,-10.0,-5.803993385970696,-0.96,0.0,-0.96,-1.679102443674215,-1.73,0.12797451193910092,0.050897556325784965,1.0179511265156993,-7.168376188903961,-1.0960903180973052,-0.5736152211496356,5.736152211496356,1663.4142728508918,1663,-1.496875,-1.496875,5,5,,False,,True,,1500,1548,1663,1489,2000,2000,1000,1000
1256,589248195023068,25.11999046499841,commit_complete,commit,0,127870,4244342690376,589248.193196733,0.0018263349775224924,True,True,0.0,0,0,640,480,-0.1796875,0.0,1.0,,4.511763871480202,,bbox clipped,0.20900998547681046,0.20900998547681046,4.784460406131885,0.5,4.633914140984416,-2.9,2.2,294.0,0.1487803669879213,0.47,-0.48,0.5,2.0,-10.0,-10.0,-5.803993385970696,-0.96,0.0,-0.96,-1.679102443674215,-1.73,0.12797451193910092,0.050897556325784965,1.0179511265156993,-7.168376188903961,-1.0960903180973052,-0.5736152211496356,5.736152211496356,1663.4142728508918,1663,-1.496875,-1.496875,5,5,,False,,True,,1500,1548,1663,1489,2000,2000,1000,1000
1257,589248215009841,25.139977238024585,commit_complete,commit,0,127870,4244342690376,589248.193196733,0.02181310800369829,True,True,0.0,0,0,640,480,-0.1796875,0.0,1.0,,4.511763871480202,,bbox clipped,0.20900998547681046,0.20900998547681046,4.784460406131885,0.5,4.633914140984416,-5.5,16.5,283.0,0.007571446010842919,0.47,-0.48,0.5,2.0,-10.0,-10.0,-5.803993385970696,-0.96,0.0,-0.96,-1.679102443674215,-1.73,0.12797451193910092,0.050897556325784965,1.0179511265156993,-7.168376188903961,-1.0960903180973052,-0.5736152211496356,5.736152211496356,1663.4142728508918,1663,-1.496875,-1.496875,5,5,,False,,True,,1500,1548,1663,1489,2000,2000,1000,1000
1258,589248235016590,25.159983986988664,commit_complete,commit,0,127871,4244375508374,589248.226644782,0.00837180798407644,True,True,0.0,0,0,640,480,-0.1796875,0.0,1.0,,4.511763871480202,,bbox clipped,0.20900998547681046,0.20900998547681046,4.784460406131885,0.5,4.633914140984416,-5.5,16.5,283.0,0.027578194974921644,0.47,-0.48,0.5,2.0,-10.0,-10.0,-5.803993385970696,-0.96,0.0,-0.96,-1.679102443674215,-1.73,0.12797451193910092,0.050897556325784965,1.0179511265156993,-7.168376188903961,-1.0960903180973052,-0.5736152211496356,5.736152211496356,1663.4142728508918,1663,-1.496875,-1.496875,5,5,,False,,True,,1500,1548,1663,1489,2000,2000,1000,1000
1259,589248254999592,25.17996698897332,commit_complete,commit,0,127871,4244375508374,589248.226644782,0.028354809968732297,True,True,0.0,0,0,640,480,-0.1796875,0.0,1.0,,4.511763871480202,,bbox clipped,0.20900998547681046,0.20900998547681046,4.784460406131885,0.5,4.633914140984416,-5.5,16.5,283.0,0.0475611969595775,0.47,-0.48,0.5,2.0,-10.0,-10.0,-5.803993385970696,-0.96,0.0,-0.96,-1.679102443674215,-1.73,0.12797451193910092,0.050897556325784965,1.0179511265156993,-7.168376188903961,-1.0960903180973052,-0.5736152211496356,5.736152211496356,1663.4142728508918,1663,-1.496875,-1.496875,5,5,,False,,True,,1500,1548,1663,1489,2000,2000,1000,1000
1260,589248275029990,25.199997387011535,commit_complete,commit,0,127872,4244410570203,589248.260094149,0.014935840968973935,True,True,0.0,0,0,640,480,-0.1796875,0.0,1.0,,4.511763871480202,,bbox clipped,0.20900998547681046,0.20900998547681046,4.784460406131885,0.5,4.633914140984416,-5.5,16.5,283.0,0.06759159499779344,0.47,-0.48,0.5,2.0,-10.0,-10.0,-5.803993385970696,-0.96,0.0,-0.96,-1.679102443674215,-1.73,0.12797451193910092,0.050897556325784965,1.0179511265156993,-7.168376188903961,-1.0960903180973052,-0.5736152211496356,5.736152211496356,1663.4142728508918,1663,-1.496875,-1.496875,5,5,,False,,True,,1500,1548,1663,1489,2000,2000,1000,1000
1261,589248295018592,25.219985989038832,commit_complete,commit,0,127873,4244441416220,589248.293560924,0.0014576680259779096,True,True,0.0,0,0,640,480,-0.1796875,0.0,1.0,,4.511763871480202,,bbox clipped,0.20900998547681046,0.20900998547681046,4.784460406131885,0.5,4.633914140984416,-5.5,16.5,283.0,0.08758019702509046,0.47,-0.48,0.5,2.0,-10.0,-10.0,-5.803993385970696,-0.96,0.0,-0.96,-1.679102443674215,-1.73,0.12797451193910092,0.050897556325784965,1.0179511265156993,-7.168376188903961,-1.0960903180973052,-0.5736152211496356,5.736152211496356,1663.4142728508918,1663,-1.496875,-1.496875,5,5,,False,,True,,1500,1548,1663,1489,2000,2000,1000,1000
1262,589248315023838,25.23999123496469,commit_complete,commit,0,127873,4244441416220,589248.293560924,0.021462913951836526,True,True,0.0,0,0,640,480,-0.1796875,0.0,1.0,,4.511763871480202,,bbox clipped,0.20900998547681046,0.20900998547681046,4.784460406131885,0.5,4.633914140984416,-5.5,16.5,283.0,0.10758544295094907,0.47,-0.48,0.5,2.0,-10.0,-10.0,-5.803993385970696,-0.96,0.0,-0.96,-1.679102443674215,-1.73,0.12797451193910092,0.050897556325784965,1.0179511265156993,-7.168376188903961,-1.0960903180973052,-0.5736152211496356,5.736152211496356,1663.4142728508918,1663,-1.496875,-1.496875,5,5,,False,,True,,1500,1548,1663,1489,2000,2000,1000,1000
1263,589248334994461,25.259961858042516,commit_complete,commit,0,127874,4244475215936,589248.327041422,0.007953039021231234,True,True,0.0,0,0,640,480,-0.1796875,0.0,1.0,,4.511763871480202,,bbox clipped,0.20900998547681046,0.20900998547681046,4.784460406131885,0.5,4.633914140984416,-5.5,16.5,283.0,0.12755606602877378,0.47,-0.48,0.5,2.0,-10.0,-10.0,-5.803993385970696,-0.96,0.0,-0.96,-1.679102443674215,-1.73,0.12797451193910092,0.050897556325784965,1.0179511265156993,-7.168376188903961,-1.0960903180973052,-0.5736152211496356,5.736152211496356,1663.4142728508918,1663,-1.496875,-1.496875,5,5,,False,,True,,1500,1548,1663,1489,2000,2000,1000,1000
1264,589248354979350,25.279946747003123,commit_complete,commit,0,127874,4244475215936,589248.327041422,0.027937927981838584,True,True,0.0,0,0,640,480,-0.1796875,0.0,1.0,,4.511763871480202,,bbox clipped,0.20900998547681046,0.20900998547681046,4.784460406131885,0.5,4.633914140984416,-2.8,20.0,276.0,0.006390130962245166,0.47,-0.48,0.5,2.0,-10.0,-10.0,-5.803993385970696,-0.96,0.0,-0.96,-1.679102443674215,-1.73,0.12797451193910092,0.050897556325784965,1.0179511265156993,-7.168376188903961,-1.0960903180973052,-0.5736152211496356,5.736152211496356,1663.4142728508918,1663,-1.496875,-1.496875,5,5,,False,,True,,1500,1548,1663,1489,2000,2000,1000,1000
1265,589248375032399,25.299999795970507,commit_complete,commit,0,127875,4244507968556,589248.360427357,0.014605041942559183,True,True,0.0,0,0,640,480,-0.1796875,0.0,1.0,,4.511763871480202,,bbox clipped,0.20900998547681046,0.20900998547681046,4.784460406131885,0.5,4.633914140984416,-2.8,20.0,276.0,0.026443179929628968,0.44,-0.48,0.5,2.0,-10.0,-10.0,-5.803993385970696,-0.96,0.0,-0.96,-1.679102443674215,-1.73,0.12797451193910092,0.050897556325784965,1.0179511265156993,-7.168376188903961,-1.0960903180973052,-0.5736152211496356,5.736152211496356,1663.4142728508918,1663,-1.496875,-1.496875,5,5,,False,,True,,1500,1548,1663,1489,2000,2000,1000,1000
1266,589248395019137,25.31998653395567,commit_complete,commit,0,127876,4244540379056,589248.393903659,0.0011154779931530356,True,True,0.0,0,0,640,480,-0.1796875,0.0,1.0,,4.511763871480202,,bbox clipped,0.20900998547681046,0.20900998547681046,4.784460406131885,0.5,4.633914140984416,-2.8,20.0,276.0,0.046429917914792895,0.44,-0.48,0.5,2.0,-10.0,-10.0,-5.803993385970696,-0.96,0.0,-0.96,-1.679102443674215,-1.73,0.12797451193910092,0.050897556325784965,1.0179511265156993,-7.168376188903961,-1.0960903180973052,-0.5736152211496356,5.736152211496356,1663.4142728508918,1663,-1.496875,-1.496875,5,5,,False,,True,,1500,1548,1663,1489,2000,2000,1000,1000
1267,589248415035165,25.340002562035806,commit_complete,commit,0,127876,4244540379056,589248.393903659,0.02113150607328862,True,True,0.0,0,0,640,480,-0.1796875,0.0,1.0,,4.511763871480202,,bbox clipped,0.20900998547681046,0.20900998547681046,4.784460406131885,0.5,4.633914140984416,-2.8,20.0,276.0,0.06644594599492848,0.44,-0.48,0.5,2.0,-10.0,-10.0,-5.803993385970696,-0.96,0.0,-0.96,-1.679102443674215,-1.73,0.12797451193910092,0.050897556325784965,1.0179511265156993,-7.168376188903961,-1.0960903180973052,-0.5736152211496356,5.736152211496356,1663.4142728508918,1663,-1.496875,-1.496875,5,5,,False,,True,,1500,1548,1663,1489,2000,2000,1000,1000
1268,589248435026690,25.359994087019004,commit_complete,commit,0,127877,4244573167446,589248.427337089,0.007689601043239236,True,True,0.0,0,0,640,480,-0.1796875,0.0,1.0,,4.511763871480202,,bbox clipped,0.20900998547681046,0.20900998547681046,4.784460406131885,0.5,4.633914140984416,-2.8,20.0,276.0,0.08643747097812593,0.44,-0.48,0.5,2.0,-10.0,-10.0,-5.803993385970696,-0.96,0.0,-0.96,-1.679102443674215,-1.73,0.12797451193910092,0.050897556325784965,1.0179511265156993,-7.168376188903961,-1.0960903180973052,-0.5736152211496356,5.736152211496356,1663.4142728508918,1663,-1.496875,-1.496875,5,5,,False,,True,,1500,1548,1663,1489,2000,2000,1000,1000
1269,589248455028505,25.379995901952498,commit_complete,commit,0,127877,4244573167446,589248.427337089,0.02769141597673297,True,True,0.0,0,0,640,480,-0.1796875,0.0,1.0,,4.511763871480202,,bbox clipped,0.20900998547681046,0.20900998547681046,4.784460406131885,0.5,4.633914140984416,-0.5,14.1,272.0,0.005598726915195584,0.44,-0.48,0.5,2.0,-10.0,-10.0,-5.803993385970696,-0.96,0.0,-0.96,-1.679102443674215,-1.73,0.12797451193910092,0.050897556325784965,1.0179511265156993,-7.168376188903961,-1.0960903180973052,-0.5736152211496356,5.736152211496356,1663.4142728508918,1663,-1.496875,-1.496875,5,5,,False,,True,,1500,1548,1663,1489,2000,2000,1000,1000
1270,589248475045100,25.40001249697525,commit_complete,commit,0,127878,4244607562220,589248.460805846,0.01423925394192338,True,True,0.0,0,0,640,480,-0.1796875,0.0,1.0,,4.511763871480202,,bbox clipped,0.20900998547681046,0.20900998547681046,4.784460406131885,0.5,4.633914140984416,-0.5,14.1,272.0,0.025615321937948465,0.44,-0.48,0.5,2.0,-10.0,-10.0,-5.803993385970696,-0.96,0.0,-0.96,-1.679102443674215,-1.73,0.12797451193910092,0.050897556325784965,1.0179511265156993,-7.168376188903961,-1.0960903180973052,-0.5736152211496356,5.736152211496356,1663.4142728508918,1663,-1.496875,-1.496875,5,5,,False,,True,,1500,1548,1663,1489,2000,2000,1000,1000
1271,589248494995110,25.419962506974116,commit_complete,commit,0,127879,4244639496484,589248.494183264,0.0008118459954857826,True,True,0.0,0,0,640,480,-0.1796875,0.0,1.0,,4.511763871480202,,bbox clipped,0.20900998547681046,0.20900998547681046,4.784460406131885,0.5,4.633914140984416,-0.5,14.1,272.0,0.04556533193681389,0.44,-0.48,0.5,2.0,-10.0,-10.0,-5.803993385970696,-0.96,0.0,-0.96,-1.679102443674215,-1.73,0.12797451193910092,0.050897556325784965,1.0179511265156993,-7.168376188903961,-1.0960903180973052,-0.5736152211496356,5.736152211496356,1663.4142728508918,1663,-1.496875,-1.496875,5,5,,False,,True,,1500,1548,1663,1489,2000,2000,1000,1000
1272,589248515030211,25.439997607958503,commit_complete,commit,0,127879,4244639496484,589248.494183264,0.020846946979872882,True,True,0.0,0,0,640,480,-0.1796875,0.0,1.0,,4.511763871480202,,bbox clipped,0.20900998547681046,0.20900998547681046,4.784460406131885,0.5,4.633914140984416,-0.5,14.1,272.0,0.06560043292120099,0.48,-0.48,0.5,2.0,-10.0,-10.0,-5.803993385970696,-0.96,0.0,-0.96,-1.679102443674215,-1.73,0.12797451193910092,0.050897556325784965,1.0179511265156993,-7.168376188903961,-1.0960903180973052,-0.5736152211496356,5.736152211496356,1663.4142728508918,1663,-1.496875,-1.496875,5,5,,False,,True,,1500,1548,1663,1489,2000,2000,1000,1000
1273,589248535025560,25.459992956952192,commit_complete,commit,0,127880,4244672217937,589248.527652164,0.00737339595798403,True,True,0.0,0,0,640,480,-0.1796875,0.0,1.0,,4.511763871480202,,bbox clipped,0.20900998547681046,0.20900998547681046,4.784460406131885,0.5,4.633914140984416,-0.5,14.1,272.0,0.08559578191488981,0.48,-0.48,0.5,2.0,-10.0,-10.0,-5.803993385970696,-0.96,0.0,-0.96,-1.679102443674215,-1.73,0.12797451193910092,0.050897556325784965,1.0179511265156993,-7.168376188903961,-1.0960903180973052,-0.5736152211496356,5.736152211496356,1663.4142728508918,1663,-1.496875,-1.496875,5,5,,False,,True,,1500,1548,1663,1489,2000,2000,1000,1000
1274,589248554995165,25.479962561978027,commit_complete,commit,0,127880,4244672217937,589248.527652164,0.027343000983819366,True,True,0.0,0,0,640,480,-0.1796875,0.0,1.0,,4.511763871480202,,bbox clipped,0.20900998547681046,0.20900998547681046,4.784460406131885,0.5,4.633914140984416,1.9,2.1,269.0,0.014741314924322069,0.48,-0.48,0.5,2.0,-10.0,-10.0,-5.803993385970696,-0.96,0.0,-0.96,-1.679102443674215,-1.73,0.12797451193910092,0.050897556325784965,1.0179511265156993,-7.168376188903961,-1.0960903180973052,-0.5736152211496356,5.736152211496356,1663.4142728508918,1663,-1.496875,-1.496875,5,5,,False,,True,,1500,1548,1663,1489,2000,2000,1000,1000
1275,589248575042895,25.500010292045772,commit_complete,commit,0,127881,4244705378003,589248.561118293,0.01392460206989199,True,False,0.0,0,0,0,0,-0.1796875,0.0,1.0,,4.511763871480202,,bbox clipped,0.20900998547681046,0.20900998547681046,4.784460406131885,0.5,4.633914140984416,1.9,2.1,269.0,0.03478904499206692,0.48,-0.48,0.5,2.0,-10.0,-10.0,-5.803993385970696,-0.96,0.0,-0.96,-1.679102443674215,-1.73,0.12797451193910092,0.050897556325784965,1.0179511265156993,-7.168376188903961,-1.0960903180973052,-0.5736152211496356,5.736152211496356,1663.4142728508918,1663,-1.496875,-1.496875,5,5,,False,,True,,1500,1548,1663,1489,2000,2000,1000,1000
1276,589248594994340,25.519961736979894,commit_complete,commit,0,127882,4244738250039,589248.5945451,0.0004492399748414755,True,False,0.0,0,0,0,0,-0.1796875,0.0,1.0,,4.511763871480202,,bbox clipped,0.20900998547681046,0.20900998547681046,4.784460406131885,0.5,4.633914140984416,1.9,2.1,269.0,0.054740489926189184,0.48,-0.48,0.5,2.0,-10.0,-10.0,-5.803993385970696,-0.96,0.0,-0.96,-1.679102443674215,-1.73,0.12797451193910092,0.050897556325784965,1.0179511265156993,-7.168376188903961,-1.0960903180973052,-0.5736152211496356,5.736152211496356,1663.4142728508918,1663,-1.496875,-1.496875,5,5,,False,,True,,1500,1548,1663,1489,2000,2000,1000,1000
1277,589248615028147,25.53999554400798,commit_complete,commit,0,127882,4244738250039,589248.5945451,0.02048304700292647,True,False,0.0,0,0,0,0,-0.1796875,0.0,1.0,,4.511763871480202,,bbox clipped,0.20900998547681046,0.20900998547681046,4.784460406131885,0.5,4.633914140984416,1.9,2.1,269.0,0.07477429695427418,0.48,-0.48,0.5,2.0,-10.0,-10.0,-5.803993385970696,-0.96,0.0,-0.96,-1.679102443674215,-1.73,0.12797451193910092,0.050897556325784965,1.0179511265156993,-7.168376188903961,-1.0960903180973052,-0.5736152211496356,5.736152211496356,1663.4142728508918,1663,-1.496875,-1.496875,5,5,,False,,True,,1500,1548,1663,1489,2000,2000,1000,1000
1278,589248635005335,25.559972731978633,commit_complete,commit,0,127883,4244771909952,589248.628007075,0.0069982599234208465,True,False,0.0,0,0,0,0,-0.1796875,0.0,1.0,,4.511763871480202,,bbox clipped,0.20900998547681046,0.20900998547681046,4.784460406131885,0.5,4.633914140984416,1.9,2.1,269.0,0.09475148492492735,0.48,-0.48,0.5,2.0,-10.0,-10.0,-5.803993385970696,-0.96,0.0,-0.96,-1.679102443674215,-1.73,0.12797451193910092,0.050897556325784965,1.0179511265156993,-7.168376188903961,-1.0960903180973052,-0.5736152211496356,5.736152211496356,1663.4142728508918,1663,-1.496875,-1.496875,5,5,,False,,True,,1500,1548,1663,1489,2000,2000,1000,1000
1279,589248655011859,25.57997925602831,commit_complete,commit,0,127883,4244771909952,589248.628007075,0.0270047839730978,True,False,0.0,0,0,0,0,-0.1796875,0.0,1.0,,4.511763871480202,,bbox clipped,0.20900998547681046,0.20900998547681046,4.784460406131885,0.5,4.633914140984416,1.9,-7.1,266.0,0.003949346020817757,0.48,-0.48,0.5,2.0,-10.0,-10.0,-5.803993385970696,-0.96,0.0,-0.96,-1.679102443674215,-1.73,0.12797451193910092,0.050897556325784965,1.0179511265156993,-7.168376188903961,-1.0960903180973052,-0.5736152211496356,5.736152211496356,1663.4142728508918,1663,-1.496875,-1.496875,5,5,,False,,True,,1500,1548,1663,1489,2000,2000,1000,1000
1280,589248675027322,25.599994719028473,commit_complete,commit,0,127884,4244804274857,589248.661453573,0.013573748990893364,True,False,0.0,0,0,0,0,-0.1796875,0.0,1.0,,4.511763871480202,,bbox clipped,0.20900998547681046,0.20900998547681046,4.784460406131885,0.5,4.633914140984416,1.9,-7.1,266.0,0.023964809020981193,0.53,-0.48,0.5,2.0,-10.0,-10.0,-5.803993385970696,-0.96,0.0,-0.96,-1.679102443674215,-1.73,0.12797451193910092,0.050897556325784965,1.0179511265156993,-7.168376188903961,-1.0960903180973052,-0.5736152211496356,5.736152211496356,1663.4142728508918,1663,-1.496875,-1.496875,5,5,,True,commit complete,True,,1500,1548,1663,1489,2000,2000,1000,1000
