sample_index,time_monotonic_ns,elapsed_s,end_reason,observed_frame_id,observed_timestamp_ns,observed_valid,observed_reason,observed_depth_m,observed_slant_range_m,observed_dx_norm,observed_dy_norm,observed_vx_m_s,observed_vy_m_s,control_frame_id,control_estimate_age_s,control_depth_m,control_slant_range_m,control_dx_norm,control_dy_norm,control_dx_deadbanded,control_dy_deadbanded,control_vx_m_s,control_vy_m_s,phase,result_valid,result_reason,exit_requested,completion_latched,pitch_command_deg,yaw_rate_dps,drone_vertical_speed_m_s,drone_vertical_speed_age_s,drone_vertical_speed_valid,throttle_visual_correction_rc,throttle_damping_correction_rc,throttle_correction_rc,ch1_roll,ch2_pitch,ch3_throttle,ch4_yaw,ch5_arm,ch6_angle,ch7_aux3,ch8_aux4,trk_pitch_deg,trk_pitch_rate_deg_s,trk_yaw_kp,trk_yaw_max_dps,trk_throttle_kp,trk_vertical_speed_kd,trk_throttle_max_rc,trk_deadband,trk_timeout_s,trk_lock_frames,trk_commit_depth_m,trk_commit_s,bf_angle_limit_deg,hover_baseline_rc,bf_yaw_rate_dps
0,332492366846450,0.0,commit_complete,227745,11680203512470,True,,15.087719298245613,17.311001253013327,0.0046875,-0.75,4.357877685622746,-2.451306198162795,227745,0.008805484045296907,15.087719298245613,17.311001253013327,0.0046875,-0.75,0.0,-0.72,4.357877685622746,-2.451306198162795,tracking,True,,False,False,0.0,0.0,,,False,-72.0,0.0,-72.0,1500,1500,1588,1500,2000,2000,1000,1000,-10.0,5.0,15.0,20.0,100.0,20.0,100.0,0.03,0.25,3,1.0,1.0,60.0,1660,67.0
1,332492386887056,0.02004060597391799,commit_complete,227745,11680203512470,True,,15.087719298245613,17.311001253013327,0.0046875,-0.75,4.357877685622746,-2.451306198162795,227745,0.0288460900192149,15.087719298245613,17.311001253013327,0.0046875,-0.75,0.0,-0.72,4.357877685622746,-2.451306198162795,tracking,True,,False,False,-0.10020302986958995,0.0,0.0,0.16008450399385765,True,-72.0,-0.0,-72.0,1500,1501,1588,1500,2000,2000,1000,1000,-10.0,5.0,15.0,20.0,100.0,20.0,100.0,0.03,0.25,3,1.0,1.0,60.0,1660,67.0
2,332492406846706,0.04000025597633794,commit_complete,227746,11680236736986,True,,15.087719298245613,17.299455857948523,0.0046875,-0.7479166666666667,4.360786115840424,-2.4461284618542374,227746,0.015332433977164328,15.087719298245613,17.299455857948523,0.0046875,-0.7479166666666667,0.0,-0.7179166666666666,4.360786115840424,-2.4461284618542374,tracking,True,,False,False,-0.2000012798816897,0.0,0.0,0.018792255024891347,True,-71.79166666666667,-0.0,-71.79166666666667,1500,1502,1588,1500,2000,2000,1000,1000,-10.0,5.0,15.0,20.0,100.0,20.0,100.0,0.03,0.25,3,1.0,1.0,60.0,1660,67.0
3,332492426835306,0.05998885596636683,commit_complete,227747,11680269486902,True,,15.087719298245613,17.299455857948523,0.0046875,-0.7479166666666667,4.360786115840424,-2.4461284618542374,227747,0.001860536984167993,15.087719298245613,17.299455857948523,0.0046875,-0.7479166666666667,0.0,-0.7179166666666666,4.360786115840424,-2.4461284618542374,tracking,True,,False,False,-0.29994427983183414,0.0,0.0,0.038780855014920235,True,-71.79166666666667,-0.0,-71.79166666666667,1500,1502,1588,1500,2000,2000,1000,1000,-10.0,5.0,15.0,20.0,100.0,20.0,100.0,0.03,0.25,3,1.0,1.0,60.0,1660,67.0
4,332492446839141,0.07999269099673256,commit_complete,227747,11680269486902,True,,15.087719298245613,17.299455857948523,0.0046875,-0.7479166666666667,4.360786115840424,-2.4461284618542374,227747,0.02186437201453373,15.087719298245613,17.299455857948523,0.0046875,-0.7479166666666667,0.0,-0.7179166666666666,4.360786115840424,-2.4461284618542374,tracking,True,,False,False,-0.3999634549836628,0.0,0.0,0.05878469004528597,True,-71.79166666666667,-0.0,-71.79166666666667,1500,1503,1588,1500,2000,2000,1000,1000,-10.0,5.0,15.0,20.0,100.0,20.0,100.0,0.03,0.25,3,1.0,1.0,60.0,1660,67.0
5,332492466846205,0.09999975498067215,commit_complete,227748,11680302041606,True,,14.821052631578947,16.99369803348246,0.0046875,-0.7479166666666667,4.360786115840425,-2.4461284618542383,227748,0.008416692027822137,14.821052631578947,16.99369803348246,0.0046875,-0.7479166666666667,0.0,-0.7179166666666666,4.360786115840425,-2.4461284618542383,tracking,True,,False,False,-0.49999877490336075,0.0,0.0,0.07879175402922556,True,-71.79166666666667,-0.0,-71.79166666666667,1500,1504,1588,1500,2000,2000,1000,1000,-10.0,5.0,15.0,20.0,100.0,20.0,100.0,0.03,0.25,3,1.0,1.0,60.0,1660,67.0
6,332492486896014,0.12004956399323419,commit_complete,227748,11680302041606,True,,14.821052631578947,16.99369803348246,0.0046875,-0.7479166666666667,4.360786115840425,-2.4461284618542383,227748,0.028466501040384173,14.821052631578947,16.99369803348246,0.0046875,-0.7479166666666667,0.0,-0.7179166666666666,4.360786115840425,-2.4461284618542383,tracking,True,,False,False,-0.6002478199661709,0.0,0.0,0.0988415630417876,True,-71.79166666666667,-0.0,-71.79166666666667,1500,1505,1588,1500,2000,2000,1000,1000,-10.0,5.0,15.0,20.0,100.0,20.0,100.0,0.03,0.25,3,1.0,1.0,60.0,1660,67.0
7,332492506854125,0.14000767498509958,commit_complete,227749,11680334977515,True,,14.821052631578947,16.99369803348246,0.0046875,-0.7479166666666667,4.360786115840425,-2.4461284618542383,227749,0.01496816799044609,14.821052631578947,16.99369803348246,0.0046875,-0.7479166666666667,0.0,-0.7179166666666666,4.360786115840425,-2.4461284618542383,tracking,True,,False,False,-0.7000383749254979,0.0,0.0,0.11879967403365299,True,-71.79166666666667,-0.0,-71.79166666666667,1500,1506,1588,1500,2000,2000,1000,1000,-10.0,5.0,15.0,20.0,100.0,20.0,100.0,0.03,0.25,3,1.0,1.0,60.0,1660,67.0
8,332492526839845,0.1599933949764818,commit_complete,227750,11680367889197,True,,14.821052631578947,16.99369803348246,0.0046875,-0.7479166666666667,4.360786115840425,-2.4461284618542383,227750,0.0015455560060217977,14.821052631578947,16.99369803348246,0.0046875,-0.7479166666666667,0.0,-0.7179166666666666,4.360786115840425,-2.4461284618542383,tracking,True,,False,False,-0.799966974882409,0.0,0.0,0.1387853940250352,True,-71.79166666666667,-0.0,-71.79166666666667,1500,1507,1588,1500,2000,2000,1000,1000,-10.0,5.0,15.0,20.0,100.0,20.0,100.0,0.03,0.25,3,1.0,1.0,60.0,1660,67.0
9,332492546840983,0.1799945329548791,commit_complete,227750,11680367889197,True,,14.821052631578947,16.99369803348246,0.0046875,-0.7479166666666667,4.360786115840425,-2.4461284618542383,227750,0.021546693984419107,14.821052631578947,16.99369803348246,0.0046875,-0.7479166666666667,0.0,-0.7179166666666666,4.360786115840425,-2.4461284618542383,tracking,True,,False,False,-0.8999726647743955,0.0,0.0,0.1587865320034325,True,-71.79166666666667,-0.0,-71.79166666666667,1500,1507,1588,1500,2000,2000,1000,1000,-10.0,5.0,15.0,20.0,100.0,20.0,100.0,0.03,0.25,3,1.0,1.0,60.0,1660,67.0
10,332492566867828,0.20002137799747288,commit_complete,227751,11680400847007,True,,14.821052631578947,16.99369803348246,0.0046875,-0.7479166666666667,4.360786115840425,-2.4461284618542383,227751,0.008113274991046637,14.821052631578947,16.99369803348246,0.0046875,-0.7479166666666667,0.0,-0.7179166666666666,4.360786115840425,-2.4461284618542383,tracking,True,,False,False,-1.0001068899873644,0.0,0.0,0.009133475017733872,True,-71.79166666666667,-0.0,-71.79166666666667,1500,1508,1588,1500,2000,2000,1000,1000,-10.0,5.0,15.0,20.0,100.0,20.0,100.0,0.03,0.25,3,1.0,1.0,60.0,1660,67.0
11,332492586877963,0.2200315129593946,commit_complete,227751,11680400847007,True,,14.821052631578947,16.99369803348246,0.0046875,-0.7479166666666667,4.360786115840425,-2.4461284618542383,227751,0.02812340995296836,14.821052631578947,16.99369803348246,0.0046875,-0.7479166666666667,0.0,-0.7179166666666666,4.360786115840425,-2.4461284618542383,tracking,True,,False,False,-1.100157564796973,0.0,0.0,0.029143609979655594,True,-71.79166666666667,-0.0,-71.79166666666667,1500,1509,1588,1500,2000,2000,1000,1000,-10.0,5.0,15.0,20.0,100.0,20.0,100.0,0.03,0.25,3,1.0,1.0,60.0,1660,67.0
12,332492606837782,0.23999133199686185,commit_complete,227752,11680433809489,True,,14.821052631578947,16.98238070158683,0.0046875,-0.7458333333333333,4.363692262531644,-2.4409403593536383,227752,0.014675013022497296,14.821052631578947,16.98238070158683,0.0046875,-0.7458333333333333,0.0,-0.7158333333333333,4.363692262531644,-2.4409403593536383,tracking,True,,False,False,-1.1999566599843092,0.0,0.0,0.049103429017122835,True,-71.58333333333333,-0.0,-71.58333333333333,1500,1510,1589,1500,2000,2000,1000,1000,-10.0,5.0,15.0,20.0,100.0,20.0,100.0,0.03,0.25,3,1.0,1.0,60.0,1660,67.0
13,332492626852048,0.2600055979564786,commit_complete,227753,11680467366242,True,,14.821052631578947,16.98238070158683,0.0046875,-0.7458333333333333,4.363692262531644,-2.4409403593536383,227753,0.001174087985418737,14.821052631578947,16.98238070158683,0.0046875,-0.7458333333333333,0.0,-0.7158333333333333,4.363692262531644,-2.4409403593536383,tracking,True,,False,False,-1.300027989782393,0.0,0.0,0.06911769497673959,True,-71.58333333333333,-0.0,-71.58333333333333,1500,1511,1589,1500,2000,2000,1000,1000,-10.0,5.0,15.0,20.0,100.0,20.0,100.0,0.03,0.25,3,1.0,1.0,60.0,1660,67.0
14,332492646838613,0.27999216300668195,commit_complete,227753,11680467366242,True,,14.821052631578947,16.98238070158683,0.0046875,-0.7458333333333333,4.363692262531644,-2.4409403593536383,227753,0.02116065303562209,14.821052631578947,16.98238070158683,0.0046875,-0.7458333333333333,0.0,-0.7158333333333333,4.363692262531644,-2.4409403593536383,tracking,True,,False,False,-1.3999608150334097,0.0,0.0,0.08910426002694294,True,-71.58333333333333,-0.0,-71.58333333333333,1500,1512,1589,1500,2000,2000,1000,1000,-10.0,5.0,15.0,20.0,100.0,20.0,100.0,0.03,0.25,3,1.0,1.0,60.0,1660,67.0
15,332492666843345,0.2999968949588947,commit_complete,227754,11680500294686,True,,14.821052631578947,16.971087422738986,0.0046875,-0.74375,4.3665960964391495,-2.435741885044963,227754,0.00774562795413658,14.821052631578947,16.971087422738986,0.0046875,-0.74375,0.0,-0.71375,4.3665960964391495,-2.435741885044963,tracking,True,,False,False,-1.4999844747944735,0.0,0.0,0.10910899197915569,True,-71.375,-0.0,-71.375,1500,1512,1589,1500,2000,2000,1000,1000,-10.0,5.0,15.0,20.0,100.0,20.0,100.0,0.03,0.25,3,1.0,1.0,60.0,1660,67.0
16,332492686868275,0.3200218249694444,commit_complete,227754,11680500294686,True,,14.821052631578947,16.971087422738986,0.0046875,-0.74375,4.3665960964391495,-2.435741885044963,227754,0.027770557964686304,14.821052631578947,16.971087422738986,0.0046875,-0.74375,0.0,-0.71375,4.3665960964391495,-2.435741885044963,tracking,True,,False,False,-1.6001091248472221,0.0,0.0,0.1291339219897054,True,-71.375,-0.0,-71.375,1500,1513,1589,1500,2000,2000,1000,1000,-10.0,5.0,15.0,20.0,100.0,20.0,100.0,0.03,0.25,3,1.0,1.0,60.0,1660,67.0
17,332492706856001,0.3400095509714447,commit_complete,227755,11680534455279,True,,15.087719298245613,17.264966489926806,0.0046875,-0.7416666666666667,4.369497588207827,-2.4305330334406037,227755,0.014270621992181987,15.087719298245613,17.264966489926806,0.0046875,-0.7416666666666667,0.0,-0.7116666666666667,4.369497588207827,-2.4305330334406037,tracking,True,,False,False,-1.7000477548572235,0.0,0.0,0.009187288000248373,True,-71.16666666666667,-0.0,-71.16666666666667,1500,1514,1589,1500,2000,2000,1000,1000,-10.0,5.0,15.0,20.0,100.0,20.0,100.0,0.03,0.25,3,1.0,1.0,60.0,1660,67.0
18,332492726833931,0.3599874809733592,commit_complete,227756,11680566954571,True,,15.087719298245613,17.25351913602379,0.0046875,-0.7395833333333334,4.372396708384993,-2.425313799182301,227756,0.0008255779976025224,15.087719298245613,17.25351913602379,0.0046875,-0.7395833333333334,0.0,-0.7095833333333333,4.372396708384993,-2.425313799182301,tracking,True,,False,False,-1.799937404866796,0.0,0.0,0.029165218002162874,True,-70.95833333333333,-0.0,-70.95833333333333,1500,1515,1589,1500,2000,2000,1000,1000,-10.0,5.0,15.0,20.0,100.0,20.0,100.0,0.03,0.25,3,1.0,1.0,60.0,1660,67.0
19,332492746850333,0.3800038829795085,commit_complete,227756,11680566954571,True,,15.087719298245613,17.25351913602379,0.0046875,-0.7395833333333334,4.372396708384993,-2.425313799182301,227756,0.020841980003751814,15.087719298245613,17.25351913602379,0.0046875,-0.7395833333333334,0.0,-0.7095833333333333,4.372396708384993,-2.425313799182301,tracking,True,,False,False,-1.9000194148975424,0.0,0.0,0.049181620008312166,True,-70.95833333333333,-0.0,-70.95833333333333,1500,1516,1589,1500,2000,2000,1000,1000,-10.0,5.0,15.0,20.0,100.0,20.0,100.0,0.03,0.25,3,1.0,1.0,60.0,1660,67.0
20,332492766859371,0.40001292095985264,commit_complete,227757,11680600281732,True,,15.087719298245613,17.242096414759814,0.0046875,-0.7375,4.375293427420684,-2.4200841770420656,227757,0.007381260977126658,15.087719298245613,17.242096414759814,0.0046875,-0.7375,0.0,-0.7075,4.375293427420684,-2.4200841770420656,tracking,True,,False,False,-2.000064604799263,0.0,0.0,0.06919065798865631,True,-70.75,-0.0,-70.75,1500,1517,1590,1500,2000,2000,1000,1000,-10.0,5.0,15.0,20.0,100.0,20.0,100.0,0.03,0.25,3,1.0,1.0,60.0,1660,67.0
21,332492786868426,0.42002197599504143,commit_complete,227757,11680600281732,True,,15.087719298245613,17.242096414759814,0.0046875,-0.7375,4.375293427420684,-2.4200841770420656,227757,0.027390316012315452,15.087719298245613,17.242096414759814,0.0046875,-0.7375,0.0,-0.7075,4.375293427420684,-2.4200841770420656,tracking,True,,False,False,-2.100109879975207,0.0,0.0,0.0891997130238451,True,-70.75,-0.0,-70.75,1500,1518,1590,1500,2000,2000,1000,1000,-10.0,5.0,15.0,20.0,100.0,20.0,100.0,0.03,0.25,3,1.0,1.0,60.0,1660,67.0
22,332492806851796,0.4400053459685296,commit_complete,227758,11680633628731,True,,15.087719298245613,17.219325066128867,0.0046875,-0.7333333333333333,4.381079543383235,-2.4095937488607793,227758,0.013892101007513702,15.087719298245613,17.219325066128867,0.0046875,-0.7333333333333333,0.0,-0.7033333333333333,4.381079543383235,-2.4095937488607793,tracking,True,,False,False,-2.200026729842648,0.0,0.0,0.10918308299733326,True,-70.33333333333333,-0.0,-70.33333333333333,1500,1518,1590,1500,2000,2000,1000,1000,-10.0,5.0,15.0,20.0,100.0,20.0,100.0,0.03,0.25,3,1.0,1.0,60.0,1660,67.0
23,332492826848076,0.4600016259937547,commit_complete,227759,11680665793093,True,,15.087719298245613,17.1966528362271,0.0046875,-0.7291666666666666,4.386855697761927,-2.399061709713554,227759,0.0004937620251439512,15.087719298245613,17.1966528362271,0.0046875,-0.7291666666666666,0.0,-0.6991666666666666,4.386855697761927,-2.399061709713554,tracking,True,,False,False,-2.3000081299687736,0.0,0.0,0.1291793630225584,True,-69.91666666666666,-0.0,-69.91666666666666,1500,1519,1591,1500,2000,2000,1000,1000,-10.0,5.0,15.0,20.0,100.0,20.0,100.0,0.03,0.25,3,1.0,1.0,60.0,1660,67.0
24,332492846851983,0.48000553296878934,commit_complete,227759,11680665793093,True,,15.087719298245613,17.1966528362271,0.0046875,-0.7291666666666666,4.386855697761927,-2.399061709713554,227759,0.020497669000178576,15.087719298245613,17.1966528362271,0.0046875,-0.7291666666666666,0.0,-0.6991666666666666,4.386855697761927,-2.399061709713554,tracking,True,,False,False,-2.4000276648439467,0.0,0.0,0.14918326999759302,True,-69.91666666666666,-0.0,-69.91666666666666,1500,1520,1591,1500,2000,2000,1000,1000,-10.0,5.0,15.0,20.0,100.0,20.0,100.0,0.03,0.25,3,1.0,1.0,60.0,1660,67.0
25,332492866852900,0.5000064499909058,commit_complete,227760,11680700037412,True,,15.087719298245613,17.185354013458827,0.0046875,-0.7270833333333333,4.389739964457702,-2.3937800743683404,227760,0.006978297024033964,15.087719298245613,17.185354013458827,0.0046875,-0.7270833333333333,0.0,-0.6970833333333333,4.389739964457702,-2.3937800743683404,tracking,True,,False,False,-2.500032249954529,0.0,0.0,0.1691841870197095,True,-69.70833333333333,-0.0,-69.70833333333333,1500,1521,1591,1500,2000,2000,1000,1000,-10.0,5.0,15.0,20.0,100.0,20.0,100.0,0.03,0.25,3,1.0,1.0,60.0,1660,67.0
26,332492886835804,0.5199893539538607,commit_complete,227760,11680700037412,True,,15.087719298245613,17.185354013458827,0.0046875,-0.7270833333333333,4.389739964457702,-2.3937800743683404,227760,0.026961200986988842,15.087719298245613,17.185354013458827,0.0046875,-0.7270833333333333,0.0,-0.6970833333333333,4.389739964457702,-2.3937800743683404,tracking,True,,False,False,-2.5999467697693035,0.0,0.0,0.18916709098266438,True,-69.70833333333333,-0.0,-69.70833333333333,1500,1522,1591,1500,2000,2000,1000,1000,-10.0,5.0,15.0,20.0,100.0,20.0,100.0,0.03,0.25,3,1.0,1.0,60.0,1660,67.0
27,332492906840320,0.5399938699556515,commit_complete,227761,11680732593447,True,,15.087719298245613,17.174080117607,0.0046875,-0.725,4.392621650686841,-2.3884880225609697,227761,0.013600585982203484,15.087719298245613,17.174080117607,0.0046875,-0.725,0.0,-0.695,4.392621650686841,-2.3884880225609697,tracking,True,,False,False,-2.6999693497782573,0.0,-0.1,0.006322917004581541,True,-69.5,2.0,-67.5,1500,1522,1593,1500,2000,2000,1000,1000,-10.0,5.0,15.0,20.0,100.0,20.0,100.0,0.03,0.25,3,1.0,1.0,60.0,1660,67.0
28,332492926841687,0.5599952369811945,commit_complete,227762,11680766788323,True,,15.087719298245613,17.151607303160063,0.0046875,-0.7208333333333333,4.398377160762358,-2.3778726525371496,227762,8.783797966316342e-05,15.087719298245613,17.151607303160063,0.0046875,-0.7208333333333333,0.0,-0.6908333333333333,4.398377160762358,-2.3778726525371496,tracking,True,,False,False,-2.7999761849059723,0.0,-0.1,0.026324284030124545,True,-69.08333333333333,2.0,-67.08333333333333,1500,1523,1594,1500,2000,2000,1000,1000,-10.0,5.0,15.0,20.0,100.0,20.0,100.0,0.03,0.25,3,1.0,1.0,60.0,1660,67.0
29,332492946856336,0.5800098860054277,commit_complete,227762,11680766788323,True,,15.087719298245613,17.151607303160063,0.0046875,-0.7208333333333333,4.398377160762358,-2.3778726525371496,227762,0.020102487003896385,15.087719298245613,17.151607303160063,0.0046875,-0.7208333333333333,0.0,-0.6908333333333333,4.398377160762358,-2.3778726525371496,tracking,True,,False,False,-2.9000494300271384,0.0,-0.1,0.04633893305435777,True,-69.08333333333333,2.0,-67.08333333333333,1500,1524,1594,1500,2000,2000,1000,1000,-10.0,5.0,15.0,20.0,100.0,20.0,100.0,0.03,0.25,3,1.0,1.0,60.0,1660,67.0
30,332492966863138,0.6000166879966855,commit_complete,227763,11680799218670,True,,15.087719298245613,17.129234786096138,0.0046875,-0.7166666666666667,4.404121985078255,-2.367215566979562,227763,0.006653624994214624,15.087719298245613,17.129234786096138,0.0046875,-0.7166666666666667,0.0,-0.6866666666666666,4.404121985078255,-2.367215566979562,tracking,True,,False,False,-3.0000834399834275,0.0,-0.1,0.06634573504561558,True,-68.66666666666667,2.0,-66.66666666666667,1500,1525,1594,1500,2000,2000,1000,1000,-10.0,5.0,15.0,20.0,100.0,20.0,100.0,0.03,0.25,3,1.0,1.0,60.0,1660,67.0
31,332492986875099,0.6200286489911377,commit_complete,227763,11680799218670,True,,15.087719298245613,17.129234786096138,0.0046875,-0.7166666666666667,4.404121985078255,-2.367215566979562,227763,0.026665585988666862,15.087719298245613,17.129234786096138,0.0046875,-0.7166666666666667,0.0,-0.6866666666666666,4.404121985078255,-2.367215566979562,tracking,True,,False,False,-3.1001432449556887,0.0,-0.1,0.08635769604006782,True,-68.66666666666667,2.0,-66.66666666666667,1500,1526,1594,1500,2000,2000,1000,1000,-10.0,5.0,15.0,20.0,100.0,20.0,100.0,0.03,0.25,3,1.0,1.0,60.0,1660,67.0
32,332493006865262,0.6400188119732775,commit_complete,227764,11680833495808,True,,15.087719298245613,17.10696295992253,0.0046875,-0.7125,4.40985587922126,-2.356516735458861,227764,0.013230782002210617,15.087719298245613,17.10696295992253,0.0046875,-0.7125,0.0,-0.6825,4.40985587922126,-2.356516735458861,tracking,True,,False,False,-3.2000940598663874,0.0,-0.1,0.10634785902220756,True,-68.25,2.0,-66.25,1500,1527,1595,1500,2000,2000,1000,1000,-10.0,5.0,15.0,20.0,100.0,20.0,100.0,0.03,0.25,3,1.0,1.0,60.0,1660,67.0
33,332493026839010,0.659992559987586,commit_complete,227764,11680833495808,True,,15.087719298245613,17.10696295992253,0.0046875,-0.7125,4.40985587922126,-2.356516735458861,227764,0.03320453001651913,15.087719298245613,17.10696295992253,0.0046875,-0.7125,0.0,-0.6825,4.40985587922126,-2.356516735458861,tracking,True,,False,False,-3.29996279993793,0.0,-0.1,0.12632160703651607,True,-68.25,2.0,-66.25,1500,1527,1595,1500,2000,2000,1000,1000,-10.0,5.0,15.0,20.0,100.0,20.0,100.0,0.03,0.25,3,1.0,1.0,60.0,1660,67.0
34,332493046856173,0.6800097230006941,commit_complete,227765,11680866483121,True,,15.087719298245613,17.084792218422784,0.0046875,-0.7083333333333334,4.415578597287054,-2.3457761298087476,227765,0.019775965018197894,15.087719298245613,17.084792218422784,0.0046875,-0.7083333333333334,0.0,-0.6783333333333333,4.415578597287054,-2.3457761298087476,tracking,True,,False,False,-3.4000486150034703,0.0,-0.1,0.14633877004962415,True,-67.83333333333333,2.0,-65.83333333333333,1500,1528,1595,1500,2000,2000,1000,1000,-10.0,5.0,15.0,20.0,100.0,20.0,100.0,0.03,0.25,3,1.0,1.0,60.0,1660,67.0
35,332493066874326,0.7000278759514913,commit_complete,227766,11680899941880,True,,15.087719298245613,17.062722955635216,0.0046875,-0.7041666666666667,4.4212898918927275,-2.3349937241558467,227766,0.006290003948379308,15.087719298245613,17.062722955635216,0.0046875,-0.7041666666666667,0.0,-0.6741666666666667,4.4212898918927275,-2.3349937241558467,tracking,True,,False,False,-3.5001393797574565,0.0,-0.38,0.015090033994056284,True,-67.41666666666667,7.6,-59.81666666666667,1500,1529,1601,1500,2000,2000,1000,1000,-10.0,5.0,15.0,20.0,100.0,20.0,100.0,0.03,0.25,3,1.0,1.0,60.0,1660,67.0
36,332493086853729,0.7200072789564729,commit_complete,227766,11680899941880,True,,15.087719298245613,17.062722955635216,0.0046875,-0.7041666666666667,4.4212898918927275,-2.3349937241558467,227766,0.026269406953360885,15.087719298245613,17.062722955635216,0.0046875,-0.7041666666666667,0.0,-0.6741666666666667,4.4212898918927275,-2.3349937241558467,tracking,True,,False,False,-3.6000363947823644,0.0,-0.38,0.03506943699903786,True,-67.41666666666667,7.6,-59.81666666666667,1500,1530,1601,1500,2000,2000,1000,1000,-10.0,5.0,15.0,20.0,100.0,20.0,100.0,0.03,0.25,3,1.0,1.0,60.0,1660,67.0
37,332493106851414,0.7400049639982171,commit_complete,227767,11680932590299,True,,15.087719298245613,17.040755565831148,0.0046875,-0.7,4.426989514189717,-2.3241694949496017,227767,0.012780298013240099,15.087719298245613,17.040755565831148,0.0046875,-0.7,0.0,-0.6699999999999999,4.426989514189717,-2.3241694949496017,tracking,True,,False,False,-3.7000248199910857,0.0,-0.38,0.055067122040782124,True,-67.0,7.6,-59.4,1500,1531,1602,1500,2000,2000,1000,1000,-10.0,5.0,15.0,20.0,100.0,20.0,100.0,0.03,0.25,3,1.0,1.0,60.0,1660,67.0
38,332493126831542,0.7599850919796154,commit_complete,227767,11680932590299,True,,15.087719298245613,17.040755565831148,0.0046875,-0.7,4.426989514189717,-2.3241694949496017,227767,0.032760425994638354,15.087719298245613,17.040755565831148,0.0046875,-0.7,0.0,-0.6699999999999999,4.426989514189717,-2.3241694949496017,tracking,True,,False,False,-3.799925459898077,0.0,-0.38,0.07504725002218038,True,-67.0,7.6,-59.4,1500,1532,1602,1500,2000,2000,1000,1000,-10.0,5.0,15.0,20.0,100.0,20.0,100.0,0.03,0.25,3,1.0,1.0,60.0,1660,67.0
39,332493146861889,0.7800154389697127,commit_complete,227768,11680964967001,True,,15.087719298245613,17.01889044349285,0.0046875,-0.6958333333333333,4.432677213877184,-2.3133034209921552,227768,0.019349268986843526,15.087719298245613,17.01889044349285,0.0046875,-0.6958333333333333,0.0,-0.6658333333333333,4.432677213877184,-2.3133034209921552,tracking,True,,False,False,-3.9000771948485635,0.0,-0.38,0.09507759701227769,True,-66.58333333333333,7.6,-58.98333333333333,1500,1533,1603,1500,2000,2000,1000,1000,-10.0,5.0,15.0,20.0,100.0,20.0,100.0,0.03,0.25,3,1.0,1.0,60.0,1660,67.0
40,332493166859079,0.8000126289553009,commit_complete,227769,11680997841901,True,,15.087719298245613,16.997127983291247,0.0046875,-0.6916666666666667,4.438352739215875,-2.3023954834682354,227769,0.005899772979319096,15.087719298245613,16.997127983291247,0.0046875,-0.6916666666666667,0.0,-0.6616666666666666,4.438352739215875,-2.3023954834682354,tracking,True,,False,False,-4.0000631447765045,0.0,-0.38,0.11507478699786589,True,-66.16666666666666,7.6,-58.566666666666656,1500,1533,1603,1500,2000,2000,1000,1000,-10.0,5.0,15.0,20.0,100.0,20.0,100.0,0.03,0.25,3,1.0,1.0,60.0,1660,67.0
41,332493186882374,0.8200359239708632,commit_complete,227769,11680997841901,True,,15.087719298245613,16.997127983291247,0.0046875,-0.6916666666666667,4.438352739215875,-2.3023954834682354,227769,0.02592306799488142,15.087719298245613,16.997127983291247,0.0046875,-0.6916666666666667,0.0,-0.6616666666666666,4.438352739215875,-2.3023954834682354,tracking,True,,False,False,-4.100179619854316,0.0,-0.38,0.1350980820134282,True,-66.16666666666666,7.6,-58.566666666666656,1500,1534,1603,1500,2000,2000,1000,1000,-10.0,5.0,15.0,20.0,100.0,20.0,100.0,0.03,0.25,3,1.0,1.0,60.0,1660,67.0
42,332493206851079,0.8400046289898455,commit_complete,227770,11681028304081,True,,15.087719298245613,16.975468580063275,0.0046875,-0.6875,4.44401583704247,-2.2914456659750235,227770,0.012457765988074243,15.087719298245613,16.975468580063275,0.0046875,-0.6875,0.0,-0.6575,4.44401583704247,-2.2914456659750235,tracking,True,,False,False,-4.200023144949228,0.0,-0.87,0.009232003008946776,True,-65.75,17.4,-48.35,1500,1535,1613,1500,2000,2000,1000,1000,-10.0,5.0,15.0,20.0,100.0,20.0,100.0,0.03,0.25,3,1.0,1.0,60.0,1660,67.0
43,332493226830368,0.8599839179660194,commit_complete,227770,11681028304081,True,,15.087719298245613,16.975468580063275,0.0046875,-0.6875,4.44401583704247,-2.2914456659750235,227770,0.03243705496424809,15.087719298245613,16.975468580063275,0.0046875,-0.6875,0.0,-0.6575,4.44401583704247,-2.2914456659750235,tracking,True,,False,False,-4.299919589830097,0.0,-0.87,0.029211291985120624,True,-65.75,17.4,-48.35,1500,1536,1614,1500,2000,2000,1000,1000,-10.0,5.0,15.0,20.0,100.0,20.0,100.0,0.03,0.25,3,1.0,1.0,60.0,1660,67.0
44,332493246882132,0.8800356819992885,commit_complete,227771,11681061284223,True,,15.087719298245613,16.953912628789006,0.0046875,-0.6833333333333333,4.449666252784379,-2.280453954551994,227771,0.019055520999245346,15.087719298245613,16.953912628789006,0.0046875,-0.6833333333333333,0.0,-0.6533333333333333,4.449666252784379,-2.280453954551994,tracking,True,,False,False,-4.4001784099964425,0.0,-0.87,0.04926305601838976,True,-65.33333333333333,17.4,-47.93333333333333,1500,1537,1614,1500,2000,2000,1000,1000,-10.0,5.0,15.0,20.0,100.0,20.0,100.0,0.03,0.25,3,1.0,1.0,60.0,1660,67.0
45,332493266844430,0.8999979799846187,commit_complete,227772,11681094194517,True,,15.087719298245613,16.93246052456849,0.0046875,-0.6791666666666667,4.455303730475052,-2.2694203377107294,227772,0.005531904986128211,15.087719298245613,16.93246052456849,0.0046875,-0.6791666666666667,0.0,-0.6491666666666667,4.455303730475052,-2.2694203377107294,tracking,True,,False,False,-4.499989899923094,0.0,-0.87,0.06922535400371999,True,-64.91666666666667,17.4,-47.51666666666667,1500,1537,1615,1500,2000,2000,1000,1000,-10.0,5.0,15.0,20.0,100.0,20.0,100.0,0.03,0.25,3,1.0,1.0,60.0,1660,67.0
46,332493286857404,0.9200109539669938,commit_complete,227772,11681094194517,True,,15.087719298245613,16.93246052456849,0.0046875,-0.6791666666666667,4.455303730475052,-2.2694203377107294,227772,0.025544878968503326,15.087719298245613,16.93246052456849,0.0046875,-0.6791666666666667,0.0,-0.6491666666666667,4.455303730475052,-2.2694203377107294,tracking,True,,False,False,-4.600054769834969,0.0,-0.87,0.0892383279860951,True,-64.91666666666667,17.4,-47.51666666666667,1500,1538,1615,1500,2000,2000,1000,1000,-10.0,5.0,15.0,20.0,100.0,20.0,100.0,0.03,0.25,3,1.0,1.0,60.0,1660,67.0
47,332493306831835,0.9399853849899955,commit_complete,227773,11681127179561,True,,15.087719298245613,16.889869438147738,0.0046875,-0.6708333333333333,4.466538840961863,-2.247227354358937,227773,0.012055037019308656,15.087719298245613,16.889869438147738,0.0046875,-0.6708333333333333,0.0,-0.6408333333333333,4.466538840961863,-2.247227354358937,tracking,True,,False,False,-4.6999269249499775,0.0,-0.87,0.10921275900909677,True,-64.08333333333333,17.4,-46.68333333333333,1500,1539,1616,1500,2000,2000,1000,1000,-10.0,5.0,15.0,20.0,100.0,20.0,100.0,0.03,0.25,3,1.0,1.0,60.0,1660,67.0
48,332493326835548,0.9599890979588963,commit_complete,227773,11681127179561,True,,15.087719298245613,16.889869438147738,0.0046875,-0.6708333333333333,4.466538840961863,-2.247227354358937,227773,0.032058749988209456,15.087719298245613,16.889869438147738,0.0046875,-0.6708333333333333,0.0,-0.6408333333333333,4.466538840961863,-2.247227354358937,tracking,True,,False,False,-4.7999454897944815,0.0,-0.87,0.12921647197799757,True,-64.08333333333333,17.4,-46.68333333333333,1500,1540,1616,1500,2000,2000,1000,1000,-10.0,5.0,15.0,20.0,100.0,20.0,100.0,0.03,0.25,3,1.0,1.0,60.0,1660,67.0
49,332493346834908,0.979988457984291,commit_complete,227774,11681160120711,True,,15.087719298245613,16.868731246534953,0.0046875,-0.6666666666666666,4.472135954999579,-2.2360679774997894,227774,0.01864067802671343,15.087719298245613,16.868731246534953,0.0046875,-0.6666666666666666,0.0,-0.6366666666666666,4.472135954999579,-2.2360679774997894,tracking,True,,False,False,-4.899942289921455,0.0,-0.87,0.14921583200339228,True,-63.66666666666666,17.4,-46.26666666666666,1500,1541,1616,1500,2000,2000,1000,1000,-10.0,5.0,15.0,20.0,100.0,20.0,100.0,0.03,0.25,3,1.0,1.0,60.0,1660,67.0
50,332493366866653,1.0000202030059882,commit_complete,227775,11681193050101,True,,15.087719298245613,16.837221760499173,0.0046875,-0.6604166666666667,4.480505339889956,-2.219250301164244,227775,0.005187721049878746,15.087719298245613,16.837221760499173,0.0046875,-0.6604166666666667,0.0,-0.6304166666666666,4.480505339889956,-2.219250301164244,tracking,True,,False,False,-5.000101015029941,0.0,-1.26,0.018219822028186172,True,-63.041666666666664,25.2,-37.84166666666667,1500,1542,1625,1500,2000,2000,1000,1000,-10.0,5.0,15.0,20.0,100.0,20.0,100.0,0.03,0.25,3,1.0,1.0,60.0,1660,67.0
51,332493386831677,1.0199852269724943,commit_complete,227775,11681193050101,True,,15.087719298245613,16.837221760499173,0.0046875,-0.6604166666666667,4.480505339889956,-2.219250301164244,227775,0.02515274501638487,15.087719298245613,16.837221760499173,0.0046875,-0.6604166666666667,0.0,-0.6304166666666666,4.480505339889956,-2.219250301164244,tracking,True,,False,False,-5.099926134862471,0.0,-1.26,0.038184845994692296,True,-63.041666666666664,25.2,-37.84166666666667,1500,1542,1625,1500,2000,2000,1000,1000,-10.0,5.0,15.0,20.0,100.0,20.0,100.0,0.03,0.25,3,1.0,1.0,60.0,1660,67.0
52,332493406855164,1.0400087139569223,commit_complete,227776,11681226055432,True,,15.087719298245613,16.805950822123858,0.0046875,-0.6541666666666667,4.488842391857569,-2.2023382985051194,227776,0.011708848003763705,15.087719298245613,16.805950822123858,0.0046875,-0.6541666666666667,0.0,-0.6241666666666666,4.488842391857569,-2.2023382985051194,tracking,True,,False,False,-5.2000435697846115,0.0,-1.26,0.058208332979120314,True,-62.416666666666664,25.2,-37.21666666666667,1500,1543,1626,1500,2000,2000,1000,1000,-10.0,5.0,15.0,20.0,100.0,20.0,100.0,0.03,0.25,3,1.0,1.0,60.0,1660,67.0
53,332493426849199,1.0600027489708737,commit_complete,227776,11681226055432,True,,15.087719298245613,16.805950822123858,0.0046875,-0.6541666666666667,4.488842391857569,-2.2023382985051194,227776,0.03170288301771507,15.087719298245613,16.805950822123858,0.0046875,-0.6541666666666667,0.0,-0.6241666666666666,4.488842391857569,-2.2023382985051194,tracking,True,,False,False,-5.300013744854368,0.0,-1.26,0.07820236799307168,True,-62.416666666666664,25.2,-37.21666666666667,1500,1544,1626,1500,2000,2000,1000,1000,-10.0,5.0,15.0,20.0,100.0,20.0,100.0,0.03,0.25,3,1.0,1.0,60.0,1660,67.0
54,332493446878730,1.0800322800059803,commit_complete,227777,11681258983481,True,,15.087719298245613,16.774919765473722,0.0046875,-0.6479166666666667,4.497146216746085,-2.1853319897000505,227777,0.018291372049134225,15.087719298245613,16.774919765473722,0.0046875,-0.6479166666666667,0.0,-0.6179166666666667,4.497146216746085,-2.1853319897000505,tracking,True,,False,False,-5.400161400029901,0.0,-1.26,0.0982318990281783,True,-61.791666666666664,25.2,-36.59166666666667,1500,1545,1626,1500,2000,2000,1000,1000,-10.0,5.0,15.0,20.0,100.0,20.0,100.0,0.03,0.25,3,1.0,1.0,60.0,1660,67.0
55,332493466846221,1.099999770987779,commit_complete,227778,11681291843153,True,,15.087719298245613,16.744129924231146,0.0046875,-0.6416666666666667,4.505415914052425,-2.1682314086377295,227778,0.004774642002303153,15.087719298245613,16.744129924231146,0.0046875,-0.6416666666666667,0.0,-0.6116666666666667,4.505415914052425,-2.1682314086377295,tracking,True,,False,False,-5.4999988549388945,0.0,-1.26,0.11819939000997692,True,-61.16666666666667,25.2,-35.96666666666667,1500,1546,1627,1500,2000,2000,1000,1000,-10.0,5.0,15.0,20.0,100.0,20.0,100.0,0.03,0.25,3,1.0,1.0,60.0,1660,67.0
56,332493486848394,1.120001943956595,commit_complete,227778,11681291843153,True,,15.087719298245613,16.744129924231146,0.0046875,-0.6416666666666667,4.505415914052425,-2.1682314086377295,227778,0.024776814971119165,15.087719298245613,16.744129924231146,0.0046875,-0.6416666666666667,0.0,-0.6116666666666667,4.505415914052425,-2.1682314086377295,tracking,True,,False,False,-5.600009719782975,0.0,-1.26,0.13820156297879294,True,-61.16666666666667,25.2,-35.96666666666667,1500,1547,1627,1500,2000,2000,1000,1000,-10.0,5.0,15.0,20.0,100.0,20.0,100.0,0.03,0.25,3,1.0,1.0,60.0,1660,67.0
57,332493506872192,1.1400257420027629,commit_complete,227779,11681324922561,True,,15.377574370709382,17.034672692166527,0.0046875,-0.6354166666666666,4.5136505770780735,-2.1510366031387695,227779,0.011368943029083312,15.377574370709382,17.034672692166527,0.0046875,-0.6354166666666666,0.0,-0.6054166666666666,4.5136505770780735,-2.1510366031387695,tracking,True,,False,False,-5.700128710013814,0.0,-1.26,0.15822536102496088,True,-60.54166666666666,25.2,-35.341666666666654,1500,1548,1628,1500,2000,2000,1000,1000,-10.0,5.0,15.0,20.0,100.0,20.0,100.0,0.03,0.25,3,1.0,1.0,60.0,1660,67.0
58,332493526844229,1.1599977790028788,commit_complete,227779,11681324922561,True,,15.377574370709382,17.034672692166527,0.0046875,-0.6354166666666666,4.5136505770780735,-2.1510366031387695,227779,0.03134098002919927,15.377574370709382,17.034672692166527,0.0046875,-0.6354166666666666,0.0,-0.6054166666666666,4.5136505770780735,-2.1510366031387695,tracking,True,,False,False,-5.799988895014394,0.0,-1.26,0.17819739802507684,True,-60.54166666666666,25.2,-35.341666666666654,1500,1548,1628,1500,2000,2000,1000,1000,-10.0,5.0,15.0,20.0,100.0,20.0,100.0,0.03,0.25,3,1.0,1.0,60.0,1660,67.0
59,332493546857242,1.1800107919843867,commit_complete,227780,11681357824648,True,,15.087719298245613,16.683279219610476,0.0046875,-0.6291666666666667,4.521849293086265,-2.133747635175081,227780,0.017888695001602173,15.087719298245613,16.683279219610476,0.0046875,-0.6291666666666667,0.0,-0.5991666666666666,4.521849293086265,-2.133747635175081,tracking,True,,False,False,-5.900053959921934,0.0,-1.99,0.00874585600104183,True,-59.916666666666664,39.8,-20.116666666666667,1500,1549,1643,1500,2000,2000,1000,1000,-10.0,5.0,15.0,20.0,100.0,20.0,100.0,0.03,0.25,3,1.0,1.0,60.0,1660,67.0
60,332493566839190,1.1999927400029264,commit_complete,227781,11681390882625,True,,15.377574370709382,16.973151454064485,0.0046875,-0.6229166666666667,4.530011143465093,-2.116364581087598,227781,0.0044027300318703055,15.377574370709382,16.973151454064485,0.0046875,-0.6229166666666667,0.0,-0.5929166666666666,4.530011143465093,-2.116364581087598,tracking,True,,False,False,-5.999963700014632,0.0,-1.99,0.028727804019581527,True,-59.291666666666664,39.8,-19.491666666666667,1500,1550,1644,1500,2000,2000,1000,1000,-10.0,5.0,15.0,20.0,100.0,20.0,100.0,0.03,0.25,3,1.0,1.0,60.0,1660,67.0
61,332493586836599,1.219990148965735,commit_complete,227781,11681390882625,True,,15.377574370709382,16.973151454064485,0.0046875,-0.6229166666666667,4.530011143465093,-2.116364581087598,227781,0.024400138994678855,15.377574370709382,16.973151454064485,0.0046875,-0.6229166666666667,0.0,-0.5929166666666666,4.530011143465093,-2.116364581087598,tracking,True,,False,False,-6.099950744828675,0.0,-1.99,0.048725212982390076,True,-59.291666666666664,39.8,-19.491666666666667,1500,1551,1644,1500,2000,2000,1000,1000,-10.0,5.0,15.0,20.0,100.0,20.0,100.0,0.03,0.25,3,1.0,1.0,60.0,1660,67.0
62,332493606966430,1.240119979949668,commit_complete,227782,11681423974189,True,,15.087719298245613,16.623409362567806,0.0046875,-0.6166666666666667,4.538135203896576,-2.0988875318021663,227782,0.011032360955141485,15.087719298245613,16.623409362567806,0.0046875,-0.6166666666666667,0.0,-0.5866666666666667,4.538135203896576,-2.0988875318021663,tracking,True,,False,False,-6.20059989974834,0.0,-1.99,0.06885504396632314,True,-58.666666666666664,39.8,-18.866666666666667,1500,1552,1645,1500,2000,2000,1000,1000,-10.0,5.0,15.0,20.0,100.0,20.0,100.0,0.03,0.25,3,1.0,1.0,60.0,1660,67.0
63,332493626840549,1.2599940989748575,commit_complete,227782,11681423974189,True,,15.087719298245613,16.623409362567806,0.0046875,-0.6166666666666667,4.538135203896576,-2.0988875318021663,227782,0.030906479980330914,15.087719298245613,16.623409362567806,0.0046875,-0.6166666666666667,0.0,-0.5866666666666667,4.538135203896576,-2.0988875318021663,tracking,True,,False,False,-6.299970494874287,0.0,-1.99,0.08872916299151257,True,-58.666666666666664,39.8,-18.866666666666667,1500,1552,1645,1500,2000,2000,1000,1000,-10.0,5.0,15.0,20.0,100.0,20.0,100.0,0.03,0.25,3,1.0,1.0,60.0,1660,67.0
64,332493646858297,1.2800118469749577,commit_complete,227783,11681456996602,True,,15.377574370709382,16.912635329595208,0.0046875,-0.6104166666666667,4.546220544531703,-2.0813165930434203,227783,0.017543610010761768,15.377574370709382,16.912635329595208,0.0046875,-0.6104166666666667,0.0,-0.5804166666666667,4.546220544531703,-2.0813165930434203,tracking,True,,False,False,-6.400059234874789,0.0,-1.99,0.10874691099161282,True,-58.04166666666667,39.8,-18.241666666666674,1500,1553,1646,1500,2000,2000,1000,1000,-10.0,5.0,15.0,20.0,100.0,20.0,100.0,0.03,0.25,3,1.0,1.0,60.0,1660,67.0
65,332493666834649,1.2999881989671849,commit_complete,227784,11681489957858,True,,15.087719298245613,16.564530988458255,0.0046875,-0.6041666666666666,4.554266230171502,-2.0636518855464616,227784,0.004044678003992885,15.087719298245613,16.564530988458255,0.0046875,-0.6041666666666666,0.0,-0.5741666666666666,4.554266230171502,-2.0636518855464616,tracking,True,,False,False,-6.499940994835924,0.0,-1.99,0.12872326298383996,True,-57.41666666666666,39.8,-17.61666666666666,1500,1554,1647,1500,2000,2000,1000,1000,-10.0,5.0,15.0,20.0,100.0,20.0,100.0,0.03,0.25,3,1.0,1.0,60.0,1660,67.0
66,332493686845897,1.3199994469759986,commit_complete,227784,11681489957858,True,,15.087719298245613,16.564530988458255,0.0046875,-0.6041666666666666,4.554266230171502,-2.0636518855464616,227784,0.024055926012806594,15.087719298245613,16.564530988458255,0.0046875,-0.6041666666666666,0.0,-0.5741666666666666,4.554266230171502,-2.0636518855464616,tracking,True,,False,False,-6.599997234879993,0.0,-1.99,0.14873451099265367,True,-57.41666666666666,39.8,-17.61666666666666,1500,1555,1647,1500,2000,2000,1000,1000,-10.0,5.0,15.0,20.0,100.0,20.0,100.0,0.03,0.25,3,1.0,1.0,60.0,1660,67.0
67,332493706880297,1.3400338469655253,commit_complete,227785,11681522993338,True,,15.377574370709382,16.853135146228016,0.0046875,-0.5979166666666667,4.562271320454133,-2.0458935452661504,227785,0.010702907980885357,15.377574370709382,16.853135146228016,0.0046875,-0.5979166666666667,0.0,-0.5679166666666666,4.562271320454133,-2.0458935452661504,tracking,True,,False,False,-6.7001692348276265,0.0,-1.99,0.1687689109821804,True,-56.791666666666664,39.8,-16.991666666666667,1500,1556,1648,1500,2000,2000,1000,1000,-10.0,5.0,15.0,20.0,100.0,20.0,100.0,0.03,0.25,3,1.0,1.0,60.0,1660,67.0
68,332493726835408,1.3599889579927549,commit_complete,227785,11681522993338,True,,15.377574370709382,16.853135146228016,0.0046875,-0.5979166666666667,4.562271320454133,-2.0458935452661504,227785,0.030658019008114934,15.377574370709382,16.853135146228016,0.0046875,-0.5979166666666667,0.0,-0.5679166666666666,4.562271320454133,-2.0458935452661504,tracking,True,,False,False,-6.799944789963774,0.0,-2.65,0.018903046031482518,True,-56.791666666666664,53.0,-3.7916666666666643,1500,1557,1661,1500,2000,2000,1000,1000,-10.0,5.0,15.0,20.0,100.0,20.0,100.0,0.03,0.25,3,1.0,1.0,60.0,1660,67.0
69,332493746856499,1.3800100489752367,commit_complete,227786,11681555941084,True,,15.087719298245613,16.506654706988545,0.0046875,-0.5916666666666667,4.570234870048054,-2.0280417235838235,227786,0.017163205018732697,15.087719298245613,16.506654706988545,0.0046875,-0.5916666666666667,0.0,-0.5616666666666666,4.570234870048054,-2.0280417235838235,tracking,True,,False,False,-6.900050244876184,0.0,-2.65,0.038924137013964355,True,-56.166666666666664,53.0,-3.1666666666666643,1500,1558,1662,1500,2000,2000,1000,1000,-10.0,5.0,15.0,20.0,100.0,20.0,100.0,0.03,0.25,3,1.0,1.0,60.0,1660,67.0
70,332493766859296,1.4000128459883854,commit_complete,227787,11681588957296,True,,15.377574370709382,16.794661701804934,0.0046875,-0.5854166666666667,4.578155928851229,-2.0100965875112426,227787,0.0037459590239450336,15.377574370709382,16.794661701804934,0.0046875,-0.5854166666666667,0.0,-0.5554166666666667,4.578155928851229,-2.0100965875112426,tracking,True,,False,False,-7.000064229941927,0.0,-2.65,0.05892693402711302,True,-55.541666666666664,53.0,-2.5416666666666643,1500,1558,1662,1500,2000,2000,1000,1000,-10.0,5.0,15.0,20.0,100.0,20.0,100.0,0.03,0.25,3,1.0,1.0,60.0,1660,67.0
71,332493786858875,1.4200124249910004,commit_complete,227787,11681588957296,True,,15.377574370709382,16.794661701804934,0.0046875,-0.5854166666666667,4.578155928851229,-2.0100965875112426,227787,0.023745538026560098,15.377574370709382,16.794661701804934,0.0046875,-0.5854166666666667,0.0,-0.5554166666666667,4.578155928851229,-2.0100965875112426,tracking,True,,False,False,-7.100062124955002,0.0,-2.65,0.07892651302972808,True,-55.541666666666664,53.0,-2.5416666666666643,1500,1559,1663,1500,2000,2000,1000,1000,-10.0,5.0,15.0,20.0,100.0,20.0,100.0,0.03,0.25,3,1.0,1.0,60.0,1660,67.0
72,332493806859266,1.4400128159904853,commit_complete,227788,11681623332605,True,,15.377574370709382,16.75625513190161,0.0046875,-0.5770833333333333,4.588649593129835,-1.986024902026507,227788,0.010281165014021099,15.377574370709382,16.75625513190161,0.0046875,-0.5770833333333333,0.0,-0.5470833333333333,4.588649593129835,-1.986024902026507,tracking,True,,False,False,-7.200064079952426,0.0,-2.65,0.09892690402921289,True,-54.70833333333333,53.0,-1.7083333333333286,1500,1560,1664,1500,2000,2000,1000,1000,-10.0,5.0,15.0,20.0,100.0,20.0,100.0,0.03,0.25,3,1.0,1.0,60.0,1660,67.0
73,332493826849196,1.4600027459673584,commit_complete,227788,11681623332605,True,,15.377574370709382,16.75625513190161,0.0046875,-0.5770833333333333,4.588649593129835,-1.986024902026507,227788,0.0302710949908942,15.377574370709382,16.75625513190161,0.0046875,-0.5770833333333333,0.0,-0.5470833333333333,4.588649593129835,-1.986024902026507,tracking,True,,False,False,-7.300013729836792,0.0,-2.65,0.11891683400608599,True,-54.70833333333333,53.0,-1.7083333333333286,1500,1561,1664,1500,2000,2000,1000,1000,-10.0,5.0,15.0,20.0,100.0,20.0,100.0,0.03,0.25,3,1.0,1.0,60.0,1660,67.0
74,332493846816194,1.4799697439884767,commit_complete,227789,11681654950618,True,,15.377574370709382,16.71831285193886,0.0046875,-0.56875,4.599063745681959,-1.9617881290174606,227789,0.016738487989641726,15.377574370709382,16.71831285193886,0.0046875,-0.56875,0.0,-0.53875,4.599063745681959,-1.9617881290174606,tracking,True,,False,False,-7.3998487199423835,0.0,-2.65,0.13888383202720433,True,-53.87499999999999,53.0,-0.8749999999999929,1500,1562,1665,1500,2000,2000,1000,1000,-10.0,5.0,15.0,20.0,100.0,20.0,100.0,0.03,0.25,3,1.0,1.0,60.0,1660,67.0
75,332493866843947,1.4999974969541654,commit_complete,227790,11681688134095,True,,15.377574370709382,16.6808380301425,0.0046875,-0.5604166666666667,4.609396098815415,-1.9373867977833539,227790,0.00329942797543481,15.377574370709382,16.6808380301425,0.0046875,-0.5604166666666667,0.0,-0.5304166666666666,4.609396098815415,-1.9373867977833539,tracking,True,,False,False,-7.499987484770827,0.0,-2.65,0.15891158499289304,True,-53.041666666666664,53.0,-0.0416666666666643,1500,1562,1666,1500,2000,2000,1000,1000,-10.0,5.0,15.0,20.0,100.0,20.0,100.0,0.03,0.25,3,1.0,1.0,60.0,1660,67.0
76,332493886849196,1.52000274596503,commit_complete,227790,11681688134095,True,,15.377574370709382,16.6808380301425,0.0046875,-0.5604166666666667,4.609396098815415,-1.9373867977833539,227790,0.023304676986299455,15.377574370709382,16.6808380301425,0.0046875,-0.5604166666666667,0.0,-0.5304166666666666,4.609396098815415,-1.9373867977833539,tracking,True,,False,False,-7.60001372982515,0.0,-3.23,0.017588293994776905,True,-53.041666666666664,64.6,11.55833333333333,1500,1563,1677,1500,2000,2000,1000,1000,-10.0,5.0,15.0,20.0,100.0,20.0,100.0,0.03,0.25,3,1.0,1.0,60.0,1660,67.0
77,332493906860267,1.540013816964347,commit_complete,227791,11681721873000,True,,15.377574370709382,16.643833824062646,0.0046875,-0.5520833333333334,4.619644352955482,-1.912821489895629,227791,0.009860638994723558,15.377574370709382,16.643833824062646,0.0046875,-0.5520833333333334,0.0,-0.5220833333333333,4.619644352955482,-1.912821489895629,tracking,True,,False,False,-7.700069084821735,0.0,-3.23,0.037599364994093776,True,-52.208333333333336,64.6,12.391666666666659,1500,1564,1678,1500,2000,2000,1000,1000,-10.0,5.0,15.0,20.0,100.0,20.0,100.0,0.03,0.25,3,1.0,1.0,60.0,1660,67.0
78,332493926838100,1.5599916499922983,commit_complete,227791,11681721873000,True,,15.377574370709382,16.643833824062646,0.0046875,-0.5520833333333334,4.619644352955482,-1.912821489895629,227791,0.029838472022674978,15.377574370709382,16.643833824062646,0.0046875,-0.5520833333333334,0.0,-0.5220833333333333,4.619644352955482,-1.912821489895629,tracking,True,,False,False,-7.799958249961492,0.0,-3.23,0.057577198022045195,True,-52.208333333333336,64.6,12.391666666666659,1500,1565,1679,1500,2000,2000,1000,1000,-10.0,5.0,15.0,20.0,100.0,20.0,100.0,0.03,0.25,3,1.0,1.0,60.0,1660,67.0
79,332493946866407,1.5800199569785036,commit_complete,227792,11681753922869,True,,15.377574370709382,16.625509185482883,0.0046875,-0.5479166666666667,4.624736221279342,-1.9004775409319796,227792,0.016395333979744464,15.377574370709382,16.625509185482883,0.0046875,-0.5479166666666667,0.0,-0.5179166666666667,4.624736221279342,-1.9004775409319796,tracking,True,,False,False,-7.900099784892518,0.0,-3.23,0.07760550500825047,True,-51.79166666666667,64.6,12.808333333333323,1500,1566,1679,1500,2000,2000,1000,1000,-10.0,5.0,15.0,20.0,100.0,20.0,100.0,0.03,0.25,3,1.0,1.0,60.0,1660,67.0
80,332493966850494,1.600004043953959,commit_complete,227793,11681786931495,True,,15.377574370709382,16.58912979518543,0.003125,-0.5395833333333333,4.634853991674709,-1.8756674747558588,227793,0.0029178729746490717,15.377574370709382,16.58912979518543,0.003125,-0.5395833333333333,0.0,-0.5095833333333333,4.634853991674709,-1.8756674747558588,tracking,True,,False,False,-8.000020219769794,0.0,-3.23,0.09758959198370576,True,-50.95833333333333,64.6,13.641666666666666,1500,1567,1680,1500,2000,2000,1000,1000,-10.0,5.0,15.0,20.0,100.0,20.0,100.0,0.03,0.25,3,1.0,1.0,60.0,1660,67.0
81,332493986858132,1.6200116819818504,commit_complete,227793,11681786931495,True,,15.377574370709382,16.58912979518543,0.003125,-0.5395833333333333,4.634853991674709,-1.8756674747558588,227793,0.02292551100254059,15.377574370709382,16.58912979518543,0.003125,-0.5395833333333333,0.0,-0.5095833333333333,4.634853991674709,-1.8756674747558588,tracking,True,,False,False,-8.100058409909252,0.0,-3.23,0.11759723001159728,True,-50.95833333333333,64.6,13.641666666666666,1500,1568,1680,1500,2000,2000,1000,1000,-10.0,5.0,15.0,20.0,100.0,20.0,100.0,0.03,0.25,3,1.0,1.0,60.0,1660,67.0
82,332494006867018,1.640020567981992,commit_complete,227794,11681821240198,True,,15.377574370709382,16.55331567521204,0.003125,-0.53125,4.644881868723988,-1.8506951195697139,227794,0.009544582979287952,15.377574370709382,16.55331567521204,0.003125,-0.53125,0.0,-0.50125,4.644881868723988,-1.8506951195697139,tracking,True,,False,False,-8.20010283990996,0.0,-3.23,0.13760611601173878,True,-50.125,64.6,14.474999999999994,1500,1568,1681,1500,2000,2000,1000,1000,-10.0,5.0,15.0,20.0,100.0,20.0,100.0,0.03,0.25,3,1.0,1.0,60.0,1660,67.0
83,332494026850276,1.6600038259639405,commit_complete,227794,11681821240198,True,,15.377574370709382,16.55331567521204,0.003125,-0.53125,4.644881868723988,-1.8506951195697139,227794,0.029527840961236507,15.377574370709382,16.55331567521204,0.003125,-0.53125,0.0,-0.50125,4.644881868723988,-1.8506951195697139,tracking,True,,False,False,-8.300019129819702,0.0,-3.59,0.018907474994193763,True,-50.125,71.8,21.674999999999997,1500,1569,1689,1500,2000,2000,1000,1000,-10.0,5.0,15.0,20.0,100.0,20.0,100.0,0.03,0.25,3,1.0,1.0,60.0,1660,67.0
84,332494046861537,1.6800150869530626,commit_complete,227795,11681853588372,True,,15.845410628019323,17.020514357943526,0.003125,-0.5229166666666667,4.65481751926897,-1.8255612458382986,227795,0.016014108958188444,15.845410628019323,17.020514357943526,0.003125,-0.5229166666666667,0.0,-0.49291666666666667,4.65481751926897,-1.8255612458382986,tracking,True,,False,False,-8.400075434765313,0.0,-3.59,0.038918735983315855,True,-49.291666666666664,71.8,22.508333333333333,1500,1570,1690,1500,2000,2000,1000,1000,-10.0,5.0,15.0,20.0,100.0,20.0,100.0,0.03,0.25,3,1.0,1.0,60.0,1660,67.0
85,332494066861380,1.7000149299856275,commit_complete,227796,11681886638961,True,,15.845410628019323,16.98460628798601,0.003125,-0.5145833333333333,4.664658602981057,-1.8002666795880018,227796,0.0026279499870724976,15.845410628019323,16.98460628798601,0.003125,-0.5145833333333333,0.0,-0.48458333333333325,4.664658602981057,-1.8002666795880018,tracking,True,,False,False,-8.500074649928138,0.0,-3.59,0.05891857901588082,True,-48.45833333333333,71.8,23.34166666666667,1500,1571,1691,1500,2000,2000,1000,1000,-10.0,5.0,15.0,20.0,100.0,20.0,100.0,0.03,0.25,3,1.0,1.0,60.0,1660,67.0
86,332494086861487,1.7200150369899347,commit_complete,227796,11681886638961,True,,15.845410628019323,16.98460628798601,0.003125,-0.5145833333333333,4.664658602981057,-1.8002666795880018,227796,0.022628056991379708,15.845410628019323,16.98460628798601,0.003125,-0.5145833333333333,0.0,-0.48458333333333325,4.664658602981057,-1.8002666795880018,tracking,True,,False,False,-8.600075184949674,0.0,-3.59,0.07891868602018803,True,-48.45833333333333,71.8,23.34166666666667,1500,1572,1691,1500,2000,2000,1000,1000,-10.0,5.0,15.0,20.0,100.0,20.0,100.0,0.03,0.25,3,1.0,1.0,60.0,1660,67.0
87,332494106843469,1.7399970190017484,commit_complete,227797,11681919319960,True,,15.845410628019323,16.94920080418005,0.003125,-0.50625,4.674402773499132,-1.7748123030629517,227797,0.009162241010926664,15.845410628019323,16.94920080418005,0.003125,-0.50625,0.0,-0.47624999999999995,4.674402773499132,-1.7748123030629517,tracking,True,,False,False,-8.699985095008742,0.0,-3.59,0.0989006680320017,True,-47.62499999999999,71.8,24.175000000000004,1500,1572,1692,1500,2000,2000,1000,1000,-10.0,5.0,15.0,20.0,100.0,20.0,100.0,0.03,0.25,3,1.0,1.0,60.0,1660,67.0
88,332494126847783,1.7600013329647481,commit_complete,227797,11681919319960,True,,15.845410628019323,16.94920080418005,0.003125,-0.50625,4.674402773499132,-1.7748123030629517,227797,0.029166554973926395,15.845410628019323,16.94920080418005,0.003125,-0.50625,0.0,-0.47624999999999995,4.674402773499132,-1.7748123030629517,tracking,True,,False,False,-8.80000666482374,0.0,-3.59,0.11890498199500144,True,-47.62499999999999,71.8,24.175000000000004,1500,1573,1692,1500,2000,2000,1000,1000,-10.0,5.0,15.0,20.0,100.0,20.0,100.0,0.03,0.25,3,1.0,1.0,60.0,1660,67.0
89,332494146862489,1.7800160389742814,commit_complete,227798,11681952279758,True,,15.845410628019323,16.92297841277814,0.003125,-0.5,4.681645887845223,-1.7556172079419585,227798,0.015653909009415656,15.845410628019323,16.92297841277814,0.003125,-0.5,0.0,-0.47,4.681645887845223,-1.7556172079419585,tracking,True,,False,False,-8.900080194871407,0.0,-3.59,0.1389196880045347,True,-47.0,71.8,24.799999999999997,1500,1574,1693,1500,2000,2000,1000,1000,-10.0,5.0,15.0,20.0,100.0,20.0,100.0,0.03,0.25,3,1.0,1.0,60.0,1660,67.0
90,332494166848060,1.8000016099540517,commit_complete,227799,11681989320146,True,,15.845410628019323,16.89704182622471,0.003125,-0.49375,4.688832172700982,-1.7363331639533326,227799,0.002158328949008137,15.845410628019323,16.89704182622471,0.003125,-0.49375,0.0,-0.46375,4.688832172700982,-1.7363331639533326,tracking,True,,False,False,-9.000008049770258,0.0,-4.0,0.007516558980569243,True,-46.375,80.0,33.625,1500,1575,1702,1500,2000,2000,1000,1000,-10.0,5.0,15.0,20.0,100.0,20.0,100.0,0.03,0.25,3,1.0,1.0,60.0,1660,67.0
91,332494186865746,1.820019295962993,commit_complete,227799,11681989320146,True,,15.845410628019323,16.89704182622471,0.003125,-0.49375,4.688832172700982,-1.7363331639533326,227799,0.02217601495794952,15.845410628019323,16.89704182622471,0.003125,-0.49375,0.0,-0.46375,4.688832172700982,-1.7363331639533326,tracking,True,,False,False,-9.100096479814965,0.0,-4.0,0.027534244989510626,True,-46.375,80.0,33.625,1500,1576,1702,1500,2000,2000,1000,1000,-10.0,5.0,15.0,20.0,100.0,20.0,100.0,0.03,0.25,3,1.0,1.0,60.0,1660,67.0
92,332494206861035,1.8400145850027911,commit_complete,227800,11682022501401,True,,15.845410628019323,16.87139236263311,0.003125,-0.4875,4.695960633868309,-1.7169606067581005,227800,0.00871215300867334,15.845410628019323,16.87139236263311,0.003125,-0.4875,0.0,-0.4575,4.695960633868309,-1.7169606067581005,tracking,True,,False,False,-9.200072925013956,0.0,-4.0,0.047529534029308707,True,-45.75,80.0,34.25,1500,1577,1703,1500,2000,2000,1000,1000,-10.0,5.0,15.0,20.0,100.0,20.0,100.0,0.03,0.25,3,1.0,1.0,60.0,1660,67.0
93,332494226834416,1.85998796595959,commit_complete,227800,11682022501401,True,,15.845410628019323,16.87139236263311,0.003125,-0.4875,4.695960633868309,-1.7169606067581005,227800,0.028685533965472132,15.845410628019323,16.87139236263311,0.003125,-0.4875,0.0,-0.4575,4.695960633868309,-1.7169606067581005,tracking,True,,False,False,-9.29993982979795,0.0,-4.0,0.0675029149861075,True,-45.75,80.0,34.25,1500,1577,1703,1500,2000,2000,1000,1000,-10.0,5.0,15.0,20.0,100.0,20.0,100.0,0.03,0.25,3,1.0,1.0,60.0,1660,67.0
94,332494246849724,1.8800032739527524,commit_complete,227801,11682053032333,True,,15.845410628019323,16.84603133350813,0.003125,-0.48125,4.703030276578456,-1.6974999904525367,227801,0.015260414977092296,15.845410628019323,16.84603133350813,0.003125,-0.48125,0.0,-0.45125000000000004,4.703030276578456,-1.6974999904525367,tracking,True,,False,False,-9.400016369763762,0.0,-4.0,0.08751822297926992,True,-45.12500000000001,80.0,34.87499999999999,1500,1578,1704,1500,2000,2000,1000,1000,-10.0,5.0,15.0,20.0,100.0,20.0,100.0,0.03,0.25,3,1.0,1.0,60.0,1660,67.0
95,332494266888019,1.9000415689661168,commit_complete,227802,11682086285678,True,,15.845410628019323,16.812667557720495,0.003125,-0.47291666666666665,4.712363251663178,-1.6714163408242835,227802,0.0018696669721975923,15.845410628019323,16.812667557720495,0.003125,-0.47291666666666665,0.0,-0.4429166666666666,4.712363251663178,-1.6714163408242835,tracking,True,,False,False,-9.500207844830584,0.0,-4.0,0.10755651799263433,True,-44.291666666666664,80.0,35.708333333333336,1500,1579,1705,1500,2000,2000,1000,1000,-10.0,5.0,15.0,20.0,100.0,20.0,100.0,0.03,0.25,3,1.0,1.0,60.0,1660,67.0
96,332494286852489,1.920006038970314,commit_complete,227802,11682086285678,True,,15.845410628019323,16.812667557720495,0.003125,-0.47291666666666665,4.712363251663178,-1.6714163408242835,227802,0.021834136976394802,15.845410628019323,16.812667557720495,0.003125,-0.47291666666666665,0.0,-0.4429166666666666,4.712363251663178,-1.6714163408242835,tracking,True,,False,False,-9.60003019485157,0.0,-4.12,0.006254620966501534,True,-44.291666666666664,82.4,38.10833333333334,1500,1580,1707,1500,2000,2000,1000,1000,-10.0,5.0,15.0,20.0,100.0,20.0,100.0,0.03,0.25,3,1.0,1.0,60.0,1660,67.0
97,332494306855103,1.9400086529785767,commit_complete,227803,11682118499627,True,,15.845410628019323,16.796179789984055,0.003125,-0.46875,4.71698912651768,-1.6583164897913718,227803,0.008376587997190654,15.845410628019323,16.796179789984055,0.003125,-0.46875,0.0,-0.43875,4.71698912651768,-1.6583164897913718,tracking,True,,False,False,-9.700043264892884,0.0,-4.12,0.026257234974764287,True,-43.875,82.4,38.525000000000006,1500,1581,1708,1500,2000,2000,1000,1000,-10.0,5.0,15.0,20.0,100.0,20.0,100.0,0.03,0.25,3,1.0,1.0,60.0,1660,67.0
98,332494326854005,1.9600075549678877,commit_complete,227803,11682118499627,True,,15.845410628019323,16.796179789984055,0.003125,-0.46875,4.71698912651768,-1.6583164897913718,227803,0.028375489986501634,15.845410628019323,16.796179789984055,0.003125,-0.46875,0.0,-0.43875,4.71698912651768,-1.6583164897913718,tracking,True,,False,False,-9.800037774839438,0.0,-4.12,0.04625613696407527,True,-43.875,82.4,38.525000000000006,1500,1582,1708,1500,2000,2000,1000,1000,-10.0,5.0,15.0,20.0,100.0,20.0,100.0,0.03,0.25,3,1.0,1.0,60.0,1660,67.0
99,332494346892851,1.9800464009749703,commit_complete,227804,11682151410717,True,,15.845410628019323,16.771691863070256,0.003125,-0.4625,4.723876344102151,-1.6385946068604336,227804,0.01497265900252387,15.845410628019323,16.771691863070256,0.003125,-0.4625,0.0,-0.4325,4.723876344102151,-1.6385946068604336,tracking,True,,False,False,-9.900232004874852,0.0,-4.12,0.06629498297115788,True,-43.25,82.4,39.150000000000006,1500,1583,1709,1500,2000,2000,1000,1000,-10.0,5.0,15.0,20.0,100.0,20.0,100.0,0.03,0.25,3,1.0,1.0,60.0,1660,67.0
100,332494366866287,2.0000198369962163,commit_complete,227805,11682184378246,True,,15.845410628019323,16.747497545035813,0.003125,-0.45625,4.730700764570263,-1.6187866678763865,227805,0.0014889250160194933,15.845410628019323,16.747497545035813,0.003125,-0.45625,0.0,-0.42625,4.730700764570263,-1.6187866678763865,tracking,True,,False,False,-10.0,0.0,-4.12,0.0862684189924039,True,-42.625,82.4,39.775000000000006,1500,1583,1710,1500,2000,2000,1000,1000,-10.0,5.0,15.0,20.0,100.0,20.0,100.0,0.03,0.25,3,1.0,1.0,60.0,1660,67.0
101,332494386854261,2.020007810962852,commit_complete,227805,11682184378246,True,,15.845410628019323,16.747497545035813,0.003125,-0.45625,4.730700764570263,-1.6187866678763865,227805,0.021476898982655257,15.845410628019323,16.747497545035813,0.003125,-0.45625,0.0,-0.42625,4.730700764570263,-1.6187866678763865,tracking,True,,False,False,-10.0,0.0,-4.12,0.10625639295903966,True,-42.625,82.4,39.775000000000006,1500,1583,1710,1500,2000,2000,1000,1000,-10.0,5.0,15.0,20.0,100.0,20.0,100.0,0.03,0.25,3,1.0,1.0,60.0,1660,67.0
102,332494406857415,2.040010964963585,commit_complete,227806,11682217426839,True,,15.845410628019323,16.723598110187872,0.003125,-0.45,4.737461394935996,-1.5988932207908986,227806,0.007994277984835207,15.845410628019323,16.723598110187872,0.003125,-0.45,0.0,-0.42000000000000004,4.737461394935996,-1.5988932207908986,tracking,True,,False,False,-10.0,0.0,-4.12,0.1262595469597727,True,-42.00000000000001,82.4,40.4,1500,1583,1711,1500,2000,2000,1000,1000,-10.0,5.0,15.0,20.0,100.0,20.0,100.0,0.03,0.25,3,1.0,1.0,60.0,1660,67.0
103,332494426859346,2.0600128959631547,commit_complete,227806,11682217426839,True,,15.845410628019323,16.723598110187872,0.003125,-0.45,4.737461394935996,-1.5988932207908986,227806,0.027996208984404802,15.845410628019323,16.723598110187872,0.003125,-0.45,0.0,-0.42000000000000004,4.737461394935996,-1.5988932207908986,tracking,True,,False,False,-10.0,0.0,-4.12,0.1462614779593423,True,-42.00000000000001,82.4,40.4,1500,1583,1711,1500,2000,2000,1000,1000,-10.0,5.0,15.0,20.0,100.0,20.0,100.0,0.03,0.25,3,1.0,1.0,60.0,1660,67.0
104,332494446861964,2.080015513987746,commit_complete,227807,11682250366403,True,,15.845410628019323,16.699994824552288,0.003125,-0.44375,4.744157243531767,-1.578914832612916,227807,0.01455573202110827,15.845410628019323,16.699994824552288,0.003125,-0.44375,0.0,-0.41374999999999995,4.744157243531767,-1.578914832612916,tracking,True,,False,False,-10.0,0.0,-4.12,0.16626409598393366,True,-41.37499999999999,82.4,41.02500000000001,1500,1583,1711,1500,2000,2000,1000,1000,-10.0,5.0,15.0,20.0,100.0,20.0,100.0,0.03,0.25,3,1.0,1.0,60.0,1660,67.0
105,332494466840753,2.0999943029601127,commit_complete,227808,11682283204640,True,,16.161616161616163,17.009483181754728,0.003125,-0.4375,4.750787320340006,-1.5588520894865643,227808,0.0010739350109361112,16.161616161616163,17.009483181754728,0.003125,-0.4375,0.0,-0.4075,4.750787320340006,-1.5588520894865643,tracking,True,,False,False,-10.0,0.0,-4.25,0.004861186956986785,True,-40.75,85.0,44.25,1500,1583,1714,1500,2000,2000,1000,1000,-10.0,5.0,15.0,20.0,100.0,20.0,100.0,0.03,0.25,3,1.0,1.0,60.0,1660,67.0
106,332494486833495,2.1199870449490845,commit_complete,227808,11682283204640,True,,16.161616161616163,17.009483181754728,0.003125,-0.4375,4.750787320340006,-1.5588520894865643,227808,0.02106667699990794,16.161616161616163,17.009483181754728,0.003125,-0.4375,0.0,-0.4075,4.750787320340006,-1.5588520894865643,tracking,True,,False,False,-10.0,0.0,-4.25,0.024853928945958614,True,-40.75,85.0,44.25,1500,1583,1714,1500,2000,2000,1000,1000,-10.0,5.0,15.0,20.0,100.0,20.0,100.0,0.03,0.25,3,1.0,1.0,60.0,1660,67.0
107,332494506854972,2.1400085219647735,commit_complete,227809,11682316249896,True,,16.161616161616163,16.97826262895487,0.003125,-0.42916666666666664,4.759523403701059,-1.531971595566278,227809,0.007580387988127768,16.161616161616163,16.97826262895487,0.003125,-0.42916666666666664,0.0,-0.39916666666666667,4.759523403701059,-1.531971595566278,tracking,True,,False,False,-10.0,0.0,-4.25,0.04487540596164763,True,-39.916666666666664,85.0,45.083333333333336,1500,1583,1715,1500,2000,2000,1000,1000,-10.0,5.0,15.0,20.0,100.0,20.0,100.0,0.03,0.25,3,1.0,1.0,60.0,1660,67.0
108,332494526831842,2.159985392005183,commit_complete,227809,11682316249896,True,,16.161616161616163,16.97826262895487,0.003125,-0.42916666666666664,4.759523403701059,-1.531971595566278,227809,0.027557258028537035,16.161616161616163,16.97826262895487,0.003125,-0.42916666666666664,0.0,-0.39916666666666667,4.759523403701059,-1.531971595566278,tracking,True,,False,False,-10.0,0.0,-4.25,0.0648522760020569,True,-39.916666666666664,85.0,45.083333333333336,1500,1583,1715,1500,2000,2000,1000,1000,-10.0,5.0,15.0,20.0,100.0,20.0,100.0,0.03,0.25,3,1.0,1.0,60.0,1660,67.0
109,332494546856545,2.180010095005855,commit_complete,227810,11682349266654,True,,16.161616161616163,16.96285636535986,0.003125,-0.425,4.763846208793791,-1.5184759790530207,227810,0.014174468000419438,16.161616161616163,16.96285636535986,0.003125,-0.425,0.0,-0.395,4.763846208793791,-1.5184759790530207,tracking,True,,False,False,-10.0,0.0,-4.25,0.08487697900272906,True,-39.5,85.0,45.5,1500,1583,1716,1500,2000,2000,1000,1000,-10.0,5.0,15.0,20.0,100.0,20.0,100.0,0.03,0.25,3,1.0,1.0,60.0,1660,67.0
110,332494566848397,2.2000019469996914,commit_complete,227812,11682415396955,True,,16.161616161616163,16.917458074886405,0.003125,-0.4125,4.77663018602891,-1.477769963802694,227812,0.0006920089945197105,16.161616161616163,16.917458074886405,0.003125,-0.4125,0.0,-0.38249999999999995,4.77663018602891,-1.477769963802694,tracking,True,,False,False,-10.0,0.0,-4.25,0.10486883099656552,True,-38.24999999999999,85.0,46.75000000000001,1500,1583,1717,1500,2000,2000,1000,1000,-10.0,5.0,15.0,20.0,100.0,20.0,100.0,0.03,0.25,3,1.0,1.0,60.0,1660,67.0
111,332494586871223,2.220024772977922,commit_complete,227812,11682415396955,True,,16.161616161616163,16.917458074886405,0.003125,-0.4125,4.77663018602891,-1.477769963802694,227812,0.020714834972750396,16.161616161616163,16.917458074886405,0.003125,-0.4125,0.0,-0.38249999999999995,4.77663018602891,-1.477769963802694,tracking,True,,False,False,-10.0,0.0,-4.25,0.1248916569747962,True,-38.24999999999999,85.0,46.75000000000001,1500,1583,1717,1500,2000,2000,1000,1000,-10.0,5.0,15.0,20.0,100.0,20.0,100.0,0.03,0.25,3,1.0,1.0,60.0,1660,67.0
112,332494606866040,2.24001958995359,commit_complete,227813,11682448789297,True,,16.161616161616163,16.89522273212899,0.003125,-0.40625,4.782916635137639,-1.4572949122684988,227813,0.007310927961952984,16.161616161616163,16.89522273212899,0.003125,-0.40625,0.0,-0.37625,4.782916635137639,-1.4572949122684988,tracking,True,,False,False,-10.0,0.0,-4.25,0.14488647395046428,True,-37.625,85.0,47.375,1500,1583,1718,1500,2000,2000,1000,1000,-10.0,5.0,15.0,20.0,100.0,20.0,100.0,0.03,0.25,3,1.0,1.0,60.0,1660,67.0
113,332494626838420,2.259991969971452,commit_complete,227813,11682448789297,True,,16.161616161616163,16.89522273212899,0.003125,-0.40625,4.782916635137639,-1.4572949122684988,227813,0.027283307979814708,16.161616161616163,16.89522273212899,0.003125,-0.40625,0.0,-0.37625,4.782916635137639,-1.4572949122684988,tracking,True,,False,False,-10.0,0.0,-4.25,0.164858853968326,True,-37.625,85.0,47.375,1500,1583,1718,1500,2000,2000,1000,1000,-10.0,5.0,15.0,20.0,100.0,20.0,100.0,0.03,0.25,3,1.0,1.0,60.0,1660,67.0
114,332494646860233,2.2800137829617597,commit_complete,227814,11682481572497,True,,16.161616161616163,16.88057178248722,0.003125,-0.40208333333333335,4.787067851024629,-1.4436001488246144,227814,0.013790125958621502,16.161616161616163,16.88057178248722,0.003125,-0.40208333333333335,0.0,-0.3720833333333333,4.787067851024629,-1.4436001488246144,tracking,True,,False,False,-10.0,0.0,-4.25,0.1848806669586338,True,-37.20833333333333,85.0,47.79166666666667,1500,1583,1718,1500,2000,2000,1000,1000,-10.0,5.0,15.0,20.0,100.0,20.0,100.0,0.03,0.25,3,1.0,1.0,60.0,1660,67.0
115,332494666851380,2.300004930002615,commit_complete,227815,11682514821430,True,,15.845410628019323,16.53607122535605,0.003125,-0.39791666666666664,4.791186931486363,-1.4298698498654616,227815,0.00037168205017223954,15.845410628019323,16.53607122535605,0.003125,-0.39791666666666664,0.0,-0.36791666666666667,4.791186931486363,-1.4298698498654616,tracking,True,,False,False,-10.0,0.0,-4.28,0.013364809041377157,True,-36.791666666666664,85.60000000000001,48.808333333333344,1500,1583,1719,1500,2000,2000,1000,1000,-10.0,5.0,15.0,20.0,100.0,20.0,100.0,0.03,0.25,3,1.0,1.0,60.0,1660,67.0
116,332494686868531,2.320022080966737,commit_complete,227815,11682514821430,True,,15.845410628019323,16.53607122535605,0.003125,-0.39791666666666664,4.791186931486363,-1.4298698498654616,227815,0.020388833014294505,15.845410628019323,16.53607122535605,0.003125,-0.39791666666666664,0.0,-0.36791666666666667,4.791186931486363,-1.4298698498654616,tracking,True,,False,False,-10.0,0.0,-4.28,0.03338196000549942,True,-36.791666666666664,85.60000000000001,48.808333333333344,1500,1583,1719,1500,2000,2000,1000,1000,-10.0,5.0,15.0,20.0,100.0,20.0,100.0,0.03,0.25,3,1.0,1.0,60.0,1660,67.0
117,332494706854794,2.340008343977388,commit_complete,227816,11682548512076,True,,15.845410628019323,16.529008009862544,0.003125,-0.3958333333333333,4.793234331390483,-1.4229914421315497,227816,0.006892642006278038,15.845410628019323,16.529008009862544,0.003125,-0.3958333333333333,0.0,-0.36583333333333334,4.793234331390483,-1.4229914421315497,tracking,True,,False,False,-10.0,0.0,-4.28,0.053368223016150296,True,-36.583333333333336,85.60000000000001,49.01666666666667,1500,1583,1719,1500,2000,2000,1000,1000,-10.0,5.0,15.0,20.0,100.0,20.0,100.0,0.03,0.25,3,1.0,1.0,60.0,1660,67.0
118,332494726839491,2.3599930409691297,commit_complete,227816,11682548512076,True,,15.845410628019323,16.529008009862544,0.003125,-0.3958333333333333,4.793234331390483,-1.4229914421315497,227816,0.026877338998019695,15.845410628019323,16.529008009862544,0.003125,-0.3958333333333333,0.0,-0.36583333333333334,4.793234331390483,-1.4229914421315497,tracking,True,,False,False,-10.0,0.0,-4.28,0.07335292000789195,True,-36.583333333333336,85.60000000000001,49.01666666666667,1500,1583,1719,1500,2000,2000,1000,1000,-10.0,5.0,15.0,20.0,100.0,20.0,100.0,0.03,0.25,3,1.0,1.0,60.0,1660,67.0
119,332494746856414,2.380009963992052,commit_complete,227817,11682580968441,True,,15.845410628019323,16.514983866673987,0.003125,-0.39166666666666666,4.797304671948841,-1.409208247384972,227817,0.013462986040394753,15.845410628019323,16.514983866673987,0.003125,-0.39166666666666666,0.0,-0.3616666666666667,4.797304671948841,-1.409208247384972,tracking,True,,False,False,-10.0,0.0,-4.28,0.09336984303081408,True,-36.16666666666667,85.60000000000001,49.43333333333334,1500,1583,1720,1500,2000,2000,1000,1000,-10.0,5.0,15.0,20.0,100.0,20.0,100.0,0.03,0.25,3,1.0,1.0,60.0,1660,67.0
120,332494766858606,2.400012155994773,commit_complete,227817,11682580968441,True,,15.845410628019323,16.514983866673987,0.003125,-0.39166666666666666,4.797304671948841,-1.409208247384972,227817,0.033465178043115884,15.845410628019323,16.514983866673987,0.003125,-0.39166666666666666,0.0,-0.3616666666666667,4.797304671948841,-1.409208247384972,tracking,True,,False,False,-10.0,0.0,-4.28,0.11337203503353521,True,-36.16666666666667,85.60000000000001,49.43333333333334,1500,1583,1720,1500,2000,2000,1000,1000,-10.0,5.0,15.0,20.0,100.0,20.0,100.0,0.03,0.25,3,1.0,1.0,60.0,1660,67.0
121,332494786860593,2.4200141429901123,commit_complete,227818,11682613947359,True,,16.161616161616163,16.844551172217372,0.003125,-0.39166666666666666,4.797304671948841,-1.4092082473849723,227818,0.019807794014923275,16.161616161616163,16.844551172217372,0.003125,-0.39166666666666666,0.0,-0.3616666666666667,4.797304671948841,-1.4092082473849723,tracking,True,,False,False,-10.0,0.0,-4.28,0.1333740220288746,True,-36.16666666666667,85.60000000000001,49.43333333333334,1500,1583,1720,1500,2000,2000,1000,1000,-10.0,5.0,15.0,20.0,100.0,20.0,100.0,0.03,0.25,3,1.0,1.0,60.0,1660,67.0
122,332494806828349,2.439981898991391,commit_complete,227819,11682647021420,True,,16.161616161616163,16.844551172217372,0.003125,-0.39166666666666666,4.797304671948841,-1.4092082473849723,227819,0.006537720037158579,16.161616161616163,16.844551172217372,0.003125,-0.39166666666666666,0.0,-0.3616666666666667,4.797304671948841,-1.4092082473849723,tracking,True,,False,False,-10.0,0.0,-4.28,0.15334177803015336,True,-36.16666666666667,85.60000000000001,49.43333333333334,1500,1583,1720,1500,2000,2000,1000,1000,-10.0,5.0,15.0,20.0,100.0,20.0,100.0,0.03,0.25,3,1.0,1.0,60.0,1660,67.0
123,332494826840266,2.4599938159808517,commit_complete,227819,11682647021420,True,,16.161616161616163,16.844551172217372,0.003125,-0.39166666666666666,4.797304671948841,-1.4092082473849723,227819,0.026549637026619166,16.161616161616163,16.844551172217372,0.003125,-0.39166666666666666,0.0,-0.3616666666666667,4.797304671948841,-1.4092082473849723,tracking,True,,False,False,-10.0,0.0,-4.28,0.17335369501961395,True,-36.16666666666667,85.60000000000001,49.43333333333334,1500,1583,1720,1500,2000,2000,1000,1000,-10.0,5.0,15.0,20.0,100.0,20.0,100.0,0.03,0.25,3,1.0,1.0,60.0,1660,67.0
124,332494846856801,2.480010350991506,commit_complete,227820,11682680305709,True,,16.161616161616163,16.844551172217372,0.003125,-0.39166666666666666,4.797304671948841,-1.4092082473849723,227820,0.013114681001752615,16.161616161616163,16.844551172217372,0.003125,-0.39166666666666666,0.0,-0.3616666666666667,4.797304671948841,-1.4092082473849723,tracking,True,,False,False,-10.0,0.0,-4.22,0.011955382011365145,True,-36.16666666666667,84.39999999999999,48.23333333333332,1500,1583,1718,1500,2000,2000,1000,1000,-10.0,5.0,15.0,20.0,100.0,20.0,100.0,0.03,0.25,3,1.0,1.0,60.0,1660,67.0
125,332494866841961,2.4999955109669827,commit_complete,227820,11682680305709,True,,16.161616161616163,16.844551172217372,0.003125,-0.39166666666666666,4.797304671948841,-1.4092082473849723,227820,0.03309984097722918,16.161616161616163,16.844551172217372,0.003125,-0.39166666666666666,0.0,-0.3616666666666667,4.797304671948841,-1.4092082473849723,tracking,True,,False,False,-10.0,0.0,-4.22,0.03194054198684171,True,-36.16666666666667,84.39999999999999,48.23333333333332,1500,1583,1718,1500,2000,2000,1000,1000,-10.0,5.0,15.0,20.0,100.0,20.0,100.0,0.03,0.25,3,1.0,1.0,60.0,1660,67.0
126,332494886853717,2.520007266954053,commit_complete,227821,11682713731908,True,,16.161616161616163,16.844551172217372,0.003125,-0.39166666666666666,4.797304671948841,-1.4092082473849723,227821,0.01962803496280685,16.161616161616163,16.844551172217372,0.003125,-0.39166666666666666,0.0,-0.3616666666666667,4.797304671948841,-1.4092082473849723,tracking,True,,False,False,-10.0,0.0,-4.22,0.05195229797391221,True,-36.16666666666667,84.39999999999999,48.23333333333332,1500,1583,1718,1500,2000,2000,1000,1000,-10.0,5.0,15.0,20.0,100.0,20.0,100.0,0.03,0.25,3,1.0,1.0,60.0,1660,67.0
127,332494906828813,2.539982362999581,commit_complete,227822,11682747124384,True,,16.161616161616163,16.837451423288165,0.003125,-0.38958333333333334,4.799327541339104,-1.4023035159850195,227822,0.006122438993770629,16.161616161616163,16.837451423288165,0.003125,-0.38958333333333334,0.0,-0.35958333333333337,4.799327541339104,-1.4023035159850195,tracking,True,,False,False,-10.0,0.0,-4.22,0.07192739401943982,True,-35.958333333333336,84.39999999999999,48.441666666666656,1500,1583,1719,1500,2000,2000,1000,1000,-10.0,5.0,15.0,20.0,100.0,20.0,100.0,0.03,0.25,3,1.0,1.0,60.0,1660,67.0
128,332494926819487,2.5599730369867757,commit_complete,227822,11682747124384,True,,16.161616161616163,16.837451423288165,0.003125,-0.38958333333333334,4.799327541339104,-1.4023035159850195,227822,0.026113112980965525,16.161616161616163,16.837451423288165,0.003125,-0.38958333333333334,0.0,-0.35958333333333337,4.799327541339104,-1.4023035159850195,tracking,True,,False,False,-10.0,0.0,-4.22,0.09191806800663471,True,-35.958333333333336,84.39999999999999,48.441666666666656,1500,1583,1719,1500,2000,2000,1000,1000,-10.0,5.0,15.0,20.0,100.0,20.0,100.0,0.03,0.25,3,1.0,1.0,60.0,1660,67.0
129,332494946857661,2.580011210986413,commit_complete,227823,11682780147347,True,,16.161616161616163,16.830386568638012,0.003125,-0.3875,4.801342162727944,-1.3953900660428085,227823,0.012724014988634735,16.161616161616163,16.830386568638012,0.003125,-0.3875,0.0,-0.35750000000000004,4.801342162727944,-1.3953900660428085,tracking,True,,False,False,-10.0,0.0,-4.22,0.11195624200627208,True,-35.75000000000001,84.39999999999999,48.649999999999984,1500,1583,1719,1500,2000,2000,1000,1000,-10.0,5.0,15.0,20.0,100.0,20.0,100.0,0.03,0.25,3,1.0,1.0,60.0,1660,67.0
130,332494966884475,2.6000380250043236,commit_complete,227823,11682780147347,True,,16.161616161616163,16.830386568638012,0.003125,-0.3875,4.801342162727944,-1.3953900660428085,227823,0.032750829006545246,16.161616161616163,16.830386568638012,0.003125,-0.3875,0.0,-0.35750000000000004,4.801342162727944,-1.3953900660428085,tracking,True,,False,False,-10.0,0.0,-4.22,0.1319830560241826,True,-35.75000000000001,84.39999999999999,48.649999999999984,1500,1583,1719,1500,2000,2000,1000,1000,-10.0,5.0,15.0,20.0,100.0,20.0,100.0,0.03,0.25,3,1.0,1.0,60.0,1660,67.0
131,332494986856611,2.620010160957463,commit_complete,227824,11682811361107,True,,16.161616161616163,16.830386568638012,0.003125,-0.3875,4.801342162727944,-1.3953900660428085,227824,0.01926819299114868,16.161616161616163,16.830386568638012,0.003125,-0.3875,0.0,-0.35750000000000004,4.801342162727944,-1.3953900660428085,tracking,True,,False,False,-10.0,0.0,-4.04,0.019371967995539308,True,-35.75000000000001,80.8,45.04999999999999,1500,1583,1715,1500,2000,2000,1000,1000,-10.0,5.0,15.0,20.0,100.0,20.0,100.0,0.03,0.25,3,1.0,1.0,60.0,1660,67.0
132,332495006850813,2.6400043629691936,commit_complete,227825,11682844351350,True,,16.161616161616163,16.82335665222777,0.003125,-0.3854166666666667,4.8033485006363925,-1.3884679259652073,227825,0.005805499968118966,16.161616161616163,16.82335665222777,0.003125,-0.3854166666666667,0.0,-0.3554166666666667,4.8033485006363925,-1.3884679259652073,tracking,True,,False,False,-10.0,0.0,-4.04,0.03936617000726983,True,-35.54166666666667,80.8,45.258333333333326,1500,1583,1715,1500,2000,2000,1000,1000,-10.0,5.0,15.0,20.0,100.0,20.0,100.0,0.03,0.25,3,1.0,1.0,60.0,1660,67.0
133,332495026869767,2.6600233169738203,commit_complete,227825,11682844351350,True,,16.161616161616163,16.82335665222777,0.003125,-0.3854166666666667,4.8033485006363925,-1.3884679259652073,227825,0.025824453972745687,16.161616161616163,16.82335665222777,0.003125,-0.3854166666666667,0.0,-0.3554166666666667,4.8033485006363925,-1.3884679259652073,tracking,True,,False,False,-10.0,0.0,-4.04,0.05938512401189655,True,-35.54166666666667,80.8,45.258333333333326,1500,1583,1715,1500,2000,2000,1000,1000,-10.0,5.0,15.0,20.0,100.0,20.0,100.0,0.03,0.25,3,1.0,1.0,60.0,1660,67.0
134,332495046857171,2.6800107209710404,commit_complete,227826,11682877748716,True,,16.161616161616163,16.816361717874205,0.003125,-0.38333333333333336,4.805346519649418,-1.3815371243992076,227826,0.012381776003167033,16.161616161616163,16.816361717874205,0.003125,-0.38333333333333336,0.0,-0.3533333333333334,4.805346519649418,-1.3815371243992076,tracking,True,,False,False,-10.0,0.0,-4.04,0.07937252800911665,True,-35.333333333333336,80.8,45.46666666666666,1500,1583,1716,1500,2000,2000,1000,1000,-10.0,5.0,15.0,20.0,100.0,20.0,100.0,0.03,0.25,3,1.0,1.0,60.0,1660,67.0
135,332495066845209,2.699998758966103,commit_complete,227826,11682877748716,True,,16.161616161616163,16.816361717874205,0.003125,-0.38333333333333336,4.805346519649418,-1.3815371243992076,227826,0.0323698139982298,16.161616161616163,16.816361717874205,0.003125,-0.38333333333333336,0.0,-0.3533333333333334,4.805346519649418,-1.3815371243992076,tracking,True,,False,False,-10.0,0.0,-4.04,0.09936056600417942,True,-35.333333333333336,80.8,45.46666666666666,1500,1583,1716,1500,2000,2000,1000,1000,-10.0,5.0,15.0,20.0,100.0,20.0,100.0,0.03,0.25,3,1.0,1.0,60.0,1660,67.0
136,332495086866331,2.7200198809732683,commit_complete,227827,11682910287397,True,,16.161616161616163,16.809401809248808,0.003125,-0.38125,4.80733618441744,-1.3745976902318617,227827,0.018902975018136203,16.161616161616163,16.809401809248808,0.003125,-0.38125,0.0,-0.35124999999999995,4.80733618441744,-1.3745976902318617,tracking,True,,False,False,-10.0,0.0,-4.04,0.11938168801134452,True,-35.12499999999999,80.8,45.675000000000004,1500,1583,1716,1500,2000,2000,1000,1000,-10.0,5.0,15.0,20.0,100.0,20.0,100.0,0.03,0.25,3,1.0,1.0,60.0,1660,67.0
137,332495106833319,2.739986868982669,commit_complete,227828,11682944558926,True,,16.161616161616163,16.802476969876565,0.003125,-0.37916666666666665,4.809317459657857,-1.367649652590203,227828,0.005392907012719661,16.161616161616163,16.802476969876565,0.003125,-0.37916666666666665,0.0,-0.3491666666666666,4.809317459657857,-1.367649652590203,tracking,True,,False,False,-10.0,0.0,-4.04,0.1393486760207452,True,-34.916666666666664,80.8,45.88333333333333,1500,1583,1716,1500,2000,2000,1000,1000,-10.0,5.0,15.0,20.0,100.0,20.0,100.0,0.03,0.25,3,1.0,1.0,60.0,1660,67.0
138,332495126854591,2.7600081409909762,commit_complete,227828,11682944558926,True,,16.161616161616163,16.802476969876565,0.003125,-0.37916666666666665,4.809317459657857,-1.367649652590203,227828,0.02541417902102694,16.161616161616163,16.802476969876565,0.003125,-0.37916666666666665,0.0,-0.3491666666666666,4.809317459657857,-1.367649652590203,tracking,True,,False,False,-10.0,0.0,-4.04,0.15936994802905247,True,-34.916666666666664,80.8,45.88333333333333,1500,1583,1716,1500,2000,2000,1000,1000,-10.0,5.0,15.0,20.0,100.0,20.0,100.0,0.03,0.25,3,1.0,1.0,60.0,1660,67.0
139,332495146832664,2.779986213950906,commit_complete,227829,11682976286407,True,,16.161616161616163,16.78873267225173,0.003125,-0.375,4.813254700769495,-1.3537278845914205,227829,0.011927157989703119,16.161616161616163,16.78873267225173,0.003125,-0.375,0.0,-0.345,4.813254700769495,-1.3537278845914205,tracking,True,,False,False,-10.0,0.0,-4.04,0.17934802098898217,True,-34.5,80.8,46.3,1500,1583,1716,1500,2000,2000,1000,1000,-10.0,5.0,15.0,20.0,100.0,20.0,100.0,0.03,0.25,3,1.0,1.0,60.0,1660,67.0
140,332495166837065,2.7999906149925664,commit_complete,227829,11682976286407,True,,16.161616161616163,16.78873267225173,0.003125,-0.375,4.813254700769495,-1.3537278845914205,227829,0.03193155903136358,16.161616161616163,16.78873267225173,0.003125,-0.375,0.0,-0.345,4.813254700769495,-1.3537278845914205,tracking,True,,False,False,-10.0,0.0,-3.82,0.007837935001589358,True,-34.5,76.39999999999999,41.89999999999999,1500,1583,1712,1500,2000,2000,1000,1000,-10.0,5.0,15.0,20.0,100.0,20.0,100.0,0.03,0.25,3,1.0,1.0,60.0,1660,67.0
141,332495186858654,2.820012203999795,commit_complete,227830,11683009337004,True,,16.161616161616163,16.78873267225173,0.003125,-0.375,4.813254700769495,-1.3537278845914205,227830,0.01851326902396977,16.161616161616163,16.78873267225173,0.003125,-0.375,0.0,-0.345,4.813254700769495,-1.3537278845914205,tracking,True,,False,False,-10.0,0.0,-3.82,0.02785952400881797,True,-34.5,76.39999999999999,41.89999999999999,1500,1583,1712,1500,2000,2000,1000,1000,-10.0,5.0,15.0,20.0,100.0,20.0,100.0,0.03,0.25,3,1.0,1.0,60.0,1660,67.0
142,332495206837142,2.839990691980347,commit_complete,227831,11683042615235,True,,16.161616161616163,16.775129170223575,0.003125,-0.37083333333333335,4.817157962121082,-1.339772058214926,227831,0.00501981598790735,16.161616161616163,16.775129170223575,0.003125,-0.37083333333333335,0.0,-0.3408333333333333,4.817157962121082,-1.339772058214926,tracking,True,,False,False,-10.0,0.0,-3.82,0.04783801198936999,True,-34.08333333333333,76.39999999999999,42.31666666666666,1500,1583,1712,1500,2000,2000,1000,1000,-10.0,5.0,15.0,20.0,100.0,20.0,100.0,0.03,0.25,3,1.0,1.0,60.0,1660,67.0
143,332495226856354,2.860009903961327,commit_complete,227831,11683042615235,True,,16.161616161616163,16.775129170223575,0.003125,-0.37083333333333335,4.817157962121082,-1.339772058214926,227831,0.02503902796888724,16.161616161616163,16.775129170223575,0.003125,-0.37083333333333335,0.0,-0.3408333333333333,4.817157962121082,-1.339772058214926,tracking,True,,False,False,-10.0,0.0,-3.82,0.06785722397034988,True,-34.08333333333333,76.39999999999999,42.31666666666666,1500,1583,1712,1500,2000,2000,1000,1000,-10.0,5.0,15.0,20.0,100.0,20.0,100.0,0.03,0.25,3,1.0,1.0,60.0,1660,67.0
144,332495246850635,2.8800041849608533,commit_complete,227832,11683075977179,True,,16.161616161616163,16.775129170223575,0.003125,-0.37083333333333335,4.817157962121082,-1.339772058214926,227832,0.011631138972006738,16.161616161616163,16.775129170223575,0.003125,-0.37083333333333335,0.0,-0.3408333333333333,4.817157962121082,-1.339772058214926,tracking,True,,False,False,-10.0,0.0,-3.82,0.08785150496987626,True,-34.08333333333333,76.39999999999999,42.31666666666666,1500,1583,1712,1500,2000,2000,1000,1000,-10.0,5.0,15.0,20.0,100.0,20.0,100.0,0.03,0.25,3,1.0,1.0,60.0,1660,67.0
145,332495266847054,2.9000006039859727,commit_complete,227832,11683075977179,True,,16.161616161616163,16.775129170223575,0.003125,-0.37083333333333335,4.817157962121082,-1.339772058214926,227832,0.03162755799712613,16.161616161616163,16.775129170223575,0.003125,-0.37083333333333335,0.0,-0.3408333333333333,4.817157962121082,-1.339772058214926,tracking,True,,False,False,-10.0,0.0,-3.82,0.10784792399499565,True,-34.08333333333333,76.39999999999999,42.31666666666666,1500,1583,1712,1500,2000,2000,1000,1000,-10.0,5.0,15.0,20.0,100.0,20.0,100.0,0.03,0.25,3,1.0,1.0,60.0,1660,67.0
146,332495286859993,2.9200135429855436,commit_complete,227833,11683108670564,True,,16.161616161616163,16.775129170223575,0.003125,-0.37083333333333335,4.817157962121082,-1.339772058214926,227833,0.018190725997556,16.161616161616163,16.775129170223575,0.003125,-0.37083333333333335,0.0,-0.3408333333333333,4.817157962121082,-1.339772058214926,tracking,True,,False,False,-10.0,0.0,-3.82,0.12786086299456656,True,-34.08333333333333,76.39999999999999,42.31666666666666,1500,1583,1712,1500,2000,2000,1000,1000,-10.0,5.0,15.0,20.0,100.0,20.0,100.0,0.03,0.25,3,1.0,1.0,60.0,1660,67.0
147,332495306853545,2.9400070949923247,commit_complete,227834,11683141681485,True,,16.161616161616163,16.775129170223575,0.003125,-0.37083333333333335,4.817157962121082,-1.339772058214926,227834,0.004664123989641666,16.161616161616163,16.775129170223575,0.003125,-0.37083333333333335,0.0,-0.3408333333333333,4.817157962121082,-1.339772058214926,tracking,True,,False,False,-10.0,0.0,-3.5,0.017502514994703233,True,-34.08333333333333,70.0,35.91666666666667,1500,1583,1706,1500,2000,2000,1000,1000,-10.0,5.0,15.0,20.0,100.0,20.0,100.0,0.03,0.25,3,1.0,1.0,60.0,1660,67.0
148,332495326876938,2.9600304879713804,commit_complete,227834,11683141681485,True,,16.161616161616163,16.775129170223575,0.003125,-0.37083333333333335,4.817157962121082,-1.339772058214926,227834,0.02468751696869731,16.161616161616163,16.775129170223575,0.003125,-0.37083333333333335,0.0,-0.3408333333333333,4.817157962121082,-1.339772058214926,tracking,True,,False,False,-10.0,0.0,-3.5,0.037525907973758876,True,-34.08333333333333,70.0,35.91666666666667,1500,1583,1706,1500,2000,2000,1000,1000,-10.0,5.0,15.0,20.0,100.0,20.0,100.0,0.03,0.25,3,1.0,1.0,60.0,1660,67.0
149,332495346858704,2.9800122539745644,commit_complete,227835,11683174732360,True,,16.161616161616163,16.775129170223575,0.003125,-0.37083333333333335,4.817157962121082,-1.339772058214926,227835,0.01130905601894483,16.161616161616163,16.775129170223575,0.003125,-0.37083333333333335,0.0,-0.3408333333333333,4.817157962121082,-1.339772058214926,tracking,True,,False,False,-10.0,0.0,-3.5,0.0575076739769429,True,-34.08333333333333,70.0,35.91666666666667,1500,1583,1706,1500,2000,2000,1000,1000,-10.0,5.0,15.0,20.0,100.0,20.0,100.0,0.03,0.25,3,1.0,1.0,60.0,1660,67.0
150,332495366883787,3.000037336954847,commit_complete,227835,11683174732360,True,,16.161616161616163,16.775129170223575,0.003125,-0.37083333333333335,4.817157962121082,-1.339772058214926,227835,0.031334138999227434,16.161616161616163,16.775129170223575,0.003125,-0.37083333333333335,0.0,-0.3408333333333333,4.817157962121082,-1.339772058214926,tracking,True,,False,False,-10.0,0.0,-3.5,0.0775327569572255,True,-34.08333333333333,70.0,35.91666666666667,1500,1583,1706,1500,2000,2000,1000,1000,-10.0,5.0,15.0,20.0,100.0,20.0,100.0,0.03,0.25,3,1.0,1.0,60.0,1660,67.0
151,332495386857332,3.020010881999042,commit_complete,227836,11683207607102,True,,16.161616161616163,16.78191330030571,0.003125,-0.3729166666666667,4.815210596424138,-1.346754213687376,227836,0.01779020600952208,16.161616161616163,16.78191330030571,0.003125,-0.3729166666666667,0.0,-0.34291666666666665,4.815210596424138,-1.346754213687376,tracking,True,,False,False,-10.0,0.0,-3.5,0.09750630200142041,True,-34.291666666666664,70.0,35.708333333333336,1500,1583,1706,1500,2000,2000,1000,1000,-10.0,5.0,15.0,20.0,100.0,20.0,100.0,0.03,0.25,3,1.0,1.0,60.0,1660,67.0
152,332495406853508,3.0400070579489693,commit_complete,227837,11683240661356,True,,16.161616161616163,16.788675697333538,0.0015625,-0.375,4.813254700769495,-1.3537278845914205,227837,0.004382115963380784,16.161616161616163,16.788675697333538,0.0015625,-0.375,0.0,-0.345,4.813254700769495,-1.3537278845914205,tracking,True,,False,False,-10.0,0.0,-3.5,0.11750247795134783,True,-34.5,70.0,35.5,1500,1583,1706,1500,2000,2000,1000,1000,-10.0,5.0,15.0,20.0,100.0,20.0,100.0,0.03,0.25,3,1.0,1.0,60.0,1660,67.0
153,332495426871474,3.0600250239949673,commit_complete,227837,11683240661356,True,,16.161616161616163,16.788675697333538,0.0015625,-0.375,4.813254700769495,-1.3537278845914205,227837,0.02440008200937882,16.161616161616163,16.788675697333538,0.0015625,-0.375,0.0,-0.345,4.813254700769495,-1.3537278845914205,tracking,True,,False,False,-10.0,0.0,-3.5,0.13752044399734586,True,-34.5,70.0,35.5,1500,1583,1706,1500,2000,2000,1000,1000,-10.0,5.0,15.0,20.0,100.0,20.0,100.0,0.03,0.25,3,1.0,1.0,60.0,1660,67.0
154,332495446864350,3.0800178999779746,commit_complete,227838,11683273702260,True,,15.845410628019323,16.466922090114263,0.0015625,-0.3770833333333333,4.811290310156564,-1.3606930408411535,227838,0.010914176004007459,15.845410628019323,16.466922090114263,0.0015625,-0.3770833333333333,0.0,-0.3470833333333333,4.811290310156564,-1.3606930408411535,tracking,True,,False,False,-10.0,0.0,-3.5,0.15751331998035312,True,-34.70833333333333,70.0,35.29166666666667,1500,1583,1705,1500,2000,2000,1000,1000,-10.0,5.0,15.0,20.0,100.0,20.0,100.0,0.03,0.25,3,1.0,1.0,60.0,1660,67.0
155,332495466863433,3.100016982993111,commit_complete,227838,11683273702260,True,,15.845410628019323,16.466922090114263,0.0015625,-0.3770833333333333,4.811290310156564,-1.3606930408411535,227838,0.03091325901914388,15.845410628019323,16.466922090114263,0.0015625,-0.3770833333333333,0.0,-0.3470833333333333,4.811290310156564,-1.3606930408411535,tracking,True,,False,False,-10.0,0.0,-2.88,0.016366094001568854,True,-34.70833333333333,57.599999999999994,22.891666666666666,1500,1583,1693,1500,2000,2000,1000,1000,-10.0,5.0,15.0,20.0,100.0,20.0,100.0,0.03,0.25,3,1.0,1.0,60.0,1660,67.0
156,332495486845835,3.119999384973198,commit_complete,227839,11683306537311,True,,15.693779904306218,16.316034198255156,0.0015625,-0.37916666666666665,4.809317459657856,-1.3676496525902029,227839,0.017467973986640573,15.693779904306218,16.316034198255156,0.0015625,-0.37916666666666665,0.0,-0.3491666666666666,4.809317459657856,-1.3676496525902029,tracking,True,,False,False,-10.0,0.0,-2.88,0.036348495981656015,True,-34.916666666666664,57.599999999999994,22.68333333333333,1500,1583,1693,1500,2000,2000,1000,1000,-10.0,5.0,15.0,20.0,100.0,20.0,100.0,0.03,0.25,3,1.0,1.0,60.0,1660,67.0
157,332495506849765,3.1400033149984665,commit_complete,227840,11683339433156,True,,15.693779904306218,16.32275860452435,0.0015625,-0.38125,4.807336184417439,-1.3745976902318617,227840,0.003990975033957511,15.693779904306218,16.32275860452435,0.0015625,-0.38125,0.0,-0.35124999999999995,4.807336184417439,-1.3745976902318617,tracking,True,,False,False,-10.0,0.0,-2.88,0.05635242600692436,True,-35.12499999999999,57.599999999999994,22.475,1500,1583,1693,1500,2000,2000,1000,1000,-10.0,5.0,15.0,20.0,100.0,20.0,100.0,0.03,0.25,3,1.0,1.0,60.0,1660,67.0
158,332495526859832,3.1600133819738403,commit_complete,227840,11683339433156,True,,15.693779904306218,16.32275860452435,0.0015625,-0.38125,4.807336184417439,-1.3745976902318617,227840,0.024001042009331286,15.693779904306218,16.32275860452435,0.0015625,-0.38125,0.0,-0.35124999999999995,4.807336184417439,-1.3745976902318617,tracking,True,,False,False,-10.0,0.0,-2.88,0.07636249298229814,True,-35.12499999999999,57.599999999999994,22.475,1500,1583,1693,1500,2000,2000,1000,1000,-10.0,5.0,15.0,20.0,100.0,20.0,100.0,0.03,0.25,3,1.0,1.0,60.0,1660,67.0
159,332495546837690,3.1799912399728782,commit_complete,227841,11683373066418,True,,15.693779904306218,16.329517064980532,0.0015625,-0.38333333333333336,4.805346519649417,-1.3815371243992076,227841,0.010560480994172394,15.693779904306218,16.329517064980532,0.0015625,-0.38333333333333336,0.0,-0.3533333333333334,4.805346519649417,-1.3815371243992076,tracking,True,,False,False,-10.0,0.0,-2.88,0.09634035098133609,True,-35.333333333333336,57.599999999999994,22.26666666666666,1500,1583,1692,1500,2000,2000,1000,1000,-10.0,5.0,15.0,20.0,100.0,20.0,100.0,0.03,0.25,3,1.0,1.0,60.0,1660,67.0
160,332495566842567,3.199996116978582,commit_complete,227841,11683373066418,True,,15.693779904306218,16.329517064980532,0.0015625,-0.38333333333333336,4.805346519649417,-1.3815371243992076,227841,0.03056535799987614,15.693779904306218,16.329517064980532,0.0015625,-0.38333333333333336,0.0,-0.3533333333333334,4.805346519649417,-1.3815371243992076,tracking,True,,False,False,-10.0,0.0,-2.88,0.11634522798703983,True,-35.333333333333336,57.599999999999994,22.26666666666666,1500,1583,1692,1500,2000,2000,1000,1000,-10.0,5.0,15.0,20.0,100.0,20.0,100.0,0.03,0.25,3,1.0,1.0,60.0,1660,67.0
161,332495586848131,3.2200016809511,commit_complete,227842,11683405500959,True,,15.693779904306218,16.329517064980532,0.0015625,-0.38333333333333336,4.805346519649417,-1.3815371243992076,227842,0.017123011988587677,15.693779904306218,16.329517064980532,0.0015625,-0.38333333333333336,0.0,-0.3533333333333334,4.805346519649417,-1.3815371243992076,tracking,True,,False,False,-10.0,0.0,-2.88,0.13635079195955768,True,-35.333333333333336,57.599999999999994,22.26666666666666,1500,1583,1692,1500,2000,2000,1000,1000,-10.0,5.0,15.0,20.0,100.0,20.0,100.0,0.03,0.25,3,1.0,1.0,60.0,1660,67.0
162,332495606828842,3.2399823919986375,commit_complete,227843,11683438557808,True,,15.693779904306218,16.336309537358254,0.0015625,-0.3854166666666667,4.803348500636392,-1.3884679259652069,227843,0.0036207209923304617,15.693779904306218,16.336309537358254,0.0015625,-0.3854166666666667,0.0,-0.3554166666666667,4.803348500636392,-1.3884679259652069,tracking,True,,False,False,-10.0,0.0,-2.24,0.005176776030566543,True,-35.54166666666667,44.800000000000004,9.258333333333333,1500,1583,1679,1500,2000,2000,1000,1000,-10.0,5.0,15.0,20.0,100.0,20.0,100.0,0.03,0.25,3,1.0,1.0,60.0,1660,67.0
163,332495626851087,3.2600046370062046,commit_complete,227843,11683438557808,True,,15.693779904306218,16.336309537358254,0.0015625,-0.3854166666666667,4.803348500636392,-1.3884679259652069,227843,0.02364296599989757,15.693779904306218,16.336309537358254,0.0015625,-0.3854166666666667,0.0,-0.3554166666666667,4.803348500636392,-1.3884679259652069,tracking,True,,False,False,-10.0,0.0,-2.24,0.02519902103813365,True,-35.54166666666667,44.800000000000004,9.258333333333333,1500,1583,1679,1500,2000,2000,1000,1000,-10.0,5.0,15.0,20.0,100.0,20.0,100.0,0.03,0.25,3,1.0,1.0,60.0,1660,67.0
164,332495646844087,3.2799976369715296,commit_complete,227844,11683472578119,True,,15.377574370709382,16.00715801963842,0.0015625,-0.3854166666666667,4.8033485006363925,-1.3884679259652073,227844,0.010196843009907752,15.377574370709382,16.00715801963842,0.0015625,-0.3854166666666667,0.0,-0.3554166666666667,4.8033485006363925,-1.3884679259652073,tracking,True,,False,False,-10.0,0.0,-2.24,0.04519202100345865,True,-35.54166666666667,44.800000000000004,9.258333333333333,1500,1583,1679,1500,2000,2000,1000,1000,-10.0,5.0,15.0,20.0,100.0,20.0,100.0,0.03,0.25,3,1.0,1.0,60.0,1660,67.0
165,332495666856261,3.3000098110060208,commit_complete,227844,11683472578119,True,,15.377574370709382,16.00715801963842,0.0015625,-0.3854166666666667,4.8033485006363925,-1.3884679259652073,227844,0.030209017044398934,15.377574370709382,16.00715801963842,0.0015625,-0.3854166666666667,0.0,-0.3554166666666667,4.8033485006363925,-1.3884679259652073,tracking,True,,False,False,-10.0,0.0,-2.24,0.06520419503794983,True,-35.54166666666667,44.800000000000004,9.258333333333333,1500,1583,1679,1500,2000,2000,1000,1000,-10.0,5.0,15.0,20.0,100.0,20.0,100.0,0.03,0.25,3,1.0,1.0,60.0,1660,67.0
166,332495686858259,3.320011809002608,commit_complete,227845,11683504616213,True,,15.377574370709382,16.00715801963842,0.0015625,-0.3854166666666667,4.8033485006363925,-1.3884679259652073,227845,0.016729524999391288,15.377574370709382,16.00715801963842,0.0015625,-0.3854166666666667,0.0,-0.3554166666666667,4.8033485006363925,-1.3884679259652073,tracking,True,,False,False,-10.0,0.0,-2.24,0.08520619303453714,True,-35.54166666666667,44.800000000000004,9.258333333333333,1500,1583,1679,1500,2000,2000,1000,1000,-10.0,5.0,15.0,20.0,100.0,20.0,100.0,0.03,0.25,3,1.0,1.0,60.0,1660,67.0
167,332495706833661,3.3399872109876014,commit_complete,227846,11683539155114,True,,15.377574370709382,16.00715801963842,0.0015625,-0.3854166666666667,4.8033485006363925,-1.3884679259652073,227846,0.0032872820156626403,15.377574370709382,16.00715801963842,0.0015625,-0.3854166666666667,0.0,-0.3554166666666667,4.8033485006363925,-1.3884679259652073,tracking,True,,False,False,-10.0,0.0,-2.24,0.1051815950195305,True,-35.54166666666667,44.800000000000004,9.258333333333333,1500,1583,1679,1500,2000,2000,1000,1000,-10.0,5.0,15.0,20.0,100.0,20.0,100.0,0.03,0.25,3,1.0,1.0,60.0,1660,67.0
168,332495726848462,3.3600020119920373,commit_complete,227846,11683539155114,True,,15.377574370709382,16.00715801963842,0.0015625,-0.3854166666666667,4.8033485006363925,-1.3884679259652073,227846,0.023302083020098507,15.377574370709382,16.00715801963842,0.0015625,-0.3854166666666667,0.0,-0.3554166666666667,4.8033485006363925,-1.3884679259652073,tracking,True,,False,False,-10.0,0.0,-2.24,0.12519639602396637,True,-35.54166666666667,44.800000000000004,9.258333333333333,1500,1583,1679,1500,2000,2000,1000,1000,-10.0,5.0,15.0,20.0,100.0,20.0,100.0,0.03,0.25,3,1.0,1.0,60.0,1660,67.0
169,332495746837468,3.379991017980501,commit_complete,227847,11683572716889,True,,15.377574370709382,16.00715801963842,0.0015625,-0.3854166666666667,4.8033485006363925,-1.3884679259652073,227847,0.009819006023462862,15.377574370709382,16.00715801963842,0.0015625,-0.3854166666666667,0.0,-0.3554166666666667,4.8033485006363925,-1.3884679259652073,tracking,True,,False,False,-10.0,0.0,-2.24,0.14518540201243013,True,-35.54166666666667,44.800000000000004,9.258333333333333,1500,1583,1679,1500,2000,2000,1000,1000,-10.0,5.0,15.0,20.0,100.0,20.0,100.0,0.03,0.25,3,1.0,1.0,60.0,1660,67.0
170,332495766840780,3.399994329956826,commit_complete,227847,11683572716889,True,,15.377574370709382,16.00715801963842,0.0015625,-0.3854166666666667,4.8033485006363925,-1.3884679259652073,227847,0.02982231799978763,15.377574370709382,16.00715801963842,0.0015625,-0.3854166666666667,0.0,-0.3554166666666667,4.8033485006363925,-1.3884679259652073,tracking,True,,False,False,-10.0,0.0,-2.24,0.1651887139887549,True,-35.54166666666667,44.800000000000004,9.258333333333333,1500,1583,1679,1500,2000,2000,1000,1000,-10.0,5.0,15.0,20.0,100.0,20.0,100.0,0.03,0.25,3,1.0,1.0,60.0,1660,67.0
171,332495786854950,3.4200084999902174,commit_complete,227848,11683604582030,True,,15.377574370709382,16.00715801963842,0.0015625,-0.3854166666666667,4.8033485006363925,-1.3884679259652073,227848,0.016392016026657075,15.377574370709382,16.00715801963842,0.0015625,-0.3854166666666667,0.0,-0.3554166666666667,4.8033485006363925,-1.3884679259652073,tracking,True,,False,False,-10.0,0.0,-1.58,0.008991804032120854,True,-35.54166666666667,31.6,-3.94166666666667,1500,1583,1666,1500,2000,2000,1000,1000,-10.0,5.0,15.0,20.0,100.0,20.0,100.0,0.03,0.25,3,1.0,1.0,60.0,1660,67.0
172,332495806836657,3.4399902069708332,commit_complete,227849,11683637836349,True,,15.377574370709382,16.00715801963842,0.0015625,-0.3854166666666667,4.8033485006363925,-1.3884679259652073,227849,0.002904234977904707,15.377574370709382,16.00715801963842,0.0015625,-0.3854166666666667,0.0,-0.3554166666666667,4.8033485006363925,-1.3884679259652073,tracking,True,,False,False,-10.0,0.0,-1.58,0.028973511012736708,True,-35.54166666666667,31.6,-3.94166666666667,1500,1583,1666,1500,2000,2000,1000,1000,-10.0,5.0,15.0,20.0,100.0,20.0,100.0,0.03,0.25,3,1.0,1.0,60.0,1660,67.0
173,332495826869404,3.4600229539792053,commit_complete,227849,11683637836349,True,,15.377574370709382,16.00715801963842,0.0015625,-0.3854166666666667,4.8033485006363925,-1.3884679259652073,227849,0.022936981986276805,15.377574370709382,16.00715801963842,0.0015625,-0.3854166666666667,0.0,-0.3554166666666667,4.8033485006363925,-1.3884679259652073,tracking,True,,False,False,-10.0,0.0,-1.58,0.049006258021108806,True,-35.54166666666667,31.6,-3.94166666666667,1500,1583,1666,1500,2000,2000,1000,1000,-10.0,5.0,15.0,20.0,100.0,20.0,100.0,0.03,0.25,3,1.0,1.0,60.0,1660,67.0
174,332495846856813,3.4800103629822843,commit_complete,227850,11683670859443,True,,15.377574370709382,16.00715801963842,0.0015625,-0.3854166666666667,4.8033485006363925,-1.3884679259652073,227850,0.009499242005404085,15.377574370709382,16.00715801963842,0.0015625,-0.3854166666666667,0.0,-0.3554166666666667,4.8033485006363925,-1.3884679259652073,tracking,True,,False,False,-10.0,0.0,-1.58,0.06899366702418774,True,-35.54166666666667,31.6,-3.94166666666667,1500,1583,1666,1500,2000,2000,1000,1000,-10.0,5.0,15.0,20.0,100.0,20.0,100.0,0.03,0.25,3,1.0,1.0,60.0,1660,67.0
175,332495866861697,3.5000152469729073,commit_complete,227850,11683670859443,True,,15.377574370709382,16.00715801963842,0.0015625,-0.3854166666666667,4.8033485006363925,-1.3884679259652073,227850,0.029504125996027142,15.377574370709382,16.00715801963842,0.0015625,-0.3854166666666667,0.0,-0.3554166666666667,4.8033485006363925,-1.3884679259652073,tracking,True,,False,False,-10.0,0.0,-1.58,0.0889985510148108,True,-35.54166666666667,31.6,-3.94166666666667,1500,1583,1666,1500,2000,2000,1000,1000,-10.0,5.0,15.0,20.0,100.0,20.0,100.0,0.03,0.25,3,1.0,1.0,60.0,1660,67.0
176,332495886856136,3.520009686006233,commit_complete,227851,11683702618693,True,,15.377574370709382,16.01390099597182,0.003125,-0.3875,4.801342162727944,-1.3953900660428087,227851,0.01605843601282686,15.377574370709382,16.01390099597182,0.003125,-0.3875,0.0,-0.35750000000000004,4.801342162727944,-1.3953900660428087,tracking,True,,False,False,-10.0,0.0,-1.58,0.10899299004813656,True,-35.75000000000001,31.6,-4.150000000000006,1500,1583,1666,1500,2000,2000,1000,1000,-10.0,5.0,15.0,20.0,100.0,20.0,100.0,0.03,0.25,3,1.0,1.0,60.0,1660,67.0
177,332495906864135,3.54001768497983,commit_complete,227852,11683735968619,True,,15.377574370709382,16.020623116254505,0.003125,-0.38958333333333334,4.799327541339105,-1.4023035159850197,227852,0.0026306340005248785,15.377574370709382,16.020623116254505,0.003125,-0.38958333333333334,0.0,-0.35958333333333337,4.799327541339105,-1.4023035159850197,tracking,True,,False,False,-10.0,0.0,-0.92,0.007774634985253215,True,-35.958333333333336,18.400000000000002,-17.558333333333334,1500,1583,1653,1500,2000,2000,1000,1000,-10.0,5.0,15.0,20.0,100.0,20.0,100.0,0.03,0.25,3,1.0,1.0,60.0,1660,67.0
178,332495926833577,3.559987126966007,commit_complete,227852,11683735968619,True,,15.377574370709382,16.020623116254505,0.003125,-0.38958333333333334,4.799327541339105,-1.4023035159850197,227852,0.022600075986701995,15.377574370709382,16.020623116254505,0.003125,-0.38958333333333334,0.0,-0.35958333333333337,4.799327541339105,-1.4023035159850197,tracking,True,,False,False,-10.0,0.0,-0.92,0.02774407697143033,True,-35.958333333333336,18.400000000000002,-17.558333333333334,1500,1583,1653,1500,2000,2000,1000,1000,-10.0,5.0,15.0,20.0,100.0,20.0,100.0,0.03,0.25,3,1.0,1.0,60.0,1660,67.0
179,332495946837530,3.5799910799833015,commit_complete,227853,11683768334770,True,,15.272727272727273,15.924843053899222,0.003125,-0.39375,4.795273590098538,-1.416104232075974,227853,0.009140579029917717,15.272727272727273,15.924843053899222,0.003125,-0.39375,0.0,-0.36375,4.795273590098538,-1.416104232075974,tracking,True,,False,False,-10.0,0.0,-0.92,0.04774802998872474,True,-36.375,18.400000000000002,-17.974999999999998,1500,1583,1652,1500,2000,2000,1000,1000,-10.0,5.0,15.0,20.0,100.0,20.0,100.0,0.03,0.25,3,1.0,1.0,60.0,1660,67.0
180,332495966830157,3.5999837069539353,commit_complete,227853,11683768334770,True,,15.272727272727273,15.924843053899222,0.003125,-0.39375,4.795273590098538,-1.416104232075974,227853,0.02913320600055158,15.272727272727273,15.924843053899222,0.003125,-0.39375,0.0,-0.36375,4.795273590098538,-1.416104232075974,tracking,True,,False,False,-10.0,0.0,-0.92,0.0677406569593586,True,-36.375,18.400000000000002,-17.974999999999998,1500,1583,1652,1500,2000,2000,1000,1000,-10.0,5.0,15.0,20.0,100.0,20.0,100.0,0.03,0.25,3,1.0,1.0,60.0,1660,67.0
181,332495986853529,3.620007078978233,commit_complete,227854,11683801334812,True,,14.956521739130434,15.60843796149461,0.003125,-0.39791666666666664,4.791186931486364,-1.4298698498654618,227854,0.015659699973184615,14.956521739130434,15.60843796149461,0.003125,-0.39791666666666664,0.0,-0.36791666666666667,4.791186931486364,-1.4298698498654618,tracking,True,,False,False,-10.0,0.0,-0.92,0.08776402898365632,True,-36.791666666666664,18.400000000000002,-18.391666666666662,1500,1583,1652,1500,2000,2000,1000,1000,-10.0,5.0,15.0,20.0,100.0,20.0,100.0,0.03,0.25,3,1.0,1.0,60.0,1660,67.0
182,332496006824403,3.639977952989284,commit_complete,227855,11683834219111,True,,14.956521739130434,15.615137076163384,0.003125,-0.4,4.789131426105757,-1.4367394278317271,227855,0.0021970440284349024,14.956521739130434,15.615137076163384,0.003125,-0.4,0.0,-0.37,4.789131426105757,-1.4367394278317271,tracking,True,,False,False,-10.0,0.0,-0.92,0.10773490299470723,True,-37.0,18.400000000000002,-18.599999999999998,1500,1583,1652,1500,2000,2000,1000,1000,-10.0,5.0,15.0,20.0,100.0,20.0,100.0,0.03,0.25,3,1.0,1.0,60.0,1660,67.0
183,332496026839035,3.6599925849586725,commit_complete,227855,11683834219111,True,,14.956521739130434,15.615137076163384,0.003125,-0.4,4.789131426105757,-1.4367394278317271,227855,0.022211675997823477,14.956521739130434,15.615137076163384,0.003125,-0.4,0.0,-0.37,4.789131426105757,-1.4367394278317271,tracking,True,,False,False,-10.0,0.0,-0.92,0.1277495349640958,True,-37.0,18.400000000000002,-18.599999999999998,1500,1583,1652,1500,2000,2000,1000,1000,-10.0,5.0,15.0,20.0,100.0,20.0,100.0,0.03,0.25,3,1.0,1.0,60.0,1660,67.0
184,332496046839039,3.6799925889936276,commit_complete,227856,11683867382729,True,,14.956521739130434,15.621868277836539,0.003125,-0.40208333333333335,4.787067851024629,-1.4436001488246144,227856,0.008749157015699893,14.956521739130434,15.621868277836539,0.003125,-0.40208333333333335,0.0,-0.3720833333333333,4.787067851024629,-1.4436001488246144,tracking,True,,False,False,-10.0,0.0,-0.24,0.009366855025291443,True,-37.20833333333333,4.8,-32.40833333333333,1500,1583,1638,1500,2000,2000,1000,1000,-10.0,5.0,15.0,20.0,100.0,20.0,100.0,0.03,0.25,3,1.0,1.0,60.0,1660,67.0
185,332496066850552,3.7000041019637138,commit_complete,227856,11683867382729,True,,14.956521739130434,15.621868277836539,0.003125,-0.40208333333333335,4.787067851024629,-1.4436001488246144,227856,0.02876066998578608,14.956521739130434,15.621868277836539,0.003125,-0.40208333333333335,0.0,-0.3720833333333333,4.787067851024629,-1.4436001488246144,tracking,True,,False,False,-10.0,0.0,-0.24,0.02937836799537763,True,-37.20833333333333,4.8,-32.40833333333333,1500,1583,1638,1500,2000,2000,1000,1000,-10.0,5.0,15.0,20.0,100.0,20.0,100.0,0.03,0.25,3,1.0,1.0,60.0,1660,67.0
186,332496086860248,3.7200137979816645,commit_complete,227857,11683900258671,True,,14.956521739130434,15.635426776233283,0.003125,-0.40625,4.782916635137639,-1.457294912268499,227857,0.015349828987382352,14.956521739130434,15.635426776233283,0.003125,-0.40625,0.0,-0.37625,4.782916635137639,-1.457294912268499,tracking,True,,False,False,-10.0,0.0,-0.24,0.0493880640133284,True,-37.625,4.8,-32.825,1500,1583,1637,1500,2000,2000,1000,1000,-10.0,5.0,15.0,20.0,100.0,20.0,100.0,0.03,0.25,3,1.0,1.0,60.0,1660,67.0
187,332496106821537,3.7399750869954005,commit_complete,227858,11683933253751,True,,14.956521739130434,15.649113123511421,0.003125,-0.41041666666666665,4.778733571104114,-1.4709539273554848,227858,0.0017968070460483432,14.956521739130434,15.649113123511421,0.003125,-0.41041666666666665,0.0,-0.3804166666666666,4.778733571104114,-1.4709539273554848,tracking,True,,False,False,-10.0,0.0,-0.24,0.06934935302706435,True,-38.041666666666664,4.8,-33.24166666666667,1500,1583,1637,1500,2000,2000,1000,1000,-10.0,5.0,15.0,20.0,100.0,20.0,100.0,0.03,0.25,3,1.0,1.0,60.0,1660,67.0
188,332496126845806,3.759999355999753,commit_complete,227858,11683933253751,True,,14.956521739130434,15.649113123511421,0.003125,-0.41041666666666665,4.778733571104114,-1.4709539273554848,227858,0.021821076050400734,14.956521739130434,15.649113123511421,0.003125,-0.41041666666666665,0.0,-0.3804166666666666,4.778733571104114,-1.4709539273554848,tracking,True,,False,False,-10.0,0.0,-0.24,0.08937362203141674,True,-38.041666666666664,4.8,-33.24166666666667,1500,1583,1637,1500,2000,2000,1000,1000,-10.0,5.0,15.0,20.0,100.0,20.0,100.0,0.03,0.25,3,1.0,1.0,60.0,1660,67.0
189,332496146851979,3.780005528999027,commit_complete,227859,11683966327862,True,,14.956521739130434,15.656004135824222,0.003125,-0.4125,4.776630186028911,-1.4777699638026942,227859,0.008444481005426496,14.956521739130434,15.656004135824222,0.003125,-0.4125,0.0,-0.38249999999999995,4.776630186028911,-1.4777699638026942,tracking,True,,False,False,-10.0,0.0,-0.24,0.10937979503069073,True,-38.24999999999999,4.8,-33.449999999999996,1500,1583,1637,1500,2000,2000,1000,1000,-10.0,5.0,15.0,20.0,100.0,20.0,100.0,0.03,0.25,3,1.0,1.0,60.0,1660,67.0
190,332496166847434,3.800000983988866,commit_complete,227859,11683966327862,True,,14.956521739130434,15.656004135824222,0.003125,-0.4125,4.776630186028911,-1.4777699638026942,227859,0.02843993599526584,14.956521739130434,15.656004135824222,0.003125,-0.4125,0.0,-0.38249999999999995,4.776630186028911,-1.4777699638026942,tracking,True,,False,False,-10.0,0.0,-0.24,0.12937525002053007,True,-38.24999999999999,4.8,-33.449999999999996,1500,1583,1637,1500,2000,2000,1000,1000,-10.0,5.0,15.0,20.0,100.0,20.0,100.0,0.03,0.25,3,1.0,1.0,60.0,1660,67.0
191,332496186877465,3.8200310149695724,commit_complete,227860,11683999261810,True,,14.956521739130434,15.662926984525905,0.003125,-0.41458333333333336,4.774518947009591,-1.4845769850857948,227860,0.014975096972193569,14.956521739130434,15.662926984525905,0.003125,-0.41458333333333336,0.0,-0.3845833333333334,4.774518947009591,-1.4845769850857948,tracking,True,,False,False,-10.0,0.0,-0.24,0.1494052810012363,True,-38.458333333333336,4.8,-33.65833333333334,1500,1583,1637,1500,2000,2000,1000,1000,-10.0,5.0,15.0,20.0,100.0,20.0,100.0,0.03,0.25,3,1.0,1.0,60.0,1660,67.0
192,332496206844830,3.839998379989993,commit_complete,227861,11684032670207,True,,14.956521739130434,15.662926984525905,0.003125,-0.41458333333333336,4.774518947009591,-1.4845769850857948,227861,0.0015346820000559092,14.956521739130434,15.662926984525905,0.003125,-0.41458333333333336,0.0,-0.3845833333333334,4.774518947009591,-1.4845769850857948,tracking,True,,False,False,-10.0,0.0,0.03,0.008307943004183471,True,-38.458333333333336,-0.6,-39.05833333333334,1500,1583,1631,1500,2000,2000,1000,1000,-10.0,5.0,15.0,20.0,100.0,20.0,100.0,0.03,0.25,3,1.0,1.0,60.0,1660,67.0
193,332496226838332,3.859991881996393,commit_complete,227861,11684032670207,True,,14.956521739130434,15.662926984525905,0.003125,-0.41458333333333336,4.774518947009591,-1.4845769850857948,227861,0.021528184006456286,14.956521739130434,15.662926984525905,0.003125,-0.41458333333333336,0.0,-0.3845833333333334,4.774518947009591,-1.4845769850857948,tracking,True,,False,False,-10.0,0.0,0.03,0.028301445010583848,True,-38.458333333333336,-0.6,-39.05833333333334,1500,1583,1631,1500,2000,2000,1000,1000,-10.0,5.0,15.0,20.0,100.0,20.0,100.0,0.03,0.25,3,1.0,1.0,60.0,1660,67.0
194,332496246880645,3.880034194968175,commit_complete,227862,11684065680184,True,,14.956521739130434,15.662926984525905,0.003125,-0.41458333333333336,4.774518947009591,-1.4845769850857948,227862,0.008085323963314295,14.956521739130434,15.662926984525905,0.003125,-0.41458333333333336,0.0,-0.3845833333333334,4.774518947009591,-1.4845769850857948,tracking,True,,False,False,-10.0,0.0,0.03,0.04834375798236579,True,-38.458333333333336,-0.6,-39.05833333333334,1500,1583,1631,1500,2000,2000,1000,1000,-10.0,5.0,15.0,20.0,100.0,20.0,100.0,0.03,0.25,3,1.0,1.0,60.0,1660,67.0
195,332496266845317,3.8999988669529557,commit_complete,227862,11684065680184,True,,14.956521739130434,15.662926984525905,0.003125,-0.41458333333333336,4.774518947009591,-1.4845769850857948,227862,0.028049995948094875,14.956521739130434,15.662926984525905,0.003125,-0.41458333333333336,0.0,-0.3845833333333334,4.774518947009591,-1.4845769850857948,tracking,True,,False,False,-10.0,0.0,0.03,0.06830842996714637,True,-38.458333333333336,-0.6,-39.05833333333334,1500,1583,1631,1500,2000,2000,1000,1000,-10.0,5.0,15.0,20.0,100.0,20.0,100.0,0.03,0.25,3,1.0,1.0,60.0,1660,67.0
196,332496286822924,3.91997647396056,commit_complete,227863,11684098680781,True,,14.956521739130434,15.662926984525905,0.003125,-0.41458333333333336,4.774518947009591,-1.4845769850857948,227863,0.014617767999880016,14.956521739130434,15.662926984525905,0.003125,-0.41458333333333336,0.0,-0.3845833333333334,4.774518947009591,-1.4845769850857948,tracking,True,,False,False,-10.0,0.0,0.03,0.08828603697475046,True,-38.458333333333336,-0.6,-39.05833333333334,1500,1583,1631,1500,2000,2000,1000,1000,-10.0,5.0,15.0,20.0,100.0,20.0,100.0,0.03,0.25,3,1.0,1.0,60.0,1660,67.0
197,332496306841213,3.9399947630008683,commit_complete,227864,11684131818872,True,,14.956521739130434,15.662926984525905,0.003125,-0.41458333333333336,4.774518947009591,-1.4845769850857948,227864,0.0011417940258979797,14.956521739130434,15.662926984525905,0.003125,-0.41458333333333336,0.0,-0.3845833333333334,4.774518947009591,-1.4845769850857948,tracking,True,,False,False,-10.0,0.0,0.03,0.1083043260150589,True,-38.458333333333336,-0.6,-39.05833333333334,1500,1583,1631,1500,2000,2000,1000,1000,-10.0,5.0,15.0,20.0,100.0,20.0,100.0,0.03,0.25,3,1.0,1.0,60.0,1660,67.0
198,332496326855916,3.960009465983603,commit_complete,227864,11684131818872,True,,14.956521739130434,15.662926984525905,0.003125,-0.41458333333333336,4.774518947009591,-1.4845769850857948,227864,0.02115649700863287,14.956521739130434,15.662926984525905,0.003125,-0.41458333333333336,0.0,-0.3845833333333334,4.774518947009591,-1.4845769850857948,tracking,True,,False,False,-10.0,0.0,0.03,0.1283190289977938,True,-38.458333333333336,-0.6,-39.05833333333334,1500,1583,1631,1500,2000,2000,1000,1000,-10.0,5.0,15.0,20.0,100.0,20.0,100.0,0.03,0.25,3,1.0,1.0,60.0,1660,67.0
199,332496346869898,3.98002344800625,commit_complete,227865,11684165333399,True,,14.956521739130434,15.662926984525905,0.003125,-0.41458333333333336,4.774518947009591,-1.4845769850857948,227865,0.0077338420087471604,14.956521739130434,15.662926984525905,0.003125,-0.41458333333333336,0.0,-0.3845833333333334,4.774518947009591,-1.4845769850857948,tracking,True,,False,False,-10.0,0.0,0.03,0.1483330110204406,True,-38.458333333333336,-0.6,-39.05833333333334,1500,1583,1631,1500,2000,2000,1000,1000,-10.0,5.0,15.0,20.0,100.0,20.0,100.0,0.03,0.25,3,1.0,1.0,60.0,1660,67.0
200,332496366861229,4.000014778983314,commit_complete,227865,11684165333399,True,,14.956521739130434,15.662926984525905,0.003125,-0.41458333333333336,4.774518947009591,-1.4845769850857948,227865,0.027725172985810786,14.956521739130434,15.662926984525905,0.003125,-0.41458333333333336,0.0,-0.3845833333333334,4.774518947009591,-1.4845769850857948,tracking,True,,False,False,-10.0,0.0,0.37,0.01700038998387754,True,-38.458333333333336,-7.4,-45.858333333333334,1500,1583,1624,1500,2000,2000,1000,1000,-10.0,5.0,15.0,20.0,100.0,20.0,100.0,0.03,0.25,3,1.0,1.0,60.0,1660,67.0
201,332496386856693,4.02001024299534,commit_complete,227866,11684198326972,True,,14.956521739130434,15.662926984525905,0.003125,-0.41458333333333336,4.774518947009591,-1.4845769850857948,227866,0.014291352999862283,14.956521739130434,15.662926984525905,0.003125,-0.41458333333333336,0.0,-0.3845833333333334,4.774518947009591,-1.4845769850857948,tracking,True,,False,False,-10.0,0.0,0.37,0.036995853995904326,True,-38.458333333333336,-7.4,-45.858333333333334,1500,1583,1624,1500,2000,2000,1000,1000,-10.0,5.0,15.0,20.0,100.0,20.0,100.0,0.03,0.25,3,1.0,1.0,60.0,1660,67.0
202,332496406834791,4.039988340984564,commit_complete,227867,11684232150613,True,,14.956521739130434,15.662926984525905,0.003125,-0.41458333333333336,4.774518947009591,-1.4845769850857948,227867,0.0007647849852219224,14.956521739130434,15.662926984525905,0.003125,-0.41458333333333336,0.0,-0.3845833333333334,4.774518947009591,-1.4845769850857948,tracking,True,,False,False,-10.0,0.0,0.37,0.056973951985128224,True,-38.458333333333336,-7.4,-45.858333333333334,1500,1583,1624,1500,2000,2000,1000,1000,-10.0,5.0,15.0,20.0,100.0,20.0,100.0,0.03,0.25,3,1.0,1.0,60.0,1660,67.0
203,332496426843961,4.059997510979883,commit_complete,227867,11684232150613,True,,14.956521739130434,15.662926984525905,0.003125,-0.41458333333333336,4.774518947009591,-1.4845769850857948,227867,0.02077395498054102,14.956521739130434,15.662926984525905,0.003125,-0.41458333333333336,0.0,-0.3845833333333334,4.774518947009591,-1.4845769850857948,tracking,True,,False,False,-10.0,0.0,0.37,0.07698312198044732,True,-38.458333333333336,-7.4,-45.858333333333334,1500,1583,1624,1500,2000,2000,1000,1000,-10.0,5.0,15.0,20.0,100.0,20.0,100.0,0.03,0.25,3,1.0,1.0,60.0,1660,67.0
204,332496446863473,4.080017022963148,commit_complete,227868,11684263881554,True,,14.956521739130434,15.662926984525905,0.003125,-0.41458333333333336,4.774518947009591,-1.4845769850857948,227868,0.007405712967738509,14.956521739130434,15.662926984525905,0.003125,-0.41458333333333336,0.0,-0.3845833333333334,4.774518947009591,-1.4845769850857948,tracking,True,,False,False,-10.0,0.0,0.37,0.09700263396371156,True,-38.458333333333336,-7.4,-45.858333333333334,1500,1583,1624,1500,2000,2000,1000,1000,-10.0,5.0,15.0,20.0,100.0,20.0,100.0,0.03,0.25,3,1.0,1.0,60.0,1660,67.0
205,332496466865640,4.100019189994782,commit_complete,227868,11684263881554,True,,14.956521739130434,15.662926984525905,0.003125,-0.41458333333333336,4.774518947009591,-1.4845769850857948,227868,0.027407879999373108,14.956521739130434,15.662926984525905,0.003125,-0.41458333333333336,0.0,-0.3845833333333334,4.774518947009591,-1.4845769850857948,tracking,True,,False,False,-10.0,0.0,0.37,0.11700480099534616,True,-38.458333333333336,-7.4,-45.858333333333334,1500,1583,1624,1500,2000,2000,1000,1000,-10.0,5.0,15.0,20.0,100.0,20.0,100.0,0.03,0.25,3,1.0,1.0,60.0,1660,67.0
206,332496486854487,4.120008036959916,commit_complete,227869,11684296858619,True,,14.956521739130434,15.66988162742116,0.003125,-0.4166666666666667,4.77239989017515,-1.4913749656797337,227869,0.013906035979744047,14.956521739130434,15.66988162742116,0.003125,-0.4166666666666667,0.0,-0.3866666666666667,4.77239989017515,-1.4913749656797337,tracking,True,,False,False,-10.0,0.0,0.37,0.1369936479604803,True,-38.66666666666667,-7.4,-46.06666666666667,1500,1583,1624,1500,2000,2000,1000,1000,-10.0,5.0,15.0,20.0,100.0,20.0,100.0,0.03,0.25,3,1.0,1.0,60.0,1660,67.0
207,332496506852365,4.1400059149600565,commit_complete,227870,11684329963746,True,,14.956521739130434,15.67686802219594,0.003125,-0.41875,4.770273051699105,-1.49816388029925,227870,0.00046120898332446814,14.956521739130434,15.67686802219594,0.003125,-0.41875,0.0,-0.38875000000000004,4.770273051699105,-1.49816388029925,tracking,True,,False,False,-10.0,0.0,0.54,0.019099398981779814,True,-38.87500000000001,-10.8,-49.67500000000001,1500,1583,1621,1500,2000,2000,1000,1000,-10.0,5.0,15.0,20.0,100.0,20.0,100.0,0.03,0.25,3,1.0,1.0,60.0,1660,67.0
208,332496526847748,4.160001298005227,commit_complete,227870,11684329963746,True,,14.956521739130434,15.67686802219594,0.003125,-0.41875,4.770273051699105,-1.49816388029925,227870,0.020456592028494924,14.956521739130434,15.67686802219594,0.003125,-0.41875,0.0,-0.38875000000000004,4.770273051699105,-1.49816388029925,tracking,True,,False,False,-10.0,0.0,0.54,0.03909478202695027,True,-38.87500000000001,-10.8,-49.67500000000001,1500,1583,1621,1500,2000,2000,1000,1000,-10.0,5.0,15.0,20.0,100.0,20.0,100.0,0.03,0.25,3,1.0,1.0,60.0,1660,67.0
209,332496546855432,4.180008981958963,commit_complete,227871,11684363447599,True,,14.956521739130434,15.683886126418573,0.003125,-0.42083333333333334,4.768138467798045,-1.504943703898758,227871,0.006996616953983903,14.956521739130434,15.683886126418573,0.003125,-0.42083333333333334,0.0,-0.39083333333333337,4.768138467798045,-1.504943703898758,tracking,True,,False,False,-10.0,0.0,0.54,0.05910246598068625,True,-39.083333333333336,-10.8,-49.88333333333334,1500,1583,1620,1500,2000,2000,1000,1000,-10.0,5.0,15.0,20.0,100.0,20.0,100.0,0.03,0.25,3,1.0,1.0,60.0,1660,67.0
210,332496566853920,4.2000074699753895,commit_complete,227871,11684363447599,True,,14.956521739130434,15.683886126418573,0.003125,-0.42083333333333334,4.768138467798045,-1.504943703898758,227871,0.026995104970410466,14.956521739130434,15.683886126418573,0.003125,-0.42083333333333334,0.0,-0.39083333333333337,4.768138467798045,-1.504943703898758,tracking,True,,False,False,-10.0,0.0,0.54,0.07910095399711281,True,-39.083333333333336,-10.8,-49.88333333333334,1500,1583,1620,1500,2000,2000,1000,1000,-10.0,5.0,15.0,20.0,100.0,20.0,100.0,0.03,0.25,3,1.0,1.0,60.0,1660,67.0
211,332496586844308,4.219997857988346,commit_complete,227872,11684396879783,True,,14.956521739130434,15.690935897540886,0.003125,-0.42291666666666666,4.765996174730159,-1.5117144116722223,227872,0.013540856016334146,14.956521739130434,15.690935897540886,0.003125,-0.42291666666666666,0.0,-0.3929166666666667,4.765996174730159,-1.5117144116722223,tracking,True,,False,False,-10.0,0.0,0.54,0.09909134201006964,True,-39.29166666666667,-10.8,-50.09166666666667,1500,1583,1620,1500,2000,2000,1000,1000,-10.0,5.0,15.0,20.0,100.0,20.0,100.0,0.03,0.25,3,1.0,1.0,60.0,1660,67.0
212,332496606856967,4.240010516950861,commit_complete,227873,11684430015043,True,,14.956521739130434,15.705130269716081,0.003125,-0.4270833333333333,4.761688606325988,-1.5252283817137928,227873,7.510499563068151e-05,14.956521739130434,15.705130269716081,0.003125,-0.4270833333333333,0.0,-0.39708333333333334,4.761688606325988,-1.5252283817137928,tracking,True,,False,False,-10.0,0.0,0.54,0.11910400097258389,True,-39.708333333333336,-10.8,-50.50833333333334,1500,1583,1620,1500,2000,2000,1000,1000,-10.0,5.0,15.0,20.0,100.0,20.0,100.0,0.03,0.25,3,1.0,1.0,60.0,1660,67.0
213,332496626841483,4.2599950329749845,commit_complete,227873,11684430015043,True,,14.956521739130434,15.705130269716081,0.003125,-0.4270833333333333,4.761688606325988,-1.5252283817137928,227873,0.02005962101975456,14.956521739130434,15.705130269716081,0.003125,-0.4270833333333333,0.0,-0.39708333333333334,4.761688606325988,-1.5252283817137928,tracking,True,,False,False,-10.0,0.0,0.54,0.13908851699670777,True,-39.708333333333336,-10.8,-50.50833333333334,1500,1583,1620,1500,2000,2000,1000,1000,-10.0,5.0,15.0,20.0,100.0,20.0,100.0,0.03,0.25,3,1.0,1.0,60.0,1660,67.0
214,332496646851661,4.280005210952368,commit_complete,227874,11684461620047,True,,14.956521739130434,15.71227478510019,0.003125,-0.42916666666666664,4.759523403701059,-1.5319715955662783,227874,0.006634430959820747,14.956521739130434,15.71227478510019,0.003125,-0.42916666666666664,0.0,-0.39916666666666667,4.759523403701059,-1.5319715955662783,tracking,True,,False,False,-10.0,0.0,0.54,0.1590986949740909,True,-39.916666666666664,-10.8,-50.71666666666667,1500,1583,1619,1500,2000,2000,1000,1000,-10.0,5.0,15.0,20.0,100.0,20.0,100.0,0.03,0.25,3,1.0,1.0,60.0,1660,67.0
215,332496666853846,4.3000073959701695,commit_complete,227874,11684461620047,True,,14.956521739130434,15.71227478510019,0.003125,-0.42916666666666664,4.759523403701059,-1.5319715955662783,227874,0.02663661597762257,14.956521739130434,15.71227478510019,0.003125,-0.42916666666666664,0.0,-0.39916666666666667,4.759523403701059,-1.5319715955662783,tracking,True,,False,False,-10.0,0.0,0.54,0.17910087999189273,True,-39.916666666666664,-10.8,-50.71666666666667,1500,1583,1619,1500,2000,2000,1000,1000,-10.0,5.0,15.0,20.0,100.0,20.0,100.0,0.03,0.25,3,1.0,1.0,60.0,1660,67.0
216,332496686864703,4.320018252998125,commit_complete,227875,11684494544512,True,,14.666666666666668,15.42187806062111,0.003125,-0.43333333333333335,4.755170343654741,-1.5454303616877907,227875,0.013194555998779833,14.666666666666668,15.42187806062111,0.003125,-0.43333333333333335,0.0,-0.4033333333333333,4.755170343654741,-1.5454303616877907,tracking,True,,False,False,-10.0,0.0,0.64,0.018692693032789975,True,-40.33333333333333,-12.8,-53.133333333333326,1500,1583,1617,1500,2000,2000,1000,1000,-10.0,5.0,15.0,20.0,100.0,20.0,100.0,0.03,0.25,3,1.0,1.0,60.0,1660,67.0
217,332496706835811,4.339989361003973,commit_complete,227875,11684494544512,True,,14.666666666666668,15.42187806062111,0.003125,-0.43333333333333335,4.755170343654741,-1.5454303616877907,227875,0.033165664004627615,14.666666666666668,15.42187806062111,0.003125,-0.43333333333333335,0.0,-0.4033333333333333,4.755170343654741,-1.5454303616877907,tracking,True,,False,False,-10.0,0.0,0.64,0.03866380103863776,True,-40.33333333333333,-12.8,-53.133333333333326,1500,1583,1617,1500,2000,2000,1000,1000,-10.0,5.0,15.0,20.0,100.0,20.0,100.0,0.03,0.25,3,1.0,1.0,60.0,1660,67.0
218,332496726852692,4.3600062420009635,commit_complete,227876,11684527535780,True,,14.666666666666668,15.42187806062111,0.003125,-0.43333333333333335,4.755170343654741,-1.5454303616877907,227876,0.01971106801647693,14.666666666666668,15.42187806062111,0.003125,-0.43333333333333335,0.0,-0.4033333333333333,4.755170343654741,-1.5454303616877907,tracking,True,,False,False,-10.0,0.0,0.64,0.058680682035628706,True,-40.33333333333333,-12.8,-53.133333333333326,1500,1583,1617,1500,2000,2000,1000,1000,-10.0,5.0,15.0,20.0,100.0,20.0,100.0,0.03,0.25,3,1.0,1.0,60.0,1660,67.0
219,332496746868026,4.380021575954743,commit_complete,227877,11684560464336,True,,14.666666666666668,15.428976645017649,0.003125,-0.4354166666666667,4.752982559155356,-1.5521458669741708,227877,0.006272278958931565,14.666666666666668,15.428976645017649,0.003125,-0.4354166666666667,0.0,-0.40541666666666665,4.752982559155356,-1.5521458669741708,tracking,True,,False,False,-10.0,0.0,0.64,0.0786960159894079,True,-40.541666666666664,-12.8,-53.34166666666667,1500,1583,1617,1500,2000,2000,1000,1000,-10.0,5.0,15.0,20.0,100.0,20.0,100.0,0.03,0.25,3,1.0,1.0,60.0,1660,67.0
220,332496766850563,4.400004112976603,commit_complete,227877,11684560464336,True,,14.666666666666668,15.428976645017649,0.003125,-0.4354166666666667,4.752982559155356,-1.5521458669741708,227877,0.026254815980792046,14.666666666666668,15.428976645017649,0.003125,-0.4354166666666667,0.0,-0.40541666666666665,4.752982559155356,-1.5521458669741708,tracking,True,,False,False,-10.0,0.0,0.64,0.09867855301126838,True,-40.541666666666664,-12.8,-53.34166666666667,1500,1583,1617,1500,2000,2000,1000,1000,-10.0,5.0,15.0,20.0,100.0,20.0,100.0,0.03,0.25,3,1.0,1.0,60.0,1660,67.0
221,332496786864502,4.420018051983789,commit_complete,227878,11684593386801,True,,14.666666666666668,15.436105987442415,0.003125,-0.4375,4.750787320340006,-1.5588520894865645,227878,0.012765878986101598,14.666666666666668,15.436105987442415,0.003125,-0.4375,0.0,-0.4075,4.750787320340006,-1.5588520894865645,tracking,True,,False,False,-10.0,0.0,0.64,0.11869249201845378,True,-40.75,-12.8,-53.55,1500,1583,1617,1500,2000,2000,1000,1000,-10.0,5.0,15.0,20.0,100.0,20.0,100.0,0.03,0.25,3,1.0,1.0,60.0,1660,67.0
222,332496806843601,4.439997150970157,commit_complete,227878,11684593386801,True,,14.666666666666668,15.436105987442415,0.003125,-0.4375,4.750787320340006,-1.5588520894865645,227878,0.032744977972470224,14.666666666666668,15.436105987442415,0.003125,-0.4375,0.0,-0.4075,4.750787320340006,-1.5588520894865645,tracking,True,,False,False,-10.0,0.0,0.64,0.1386715910048224,True,-40.75,-12.8,-53.55,1500,1583,1617,1500,2000,2000,1000,1000,-10.0,5.0,15.0,20.0,100.0,20.0,100.0,0.03,0.25,3,1.0,1.0,60.0,1660,67.0
223,332496826846809,4.4600003589876,commit_complete,227879,11684626467915,True,,14.666666666666668,15.436105987442415,0.003125,-0.4375,4.750787320340006,-1.5588520894865645,227879,0.01925631402991712,14.666666666666668,15.436105987442415,0.003125,-0.4375,0.0,-0.4075,4.750787320340006,-1.5588520894865645,tracking,True,,False,False,-10.0,0.0,0.64,0.15867479902226478,True,-40.75,-12.8,-53.55,1500,1583,1617,1500,2000,2000,1000,1000,-10.0,5.0,15.0,20.0,100.0,20.0,100.0,0.03,0.25,3,1.0,1.0,60.0,1660,67.0
224,332496846834109,4.47998765896773,commit_complete,227880,11684659310095,True,,14.666666666666668,15.436105987442415,0.003125,-0.4375,4.750787320340006,-1.5588520894865645,227880,0.005739493004512042,14.666666666666668,15.436105987442415,0.003125,-0.4375,0.0,-0.4075,4.750787320340006,-1.5588520894865645,tracking,True,,False,False,-10.0,0.0,0.64,0.17866209900239483,True,-40.75,-12.8,-53.55,1500,1583,1617,1500,2000,2000,1000,1000,-10.0,5.0,15.0,20.0,100.0,20.0,100.0,0.03,0.25,3,1.0,1.0,60.0,1660,67.0
225,332496866848144,4.500001693959348,commit_complete,227880,11684659310095,True,,14.666666666666668,15.436105987442415,0.003125,-0.4375,4.750787320340006,-1.5588520894865645,227880,0.025753527996130288,14.666666666666668,15.436105987442415,0.003125,-0.4375,0.0,-0.4075,4.750787320340006,-1.5588520894865645,tracking,True,,False,False,-10.0,0.0,0.59,0.01901940000243485,True,-40.75,-11.799999999999999,-52.55,1500,1583,1618,1500,2000,2000,1000,1000,-10.0,5.0,15.0,20.0,100.0,20.0,100.0,0.03,0.25,3,1.0,1.0,60.0,1660,67.0
226,332496886853144,4.520006693957839,commit_complete,227881,11684693005526,True,,14.666666666666668,15.42187806062111,0.003125,-0.43333333333333335,4.755170343654741,-1.5454303616877907,227881,0.012359155982267112,14.666666666666668,15.42187806062111,0.003125,-0.43333333333333335,0.0,-0.4033333333333333,4.755170343654741,-1.5454303616877907,tracking,True,,False,False,-10.0,0.0,0.59,0.03902440000092611,True,-40.33333333333333,-11.799999999999999,-52.133333333333326,1500,1583,1618,1500,2000,2000,1000,1000,-10.0,5.0,15.0,20.0,100.0,20.0,100.0,0.03,0.25,3,1.0,1.0,60.0,1660,67.0
227,332496906847213,4.5400007629650645,commit_complete,227881,11684693005526,True,,14.666666666666668,15.42187806062111,0.003125,-0.43333333333333335,4.755170343654741,-1.5454303616877907,227881,0.032353224989492446,14.666666666666668,15.42187806062111,0.003125,-0.43333333333333335,0.0,-0.4033333333333333,4.755170343654741,-1.5454303616877907,tracking,True,,False,False,-10.0,0.0,0.59,0.05901846900815144,True,-40.33333333333333,-11.799999999999999,-52.133333333333326,1500,1583,1618,1500,2000,2000,1000,1000,-10.0,5.0,15.0,20.0,100.0,20.0,100.0,0.03,0.25,3,1.0,1.0,60.0,1660,67.0
228,332496926833869,4.559987418993842,commit_complete,227882,11684725414014,True,,14.666666666666668,15.42187806062111,0.003125,-0.43333333333333335,4.755170343654741,-1.5454303616877907,227882,0.01886705501237884,14.666666666666668,15.42187806062111,0.003125,-0.43333333333333335,0.0,-0.4033333333333333,4.755170343654741,-1.5454303616877907,tracking,True,,False,False,-10.0,0.0,0.59,0.0790051250369288,True,-40.33333333333333,-11.799999999999999,-52.133333333333326,1500,1583,1618,1500,2000,2000,1000,1000,-10.0,5.0,15.0,20.0,100.0,20.0,100.0,0.03,0.25,3,1.0,1.0,60.0,1660,67.0
229,332496946857863,4.580011412966996,commit_complete,227883,11684758541476,True,,14.666666666666668,15.407773335776545,0.003125,-0.42916666666666664,4.759523403701059,-1.531971595566278,227883,0.0054377950145863,14.666666666666668,15.407773335776545,0.003125,-0.42916666666666664,0.0,-0.39916666666666667,4.759523403701059,-1.531971595566278,tracking,True,,False,False,-10.0,0.0,0.59,0.09902911901008338,True,-39.916666666666664,-11.799999999999999,-51.71666666666666,1500,1583,1618,1500,2000,2000,1000,1000,-10.0,5.0,15.0,20.0,100.0,20.0,100.0,0.03,0.25,3,1.0,1.0,60.0,1660,67.0
230,332496966829354,4.599982903979253,commit_complete,227883,11684758541476,True,,14.666666666666668,15.407773335776545,0.003125,-0.42916666666666664,4.759523403701059,-1.531971595566278,227883,0.025409286026842892,14.666666666666668,15.407773335776545,0.003125,-0.42916666666666664,0.0,-0.39916666666666667,4.759523403701059,-1.531971595566278,tracking,True,,False,False,-10.0,0.0,0.59,0.11900061002233997,True,-39.916666666666664,-11.799999999999999,-51.71666666666666,1500,1583,1618,1500,2000,2000,1000,1000,-10.0,5.0,15.0,20.0,100.0,20.0,100.0,0.03,0.25,3,1.0,1.0,60.0,1660,67.0
231,332496986829206,4.619982755975798,commit_complete,227885,11684824270437,True,,14.666666666666668,15.393792151564071,0.003125,-0.425,4.76384620879379,-1.5184759790530207,227885,0.011986533994786441,14.666666666666668,15.393792151564071,0.003125,-0.425,0.0,-0.395,4.76384620879379,-1.5184759790530207,tracking,True,,False,False,-10.0,0.0,0.47,0.007818589976523072,True,-39.5,-9.399999999999999,-48.9,1500,1583,1621,1500,2000,2000,1000,1000,-10.0,5.0,15.0,20.0,100.0,20.0,100.0,0.03,0.25,3,1.0,1.0,60.0,1660,67.0
232,332497006849999,4.640003548993263,commit_complete,227885,11684824270437,True,,14.666666666666668,15.393792151564071,0.003125,-0.425,4.76384620879379,-1.5184759790530207,227885,0.03200732701225206,14.666666666666668,15.393792151564071,0.003125,-0.425,0.0,-0.395,4.76384620879379,-1.5184759790530207,tracking,True,,False,False,-10.0,0.0,0.47,0.027839382993988693,True,-39.5,-9.399999999999999,-48.9,1500,1583,1621,1500,2000,2000,1000,1000,-10.0,5.0,15.0,20.0,100.0,20.0,100.0,0.03,0.25,3,1.0,1.0,60.0,1660,67.0
233,332497026849622,4.66000317200087,commit_complete,227886,11684857191531,True,,14.666666666666668,15.393792151564071,0.003125,-0.425,4.76384620879379,-1.5184759790530207,227886,0.018582013028208166,14.666666666666668,15.393792151564071,0.003125,-0.425,0.0,-0.395,4.76384620879379,-1.5184759790530207,tracking,True,,False,False,-10.0,0.0,0.47,0.04783900600159541,True,-39.5,-9.399999999999999,-48.9,1500,1583,1621,1500,2000,2000,1000,1000,-10.0,5.0,15.0,20.0,100.0,20.0,100.0,0.03,0.25,3,1.0,1.0,60.0,1660,67.0
234,332497046865697,4.68001924699638,commit_complete,227887,11684890288527,True,,14.666666666666668,15.393792151564071,0.003125,-0.425,4.76384620879379,-1.5184759790530207,227887,0.005126197007484734,14.666666666666668,15.393792151564071,0.003125,-0.425,0.0,-0.395,4.76384620879379,-1.5184759790530207,tracking,True,,False,False,-10.0,0.0,0.47,0.06785508099710569,True,-39.5,-9.399999999999999,-48.9,1500,1583,1621,1500,2000,2000,1000,1000,-10.0,5.0,15.0,20.0,100.0,20.0,100.0,0.03,0.25,3,1.0,1.0,60.0,1660,67.0
235,332497066858271,4.700011820998043,commit_complete,227887,11684890288527,True,,14.666666666666668,15.393792151564071,0.003125,-0.425,4.76384620879379,-1.5184759790530207,227887,0.025118771009147167,14.666666666666668,15.393792151564071,0.003125,-0.425,0.0,-0.395,4.76384620879379,-1.5184759790530207,tracking,True,,False,False,-10.0,0.0,0.47,0.08784765499876812,True,-39.5,-9.399999999999999,-48.9,1500,1583,1621,1500,2000,2000,1000,1000,-10.0,5.0,15.0,20.0,100.0,20.0,100.0,0.03,0.25,3,1.0,1.0,60.0,1660,67.0
236,332497086852713,4.720006262999959,commit_complete,227888,11684923341953,True,,14.666666666666668,15.386847992549784,0.003125,-0.42291666666666666,4.76599617473016,-1.5117144116722223,227888,0.0116837770328857,14.666666666666668,15.386847992549784,0.003125,-0.42291666666666666,0.0,-0.3929166666666667,4.76599617473016,-1.5117144116722223,tracking,True,,False,False,-10.0,0.0,0.47,0.10784209700068459,True,-39.29166666666667,-9.399999999999999,-48.69166666666667,1500,1583,1621,1500,2000,2000,1000,1000,-10.0,5.0,15.0,20.0,100.0,20.0,100.0,0.03,0.25,3,1.0,1.0,60.0,1660,67.0
237,332497106836293,4.739989842986688,commit_complete,227888,11684923341953,True,,14.666666666666668,15.386847992549784,0.003125,-0.42291666666666666,4.76599617473016,-1.5117144116722223,227888,0.03166735701961443,14.666666666666668,15.386847992549784,0.003125,-0.42291666666666666,0.0,-0.3929166666666667,4.76599617473016,-1.5117144116722223,tracking,True,,False,False,-10.0,0.0,0.47,0.12782567698741332,True,-39.29166666666667,-9.399999999999999,-48.69166666666667,1500,1583,1621,1500,2000,2000,1000,1000,-10.0,5.0,15.0,20.0,100.0,20.0,100.0,0.03,0.25,3,1.0,1.0,60.0,1660,67.0
238,332497126866679,4.760020228975918,commit_complete,227889,11684956187250,True,,14.666666666666668,15.386847992549784,0.003125,-0.42291666666666666,4.76599617473016,-1.5117144116722223,227889,0.018269261985551566,14.666666666666668,15.386847992549784,0.003125,-0.42291666666666666,0.0,-0.3929166666666667,4.76599617473016,-1.5117144116722223,tracking,True,,False,False,-10.0,0.0,0.18,0.00677245098631829,True,-39.29166666666667,-3.5999999999999996,-42.89166666666667,1500,1583,1627,1500,2000,2000,1000,1000,-10.0,5.0,15.0,20.0,100.0,20.0,100.0,0.03,0.25,3,1.0,1.0,60.0,1660,67.0
239,332497146860212,4.780013761948794,commit_complete,227890,11684989318367,True,,14.666666666666668,15.393792151564071,0.003125,-0.425,4.76384620879379,-1.5184759790530207,227890,0.004837902961298823,14.666666666666668,15.393792151564071,0.003125,-0.425,0.0,-0.395,4.76384620879379,-1.5184759790530207,tracking,True,,False,False,-10.0,0.0,0.18,0.026765983959194273,True,-39.5,-3.5999999999999996,-43.1,1500,1583,1627,1500,2000,2000,1000,1000,-10.0,5.0,15.0,20.0,100.0,20.0,100.0,0.03,0.25,3,1.0,1.0,60.0,1660,67.0
240,332497166857839,4.8000113889575005,commit_complete,227890,11684989318367,True,,14.666666666666668,15.393792151564071,0.003125,-0.425,4.76384620879379,-1.5184759790530207,227890,0.024835529970005155,14.666666666666668,15.393792151564071,0.003125,-0.425,0.0,-0.395,4.76384620879379,-1.5184759790530207,tracking,True,,False,False,-10.0,0.0,0.18,0.046763610967900604,True,-39.5,-3.5999999999999996,-43.1,1500,1583,1627,1500,2000,2000,1000,1000,-10.0,5.0,15.0,20.0,100.0,20.0,100.0,0.03,0.25,3,1.0,1.0,60.0,1660,67.0
241,332497186875643,4.8200291929533705,commit_complete,227891,11685022298161,True,,14.666666666666668,15.393792151564071,0.003125,-0.425,4.76384620879379,-1.5184759790530207,227891,0.011373374960385263,14.666666666666668,15.393792151564071,0.003125,-0.425,0.0,-0.395,4.76384620879379,-1.5184759790530207,tracking,True,,False,False,-10.0,0.0,0.18,0.06678141496377066,True,-39.5,-3.5999999999999996,-43.1,1500,1583,1627,1500,2000,2000,1000,1000,-10.0,5.0,15.0,20.0,100.0,20.0,100.0,0.03,0.25,3,1.0,1.0,60.0,1660,67.0
242,332497206848391,4.8400019409600645,commit_complete,227891,11685022298161,True,,14.666666666666668,15.393792151564071,0.003125,-0.425,4.76384620879379,-1.5184759790530207,227891,0.03134612296707928,14.666666666666668,15.393792151564071,0.003125,-0.425,0.0,-0.395,4.76384620879379,-1.5184759790530207,tracking,True,,False,False,-10.0,0.0,0.18,0.08675416297046468,True,-39.5,-3.5999999999999996,-43.1,1500,1583,1627,1500,2000,2000,1000,1000,-10.0,5.0,15.0,20.0,100.0,20.0,100.0,0.03,0.25,3,1.0,1.0,60.0,1660,67.0
243,332497226833814,4.859987363975961,commit_complete,227892,11685055747160,True,,14.666666666666668,15.393792151564071,0.003125,-0.425,4.76384620879379,-1.5184759790530207,227892,0.01790539297508076,14.666666666666668,15.393792151564071,0.003125,-0.425,0.0,-0.395,4.76384620879379,-1.5184759790530207,tracking,True,,False,False,-10.0,0.0,0.18,0.10673958598636091,True,-39.5,-3.5999999999999996,-43.1,1500,1583,1627,1500,2000,2000,1000,1000,-10.0,5.0,15.0,20.0,100.0,20.0,100.0,0.03,0.25,3,1.0,1.0,60.0,1660,67.0
244,332497246893636,4.8800471859867685,commit_complete,227893,11685088379904,True,,14.666666666666668,15.393792151564071,0.003125,-0.425,4.76384620879379,-1.5184759790530207,227893,0.00448019098257646,14.666666666666668,15.393792151564071,0.003125,-0.425,0.0,-0.395,4.76384620879379,-1.5184759790530207,tracking,True,,False,False,-10.0,0.0,0.18,0.1267994079971686,True,-39.5,-3.5999999999999996,-43.1,1500,1583,1627,1500,2000,2000,1000,1000,-10.0,5.0,15.0,20.0,100.0,20.0,100.0,0.03,0.25,3,1.0,1.0,60.0,1660,67.0
245,332497266854697,4.900008247001097,commit_complete,227893,11685088379904,True,,14.666666666666668,15.393792151564071,0.003125,-0.425,4.76384620879379,-1.5184759790530207,227893,0.02444125199690461,14.666666666666668,15.393792151564071,0.003125,-0.425,0.0,-0.395,4.76384620879379,-1.5184759790530207,tracking,True,,False,False,-10.0,0.0,0.18,0.14676046901149675,True,-39.5,-3.5999999999999996,-43.1,1500,1583,1627,1500,2000,2000,1000,1000,-10.0,5.0,15.0,20.0,100.0,20.0,100.0,0.03,0.25,3,1.0,1.0,60.0,1660,67.0
246,332497286833359,4.919986908964347,commit_complete,227894,11685121870619,True,,14.666666666666668,15.400767279992904,0.003125,-0.4270833333333333,4.761688606325988,-1.5252283817137928,227894,0.010955630976241082,14.666666666666668,15.400767279992904,0.003125,-0.4270833333333333,0.0,-0.39708333333333334,4.761688606325988,-1.5252283817137928,tracking,True,,False,False,-10.0,0.0,0.0,0.0055136340088211,True,-39.708333333333336,-0.0,-39.708333333333336,1500,1583,1630,1500,2000,2000,1000,1000,-10.0,5.0,15.0,20.0,100.0,20.0,100.0,0.03,0.25,3,1.0,1.0,60.0,1660,67.0
247,332497306858238,4.940011787984986,commit_complete,227894,11685121870619,True,,14.666666666666668,15.400767279992904,0.003125,-0.4270833333333333,4.761688606325988,-1.5252283817137928,227894,0.030980509996879846,14.666666666666668,15.400767279992904,0.003125,-0.4270833333333333,0.0,-0.39708333333333334,4.761688606325988,-1.5252283817137928,tracking,True,,False,False,-10.0,0.0,0.0,0.025538513029459864,True,-39.708333333333336,-0.0,-39.708333333333336,1500,1583,1630,1500,2000,2000,1000,1000,-10.0,5.0,15.0,20.0,100.0,20.0,100.0,0.03,0.25,3,1.0,1.0,60.0,1660,67.0
248,332497326869091,4.960022640996613,commit_complete,227895,11685154399438,True,,14.666666666666668,15.400767279992904,0.003125,-0.4270833333333333,4.761688606325988,-1.5252283817137928,227895,0.01759992801817134,14.666666666666668,15.400767279992904,0.003125,-0.4270833333333333,0.0,-0.39708333333333334,4.761688606325988,-1.5252283817137928,tracking,True,,False,False,-10.0,0.0,0.0,0.045549366041086614,True,-39.708333333333336,-0.0,-39.708333333333336,1500,1583,1630,1500,2000,2000,1000,1000,-10.0,5.0,15.0,20.0,100.0,20.0,100.0,0.03,0.25,3,1.0,1.0,60.0,1660,67.0
249,332497346860704,4.980014253989793,commit_complete,227896,11685187390238,True,,14.666666666666668,15.393792151564071,0.003125,-0.425,4.76384620879379,-1.5184759790530207,227896,0.004098775039892644,14.666666666666668,15.393792151564071,0.003125,-0.425,0.0,-0.395,4.76384620879379,-1.5184759790530207,tracking,True,,False,False,-10.0,0.0,0.0,0.06554097903426737,True,-39.5,-0.0,-39.5,1500,1583,1631,1500,2000,2000,1000,1000,-10.0,5.0,15.0,20.0,100.0,20.0,100.0,0.03,0.25,3,1.0,1.0,60.0,1660,67.0
250,332497366856158,5.0000097079901025,commit_complete,227896,11685187390238,True,,14.666666666666668,15.393792151564071,0.003125,-0.425,4.76384620879379,-1.5184759790530207,227896,0.024094229040201753,14.666666666666668,15.393792151564071,0.003125,-0.425,0.0,-0.395,4.76384620879379,-1.5184759790530207,tracking,True,,False,False,-10.0,0.0,0.0,0.08553643303457648,True,-39.5,-0.0,-39.5,1500,1583,1631,1500,2000,2000,1000,1000,-10.0,5.0,15.0,20.0,100.0,20.0,100.0,0.03,0.25,3,1.0,1.0,60.0,1660,67.0
251,332497386854915,5.02000846498413,commit_complete,227897,11685221497348,True,,14.666666666666668,15.393792151564071,0.003125,-0.425,4.76384620879379,-1.5184759790530207,227897,0.010655326012056321,14.666666666666668,15.393792151564071,0.003125,-0.425,0.0,-0.395,4.76384620879379,-1.5184759790530207,tracking,True,,False,False,-10.0,0.0,0.0,0.10553519002860412,True,-39.5,-0.0,-39.5,1500,1583,1631,1500,2000,2000,1000,1000,-10.0,5.0,15.0,20.0,100.0,20.0,100.0,0.03,0.25,3,1.0,1.0,60.0,1660,67.0
252,332497406856482,5.040010031952988,commit_complete,227897,11685221497348,True,,14.666666666666668,15.393792151564071,0.003125,-0.425,4.76384620879379,-1.5184759790530207,227897,0.030656892980914563,14.666666666666668,15.393792151564071,0.003125,-0.425,0.0,-0.395,4.76384620879379,-1.5184759790530207,tracking,True,,False,False,-10.0,0.0,0.0,0.12553675699746236,True,-39.5,-0.0,-39.5,1500,1583,1631,1500,2000,2000,1000,1000,-10.0,5.0,15.0,20.0,100.0,20.0,100.0,0.03,0.25,3,1.0,1.0,60.0,1660,67.0
253,332497426852191,5.06000574096106,commit_complete,227898,11685253578502,True,,14.4,15.10708711995797,0.003125,-0.42291666666666666,4.765996174730159,-1.5117144116722225,227898,0.017167509999126196,14.4,15.10708711995797,0.003125,-0.42291666666666666,0.0,-0.3929166666666667,4.765996174730159,-1.5117144116722225,tracking,True,,False,False,-10.0,0.0,0.0,0.14553246600553393,True,-39.29166666666667,-0.0,-39.29166666666667,1500,1583,1631,1500,2000,2000,1000,1000,-10.0,5.0,15.0,20.0,100.0,20.0,100.0,0.03,0.25,3,1.0,1.0,60.0,1660,67.0
254,332497446858138,5.080011687998194,commit_complete,227899,11685286582820,True,,14.666666666666668,15.379934844898836,0.003125,-0.42083333333333334,4.768138467798045,-1.5049437038987579,227899,0.0036781280068680644,14.666666666666668,15.379934844898836,0.003125,-0.42083333333333334,0.0,-0.39083333333333337,4.768138467798045,-1.5049437038987579,tracking,True,,False,False,-10.0,0.0,0.0,0.16553841304266825,True,-39.083333333333336,-0.0,-39.083333333333336,1500,1583,1631,1500,2000,2000,1000,1000,-10.0,5.0,15.0,20.0,100.0,20.0,100.0,0.03,0.25,3,1.0,1.0,60.0,1660,67.0
255,332497466842342,5.099995891971048,commit_complete,227899,11685286582820,True,,14.666666666666668,15.379934844898836,0.003125,-0.42083333333333334,4.768138467798045,-1.5049437038987579,227899,0.023662331979721785,14.666666666666668,15.379934844898836,0.003125,-0.42083333333333334,0.0,-0.39083333333333337,4.768138467798045,-1.5049437038987579,tracking,True,,False,False,-10.0,0.0,0.0,0.18552261701552197,True,-39.083333333333336,-0.0,-39.083333333333336,1500,1583,1631,1500,2000,2000,1000,1000,-10.0,5.0,15.0,20.0,100.0,20.0,100.0,0.03,0.25,3,1.0,1.0,60.0,1660,67.0
256,332497486839976,5.119993525964674,commit_complete,227900,11685319682270,True,,14.666666666666668,15.366201750920753,0.003125,-0.4166666666666667,4.772399890175149,-1.4913749656797342,227900,0.010214290989097208,14.666666666666668,15.366201750920753,0.003125,-0.4166666666666667,0.0,-0.3866666666666667,4.772399890175149,-1.4913749656797342,tracking,True,,False,False,-10.0,0.0,-0.32,0.004127226013224572,True,-38.66666666666667,6.4,-32.26666666666667,1500,1583,1638,1500,2000,2000,1000,1000,-10.0,5.0,15.0,20.0,100.0,20.0,100.0,0.03,0.25,3,1.0,1.0,60.0,1660,67.0
257,332497506852295,5.140005844994448,commit_complete,227900,11685319682270,True,,14.666666666666668,15.366201750920753,0.003125,-0.4166666666666667,4.772399890175149,-1.4913749656797342,227900,0.030226610018871725,14.666666666666668,15.366201750920753,0.003125,-0.4166666666666667,0.0,-0.3866666666666667,4.772399890175149,-1.4913749656797342,tracking,True,,False,False,-10.0,0.0,-0.32,0.02413954504299909,True,-38.66666666666667,6.4,-32.26666666666667,1500,1583,1638,1500,2000,2000,1000,1000,-10.0,5.0,15.0,20.0,100.0,20.0,100.0,0.03,0.25,3,1.0,1.0,60.0,1660,67.0
258,332497526834155,5.1599877050030045,commit_complete,227901,11685352653533,True,,14.666666666666668,15.352593202959413,0.003125,-0.4125,4.77663018602891,-1.4777699638026942,227901,0.016778001037891954,14.666666666666668,15.352593202959413,0.003125,-0.4125,0.0,-0.38249999999999995,4.77663018602891,-1.4777699638026942,tracking,True,,False,False,-10.0,0.0,-0.32,0.044121405051555485,True,-38.24999999999999,6.4,-31.849999999999994,1500,1583,1638,1500,2000,2000,1000,1000,-10.0,5.0,15.0,20.0,100.0,20.0,100.0,0.03,0.25,3,1.0,1.0,60.0,1660,67.0
259,332497546835939,5.179989488970023,commit_complete,227902,11685385550954,True,,14.666666666666668,15.339109532498947,0.003125,-0.4083333333333333,4.780829066152201,-1.4641289015091115,227902,0.003306224010884762,14.666666666666668,15.339109532498947,0.003125,-0.4083333333333333,0.0,-0.3783333333333333,4.780829066152201,-1.4641289015091115,tracking,True,,False,False,-10.0,0.0,-0.32,0.06412318901857361,True,-37.83333333333333,6.4,-31.43333333333333,1500,1583,1639,1500,2000,2000,1000,1000,-10.0,5.0,15.0,20.0,100.0,20.0,100.0,0.03,0.25,3,1.0,1.0,60.0,1660,67.0
260,332497566890230,5.200043779972475,commit_complete,227902,11685385550954,True,,14.666666666666668,15.339109532498947,0.003125,-0.4083333333333333,4.780829066152201,-1.4641289015091115,227902,0.023360515013337135,14.666666666666668,15.339109532498947,0.003125,-0.4083333333333333,0.0,-0.3783333333333333,4.780829066152201,-1.4641289015091115,tracking,True,,False,False,-10.0,0.0,-0.32,0.08417748002102599,True,-37.83333333333333,6.4,-31.43333333333333,1500,1583,1639,1500,2000,2000,1000,1000,-10.0,5.0,15.0,20.0,100.0,20.0,100.0,0.03,0.25,3,1.0,1.0,60.0,1660,67.0
261,332497586833925,5.219987474964,commit_complete,227903,11685418284075,True,,14.666666666666668,15.332414629407058,0.003125,-0.40625,4.782916635137639,-1.4572949122684993,227903,0.009826349967624992,14.666666666666668,15.332414629407058,0.003125,-0.40625,0.0,-0.37625,4.782916635137639,-1.4572949122684993,tracking,True,,False,False,-10.0,0.0,-0.32,0.10412117501255125,True,-37.625,6.4,-31.225,1500,1583,1639,1500,2000,2000,1000,1000,-10.0,5.0,15.0,20.0,100.0,20.0,100.0,0.03,0.25,3,1.0,1.0,60.0,1660,67.0
262,332497606850055,5.24000360496575,commit_complete,227903,11685418284075,True,,14.666666666666668,15.332414629407058,0.003125,-0.40625,4.782916635137639,-1.4572949122684993,227903,0.029842479969374835,14.666666666666668,15.332414629407058,0.003125,-0.40625,0.0,-0.37625,4.782916635137639,-1.4572949122684993,tracking,True,,False,False,-10.0,0.0,-0.32,0.12413730501430109,True,-37.625,6.4,-31.225,1500,1583,1639,1500,2000,2000,1000,1000,-10.0,5.0,15.0,20.0,100.0,20.0,100.0,0.03,0.25,3,1.0,1.0,60.0,1660,67.0
263,332497626832982,5.259986531978939,commit_complete,227904,11685451314038,True,,14.666666666666668,15.319118892607152,0.003125,-0.40208333333333335,4.787067851024628,-1.4436001488246144,227904,0.016418035025708377,14.666666666666668,15.319118892607152,0.003125,-0.40208333333333335,0.0,-0.3720833333333333,4.787067851024628,-1.4436001488246144,tracking,True,,False,False,-10.0,0.0,-0.32,0.1441202320274897,True,-37.20833333333333,6.4,-30.80833333333333,1500,1583,1639,1500,2000,2000,1000,1000,-10.0,5.0,15.0,20.0,100.0,20.0,100.0,0.03,0.25,3,1.0,1.0,60.0,1660,67.0
264,332497646854011,5.280007560970262,commit_complete,227905,11685484271238,True,,14.666666666666668,15.312518140578826,0.003125,-0.4,4.789131426105757,-1.436739427831727,227905,0.0029860360082238913,14.666666666666668,15.312518140578826,0.003125,-0.4,0.0,-0.37,4.789131426105757,-1.436739427831727,tracking,True,,False,False,-10.0,0.0,-0.71,0.009214909980073571,True,-37.0,14.2,-22.8,1500,1583,1647,1500,2000,2000,1000,1000,-10.0,5.0,15.0,20.0,100.0,20.0,100.0,0.03,0.25,3,1.0,1.0,60.0,1660,67.0
265,332497666860045,5.300013594969641,commit_complete,227905,11685484271238,True,,14.666666666666668,15.312518140578826,0.003125,-0.4,4.789131426105757,-1.436739427831727,227905,0.022992070007603616,14.666666666666668,15.312518140578826,0.003125,-0.4,0.0,-0.37,4.789131426105757,-1.436739427831727,tracking,True,,False,False,-10.0,0.0,-0.71,0.029220943979453295,True,-37.0,14.2,-22.8,1500,1583,1647,1500,2000,2000,1000,1000,-10.0,5.0,15.0,20.0,100.0,20.0,100.0,0.03,0.25,3,1.0,1.0,60.0,1660,67.0
266,332497686850555,5.3200041049858555,commit_complete,227906,11685517759104,True,,14.666666666666668,15.299411072543501,0.003125,-0.3958333333333333,4.793234331390483,-1.4229914421315497,227906,0.009522046020720154,14.666666666666668,15.299411072543501,0.003125,-0.3958333333333333,0.0,-0.36583333333333334,4.793234331390483,-1.4229914421315497,tracking,True,,False,False,-10.0,0.0,-0.71,0.0492114539956674,True,-36.583333333333336,14.2,-22.383333333333336,1500,1583,1648,1500,2000,2000,1000,1000,-10.0,5.0,15.0,20.0,100.0,20.0,100.0,0.03,0.25,3,1.0,1.0,60.0,1660,67.0
267,332497706830375,5.33998392499052,commit_complete,227906,11685517759104,True,,14.666666666666668,15.299411072543501,0.003125,-0.3958333333333333,4.793234331390483,-1.4229914421315497,227906,0.029501866025384516,14.666666666666668,15.299411072543501,0.003125,-0.3958333333333333,0.0,-0.36583333333333334,4.793234331390483,-1.4229914421315497,tracking,True,,False,False,-10.0,0.0,-0.71,0.06919127400033176,True,-36.583333333333336,14.2,-22.383333333333336,1500,1583,1648,1500,2000,2000,1000,1000,-10.0,5.0,15.0,20.0,100.0,20.0,100.0,0.03,0.25,3,1.0,1.0,60.0,1660,67.0
268,332497726848640,5.360002189991064,commit_complete,227907,11685550588500,True,,14.4,15.014936313551251,0.0046875,-0.39375,4.795273590098538,-1.416104232075974,227907,0.016082859016023576,14.4,15.014936313551251,0.0046875,-0.39375,0.0,-0.36375,4.795273590098538,-1.416104232075974,tracking,True,,False,False,-10.0,0.0,-0.71,0.08920953900087625,True,-36.375,14.2,-22.175,1500,1583,1648,1500,2000,2000,1000,1000,-10.0,5.0,15.0,20.0,100.0,20.0,100.0,0.03,0.25,3,1.0,1.0,60.0,1660,67.0
269,332497746837421,5.379990970948711,commit_complete,227908,11685583604020,True,,14.4,15.014936313551251,0.0046875,-0.39375,4.795273590098538,-1.416104232075974,227908,0.0026772369747050107,14.4,15.014936313551251,0.0046875,-0.39375,0.0,-0.36375,4.795273590098538,-1.416104232075974,tracking,True,,False,False,-10.0,0.0,-0.71,0.10919831995852292,True,-36.375,14.2,-22.175,1500,1583,1648,1500,2000,2000,1000,1000,-10.0,5.0,15.0,20.0,100.0,20.0,100.0,0.03,0.25,3,1.0,1.0,60.0,1660,67.0
270,332497766898109,5.400051658973098,commit_complete,227908,11685583604020,True,,14.4,15.014936313551251,0.0046875,-0.39375,4.795273590098538,-1.416104232075974,227908,0.022737924999091774,14.4,15.014936313551251,0.0046875,-0.39375,0.0,-0.36375,4.795273590098538,-1.416104232075974,tracking,True,,False,False,-10.0,0.0,-0.71,0.12925900798290968,True,-36.375,14.2,-22.175,1500,1583,1648,1500,2000,2000,1000,1000,-10.0,5.0,15.0,20.0,100.0,20.0,100.0,0.03,0.25,3,1.0,1.0,60.0,1660,67.0
271,332497786857583,5.420011132955551,commit_complete,227909,11685617233415,True,,14.019047619047619,14.617715776155714,0.0046875,-0.39375,4.795273590098538,-1.4161042320759742,227909,0.009184359980281442,14.019047619047619,14.617715776155714,0.0046875,-0.39375,0.0,-0.36375,4.795273590098538,-1.4161042320759742,tracking,True,,False,False,-10.0,0.0,-1.08,0.008182099962141365,True,-36.375,21.6,-14.774999999999999,1500,1583,1655,1500,2000,2000,1000,1000,-10.0,5.0,15.0,20.0,100.0,20.0,100.0,0.03,0.25,3,1.0,1.0,60.0,1660,67.0
272,332497806825885,5.439979435002897,commit_complete,227909,11685617233415,True,,14.019047619047619,14.617715776155714,0.0046875,-0.39375,4.795273590098538,-1.4161042320759742,227909,0.02915266202762723,14.019047619047619,14.617715776155714,0.0046875,-0.39375,0.0,-0.36375,4.795273590098538,-1.4161042320759742,tracking,True,,False,False,-10.0,0.0,-1.08,0.028150402009487152,True,-36.375,21.6,-14.774999999999999,1500,1583,1655,1500,2000,2000,1000,1000,-10.0,5.0,15.0,20.0,100.0,20.0,100.0,0.03,0.25,3,1.0,1.0,60.0,1660,67.0
273,332497826830059,5.459983608976472,commit_complete,227910,11685651104559,True,,14.019047619047619,14.61152705580407,0.0046875,-0.39166666666666666,4.797304671948841,-1.4092082473849719,227910,0.015742290997877717,14.019047619047619,14.61152705580407,0.0046875,-0.39166666666666666,0.0,-0.3616666666666667,4.797304671948841,-1.4092082473849719,tracking,True,,False,False,-10.0,0.0,-1.08,0.048154575983062387,True,-36.16666666666667,21.6,-14.56666666666667,1500,1583,1656,1500,2000,2000,1000,1000,-10.0,5.0,15.0,20.0,100.0,20.0,100.0,0.03,0.25,3,1.0,1.0,60.0,1660,67.0
274,332497846866095,5.4800196449505165,commit_complete,227911,11685682648050,True,,14.019047619047619,14.61152705580407,0.0046875,-0.39166666666666666,4.797304671948841,-1.4092082473849719,227911,0.0023191969958133996,14.019047619047619,14.61152705580407,0.0046875,-0.39166666666666666,0.0,-0.3616666666666667,4.797304671948841,-1.4092082473849719,tracking,True,,False,False,-10.0,0.0,-1.08,0.06819061195710674,True,-36.16666666666667,21.6,-14.56666666666667,1500,1583,1656,1500,2000,2000,1000,1000,-10.0,5.0,15.0,20.0,100.0,20.0,100.0,0.03,0.25,3,1.0,1.0,60.0,1660,67.0
275,332497866837639,5.499991188989952,commit_complete,227911,11685682648050,True,,14.019047619047619,14.61152705580407,0.0046875,-0.39166666666666666,4.797304671948841,-1.4092082473849719,227911,0.022290741035249084,14.019047619047619,14.61152705580407,0.0046875,-0.39166666666666666,0.0,-0.3616666666666667,4.797304671948841,-1.4092082473849719,tracking,True,,False,False,-10.0,0.0,-1.08,0.08816215599654242,True,-36.16666666666667,21.6,-14.56666666666667,1500,1583,1656,1500,2000,2000,1000,1000,-10.0,5.0,15.0,20.0,100.0,20.0,100.0,0.03,0.25,3,1.0,1.0,60.0,1660,67.0
276,332497886851326,5.520004875957966,commit_complete,227912,11685716300337,True,,14.285714285714285,14.889463711756864,0.0046875,-0.39166666666666666,4.797304671948841,-1.4092082473849719,227912,0.008639260951895267,14.285714285714285,14.889463711756864,0.0046875,-0.39166666666666666,0.0,-0.3616666666666667,4.797304671948841,-1.4092082473849719,tracking,True,,False,False,-10.0,0.0,-1.08,0.10817584296455607,True,-36.16666666666667,21.6,-14.56666666666667,1500,1583,1656,1500,2000,2000,1000,1000,-10.0,5.0,15.0,20.0,100.0,20.0,100.0,0.03,0.25,3,1.0,1.0,60.0,1660,67.0
277,332497906833494,5.539987044001464,commit_complete,227912,11685716300337,True,,14.285714285714285,14.889463711756864,0.0046875,-0.39166666666666666,4.797304671948841,-1.4092082473849719,227912,0.028621428995393217,14.285714285714285,14.889463711756864,0.0046875,-0.39166666666666666,0.0,-0.3616666666666667,4.797304671948841,-1.4092082473849719,tracking,True,,False,False,-10.0,0.0,-1.08,0.12815801100805402,True,-36.16666666666667,21.6,-14.56666666666667,1500,1583,1656,1500,2000,2000,1000,1000,-10.0,5.0,15.0,20.0,100.0,20.0,100.0,0.03,0.25,3,1.0,1.0,60.0,1660,67.0
278,332497926847931,5.560001480975188,commit_complete,227913,11685748932323,True,,14.285714285714285,14.883188076103636,0.0046875,-0.38958333333333334,4.799327541339103,-1.4023035159850195,227913,0.015380833996459842,14.285714285714285,14.883188076103636,0.0046875,-0.38958333333333334,0.0,-0.35958333333333337,4.799327541339103,-1.4023035159850195,tracking,True,,False,False,-10.0,0.0,-1.08,0.14817244798177853,True,-35.958333333333336,21.6,-14.358333333333334,1500,1583,1656,1500,2000,2000,1000,1000,-10.0,5.0,15.0,20.0,100.0,20.0,100.0,0.03,0.25,3,1.0,1.0,60.0,1660,67.0
279,332497946851596,5.5800051459809765,commit_complete,227914,11685782312070,True,,14.285714285714285,14.883188076103636,0.0046875,-0.38958333333333334,4.799327541339103,-1.4023035159850195,227914,0.0019432620028965175,14.285714285714285,14.883188076103636,0.0046875,-0.38958333333333334,0.0,-0.35958333333333337,4.799327541339103,-1.4023035159850195,tracking,True,,False,False,-10.0,0.0,-1.36,0.017646509979385883,True,-35.958333333333336,27.200000000000003,-8.758333333333333,1500,1583,1661,1500,2000,2000,1000,1000,-10.0,5.0,15.0,20.0,100.0,20.0,100.0,0.03,0.25,3,1.0,1.0,60.0,1660,67.0
280,332497966847422,5.6000009719864465,commit_complete,227914,11685782312070,True,,14.285714285714285,14.883188076103636,0.0046875,-0.38958333333333334,4.799327541339103,-1.4023035159850195,227914,0.021939088008366525,14.285714285714285,14.883188076103636,0.0046875,-0.38958333333333334,0.0,-0.35958333333333337,4.799327541339103,-1.4023035159850195,tracking,True,,False,False,-10.0,0.0,-1.36,0.03764233598485589,True,-35.958333333333336,27.200000000000003,-8.758333333333333,1500,1583,1661,1500,2000,2000,1000,1000,-10.0,5.0,15.0,20.0,100.0,20.0,100.0,0.03,0.25,3,1.0,1.0,60.0,1660,67.0
281,332497986859474,5.620013023959473,commit_complete,227915,11685816885514,True,,14.285714285714285,14.876943284356816,0.0046875,-0.3875,4.801342162727943,-1.3953900660428087,227915,0.008504982979502529,14.285714285714285,14.876943284356816,0.0046875,-0.3875,0.0,-0.35750000000000004,4.801342162727943,-1.3953900660428087,tracking,True,,False,False,-10.0,0.0,-1.36,0.057654387957882136,True,-35.75000000000001,27.200000000000003,-8.550000000000004,1500,1583,1662,1500,2000,2000,1000,1000,-10.0,5.0,15.0,20.0,100.0,20.0,100.0,0.03,0.25,3,1.0,1.0,60.0,1660,67.0
282,332498006851941,5.6400054909754544,commit_complete,227915,11685816885514,True,,14.285714285714285,14.876943284356816,0.0046875,-0.3875,4.801342162727943,-1.3953900660428087,227915,0.028497449995484203,14.285714285714285,14.876943284356816,0.0046875,-0.3875,0.0,-0.35750000000000004,4.801342162727943,-1.3953900660428087,tracking,True,,False,False,-10.0,0.0,-1.36,0.07764685497386381,True,-35.75000000000001,27.200000000000003,-8.550000000000004,1500,1583,1662,1500,2000,2000,1000,1000,-10.0,5.0,15.0,20.0,100.0,20.0,100.0,0.03,0.25,3,1.0,1.0,60.0,1660,67.0
283,332498026834951,5.6599885009927675,commit_complete,227916,11685849011346,True,,14.019047619047619,14.593142427033719,0.0046875,-0.3854166666666667,4.8033485006363925,-1.3884679259652069,227916,0.015032141003757715,14.019047619047619,14.593142427033719,0.0046875,-0.3854166666666667,0.0,-0.3554166666666667,4.8033485006363925,-1.3884679259652069,tracking,True,,False,False,-10.0,0.0,-1.36,0.09762986499117687,True,-35.54166666666667,27.200000000000003,-8.341666666666669,1500,1583,1662,1500,2000,2000,1000,1000,-10.0,5.0,15.0,20.0,100.0,20.0,100.0,0.03,0.25,3,1.0,1.0,60.0,1660,67.0
284,332498046854824,5.680008373979945,commit_complete,227917,11685882406609,True,,14.019047619047619,14.58103766576408,0.0046875,-0.38125,4.807336184417441,-1.374597690231862,227917,0.0015664719976484776,14.019047619047619,14.58103766576408,0.0046875,-0.38125,0.0,-0.35124999999999995,4.807336184417441,-1.374597690231862,tracking,True,,False,False,-10.0,0.0,-1.36,0.1176497379783541,True,-35.12499999999999,27.200000000000003,-7.92499999999999,1500,1583,1662,1500,2000,2000,1000,1000,-10.0,5.0,15.0,20.0,100.0,20.0,100.0,0.03,0.25,3,1.0,1.0,60.0,1660,67.0
285,332498066852723,5.7000062729930505,commit_complete,227917,11685882406609,True,,14.019047619047619,14.58103766576408,0.0046875,-0.38125,4.807336184417441,-1.374597690231862,227917,0.021564371010754257,14.019047619047619,14.58103766576408,0.0046875,-0.38125,0.0,-0.35124999999999995,4.807336184417441,-1.374597690231862,tracking,True,,False,False,-10.0,0.0,-1.36,0.13764763699145988,True,-35.12499999999999,27.200000000000003,-7.92499999999999,1500,1583,1662,1500,2000,2000,1000,1000,-10.0,5.0,15.0,20.0,100.0,20.0,100.0,0.03,0.25,3,1.0,1.0,60.0,1660,67.0
286,332498086857705,5.7200112550053746,commit_complete,227918,11685915731266,True,,14.019047619047619,14.569054584080702,0.0046875,-0.3770833333333333,4.811290310156566,-1.3606930408411535,227918,0.008153749047778547,14.019047619047619,14.569054584080702,0.0046875,-0.3770833333333333,0.0,-0.3470833333333333,4.811290310156566,-1.3606930408411535,tracking,True,,False,False,-10.0,0.0,-1.36,0.1576526190037839,True,-34.70833333333333,27.200000000000003,-7.508333333333326,1500,1583,1663,1500,2000,2000,1000,1000,-10.0,5.0,15.0,20.0,100.0,20.0,100.0,0.03,0.25,3,1.0,1.0,60.0,1660,67.0
287,332498106858117,5.740011666959617,commit_complete,227918,11685915731266,True,,14.019047619047619,14.569054584080702,0.0046875,-0.3770833333333333,4.811290310156566,-1.3606930408411535,227918,0.028154161002021283,14.019047619047619,14.569054584080702,0.0046875,-0.3770833333333333,0.0,-0.3470833333333333,4.811290310156566,-1.3606930408411535,tracking,True,,False,False,-10.0,0.0,-1.69,0.01625508995493874,True,-34.70833333333333,33.8,-0.9083333333333314,1500,1583,1669,1500,2000,2000,1000,1000,-10.0,5.0,15.0,20.0,100.0,20.0,100.0,0.03,0.25,3,1.0,1.0,60.0,1660,67.0
288,332498126850343,5.760003892995883,commit_complete,227919,11685948963706,True,,14.019047619047619,14.55719348247346,0.0046875,-0.3729166666666667,4.815210596424138,-1.3467542136873758,227919,0.014692086027935147,14.019047619047619,14.55719348247346,0.0046875,-0.3729166666666667,0.0,-0.34291666666666665,4.815210596424138,-1.3467542136873758,tracking,True,,False,False,-10.0,0.0,-1.69,0.03624731599120423,True,-34.291666666666664,33.8,-0.49166666666666714,1500,1583,1670,1500,2000,2000,1000,1000,-10.0,5.0,15.0,20.0,100.0,20.0,100.0,0.03,0.25,3,1.0,1.0,60.0,1660,67.0
289,332498146836906,5.77999045595061,commit_complete,227920,11685983221795,True,,14.019047619047619,14.545454659348588,0.0046875,-0.36875,4.819096762935555,-1.3327814484993643,227920,0.0011927239829674363,14.019047619047619,14.545454659348588,0.0046875,-0.36875,0.0,-0.33875,4.819096762935555,-1.3327814484993643,tracking,True,,False,False,-10.0,0.0,-1.69,0.05623387894593179,True,-33.875,33.8,-0.07500000000000284,1500,1583,1670,1500,2000,2000,1000,1000,-10.0,5.0,15.0,20.0,100.0,20.0,100.0,0.03,0.25,3,1.0,1.0,60.0,1660,67.0
290,332498166857060,5.8000106099643745,commit_complete,227920,11685983221795,True,,14.019047619047619,14.545454659348588,0.0046875,-0.36875,4.819096762935555,-1.3327814484993643,227920,0.02121287799673155,14.019047619047619,14.545454659348588,0.0046875,-0.36875,0.0,-0.33875,4.819096762935555,-1.3327814484993643,tracking,True,,False,False,-10.0,0.0,-1.69,0.0762540329596959,True,-33.875,33.8,-0.07500000000000284,1500,1583,1670,1500,2000,2000,1000,1000,-10.0,5.0,15.0,20.0,100.0,20.0,100.0,0.03,0.25,3,1.0,1.0,60.0,1660,67.0
291,332498186876445,5.82002999499673,commit_complete,227921,11686015819771,True,,14.019047619047619,14.533838410995084,0.0046875,-0.3645833333333333,4.822948530600394,-1.3187749888360452,227921,0.007736717991065234,14.019047619047619,14.533838410995084,0.0046875,-0.3645833333333333,0.0,-0.33458333333333334,4.822948530600394,-1.3187749888360452,tracking,True,,False,False,-10.0,0.0,-1.69,0.09627341799205169,True,-33.458333333333336,33.8,0.34166666666666146,1500,1583,1671,1500,2000,2000,1000,1000,-10.0,5.0,15.0,20.0,100.0,20.0,100.0,0.03,0.25,3,1.0,1.0,60.0,1660,67.0
292,332498206835928,5.839989478001371,commit_complete,227921,11686015819771,True,,14.019047619047619,14.533838410995084,0.0046875,-0.3645833333333333,4.822948530600394,-1.3187749888360452,227921,0.027696200995706022,14.019047619047619,14.533838410995084,0.0046875,-0.3645833333333333,0.0,-0.33458333333333334,4.822948530600394,-1.3187749888360452,tracking,True,,False,False,-10.0,0.0,-1.69,0.11623290099669248,True,-33.458333333333336,33.8,0.34166666666666146,1500,1583,1671,1500,2000,2000,1000,1000,-10.0,5.0,15.0,20.0,100.0,20.0,100.0,0.03,0.25,3,1.0,1.0,60.0,1660,67.0
293,332498226836628,5.85999017796712,commit_complete,227922,11686048056846,True,,14.019047619047619,14.52234503155119,0.0046875,-0.36041666666666666,4.826765621571738,-1.30473508208111,227922,0.014309834979940206,14.019047619047619,14.52234503155119,0.0046875,-0.36041666666666666,0.0,-0.3304166666666667,4.826765621571738,-1.30473508208111,tracking,True,,False,False,-10.0,0.0,-1.69,0.13623360096244141,True,-33.04166666666667,33.8,0.7583333333333258,1500,1583,1671,1500,2000,2000,1000,1000,-10.0,5.0,15.0,20.0,100.0,20.0,100.0,0.03,0.25,3,1.0,1.0,60.0,1660,67.0
294,332498246853888,5.880007437954191,commit_complete,227923,11686081110603,True,,14.019047619047619,14.510974812970895,0.0046875,-0.35625,4.830547759295654,-1.2906619794368075,227923,0.0008342689834535122,14.019047619047619,14.510974812970895,0.0046875,-0.35625,0.0,-0.32625000000000004,4.830547759295654,-1.2906619794368075,tracking,True,,False,False,-10.0,0.0,-1.69,0.15625086094951257,True,-32.62500000000001,33.8,1.17499999999999,1500,1583,1671,1500,2000,2000,1000,1000,-10.0,5.0,15.0,20.0,100.0,20.0,100.0,0.03,0.25,3,1.0,1.0,60.0,1660,67.0
295,332498266875172,5.9000287219532765,commit_complete,227923,11686081110603,True,,14.019047619047619,14.510974812970895,0.0046875,-0.35625,4.830547759295654,-1.2906619794368075,227923,0.02085555298253894,14.019047619047619,14.510974812970895,0.0046875,-0.35625,0.0,-0.32625000000000004,4.830547759295654,-1.2906619794368075,tracking,True,,False,False,-10.0,0.0,-1.69,0.176272144948598,True,-32.62500000000001,33.8,1.17499999999999,1500,1583,1671,1500,2000,2000,1000,1000,-10.0,5.0,15.0,20.0,100.0,20.0,100.0,0.03,0.25,3,1.0,1.0,60.0,1660,67.0
296,332498286850078,5.920003627950791,commit_complete,227924,11686111529420,True,,14.019047619047619,14.510974812970895,0.0046875,-0.35625,4.830547759295654,-1.2906619794368075,227924,0.007418410968966782,14.019047619047619,14.510974812970895,0.0046875,-0.35625,0.0,-0.32625000000000004,4.830547759295654,-1.2906619794368075,tracking,True,,False,False,-10.0,0.0,-2.03,0.018768331967294216,True,-32.62500000000001,40.599999999999994,7.974999999999987,1500,1583,1678,1500,2000,2000,1000,1000,-10.0,5.0,15.0,20.0,100.0,20.0,100.0,0.03,0.25,3,1.0,1.0,60.0,1660,67.0
297,332498306827542,5.93998109200038,commit_complete,227924,11686111529420,True,,14.019047619047619,14.510974812970895,0.0046875,-0.35625,4.830547759295654,-1.2906619794368075,227924,0.02739587501855567,14.019047619047619,14.510974812970895,0.0046875,-0.35625,0.0,-0.32625000000000004,4.830547759295654,-1.2906619794368075,tracking,True,,False,False,-10.0,0.0,-2.03,0.038745796016883105,True,-32.62500000000001,40.599999999999994,7.974999999999987,1500,1583,1678,1500,2000,2000,1000,1000,-10.0,5.0,15.0,20.0,100.0,20.0,100.0,0.03,0.25,3,1.0,1.0,60.0,1660,67.0
298,332498326848506,5.960002055973746,commit_complete,227925,11686144388615,True,,14.019047619047619,14.499728044990526,0.0046875,-0.35208333333333336,4.834294668560812,-1.2765559359168392,227925,0.013921467994805425,14.019047619047619,14.499728044990526,0.0046875,-0.35208333333333336,0.0,-0.3220833333333334,4.834294668560812,-1.2765559359168392,tracking,True,,False,False,-10.0,0.0,-2.03,0.05876675999024883,True,-32.208333333333336,40.599999999999994,8.391666666666659,1500,1583,1679,1500,2000,2000,1000,1000,-10.0,5.0,15.0,20.0,100.0,20.0,100.0,0.03,0.25,3,1.0,1.0,60.0,1660,67.0
299,332498346859781,5.980013330990914,commit_complete,227926,11686177471939,True,,14.019047619047619,14.499728044990526,0.0046875,-0.35208333333333336,4.834294668560812,-1.2765559359168392,227926,0.00047740701120346785,14.019047619047619,14.499728044990526,0.0046875,-0.35208333333333336,0.0,-0.3220833333333334,4.834294668560812,-1.2765559359168392,tracking,True,,False,False,-10.0,0.0,-2.03,0.0787780350074172,True,-32.208333333333336,40.599999999999994,8.391666666666659,1500,1583,1679,1500,2000,2000,1000,1000,-10.0,5.0,15.0,20.0,100.0,20.0,100.0,0.03,0.25,3,1.0,1.0,60.0,1660,67.0
300,332498366866528,6.0000200779759325,commit_complete,227926,11686177471939,True,,14.019047619047619,14.499728044990526,0.0046875,-0.35208333333333336,4.834294668560812,-1.2765559359168392,227926,0.02048415399622172,14.019047619047619,14.499728044990526,0.0046875,-0.35208333333333336,0.0,-0.3220833333333334,4.834294668560812,-1.2765559359168392,tracking,True,,False,False,-10.0,0.0,-2.03,0.09878478199243546,True,-32.208333333333336,40.599999999999994,8.391666666666659,1500,1583,1679,1500,2000,2000,1000,1000,-10.0,5.0,15.0,20.0,100.0,20.0,100.0,0.03,0.25,3,1.0,1.0,60.0,1660,67.0
301,332498386853020,6.020006569975521,commit_complete,227927,11686210364893,True,,14.019047619047619,14.48860501509537,0.0046875,-0.34791666666666665,4.838006075548222,-1.2624172103383642,227927,0.007004551007412374,14.019047619047619,14.48860501509537,0.0046875,-0.34791666666666665,0.0,-0.3179166666666666,4.838006075548222,-1.2624172103383642,tracking,True,,False,False,-10.0,0.0,-2.03,0.11877127399202436,True,-31.791666666666664,40.599999999999994,8.80833333333333,1500,1583,1679,1500,2000,2000,1000,1000,-10.0,5.0,15.0,20.0,100.0,20.0,100.0,0.03,0.25,3,1.0,1.0,60.0,1660,67.0
302,332498406868562,6.040022111963481,commit_complete,227927,11686210364893,True,,14.019047619047619,14.48860501509537,0.0046875,-0.34791666666666665,4.838006075548222,-1.2624172103383642,227927,0.02702009299537167,14.019047619047619,14.48860501509537,0.0046875,-0.34791666666666665,0.0,-0.3179166666666666,4.838006075548222,-1.2624172103383642,tracking,True,,False,False,-10.0,0.0,-2.26,0.009578631957992911,True,-31.791666666666664,45.199999999999996,13.408333333333331,1500,1583,1684,1500,2000,2000,1000,1000,-10.0,5.0,15.0,20.0,100.0,20.0,100.0,0.03,0.25,3,1.0,1.0,60.0,1660,67.0
303,332498426882922,6.0600364719866775,commit_complete,227928,11686243428858,True,,14.019047619047619,14.48860501509537,0.0046875,-0.34791666666666665,4.838006075548222,-1.2624172103383642,227928,0.013622478989418596,14.019047619047619,14.48860501509537,0.0046875,-0.34791666666666665,0.0,-0.3179166666666666,4.838006075548222,-1.2624172103383642,tracking,True,,False,False,-10.0,0.0,-2.26,0.029592991981189698,True,-31.791666666666664,45.199999999999996,13.408333333333331,1500,1583,1684,1500,2000,2000,1000,1000,-10.0,5.0,15.0,20.0,100.0,20.0,100.0,0.03,0.25,3,1.0,1.0,60.0,1660,67.0
304,332498446852011,6.080005561001599,commit_complete,227929,11686276309579,True,,14.019047619047619,14.48860501509537,0.0046875,-0.34791666666666665,4.838006075548222,-1.2624172103383642,227929,0.00016674899961799383,14.019047619047619,14.48860501509537,0.0046875,-0.34791666666666665,0.0,-0.3179166666666666,4.838006075548222,-1.2624172103383642,tracking,True,,False,False,-10.0,0.0,-2.26,0.049562080996111035,True,-31.791666666666664,45.199999999999996,13.408333333333331,1500,1583,1684,1500,2000,2000,1000,1000,-10.0,5.0,15.0,20.0,100.0,20.0,100.0,0.03,0.25,3,1.0,1.0,60.0,1660,67.0
305,332498466844343,6.099997892975807,commit_complete,227929,11686276309579,True,,14.019047619047619,14.48860501509537,0.0046875,-0.34791666666666665,4.838006075548222,-1.2624172103383642,227929,0.02015908097382635,14.019047619047619,14.48860501509537,0.0046875,-0.34791666666666665,0.0,-0.3179166666666666,4.838006075548222,-1.2624172103383642,tracking,True,,False,False,-10.0,0.0,-2.26,0.06955441297031939,True,-31.791666666666664,45.199999999999996,13.408333333333331,1500,1583,1684,1500,2000,2000,1000,1000,-10.0,5.0,15.0,20.0,100.0,20.0,100.0,0.03,0.25,3,1.0,1.0,60.0,1660,67.0
306,332498486853075,6.120006624958478,commit_complete,227930,11686309245897,True,,14.019047619047619,14.48860501509537,0.0046875,-0.34791666666666665,4.838006075548222,-1.2624172103383642,227930,0.0066958729876205325,14.019047619047619,14.48860501509537,0.0046875,-0.34791666666666665,0.0,-0.3179166666666666,4.838006075548222,-1.2624172103383642,tracking,True,,False,False,-10.0,0.0,-2.26,0.08956314495299011,True,-31.791666666666664,45.199999999999996,13.408333333333331,1500,1583,1684,1500,2000,2000,1000,1000,-10.0,5.0,15.0,20.0,100.0,20.0,100.0,0.03,0.25,3,1.0,1.0,60.0,1660,67.0
307,332498506832244,6.139985793968663,commit_complete,227930,11686309245897,True,,14.019047619047619,14.48860501509537,0.0046875,-0.34791666666666665,4.838006075548222,-1.2624172103383642,227930,0.026675041997805238,14.019047619047619,14.48860501509537,0.0046875,-0.34791666666666665,0.0,-0.3179166666666666,4.838006075548222,-1.2624172103383642,tracking,True,,False,False,-10.0,0.0,-2.26,0.10954231396317482,True,-31.791666666666664,45.199999999999996,13.408333333333331,1500,1583,1684,1500,2000,2000,1000,1000,-10.0,5.0,15.0,20.0,100.0,20.0,100.0,0.03,0.25,3,1.0,1.0,60.0,1660,67.0
308,332498526924123,6.1600776729756035,commit_complete,227931,11686342306063,True,,14.019047619047619,14.48860501509537,0.0046875,-0.34791666666666665,4.838006075548222,-1.2624172103383642,227931,0.013318140991032124,14.019047619047619,14.48860501509537,0.0046875,-0.34791666666666665,0.0,-0.3179166666666666,4.838006075548222,-1.2624172103383642,tracking,True,,False,False,-10.0,0.0,-2.26,0.1296341929701157,True,-31.791666666666664,45.199999999999996,13.408333333333331,1500,1583,1684,1500,2000,2000,1000,1000,-10.0,5.0,15.0,20.0,100.0,20.0,100.0,0.03,0.25,3,1.0,1.0,60.0,1660,67.0
309,332498546864793,6.180018342973199,commit_complete,227931,11686342306063,True,,14.019047619047619,14.48860501509537,0.0046875,-0.34791666666666665,4.838006075548222,-1.2624172103383642,227931,0.033258810988627374,14.019047619047619,14.48860501509537,0.0046875,-0.34791666666666665,0.0,-0.3179166666666666,4.838006075548222,-1.2624172103383642,tracking,True,,False,False,-10.0,0.0,-2.26,0.14957486296771094,True,-31.791666666666664,45.199999999999996,13.408333333333331,1500,1583,1684,1500,2000,2000,1000,1000,-10.0,5.0,15.0,20.0,100.0,20.0,100.0,0.03,0.25,3,1.0,1.0,60.0,1660,67.0
310,332498566861415,6.200014964968432,commit_complete,227932,11686375325506,True,,14.019047619047619,14.483089991145189,0.0046875,-0.3458333333333333,4.839848380512323,-1.2553356736953838,227932,0.01974437601165846,14.019047619047619,14.483089991145189,0.0046875,-0.3458333333333333,0.0,-0.3158333333333333,4.839848380512323,-1.2553356736953838,tracking,True,,False,False,-10.0,0.0,-2.26,0.16957148496294394,True,-31.58333333333333,45.199999999999996,13.616666666666667,1500,1583,1684,1500,2000,2000,1000,1000,-10.0,5.0,15.0,20.0,100.0,20.0,100.0,0.03,0.25,3,1.0,1.0,60.0,1660,67.0
311,332498586854874,6.220008423959371,commit_complete,227933,11686408440120,True,,14.019047619047619,14.477606008486397,0.0046875,-0.34375,4.841681707881094,-1.2482460653130942,227933,0.006329273979645222,14.019047619047619,14.477606008486397,0.0046875,-0.34375,0.0,-0.31375,4.841681707881094,-1.2482460653130942,tracking,True,,False,False,-10.0,0.0,-2.39,0.008124805986881256,True,-31.374999999999996,47.800000000000004,16.425000000000008,1500,1583,1687,1500,2000,2000,1000,1000,-10.0,5.0,15.0,20.0,100.0,20.0,100.0,0.03,0.25,3,1.0,1.0,60.0,1660,67.0
312,332498606851773,6.240005322964862,commit_complete,227933,11686408440120,True,,14.019047619047619,14.477606008486397,0.0046875,-0.34375,4.841681707881094,-1.2482460653130942,227933,0.02632617298513651,14.019047619047619,14.477606008486397,0.0046875,-0.34375,0.0,-0.31375,4.841681707881094,-1.2482460653130942,tracking,True,,False,False,-10.0,0.0,-2.39,0.028121704992372543,True,-31.374999999999996,47.800000000000004,16.425000000000008,1500,1583,1687,1500,2000,2000,1000,1000,-10.0,5.0,15.0,20.0,100.0,20.0,100.0,0.03,0.25,3,1.0,1.0,60.0,1660,67.0
313,332498626900213,6.260053762991447,commit_complete,227934,11686441263365,True,,14.019047619047619,14.477606008486397,0.0046875,-0.34375,4.841681707881094,-1.2482460653130942,227934,0.012934589991346002,14.019047619047619,14.477606008486397,0.0046875,-0.34375,0.0,-0.31375,4.841681707881094,-1.2482460653130942,tracking,True,,False,False,-10.0,0.0,-2.39,0.048170145018957555,True,-31.374999999999996,47.800000000000004,16.425000000000008,1500,1583,1687,1500,2000,2000,1000,1000,-10.0,5.0,15.0,20.0,100.0,20.0,100.0,0.03,0.25,3,1.0,1.0,60.0,1660,67.0
314,332498646873621,6.2800271709566005,commit_complete,227934,11686441263365,True,,14.019047619047619,14.477606008486397,0.0046875,-0.34375,4.841681707881094,-1.2482460653130942,227934,0.03290799795649946,14.019047619047619,14.477606008486397,0.0046875,-0.34375,0.0,-0.31375,4.841681707881094,-1.2482460653130942,tracking,True,,False,False,-10.0,0.0,-2.39,0.06814355298411101,True,-31.374999999999996,47.800000000000004,16.425000000000008,1500,1583,1687,1500,2000,2000,1000,1000,-10.0,5.0,15.0,20.0,100.0,20.0,100.0,0.03,0.25,3,1.0,1.0,60.0,1660,67.0
315,332498666849684,6.300003234005999,commit_complete,227935,11686474532836,True,,14.019047619047619,14.466847392206354,0.00625,-0.33958333333333335,4.845321294674777,-1.234042767237482,227935,0.019442611024715006,14.019047619047619,14.466847392206354,0.00625,-0.33958333333333335,0.0,-0.3095833333333333,4.845321294674777,-1.234042767237482,tracking,True,,False,False,-10.0,0.0,-2.39,0.08811961603350937,True,-30.958333333333332,47.800000000000004,16.841666666666672,1500,1583,1687,1500,2000,2000,1000,1000,-10.0,5.0,15.0,20.0,100.0,20.0,100.0,0.03,0.25,3,1.0,1.0,60.0,1660,67.0
316,332498686866353,6.320019902952481,commit_complete,227936,11686507298874,True,,13.772893772893774,14.20753488771024,0.00625,-0.3375,4.847127486763289,-1.2269291450869573,227936,0.005958257999736816,13.772893772893774,14.20753488771024,0.00625,-0.3375,0.0,-0.3075,4.847127486763289,-1.2269291450869573,tracking,True,,False,False,-10.0,0.0,-2.39,0.10813628497999161,True,-30.75,47.800000000000004,17.050000000000004,1500,1583,1687,1500,2000,2000,1000,1000,-10.0,5.0,15.0,20.0,100.0,20.0,100.0,0.03,0.25,3,1.0,1.0,60.0,1660,67.0
317,332498706855083,6.340008632978424,commit_complete,227936,11686507298874,True,,13.772893772893774,14.20753488771024,0.00625,-0.3375,4.847127486763289,-1.2269291450869573,227936,0.025946988025680184,13.772893772893774,14.20753488771024,0.00625,-0.3375,0.0,-0.3075,4.847127486763289,-1.2269291450869573,tracking,True,,False,False,-10.0,0.0,-2.39,0.12812501500593498,True,-30.75,47.800000000000004,17.050000000000004,1500,1583,1687,1500,2000,2000,1000,1000,-10.0,5.0,15.0,20.0,100.0,20.0,100.0,0.03,0.25,3,1.0,1.0,60.0,1660,67.0
318,332498726850614,6.360004163987469,commit_complete,227937,11686540392853,True,,13.672727272727272,14.093783753693248,0.00625,-0.3333333333333333,4.850712500726659,-1.2126781251816647,227937,0.012533520988654345,13.672727272727272,14.093783753693248,0.00625,-0.3333333333333333,0.0,-0.30333333333333334,4.850712500726659,-1.2126781251816647,tracking,True,,False,False,-10.0,0.0,-2.39,0.14812054601497948,True,-30.333333333333336,47.800000000000004,17.46666666666667,1500,1583,1688,1500,2000,2000,1000,1000,-10.0,5.0,15.0,20.0,100.0,20.0,100.0,0.03,0.25,3,1.0,1.0,60.0,1660,67.0
319,332498746871212,6.380024761951063,commit_complete,227937,11686540392853,True,,13.672727272727272,14.093783753693248,0.00625,-0.3333333333333333,4.850712500726659,-1.2126781251816647,227937,0.032554118952248245,13.672727272727272,14.093783753693248,0.00625,-0.3333333333333333,0.0,-0.30333333333333334,4.850712500726659,-1.2126781251816647,tracking,True,,False,False,-10.0,0.0,-2.5,0.006839364999905229,True,-30.333333333333336,50.0,19.666666666666664,1500,1583,1690,1500,2000,2000,1000,1000,-10.0,5.0,15.0,20.0,100.0,20.0,100.0,0.03,0.25,3,1.0,1.0,60.0,1660,67.0
320,332498766831680,6.399985230003949,commit_complete,227938,11686573363434,True,,13.672727272727272,14.08861765092834,0.00625,-0.33125,4.852491255866911,-1.205540796379436,227938,0.019016265054233372,13.672727272727272,14.08861765092834,0.00625,-0.33125,0.0,-0.30125,4.852491255866911,-1.205540796379436,tracking,True,,False,False,-10.0,0.0,-2.5,0.026799833052791655,True,-30.125,50.0,19.875,1500,1583,1690,1500,2000,2000,1000,1000,-10.0,5.0,15.0,20.0,100.0,20.0,100.0,0.03,0.25,3,1.0,1.0,60.0,1660,67.0
321,332498786917484,6.420071033993736,commit_complete,227939,11686606221105,True,,13.672727272727272,14.078377015130874,0.00625,-0.32708333333333334,4.856021096407301,-1.1912426752124161,227939,0.005675969005096704,13.672727272727272,14.078377015130874,0.00625,-0.32708333333333334,0.0,-0.29708333333333337,4.856021096407301,-1.1912426752124161,tracking,True,,False,False,-10.0,0.0,-2.5,0.04688563704257831,True,-29.708333333333336,50.0,20.291666666666664,1500,1583,1690,1500,2000,2000,1000,1000,-10.0,5.0,15.0,20.0,100.0,20.0,100.0,0.03,0.25,3,1.0,1.0,60.0,1660,67.0
322,332498806895900,6.440049449971411,commit_complete,227939,11686606221105,True,,13.672727272727272,14.078377015130874,0.00625,-0.32708333333333334,4.856021096407301,-1.1912426752124161,227939,0.02565438498277217,13.672727272727272,14.078377015130874,0.00625,-0.32708333333333334,0.0,-0.29708333333333337,4.856021096407301,-1.1912426752124161,tracking,True,,False,False,-10.0,0.0,-2.5,0.06686405302025378,True,-29.708333333333336,50.0,20.291666666666664,1500,1583,1690,1500,2000,2000,1000,1000,-10.0,5.0,15.0,20.0,100.0,20.0,100.0,0.03,0.25,3,1.0,1.0,60.0,1660,67.0
323,332498826835987,6.459989536961075,commit_complete,227940,11686639800527,True,,13.426573426573427,13.81993703639638,0.00625,-0.325,4.857772115702835,-1.184081953202566,227940,0.0121340699843131,13.426573426573427,13.81993703639638,0.00625,-0.325,0.0,-0.29500000000000004,4.857772115702835,-1.184081953202566,tracking,True,,False,False,-10.0,0.0,-2.5,0.08680414000991732,True,-29.500000000000004,50.0,20.499999999999996,1500,1583,1691,1500,2000,2000,1000,1000,-10.0,5.0,15.0,20.0,100.0,20.0,100.0,0.03,0.25,3,1.0,1.0,60.0,1660,67.0
324,332498846827923,6.479981472948566,commit_complete,227940,11686639800527,True,,13.426573426573427,13.81993703639638,0.00625,-0.325,4.857772115702835,-1.184081953202566,227940,0.03212600597180426,13.426573426573427,13.81993703639638,0.00625,-0.325,0.0,-0.29500000000000004,4.857772115702835,-1.184081953202566,tracking,True,,False,False,-10.0,0.0,-2.5,0.10679607599740848,True,-29.500000000000004,50.0,20.499999999999996,1500,1583,1691,1500,2000,2000,1000,1000,-10.0,5.0,15.0,20.0,100.0,20.0,100.0,0.03,0.25,3,1.0,1.0,60.0,1660,67.0
325,332498866865274,6.500018823950086,commit_complete,227941,11686672369557,True,,13.672727272727272,14.068258694165046,0.00625,-0.3229166666666667,4.859513823792682,-1.17691350419979,227941,0.018716936989221722,13.672727272727272,14.068258694165046,0.00625,-0.3229166666666667,0.0,-0.2929166666666667,4.859513823792682,-1.17691350419979,tracking,True,,False,False,-10.0,0.0,-2.5,0.1268334269989282,True,-29.29166666666667,50.0,20.70833333333333,1500,1583,1691,1500,2000,2000,1000,1000,-10.0,5.0,15.0,20.0,100.0,20.0,100.0,0.03,0.25,3,1.0,1.0,60.0,1660,67.0
326,332498886881948,6.5200354979606345,commit_complete,227942,11686705427849,True,,13.672727272727272,14.063245484372338,0.00625,-0.32083333333333336,4.861246187897627,-1.1697373639628663,227942,0.0052051019738428295,13.672727272727272,14.063245484372338,0.00625,-0.32083333333333336,0.0,-0.2908333333333334,4.861246187897627,-1.1697373639628663,tracking,True,,False,False,-10.0,0.0,-2.5,0.14685010100947693,True,-29.08333333333334,50.0,20.91666666666666,1500,1583,1691,1500,2000,2000,1000,1000,-10.0,5.0,15.0,20.0,100.0,20.0,100.0,0.03,0.25,3,1.0,1.0,60.0,1660,67.0
327,332498906871327,6.540024877001997,commit_complete,227942,11686705427849,True,,13.672727272727272,14.063245484372338,0.00625,-0.32083333333333336,4.861246187897627,-1.1697373639628663,227942,0.025194481015205383,13.672727272727272,14.063245484372338,0.00625,-0.32083333333333336,0.0,-0.2908333333333334,4.861246187897627,-1.1697373639628663,tracking,True,,False,False,-10.0,0.0,-2.5,0.16683948005083948,True,-29.08333333333334,50.0,20.91666666666666,1500,1583,1691,1500,2000,2000,1000,1000,-10.0,5.0,15.0,20.0,100.0,20.0,100.0,0.03,0.25,3,1.0,1.0,60.0,1660,67.0
328,332498926854434,6.560007983993273,commit_complete,227943,11686738934816,True,,13.672727272727272,14.05826295213619,0.00625,-0.31875,4.862969175350511,-1.1625535684822317,227943,0.011732200044207275,13.672727272727272,14.05826295213619,0.00625,-0.31875,0.0,-0.28874999999999995,4.862969175350511,-1.1625535684822317,tracking,True,,False,False,-10.0,0.0,-2.5,0.18682258704211563,True,-28.874999999999996,50.0,21.125000000000004,1500,1583,1691,1500,2000,2000,1000,1000,-10.0,5.0,15.0,20.0,100.0,20.0,100.0,0.03,0.25,3,1.0,1.0,60.0,1660,67.0
329,332498946855198,6.580008747987449,commit_complete,227943,11686738934816,True,,13.672727272727272,14.05826295213619,0.00625,-0.31875,4.862969175350511,-1.1625535684822317,227943,0.031732964038383216,13.672727272727272,14.05826295213619,0.00625,-0.31875,0.0,-0.28874999999999995,4.862969175350511,-1.1625535684822317,tracking,True,,False,False,-10.0,0.0,-2.55,0.018947040021885186,True,-28.874999999999996,51.0,22.125000000000004,1500,1583,1692,1500,2000,2000,1000,1000,-10.0,5.0,15.0,20.0,100.0,20.0,100.0,0.03,0.25,3,1.0,1.0,60.0,1660,67.0
330,332498966870280,6.600023829960264,commit_complete,227944,11686771457951,True,,13.672727272727272,14.05826295213619,0.00625,-0.31875,4.862969175350511,-1.1625535684822317,227944,0.01832604198716581,13.672727272727272,14.05826295213619,0.00625,-0.31875,0.0,-0.28874999999999995,4.862969175350511,-1.1625535684822317,tracking,True,,False,False,-10.0,0.0,-2.55,0.03896212199470028,True,-28.874999999999996,51.0,22.125000000000004,1500,1583,1692,1500,2000,2000,1000,1000,-10.0,5.0,15.0,20.0,100.0,20.0,100.0,0.03,0.25,3,1.0,1.0,60.0,1660,67.0
331,332498986848548,6.620002097974066,commit_complete,227945,11686804412280,True,,13.672727272727272,14.05826295213619,0.00625,-0.31875,4.862969175350511,-1.1625535684822317,227945,0.004835929023101926,13.672727272727272,14.05826295213619,0.00625,-0.31875,0.0,-0.28874999999999995,4.862969175350511,-1.1625535684822317,tracking,True,,False,False,-10.0,0.0,-2.55,0.05894039000850171,True,-28.874999999999996,51.0,22.125000000000004,1500,1583,1692,1500,2000,2000,1000,1000,-10.0,5.0,15.0,20.0,100.0,20.0,100.0,0.03,0.25,3,1.0,1.0,60.0,1660,67.0
332,332499006852041,6.640005590976216,commit_complete,227945,11686804412280,True,,13.672727272727272,14.05826295213619,0.00625,-0.31875,4.862969175350511,-1.1625535684822317,227945,0.024839422025252134,13.672727272727272,14.05826295213619,0.00625,-0.31875,0.0,-0.28874999999999995,4.862969175350511,-1.1625535684822317,tracking,True,,False,False,-10.0,0.0,-2.55,0.07894388301065192,True,-28.874999999999996,51.0,22.125000000000004,1500,1583,1692,1500,2000,2000,1000,1000,-10.0,5.0,15.0,20.0,100.0,20.0,100.0,0.03,0.25,3,1.0,1.0,60.0,1660,67.0
333,332499026863486,6.660017035959754,commit_complete,227946,11686837386876,True,,13.672727272727272,14.05826295213619,0.00625,-0.31875,4.862969175350511,-1.1625535684822317,227946,0.011392890999559313,13.672727272727272,14.05826295213619,0.00625,-0.31875,0.0,-0.28874999999999995,4.862969175350511,-1.1625535684822317,tracking,True,,False,False,-10.0,0.0,-2.55,0.09895532799419016,True,-28.874999999999996,51.0,22.125000000000004,1500,1583,1692,1500,2000,2000,1000,1000,-10.0,5.0,15.0,20.0,100.0,20.0,100.0,0.03,0.25,3,1.0,1.0,60.0,1660,67.0
334,332499046863392,6.680016941973008,commit_complete,227946,11686837386876,True,,13.672727272727272,14.05826295213619,0.00625,-0.31875,4.862969175350511,-1.1625535684822317,227946,0.03139279701281339,13.672727272727272,14.05826295213619,0.00625,-0.31875,0.0,-0.28874999999999995,4.862969175350511,-1.1625535684822317,tracking,True,,False,False,-10.0,0.0,-2.55,0.11895523400744423,True,-28.874999999999996,51.0,22.125000000000004,1500,1583,1692,1500,2000,2000,1000,1000,-10.0,5.0,15.0,20.0,100.0,20.0,100.0,0.03,0.25,3,1.0,1.0,60.0,1660,67.0
335,332499066866347,6.700019896961749,commit_complete,227947,11686871355502,True,,13.672727272727272,14.063245484372338,0.00625,-0.32083333333333336,4.861246187897627,-1.1697373639628663,227947,0.01788248697994277,13.672727272727272,14.063245484372338,0.00625,-0.32083333333333336,0.0,-0.2908333333333334,4.861246187897627,-1.1697373639628663,tracking,True,,False,False,-10.0,0.0,-2.55,0.13895818899618462,True,-29.08333333333334,51.0,21.91666666666666,1500,1583,1692,1500,2000,2000,1000,1000,-10.0,5.0,15.0,20.0,100.0,20.0,100.0,0.03,0.25,3,1.0,1.0,60.0,1660,67.0
336,332499086859787,6.72001333697699,commit_complete,227948,11686903632551,True,,13.672727272727272,14.063245484372338,0.00625,-0.32083333333333336,4.861246187897627,-1.1697373639628663,227948,0.004463156976271421,13.672727272727272,14.063245484372338,0.00625,-0.32083333333333336,0.0,-0.2908333333333334,4.861246187897627,-1.1697373639628663,tracking,True,,False,False,-10.0,0.0,-2.4,0.016263714991509914,True,-29.08333333333334,48.0,18.91666666666666,1500,1583,1689,1500,2000,2000,1000,1000,-10.0,5.0,15.0,20.0,100.0,20.0,100.0,0.03,0.25,3,1.0,1.0,60.0,1660,67.0
337,332499106862420,6.74001596996095,commit_complete,227948,11686903632551,True,,13.672727272727272,14.063245484372338,0.00625,-0.32083333333333336,4.861246187897627,-1.1697373639628663,227948,0.024465789960231632,13.672727272727272,14.063245484372338,0.00625,-0.32083333333333336,0.0,-0.2908333333333334,4.861246187897627,-1.1697373639628663,tracking,True,,False,False,-10.0,0.0,-2.4,0.036266347975470126,True,-29.08333333333334,48.0,18.91666666666666,1500,1583,1689,1500,2000,2000,1000,1000,-10.0,5.0,15.0,20.0,100.0,20.0,100.0,0.03,0.25,3,1.0,1.0,60.0,1660,67.0
338,332499126863766,6.760017315973528,commit_complete,227949,11686936821188,True,,13.426573426573427,13.810061032116863,0.00625,-0.32083333333333336,4.861246187897627,-1.1697373639628663,227949,0.011026098974980414,13.426573426573427,13.810061032116863,0.00625,-0.32083333333333336,0.0,-0.2908333333333334,4.861246187897627,-1.1697373639628663,tracking,True,,False,False,-10.0,0.0,-2.4,0.05626769398804754,True,-29.08333333333334,48.0,18.91666666666666,1500,1583,1689,1500,2000,2000,1000,1000,-10.0,5.0,15.0,20.0,100.0,20.0,100.0,0.03,0.25,3,1.0,1.0,60.0,1660,67.0
339,332499146869654,6.780023203988094,commit_complete,227949,11686936821188,True,,13.426573426573427,13.810061032116863,0.00625,-0.32083333333333336,4.861246187897627,-1.1697373639628663,227949,0.031031986989546567,13.426573426573427,13.810061032116863,0.00625,-0.32083333333333336,0.0,-0.2908333333333334,4.861246187897627,-1.1697373639628663,tracking,True,,False,False,-10.0,0.0,-2.4,0.0762735820026137,True,-29.08333333333334,48.0,18.91666666666666,1500,1583,1689,1500,2000,2000,1000,1000,-10.0,5.0,15.0,20.0,100.0,20.0,100.0,0.03,0.25,3,1.0,1.0,60.0,1660,67.0
340,332499166875952,6.800029501959216,commit_complete,227950,11686969817773,True,,13.426573426573427,13.810061032116863,0.00625,-0.32083333333333336,4.861246187897627,-1.1697373639628663,227950,0.017566067981533706,13.426573426573427,13.810061032116863,0.00625,-0.32083333333333336,0.0,-0.2908333333333334,4.861246187897627,-1.1697373639628663,tracking,True,,False,False,-10.0,0.0,-2.4,0.09627987997373566,True,-29.08333333333334,48.0,18.91666666666666,1500,1583,1689,1500,2000,2000,1000,1000,-10.0,5.0,15.0,20.0,100.0,20.0,100.0,0.03,0.25,3,1.0,1.0,60.0,1660,67.0
341,332499186836539,6.819990088988561,commit_complete,227951,11687002872333,True,,13.426573426573427,13.810061032116863,0.00625,-0.32083333333333336,4.861246187897627,-1.1697373639628663,227951,0.004025180998723954,13.426573426573427,13.810061032116863,0.00625,-0.32083333333333336,0.0,-0.2908333333333334,4.861246187897627,-1.1697373639628663,tracking,True,,False,False,-10.0,0.0,-2.4,0.116240467003081,True,-29.08333333333334,48.0,18.91666666666666,1500,1583,1689,1500,2000,2000,1000,1000,-10.0,5.0,15.0,20.0,100.0,20.0,100.0,0.03,0.25,3,1.0,1.0,60.0,1660,67.0
342,332499206861056,6.840014605957549,commit_complete,227951,11687002872333,True,,13.426573426573427,13.810061032116863,0.00625,-0.32083333333333336,4.861246187897627,-1.1697373639628663,227951,0.024049697967711836,13.426573426573427,13.810061032116863,0.00625,-0.32083333333333336,0.0,-0.2908333333333334,4.861246187897627,-1.1697373639628663,tracking,True,,False,False,-10.0,0.0,-2.4,0.13626498397206888,True,-29.08333333333334,48.0,18.91666666666666,1500,1583,1689,1500,2000,2000,1000,1000,-10.0,5.0,15.0,20.0,100.0,20.0,100.0,0.03,0.25,3,1.0,1.0,60.0,1660,67.0
343,332499226855480,6.860009029973298,commit_complete,227952,11687035778604,True,,13.426573426573427,13.810061032116863,0.00625,-0.32083333333333336,4.861246187897627,-1.1697373639628663,227952,0.01064822101034224,13.426573426573427,13.810061032116863,0.00625,-0.32083333333333336,0.0,-0.2908333333333334,4.861246187897627,-1.1697373639628663,tracking,True,,False,False,-10.0,0.0,-2.4,0.15625940798781812,True,-29.08333333333334,48.0,18.91666666666666,1500,1583,1689,1500,2000,2000,1000,1000,-10.0,5.0,15.0,20.0,100.0,20.0,100.0,0.03,0.25,3,1.0,1.0,60.0,1660,67.0
344,332499246838770,6.87999231996946,commit_complete,227952,11687035778604,True,,13.426573426573427,13.810061032116863,0.00625,-0.32083333333333336,4.861246187897627,-1.1697373639628663,227952,0.030631511006504297,13.426573426573427,13.810061032116863,0.00625,-0.32083333333333336,0.0,-0.2908333333333334,4.861246187897627,-1.1697373639628663,tracking,True,,False,False,-10.0,0.0,-2.4,0.17624269798398018,True,-29.08333333333334,48.0,18.91666666666666,1500,1583,1689,1500,2000,2000,1000,1000,-10.0,5.0,15.0,20.0,100.0,20.0,100.0,0.03,0.25,3,1.0,1.0,60.0,1660,67.0
345,332499266853397,6.900006946991198,commit_complete,227953,11687068444606,True,,13.426573426573427,13.810061032116863,0.00625,-0.32083333333333336,4.861246187897627,-1.1697373639628663,227953,0.017201727023348212,13.426573426573427,13.810061032116863,0.00625,-0.32083333333333336,0.0,-0.2908333333333334,4.861246187897627,-1.1697373639628663,tracking,True,,False,False,-10.0,0.0,-2.17,0.014754216012079269,True,-29.08333333333334,43.4,14.31666666666666,1500,1583,1684,1500,2000,2000,1000,1000,-10.0,5.0,15.0,20.0,100.0,20.0,100.0,0.03,0.25,3,1.0,1.0,60.0,1660,67.0
346,332499286869260,6.920022809994407,commit_complete,227954,11687101151917,True,,13.426573426573427,13.810061032116863,0.00625,-0.32083333333333336,4.861246187897627,-1.1697373639628663,227954,0.0037273720372468233,13.426573426573427,13.810061032116863,0.00625,-0.32083333333333336,0.0,-0.2908333333333334,4.861246187897627,-1.1697373639628663,tracking,True,,False,False,-10.0,0.0,-2.17,0.0347700790152885,True,-29.08333333333334,43.4,14.31666666666666,1500,1583,1684,1500,2000,2000,1000,1000,-10.0,5.0,15.0,20.0,100.0,20.0,100.0,0.03,0.25,3,1.0,1.0,60.0,1660,67.0
347,332499306846064,6.939999613969121,commit_complete,227954,11687101151917,True,,13.426573426573427,13.810061032116863,0.00625,-0.32083333333333336,4.861246187897627,-1.1697373639628663,227954,0.023704176011960953,13.426573426573427,13.810061032116863,0.00625,-0.32083333333333336,0.0,-0.2908333333333334,4.861246187897627,-1.1697373639628663,tracking,True,,False,False,-10.0,0.0,-2.17,0.05474688299000263,True,-29.08333333333334,43.4,14.31666666666666,1500,1583,1684,1500,2000,2000,1000,1000,-10.0,5.0,15.0,20.0,100.0,20.0,100.0,0.03,0.25,3,1.0,1.0,60.0,1660,67.0
348,332499326837810,6.959991359966807,commit_complete,227955,11687134312128,True,,13.426573426573427,13.800449041972731,0.0078125,-0.31666666666666665,4.864682753597803,-1.155362153979478,227955,0.010165922984015197,13.426573426573427,13.800449041972731,0.0078125,-0.31666666666666665,0.0,-0.2866666666666666,4.864682753597803,-1.155362153979478,tracking,True,,False,False,-10.0,0.0,-2.17,0.07473862898768857,True,-28.666666666666664,43.4,14.733333333333334,1500,1583,1685,1500,2000,2000,1000,1000,-10.0,5.0,15.0,20.0,100.0,20.0,100.0,0.03,0.25,3,1.0,1.0,60.0,1660,67.0
349,332499346839658,6.979993207962252,commit_complete,227955,11687134312128,True,,13.426573426573427,13.800449041972731,0.0078125,-0.31666666666666665,4.864682753597803,-1.155362153979478,227955,0.03016777097946033,13.426573426573427,13.800449041972731,0.0078125,-0.31666666666666665,0.0,-0.2866666666666666,4.864682753597803,-1.155362153979478,tracking,True,,False,False,-10.0,0.0,-2.17,0.0947404769831337,True,-28.666666666666664,43.4,14.733333333333334,1500,1583,1685,1500,2000,2000,1000,1000,-10.0,5.0,15.0,20.0,100.0,20.0,100.0,0.03,0.25,3,1.0,1.0,60.0,1660,67.0
350,332499366856589,7.000010138959624,commit_complete,227956,11687167414333,True,,13.426573426573427,13.800449041972731,0.0078125,-0.31666666666666665,4.864682753597803,-1.155362153979478,227956,0.016802306985482574,13.426573426573427,13.800449041972731,0.0078125,-0.31666666666666665,0.0,-0.2866666666666666,4.864682753597803,-1.155362153979478,tracking,True,,False,False,-10.0,0.0,-2.17,0.11475740798050538,True,-28.666666666666664,43.4,14.733333333333334,1500,1583,1685,1500,2000,2000,1000,1000,-10.0,5.0,15.0,20.0,100.0,20.0,100.0,0.03,0.25,3,1.0,1.0,60.0,1660,67.0
351,332499386859136,7.020012685970869,commit_complete,227957,11687200377182,True,,13.110367892976589,13.470719840441083,0.0078125,-0.3145833333333333,4.866386890201161,-1.1481631569068362,227957,0.003343215968925506,13.110367892976589,13.470719840441083,0.0078125,-0.3145833333333333,0.0,-0.2845833333333333,4.866386890201161,-1.1481631569068362,tracking,True,,False,False,-10.0,0.0,-2.17,0.13475995499175042,True,-28.45833333333333,43.4,14.94166666666667,1500,1583,1685,1500,2000,2000,1000,1000,-10.0,5.0,15.0,20.0,100.0,20.0,100.0,0.03,0.25,3,1.0,1.0,60.0,1660,67.0
352,332499406865189,7.040018739004154,commit_complete,227957,11687200377182,True,,13.110367892976589,13.470719840441083,0.0078125,-0.3145833333333333,4.866386890201161,-1.1481631569068362,227957,0.02334926900221035,13.110367892976589,13.470719840441083,0.0078125,-0.3145833333333333,0.0,-0.2845833333333333,4.866386890201161,-1.1481631569068362,tracking,True,,False,False,-10.0,0.0,-2.17,0.15476600802503526,True,-28.45833333333333,43.4,14.94166666666667,1500,1583,1685,1500,2000,2000,1000,1000,-10.0,5.0,15.0,20.0,100.0,20.0,100.0,0.03,0.25,3,1.0,1.0,60.0,1660,67.0
353,332499426853054,7.060006604006048,commit_complete,227958,11687233400678,True,,13.110367892976589,13.466030723104264,0.0078125,-0.3125,4.868081552839005,-1.1409566139466416,227958,0.009818694030400366,13.110367892976589,13.466030723104264,0.0078125,-0.3125,0.0,-0.2825,4.868081552839005,-1.1409566139466416,tracking,True,,False,False,-10.0,0.0,-1.89,0.013531963049899787,True,-28.249999999999996,37.8,9.55,1500,1583,1680,1500,2000,2000,1000,1000,-10.0,5.0,15.0,20.0,100.0,20.0,100.0,0.03,0.25,3,1.0,1.0,60.0,1660,67.0
354,332499446845707,7.079999256995507,commit_complete,227958,11687233400678,True,,13.110367892976589,13.466030723104264,0.0078125,-0.3125,4.868081552839005,-1.1409566139466416,227958,0.02981134701985866,13.110367892976589,13.466030723104264,0.0078125,-0.3125,0.0,-0.2825,4.868081552839005,-1.1409566139466416,tracking,True,,False,False,-10.0,0.0,-1.89,0.03352461603935808,True,-28.249999999999996,37.8,9.55,1500,1583,1680,1500,2000,2000,1000,1000,-10.0,5.0,15.0,20.0,100.0,20.0,100.0,0.03,0.25,3,1.0,1.0,60.0,1660,67.0
355,332499466848071,7.100001621001866,commit_complete,227960,11687299346854,True,,13.110367892976589,13.466030723104264,0.0078125,-0.3125,4.868081552839005,-1.1409566139466416,227960,0.016287678037770092,13.110367892976589,13.466030723104264,0.0078125,-0.3125,0.0,-0.2825,4.868081552839005,-1.1409566139466416,tracking,True,,False,False,-10.0,0.0,-1.89,0.05352698004571721,True,-28.249999999999996,37.8,9.55,1500,1583,1680,1500,2000,2000,1000,1000,-10.0,5.0,15.0,20.0,100.0,20.0,100.0,0.03,0.25,3,1.0,1.0,60.0,1660,67.0
356,332499486862828,7.12001637800131,commit_complete,227961,11687332151737,True,,13.110367892976589,13.466030723104264,0.0078125,-0.3125,4.868081552839005,-1.1409566139466416,227961,0.002879181003663689,13.110367892976589,13.466030723104264,0.0078125,-0.3125,0.0,-0.2825,4.868081552839005,-1.1409566139466416,tracking,True,,False,False,-10.0,0.0,-1.89,0.07354173704516143,True,-28.249999999999996,37.8,9.55,1500,1583,1680,1500,2000,2000,1000,1000,-10.0,5.0,15.0,20.0,100.0,20.0,100.0,0.03,0.25,3,1.0,1.0,60.0,1660,67.0
357,332499506858169,7.1400117189623415,commit_complete,227961,11687332151737,True,,13.110367892976589,13.466030723104264,0.0078125,-0.3125,4.868081552839005,-1.1409566139466416,227961,0.022874521964695305,13.110367892976589,13.466030723104264,0.0078125,-0.3125,0.0,-0.2825,4.868081552839005,-1.1409566139466416,tracking,True,,False,False,-10.0,0.0,-1.89,0.09353707800619304,True,-28.249999999999996,37.8,9.55,1500,1583,1680,1500,2000,2000,1000,1000,-10.0,5.0,15.0,20.0,100.0,20.0,100.0,0.03,0.25,3,1.0,1.0,60.0,1660,67.0
358,332499526834078,7.159987627994269,commit_complete,227962,11687365718888,True,,13.110367892976589,13.470719840441083,0.0078125,-0.3145833333333333,4.866386890201161,-1.1481631569068362,227962,0.009369920007884502,13.110367892976589,13.470719840441083,0.0078125,-0.3145833333333333,0.0,-0.2845833333333333,4.866386890201161,-1.1481631569068362,tracking,True,,False,False,-10.0,0.0,-1.89,0.11351298703812063,True,-28.45833333333333,37.8,9.341666666666669,1500,1583,1680,1500,2000,2000,1000,1000,-10.0,5.0,15.0,20.0,100.0,20.0,100.0,0.03,0.25,3,1.0,1.0,60.0,1660,67.0
359,332499546864756,7.180018305953126,commit_complete,227962,11687365718888,True,,13.110367892976589,13.470719840441083,0.0078125,-0.3145833333333333,4.866386890201161,-1.1481631569068362,227962,0.02940059796674177,13.110367892976589,13.470719840441083,0.0078125,-0.3145833333333333,0.0,-0.2845833333333333,4.866386890201161,-1.1481631569068362,tracking,True,,False,False,-10.0,0.0,-1.89,0.1335436649969779,True,-28.45833333333333,37.8,9.341666666666669,1500,1583,1680,1500,2000,2000,1000,1000,-10.0,5.0,15.0,20.0,100.0,20.0,100.0,0.03,0.25,3,1.0,1.0,60.0,1660,67.0
360,332499566850445,7.200003994978033,commit_complete,227963,11687398844049,True,,13.110367892976589,13.470719840441083,0.0078125,-0.3145833333333333,4.866386890201161,-1.1481631569068362,227963,0.01592950097983703,13.110367892976589,13.470719840441083,0.0078125,-0.3145833333333333,0.0,-0.2845833333333333,4.866386890201161,-1.1481631569068362,tracking,True,,False,False,-10.0,0.0,-1.89,0.1535293540218845,True,-28.45833333333333,37.8,9.341666666666669,1500,1583,1680,1500,2000,2000,1000,1000,-10.0,5.0,15.0,20.0,100.0,20.0,100.0,0.03,0.25,3,1.0,1.0,60.0,1660,67.0
361,332499586845774,7.219999324006494,commit_complete,227964,11687431470938,True,,13.110367892976589,13.475438466708882,0.0078125,-0.31666666666666665,4.864682753597803,-1.1553621539794783,227964,0.002497013018000871,13.110367892976589,13.475438466708882,0.0078125,-0.31666666666666665,0.0,-0.2866666666666666,4.864682753597803,-1.1553621539794783,tracking,True,,False,False,-10.0,0.0,-1.71,0.002122136007528752,True,-28.666666666666664,34.2,5.5333333333333385,1500,1583,1676,1500,2000,2000,1000,1000,-10.0,5.0,15.0,20.0,100.0,20.0,100.0,0.03,0.25,3,1.0,1.0,60.0,1660,67.0
362,332499606845721,7.2399992709979415,commit_complete,227964,11687431470938,True,,13.110367892976589,13.475438466708882,0.0078125,-0.31666666666666665,4.864682753597803,-1.1553621539794783,227964,0.02249696000944823,13.110367892976589,13.475438466708882,0.0078125,-0.31666666666666665,0.0,-0.2866666666666666,4.864682753597803,-1.1553621539794783,tracking,True,,False,False,-10.0,0.0,-1.71,0.02212208299897611,True,-28.666666666666664,34.2,5.5333333333333385,1500,1583,1676,1500,2000,2000,1000,1000,-10.0,5.0,15.0,20.0,100.0,20.0,100.0,0.03,0.25,3,1.0,1.0,60.0,1660,67.0
363,332499626845046,7.259998595982324,commit_complete,227965,11687465363040,True,,12.882447665056361,13.24583714451661,0.0078125,-0.31875,4.862969175350511,-1.1625535684822315,227965,0.009082818985916674,12.882447665056361,13.24583714451661,0.0078125,-0.31875,0.0,-0.28874999999999995,4.862969175350511,-1.1625535684822315,tracking,True,,False,False,-10.0,0.0,-1.71,0.04212140798335895,True,-28.874999999999996,34.2,5.325000000000006,1500,1583,1676,1500,2000,2000,1000,1000,-10.0,5.0,15.0,20.0,100.0,20.0,100.0,0.03,0.25,3,1.0,1.0,60.0,1660,67.0
364,332499646847631,7.280001181003172,commit_complete,227965,11687465363040,True,,12.882447665056361,13.24583714451661,0.0078125,-0.31875,4.862969175350511,-1.1625535684822315,227965,0.029085404006764293,12.882447665056361,13.24583714451661,0.0078125,-0.31875,0.0,-0.28874999999999995,4.862969175350511,-1.1625535684822315,tracking,True,,False,False,-10.0,0.0,-1.71,0.06212399300420657,True,-28.874999999999996,34.2,5.325000000000006,1500,1583,1676,1500,2000,2000,1000,1000,-10.0,5.0,15.0,20.0,100.0,20.0,100.0,0.03,0.25,3,1.0,1.0,60.0,1660,67.0
365,332499666850058,7.30000360799022,commit_complete,227966,11687498128371,True,,12.882447665056361,13.25525503780067,0.0078125,-0.3229166666666667,4.859513823792682,-1.1769135041997902,227966,0.015575511031784117,12.882447665056361,13.25525503780067,0.0078125,-0.3229166666666667,0.0,-0.2929166666666667,4.859513823792682,-1.1769135041997902,tracking,True,,False,False,-10.0,0.0,-1.71,0.0821264199912548,True,-29.29166666666667,34.2,4.908333333333331,1500,1583,1675,1500,2000,2000,1000,1000,-10.0,5.0,15.0,20.0,100.0,20.0,100.0,0.03,0.25,3,1.0,1.0,60.0,1660,67.0
366,332499686825300,7.319978849962354,commit_complete,227967,11687530786248,True,,12.882447665056361,13.25525503780067,0.0078125,-0.3229166666666667,4.859513823792682,-1.1769135041997902,227967,0.002120874007232487,12.882447665056361,13.25525503780067,0.0078125,-0.3229166666666667,0.0,-0.2929166666666667,4.859513823792682,-1.1769135041997902,tracking,True,,False,False,-10.0,0.0,-1.71,0.10210166196338832,True,-29.29166666666667,34.2,4.908333333333331,1500,1583,1675,1500,2000,2000,1000,1000,-10.0,5.0,15.0,20.0,100.0,20.0,100.0,0.03,0.25,3,1.0,1.0,60.0,1660,67.0
367,332499706848794,7.340002343989909,commit_complete,227967,11687530786248,True,,12.882447665056361,13.25525503780067,0.0078125,-0.3229166666666667,4.859513823792682,-1.1769135041997902,227967,0.022144368034787476,12.882447665056361,13.25525503780067,0.0078125,-0.3229166666666667,0.0,-0.2929166666666667,4.859513823792682,-1.1769135041997902,tracking,True,,False,False,-10.0,0.0,-1.71,0.12212515599094331,True,-29.29166666666667,34.2,4.908333333333331,1500,1583,1675,1500,2000,2000,1000,1000,-10.0,5.0,15.0,20.0,100.0,20.0,100.0,0.03,0.25,3,1.0,1.0,60.0,1660,67.0
368,332499726840558,7.359994107973762,commit_complete,227968,11687563585939,True,,12.882447665056361,13.264788423937361,0.0078125,-0.32708333333333334,4.856021096407301,-1.1912426752124161,227968,0.00867011898662895,12.882447665056361,13.264788423937361,0.0078125,-0.32708333333333334,0.0,-0.29708333333333337,4.856021096407301,-1.1912426752124161,tracking,True,,False,False,-10.0,0.0,-1.71,0.14211691997479647,True,-29.708333333333336,34.2,4.491666666666667,1500,1583,1675,1500,2000,2000,1000,1000,-10.0,5.0,15.0,20.0,100.0,20.0,100.0,0.03,0.25,3,1.0,1.0,60.0,1660,67.0
369,332499746879331,7.380032880988438,commit_complete,227968,11687563585939,True,,12.882447665056361,13.264788423937361,0.0078125,-0.32708333333333334,4.856021096407301,-1.1912426752124161,227968,0.028708892001304775,12.882447665056361,13.264788423937361,0.0078125,-0.32708333333333334,0.0,-0.29708333333333337,4.856021096407301,-1.1912426752124161,tracking,True,,False,False,-10.0,0.0,-1.43,0.010880868998356164,True,-29.708333333333336,28.599999999999998,-1.1083333333333378,1500,1583,1669,1500,2000,2000,1000,1000,-10.0,5.0,15.0,20.0,100.0,20.0,100.0,0.03,0.25,3,1.0,1.0,60.0,1660,67.0
370,332499766857478,7.400011027988512,commit_complete,227969,11687596952198,True,,12.882447665056361,13.264788423937361,0.0078125,-0.32708333333333334,4.856021096407301,-1.1912426752124161,227969,0.015274765028152615,12.882447665056361,13.264788423937361,0.0078125,-0.32708333333333334,0.0,-0.29708333333333337,4.856021096407301,-1.1912426752124161,tracking,True,,False,False,-10.0,0.0,-1.43,0.03085901599843055,True,-29.708333333333336,28.599999999999998,-1.1083333333333378,1500,1583,1669,1500,2000,2000,1000,1000,-10.0,5.0,15.0,20.0,100.0,20.0,100.0,0.03,0.25,3,1.0,1.0,60.0,1660,67.0
371,332499786837455,7.419991004979238,commit_complete,227970,11687630218923,True,,12.882447665056361,13.264788423937361,0.0078125,-0.32708333333333334,4.856021096407301,-1.1912426752124161,227970,0.0017569279880262911,12.882447665056361,13.264788423937361,0.0078125,-0.32708333333333334,0.0,-0.29708333333333337,4.856021096407301,-1.1912426752124161,tracking,True,,False,False,-10.0,0.0,-1.43,0.050838992989156395,True,-29.708333333333336,28.599999999999998,-1.1083333333333378,1500,1583,1669,1500,2000,2000,1000,1000,-10.0,5.0,15.0,20.0,100.0,20.0,100.0,0.03,0.25,3,1.0,1.0,60.0,1660,67.0
372,332499806851529,7.440005078969989,commit_complete,227970,11687630218923,True,,12.882447665056361,13.264788423937361,0.0078125,-0.32708333333333334,4.856021096407301,-1.1912426752124161,227970,0.02177100197877735,12.882447665056361,13.264788423937361,0.0078125,-0.32708333333333334,0.0,-0.29708333333333337,4.856021096407301,-1.1912426752124161,tracking,True,,False,False,-10.0,0.0,-1.43,0.07085306697990745,True,-29.708333333333336,28.599999999999998,-1.1083333333333378,1500,1583,1669,1500,2000,2000,1000,1000,-10.0,5.0,15.0,20.0,100.0,20.0,100.0,0.03,0.25,3,1.0,1.0,60.0,1660,67.0
373,332499826849462,7.460003011976369,commit_complete,227971,11687664395308,True,,12.882447665056361,13.264788423937361,0.0078125,-0.32708333333333334,4.856021096407301,-1.1912426752124161,227971,0.008323150977957994,12.882447665056361,13.264788423937361,0.0078125,-0.32708333333333334,0.0,-0.29708333333333337,4.856021096407301,-1.1912426752124161,tracking,True,,False,False,-10.0,0.0,-1.43,0.0908509999862872,True,-29.708333333333336,28.599999999999998,-1.1083333333333378,1500,1583,1669,1500,2000,2000,1000,1000,-10.0,5.0,15.0,20.0,100.0,20.0,100.0,0.03,0.25,3,1.0,1.0,60.0,1660,67.0
374,332499846837742,7.479991291998886,commit_complete,227971,11687664395308,True,,12.882447665056361,13.264788423937361,0.0078125,-0.32708333333333334,4.856021096407301,-1.1912426752124161,227971,0.02831143100047484,12.882447665056361,13.264788423937361,0.0078125,-0.32708333333333334,0.0,-0.29708333333333337,4.856021096407301,-1.1912426752124161,tracking,True,,False,False,-10.0,0.0,-1.43,0.11083928000880405,True,-29.708333333333336,28.599999999999998,-1.1083333333333378,1500,1583,1669,1500,2000,2000,1000,1000,-10.0,5.0,15.0,20.0,100.0,20.0,100.0,0.03,0.25,3,1.0,1.0,60.0,1660,67.0
375,332499866843877,7.499997426988557,commit_complete,227972,11687697017527,True,,12.882447665056361,13.264788423937361,0.0078125,-0.32708333333333334,4.856021096407301,-1.1912426752124161,227972,0.014800611999817193,12.882447665056361,13.264788423937361,0.0078125,-0.32708333333333334,0.0,-0.29708333333333337,4.856021096407301,-1.1912426752124161,tracking,True,,False,False,-10.0,0.0,-1.43,0.13084541499847546,True,-29.708333333333336,28.599999999999998,-1.1083333333333378,1500,1583,1669,1500,2000,2000,1000,1000,-10.0,5.0,15.0,20.0,100.0,20.0,100.0,0.03,0.25,3,1.0,1.0,60.0,1660,67.0
376,332499886859194,7.520012744003907,commit_complete,227973,11687730383997,True,,12.882447665056361,13.26495641896895,0.009375,-0.32708333333333334,4.856021096407301,-1.1912426752124161,227973,0.001445853034965694,12.882447665056361,13.26495641896895,0.009375,-0.32708333333333334,0.0,-0.29708333333333337,4.856021096407301,-1.1912426752124161,tracking,True,,False,False,-10.0,0.0,-1.1,0.01978209801018238,True,-29.708333333333336,22.0,-7.708333333333336,1500,1583,1662,1500,2000,2000,1000,1000,-10.0,5.0,15.0,20.0,100.0,20.0,100.0,0.03,0.25,3,1.0,1.0,60.0,1660,67.0
377,332499906833584,7.539987133990508,commit_complete,227973,11687730383997,True,,12.882447665056361,13.26495641896895,0.009375,-0.32708333333333334,4.856021096407301,-1.1912426752124161,227973,0.02142024302156642,12.882447665056361,13.26495641896895,0.009375,-0.32708333333333334,0.0,-0.29708333333333337,4.856021096407301,-1.1912426752124161,tracking,True,,False,False,-10.0,0.0,-1.1,0.03975648799678311,True,-29.708333333333336,22.0,-7.708333333333336,1500,1583,1662,1500,2000,2000,1000,1000,-10.0,5.0,15.0,20.0,100.0,20.0,100.0,0.03,0.25,3,1.0,1.0,60.0,1660,67.0
378,332499926850848,7.560004397993907,commit_complete,227974,11687761405515,True,,12.882447665056361,13.26495641896895,0.009375,-0.32708333333333334,4.856021096407301,-1.1912426752124161,227974,0.00789459201041609,12.882447665056361,13.26495641896895,0.009375,-0.32708333333333334,0.0,-0.29708333333333337,4.856021096407301,-1.1912426752124161,tracking,True,,False,False,-10.0,0.0,-1.1,0.05977375200018287,True,-29.708333333333336,22.0,-7.708333333333336,1500,1583,1662,1500,2000,2000,1000,1000,-10.0,5.0,15.0,20.0,100.0,20.0,100.0,0.03,0.25,3,1.0,1.0,60.0,1660,67.0
379,332499946836973,7.579990522994194,commit_complete,227974,11687761405515,True,,12.882447665056361,13.26495641896895,0.009375,-0.32708333333333334,4.856021096407301,-1.1912426752124161,227974,0.027880717010702938,12.882447665056361,13.26495641896895,0.009375,-0.32708333333333334,0.0,-0.29708333333333337,4.856021096407301,-1.1912426752124161,tracking,True,,False,False,-10.0,0.0,-1.1,0.07975987700046971,True,-29.708333333333336,22.0,-7.708333333333336,1500,1583,1662,1500,2000,2000,1000,1000,-10.0,5.0,15.0,20.0,100.0,20.0,100.0,0.03,0.25,3,1.0,1.0,60.0,1660,67.0
380,332499966836811,7.599990360962693,commit_complete,227975,11687794522020,True,,12.592592592592592,12.966494899542147,0.009375,-0.32708333333333334,4.856021096407301,-1.1912426752124161,227975,0.01451684400672093,12.592592592592592,12.966494899542147,0.009375,-0.32708333333333334,0.0,-0.29708333333333337,4.856021096407301,-1.1912426752124161,tracking,True,,False,False,-10.0,0.0,-1.1,0.09975971496896818,True,-29.708333333333336,22.0,-7.708333333333336,1500,1583,1662,1500,2000,2000,1000,1000,-10.0,5.0,15.0,20.0,100.0,20.0,100.0,0.03,0.25,3,1.0,1.0,60.0,1660,67.0
381,332499986852864,7.620006413955707,commit_complete,227976,11687827382135,True,,12.592592592592592,12.966494899542147,0.009375,-0.32708333333333334,4.856021096407301,-1.1912426752124161,227976,0.0010440039914101362,12.592592592592592,12.966494899542147,0.009375,-0.32708333333333334,0.0,-0.29708333333333337,4.856021096407301,-1.1912426752124161,tracking,True,,False,False,-10.0,0.0,-1.1,0.11977576796198264,True,-29.708333333333336,22.0,-7.708333333333336,1500,1583,1662,1500,2000,2000,1000,1000,-10.0,5.0,15.0,20.0,100.0,20.0,100.0,0.03,0.25,3,1.0,1.0,60.0,1660,67.0
382,332500006835044,7.639988593989983,commit_complete,227976,11687827382135,True,,12.592592592592592,12.966494899542147,0.009375,-0.32708333333333334,4.856021096407301,-1.1912426752124161,227976,0.021026184025686234,12.592592592592592,12.966494899542147,0.009375,-0.32708333333333334,0.0,-0.29708333333333337,4.856021096407301,-1.1912426752124161,tracking,True,,False,False,-10.0,0.0,-1.1,0.13975794799625874,True,-29.708333333333336,22.0,-7.708333333333336,1500,1583,1662,1500,2000,2000,1000,1000,-10.0,5.0,15.0,20.0,100.0,20.0,100.0,0.03,0.25,3,1.0,1.0,60.0,1660,67.0
383,332500026836257,7.659989806998055,commit_complete,227977,11687860587037,True,,12.592592592592592,12.966494899542147,0.009375,-0.32708333333333334,4.856021096407301,-1.1912426752124161,227977,0.007616759045049548,12.592592592592592,12.966494899542147,0.009375,-0.32708333333333334,0.0,-0.29708333333333337,4.856021096407301,-1.1912426752124161,tracking,True,,False,False,-10.0,0.0,-0.84,0.018782555009238422,True,-29.708333333333336,16.8,-12.908333333333335,1500,1583,1657,1500,2000,2000,1000,1000,-10.0,5.0,15.0,20.0,100.0,20.0,100.0,0.03,0.25,3,1.0,1.0,60.0,1660,67.0
384,332500046869593,7.680023142951541,commit_complete,227977,11687860587037,True,,12.592592592592592,12.966494899542147,0.009375,-0.32708333333333334,4.856021096407301,-1.1912426752124161,227977,0.02765009499853477,12.592592592592592,12.966494899542147,0.009375,-0.32708333333333334,0.0,-0.29708333333333337,4.856021096407301,-1.1912426752124161,tracking,True,,False,False,-10.0,0.0,-0.84,0.03881589096272364,True,-29.708333333333336,16.8,-12.908333333333335,1500,1583,1657,1500,2000,2000,1000,1000,-10.0,5.0,15.0,20.0,100.0,20.0,100.0,0.03,0.25,3,1.0,1.0,60.0,1660,67.0
385,332500066843259,7.699996808951255,commit_complete,227978,11687893669221,True,,12.592592592592592,12.971196541918593,0.009375,-0.32916666666666666,4.854260798795785,-1.1983956347027094,227978,0.014150278002489358,12.592592592592592,12.971196541918593,0.009375,-0.32916666666666666,0.0,-0.2991666666666667,4.854260798795785,-1.1983956347027094,tracking,True,,False,False,-10.0,0.0,-0.84,0.05878955696243793,True,-29.916666666666668,16.8,-13.116666666666667,1500,1583,1657,1500,2000,2000,1000,1000,-10.0,5.0,15.0,20.0,100.0,20.0,100.0,0.03,0.25,3,1.0,1.0,60.0,1660,67.0
386,332500086865552,7.720019101980142,commit_complete,227979,11687926599226,True,,12.592592592592592,12.971196541918593,0.009375,-0.32916666666666666,4.854260798795785,-1.1983956347027094,227979,0.000687260995618999,12.592592592592592,12.971196541918593,0.009375,-0.32916666666666666,0.0,-0.2991666666666667,4.854260798795785,-1.1983956347027094,tracking,True,,False,False,-10.0,0.0,-0.84,0.07881184999132529,True,-29.916666666666668,16.8,-13.116666666666667,1500,1583,1657,1500,2000,2000,1000,1000,-10.0,5.0,15.0,20.0,100.0,20.0,100.0,0.03,0.25,3,1.0,1.0,60.0,1660,67.0
387,332500106851272,7.7400048219715245,commit_complete,227979,11687926599226,True,,12.592592592592592,12.971196541918593,0.009375,-0.32916666666666666,4.854260798795785,-1.1983956347027094,227979,0.02067298098700121,12.592592592592592,12.971196541918593,0.009375,-0.32916666666666666,0.0,-0.2991666666666667,4.854260798795785,-1.1983956347027094,tracking,True,,False,False,-10.0,0.0,-0.84,0.0987975699827075,True,-29.916666666666668,16.8,-13.116666666666667,1500,1583,1657,1500,2000,2000,1000,1000,-10.0,5.0,15.0,20.0,100.0,20.0,100.0,0.03,0.25,3,1.0,1.0,60.0,1660,67.0
388,332500126843358,7.759996907960158,commit_complete,227980,11687959629433,True,,12.380952380952381,12.753193238693074,0.009375,-0.32916666666666666,4.854260798795785,-1.1983956347027094,227980,0.007272652990650386,12.380952380952381,12.753193238693074,0.009375,-0.32916666666666666,0.0,-0.2991666666666667,4.854260798795785,-1.1983956347027094,tracking,True,,False,False,-10.0,0.0,-0.84,0.11878965597134084,True,-29.916666666666668,16.8,-13.116666666666667,1500,1583,1657,1500,2000,2000,1000,1000,-10.0,5.0,15.0,20.0,100.0,20.0,100.0,0.03,0.25,3,1.0,1.0,60.0,1660,67.0
389,332500146871280,7.780024829960894,commit_complete,227980,11687959629433,True,,12.380952380952381,12.753193238693074,0.009375,-0.32916666666666666,4.854260798795785,-1.1983956347027094,227980,0.027300574991386384,12.380952380952381,12.753193238693074,0.009375,-0.32916666666666666,0.0,-0.2991666666666667,4.854260798795785,-1.1983956347027094,tracking,True,,False,False,-10.0,0.0,-0.84,0.13881757797207683,True,-29.916666666666668,16.8,-13.116666666666667,1500,1583,1657,1500,2000,2000,1000,1000,-10.0,5.0,15.0,20.0,100.0,20.0,100.0,0.03,0.25,3,1.0,1.0,60.0,1660,67.0
390,332500166876809,7.8000303589506075,commit_complete,227981,11687992724173,True,,12.380952380952381,12.762521431995882,0.009375,-0.3333333333333333,4.850712500726659,-1.2126781251816647,227981,0.013770711957477033,12.380952380952381,12.762521431995882,0.009375,-0.3333333333333333,0.0,-0.30333333333333334,4.850712500726659,-1.2126781251816647,tracking,True,,False,False,-10.0,0.0,-0.84,0.15882310696179047,True,-30.333333333333336,16.8,-13.533333333333335,1500,1583,1657,1500,2000,2000,1000,1000,-10.0,5.0,15.0,20.0,100.0,20.0,100.0,0.03,0.25,3,1.0,1.0,60.0,1660,67.0
391,332500186836199,7.819989748997614,commit_complete,227982,11688025583172,True,,12.380952380952381,12.771960018993067,0.009375,-0.3375,4.847127486763288,-1.2269291450869573,227982,0.00030600500758737326,12.380952380952381,12.771960018993067,0.009375,-0.3375,0.0,-0.3075,4.847127486763288,-1.2269291450869573,tracking,True,,False,False,-10.0,0.0,-0.56,0.017455213994253427,True,-30.75,11.200000000000001,-19.549999999999997,1500,1583,1651,1500,2000,2000,1000,1000,-10.0,5.0,15.0,20.0,100.0,20.0,100.0,0.03,0.25,3,1.0,1.0,60.0,1660,67.0
392,332500206869199,7.84002274897648,commit_complete,227982,11688025583172,True,,12.380952380952381,12.771960018993067,0.009375,-0.3375,4.847127486763288,-1.2269291450869573,227982,0.0203390049864538,12.380952380952381,12.771960018993067,0.009375,-0.3375,0.0,-0.3075,4.847127486763288,-1.2269291450869573,tracking,True,,False,False,-10.0,0.0,-0.56,0.037488213973119855,True,-30.75,11.200000000000001,-19.549999999999997,1500,1583,1651,1500,2000,2000,1000,1000,-10.0,5.0,15.0,20.0,100.0,20.0,100.0,0.03,0.25,3,1.0,1.0,60.0,1660,67.0
393,332500226852726,7.8600062759942375,commit_complete,227983,11688058801652,True,,12.380952380952381,12.771960018993067,0.009375,-0.3375,4.847127486763288,-1.2269291450869573,227983,0.006889584998134524,12.380952380952381,12.771960018993067,0.009375,-0.3375,0.0,-0.3075,4.847127486763288,-1.2269291450869573,tracking,True,,False,False,-10.0,0.0,-0.56,0.05747174099087715,True,-30.75,11.200000000000001,-19.549999999999997,1500,1583,1651,1500,2000,2000,1000,1000,-10.0,5.0,15.0,20.0,100.0,20.0,100.0,0.03,0.25,3,1.0,1.0,60.0,1660,67.0
394,332500246864118,7.880017667950597,commit_complete,227983,11688058801652,True,,12.380952380952381,12.771960018993067,0.009375,-0.3375,4.847127486763288,-1.2269291450869573,227983,0.02690097695449367,12.380952380952381,12.771960018993067,0.009375,-0.3375,0.0,-0.3075,4.847127486763288,-1.2269291450869573,tracking,True,,False,False,-10.0,0.0,-0.56,0.0774831329472363,True,-30.75,11.200000000000001,-19.549999999999997,1500,1583,1651,1500,2000,2000,1000,1000,-10.0,5.0,15.0,20.0,100.0,20.0,100.0,0.03,0.25,3,1.0,1.0,60.0,1660,67.0
395,332500266843679,7.899997228989378,commit_complete,227984,11688091615328,True,,12.380952380952381,12.78150875512184,0.009375,-0.3416666666666667,4.84350602384097,-1.2411484186092485,227984,0.013465756026562303,12.380952380952381,12.78150875512184,0.009375,-0.3416666666666667,0.0,-0.31166666666666665,4.84350602384097,-1.2411484186092485,tracking,True,,False,False,-10.0,0.0,-0.56,0.09746269398601726,True,-31.166666666666664,11.200000000000001,-19.96666666666666,1500,1583,1650,1500,2000,2000,1000,1000,-10.0,5.0,15.0,20.0,100.0,20.0,100.0,0.03,0.25,3,1.0,1.0,60.0,1660,67.0
396,332500286951378,7.92010492796544,commit_complete,227985,11688124728352,True,,12.380952380952381,12.786324352104344,0.009375,-0.34375,4.841681707881093,-1.2482460653130942,227985,6.449699867516756e-05,12.380952380952381,12.786324352104344,0.009375,-0.34375,0.0,-0.31375,4.841681707881093,-1.2482460653130942,tracking,True,,False,False,-10.0,0.0,-0.56,0.1175703929620795,True,-31.374999999999996,11.200000000000001,-20.174999999999997,1500,1583,1650,1500,2000,2000,1000,1000,-10.0,5.0,15.0,20.0,100.0,20.0,100.0,0.03,0.25,3,1.0,1.0,60.0,1660,67.0
397,332500306868910,7.940022459952161,commit_complete,227985,11688124728352,True,,12.380952380952381,12.786324352104344,0.009375,-0.34375,4.841681707881093,-1.2482460653130942,227985,0.019982028985396028,12.380952380952381,12.786324352104344,0.009375,-0.34375,0.0,-0.31375,4.841681707881093,-1.2482460653130942,tracking,True,,False,False,-10.0,0.0,-0.56,0.13748792494880036,True,-31.374999999999996,11.200000000000001,-20.174999999999997,1500,1583,1650,1500,2000,2000,1000,1000,-10.0,5.0,15.0,20.0,100.0,20.0,100.0,0.03,0.25,3,1.0,1.0,60.0,1660,67.0
398,332500326835035,7.959988584974781,commit_complete,227986,11688157601062,True,,12.380952380952381,12.791167393699874,0.009375,-0.3458333333333333,4.839848380512323,-1.2553356736953838,227986,0.006510522973258048,12.380952380952381,12.791167393699874,0.009375,-0.3458333333333333,0.0,-0.3158333333333333,4.839848380512323,-1.2553356736953838,tracking,True,,False,False,-10.0,0.0,-0.33,0.006329256983008236,True,-31.58333333333333,6.6000000000000005,-24.983333333333327,1500,1583,1645,1500,2000,2000,1000,1000,-10.0,5.0,15.0,20.0,100.0,20.0,100.0,0.03,0.25,3,1.0,1.0,60.0,1660,67.0
399,332500346854524,7.980008073966019,commit_complete,227986,11688157601062,True,,12.380952380952381,12.791167393699874,0.009375,-0.3458333333333333,4.839848380512323,-1.2553356736953838,227986,0.026530011964496225,12.380952380952381,12.791167393699874,0.009375,-0.3458333333333333,0.0,-0.3158333333333333,4.839848380512323,-1.2553356736953838,tracking,True,,False,False,-10.0,0.0,-0.33,0.026348745974246413,True,-31.58333333333333,6.6000000000000005,-24.983333333333327,1500,1583,1645,1500,2000,2000,1000,1000,-10.0,5.0,15.0,20.0,100.0,20.0,100.0,0.03,0.25,3,1.0,1.0,60.0,1660,67.0
400,332500366834821,7.999988370982464,commit_complete,227987,11688190567772,True,,12.380952380952381,12.796037848746735,0.009375,-0.34791666666666665,4.838006075548221,-1.262417210338364,227987,0.013020841986872256,12.380952380952381,12.796037848746735,0.009375,-0.34791666666666665,0.0,-0.3179166666666666,4.838006075548221,-1.262417210338364,tracking,True,,False,False,-10.0,0.0,-0.33,0.04632904299069196,True,-31.791666666666664,6.6000000000000005,-25.191666666666663,1500,1583,1645,1500,2000,2000,1000,1000,-10.0,5.0,15.0,20.0,100.0,20.0,100.0,0.03,0.25,3,1.0,1.0,60.0,1660,67.0
401,332500386848598,8.02000214799773,commit_complete,227987,11688190567772,True,,12.380952380952381,12.796037848746735,0.009375,-0.34791666666666665,4.838006075548221,-1.262417210338364,227987,0.03303461900213733,12.380952380952381,12.796037848746735,0.009375,-0.34791666666666665,0.0,-0.3179166666666666,4.838006075548221,-1.262417210338364,tracking,True,,False,False,-10.0,0.0,-0.33,0.06634282000595704,True,-31.791666666666664,6.6000000000000005,-25.191666666666663,1500,1583,1645,1500,2000,2000,1000,1000,-10.0,5.0,15.0,20.0,100.0,20.0,100.0,0.03,0.25,3,1.0,1.0,60.0,1660,67.0
402,332500406843609,8.039997158979531,commit_complete,227988,11688223597372,True,,12.183908045977013,12.592387379005407,0.009375,-0.34791666666666665,4.838006075548222,-1.262417210338364,227988,0.019658620993141085,12.183908045977013,12.592387379005407,0.009375,-0.34791666666666665,0.0,-0.3179166666666666,4.838006075548222,-1.262417210338364,tracking,True,,False,False,-10.0,0.0,-0.33,0.08633783098775893,True,-31.791666666666664,6.6000000000000005,-25.191666666666663,1500,1583,1645,1500,2000,2000,1000,1000,-10.0,5.0,15.0,20.0,100.0,20.0,100.0,0.03,0.25,3,1.0,1.0,60.0,1660,67.0
403,332500426850568,8.06000411795685,commit_complete,227989,11688256577484,True,,12.183908045977013,12.5972072665493,0.009375,-0.35,4.836154826897171,-1.2694906420605072,227989,0.00611022295197472,12.183908045977013,12.5972072665493,0.009375,-0.35,0.0,-0.31999999999999995,4.836154826897171,-1.2694906420605072,tracking,True,,False,False,-10.0,0.0,-0.33,0.10634478996507823,True,-31.999999999999996,6.6000000000000005,-25.399999999999995,1500,1583,1645,1500,2000,2000,1000,1000,-10.0,5.0,15.0,20.0,100.0,20.0,100.0,0.03,0.25,3,1.0,1.0,60.0,1660,67.0
404,332500446838708,8.079992257989943,commit_complete,227989,11688256577484,True,,12.183908045977013,12.5972072665493,0.009375,-0.35,4.836154826897171,-1.2694906420605072,227989,0.02609836298506707,12.183908045977013,12.5972072665493,0.009375,-0.35,0.0,-0.31999999999999995,4.836154826897171,-1.2694906420605072,tracking,True,,False,False,-10.0,0.0,-0.33,0.12633292999817058,True,-31.999999999999996,6.6000000000000005,-25.399999999999995,1500,1583,1645,1500,2000,2000,1000,1000,-10.0,5.0,15.0,20.0,100.0,20.0,100.0,0.03,0.25,3,1.0,1.0,60.0,1660,67.0
405,332500466858629,8.10001217899844,commit_complete,227990,11688289528243,True,,12.183908045977013,12.592387379005407,0.009375,-0.34791666666666665,4.838006075548222,-1.262417210338364,227990,0.012715620046947151,12.183908045977013,12.592387379005407,0.009375,-0.34791666666666665,0.0,-0.3179166666666666,4.838006075548222,-1.262417210338364,tracking,True,,False,False,-10.0,0.0,-0.33,0.14635285100666806,True,-31.791666666666664,6.6000000000000005,-25.191666666666663,1500,1583,1645,1500,2000,2000,1000,1000,-10.0,5.0,15.0,20.0,100.0,20.0,100.0,0.03,0.25,3,1.0,1.0,60.0,1660,67.0
406,332500486850766,8.120004315976985,commit_complete,227990,11688289528243,True,,12.183908045977013,12.592387379005407,0.009375,-0.34791666666666665,4.838006075548222,-1.262417210338364,227990,0.032707757025491446,12.183908045977013,12.592387379005407,0.009375,-0.34791666666666665,0.0,-0.3179166666666666,4.838006075548222,-1.262417210338364,tracking,True,,False,False,-10.0,0.0,-0.18,0.01516803097911179,True,-31.791666666666664,3.5999999999999996,-28.191666666666663,1500,1583,1642,1500,2000,2000,1000,1000,-10.0,5.0,15.0,20.0,100.0,20.0,100.0,0.03,0.25,3,1.0,1.0,60.0,1660,67.0
407,332500506870914,8.14002446399536,commit_complete,227991,11688323151602,True,,12.183908045977013,12.592574453823934,0.0109375,-0.34791666666666665,4.838006075548222,-1.262417210338364,227991,0.019312450021971017,12.183908045977013,12.592574453823934,0.0109375,-0.34791666666666665,0.0,-0.3179166666666666,4.838006075548222,-1.262417210338364,tracking,True,,False,False,-10.0,0.0,-0.18,0.03518817899748683,True,-31.791666666666664,3.5999999999999996,-28.191666666666663,1500,1583,1642,1500,2000,2000,1000,1000,-10.0,5.0,15.0,20.0,100.0,20.0,100.0,0.03,0.25,3,1.0,1.0,60.0,1660,67.0
408,332500526841049,8.159994599001948,commit_complete,227992,11688355448245,True,,12.183908045977013,12.592574453823934,0.0109375,-0.34791666666666665,4.838006075548222,-1.262417210338364,227992,0.0057930180337280035,12.183908045977013,12.592574453823934,0.0109375,-0.34791666666666665,0.0,-0.3179166666666666,4.838006075548222,-1.262417210338364,tracking,True,,False,False,-10.0,0.0,-0.18,0.05515831400407478,True,-31.791666666666664,3.5999999999999996,-28.191666666666663,1500,1583,1642,1500,2000,2000,1000,1000,-10.0,5.0,15.0,20.0,100.0,20.0,100.0,0.03,0.25,3,1.0,1.0,60.0,1660,67.0
409,332500546864799,8.180018348968588,commit_complete,227992,11688355448245,True,,12.183908045977013,12.592574453823934,0.0109375,-0.34791666666666665,4.838006075548222,-1.262417210338364,227992,0.02581676800036803,12.183908045977013,12.592574453823934,0.0109375,-0.34791666666666665,0.0,-0.3179166666666666,4.838006075548222,-1.262417210338364,tracking,True,,False,False,-10.0,0.0,-0.18,0.07518206397071481,True,-31.791666666666664,3.5999999999999996,-28.191666666666663,1500,1583,1642,1500,2000,2000,1000,1000,-10.0,5.0,15.0,20.0,100.0,20.0,100.0,0.03,0.25,3,1.0,1.0,60.0,1660,67.0
410,332500566849276,8.200002825993579,commit_complete,227993,11688388470897,True,,11.917241379310346,12.316963390306277,0.0109375,-0.34791666666666665,4.838006075548222,-1.262417210338364,227993,0.012409240007400513,11.917241379310346,12.316963390306277,0.0109375,-0.34791666666666665,0.0,-0.3179166666666666,4.838006075548222,-1.262417210338364,tracking,True,,False,False,-10.0,0.0,-0.18,0.09516654099570587,True,-31.791666666666664,3.5999999999999996,-28.191666666666663,1500,1583,1642,1500,2000,2000,1000,1000,-10.0,5.0,15.0,20.0,100.0,20.0,100.0,0.03,0.25,3,1.0,1.0,60.0,1660,67.0
411,332500586858475,8.220012024976313,commit_complete,227993,11688388470897,True,,11.917241379310346,12.316963390306277,0.0109375,-0.34791666666666665,4.838006075548222,-1.262417210338364,227993,0.032418438990134746,11.917241379310346,12.316963390306277,0.0109375,-0.34791666666666665,0.0,-0.3179166666666666,4.838006075548222,-1.262417210338364,tracking,True,,False,False,-10.0,0.0,-0.18,0.1151757399784401,True,-31.791666666666664,3.5999999999999996,-28.191666666666663,1500,1583,1642,1500,2000,2000,1000,1000,-10.0,5.0,15.0,20.0,100.0,20.0,100.0,0.03,0.25,3,1.0,1.0,60.0,1660,67.0
412,332500606853570,8.24000711995177,commit_complete,227994,11688423275028,True,,11.917241379310346,12.316963390306277,0.0109375,-0.34791666666666665,4.838006075548222,-1.262417210338364,227994,0.018911495979409665,11.917241379310346,12.316963390306277,0.0109375,-0.34791666666666665,0.0,-0.3179166666666666,4.838006075548222,-1.262417210338364,tracking,True,,False,False,-10.0,0.0,-0.18,0.1351708349538967,True,-31.791666666666664,3.5999999999999996,-28.191666666666663,1500,1583,1642,1500,2000,2000,1000,1000,-10.0,5.0,15.0,20.0,100.0,20.0,100.0,0.03,0.25,3,1.0,1.0,60.0,1660,67.0
413,332500626831941,8.259985490993131,commit_complete,227995,11688454505347,True,,11.917241379310346,12.316963390306277,0.0109375,-0.34791666666666665,4.838006075548222,-1.262417210338364,227995,0.005443210015073419,11.917241379310346,12.316963390306277,0.0109375,-0.34791666666666665,0.0,-0.3179166666666666,4.838006075548222,-1.262417210338364,tracking,True,,False,False,-10.0,0.0,-0.18,0.15514920599525794,True,-31.791666666666664,3.5999999999999996,-28.191666666666663,1500,1583,1642,1500,2000,2000,1000,1000,-10.0,5.0,15.0,20.0,100.0,20.0,100.0,0.03,0.25,3,1.0,1.0,60.0,1660,67.0
414,332500646852186,8.280005735985469,commit_complete,227995,11688454505347,True,,11.917241379310346,12.316963390306277,0.0109375,-0.34791666666666665,4.838006075548222,-1.262417210338364,227995,0.02546345500741154,11.917241379310346,12.316963390306277,0.0109375,-0.34791666666666665,0.0,-0.3179166666666666,4.838006075548222,-1.262417210338364,tracking,True,,False,False,-10.0,0.0,-0.07,0.008977263001725078,True,-31.791666666666664,1.4000000000000001,-30.391666666666666,1500,1583,1640,1500,2000,2000,1000,1000,-10.0,5.0,15.0,20.0,100.0,20.0,100.0,0.03,0.25,3,1.0,1.0,60.0,1660,67.0
415,332500666853238,8.300006787991151,commit_complete,227996,11688488014162,True,,11.917241379310346,12.316963390306277,0.0109375,-0.34791666666666665,4.838006075548222,-1.262417210338364,227996,0.011973123997449875,11.917241379310346,12.316963390306277,0.0109375,-0.34791666666666665,0.0,-0.3179166666666666,4.838006075548222,-1.262417210338364,tracking,True,,False,False,-10.0,0.0,-0.07,0.028978315007407218,True,-31.791666666666664,1.4000000000000001,-30.391666666666666,1500,1583,1640,1500,2000,2000,1000,1000,-10.0,5.0,15.0,20.0,100.0,20.0,100.0,0.03,0.25,3,1.0,1.0,60.0,1660,67.0
416,332500686840660,8.319994209974539,commit_complete,227996,11688488014162,True,,11.917241379310346,12.316963390306277,0.0109375,-0.34791666666666665,4.838006075548222,-1.262417210338364,227996,0.031960545980837196,11.917241379310346,12.316963390306277,0.0109375,-0.34791666666666665,0.0,-0.3179166666666666,4.838006075548222,-1.262417210338364,tracking,True,,False,False,-10.0,0.0,-0.07,0.04896573699079454,True,-31.791666666666664,1.4000000000000001,-30.391666666666666,1500,1583,1640,1500,2000,2000,1000,1000,-10.0,5.0,15.0,20.0,100.0,20.0,100.0,0.03,0.25,3,1.0,1.0,60.0,1660,67.0
417,332500706844984,8.339998533949256,commit_complete,227997,11688522627909,True,,11.917241379310346,12.316963390306277,0.0109375,-0.34791666666666665,4.838006075548222,-1.262417210338364,227997,0.018578090996015817,11.917241379310346,12.316963390306277,0.0109375,-0.34791666666666665,0.0,-0.3179166666666666,4.838006075548222,-1.262417210338364,tracking,True,,False,False,-10.0,0.0,-0.07,0.06897006096551195,True,-31.791666666666664,1.4000000000000001,-30.391666666666666,1500,1583,1640,1500,2000,2000,1000,1000,-10.0,5.0,15.0,20.0,100.0,20.0,100.0,0.03,0.25,3,1.0,1.0,60.0,1660,67.0
418,332500726854653,8.360008202958852,commit_complete,227998,11688554778642,True,,11.917241379310346,12.321677715961757,0.0109375,-0.35,4.836154826897171,-1.2694906420605072,227998,0.0051152219530195,11.917241379310346,12.321677715961757,0.0109375,-0.35,0.0,-0.31999999999999995,4.836154826897171,-1.2694906420605072,tracking,True,,False,False,-10.0,0.0,-0.07,0.08897972997510806,True,-31.999999999999996,1.4000000000000001,-30.599999999999998,1500,1583,1640,1500,2000,2000,1000,1000,-10.0,5.0,15.0,20.0,100.0,20.0,100.0,0.03,0.25,3,1.0,1.0,60.0,1660,67.0
419,332500746857755,8.380011304980144,commit_complete,227998,11688554778642,True,,11.917241379310346,12.321677715961757,0.0109375,-0.35,4.836154826897171,-1.2694906420605072,227998,0.025118323974311352,11.917241379310346,12.321677715961757,0.0109375,-0.35,0.0,-0.31999999999999995,4.836154826897171,-1.2694906420605072,tracking,True,,False,False,-10.0,0.0,-0.07,0.10898283199639991,True,-31.999999999999996,1.4000000000000001,-30.599999999999998,1500,1583,1640,1500,2000,2000,1000,1000,-10.0,5.0,15.0,20.0,100.0,20.0,100.0,0.03,0.25,3,1.0,1.0,60.0,1660,67.0
420,332500766838966,8.399992515973281,commit_complete,227999,11688587748632,True,,11.917241379310346,12.321677715961757,0.0109375,-0.35,4.836154826897171,-1.2694906420605072,227999,0.011703346972353756,11.917241379310346,12.321677715961757,0.0109375,-0.35,0.0,-0.31999999999999995,4.836154826897171,-1.2694906420605072,tracking,True,,False,False,-10.0,0.0,-0.07,0.12896404298953712,True,-31.999999999999996,1.4000000000000001,-30.599999999999998,1500,1583,1640,1500,2000,2000,1000,1000,-10.0,5.0,15.0,20.0,100.0,20.0,100.0,0.03,0.25,3,1.0,1.0,60.0,1660,67.0
421,332500786851871,8.420005420979578,commit_complete,227999,11688587748632,True,,11.917241379310346,12.321677715961757,0.0109375,-0.35,4.836154826897171,-1.2694906420605072,227999,0.03171625197865069,11.917241379310346,12.321677715961757,0.0109375,-0.35,0.0,-0.31999999999999995,4.836154826897171,-1.2694906420605072,tracking,True,,False,False,-10.0,0.0,-0.07,0.14897694799583405,True,-31.999999999999996,1.4000000000000001,-30.599999999999998,1500,1583,1640,1500,2000,2000,1000,1000,-10.0,5.0,15.0,20.0,100.0,20.0,100.0,0.03,0.25,3,1.0,1.0,60.0,1660,67.0
422,332500806860372,8.44001392199425,commit_complete,228000,11688622212297,True,,11.733333333333334,12.14088924530105,0.0109375,-0.3541666666666667,4.8324256346324805,-1.2836130591992527,228000,0.018275752023328096,11.733333333333334,12.14088924530105,0.0109375,-0.3541666666666667,0.0,-0.3241666666666667,4.8324256346324805,-1.2836130591992527,tracking,True,,False,False,-10.0,0.0,-0.01,0.007635401037987322,True,-32.41666666666667,0.2,-32.21666666666667,1500,1583,1638,1500,2000,2000,1000,1000,-10.0,5.0,15.0,20.0,100.0,20.0,100.0,0.03,0.25,3,1.0,1.0,60.0,1660,67.0
423,332500826855308,8.460008858004585,commit_complete,228001,11688652842249,True,,11.733333333333334,12.14088924530105,0.0109375,-0.3541666666666667,4.8324256346324805,-1.2836130591992527,228001,0.004726048035081476,11.733333333333334,12.14088924530105,0.0109375,-0.3541666666666667,0.0,-0.3241666666666667,4.8324256346324805,-1.2836130591992527,tracking,True,,False,False,-10.0,0.0,-0.01,0.027630337048321962,True,-32.41666666666667,0.2,-32.21666666666667,1500,1583,1638,1500,2000,2000,1000,1000,-10.0,5.0,15.0,20.0,100.0,20.0,100.0,0.03,0.25,3,1.0,1.0,60.0,1660,67.0
424,332500846842685,8.47999623499345,commit_complete,228001,11688652842249,True,,11.733333333333334,12.14088924530105,0.0109375,-0.3541666666666667,4.8324256346324805,-1.2836130591992527,228001,0.02471342502394691,11.733333333333334,12.14088924530105,0.0109375,-0.3541666666666667,0.0,-0.3241666666666667,4.8324256346324805,-1.2836130591992527,tracking,True,,False,False,-10.0,0.0,-0.01,0.0476177140371874,True,-32.41666666666667,0.2,-32.21666666666667,1500,1583,1638,1500,2000,2000,1000,1000,-10.0,5.0,15.0,20.0,100.0,20.0,100.0,0.03,0.25,3,1.0,1.0,60.0,1660,67.0
425,332500866865910,8.500019459985197,commit_complete,228002,11688685811144,True,,11.733333333333334,12.150353561385229,0.0109375,-0.35833333333333334,4.828661076822382,-1.297702664396015,228002,0.011383060016669333,11.733333333333334,12.150353561385229,0.0109375,-0.35833333333333334,0.0,-0.32833333333333337,4.828661076822382,-1.297702664396015,tracking,True,,False,False,-10.0,0.0,-0.01,0.06764093902893364,True,-32.833333333333336,0.2,-32.63333333333333,1500,1583,1638,1500,2000,2000,1000,1000,-10.0,5.0,15.0,20.0,100.0,20.0,100.0,0.03,0.25,3,1.0,1.0,60.0,1660,67.0
426,332500886866169,8.520019718969706,commit_complete,228002,11688685811144,True,,11.733333333333334,12.150353561385229,0.0109375,-0.35833333333333334,4.828661076822382,-1.297702664396015,228002,0.03138331900117919,11.733333333333334,12.150353561385229,0.0109375,-0.35833333333333334,0.0,-0.32833333333333337,4.828661076822382,-1.297702664396015,tracking,True,,False,False,-10.0,0.0,-0.01,0.0876411980134435,True,-32.833333333333336,0.2,-32.63333333333333,1500,1583,1638,1500,2000,2000,1000,1000,-10.0,5.0,15.0,20.0,100.0,20.0,100.0,0.03,0.25,3,1.0,1.0,60.0,1660,67.0
427,332500906858903,8.540012452984229,commit_complete,228003,11688718689305,True,,11.733333333333334,12.150353561385229,0.0109375,-0.35833333333333334,4.828661076822382,-1.297702664396015,228003,0.017841127992141992,11.733333333333334,12.150353561385229,0.0109375,-0.35833333333333334,0.0,-0.32833333333333337,4.828661076822382,-1.297702664396015,tracking,True,,False,False,-10.0,0.0,-0.01,0.10763393202796578,True,-32.833333333333336,0.2,-32.63333333333333,1500,1583,1638,1500,2000,2000,1000,1000,-10.0,5.0,15.0,20.0,100.0,20.0,100.0,0.03,0.25,3,1.0,1.0,60.0,1660,67.0
428,332500926828870,8.559982420003507,commit_complete,228004,11688751465728,True,,11.733333333333334,12.159741408069134,0.009375,-0.3625,4.824861427988258,-1.3117592007343077,228004,0.004421721037942916,11.733333333333334,12.159741408069134,0.009375,-0.3625,0.0,-0.3325,4.824861427988258,-1.3117592007343077,tracking,True,,False,False,-10.0,0.0,-0.05,0.009533094998914748,True,-33.25,1.0,-32.25,1500,1583,1638,1500,2000,2000,1000,1000,-10.0,5.0,15.0,20.0,100.0,20.0,100.0,0.03,0.25,3,1.0,1.0,60.0,1660,67.0
429,332500946834803,8.579988352954388,commit_complete,228004,11688751465728,True,,11.733333333333334,12.159741408069134,0.009375,-0.3625,4.824861427988258,-1.3117592007343077,228004,0.024427653988823295,11.733333333333334,12.159741408069134,0.009375,-0.3625,0.0,-0.3325,4.824861427988258,-1.3117592007343077,tracking,True,,False,False,-10.0,0.0,-0.05,0.029539027949795127,True,-33.25,1.0,-32.25,1500,1583,1638,1500,2000,2000,1000,1000,-10.0,5.0,15.0,20.0,100.0,20.0,100.0,0.03,0.25,3,1.0,1.0,60.0,1660,67.0
430,332500966849136,8.60000268596923,commit_complete,228005,11688784294401,True,,11.733333333333334,12.159741408069134,0.009375,-0.3625,4.824861427988258,-1.3117592007343077,228005,0.010947438015136868,11.733333333333334,12.159741408069134,0.009375,-0.3625,0.0,-0.3325,4.824861427988258,-1.3117592007343077,tracking,True,,False,False,-10.0,0.0,-0.05,0.04955336096463725,True,-33.25,1.0,-32.25,1500,1583,1638,1500,2000,2000,1000,1000,-10.0,5.0,15.0,20.0,100.0,20.0,100.0,0.03,0.25,3,1.0,1.0,60.0,1660,67.0
431,332500986860240,8.62001378997229,commit_complete,228005,11688784294401,True,,11.733333333333334,12.159741408069134,0.009375,-0.3625,4.824861427988258,-1.3117592007343077,228005,0.030958542018197477,11.733333333333334,12.159741408069134,0.009375,-0.3625,0.0,-0.3325,4.824861427988258,-1.3117592007343077,tracking,True,,False,False,-10.0,0.0,-0.05,0.06956446496769786,True,-33.25,1.0,-32.25,1500,1583,1638,1500,2000,2000,1000,1000,-10.0,5.0,15.0,20.0,100.0,20.0,100.0,0.03,0.25,3,1.0,1.0,60.0,1660,67.0
432,332501006862169,8.6400157189928,commit_complete,228006,11688817385741,True,,11.487179487179487,11.904817835878756,0.0109375,-0.3625,4.8248614279882585,-1.3117592007343077,228006,0.017546229006256908,11.487179487179487,11.904817835878756,0.0109375,-0.3625,0.0,-0.3325,4.8248614279882585,-1.3117592007343077,tracking,True,,False,False,-10.0,0.0,-0.05,0.08956639398820698,True,-33.25,1.0,-32.25,1500,1583,1638,1500,2000,2000,1000,1000,-10.0,5.0,15.0,20.0,100.0,20.0,100.0,0.03,0.25,3,1.0,1.0,60.0,1660,67.0
433,332501026853748,8.660007297992706,commit_complete,228007,11688850265317,True,,11.487179487179487,11.904817835878756,0.0109375,-0.3625,4.8248614279882585,-1.3117592007343077,228007,0.004052180040162057,11.487179487179487,11.904817835878756,0.0109375,-0.3625,0.0,-0.3325,4.8248614279882585,-1.3117592007343077,tracking,True,,False,False,-10.0,0.0,-0.05,0.10955797298811376,True,-33.25,1.0,-32.25,1500,1583,1638,1500,2000,2000,1000,1000,-10.0,5.0,15.0,20.0,100.0,20.0,100.0,0.03,0.25,3,1.0,1.0,60.0,1660,67.0
434,332501046855840,8.680009389994666,commit_complete,228007,11688850265317,True,,11.487179487179487,11.904817835878756,0.0109375,-0.3625,4.8248614279882585,-1.3117592007343077,228007,0.024054272042121738,11.487179487179487,11.904817835878756,0.0109375,-0.3625,0.0,-0.3325,4.8248614279882585,-1.3117592007343077,tracking,True,,False,False,-10.0,0.0,-0.05,0.12956006499007344,True,-33.25,1.0,-32.25,1500,1583,1638,1500,2000,2000,1000,1000,-10.0,5.0,15.0,20.0,100.0,20.0,100.0,0.03,0.25,3,1.0,1.0,60.0,1660,67.0
435,332501066870027,8.700023576966487,commit_complete,228008,11688883232475,True,,11.25925925925926,11.668611132785923,0.0109375,-0.3625,4.8248614279882585,-1.3117592007343075,228008,0.0106464609852992,11.25925925925926,11.668611132785923,0.0109375,-0.3625,0.0,-0.3325,4.8248614279882585,-1.3117592007343075,tracking,True,,False,False,-10.0,0.0,-0.05,0.14957425196189433,True,-33.25,1.0,-32.25,1500,1583,1638,1500,2000,2000,1000,1000,-10.0,5.0,15.0,20.0,100.0,20.0,100.0,0.03,0.25,3,1.0,1.0,60.0,1660,67.0
436,332501086841739,8.719995288993232,commit_complete,228008,11688883232475,True,,11.25925925925926,11.668611132785923,0.0109375,-0.3625,4.8248614279882585,-1.3117592007343075,228008,0.03061817301204428,11.25925925925926,11.668611132785923,0.0109375,-0.3625,0.0,-0.3325,4.8248614279882585,-1.3117592007343075,tracking,True,,False,False,-10.0,0.0,-0.05,0.16954596398863941,True,-33.25,1.0,-32.25,1500,1583,1638,1500,2000,2000,1000,1000,-10.0,5.0,15.0,20.0,100.0,20.0,100.0,0.03,0.25,3,1.0,1.0,60.0,1660,67.0
437,332501106854875,8.740008424967527,commit_complete,228009,11688916281337,True,,11.25925925925926,11.66400829501475,0.0109375,-0.36041666666666666,4.826765621571737,-1.30473508208111,228009,0.01725508301751688,11.25925925925926,11.66400829501475,0.0109375,-0.36041666666666666,0.0,-0.3304166666666667,4.826765621571737,-1.30473508208111,tracking,True,,False,False,-10.0,0.0,-0.16,0.008217327995225787,True,-33.04166666666667,3.2,-29.841666666666672,1500,1583,1640,1500,2000,2000,1000,1000,-10.0,5.0,15.0,20.0,100.0,20.0,100.0,0.03,0.25,3,1.0,1.0,60.0,1660,67.0
438,332501126853750,8.760007299948484,commit_complete,228010,11688949211675,True,,11.25925925925926,11.66400829501475,0.0109375,-0.36041666666666666,4.826765621571737,-1.30473508208111,228010,0.0037608739803545177,11.25925925925926,11.66400829501475,0.0109375,-0.36041666666666666,0.0,-0.3304166666666667,4.826765621571737,-1.30473508208111,tracking,True,,False,False,-10.0,0.0,-0.16,0.028216202976182103,True,-33.04166666666667,3.2,-29.841666666666672,1500,1583,1640,1500,2000,2000,1000,1000,-10.0,5.0,15.0,20.0,100.0,20.0,100.0,0.03,0.25,3,1.0,1.0,60.0,1660,67.0
439,332501146868546,8.780022096005268,commit_complete,228010,11688949211675,True,,11.25925925925926,11.66400829501475,0.0109375,-0.36041666666666666,4.826765621571737,-1.30473508208111,228010,0.023775670037139207,11.25925925925926,11.66400829501475,0.0109375,-0.36041666666666666,0.0,-0.3304166666666667,4.826765621571737,-1.30473508208111,tracking,True,,False,False,-10.0,0.0,-0.16,0.04823099903296679,True,-33.04166666666667,3.2,-29.841666666666672,1500,1583,1640,1500,2000,2000,1000,1000,-10.0,5.0,15.0,20.0,100.0,20.0,100.0,0.03,0.25,3,1.0,1.0,60.0,1660,67.0
440,332501166867598,8.800021147995722,commit_complete,228011,11688982509300,True,,11.087216248506572,11.476788731380289,0.0109375,-0.35625,4.830547759295654,-1.2906619794368075,228011,0.010329137032385916,11.087216248506572,11.476788731380289,0.0109375,-0.35625,0.0,-0.32625000000000004,4.830547759295654,-1.2906619794368075,tracking,True,,False,False,-10.0,0.0,-0.16,0.06823005102341995,True,-32.62500000000001,3.2,-29.425000000000008,1500,1583,1641,1500,2000,2000,1000,1000,-10.0,5.0,15.0,20.0,100.0,20.0,100.0,0.03,0.25,3,1.0,1.0,60.0,1660,67.0
441,332501186851817,8.820005366986152,commit_complete,228011,11688982509300,True,,11.087216248506572,11.476788731380289,0.0109375,-0.35625,4.830547759295654,-1.2906619794368075,228011,0.03031335602281615,11.087216248506572,11.476788731380289,0.0109375,-0.35625,0.0,-0.32625000000000004,4.830547759295654,-1.2906619794368075,tracking,True,,False,False,-10.0,0.0,-0.16,0.08821427001385018,True,-32.62500000000001,3.2,-29.425000000000008,1500,1583,1641,1500,2000,2000,1000,1000,-10.0,5.0,15.0,20.0,100.0,20.0,100.0,0.03,0.25,3,1.0,1.0,60.0,1660,67.0
442,332501206843776,8.839997325965669,commit_complete,228012,11689015632293,True,,11.087216248506572,11.476788731380289,0.0109375,-0.35625,4.830547759295654,-1.2906619794368075,228012,0.016813353984616697,11.087216248506572,11.476788731380289,0.0109375,-0.35625,0.0,-0.32625000000000004,4.830547759295654,-1.2906619794368075,tracking,True,,False,False,-10.0,0.0,-0.16,0.1082062289933674,True,-32.62500000000001,3.2,-29.425000000000008,1500,1583,1641,1500,2000,2000,1000,1000,-10.0,5.0,15.0,20.0,100.0,20.0,100.0,0.03,0.25,3,1.0,1.0,60.0,1660,67.0
443,332501226863528,8.860017077997327,commit_complete,228013,11689048631598,True,,11.087216248506572,11.467894428055171,0.0109375,-0.35208333333333336,4.834294668560811,-1.2765559359168392,228013,0.0034284660359844565,11.087216248506572,11.467894428055171,0.0109375,-0.35208333333333336,0.0,-0.3220833333333334,4.834294668560811,-1.2765559359168392,tracking,True,,False,False,-10.0,0.0,-0.16,0.12822598102502525,True,-32.208333333333336,3.2,-29.008333333333336,1500,1583,1641,1500,2000,2000,1000,1000,-10.0,5.0,15.0,20.0,100.0,20.0,100.0,0.03,0.25,3,1.0,1.0,60.0,1660,67.0
444,332501246838335,8.87999188498361,commit_complete,228013,11689048631598,True,,11.087216248506572,11.467894428055171,0.0109375,-0.35208333333333336,4.834294668560811,-1.2765559359168392,228013,0.023403273022267967,11.087216248506572,11.467894428055171,0.0109375,-0.35208333333333336,0.0,-0.3220833333333334,4.834294668560811,-1.2765559359168392,tracking,True,,False,False,-10.0,0.0,-0.16,0.14820078801130876,True,-32.208333333333336,3.2,-29.008333333333336,1500,1583,1641,1500,2000,2000,1000,1000,-10.0,5.0,15.0,20.0,100.0,20.0,100.0,0.03,0.25,3,1.0,1.0,60.0,1660,67.0
445,332501266881850,8.900035400001798,commit_complete,228014,11689082034925,True,,11.087216248506572,11.467894428055171,0.0109375,-0.35208333333333336,4.834294668560811,-1.2765559359168392,228014,0.009984757052734494,11.087216248506572,11.467894428055171,0.0109375,-0.35208333333333336,0.0,-0.3220833333333334,4.834294668560811,-1.2765559359168392,tracking,True,,False,False,-10.0,0.0,-0.16,0.16824430302949622,True,-32.208333333333336,3.2,-29.008333333333336,1500,1583,1641,1500,2000,2000,1000,1000,-10.0,5.0,15.0,20.0,100.0,20.0,100.0,0.03,0.25,3,1.0,1.0,60.0,1660,67.0
446,332501286850967,8.920004516956396,commit_complete,228014,11689082034925,True,,11.087216248506572,11.467894428055171,0.0109375,-0.35208333333333336,4.834294668560811,-1.2765559359168392,228014,0.02995387400733307,11.087216248506572,11.467894428055171,0.0109375,-0.35208333333333336,0.0,-0.3220833333333334,4.834294668560811,-1.2765559359168392,tracking,True,,False,False,-10.0,0.0,-0.33,0.016737872967496514,True,-32.208333333333336,6.6000000000000005,-25.608333333333334,1500,1583,1645,1500,2000,2000,1000,1000,-10.0,5.0,15.0,20.0,100.0,20.0,100.0,0.03,0.25,3,1.0,1.0,60.0,1660,67.0
447,332501306827677,8.939981226983946,commit_complete,228015,11689115229601,True,,11.087216248506572,11.467894428055171,0.0109375,-0.35208333333333336,4.834294668560811,-1.2765559359168392,228015,0.016557383991312236,11.087216248506572,11.467894428055171,0.0109375,-0.35208333333333336,0.0,-0.3220833333333334,4.834294668560811,-1.2765559359168392,tracking,True,,False,False,-10.0,0.0,-0.33,0.03671458299504593,True,-32.208333333333336,6.6000000000000005,-25.608333333333334,1500,1583,1645,1500,2000,2000,1000,1000,-10.0,5.0,15.0,20.0,100.0,20.0,100.0,0.03,0.25,3,1.0,1.0,60.0,1660,67.0
448,332501326829588,8.95998313796008,commit_complete,228016,11689148495889,True,,11.087216248506572,11.467894428055171,0.0109375,-0.35208333333333336,4.834294668560811,-1.2765559359168392,228016,0.003093831008300185,11.087216248506572,11.467894428055171,0.0109375,-0.35208333333333336,0.0,-0.3220833333333334,4.834294668560811,-1.2765559359168392,tracking,True,,False,False,-10.0,0.0,-0.33,0.05671649397118017,True,-32.208333333333336,6.6000000000000005,-25.608333333333334,1500,1583,1645,1500,2000,2000,1000,1000,-10.0,5.0,15.0,20.0,100.0,20.0,100.0,0.03,0.25,3,1.0,1.0,60.0,1660,67.0
449,332501346860760,8.980014309985563,commit_complete,228016,11689148495889,True,,11.087216248506572,11.467894428055171,0.0109375,-0.35208333333333336,4.834294668560811,-1.2765559359168392,228016,0.023125003033783287,11.087216248506572,11.467894428055171,0.0109375,-0.35208333333333336,0.0,-0.3220833333333334,4.834294668560811,-1.2765559359168392,tracking,True,,False,False,-10.0,0.0,-0.33,0.07674766599666327,True,-32.208333333333336,6.6000000000000005,-25.608333333333334,1500,1583,1645,1500,2000,2000,1000,1000,-10.0,5.0,15.0,20.0,100.0,20.0,100.0,0.03,0.25,3,1.0,1.0,60.0,1660,67.0
450,332501366876647,9.000030196970329,commit_complete,228017,11689181788028,True,,11.087216248506572,11.467894428055171,0.0109375,-0.35208333333333336,4.834294668560811,-1.2765559359168392,228017,0.009717408975120634,11.087216248506572,11.467894428055171,0.0109375,-0.35208333333333336,0.0,-0.3220833333333334,4.834294668560811,-1.2765559359168392,tracking,True,,False,False,-10.0,0.0,-0.33,0.0967635529814288,True,-32.208333333333336,6.6000000000000005,-25.608333333333334,1500,1583,1645,1500,2000,2000,1000,1000,-10.0,5.0,15.0,20.0,100.0,20.0,100.0,0.03,0.25,3,1.0,1.0,60.0,1660,67.0
451,332501386863087,9.020016636990476,commit_complete,228017,11689181788028,True,,11.087216248506572,11.467894428055171,0.0109375,-0.35208333333333336,4.834294668560811,-1.2765559359168392,228017,0.029703848995268345,11.087216248506572,11.467894428055171,0.0109375,-0.35208333333333336,0.0,-0.3220833333333334,4.834294668560811,-1.2765559359168392,tracking,True,,False,False,-10.0,0.0,-0.33,0.11674999300157651,True,-32.208333333333336,6.6000000000000005,-25.608333333333334,1500,1583,1645,1500,2000,2000,1000,1000,-10.0,5.0,15.0,20.0,100.0,20.0,100.0,0.03,0.25,3,1.0,1.0,60.0,1660,67.0
452,332501406830560,9.039984109986108,commit_complete,228018,11689213586006,True,,11.087216248506572,11.467894428055171,0.0109375,-0.35208333333333336,4.834294668560811,-1.2765559359168392,228018,0.016232091991696507,11.087216248506572,11.467894428055171,0.0109375,-0.35208333333333336,0.0,-0.3220833333333334,4.834294668560811,-1.2765559359168392,tracking,True,,False,False,-10.0,0.0,-0.33,0.1367174659972079,True,-32.208333333333336,6.6000000000000005,-25.608333333333334,1500,1583,1645,1500,2000,2000,1000,1000,-10.0,5.0,15.0,20.0,100.0,20.0,100.0,0.03,0.25,3,1.0,1.0,60.0,1660,67.0
453,332501426858557,9.060012106958311,commit_complete,228019,11689246868101,True,,11.087216248506572,11.468090700326902,0.0125,-0.35208333333333336,4.834294668560811,-1.2765559359168392,228019,0.0027806469588540494,11.087216248506572,11.468090700326902,0.0125,-0.35208333333333336,0.0,-0.3220833333333334,4.834294668560811,-1.2765559359168392,tracking,True,,False,False,-10.0,0.0,-0.33,0.15674546296941116,True,-32.208333333333336,6.6000000000000005,-25.608333333333334,1500,1583,1645,1500,2000,2000,1000,1000,-10.0,5.0,15.0,20.0,100.0,20.0,100.0,0.03,0.25,3,1.0,1.0,60.0,1660,67.0
454,332501446851533,9.080005083000287,commit_complete,228019,11689246868101,True,,11.087216248506572,11.468090700326902,0.0125,-0.35208333333333336,4.834294668560811,-1.2765559359168392,228019,0.022773623000830412,11.087216248506572,11.468090700326902,0.0125,-0.35208333333333336,0.0,-0.3220833333333334,4.834294668560811,-1.2765559359168392,tracking,True,,False,False,-10.0,0.0,-0.53,0.015467290009837598,True,-32.208333333333336,10.600000000000001,-21.608333333333334,1500,1583,1649,1500,2000,2000,1000,1000,-10.0,5.0,15.0,20.0,100.0,20.0,100.0,0.03,0.25,3,1.0,1.0,60.0,1660,67.0
455,332501466841952,9.09999550197972,commit_complete,228020,11689280080517,True,,11.087216248506572,11.47252555820165,0.0125,-0.3541666666666667,4.8324256346324805,-1.2836130591992527,228020,0.009374579996801913,11.087216248506572,11.47252555820165,0.0125,-0.3541666666666667,0.0,-0.3241666666666667,4.8324256346324805,-1.2836130591992527,tracking,True,,False,False,-10.0,0.0,-0.53,0.03545770898927003,True,-32.41666666666667,10.600000000000001,-21.81666666666667,1500,1583,1648,1500,2000,2000,1000,1000,-10.0,5.0,15.0,20.0,100.0,20.0,100.0,0.03,0.25,3,1.0,1.0,60.0,1660,67.0
456,332501486854104,9.120007653953508,commit_complete,228020,11689280080517,True,,11.087216248506572,11.47252555820165,0.0125,-0.3541666666666667,4.8324256346324805,-1.2836130591992527,228020,0.029386731970589608,11.087216248506572,11.47252555820165,0.0125,-0.3541666666666667,0.0,-0.3241666666666667,4.8324256346324805,-1.2836130591992527,tracking,True,,False,False,-10.0,0.0,-0.53,0.05546986096305773,True,-32.41666666666667,10.600000000000001,-21.81666666666667,1500,1583,1648,1500,2000,2000,1000,1000,-10.0,5.0,15.0,20.0,100.0,20.0,100.0,0.03,0.25,3,1.0,1.0,60.0,1660,67.0
457,332501506796826,9.13995037600398,commit_complete,228021,11689313399655,True,,10.87557603686636,11.253530304319721,0.0125,-0.3541666666666667,4.832425634632481,-1.2836130591992527,228021,0.015835232043173164,10.87557603686636,11.253530304319721,0.0125,-0.3541666666666667,0.0,-0.3241666666666667,4.832425634632481,-1.2836130591992527,tracking,True,,False,False,-10.0,0.0,-0.53,0.07541258301353082,True,-32.41666666666667,10.600000000000001,-21.81666666666667,1500,1583,1648,1500,2000,2000,1000,1000,-10.0,5.0,15.0,20.0,100.0,20.0,100.0,0.03,0.25,3,1.0,1.0,60.0,1660,67.0
458,332501526855237,9.16000878700288,commit_complete,228022,11689347082892,True,,10.714285714285715,11.086634727772607,0.0125,-0.3541666666666667,4.832425634632481,-1.2836130591992527,228022,0.0024616910377517343,10.714285714285715,11.086634727772607,0.0125,-0.3541666666666667,0.0,-0.3241666666666667,4.832425634632481,-1.2836130591992527,tracking,True,,False,False,-10.0,0.0,-0.53,0.09547099401243031,True,-32.41666666666667,10.600000000000001,-21.81666666666667,1500,1583,1648,1500,2000,2000,1000,1000,-10.0,5.0,15.0,20.0,100.0,20.0,100.0,0.03,0.25,3,1.0,1.0,60.0,1660,67.0
459,332501546864778,9.180018327955622,commit_complete,228022,11689347082892,True,,10.714285714285715,11.086634727772607,0.0125,-0.3541666666666667,4.832425634632481,-1.2836130591992527,228022,0.022471231990493834,10.714285714285715,11.086634727772607,0.0125,-0.3541666666666667,0.0,-0.3241666666666667,4.832425634632481,-1.2836130591992527,tracking,True,,False,False,-10.0,0.0,-0.53,0.11548053496517241,True,-32.41666666666667,10.600000000000001,-21.81666666666667,1500,1583,1648,1500,2000,2000,1000,1000,-10.0,5.0,15.0,20.0,100.0,20.0,100.0,0.03,0.25,3,1.0,1.0,60.0,1660,67.0
460,332501566862705,9.200016254966613,commit_complete,228023,11689380153740,True,,10.714285714285715,11.086634727772607,0.0125,-0.3541666666666667,4.832425634632481,-1.2836130591992527,228023,0.009060247975867242,10.714285714285715,11.086634727772607,0.0125,-0.3541666666666667,0.0,-0.3241666666666667,4.832425634632481,-1.2836130591992527,tracking,True,,False,False,-10.0,0.0,-0.53,0.1354784619761631,True,-32.41666666666667,10.600000000000001,-21.81666666666667,1500,1583,1648,1500,2000,2000,1000,1000,-10.0,5.0,15.0,20.0,100.0,20.0,100.0,0.03,0.25,3,1.0,1.0,60.0,1660,67.0
461,332501586863428,9.220016977982596,commit_complete,228023,11689380153740,True,,10.714285714285715,11.086634727772607,0.0125,-0.3541666666666667,4.832425634632481,-1.2836130591992527,228023,0.0290609709918499,10.714285714285715,11.086634727772607,0.0125,-0.3541666666666667,0.0,-0.3241666666666667,4.832425634632481,-1.2836130591992527,tracking,True,,False,False,-10.0,0.0,-0.53,0.15547918499214575,True,-32.41666666666667,10.600000000000001,-21.81666666666667,1500,1583,1648,1500,2000,2000,1000,1000,-10.0,5.0,15.0,20.0,100.0,20.0,100.0,0.03,0.25,3,1.0,1.0,60.0,1660,67.0
462,332501606845337,9.239998887002002,commit_complete,228024,11689411740106,True,,10.714285714285715,11.086634727772607,0.0125,-0.3541666666666667,4.832425634632481,-1.2836130591992527,228024,0.015442585048731416,10.714285714285715,11.086634727772607,0.0125,-0.3541666666666667,0.0,-0.3241666666666667,4.832425634632481,-1.2836130591992527,tracking,True,,False,False,-10.0,0.0,-0.67,0.014226220024283975,True,-32.41666666666667,13.4,-19.016666666666673,1500,1583,1651,1500,2000,2000,1000,1000,-10.0,5.0,15.0,20.0,100.0,20.0,100.0,0.03,0.25,3,1.0,1.0,60.0,1660,67.0
463,332501626892111,9.26004566095071,commit_complete,228025,11689444597220,True,,10.714285714285715,11.086634727772607,0.0125,-0.3541666666666667,4.832425634632481,-1.2836130591992527,228025,0.0019553109887056053,10.714285714285715,11.086634727772607,0.0125,-0.3541666666666667,0.0,-0.3241666666666667,4.832425634632481,-1.2836130591992527,tracking,True,,False,False,-10.0,0.0,-0.67,0.03427299397299066,True,-32.41666666666667,13.4,-19.016666666666673,1500,1583,1651,1500,2000,2000,1000,1000,-10.0,5.0,15.0,20.0,100.0,20.0,100.0,0.03,0.25,3,1.0,1.0,60.0,1660,67.0
464,332501646861274,9.280014824005775,commit_complete,228025,11689444597220,True,,10.714285714285715,11.086634727772607,0.0125,-0.3541666666666667,4.832425634632481,-1.2836130591992527,228025,0.021924474043771625,10.714285714285715,11.086634727772607,0.0125,-0.3541666666666667,0.0,-0.3241666666666667,4.832425634632481,-1.2836130591992527,tracking,True,,False,False,-10.0,0.0,-0.67,0.05424215702805668,True,-32.41666666666667,13.4,-19.016666666666673,1500,1583,1651,1500,2000,2000,1000,1000,-10.0,5.0,15.0,20.0,100.0,20.0,100.0,0.03,0.25,3,1.0,1.0,60.0,1660,67.0
465,332501666852754,9.30000630399445,commit_complete,228026,11689477545274,True,,10.714285714285715,11.086634727772607,0.0125,-0.3541666666666667,4.832425634632481,-1.2836130591992527,228026,0.008431149006355554,10.714285714285715,11.086634727772607,0.0125,-0.3541666666666667,0.0,-0.3241666666666667,4.832425634632481,-1.2836130591992527,tracking,True,,False,False,-10.0,0.0,-0.67,0.07423363701673225,True,-32.41666666666667,13.4,-19.016666666666673,1500,1583,1651,1500,2000,2000,1000,1000,-10.0,5.0,15.0,20.0,100.0,20.0,100.0,0.03,0.25,3,1.0,1.0,60.0,1660,67.0
466,332501686873539,9.32002708897926,commit_complete,228026,11689477545274,True,,10.714285714285715,11.086634727772607,0.0125,-0.3541666666666667,4.832425634632481,-1.2836130591992527,228026,0.02845193399116397,10.714285714285715,11.086634727772607,0.0125,-0.3541666666666667,0.0,-0.3241666666666667,4.832425634632481,-1.2836130591992527,tracking,True,,False,False,-10.0,0.0,-0.67,0.09425442200154066,True,-32.41666666666667,13.4,-19.016666666666673,1500,1583,1651,1500,2000,2000,1000,1000,-10.0,5.0,15.0,20.0,100.0,20.0,100.0,0.03,0.25,3,1.0,1.0,60.0,1660,67.0
467,332501706862522,9.340016071975697,commit_complete,228027,11689511279233,True,,10.714285714285715,11.078086995487617,0.0125,-0.35,4.836154826897171,-1.2694906420605072,228027,0.014967138995416462,10.714285714285715,11.078086995487617,0.0125,-0.35,0.0,-0.31999999999999995,4.836154826897171,-1.2694906420605072,tracking,True,,False,False,-10.0,0.0,-0.67,0.11424340499797836,True,-31.999999999999996,13.4,-18.599999999999994,1500,1583,1652,1500,2000,2000,1000,1000,-10.0,5.0,15.0,20.0,100.0,20.0,100.0,0.03,0.25,3,1.0,1.0,60.0,1660,67.0
468,332501726910777,9.360064326960128,commit_complete,228028,11689543387002,True,,10.714285714285715,11.073848618085707,0.0125,-0.34791666666666665,4.838006075548222,-1.262417210338364,228028,0.0015533359837718308,10.714285714285715,11.073848618085707,0.0125,-0.34791666666666665,0.0,-0.3179166666666666,4.838006075548222,-1.262417210338364,tracking,True,,False,False,-10.0,0.0,-0.67,0.13429165998240933,True,-31.791666666666664,13.4,-18.391666666666666,1500,1583,1652,1500,2000,2000,1000,1000,-10.0,5.0,15.0,20.0,100.0,20.0,100.0,0.03,0.25,3,1.0,1.0,60.0,1660,67.0
469,332501746861960,9.380015509959776,commit_complete,228028,11689543387002,True,,10.714285714285715,11.073848618085707,0.0125,-0.34791666666666665,4.838006075548222,-1.262417210338364,228028,0.021504518983419985,10.714285714285715,11.073848618085707,0.0125,-0.34791666666666665,0.0,-0.3179166666666666,4.838006075548222,-1.262417210338364,tracking,True,,False,False,-10.0,0.0,-0.67,0.15424284298205748,True,-31.791666666666664,13.4,-18.391666666666666,1500,1583,1652,1500,2000,2000,1000,1000,-10.0,5.0,15.0,20.0,100.0,20.0,100.0,0.03,0.25,3,1.0,1.0,60.0,1660,67.0
470,332501766848636,9.400002185953781,commit_complete,228029,11689576416513,True,,10.714285714285715,11.069633936129538,0.0125,-0.3458333333333333,4.839848380512324,-1.2553356736953838,228029,0.008013622951693833,10.714285714285715,11.069633936129538,0.0125,-0.3458333333333333,0.0,-0.3158333333333333,4.839848380512324,-1.2553356736953838,tracking,True,,False,False,-10.0,0.0,-0.67,0.17422951897606254,True,-31.58333333333333,13.4,-18.18333333333333,1500,1583,1652,1500,2000,2000,1000,1000,-10.0,5.0,15.0,20.0,100.0,20.0,100.0,0.03,0.25,3,1.0,1.0,60.0,1660,67.0
471,332501786867993,9.420021542988252,commit_complete,228029,11689576416513,True,,10.714285714285715,11.069633936129538,0.0125,-0.3458333333333333,4.839848380512324,-1.2553356736953838,228029,0.02803297998616472,10.714285714285715,11.069633936129538,0.0125,-0.3458333333333333,0.0,-0.3158333333333333,4.839848380512324,-1.2553356736953838,tracking,True,,False,False,-10.0,0.0,-0.9,0.008836029039230198,True,-31.58333333333333,18.0,-13.583333333333329,1500,1583,1657,1500,2000,2000,1000,1000,-10.0,5.0,15.0,20.0,100.0,20.0,100.0,0.03,0.25,3,1.0,1.0,60.0,1660,67.0
472,332501806855199,9.44000874896301,commit_complete,228030,11689609315635,True,,10.714285714285715,11.065442976694964,0.0125,-0.34375,4.841681707881093,-1.2482460653130942,228030,0.014557379996404052,10.714285714285715,11.065442976694964,0.0125,-0.34375,0.0,-0.31375,4.841681707881093,-1.2482460653130942,tracking,True,,False,False,-10.0,0.0,-0.9,0.02882323501398787,True,-31.374999999999996,18.0,-13.374999999999996,1500,1583,1657,1500,2000,2000,1000,1000,-10.0,5.0,15.0,20.0,100.0,20.0,100.0,0.03,0.25,3,1.0,1.0,60.0,1660,67.0
473,332501826871464,9.460025014006533,commit_complete,228031,11689642192313,True,,10.562770562770563,10.90098124500808,0.0140625,-0.33958333333333335,4.845321294674777,-1.234042767237482,228031,0.0010494470479898155,10.562770562770563,10.90098124500808,0.0140625,-0.33958333333333335,0.0,-0.3095833333333333,4.845321294674777,-1.234042767237482,tracking,True,,False,False,-10.0,0.0,-0.9,0.04883950005751103,True,-30.958333333333332,18.0,-12.958333333333332,1500,1583,1657,1500,2000,2000,1000,1000,-10.0,5.0,15.0,20.0,100.0,20.0,100.0,0.03,0.25,3,1.0,1.0,60.0,1660,67.0
474,332501846857139,9.480010689003393,commit_complete,228031,11689642192313,True,,10.562770562770563,10.90098124500808,0.0140625,-0.33958333333333335,4.845321294674777,-1.234042767237482,228031,0.02103512204485014,10.562770562770563,10.90098124500808,0.0140625,-0.33958333333333335,0.0,-0.3095833333333333,4.845321294674777,-1.234042767237482,tracking,True,,False,False,-10.0,0.0,-0.9,0.06882517505437136,True,-30.958333333333332,18.0,-12.958333333333332,1500,1583,1657,1500,2000,2000,1000,1000,-10.0,5.0,15.0,20.0,100.0,20.0,100.0,0.03,0.25,3,1.0,1.0,60.0,1660,67.0
475,332501866840598,9.499994147976395,commit_complete,228032,11689676034903,True,,10.562770562770563,10.90098124500808,0.0140625,-0.33958333333333335,4.845321294674777,-1.234042767237482,228032,0.0075931929750368,10.562770562770563,10.90098124500808,0.0140625,-0.33958333333333335,0.0,-0.3095833333333333,4.845321294674777,-1.234042767237482,tracking,True,,False,False,-10.0,0.0,-0.9,0.08880863402737305,True,-30.958333333333332,18.0,-12.958333333333332,1500,1583,1657,1500,2000,2000,1000,1000,-10.0,5.0,15.0,20.0,100.0,20.0,100.0,0.03,0.25,3,1.0,1.0,60.0,1660,67.0
476,332501886869277,9.520022826967761,commit_complete,228032,11689676034903,True,,10.562770562770563,10.90098124500808,0.0140625,-0.33958333333333335,4.845321294674777,-1.234042767237482,228032,0.027621871966402978,10.562770562770563,10.90098124500808,0.0140625,-0.33958333333333335,0.0,-0.3095833333333333,4.845321294674777,-1.234042767237482,tracking,True,,False,False,-10.0,0.0,-0.9,0.10883731301873922,True,-30.958333333333332,18.0,-12.958333333333332,1500,1583,1657,1500,2000,2000,1000,1000,-10.0,5.0,15.0,20.0,100.0,20.0,100.0,0.03,0.25,3,1.0,1.0,60.0,1660,67.0
477,332501906868446,9.540021995955613,commit_complete,228034,11689741402238,True,,10.365726227795193,10.689679712457187,0.0140625,-0.33541666666666664,4.848924566586792,-1.21980758628199,228034,0.014156255987472832,10.365726227795193,10.689679712457187,0.0140625,-0.33541666666666664,0.0,-0.30541666666666667,4.848924566586792,-1.21980758628199,tracking,True,,False,False,-10.0,0.0,-0.9,0.1288364820065908,True,-30.541666666666668,18.0,-12.541666666666668,1500,1583,1658,1500,2000,2000,1000,1000,-10.0,5.0,15.0,20.0,100.0,20.0,100.0,0.03,0.25,3,1.0,1.0,60.0,1660,67.0
478,332501926861184,9.560014733986463,commit_complete,228035,11689774264898,True,,10.365726227795193,10.685740314132964,0.0140625,-0.3333333333333333,4.85071250072666,-1.212678125181665,228035,0.0007057180046103895,10.365726227795193,10.685740314132964,0.0140625,-0.3333333333333333,0.0,-0.30333333333333334,4.85071250072666,-1.212678125181665,tracking,True,,False,False,-10.0,0.0,-1.07,0.007691916020121425,True,-30.333333333333336,21.400000000000002,-8.933333333333334,1500,1583,1661,1500,2000,2000,1000,1000,-10.0,5.0,15.0,20.0,100.0,20.0,100.0,0.03,0.25,3,1.0,1.0,60.0,1660,67.0
479,332501946853884,9.580007433949504,commit_complete,228035,11689774264898,True,,10.365726227795193,10.685740314132964,0.0140625,-0.3333333333333333,4.85071250072666,-1.212678125181665,228035,0.02069841796765104,10.365726227795193,10.685740314132964,0.0140625,-0.3333333333333333,0.0,-0.30333333333333334,4.85071250072666,-1.212678125181665,tracking,True,,False,False,-10.0,0.0,-1.07,0.027684615983162075,True,-30.333333333333336,21.400000000000002,-8.933333333333334,1500,1583,1661,1500,2000,2000,1000,1000,-10.0,5.0,15.0,20.0,100.0,20.0,100.0,0.03,0.25,3,1.0,1.0,60.0,1660,67.0
480,332501966855724,9.6000092739705,commit_complete,228036,11689807357407,True,,10.365726227795193,10.685740314132964,0.0140625,-0.3333333333333333,4.85071250072666,-1.212678125181665,228036,0.007245051965583116,10.365726227795193,10.685740314132964,0.0140625,-0.3333333333333333,0.0,-0.30333333333333334,4.85071250072666,-1.212678125181665,tracking,True,,False,False,-10.0,0.0,-1.07,0.04768645600415766,True,-30.333333333333336,21.400000000000002,-8.933333333333334,1500,1583,1661,1500,2000,2000,1000,1000,-10.0,5.0,15.0,20.0,100.0,20.0,100.0,0.03,0.25,3,1.0,1.0,60.0,1660,67.0
481,332501986843174,9.619996723951772,commit_complete,228036,11689807357407,True,,10.365726227795193,10.685740314132964,0.0140625,-0.3333333333333333,4.85071250072666,-1.212678125181665,228036,0.027232501946855336,10.365726227795193,10.685740314132964,0.0140625,-0.3333333333333333,0.0,-0.30333333333333334,4.85071250072666,-1.212678125181665,tracking,True,,False,False,-10.0,0.0,-1.07,0.06767390598542988,True,-30.333333333333336,21.400000000000002,-8.933333333333334,1500,1583,1661,1500,2000,2000,1000,1000,-10.0,5.0,15.0,20.0,100.0,20.0,100.0,0.03,0.25,3,1.0,1.0,60.0,1660,67.0
482,332502006853570,9.640007119975053,commit_complete,228037,11689840525919,True,,10.223123732251523,10.538735347762067,0.0140625,-0.3333333333333333,4.85071250072666,-1.212678125181665,228037,0.013740923022851348,10.223123732251523,10.538735347762067,0.0140625,-0.3333333333333333,0.0,-0.30333333333333334,4.85071250072666,-1.212678125181665,tracking,True,,False,False,-10.0,0.0,-1.07,0.0876843020087108,True,-30.333333333333336,21.400000000000002,-8.933333333333334,1500,1583,1661,1500,2000,2000,1000,1000,-10.0,5.0,15.0,20.0,100.0,20.0,100.0,0.03,0.25,3,1.0,1.0,60.0,1660,67.0
483,332502026848438,9.66000198799884,commit_complete,228038,11689873398148,True,,10.223123732251523,10.538735347762067,0.0140625,-0.3333333333333333,4.85071250072666,-1.212678125181665,228038,0.0002840380184352398,10.223123732251523,10.538735347762067,0.0140625,-0.3333333333333333,0.0,-0.30333333333333334,4.85071250072666,-1.212678125181665,tracking,True,,False,False,-10.0,0.0,-1.07,0.1076791700324975,True,-30.333333333333336,21.400000000000002,-8.933333333333334,1500,1583,1661,1500,2000,2000,1000,1000,-10.0,5.0,15.0,20.0,100.0,20.0,100.0,0.03,0.25,3,1.0,1.0,60.0,1660,67.0
484,332502046856021,9.680009570962284,commit_complete,228038,11689873398148,True,,10.223123732251523,10.538735347762067,0.0140625,-0.3333333333333333,4.85071250072666,-1.212678125181665,228038,0.020291620981879532,10.223123732251523,10.538735347762067,0.0140625,-0.3333333333333333,0.0,-0.30333333333333334,4.85071250072666,-1.212678125181665,tracking,True,,False,False,-10.0,0.0,-1.26,0.017474004009272903,True,-30.333333333333336,25.2,-5.133333333333336,1500,1583,1665,1500,2000,2000,1000,1000,-10.0,5.0,15.0,20.0,100.0,20.0,100.0,0.03,0.25,3,1.0,1.0,60.0,1660,67.0
485,332502066902768,9.700056317960843,commit_complete,228039,11689906323694,True,,10.223123732251523,10.538735347762067,0.0140625,-0.3333333333333333,4.85071250072666,-1.212678125181665,228039,0.006882087967824191,10.223123732251523,10.538735347762067,0.0140625,-0.3333333333333333,0.0,-0.30333333333333334,4.85071250072666,-1.212678125181665,tracking,True,,False,False,-10.0,0.0,-1.26,0.03752075100783259,True,-30.333333333333336,25.2,-5.133333333333336,1500,1583,1665,1500,2000,2000,1000,1000,-10.0,5.0,15.0,20.0,100.0,20.0,100.0,0.03,0.25,3,1.0,1.0,60.0,1660,67.0
486,332502086872131,9.720025680959225,commit_complete,228039,11689906323694,True,,10.223123732251523,10.538735347762067,0.0140625,-0.3333333333333333,4.85071250072666,-1.212678125181665,228039,0.026851450966205448,10.223123732251523,10.538735347762067,0.0140625,-0.3333333333333333,0.0,-0.30333333333333334,4.85071250072666,-1.212678125181665,tracking,True,,False,False,-10.0,0.0,-1.26,0.057490114006213844,True,-30.333333333333336,25.2,-5.133333333333336,1500,1583,1665,1500,2000,2000,1000,1000,-10.0,5.0,15.0,20.0,100.0,20.0,100.0,0.03,0.25,3,1.0,1.0,60.0,1660,67.0
487,332502106861134,9.740014683979098,commit_complete,228040,11689939397622,True,,10.223123732251523,10.538735347762067,0.0140625,-0.3333333333333333,4.85071250072666,-1.212678125181665,228040,0.013405981007963419,10.223123732251523,10.538735347762067,0.0140625,-0.3333333333333333,0.0,-0.30333333333333334,4.85071250072666,-1.212678125181665,tracking,True,,False,False,-10.0,0.0,-1.26,0.0774791170260869,True,-30.333333333333336,25.2,-5.133333333333336,1500,1583,1665,1500,2000,2000,1000,1000,-10.0,5.0,15.0,20.0,100.0,20.0,100.0,0.03,0.25,3,1.0,1.0,60.0,1660,67.0
488,332502126860799,9.760014348954428,commit_complete,228040,11689939397622,True,,10.223123732251523,10.538735347762067,0.0140625,-0.3333333333333333,4.85071250072666,-1.212678125181665,228040,0.03340564598329365,10.223123732251523,10.538735347762067,0.0140625,-0.3333333333333333,0.0,-0.30333333333333334,4.85071250072666,-1.212678125181665,tracking,True,,False,False,-10.0,0.0,-1.26,0.09747878200141713,True,-30.333333333333336,25.2,-5.133333333333336,1500,1583,1665,1500,2000,2000,1000,1000,-10.0,5.0,15.0,20.0,100.0,20.0,100.0,0.03,0.25,3,1.0,1.0,60.0,1660,67.0
489,332502146869001,9.780022550956346,commit_complete,228041,11689972365633,True,,10.223123732251523,10.538735347762067,0.0140625,-0.3333333333333333,4.85071250072666,-1.212678125181665,228041,0.019761028001084924,10.223123732251523,10.538735347762067,0.0140625,-0.3333333333333333,0.0,-0.30333333333333334,4.85071250072666,-1.212678125181665,tracking,True,,False,False,-10.0,0.0,-1.26,0.11748698400333524,True,-30.333333333333336,25.2,-5.133333333333336,1500,1583,1665,1500,2000,2000,1000,1000,-10.0,5.0,15.0,20.0,100.0,20.0,100.0,0.03,0.25,3,1.0,1.0,60.0,1660,67.0
490,332502166860503,9.800014053005725,commit_complete,228042,11690005347538,True,,10.223123732251523,10.538965352961677,0.015625,-0.3333333333333333,4.85071250072666,-1.212678125181665,228042,0.006502238044049591,10.223123732251523,10.538965352961677,0.015625,-0.3333333333333333,0.0,-0.30333333333333334,4.85071250072666,-1.212678125181665,tracking,True,,False,False,-10.0,0.0,-1.26,0.1374784860527143,True,-30.333333333333336,25.2,-5.133333333333336,1500,1583,1665,1500,2000,2000,1000,1000,-10.0,5.0,15.0,20.0,100.0,20.0,100.0,0.03,0.25,3,1.0,1.0,60.0,1660,67.0
491,332502186859309,9.820012858952396,commit_complete,228042,11690005347538,True,,10.223123732251523,10.538965352961677,0.015625,-0.3333333333333333,4.85071250072666,-1.212678125181665,228042,0.026501043990720063,10.223123732251523,10.538965352961677,0.015625,-0.3333333333333333,0.0,-0.30333333333333334,4.85071250072666,-1.212678125181665,tracking,True,,False,False,-10.0,0.0,-1.26,0.15747729199938476,True,-30.333333333333336,25.2,-5.133333333333336,1500,1583,1665,1500,2000,2000,1000,1000,-10.0,5.0,15.0,20.0,100.0,20.0,100.0,0.03,0.25,3,1.0,1.0,60.0,1660,67.0
492,332502206858929,9.840012478991412,commit_complete,228043,11690039459892,True,,10.223123732251523,10.535103021118777,0.015625,-0.33125,4.852491255866911,-1.205540796379436,228043,0.01302097603911534,10.223123732251523,10.535103021118777,0.015625,-0.33125,0.0,-0.30125,4.852491255866911,-1.205540796379436,tracking,True,,False,False,-10.0,0.0,-1.26,0.17747691203840077,True,-30.125,25.2,-4.925000000000001,1500,1583,1665,1500,2000,2000,1000,1000,-10.0,5.0,15.0,20.0,100.0,20.0,100.0,0.03,0.25,3,1.0,1.0,60.0,1660,67.0
493,332502226847129,9.860000678978395,commit_complete,228043,11690039459892,True,,10.223123732251523,10.535103021118777,0.015625,-0.33125,4.852491255866911,-1.205540796379436,228043,0.03300917602609843,10.223123732251523,10.535103021118777,0.015625,-0.33125,0.0,-0.30125,4.852491255866911,-1.205540796379436,tracking,True,,False,False,-10.0,0.0,-1.36,0.008802196010947227,True,-30.125,27.200000000000003,-2.924999999999997,1500,1583,1667,1500,2000,2000,1000,1000,-10.0,5.0,15.0,20.0,100.0,20.0,100.0,0.03,0.25,3,1.0,1.0,60.0,1660,67.0
494,332502246857153,9.880010702996515,commit_complete,228044,11690071920598,True,,10.03921568627451,10.341812200227535,0.015625,-0.32916666666666666,4.854260798795784,-1.1983956347027094,228044,0.01957579201553017,10.03921568627451,10.341812200227535,0.015625,-0.32916666666666666,0.0,-0.2991666666666667,4.854260798795784,-1.1983956347027094,tracking,True,,False,False,-10.0,0.0,-1.36,0.028812220029067248,True,-29.916666666666668,27.200000000000003,-2.716666666666665,1500,1583,1667,1500,2000,2000,1000,1000,-10.0,5.0,15.0,20.0,100.0,20.0,100.0,0.03,0.25,3,1.0,1.0,60.0,1660,67.0
495,332502266868592,9.900022141984664,commit_complete,228045,11690104331303,True,,10.03921568627451,10.338064177313663,0.015625,-0.32708333333333334,4.856021096407301,-1.1912426752124161,228045,0.00613105803495273,10.03921568627451,10.338064177313663,0.015625,-0.32708333333333334,0.0,-0.29708333333333337,4.856021096407301,-1.1912426752124161,tracking,True,,False,False,-10.0,0.0,-1.36,0.048823659017216414,True,-29.708333333333336,27.200000000000003,-2.508333333333333,1500,1583,1668,1500,2000,2000,1000,1000,-10.0,5.0,15.0,20.0,100.0,20.0,100.0,0.03,0.25,3,1.0,1.0,60.0,1660,67.0
496,332502286872520,9.920026069972664,commit_complete,228045,11690104331303,True,,10.03921568627451,10.338064177313663,0.015625,-0.32708333333333334,4.856021096407301,-1.1912426752124161,228045,0.026134986022952944,10.03921568627451,10.338064177313663,0.015625,-0.32708333333333334,0.0,-0.29708333333333337,4.856021096407301,-1.1912426752124161,tracking,True,,False,False,-10.0,0.0,-1.36,0.06882758700521663,True,-29.708333333333336,27.200000000000003,-2.508333333333333,1500,1583,1668,1500,2000,2000,1000,1000,-10.0,5.0,15.0,20.0,100.0,20.0,100.0,0.03,0.25,3,1.0,1.0,60.0,1660,67.0
497,332502306852497,9.94000604696339,commit_complete,228046,11690137425848,True,,10.03921568627451,10.33433860496902,0.015625,-0.325,4.857772115702835,-1.184081953202566,228046,0.012637100007850677,10.03921568627451,10.33433860496902,0.015625,-0.325,0.0,-0.29500000000000004,4.857772115702835,-1.184081953202566,tracking,True,,False,False,-10.0,0.0,-1.36,0.08880756399594247,True,-29.500000000000004,27.200000000000003,-2.3000000000000007,1500,1583,1668,1500,2000,2000,1000,1000,-10.0,5.0,15.0,20.0,100.0,20.0,100.0,0.03,0.25,3,1.0,1.0,60.0,1660,67.0
498,332502326843031,9.95999658096116,commit_complete,228046,11690137425848,True,,10.03921568627451,10.33433860496902,0.015625,-0.325,4.857772115702835,-1.184081953202566,228046,0.032627634005621076,10.03921568627451,10.33433860496902,0.015625,-0.325,0.0,-0.29500000000000004,4.857772115702835,-1.184081953202566,tracking,True,,False,False,-10.0,0.0,-1.36,0.10879809799371287,True,-29.500000000000004,27.200000000000003,-2.3000000000000007,1500,1583,1668,1500,2000,2000,1000,1000,-10.0,5.0,15.0,20.0,100.0,20.0,100.0,0.03,0.25,3,1.0,1.0,60.0,1660,67.0
499,332502346858859,9.980012408981565,commit_complete,228047,11690171366727,True,,9.904761904761905,10.19227878193623,0.015625,-0.3229166666666667,4.859513823792682,-1.17691350419979,228047,0.019231448008213192,9.904761904761905,10.19227878193623,0.015625,-0.3229166666666667,0.0,-0.2929166666666667,4.859513823792682,-1.17691350419979,tracking,True,,False,False,-10.0,0.0,-1.36,0.1288139260141179,True,-29.29166666666667,27.200000000000003,-2.0916666666666686,1500,1583,1668,1500,2000,2000,1000,1000,-10.0,5.0,15.0,20.0,100.0,20.0,100.0,0.03,0.25,3,1.0,1.0,60.0,1660,67.0
500,332502366834260,9.999987809977029,commit_complete,228048,11690204048202,True,,9.904761904761905,10.185038393946671,0.015625,-0.31875,4.862969175350511,-1.1625535684822317,228048,0.005742702982388437,9.904761904761905,10.185038393946671,0.015625,-0.31875,0.0,-0.28874999999999995,4.862969175350511,-1.1625535684822317,tracking,True,,False,False,-10.0,0.0,-1.36,0.14878932700958103,True,-28.874999999999996,27.200000000000003,-1.6749999999999936,1500,1583,1669,1500,2000,2000,1000,1000,-10.0,5.0,15.0,20.0,100.0,20.0,100.0,0.03,0.25,3,1.0,1.0,60.0,1660,67.0
501,332502386856840,10.020010389969684,commit_complete,228048,11690204048202,True,,9.904761904761905,10.185038393946671,0.015625,-0.31875,4.862969175350511,-1.1625535684822317,228048,0.0257652829750441,9.904761904761905,10.185038393946671,0.015625,-0.31875,0.0,-0.28874999999999995,4.862969175350511,-1.1625535684822317,tracking,True,,False,False,-10.0,0.0,-1.46,0.007579113997053355,True,-28.874999999999996,29.2,0.32500000000000284,1500,1583,1671,1500,2000,2000,1000,1000,-10.0,5.0,15.0,20.0,100.0,20.0,100.0,0.03,0.25,3,1.0,1.0,60.0,1660,67.0
502,332502406848587,10.0400021369569,commit_complete,228049,11690237266412,True,,9.904761904761905,10.181451555761237,0.015625,-0.31666666666666665,4.864682753597802,-1.155362153979478,228049,0.012250380998011678,9.904761904761905,10.181451555761237,0.015625,-0.31666666666666665,0.0,-0.2866666666666666,4.864682753597802,-1.155362153979478,tracking,True,,False,False,-10.0,0.0,-1.46,0.02757086098426953,True,-28.666666666666664,29.2,0.533333333333335,1500,1583,1671,1500,2000,2000,1000,1000,-10.0,5.0,15.0,20.0,100.0,20.0,100.0,0.03,0.25,3,1.0,1.0,60.0,1660,67.0
503,332502426842127,10.059995676972903,commit_complete,228049,11690237266412,True,,9.904761904761905,10.181451555761237,0.015625,-0.31666666666666665,4.864682753597802,-1.155362153979478,228049,0.03224392101401463,9.904761904761905,10.181451555761237,0.015625,-0.31666666666666665,0.0,-0.2866666666666666,4.864682753597802,-1.155362153979478,tracking,True,,False,False,-10.0,0.0,-1.46,0.04756440100027248,True,-28.666666666666664,29.2,0.533333333333335,1500,1583,1671,1500,2000,2000,1000,1000,-10.0,5.0,15.0,20.0,100.0,20.0,100.0,0.03,0.25,3,1.0,1.0,60.0,1660,67.0
504,332502446858584,10.080012133985292,commit_complete,228050,11690269746471,True,,9.904761904761905,10.177886986177503,0.015625,-0.3145833333333333,4.866386890201161,-1.1481631569068365,228050,0.01867653598310426,9.904761904761905,10.177886986177503,0.015625,-0.3145833333333333,0.0,-0.2845833333333333,4.866386890201161,-1.1481631569068365,tracking,True,,False,False,-10.0,0.0,-1.46,0.06758085801266134,True,-28.45833333333333,29.2,0.7416666666666707,1500,1583,1671,1500,2000,2000,1000,1000,-10.0,5.0,15.0,20.0,100.0,20.0,100.0,0.03,0.25,3,1.0,1.0,60.0,1660,67.0
505,332502466838438,10.09999198798323,commit_complete,228051,11690302832932,True,,9.904761904761905,10.170824746322598,0.015625,-0.3104166666666667,4.869766709308077,-1.1337425620107868,228051,0.0052111620316281915,9.904761904761905,10.170824746322598,0.015625,-0.3104166666666667,0.0,-0.28041666666666665,4.869766709308077,-1.1337425620107868,tracking,True,,False,False,-10.0,0.0,-1.46,0.08756071201059967,True,-28.041666666666664,29.2,1.158333333333335,1500,1583,1671,1500,2000,2000,1000,1000,-10.0,5.0,15.0,20.0,100.0,20.0,100.0,0.03,0.25,3,1.0,1.0,60.0,1660,67.0
506,332502486877307,10.12003085698234,commit_complete,228051,11690302832932,True,,9.904761904761905,10.170824746322598,0.015625,-0.3104166666666667,4.869766709308077,-1.1337425620107868,228051,0.025250031030736864,9.904761904761905,10.170824746322598,0.015625,-0.3104166666666667,0.0,-0.28041666666666665,4.869766709308077,-1.1337425620107868,tracking,True,,False,False,-10.0,0.0,-1.46,0.10759958100970834,True,-28.041666666666664,29.2,1.158333333333335,1500,1583,1671,1500,2000,2000,1000,1000,-10.0,5.0,15.0,20.0,100.0,20.0,100.0,0.03,0.25,3,1.0,1.0,60.0,1660,67.0
507,332502506836238,10.139989788003732,commit_complete,228052,11690335493981,True,,9.904761904761905,10.171072007527668,0.0171875,-0.3104166666666667,4.869766709308077,-1.1337425620107868,228052,0.011597424047067761,9.904761904761905,10.171072007527668,0.0171875,-0.3104166666666667,0.0,-0.28041666666666665,4.869766709308077,-1.1337425620107868,tracking,True,,False,False,-10.0,0.0,-1.46,0.1275585120311007,True,-28.041666666666664,29.2,1.158333333333335,1500,1583,1671,1500,2000,2000,1000,1000,-10.0,5.0,15.0,20.0,100.0,20.0,100.0,0.03,0.25,3,1.0,1.0,60.0,1660,67.0
508,332502526864046,10.16001759597566,commit_complete,228052,11690335493981,True,,9.904761904761905,10.171072007527668,0.0171875,-0.3104166666666667,4.869766709308077,-1.1337425620107868,228052,0.03162523201899603,9.904761904761905,10.171072007527668,0.0171875,-0.3104166666666667,0.0,-0.28041666666666665,4.869766709308077,-1.1337425620107868,tracking,True,,False,False,-10.0,0.0,-1.46,0.14758632000302896,True,-28.041666666666664,29.2,1.158333333333335,1500,1583,1671,1500,2000,2000,1000,1000,-10.0,5.0,15.0,20.0,100.0,20.0,100.0,0.03,0.25,3,1.0,1.0,60.0,1660,67.0
509,332502546871447,10.180024996981956,commit_complete,228053,11690368508595,True,,9.904761904761905,10.171072007527668,0.0171875,-0.3104166666666667,4.869766709308077,-1.1337425620107868,228053,0.018346468976233155,9.904761904761905,10.171072007527668,0.0171875,-0.3104166666666667,0.0,-0.28041666666666665,4.869766709308077,-1.1337425620107868,tracking,True,,False,False,-10.0,0.0,-1.52,0.016306698031257838,True,-28.041666666666664,30.4,2.3583333333333343,1500,1583,1673,1500,2000,2000,1000,1000,-10.0,5.0,15.0,20.0,100.0,20.0,100.0,0.03,0.25,3,1.0,1.0,60.0,1660,67.0
510,332502566842310,10.199995859991759,commit_complete,228054,11690401499881,True,,9.732718894009217,9.990966475527902,0.0171875,-0.30833333333333335,4.871442327525013,-1.1265210382401591,228054,0.004828998993616551,9.732718894009217,9.990966475527902,0.0171875,-0.30833333333333335,0.0,-0.2783333333333333,4.871442327525013,-1.1265210382401591,tracking,True,,False,False,-10.0,0.0,-1.52,0.036277561041060835,True,-27.833333333333332,30.4,2.5666666666666664,1500,1583,1673,1500,2000,2000,1000,1000,-10.0,5.0,15.0,20.0,100.0,20.0,100.0,0.03,0.25,3,1.0,1.0,60.0,1660,67.0
511,332502586862266,10.22001581598306,commit_complete,228054,11690401499881,True,,9.732718894009217,9.990966475527902,0.0171875,-0.30833333333333335,4.871442327525013,-1.1265210382401591,228054,0.024848954984918237,9.732718894009217,9.990966475527902,0.0171875,-0.30833333333333335,0.0,-0.2783333333333333,4.871442327525013,-1.1265210382401591,tracking,True,,False,False,-10.0,0.0,-1.52,0.05629751703236252,True,-27.833333333333332,30.4,2.5666666666666664,1500,1583,1673,1500,2000,2000,1000,1000,-10.0,5.0,15.0,20.0,100.0,20.0,100.0,0.03,0.25,3,1.0,1.0,60.0,1660,67.0
512,332502606859401,10.24001295096241,commit_complete,228055,11690434453659,True,,9.732718894009217,9.990966475527902,0.0171875,-0.30833333333333335,4.871442327525013,-1.1265210382401591,228055,0.011414280976168811,9.732718894009217,9.990966475527902,0.0171875,-0.30833333333333335,0.0,-0.2783333333333333,4.871442327525013,-1.1265210382401591,tracking,True,,False,False,-10.0,0.0,-1.52,0.07629465201171115,True,-27.833333333333332,30.4,2.5666666666666664,1500,1583,1673,1500,2000,2000,1000,1000,-10.0,5.0,15.0,20.0,100.0,20.0,100.0,0.03,0.25,3,1.0,1.0,60.0,1660,67.0
513,332502626847169,10.26000071899034,commit_complete,228055,11690434453659,True,,9.732718894009217,9.990966475527902,0.0171875,-0.30833333333333335,4.871442327525013,-1.1265210382401591,228055,0.03140204900410026,9.732718894009217,9.990966475527902,0.0171875,-0.30833333333333335,0.0,-0.2783333333333333,4.871442327525013,-1.1265210382401591,tracking,True,,False,False,-10.0,0.0,-1.52,0.0962824200396426,True,-27.833333333333332,30.4,2.5666666666666664,1500,1583,1673,1500,2000,2000,1000,1000,-10.0,5.0,15.0,20.0,100.0,20.0,100.0,0.03,0.25,3,1.0,1.0,60.0,1660,67.0
514,332502646851558,10.280005107983015,commit_complete,228056,11690467241369,True,,9.60573476702509,9.860612956697361,0.0171875,-0.30833333333333335,4.871442327525013,-1.1265210382401594,228056,0.017922813014592975,9.60573476702509,9.860612956697361,0.0171875,-0.30833333333333335,0.0,-0.2783333333333333,4.871442327525013,-1.1265210382401594,tracking,True,,False,False,-10.0,0.0,-1.52,0.11628680903231725,True,-27.833333333333332,30.4,2.5666666666666664,1500,1583,1673,1500,2000,2000,1000,1000,-10.0,5.0,15.0,20.0,100.0,20.0,100.0,0.03,0.25,3,1.0,1.0,60.0,1660,67.0
515,332502666873618,10.300027168006636,commit_complete,228057,11690500268170,True,,9.60573476702509,9.860612956697361,0.0171875,-0.30833333333333335,4.871442327525013,-1.1265210382401594,228057,0.00451965001411736,9.60573476702509,9.860612956697361,0.0171875,-0.30833333333333335,0.0,-0.2783333333333333,4.871442327525013,-1.1265210382401594,tracking,True,,False,False,-10.0,0.0,-1.52,0.13630886905593798,True,-27.833333333333332,30.4,2.5666666666666664,1500,1583,1673,1500,2000,2000,1000,1000,-10.0,5.0,15.0,20.0,100.0,20.0,100.0,0.03,0.25,3,1.0,1.0,60.0,1660,67.0
516,332502686874653,10.320028202957474,commit_complete,228057,11690500268170,True,,9.60573476702509,9.860612956697361,0.0171875,-0.30833333333333335,4.871442327525013,-1.1265210382401594,228057,0.024520684964954853,9.60573476702509,9.860612956697361,0.0171875,-0.30833333333333335,0.0,-0.2783333333333333,4.871442327525013,-1.1265210382401594,tracking,True,,False,False,-10.0,0.0,-1.52,0.15630990400677547,True,-27.833333333333332,30.4,2.5666666666666664,1500,1583,1673,1500,2000,2000,1000,1000,-10.0,5.0,15.0,20.0,100.0,20.0,100.0,0.03,0.25,3,1.0,1.0,60.0,1660,67.0
517,332502706900542,10.340054091997445,commit_complete,228058,11690534472824,True,,9.60573476702509,9.860612956697361,0.0171875,-0.30833333333333335,4.871442327525013,-1.1265210382401594,228058,0.01108564401511103,9.60573476702509,9.860612956697361,0.0171875,-0.30833333333333335,0.0,-0.2783333333333333,4.871442327525013,-1.1265210382401594,tracking,True,,False,False,-10.0,0.0,-1.52,0.1763357930467464,True,-27.833333333333332,30.4,2.5666666666666664,1500,1583,1673,1500,2000,2000,1000,1000,-10.0,5.0,15.0,20.0,100.0,20.0,100.0,0.03,0.25,3,1.0,1.0,60.0,1660,67.0
518,332502726843075,10.359996624989435,commit_complete,228058,11690534472824,True,,9.60573476702509,9.860612956697361,0.0171875,-0.30833333333333335,4.871442327525013,-1.1265210382401594,228058,0.031028177007101476,9.60573476702509,9.860612956697361,0.0171875,-0.30833333333333335,0.0,-0.2783333333333333,4.871442327525013,-1.1265210382401594,tracking,True,,False,False,-10.0,0.0,-1.59,0.004767965001519769,True,-27.833333333333332,31.8,3.9666666666666686,1500,1583,1674,1500,2000,2000,1000,1000,-10.0,5.0,15.0,20.0,100.0,20.0,100.0,0.03,0.25,3,1.0,1.0,60.0,1660,67.0
519,332502746843093,10.379996642994229,commit_complete,228059,11690568910085,True,,9.60573476702509,9.860612956697361,0.0171875,-0.30833333333333335,4.871442327525013,-1.1265210382401594,228059,0.01756023900816217,9.60573476702509,9.860612956697361,0.0171875,-0.30833333333333335,0.0,-0.2783333333333333,4.871442327525013,-1.1265210382401594,tracking,True,,False,False,-10.0,0.0,-1.59,0.024767983006313443,True,-27.833333333333332,31.8,3.9666666666666686,1500,1583,1674,1500,2000,2000,1000,1000,-10.0,5.0,15.0,20.0,100.0,20.0,100.0,0.03,0.25,3,1.0,1.0,60.0,1660,67.0
520,332502766864586,10.400018135958817,commit_complete,228060,11690601054102,True,,9.60573476702509,9.864004903909175,0.0171875,-0.3104166666666667,4.8697667093080765,-1.1337425620107866,228060,0.00417911697877571,9.60573476702509,9.864004903909175,0.0171875,-0.3104166666666667,0.0,-0.28041666666666665,4.8697667093080765,-1.1337425620107866,tracking,True,,False,False,-10.0,0.0,-1.59,0.04478947597090155,True,-28.041666666666664,31.8,3.7583333333333364,1500,1583,1674,1500,2000,2000,1000,1000,-10.0,5.0,15.0,20.0,100.0,20.0,100.0,0.03,0.25,3,1.0,1.0,60.0,1660,67.0
521,332502786850334,10.420003884006292,commit_complete,228060,11690601054102,True,,9.60573476702509,9.864004903909175,0.0171875,-0.3104166666666667,4.8697667093080765,-1.1337425620107866,228060,0.02416486502625048,9.60573476702509,9.864004903909175,0.0171875,-0.3104166666666667,0.0,-0.28041666666666665,4.8697667093080765,-1.1337425620107866,tracking,True,,False,False,-10.0,0.0,-1.59,0.06477522401837632,True,-28.041666666666664,31.8,3.7583333333333364,1500,1583,1674,1500,2000,2000,1000,1000,-10.0,5.0,15.0,20.0,100.0,20.0,100.0,0.03,0.25,3,1.0,1.0,60.0,1660,67.0
522,332502806858063,10.44001161295455,commit_complete,228061,11690634312404,True,,9.60573476702509,9.860875674423154,0.01875,-0.30833333333333335,4.871442327525013,-1.1265210382401594,228061,0.010692668962292373,9.60573476702509,9.860875674423154,0.01875,-0.30833333333333335,0.0,-0.2783333333333333,4.871442327525013,-1.1265210382401594,tracking,True,,False,False,-10.0,0.0,-1.59,0.08478295296663418,True,-27.833333333333332,31.8,3.9666666666666686,1500,1583,1674,1500,2000,2000,1000,1000,-10.0,5.0,15.0,20.0,100.0,20.0,100.0,0.03,0.25,3,1.0,1.0,60.0,1660,67.0
523,332502826839667,10.459993216965813,commit_complete,228061,11690634312404,True,,9.60573476702509,9.860875674423154,0.01875,-0.30833333333333335,4.871442327525013,-1.1265210382401594,228061,0.03067427297355607,9.60573476702509,9.860875674423154,0.01875,-0.30833333333333335,0.0,-0.2783333333333333,4.871442327525013,-1.1265210382401594,tracking,True,,False,False,-10.0,0.0,-1.59,0.10476455697789788,True,-27.833333333333332,31.8,3.9666666666666686,1500,1583,1674,1500,2000,2000,1000,1000,-10.0,5.0,15.0,20.0,100.0,20.0,100.0,0.03,0.25,3,1.0,1.0,60.0,1660,67.0
524,332502847012482,10.480166031979024,commit_complete,228062,11690667488771,True,,9.48561464690497,9.737565006449328,0.01875,-0.30833333333333335,4.8714423275250125,-1.1265210382401591,228062,0.017416835005860776,9.48561464690497,9.737565006449328,0.01875,-0.30833333333333335,0.0,-0.2783333333333333,4.8714423275250125,-1.1265210382401591,tracking,True,,False,False,-10.0,0.0,-1.59,0.1249373719911091,True,-27.833333333333332,31.8,3.9666666666666686,1500,1583,1674,1500,2000,2000,1000,1000,-10.0,5.0,15.0,20.0,100.0,20.0,100.0,0.03,0.25,3,1.0,1.0,60.0,1660,67.0
525,332502867407435,10.500560985004995,commit_complete,228063,11690699765349,True,,9.444444444444445,9.691987686717965,0.01875,-0.30625,4.8731083755279005,-1.1192920800040644,228063,0.004327184055000544,9.444444444444445,9.691987686717965,0.01875,-0.30625,0.0,-0.27625,4.8731083755279005,-1.1192920800040644,tracking,True,,False,False,-10.0,0.0,-1.65,0.004242350056301802,True,-27.625,33.0,5.375,1500,1583,1676,1500,2000,2000,1000,1000,-10.0,5.0,15.0,20.0,100.0,20.0,100.0,0.03,0.25,3,1.0,1.0,60.0,1660,67.0
526,332502886877401,10.520030950952787,commit_complete,228063,11690699765349,True,,9.444444444444445,9.691987686717965,0.01875,-0.30625,4.8731083755279005,-1.1192920800040644,228063,0.023797150002792478,9.444444444444445,9.691987686717965,0.01875,-0.30625,0.0,-0.27625,4.8731083755279005,-1.1192920800040644,tracking,True,,False,False,-10.0,0.0,-1.65,0.023712316004093736,True,-27.625,33.0,5.375,1500,1583,1676,1500,2000,2000,1000,1000,-10.0,5.0,15.0,20.0,100.0,20.0,100.0,0.03,0.25,3,1.0,1.0,60.0,1660,67.0
527,332502906852148,10.54000569798518,commit_complete,228064,11690732306366,True,,9.444444444444445,9.691987686717965,0.01875,-0.30625,4.8731083755279005,-1.1192920800040644,228064,0.010353279998525977,9.444444444444445,9.691987686717965,0.01875,-0.30625,0.0,-0.27625,4.8731083755279005,-1.1192920800040644,tracking,True,,False,False,-10.0,0.0,-1.65,0.043687063036486506,True,-27.625,33.0,5.375,1500,1583,1676,1500,2000,2000,1000,1000,-10.0,5.0,15.0,20.0,100.0,20.0,100.0,0.03,0.25,3,1.0,1.0,60.0,1660,67.0
528,332502926834386,10.559987935994286,commit_complete,228064,11690732306366,True,,9.444444444444445,9.691987686717965,0.01875,-0.30625,4.8731083755279005,-1.1192920800040644,228064,0.030335518007632345,9.444444444444445,9.691987686717965,0.01875,-0.30625,0.0,-0.27625,4.8731083755279005,-1.1192920800040644,tracking,True,,False,False,-10.0,0.0,-1.65,0.06366930104559287,True,-27.625,33.0,5.375,1500,1583,1676,1500,2000,2000,1000,1000,-10.0,5.0,15.0,20.0,100.0,20.0,100.0,0.03,0.25,3,1.0,1.0,60.0,1660,67.0
529,332502946866986,10.580020535970107,commit_complete,228065,11690764812588,True,,9.324324324324325,9.562239522438754,0.01875,-0.3020833333333333,4.876411633660539,-1.104812010751216,228065,0.01692575798369944,9.324324324324325,9.562239522438754,0.01875,-0.3020833333333333,0.0,-0.27208333333333334,4.876411633660539,-1.104812010751216,tracking,True,,False,False,-10.0,0.0,-1.65,0.0837019010214135,True,-27.208333333333336,33.0,5.791666666666664,1500,1583,1676,1500,2000,2000,1000,1000,-10.0,5.0,15.0,20.0,100.0,20.0,100.0,0.03,0.25,3,1.0,1.0,60.0,1660,67.0
530,332502966837406,10.599990955961403,commit_complete,228066,11690798476741,True,,9.324324324324325,9.562239522438754,0.01875,-0.3020833333333333,4.876411633660539,-1.104812010751216,228066,0.0033782589598558843,9.324324324324325,9.562239522438754,0.01875,-0.3020833333333333,0.0,-0.27208333333333334,4.876411633660539,-1.104812010751216,tracking,True,,False,False,-10.0,0.0,-1.65,0.10367232101270929,True,-27.208333333333336,33.0,5.791666666666664,1500,1583,1676,1500,2000,2000,1000,1000,-10.0,5.0,15.0,20.0,100.0,20.0,100.0,0.03,0.25,3,1.0,1.0,60.0,1660,67.0
531,332502986861131,10.620014680956956,commit_complete,228066,11690798476741,True,,9.324324324324325,9.562239522438754,0.01875,-0.3020833333333333,4.876411633660539,-1.104812010751216,228066,0.023401983955409378,9.324324324324325,9.562239522438754,0.01875,-0.3020833333333333,0.0,-0.27208333333333334,4.876411633660539,-1.104812010751216,tracking,True,,False,False,-10.0,0.0,-1.65,0.12369604600826278,True,-27.208333333333336,33.0,5.791666666666664,1500,1583,1676,1500,2000,2000,1000,1000,-10.0,5.0,15.0,20.0,100.0,20.0,100.0,0.03,0.25,3,1.0,1.0,60.0,1660,67.0
532,332503006853352,10.640006901987363,commit_complete,228067,11690831164395,True,,9.324324324324325,9.559031363450133,0.01875,-0.3,4.878048780487805,-1.0975609756097557,228067,0.00992445700103417,9.324324324324325,9.559031363450133,0.01875,-0.3,0.0,-0.27,4.878048780487805,-1.0975609756097557,tracking,True,,False,False,-10.0,0.0,-1.7,0.002513058017939329,True,-27.0,34.0,7.0,1500,1583,1677,1500,2000,2000,1000,1000,-10.0,5.0,15.0,20.0,100.0,20.0,100.0,0.03,0.25,3,1.0,1.0,60.0,1660,67.0
533,332503026841592,10.659995141963009,commit_complete,228067,11690831164395,True,,9.324324324324325,9.559031363450133,0.01875,-0.3,4.878048780487805,-1.0975609756097557,228067,0.02991269697668031,9.324324324324325,9.559031363450133,0.01875,-0.3,0.0,-0.27,4.878048780487805,-1.0975609756097557,tracking,True,,False,False,-10.0,0.0,-1.7,0.022501297993585467,True,-27.0,34.0,7.0,1500,1583,1677,1500,2000,2000,1000,1000,-10.0,5.0,15.0,20.0,100.0,20.0,100.0,0.03,0.25,3,1.0,1.0,60.0,1660,67.0
534,332503046847276,10.680000825959723,commit_complete,228068,11690863899351,True,,9.324324324324325,9.555844340341768,0.01875,-0.29791666666666666,4.879676230499169,-1.090302657752158,228068,0.016502918966580182,9.324324324324325,9.555844340341768,0.01875,-0.29791666666666666,0.0,-0.2679166666666667,4.879676230499169,-1.090302657752158,tracking,True,,False,False,-10.0,0.0,-1.7,0.04250698199030012,True,-26.791666666666668,34.0,7.208333333333332,1500,1583,1677,1500,2000,2000,1000,1000,-10.0,5.0,15.0,20.0,100.0,20.0,100.0,0.03,0.25,3,1.0,1.0,60.0,1660,67.0
535,332503066841088,10.699994637980126,commit_complete,228069,11690897282687,True,,9.324324324324325,9.555588888303303,0.0171875,-0.29791666666666666,4.879676230499169,-1.090302657752158,228069,0.0030156709835864604,9.324324324324325,9.555588888303303,0.0171875,-0.29791666666666666,0.0,-0.2679166666666667,4.879676230499169,-1.090302657752158,tracking,True,,False,False,-10.0,0.0,-1.7,0.06250079401070252,True,-26.791666666666668,34.0,7.208333333333332,1500,1583,1677,1500,2000,2000,1000,1000,-10.0,5.0,15.0,20.0,100.0,20.0,100.0,0.03,0.25,3,1.0,1.0,60.0,1660,67.0
536,332503086862647,10.720016196952201,commit_complete,228069,11690897282687,True,,9.324324324324325,9.555588888303303,0.0171875,-0.29791666666666666,4.879676230499169,-1.090302657752158,228069,0.023037229955662042,9.324324324324325,9.555588888303303,0.0171875,-0.29791666666666666,0.0,-0.2679166666666667,4.879676230499169,-1.090302657752158,tracking,True,,False,False,-10.0,0.0,-1.7,0.0825223529827781,True,-26.791666666666668,34.0,7.208333333333332,1500,1583,1677,1500,2000,2000,1000,1000,-10.0,5.0,15.0,20.0,100.0,20.0,100.0,0.03,0.25,3,1.0,1.0,60.0,1660,67.0
537,332503106850101,10.740003650949802,commit_complete,228070,11690930790343,True,,9.210526315789473,9.436093534841488,0.01875,-0.29583333333333334,4.881293952363416,-1.083037095680633,228070,0.009622590965591371,9.210526315789473,9.436093534841488,0.01875,-0.29583333333333334,0.0,-0.26583333333333337,4.881293952363416,-1.083037095680633,tracking,True,,False,False,-10.0,0.0,-1.7,0.10250980698037893,True,-26.583333333333336,34.0,7.416666666666664,1500,1583,1678,1500,2000,2000,1000,1000,-10.0,5.0,15.0,20.0,100.0,20.0,100.0,0.03,0.25,3,1.0,1.0,60.0,1660,67.0
538,332503126872394,10.76002594397869,commit_complete,228070,11690930790343,True,,9.210526315789473,9.436093534841488,0.01875,-0.29583333333333334,4.881293952363416,-1.083037095680633,228070,0.029644883994478732,9.210526315789473,9.436093534841488,0.01875,-0.29583333333333334,0.0,-0.26583333333333337,4.881293952363416,-1.083037095680633,tracking,True,,False,False,-10.0,0.0,-1.7,0.12253210000926629,True,-26.583333333333336,34.0,7.416666666666664,1500,1583,1678,1500,2000,2000,1000,1000,-10.0,5.0,15.0,20.0,100.0,20.0,100.0,0.03,0.25,3,1.0,1.0,60.0,1660,67.0
539,332503146873991,10.7800275409827,commit_complete,228071,11690964081188,True,,9.172809172809174,9.397452693175474,0.01875,-0.29583333333333334,4.881293952363416,-1.0830370956806328,228071,0.016144922003149986,9.172809172809174,9.397452693175474,0.01875,-0.29583333333333334,0.0,-0.26583333333333337,4.881293952363416,-1.0830370956806328,tracking,True,,False,False,-10.0,0.0,-1.65,0.0014797429903410375,True,-26.583333333333336,33.0,6.416666666666664,1500,1583,1677,1500,2000,2000,1000,1000,-10.0,5.0,15.0,20.0,100.0,20.0,100.0,0.03,0.25,3,1.0,1.0,60.0,1660,67.0
540,332503166843234,10.799996783956885,commit_complete,228072,11690997545692,True,,8.91640866873065,9.134772900955795,0.01875,-0.29583333333333334,4.881293952363416,-1.083037095680633,228072,0.0026736289728432894,8.91640866873065,9.134772900955795,0.01875,-0.29583333333333334,0.0,-0.26583333333333337,4.881293952363416,-1.083037095680633,tracking,True,,False,False,-9.999764049396378,0.0,-1.65,0.02144898596452549,True,-26.583333333333336,33.0,6.416666666666664,1500,1583,1677,1500,2000,2000,1000,1000,-10.0,5.0,15.0,20.0,100.0,20.0,100.0,0.03,0.25,3,1.0,1.0,60.0,1660,67.0
541,332503186879126,10.820032675983384,commit_complete,228072,11690997545692,True,,8.91640866873065,9.134772900955795,0.01875,-0.29583333333333334,4.881293952363416,-1.083037095680633,228072,0.022709520999342203,8.91640866873065,9.134772900955795,0.01875,-0.29583333333333334,0.0,-0.26583333333333337,4.881293952363416,-1.083037095680633,tracking,True,,False,False,-9.999764049396378,0.0,-1.65,0.041484877991024405,True,-26.583333333333336,33.0,6.416666666666664,1500,1583,1677,1500,2000,2000,1000,1000,-10.0,5.0,15.0,20.0,100.0,20.0,100.0,0.03,0.25,3,1.0,1.0,60.0,1660,67.0
542,332503206855115,10.840008664992638,commit_complete,228073,11691030855807,True,,8.91640866873065,9.137800268379044,0.01875,-0.29791666666666666,4.879676230499169,-1.090302657752158,228073,0.009244411019608378,8.91640866873065,9.137800268379044,0.01875,-0.29791666666666666,0.0,-0.2679166666666667,4.879676230499169,-1.090302657752158,tracking,True,,False,False,-9.999764049396378,0.0,-1.65,0.061460867000278085,True,-26.791666666666668,33.0,6.208333333333332,1500,1583,1676,1500,2000,2000,1000,1000,-10.0,5.0,15.0,20.0,100.0,20.0,100.0,0.03,0.25,3,1.0,1.0,60.0,1660,67.0
543,332503226839168,10.85999271797482,commit_complete,228073,11691030855807,True,,8.91640866873065,9.137800268379044,0.01875,-0.29791666666666666,4.879676230499169,-1.090302657752158,228073,0.02922846400178969,8.91640866873065,9.137800268379044,0.01875,-0.29791666666666666,0.0,-0.2679166666666667,4.879676230499169,-1.090302657752158,tracking,True,,False,False,-9.999764049396378,0.0,-1.65,0.0814449199824594,True,-26.791666666666668,33.0,6.208333333333332,1500,1583,1676,1500,2000,2000,1000,1000,-10.0,5.0,15.0,20.0,100.0,20.0,100.0,0.03,0.25,3,1.0,1.0,60.0,1660,67.0
544,332503246810609,10.879964158986695,commit_complete,228074,11691062799127,True,,8.91640866873065,9.140847867270123,0.01875,-0.3,4.878048780487805,-1.097560975609756,228074,0.015694961010012776,8.91640866873065,9.140847867270123,0.01875,-0.3,0.0,-0.27,4.878048780487805,-1.097560975609756,tracking,True,,False,False,-9.999764049396378,0.0,-1.65,0.10141636099433526,True,-27.0,33.0,6.0,1500,1583,1676,1500,2000,2000,1000,1000,-10.0,5.0,15.0,20.0,100.0,20.0,100.0,0.03,0.25,3,1.0,1.0,60.0,1660,67.0
545,332503266869300,10.900022849964444,commit_complete,228075,11691094450542,True,,8.91640866873065,9.140847867270123,0.01875,-0.3,4.878048780487805,-1.097560975609756,228075,0.0023616119869984686,8.91640866873065,9.140847867270123,0.01875,-0.3,0.0,-0.27,4.878048780487805,-1.097560975609756,tracking,True,,False,False,-9.999764049396378,0.0,-1.65,0.12147505197208375,True,-27.0,33.0,6.0,1500,1583,1676,1500,2000,2000,1000,1000,-10.0,5.0,15.0,20.0,100.0,20.0,100.0,0.03,0.25,3,1.0,1.0,60.0,1660,67.0
546,332503286896069,10.920049618987832,commit_complete,228075,11691094450542,True,,8.91640866873065,9.140847867270123,0.01875,-0.3,4.878048780487805,-1.097560975609756,228075,0.022388381010387093,8.91640866873065,9.140847867270123,0.01875,-0.3,0.0,-0.27,4.878048780487805,-1.097560975609756,tracking,True,,False,False,-9.999764049396378,0.0,-1.55,0.010342844005208462,True,-27.0,31.0,4.0,1500,1583,1674,1500,2000,2000,1000,1000,-10.0,5.0,15.0,20.0,100.0,20.0,100.0,0.03,0.25,3,1.0,1.0,60.0,1660,67.0
547,332503306840208,10.939993757987395,commit_complete,228076,11691127386783,True,,8.91640866873065,9.14391567740004,0.01875,-0.3020833333333333,4.87641163366054,-1.1048120107512158,228076,0.0088340780348517,8.91640866873065,9.14391567740004,0.01875,-0.3020833333333333,0.0,-0.27208333333333334,4.87641163366054,-1.1048120107512158,tracking,True,,False,False,-9.999764049396378,0.0,-1.55,0.030286983004771173,True,-27.208333333333336,31.0,3.7916666666666643,1500,1583,1674,1500,2000,2000,1000,1000,-10.0,5.0,15.0,20.0,100.0,20.0,100.0,0.03,0.25,3,1.0,1.0,60.0,1660,67.0
548,332503326843857,10.959997406986076,commit_complete,228076,11691127386783,True,,8.91640866873065,9.14391567740004,0.01875,-0.3020833333333333,4.87641163366054,-1.1048120107512158,228076,0.028837727033533156,8.91640866873065,9.14391567740004,0.01875,-0.3020833333333333,0.0,-0.27208333333333334,4.87641163366054,-1.1048120107512158,tracking,True,,False,False,-9.999764049396378,0.0,-1.55,0.05029063200345263,True,-27.208333333333336,31.0,3.7916666666666643,1500,1583,1674,1500,2000,2000,1000,1000,-10.0,5.0,15.0,20.0,100.0,20.0,100.0,0.03,0.25,3,1.0,1.0,60.0,1660,67.0
549,332503346878465,10.980032014951576,commit_complete,228077,11691160405294,True,,8.80844645550528,9.033460870090487,0.0203125,-0.3020833333333333,4.876411633660539,-1.104812010751216,228077,0.015448042948264629,8.80844645550528,9.033460870090487,0.0203125,-0.3020833333333333,0.0,-0.27208333333333334,4.876411633660539,-1.104812010751216,tracking,True,,False,False,-9.998668480232526,0.0,-1.55,0.07032523996895179,True,-27.208333333333336,31.0,3.7916666666666643,1500,1583,1674,1500,2000,2000,1000,1000,-10.0,5.0,15.0,20.0,100.0,20.0,100.0,0.03,0.25,3,1.0,1.0,60.0,1660,67.0
550,332503366855545,11.000009095005225,commit_complete,228078,11691193395809,True,,8.80844645550528,9.03958184024116,0.0203125,-0.30625,4.8731083755279005,-1.1192920800040647,228078,0.0019243080168962479,8.80844645550528,9.03958184024116,0.0203125,-0.30625,0.0,-0.27625,4.8731083755279005,-1.1192920800040647,tracking,True,,False,False,-9.998668480232526,0.0,-1.55,0.09030232002260163,True,-27.625,31.0,3.375,1500,1583,1674,1500,2000,2000,1000,1000,-10.0,5.0,15.0,20.0,100.0,20.0,100.0,0.03,0.25,3,1.0,1.0,60.0,1660,67.0
551,332503386878865,11.020032414991874,commit_complete,228078,11691193395809,True,,8.80844645550528,9.03958184024116,0.0203125,-0.30625,4.8731083755279005,-1.1192920800040647,228078,0.021947628003545105,8.80844645550528,9.03958184024116,0.0203125,-0.30625,0.0,-0.27625,4.8731083755279005,-1.1192920800040647,tracking,True,,False,False,-9.998668480232526,0.0,-1.55,0.11032564000925049,True,-27.625,31.0,3.375,1500,1583,1674,1500,2000,2000,1000,1000,-10.0,5.0,15.0,20.0,100.0,20.0,100.0,0.03,0.25,3,1.0,1.0,60.0,1660,67.0
552,332503406857575,11.040011124976445,commit_complete,228079,11691226230175,True,,8.673992673992673,8.90159996479325,0.0203125,-0.30625,4.8731083755279,-1.1192920800040647,228079,0.008522016985807568,8.673992673992673,8.90159996479325,0.0203125,-0.30625,0.0,-0.27625,4.8731083755279,-1.1192920800040647,tracking,True,,False,False,-9.995161768694315,0.0,-1.55,0.13030434999382123,True,-27.625,31.0,3.375,1500,1583,1674,1500,2000,2000,1000,1000,-10.0,5.0,15.0,20.0,100.0,20.0,100.0,0.03,0.25,3,1.0,1.0,60.0,1660,67.0
553,332503426841816,11.059995365969371,commit_complete,228079,11691226230175,True,,8.673992673992673,8.90159996479325,0.0203125,-0.30625,4.8731083755279,-1.1192920800040647,228079,0.02850625797873363,8.673992673992673,8.90159996479325,0.0203125,-0.30625,0.0,-0.27625,4.8731083755279,-1.1192920800040647,tracking,True,,False,False,-9.995161768694315,0.0,-1.55,0.1502885909867473,True,-27.625,31.0,3.375,1500,1583,1674,1500,2000,2000,1000,1000,-10.0,5.0,15.0,20.0,100.0,20.0,100.0,0.03,0.25,3,1.0,1.0,60.0,1660,67.0
554,332503446846466,11.080000015965197,commit_complete,228080,11691259329174,True,,8.673992673992673,8.90159996479325,0.0203125,-0.30625,4.8731083755279,-1.1192920800040647,228080,0.015073722985107452,8.673992673992673,8.90159996479325,0.0203125,-0.30625,0.0,-0.27625,4.8731083755279,-1.1192920800040647,tracking,True,,False,False,-9.995161768694315,0.0,-1.43,0.019115965988021344,True,-27.625,28.599999999999998,0.9749999999999979,1500,1583,1671,1500,2000,2000,1000,1000,-10.0,5.0,15.0,20.0,100.0,20.0,100.0,0.03,0.25,3,1.0,1.0,60.0,1660,67.0
555,332503466841709,11.099995258962736,commit_complete,228081,11691292297889,True,,8.673992673992673,8.90159996479325,0.0203125,-0.30625,4.8731083755279,-1.1192920800040647,228081,0.0016244289581663907,8.673992673992673,8.90159996479325,0.0203125,-0.30625,0.0,-0.27625,4.8731083755279,-1.1192920800040647,tracking,True,,False,False,-9.995161768694315,0.0,-1.43,0.03911120898555964,True,-27.625,28.599999999999998,0.9749999999999979,1500,1583,1671,1500,2000,2000,1000,1000,-10.0,5.0,15.0,20.0,100.0,20.0,100.0,0.03,0.25,3,1.0,1.0,60.0,1660,67.0
556,332503486863736,11.120017285982613,commit_complete,228081,11691292297889,True,,8.673992673992673,8.90159996479325,0.0203125,-0.30625,4.8731083755279,-1.1192920800040647,228081,0.021646455978043377,8.673992673992673,8.90159996479325,0.0203125,-0.30625,0.0,-0.27625,4.8731083755279,-1.1192920800040647,tracking,True,,False,False,-9.995161768694315,0.0,-1.43,0.05913323600543663,True,-27.625,28.599999999999998,0.9749999999999979,1500,1583,1671,1500,2000,2000,1000,1000,-10.0,5.0,15.0,20.0,100.0,20.0,100.0,0.03,0.25,3,1.0,1.0,60.0,1660,67.0
557,332503506858492,11.140012041956652,commit_complete,228082,11691325438033,True,,8.673992673992673,8.898576384755092,0.0203125,-0.30416666666666664,4.874764821477847,-1.112055724899634,228082,0.008196807990316302,8.673992673992673,8.898576384755092,0.0203125,-0.30416666666666664,0.0,-0.27416666666666667,4.874764821477847,-1.112055724899634,tracking,True,,False,False,-9.995161768694315,0.0,-1.43,0.07912799197947606,True,-27.416666666666668,28.599999999999998,1.18333333333333,1500,1583,1671,1500,2000,2000,1000,1000,-10.0,5.0,15.0,20.0,100.0,20.0,100.0,0.03,0.25,3,1.0,1.0,60.0,1660,67.0
558,332503526851575,11.160005124984309,commit_complete,228082,11691325438033,True,,8.673992673992673,8.898576384755092,0.0203125,-0.30416666666666664,4.874764821477847,-1.112055724899634,228082,0.028189891017973423,8.673992673992673,8.898576384755092,0.0203125,-0.30416666666666664,0.0,-0.27416666666666667,4.874764821477847,-1.112055724899634,tracking,True,,False,False,-9.995161768694315,0.0,-1.43,0.09912107500713319,True,-27.416666666666668,28.599999999999998,1.18333333333333,1500,1583,1671,1500,2000,2000,1000,1000,-10.0,5.0,15.0,20.0,100.0,20.0,100.0,0.03,0.25,3,1.0,1.0,60.0,1660,67.0
559,332503546874688,11.180028237984516,commit_complete,228083,11691358255373,True,,8.673992673992673,8.898576384755092,0.0203125,-0.30416666666666664,4.874764821477847,-1.112055724899634,228083,0.014757352008018643,8.673992673992673,8.898576384755092,0.0203125,-0.30416666666666664,0.0,-0.27416666666666667,4.874764821477847,-1.112055724899634,tracking,True,,False,False,-9.995161768694315,0.0,-1.43,0.11914418800733984,True,-27.416666666666668,28.599999999999998,1.18333333333333,1500,1583,1671,1500,2000,2000,1000,1000,-10.0,5.0,15.0,20.0,100.0,20.0,100.0,0.03,0.25,3,1.0,1.0,60.0,1660,67.0
560,332503566844349,11.19999789900612,commit_complete,228084,11691391315972,True,,8.571428571428571,8.793632102904038,0.021875,-0.30416666666666664,4.874764821477847,-1.112055724899634,228084,0.001323854026850313,8.571428571428571,8.793632102904038,0.021875,-0.30416666666666664,0.0,-0.27416666666666667,4.874764821477847,-1.112055724899634,tracking,True,,False,False,-9.990264066997122,0.0,-1.43,0.13911384902894497,True,-27.416666666666668,28.599999999999998,1.18333333333333,1500,1583,1671,1500,2000,2000,1000,1000,-10.0,5.0,15.0,20.0,100.0,20.0,100.0,0.03,0.25,3,1.0,1.0,60.0,1660,67.0
561,332503586844481,11.219998030981515,commit_complete,228084,11691391315972,True,,8.571428571428571,8.793632102904038,0.021875,-0.30416666666666664,4.874764821477847,-1.112055724899634,228084,0.021323986002244055,8.571428571428571,8.793632102904038,0.021875,-0.30416666666666664,0.0,-0.27416666666666667,4.874764821477847,-1.112055724899634,tracking,True,,False,False,-9.990264066997122,0.0,-1.28,0.01774796302197501,True,-27.416666666666668,25.6,-1.8166666666666664,1500,1583,1668,1500,2000,2000,1000,1000,-10.0,5.0,15.0,20.0,100.0,20.0,100.0,0.03,0.25,3,1.0,1.0,60.0,1660,67.0
562,332503606867860,11.240021409990732,commit_complete,228085,11691424417590,True,,8.571428571428571,8.793632102904038,0.021875,-0.30416666666666664,4.874764821477847,-1.112055724899634,228085,0.007824583037290722,8.571428571428571,8.793632102904038,0.021875,-0.30416666666666664,0.0,-0.27416666666666667,4.874764821477847,-1.112055724899634,tracking,True,,False,False,-9.990264066997122,0.0,-1.28,0.037771342031192034,True,-27.416666666666668,25.6,-1.8166666666666664,1500,1583,1668,1500,2000,2000,1000,1000,-10.0,5.0,15.0,20.0,100.0,20.0,100.0,0.03,0.25,3,1.0,1.0,60.0,1660,67.0
563,332503626866075,11.26001962495502,commit_complete,228085,11691424417590,True,,8.571428571428571,8.793632102904038,0.021875,-0.30416666666666664,4.874764821477847,-1.112055724899634,228085,0.02782279800157994,8.571428571428571,8.793632102904038,0.021875,-0.30416666666666664,0.0,-0.27416666666666667,4.874764821477847,-1.112055724899634,tracking,True,,False,False,-9.990264066997122,0.0,-1.28,0.05776955699548125,True,-27.416666666666668,25.6,-1.8166666666666664,1500,1583,1668,1500,2000,2000,1000,1000,-10.0,5.0,15.0,20.0,100.0,20.0,100.0,0.03,0.25,3,1.0,1.0,60.0,1660,67.0
564,332503646848437,11.280001987004653,commit_complete,228086,11691457356235,True,,8.444444444444445,8.66043170153454,0.021875,-0.3020833333333333,4.87641163366054,-1.1048120107512163,228086,0.014398889034055173,8.444444444444445,8.66043170153454,0.021875,-0.3020833333333333,0.0,-0.27208333333333334,4.87641163366054,-1.1048120107512163,tracking,True,,False,False,-9.980825546191097,0.0,-1.28,0.07775191904511303,True,-27.208333333333336,25.6,-1.6083333333333343,1500,1583,1669,1500,2000,2000,1000,1000,-10.0,5.0,15.0,20.0,100.0,20.0,100.0,0.03,0.25,3,1.0,1.0,60.0,1660,67.0
565,332503666859218,11.300012767955195,commit_complete,228087,11691490323152,True,,8.444444444444445,8.66043170153454,0.021875,-0.3020833333333333,4.87641163366054,-1.1048120107512163,228087,0.0009138339664787054,8.444444444444445,8.66043170153454,0.021875,-0.3020833333333333,0.0,-0.27208333333333334,4.87641163366054,-1.1048120107512163,tracking,True,,False,False,-9.980825546191097,0.0,-1.28,0.09776269999565557,True,-27.208333333333336,25.6,-1.6083333333333343,1500,1583,1669,1500,2000,2000,1000,1000,-10.0,5.0,15.0,20.0,100.0,20.0,100.0,0.03,0.25,3,1.0,1.0,60.0,1660,67.0
566,332503686882883,11.320036432996858,commit_complete,228087,11691490323152,True,,8.444444444444445,8.66043170153454,0.021875,-0.3020833333333333,4.87641163366054,-1.1048120107512163,228087,0.020937499008141458,8.444444444444445,8.66043170153454,0.021875,-0.3020833333333333,0.0,-0.27208333333333334,4.87641163366054,-1.1048120107512163,tracking,True,,False,False,-9.980825546191097,0.0,-1.28,0.11778636503731832,True,-27.208333333333336,25.6,-1.6083333333333343,1500,1583,1669,1500,2000,2000,1000,1000,-10.0,5.0,15.0,20.0,100.0,20.0,100.0,0.03,0.25,3,1.0,1.0,60.0,1660,67.0
567,332503706875212,11.340028762002476,commit_complete,228088,11691523393119,True,,8.346883468834688,8.560375366086772,0.021875,-0.3020833333333333,4.87641163366054,-1.104812010751216,228088,0.007582127000205219,8.346883468834688,8.560375366086772,0.021875,-0.3020833333333333,0.0,-0.27208333333333334,4.87641163366054,-1.104812010751216,tracking,True,,False,False,-9.970610483188603,0.0,-1.28,0.13777869404293597,True,-27.208333333333336,25.6,-1.6083333333333343,1500,1583,1669,1500,2000,2000,1000,1000,-10.0,5.0,15.0,20.0,100.0,20.0,100.0,0.03,0.25,3,1.0,1.0,60.0,1660,67.0
568,332503726839786,11.359993335965555,commit_complete,228088,11691523393119,True,,8.346883468834688,8.560375366086772,0.021875,-0.3020833333333333,4.87641163366054,-1.104812010751216,228088,0.02754670096328482,8.346883468834688,8.560375366086772,0.021875,-0.3020833333333333,0.0,-0.27208333333333334,4.87641163366054,-1.104812010751216,tracking,True,,False,False,-9.970610483188603,0.0,-1.28,0.15774326800601557,True,-27.208333333333336,25.6,-1.6083333333333343,1500,1583,1669,1500,2000,2000,1000,1000,-10.0,5.0,15.0,20.0,100.0,20.0,100.0,0.03,0.25,3,1.0,1.0,60.0,1660,67.0
569,332503746881968,11.3800355179701,commit_complete,228089,11691556615968,True,,8.346883468834688,8.563265950253435,0.021875,-0.30416666666666664,4.874764821477848,-1.1120557248996341,228089,0.014146531990263611,8.346883468834688,8.563265950253435,0.021875,-0.30416666666666664,0.0,-0.27416666666666667,4.874764821477848,-1.1120557248996341,tracking,True,,False,False,-9.970610483188603,0.0,-1.28,0.17778545001056045,True,-27.416666666666668,25.6,-1.8166666666666664,1500,1583,1668,1500,2000,2000,1000,1000,-10.0,5.0,15.0,20.0,100.0,20.0,100.0,0.03,0.25,3,1.0,1.0,60.0,1660,67.0
570,332503766845789,11.399999338958878,commit_complete,228090,11691589356660,True,,8.346883468834688,8.566463329303476,0.0234375,-0.30625,4.873108375527901,-1.1192920800040649,228090,0.0005829029832966626,8.346883468834688,8.566463329303476,0.0234375,-0.30625,0.0,-0.27625,4.873108375527901,-1.1192920800040649,tracking,True,,False,False,-9.970610483188603,0.0,-1.28,0.19774927099933848,True,-27.625,25.6,-2.0249999999999986,1500,1583,1668,1500,2000,2000,1000,1000,-10.0,5.0,15.0,20.0,100.0,20.0,100.0,0.03,0.25,3,1.0,1.0,60.0,1660,67.0
571,332503786867213,11.420020763005596,commit_complete,228090,11691589356660,True,,8.346883468834688,8.566463329303476,0.0234375,-0.30625,4.873108375527901,-1.1192920800040649,228090,0.020604327030014247,8.346883468834688,8.566463329303476,0.0234375,-0.30625,0.0,-0.27625,4.873108375527901,-1.1192920800040649,tracking,True,,False,False,-9.970610483188603,0.0,-1.11,0.0164428650168702,True,-27.625,22.200000000000003,-5.424999999999997,1500,1583,1665,1500,2000,2000,1000,1000,-10.0,5.0,15.0,20.0,100.0,20.0,100.0,0.03,0.25,3,1.0,1.0,60.0,1660,67.0
572,332503806862296,11.440015845990274,commit_complete,228091,11691622312797,True,,8.253968253968253,8.473999444185605,0.0234375,-0.30833333333333335,4.8714423275250125,-1.1265210382401591,228091,0.007158636988606304,8.253968253968253,8.473999444185605,0.0234375,-0.30833333333333335,0.0,-0.2783333333333333,4.8714423275250125,-1.1265210382401591,tracking,True,,False,False,-9.958188556400277,0.0,-1.11,0.03643794800154865,True,-27.833333333333332,22.200000000000003,-5.633333333333329,1500,1583,1664,1500,2000,2000,1000,1000,-10.0,5.0,15.0,20.0,100.0,20.0,100.0,0.03,0.25,3,1.0,1.0,60.0,1660,67.0
573,332503826861799,11.460015348973684,commit_complete,228091,11691622312797,True,,8.253968253968253,8.473999444185605,0.0234375,-0.30833333333333335,4.8714423275250125,-1.1265210382401591,228091,0.027158139972016215,8.253968253968253,8.473999444185605,0.0234375,-0.30833333333333335,0.0,-0.2783333333333333,4.8714423275250125,-1.1265210382401591,tracking,True,,False,False,-9.958188556400277,0.0,-1.11,0.05643745098495856,True,-27.833333333333332,22.200000000000003,-5.633333333333329,1500,1583,1664,1500,2000,2000,1000,1000,-10.0,5.0,15.0,20.0,100.0,20.0,100.0,0.03,0.25,3,1.0,1.0,60.0,1660,67.0
574,332503846863838,11.480017388006672,commit_complete,228092,11691655386672,True,,8.226763348714568,8.45189719104176,0.0234375,-0.3125,4.868081552839004,-1.1409566139466416,228092,0.013711004052311182,8.226763348714568,8.45189719104176,0.0234375,-0.3125,0.0,-0.2825,4.868081552839004,-1.1409566139466416,tracking,True,,False,False,-9.95401996290735,0.0,-1.11,0.07643949001794681,True,-28.249999999999996,22.200000000000003,-6.049999999999994,1500,1583,1664,1500,2000,2000,1000,1000,-10.0,5.0,15.0,20.0,100.0,20.0,100.0,0.03,0.25,3,1.0,1.0,60.0,1660,67.0
575,332503866830809,11.499984358961228,commit_complete,228093,11691688478373,True,,8.133848133848133,8.356439255733902,0.0234375,-0.3125,4.868081552839005,-1.1409566139466416,228093,0.00023397599579766393,8.133848133848133,8.356439255733902,0.0234375,-0.3125,0.0,-0.2825,4.868081552839005,-1.1409566139466416,tracking,True,,False,False,-9.937863385142407,0.0,-1.11,0.09640646097250283,True,-28.249999999999996,22.200000000000003,-6.049999999999994,1500,1583,1664,1500,2000,2000,1000,1000,-10.0,5.0,15.0,20.0,100.0,20.0,100.0,0.03,0.25,3,1.0,1.0,60.0,1660,67.0
576,332503886848311,11.520001860975754,commit_complete,228093,11691688478373,True,,8.133848133848133,8.356439255733902,0.0234375,-0.3125,4.868081552839005,-1.1409566139466416,228093,0.0202514780103229,8.133848133848133,8.356439255733902,0.0234375,-0.3125,0.0,-0.2825,4.868081552839005,-1.1409566139466416,tracking,True,,False,False,-9.937863385142407,0.0,-1.11,0.11642396298702806,True,-28.249999999999996,22.200000000000003,-6.049999999999994,1500,1583,1664,1500,2000,2000,1000,1000,-10.0,5.0,15.0,20.0,100.0,20.0,100.0,0.03,0.25,3,1.0,1.0,60.0,1660,67.0
577,332503906873494,11.540027043956798,commit_complete,228094,11691721732043,True,,8.133848133848133,8.362274596799706,0.0234375,-0.31666666666666665,4.864682753597803,-1.1553621539794783,228094,0.006737919000443071,8.133848133848133,8.362274596799706,0.0234375,-0.31666666666666665,0.0,-0.2866666666666666,4.864682753597803,-1.1553621539794783,tracking,True,,False,False,-9.937863385142407,0.0,-1.11,0.13644914596807212,True,-28.666666666666664,22.200000000000003,-6.4666666666666615,1500,1583,1664,1500,2000,2000,1000,1000,-10.0,5.0,15.0,20.0,100.0,20.0,100.0,0.03,0.25,3,1.0,1.0,60.0,1660,67.0
578,332503926865096,11.56001864594873,commit_complete,228094,11691721732043,True,,8.133848133848133,8.362274596799706,0.0234375,-0.31666666666666665,4.864682753597803,-1.1553621539794783,228094,0.02672952099237591,8.133848133848133,8.362274596799706,0.0234375,-0.31666666666666665,0.0,-0.2866666666666666,4.864682753597803,-1.1553621539794783,tracking,True,,False,False,-9.937863385142407,0.0,-1.11,0.15644074796000496,True,-28.666666666666664,22.200000000000003,-6.4666666666666615,1500,1583,1664,1500,2000,2000,1000,1000,-10.0,5.0,15.0,20.0,100.0,20.0,100.0,0.03,0.25,3,1.0,1.0,60.0,1660,67.0
579,332503946864719,11.580018268956337,commit_complete,228095,11691755104204,True,,8.133848133848133,8.365219704083161,0.0234375,-0.31875,4.862969175350511,-1.1625535684822315,228095,0.01333677297225222,8.133848133848133,8.365219704083161,0.0234375,-0.31875,0.0,-0.28874999999999995,4.862969175350511,-1.1625535684822315,tracking,True,,False,False,-9.937863385142407,0.0,-0.97,0.005166200979147106,True,-28.874999999999996,19.4,-9.474999999999998,1500,1583,1661,1500,2000,2000,1000,1000,-10.0,5.0,15.0,20.0,100.0,20.0,100.0,0.03,0.25,3,1.0,1.0,60.0,1660,67.0
580,332503966839619,11.599993168958463,commit_complete,228095,11691755104204,True,,8.133848133848133,8.365219704083161,0.0234375,-0.31875,4.862969175350511,-1.1625535684822315,228095,0.03331167297437787,8.133848133848133,8.365219704083161,0.0234375,-0.31875,0.0,-0.28874999999999995,4.862969175350511,-1.1625535684822315,tracking,True,,False,False,-9.937863385142407,0.0,-0.97,0.025141100981272757,True,-28.874999999999996,19.4,-9.474999999999998,1500,1583,1661,1500,2000,2000,1000,1000,-10.0,5.0,15.0,20.0,100.0,20.0,100.0,0.03,0.25,3,1.0,1.0,60.0,1660,67.0
581,332503986836186,11.619989736005664,commit_complete,228096,11691787504509,True,,8.133848133848133,8.371463763816257,0.025,-0.3229166666666667,4.859513823792681,-1.17691350419979,228096,0.01971409603720531,8.133848133848133,8.371463763816257,0.025,-0.3229166666666667,0.0,-0.2929166666666667,4.859513823792681,-1.17691350419979,tracking,True,,False,False,-9.937863385142407,0.0,-0.97,0.045137668028473854,True,-29.29166666666667,19.4,-9.891666666666673,1500,1583,1660,1500,2000,2000,1000,1000,-10.0,5.0,15.0,20.0,100.0,20.0,100.0,0.03,0.25,3,1.0,1.0,60.0,1660,67.0
582,332504006859401,11.640012950985692,commit_complete,228097,11691821327882,True,,8.045254556882464,8.28028208608261,0.025,-0.3229166666666667,4.859513823792682,-1.1769135041997902,228097,0.006412760994862765,8.045254556882464,8.28028208608261,0.025,-0.3229166666666667,0.0,-0.2929166666666667,4.859513823792682,-1.1769135041997902,tracking,True,,False,False,-9.919560807158815,0.0,-0.97,0.06516088300850242,True,-29.29166666666667,19.4,-9.891666666666673,1500,1583,1660,1500,2000,2000,1000,1000,-10.0,5.0,15.0,20.0,100.0,20.0,100.0,0.03,0.25,3,1.0,1.0,60.0,1660,67.0
583,332504026840544,11.659994093992282,commit_complete,228097,11691821327882,True,,8.045254556882464,8.28028208608261,0.025,-0.3229166666666667,4.859513823792682,-1.1769135041997902,228097,0.02639390400145203,8.045254556882464,8.28028208608261,0.025,-0.3229166666666667,0.0,-0.2929166666666667,4.859513823792682,-1.1769135041997902,tracking,True,,False,False,-9.919560807158815,0.0,-0.97,0.08514202601509169,True,-29.29166666666667,19.4,-9.891666666666673,1500,1583,1660,1500,2000,2000,1000,1000,-10.0,5.0,15.0,20.0,100.0,20.0,100.0,0.03,0.25,3,1.0,1.0,60.0,1660,67.0
584,332504046852756,11.680006305978168,commit_complete,228098,11691854171233,True,,7.931456548347613,8.16608477184092,0.025,-0.325,4.857772115702835,-1.184081953202566,228098,0.012962871987838298,7.931456548347613,8.16608477184092,0.025,-0.325,0.0,-0.29500000000000004,4.857772115702835,-1.184081953202566,tracking,True,,False,False,-9.891663222079229,0.0,-0.97,0.10515423800097778,True,-29.500000000000004,19.4,-10.100000000000005,1500,1582,1660,1500,2000,2000,1000,1000,-10.0,5.0,15.0,20.0,100.0,20.0,100.0,0.03,0.25,3,1.0,1.0,60.0,1660,67.0
585,332504066919974,11.700073523970786,commit_complete,228098,11691854171233,True,,7.931456548347613,8.16608477184092,0.025,-0.325,4.857772115702835,-1.184081953202566,228098,0.03303008998045698,7.931456548347613,8.16608477184092,0.025,-0.325,0.0,-0.29500000000000004,4.857772115702835,-1.184081953202566,tracking,True,,False,False,-9.891663222079229,0.0,-0.97,0.12522145599359646,True,-29.500000000000004,19.4,-10.100000000000005,1500,1582,1660,1500,2000,2000,1000,1000,-10.0,5.0,15.0,20.0,100.0,20.0,100.0,0.03,0.25,3,1.0,1.0,60.0,1660,67.0
586,332504086827662,11.719981211994309,commit_complete,228099,11691887120322,True,,7.931456548347613,8.16608477184092,0.025,-0.325,4.857772115702835,-1.184081953202566,228099,0.01951803104020655,7.931456548347613,8.16608477184092,0.025,-0.325,0.0,-0.29500000000000004,4.857772115702835,-1.184081953202566,tracking,True,,False,False,-9.891663222079229,0.0,-0.87,0.014047497999854386,True,-29.500000000000004,17.4,-12.100000000000005,1500,1582,1658,1500,2000,2000,1000,1000,-10.0,5.0,15.0,20.0,100.0,20.0,100.0,0.03,0.25,3,1.0,1.0,60.0,1660,67.0
587,332504106850589,11.740004138962831,commit_complete,228100,11691920297633,True,,7.846889952153109,8.079016527921178,0.025,-0.325,4.857772115702835,-1.184081953202566,228100,0.00607073400169611,7.846889952153109,8.079016527921178,0.025,-0.325,0.0,-0.29500000000000004,4.857772115702835,-1.184081953202566,tracking,True,,False,False,-9.867591656763524,0.0,-0.87,0.034070424968376756,True,-29.500000000000004,17.4,-12.100000000000005,1500,1582,1658,1500,2000,2000,1000,1000,-10.0,5.0,15.0,20.0,100.0,20.0,100.0,0.03,0.25,3,1.0,1.0,60.0,1660,67.0
588,332504126858252,11.76001180196181,commit_complete,228100,11691920297633,True,,7.846889952153109,8.079016527921178,0.025,-0.325,4.857772115702835,-1.184081953202566,228100,0.02607839700067416,7.846889952153109,8.079016527921178,0.025,-0.325,0.0,-0.29500000000000004,4.857772115702835,-1.184081953202566,tracking,True,,False,False,-9.867591656763524,0.0,-0.87,0.054078087967354804,True,-29.500000000000004,17.4,-12.100000000000005,1500,1582,1658,1500,2000,2000,1000,1000,-10.0,5.0,15.0,20.0,100.0,20.0,100.0,0.03,0.25,3,1.0,1.0,60.0,1660,67.0
589,332504146850316,11.780003866006155,commit_complete,228101,11691952665722,True,,7.846889952153109,8.082234900266963,0.0265625,-0.32708333333333334,4.856021096407301,-1.191242675212416,228101,0.012592702056281269,7.846889952153109,8.082234900266963,0.0265625,-0.32708333333333334,0.0,-0.29708333333333337,4.856021096407301,-1.191242675212416,tracking,True,,False,False,-9.867591656763524,0.0,-0.87,0.07407015201169997,True,-29.708333333333336,17.4,-12.308333333333337,1500,1582,1658,1500,2000,2000,1000,1000,-10.0,5.0,15.0,20.0,100.0,20.0,100.0,0.03,0.25,3,1.0,1.0,60.0,1660,67.0
590,332504166888094,11.800041643960867,commit_complete,228101,11691952665722,True,,7.846889952153109,8.082234900266963,0.0265625,-0.32708333333333334,4.856021096407301,-1.191242675212416,228101,0.03263048001099378,7.846889952153109,8.082234900266963,0.0265625,-0.32708333333333334,0.0,-0.29708333333333337,4.856021096407301,-1.191242675212416,tracking,True,,False,False,-9.867591656763524,0.0,-0.87,0.09410792996641248,True,-29.708333333333336,17.4,-12.308333333333337,1500,1582,1658,1500,2000,2000,1000,1000,-10.0,5.0,15.0,20.0,100.0,20.0,100.0,0.03,0.25,3,1.0,1.0,60.0,1660,67.0
591,332504186889319,11.820042868959717,commit_complete,228102,11691985434013,True,,7.846889952153109,8.082234900266963,0.0265625,-0.32708333333333334,4.856021096407301,-1.191242675212416,228102,0.01910827000392601,7.846889952153109,8.082234900266963,0.0265625,-0.32708333333333334,0.0,-0.29708333333333337,4.856021096407301,-1.191242675212416,tracking,True,,False,False,-9.867591656763524,0.0,-0.87,0.11410915496526286,True,-29.708333333333336,17.4,-12.308333333333337,1500,1582,1658,1500,2000,2000,1000,1000,-10.0,5.0,15.0,20.0,100.0,20.0,100.0,0.03,0.25,3,1.0,1.0,60.0,1660,67.0
592,332504206874859,11.840028408973012,commit_complete,228103,11692018389792,True,,7.658119658119658,7.887802982924706,0.0265625,-0.32708333333333334,4.856021096407302,-1.191242675212416,228103,0.005626729980576783,7.658119658119658,7.887802982924706,0.0265625,-0.32708333333333334,0.0,-0.29708333333333337,4.856021096407302,-1.191242675212416,tracking,True,,False,False,-9.803109336967044,0.0,-0.69,0.009315216972026974,True,-29.708333333333336,13.799999999999999,-15.908333333333337,1500,1582,1654,1500,2000,2000,1000,1000,-10.0,5.0,15.0,20.0,100.0,20.0,100.0,0.03,0.25,3,1.0,1.0,60.0,1660,67.0
593,332504226840892,11.85999444196932,commit_complete,228103,11692018389792,True,,7.658119658119658,7.887802982924706,0.0265625,-0.32708333333333334,4.856021096407302,-1.191242675212416,228103,0.025592762976884842,7.658119658119658,7.887802982924706,0.0265625,-0.32708333333333334,0.0,-0.29708333333333337,4.856021096407302,-1.191242675212416,tracking,True,,False,False,-9.803109336967044,0.0,-0.69,0.029281249968335032,True,-29.708333333333336,13.799999999999999,-15.908333333333337,1500,1582,1654,1500,2000,2000,1000,1000,-10.0,5.0,15.0,20.0,100.0,20.0,100.0,0.03,0.25,3,1.0,1.0,60.0,1660,67.0
594,332504246866479,11.880020028969739,commit_complete,228104,11692052250415,True,,7.658119658119658,7.887802982924706,0.0265625,-0.32708333333333334,4.856021096407302,-1.191242675212416,228104,0.012182409001979977,7.658119658119658,7.887802982924706,0.0265625,-0.32708333333333334,0.0,-0.29708333333333337,4.856021096407302,-1.191242675212416,tracking,True,,False,False,-9.803109336967044,0.0,-0.69,0.04930683696875349,True,-29.708333333333336,13.799999999999999,-15.908333333333337,1500,1582,1654,1500,2000,2000,1000,1000,-10.0,5.0,15.0,20.0,100.0,20.0,100.0,0.03,0.25,3,1.0,1.0,60.0,1660,67.0
595,332504266876432,11.900029981974512,commit_complete,228104,11692052250415,True,,7.658119658119658,7.887802982924706,0.0265625,-0.32708333333333334,4.856021096407302,-1.191242675212416,228104,0.03219236200675368,7.658119658119658,7.887802982924706,0.0265625,-0.32708333333333334,0.0,-0.29708333333333337,4.856021096407302,-1.191242675212416,tracking,True,,False,False,-9.803109336967044,0.0,-0.69,0.0693167899735272,True,-29.708333333333336,13.799999999999999,-15.908333333333337,1500,1582,1654,1500,2000,2000,1000,1000,-10.0,5.0,15.0,20.0,100.0,20.0,100.0,0.03,0.25,3,1.0,1.0,60.0,1660,67.0
596,332504286862390,11.92001593997702,commit_complete,228106,11692117514508,True,,7.658119658119658,7.890978971397421,0.028125,-0.32916666666666666,4.854260798795785,-1.1983956347027094,228106,0.01870091399177909,7.658119658119658,7.890978971397421,0.028125,-0.32916666666666666,0.0,-0.2991666666666667,4.854260798795785,-1.1983956347027094,tracking,True,,False,False,-9.803109336967044,0.0,-0.69,0.08930274797603488,True,-29.916666666666668,13.799999999999999,-16.116666666666667,1500,1582,1654,1500,2000,2000,1000,1000,-10.0,5.0,15.0,20.0,100.0,20.0,100.0,0.03,0.25,3,1.0,1.0,60.0,1660,67.0
597,332504306854108,11.940007657976821,commit_complete,228107,11692150364244,True,,7.658119658119658,7.8938544067514105,0.028125,-0.33125,4.852491255866911,-1.2055407963794358,228107,0.00519680802244693,7.658119658119658,7.8938544067514105,0.028125,-0.33125,0.0,-0.30125,4.852491255866911,-1.2055407963794358,tracking,True,,False,False,-9.803109336967044,0.0,-0.69,0.10929446597583592,True,-30.125,13.799999999999999,-16.325000000000003,1500,1582,1653,1500,2000,2000,1000,1000,-10.0,5.0,15.0,20.0,100.0,20.0,100.0,0.03,0.25,3,1.0,1.0,60.0,1660,67.0
598,332504326832953,11.959986503003165,commit_complete,228107,11692150364244,True,,7.658119658119658,7.8938544067514105,0.028125,-0.33125,4.852491255866911,-1.2055407963794358,228107,0.02517565304879099,7.658119658119658,7.8938544067514105,0.028125,-0.33125,0.0,-0.30125,4.852491255866911,-1.2055407963794358,tracking,True,,False,False,-9.803109336967044,0.0,-0.69,0.12927331100217998,True,-30.125,13.799999999999999,-16.325000000000003,1500,1582,1653,1500,2000,2000,1000,1000,-10.0,5.0,15.0,20.0,100.0,20.0,100.0,0.03,0.25,3,1.0,1.0,60.0,1660,67.0
599,332504346858666,11.980012215964962,commit_complete,228108,11692183360410,True,,7.555555555555555,7.7909869232116105,0.028125,-0.3333333333333333,4.85071250072666,-1.212678125181665,228108,0.011729763995390385,7.555555555555555,7.7909869232116105,0.028125,-0.3333333333333333,0.0,-0.30333333333333334,4.85071250072666,-1.212678125181665,tracking,True,,False,False,-9.76164936435569,0.0,-0.69,0.14929902396397665,True,-30.333333333333336,13.799999999999999,-16.53333333333334,1500,1581,1653,1500,2000,2000,1000,1000,-10.0,5.0,15.0,20.0,100.0,20.0,100.0,0.03,0.25,3,1.0,1.0,60.0,1660,67.0
600,332504366920522,12.000074071984272,commit_complete,228108,11692183360410,True,,7.555555555555555,7.7909869232116105,0.028125,-0.3333333333333333,4.85071250072666,-1.212678125181665,228108,0.03179162001470104,7.555555555555555,7.7909869232116105,0.028125,-0.3333333333333333,0.0,-0.30333333333333334,4.85071250072666,-1.212678125181665,tracking,True,,False,False,-9.76164936435569,0.0,-0.55,0.007804838998708874,True,-30.333333333333336,11.0,-19.333333333333336,1500,1581,1650,1500,2000,2000,1000,1000,-10.0,5.0,15.0,20.0,100.0,20.0,100.0,0.03,0.25,3,1.0,1.0,60.0,1660,67.0
601,332504386860667,12.020014216948766,commit_complete,228109,11692216192347,True,,7.478260869565217,7.716982881109338,0.028125,-0.3375,4.847127486763289,-1.2269291450869573,228109,0.018325029988773167,7.478260869565217,7.716982881109338,0.028125,-0.3375,0.0,-0.3075,4.847127486763289,-1.2269291450869573,tracking,True,,False,False,-9.727351167043158,0.0,-0.55,0.027744983963202685,True,-30.75,11.0,-19.75,1500,1581,1650,1500,2000,2000,1000,1000,-10.0,5.0,15.0,20.0,100.0,20.0,100.0,0.03,0.25,3,1.0,1.0,60.0,1660,67.0
602,332504406856535,12.040010084980167,commit_complete,228110,11692249223652,True,,7.478260869565217,7.719857406994875,0.028125,-0.33958333333333335,4.845321294674777,-1.2340427672374823,228110,0.004813865991309285,7.478260869565217,7.719857406994875,0.028125,-0.33958333333333335,0.0,-0.3095833333333333,4.845321294674777,-1.2340427672374823,tracking,True,,False,False,-9.727351167043158,0.0,-0.55,0.04774085199460387,True,-30.958333333333332,11.0,-19.958333333333332,1500,1581,1650,1500,2000,2000,1000,1000,-10.0,5.0,15.0,20.0,100.0,20.0,100.0,0.03,0.25,3,1.0,1.0,60.0,1660,67.0
603,332504426831586,12.059985135972966,commit_complete,228110,11692249223652,True,,7.478260869565217,7.719857406994875,0.028125,-0.33958333333333335,4.845321294674777,-1.2340427672374823,228110,0.024788916984107345,7.478260869565217,7.719857406994875,0.028125,-0.33958333333333335,0.0,-0.3095833333333333,4.845321294674777,-1.2340427672374823,tracking,True,,False,False,-9.727351167043158,0.0,-0.55,0.06771590298740193,True,-30.958333333333332,11.0,-19.958333333333332,1500,1581,1650,1500,2000,2000,1000,1000,-10.0,5.0,15.0,20.0,100.0,20.0,100.0,0.03,0.25,3,1.0,1.0,60.0,1660,67.0
604,332504446863180,12.08001673000399,commit_complete,228111,11692282391588,True,,7.478260869565217,7.725983209051783,0.0296875,-0.34375,4.841681707881094,-1.2482460653130945,228111,0.011429346050135791,7.478260869565217,7.725983209051783,0.0296875,-0.34375,0.0,-0.31375,4.841681707881094,-1.2482460653130945,tracking,True,,False,False,-9.727351167043158,0.0,-0.55,0.08774749701842666,True,-31.374999999999996,11.0,-20.374999999999996,1500,1581,1649,1500,2000,2000,1000,1000,-10.0,5.0,15.0,20.0,100.0,20.0,100.0,0.03,0.25,3,1.0,1.0,60.0,1660,67.0
605,332504466859488,12.100013037968893,commit_complete,228111,11692282391588,True,,7.478260869565217,7.725983209051783,0.0296875,-0.34375,4.841681707881094,-1.2482460653130945,228111,0.03142565401503816,7.478260869565217,7.725983209051783,0.0296875,-0.34375,0.0,-0.31375,4.841681707881094,-1.2482460653130945,tracking,True,,False,False,-9.727351167043158,0.0,-0.55,0.10774380498332903,True,-31.374999999999996,11.0,-20.374999999999996,1500,1581,1649,1500,2000,2000,1000,1000,-10.0,5.0,15.0,20.0,100.0,20.0,100.0,0.03,0.25,3,1.0,1.0,60.0,1660,67.0
606,332504486866743,12.120020292990375,commit_complete,228112,11692315316618,True,,7.404255319148936,7.655333038602971,0.0296875,-0.34791666666666665,4.838006075548222,-1.262417210338364,228112,0.01792129798559472,7.404255319148936,7.655333038602971,0.0296875,-0.34791666666666665,0.0,-0.3179166666666666,4.838006075548222,-1.262417210338364,tracking,True,,False,False,-9.69203244670981,0.0,-0.55,0.12775106000481173,True,-31.791666666666664,11.0,-20.791666666666664,1500,1581,1649,1500,2000,2000,1000,1000,-10.0,5.0,15.0,20.0,100.0,20.0,100.0,0.03,0.25,3,1.0,1.0,60.0,1660,67.0
607,332504506850690,12.140004239976406,commit_complete,228113,11692348360830,True,,7.30669434353918,7.557034118562318,0.028125,-0.35,4.83615482689717,-1.2694906420605072,228113,0.004513346997555345,7.30669434353918,7.557034118562318,0.028125,-0.35,0.0,-0.31999999999999995,4.83615482689717,-1.2694906420605072,tracking,True,,False,False,-9.641749752160807,0.0,-0.5,0.006561436981428415,True,-31.999999999999996,10.0,-21.999999999999996,1500,1580,1647,1500,2000,2000,1000,1000,-10.0,5.0,15.0,20.0,100.0,20.0,100.0,0.03,0.25,3,1.0,1.0,60.0,1660,67.0
608,332504526853625,12.160007174999919,commit_complete,228113,11692348360830,True,,7.30669434353918,7.557034118562318,0.028125,-0.35,4.83615482689717,-1.2694906420605072,228113,0.024516282021068037,7.30669434353918,7.557034118562318,0.028125,-0.35,0.0,-0.31999999999999995,4.83615482689717,-1.2694906420605072,tracking,True,,False,False,-9.641749752160807,0.0,-0.5,0.026564372004941106,True,-31.999999999999996,10.0,-21.999999999999996,1500,1580,1647,1500,2000,2000,1000,1000,-10.0,5.0,15.0,20.0,100.0,20.0,100.0,0.03,0.25,3,1.0,1.0,60.0,1660,67.0
609,332504546896827,12.180050376977306,commit_complete,228114,11692382108734,True,,7.30669434353918,7.562861585696034,0.028125,-0.3541666666666667,4.8324256346324805,-1.2836130591992527,228114,0.011015315016265959,7.30669434353918,7.562861585696034,0.028125,-0.3541666666666667,0.0,-0.3241666666666667,4.8324256346324805,-1.2836130591992527,tracking,True,,False,False,-9.641749752160807,0.0,-0.5,0.046607573982328176,True,-32.41666666666667,10.0,-22.41666666666667,1500,1580,1647,1500,2000,2000,1000,1000,-10.0,5.0,15.0,20.0,100.0,20.0,100.0,0.03,0.25,3,1.0,1.0,60.0,1660,67.0
610,332504566897885,12.200051434978377,commit_complete,228114,11692382108734,True,,7.30669434353918,7.562861585696034,0.028125,-0.3541666666666667,4.8324256346324805,-1.2836130591992527,228114,0.031016373017337173,7.30669434353918,7.562861585696034,0.028125,-0.3541666666666667,0.0,-0.3241666666666667,4.8324256346324805,-1.2836130591992527,tracking,True,,False,False,-9.641749752160807,0.0,-0.5,0.06660863198339939,True,-32.41666666666667,10.0,-22.41666666666667,1500,1580,1647,1500,2000,2000,1000,1000,-10.0,5.0,15.0,20.0,100.0,20.0,100.0,0.03,0.25,3,1.0,1.0,60.0,1660,67.0
611,332504586845802,12.219999352004379,commit_complete,228115,11692415219263,True,,7.142857142857142,7.393280375221316,0.028125,-0.3541666666666667,4.8324256346324805,-1.2836130591992527,228115,0.01754072302719578,7.142857142857142,7.393280375221316,0.028125,-0.3541666666666667,0.0,-0.3241666666666667,4.8324256346324805,-1.2836130591992527,tracking,True,,False,False,-9.547794671366335,0.0,-0.5,0.08655654900940135,True,-32.41666666666667,10.0,-22.41666666666667,1500,1580,1647,1500,2000,2000,1000,1000,-10.0,5.0,15.0,20.0,100.0,20.0,100.0,0.03,0.25,3,1.0,1.0,60.0,1660,67.0
612,332504606853711,12.240007260988932,commit_complete,228116,11692447813177,True,,7.142857142857142,7.399351564792722,0.0296875,-0.35833333333333334,4.828661076822381,-1.297702664396015,228116,0.004104047024156898,7.142857142857142,7.399351564792722,0.0296875,-0.35833333333333334,0.0,-0.32833333333333337,4.828661076822381,-1.297702664396015,tracking,True,,False,False,-9.547794671366335,0.0,-0.5,0.10656445799395442,True,-32.833333333333336,10.0,-22.833333333333336,1500,1580,1646,1500,2000,2000,1000,1000,-10.0,5.0,15.0,20.0,100.0,20.0,100.0,0.03,0.25,3,1.0,1.0,60.0,1660,67.0
613,332504626837488,12.259991037950385,commit_complete,228116,11692447813177,True,,7.142857142857142,7.399351564792722,0.0296875,-0.35833333333333334,4.828661076822381,-1.297702664396015,228116,0.024087823985610157,7.142857142857142,7.399351564792722,0.0296875,-0.35833333333333334,0.0,-0.32833333333333337,4.828661076822381,-1.297702664396015,tracking,True,,False,False,-9.547794671366335,0.0,-0.5,0.12654823495540768,True,-32.833333333333336,10.0,-22.833333333333336,1500,1580,1646,1500,2000,2000,1000,1000,-10.0,5.0,15.0,20.0,100.0,20.0,100.0,0.03,0.25,3,1.0,1.0,60.0,1660,67.0
614,332504646863721,12.280017270997632,commit_complete,228117,11692480968189,True,,7.142857142857142,7.399351564792722,0.0296875,-0.35833333333333334,4.828661076822381,-1.297702664396015,228117,0.0106426160200499,7.142857142857142,7.399351564792722,0.0296875,-0.35833333333333334,0.0,-0.32833333333333337,4.828661076822381,-1.297702664396015,tracking,True,,False,False,-9.547794671366335,0.0,-0.5,0.1465744680026546,True,-32.833333333333336,10.0,-22.833333333333336,1500,1580,1646,1500,2000,2000,1000,1000,-10.0,5.0,15.0,20.0,100.0,20.0,100.0,0.03,0.25,3,1.0,1.0,60.0,1660,67.0
615,332504666894991,12.300048540986609,commit_complete,228117,11692480968189,True,,7.142857142857142,7.399351564792722,0.0296875,-0.35833333333333334,4.828661076822381,-1.297702664396015,228117,0.03067388600902632,7.142857142857142,7.399351564792722,0.0296875,-0.35833333333333334,0.0,-0.32833333333333337,4.828661076822381,-1.297702664396015,tracking,True,,False,False,-9.547794671366335,0.0,-0.5,0.16660573799163103,True,-32.833333333333336,10.0,-22.833333333333336,1500,1580,1646,1500,2000,2000,1000,1000,-10.0,5.0,15.0,20.0,100.0,20.0,100.0,0.03,0.25,3,1.0,1.0,60.0,1660,67.0
616,332504686863562,12.320017111953348,commit_complete,228118,11692513840137,True,,7.054263565891473,7.310443966985062,0.0296875,-0.36041666666666666,4.826765621571737,-1.30473508208111,228118,0.017173899977933615,7.054263565891473,7.310443966985062,0.0296875,-0.36041666666666666,0.0,-0.3304166666666667,4.826765621571737,-1.30473508208111,tracking,True,,False,False,-9.492059869199078,0.0,-0.45,0.005069514969363809,True,-33.04166666666667,9.0,-24.04166666666667,1500,1579,1645,1500,2000,2000,1000,1000,-10.0,5.0,15.0,20.0,100.0,20.0,100.0,0.03,0.25,3,1.0,1.0,60.0,1660,67.0
617,332504706870386,12.34002393600531,commit_complete,228119,11692551102414,True,,7.054263565891473,7.307576661663511,0.0296875,-0.35833333333333334,4.8286610768223825,-1.297702664396015,228119,0.0036408310406841338,7.054263565891473,7.307576661663511,0.0296875,-0.35833333333333334,0.0,-0.32833333333333337,4.8286610768223825,-1.297702664396015,tracking,True,,False,False,-9.492059869199078,0.0,-0.45,0.02507633902132511,True,-32.833333333333336,9.0,-23.833333333333336,1500,1579,1645,1500,2000,2000,1000,1000,-10.0,5.0,15.0,20.0,100.0,20.0,100.0,0.03,0.25,3,1.0,1.0,60.0,1660,67.0
618,332504726854283,12.36000783299096,commit_complete,228119,11692551102414,True,,7.054263565891473,7.307576661663511,0.0296875,-0.35833333333333334,4.8286610768223825,-1.297702664396015,228119,0.023624728026334196,7.054263565891473,7.307576661663511,0.0296875,-0.35833333333333334,0.0,-0.32833333333333337,4.8286610768223825,-1.297702664396015,tracking,True,,False,False,-9.492059869199078,0.0,-0.45,0.045060236006975174,True,-32.833333333333336,9.0,-23.833333333333336,1500,1579,1645,1500,2000,2000,1000,1000,-10.0,5.0,15.0,20.0,100.0,20.0,100.0,0.03,0.25,3,1.0,1.0,60.0,1660,67.0
619,332504746860838,12.380014387948904,commit_complete,228120,11692583693807,True,,6.986236355007119,7.237427707060221,0.03125,-0.35833333333333334,4.8286610768223825,-1.297702664396015,228120,0.010228463972453028,6.986236355007119,7.237427707060221,0.03125,-0.35833333333333334,0.0012500000000000011,-0.32833333333333337,4.8286610768223825,-1.297702664396015,tracking,True,,False,False,-9.44694551402922,0.018750000000000017,-0.45,0.06506679096492007,True,-32.833333333333336,9.0,-23.833333333333336,1500,1579,1645,1500,2000,2000,1000,1000,-10.0,5.0,15.0,20.0,100.0,20.0,100.0,0.03,0.25,3,1.0,1.0,60.0,1660,67.0
620,332504766863154,12.40001670399215,commit_complete,228120,11692583693807,True,,6.986236355007119,7.237427707060221,0.03125,-0.35833333333333334,4.8286610768223825,-1.297702664396015,228120,0.030230780015699565,6.986236355007119,7.237427707060221,0.03125,-0.35833333333333334,0.0012500000000000011,-0.32833333333333337,4.8286610768223825,-1.297702664396015,tracking,True,,False,False,-9.44694551402922,0.018750000000000017,-0.45,0.08506910700816661,True,-32.833333333333336,9.0,-23.833333333333336,1500,1579,1645,1500,2000,2000,1000,1000,-10.0,5.0,15.0,20.0,100.0,20.0,100.0,0.03,0.25,3,1.0,1.0,60.0,1660,67.0
621,332504786863576,12.420017125958111,commit_complete,228121,11692616073114,True,,6.92093023255814,7.169773491537703,0.03125,-0.35833333333333334,4.828661076822382,-1.297702664396015,228121,0.01675079599954188,6.92093023255814,7.169773491537703,0.03125,-0.35833333333333334,0.0012500000000000011,-0.32833333333333337,4.828661076822382,-1.297702664396015,tracking,True,,False,False,-9.401765359054966,0.018750000000000017,-0.45,0.10506952897412702,True,-32.833333333333336,9.0,-23.833333333333336,1500,1578,1645,1500,2000,2000,1000,1000,-10.0,5.0,15.0,20.0,100.0,20.0,100.0,0.03,0.25,3,1.0,1.0,60.0,1660,67.0
622,332504806842595,12.439996144967154,commit_complete,228122,11692649229747,True,,6.836363636363636,7.082166288561923,0.03125,-0.35833333333333334,4.828661076822382,-1.297702664396015,228122,0.0033168019726872444,6.836363636363636,7.082166288561923,0.03125,-0.35833333333333334,0.0012500000000000011,-0.32833333333333337,4.828661076822382,-1.297702664396015,tracking,True,,False,False,-9.340579662848977,0.018750000000000017,-0.45,0.12504854798316956,True,-32.833333333333336,9.0,-23.833333333333336,1500,1578,1645,1500,2000,2000,1000,1000,-10.0,5.0,15.0,20.0,100.0,20.0,100.0,0.03,0.25,3,1.0,1.0,60.0,1660,67.0
623,332504826857020,12.4600105699501,commit_complete,228122,11692649229747,True,,6.836363636363636,7.082166288561923,0.03125,-0.35833333333333334,4.828661076822382,-1.297702664396015,228122,0.02333122695563361,6.836363636363636,7.082166288561923,0.03125,-0.35833333333333334,0.0012500000000000011,-0.32833333333333337,4.828661076822382,-1.297702664396015,tracking,True,,False,False,-9.340579662848977,0.018750000000000017,-0.42,0.009317464951891452,True,-32.833333333333336,8.4,-24.433333333333337,1500,1578,1644,1500,2000,2000,1000,1000,-10.0,5.0,15.0,20.0,100.0,20.0,100.0,0.03,0.25,3,1.0,1.0,60.0,1660,67.0
624,332504846854658,12.480008207960054,commit_complete,228123,11692681279413,True,,6.836363636363636,7.082166288561923,0.03125,-0.35833333333333334,4.828661076822382,-1.297702664396015,228123,0.009833496995270252,6.836363636363636,7.082166288561923,0.03125,-0.35833333333333334,0.0012500000000000011,-0.32833333333333337,4.828661076822382,-1.297702664396015,tracking,True,,False,False,-9.340579662848977,0.018750000000000017,-0.42,0.029315102961845696,True,-32.833333333333336,8.4,-24.433333333333337,1500,1578,1644,1500,2000,2000,1000,1000,-10.0,5.0,15.0,20.0,100.0,20.0,100.0,0.03,0.25,3,1.0,1.0,60.0,1660,67.0
625,332504866843533,12.499997082981281,commit_complete,228123,11692681279413,True,,6.836363636363636,7.082166288561923,0.03125,-0.35833333333333334,4.828661076822382,-1.297702664396015,228123,0.029822372016496956,6.836363636363636,7.082166288561923,0.03125,-0.35833333333333334,0.0012500000000000011,-0.32833333333333337,4.828661076822382,-1.297702664396015,tracking,True,,False,False,-9.340579662848977,0.018750000000000017,-0.42,0.0493039779830724,True,-32.833333333333336,8.4,-24.433333333333337,1500,1578,1644,1500,2000,2000,1000,1000,-10.0,5.0,15.0,20.0,100.0,20.0,100.0,0.03,0.25,3,1.0,1.0,60.0,1660,67.0
626,332504886854068,12.520007618004456,commit_complete,228124,11692712388432,True,,6.836363636363636,7.085275041757756,0.0328125,-0.36041666666666666,4.826765621571737,-1.30473508208111,228124,0.016425664012786,6.836363636363636,7.085275041757756,0.0328125,-0.36041666666666666,0.0028125000000000025,-0.3304166666666667,4.826765621571737,-1.30473508208111,tracking,True,,False,False,-9.340579662848977,0.04218750000000004,-0.42,0.06931451300624758,True,-33.04166666666667,8.4,-24.641666666666673,1500,1578,1644,1500,2000,2000,1000,1000,-10.0,5.0,15.0,20.0,100.0,20.0,100.0,0.03,0.25,3,1.0,1.0,60.0,1660,67.0
627,332504906830114,12.53998366399901,commit_complete,228125,11692744473881,True,,6.836363636363636,7.085275041757756,0.0328125,-0.36041666666666666,4.826765621571737,-1.30473508208111,228125,0.002808855031616986,6.836363636363636,7.085275041757756,0.0328125,-0.36041666666666666,0.0028125000000000025,-0.3304166666666667,4.826765621571737,-1.30473508208111,tracking,True,,False,False,-9.340579662848977,0.04218750000000004,-0.42,0.0892905590008013,True,-33.04166666666667,8.4,-24.641666666666673,1500,1578,1644,1500,2000,2000,1000,1000,-10.0,5.0,15.0,20.0,100.0,20.0,100.0,0.03,0.25,3,1.0,1.0,60.0,1660,67.0
628,332504926858374,12.560011923953425,commit_complete,228125,11692744473881,True,,6.836363636363636,7.085275041757756,0.0328125,-0.36041666666666666,4.826765621571737,-1.30473508208111,228125,0.022837114986032248,6.836363636363636,7.085275041757756,0.0328125,-0.36041666666666666,0.0028125000000000025,-0.3304166666666667,4.826765621571737,-1.30473508208111,tracking,True,,False,False,-9.340579662848977,0.04218750000000004,-0.42,0.10931881895521656,True,-33.04166666666667,8.4,-24.641666666666673,1500,1578,1644,1500,2000,2000,1000,1000,-10.0,5.0,15.0,20.0,100.0,20.0,100.0,0.03,0.25,3,1.0,1.0,60.0,1660,67.0
629,332504946853990,12.580007540003862,commit_complete,228126,11692777640604,True,,6.692810457516339,6.939229937667009,0.0328125,-0.3625,4.824861427988258,-1.3117592007343077,228126,0.009494522004388273,6.692810457516339,6.939229937667009,0.0328125,-0.3625,0.0028125000000000025,-0.3325,4.824861427988258,-1.3117592007343077,tracking,True,,False,False,-9.240601582596792,0.04218750000000004,-0.42,0.12931443500565365,True,-33.25,8.4,-24.85,1500,1577,1644,1500,2000,2000,1000,1000,-10.0,5.0,15.0,20.0,100.0,20.0,100.0,0.03,0.25,3,1.0,1.0,60.0,1660,67.0
630,332504966833066,12.599986615998205,commit_complete,228126,11692777640604,True,,6.692810457516339,6.939229937667009,0.0328125,-0.3625,4.824861427988258,-1.3117592007343077,228126,0.02947359799873084,6.692810457516339,6.939229937667009,0.0328125,-0.3625,0.0028125000000000025,-0.3325,4.824861427988258,-1.3117592007343077,tracking,True,,False,False,-9.229963393770667,0.04218750000000004,-0.42,0.14929351099999622,True,-33.25,8.4,-24.85,1500,1577,1644,1500,2000,2000,1000,1000,-10.0,5.0,15.0,20.0,100.0,20.0,100.0,0.03,0.25,3,1.0,1.0,60.0,1660,67.0
631,332504986830075,12.619983624957968,commit_complete,228127,11692810526853,True,,6.692810457516339,6.944743615239739,0.0328125,-0.36666666666666664,4.821026964018952,-1.3257824151052118,228127,0.015976644004695117,6.692810457516339,6.944743615239739,0.0328125,-0.36666666666666664,0.0028125000000000025,-0.33666666666666667,4.821026964018952,-1.3257824151052118,tracking,True,,False,False,-9.229963393770667,0.04218750000000004,-0.45,0.009250795003026724,True,-33.666666666666664,9.0,-24.666666666666664,1500,1577,1644,1500,2000,2000,1000,1000,-10.0,5.0,15.0,20.0,100.0,20.0,100.0,0.03,0.25,3,1.0,1.0,60.0,1660,67.0
632,332505006852842,12.640006391971838,commit_complete,228128,11692843582266,True,,6.632478632478632,6.885229886475523,0.034375,-0.36875,4.819096762935554,-1.332781448499364,228128,0.00258221902186051,6.632478632478632,6.885229886475523,0.034375,-0.36875,0.004375000000000004,-0.33875,4.819096762935554,-1.332781448499364,tracking,True,,False,False,-9.181011837876216,0.06562500000000006,-0.45,0.029273562016896904,True,-33.875,9.0,-24.875,1500,1577,1644,1500,2000,2000,1000,1000,-10.0,5.0,15.0,20.0,100.0,20.0,100.0,0.03,0.25,3,1.0,1.0,60.0,1660,67.0
633,332505027012808,12.660166357993148,commit_complete,228128,11692843582266,True,,6.632478632478632,6.885229886475523,0.034375,-0.36875,4.819096762935554,-1.332781448499364,228128,0.022742185043171048,6.632478632478632,6.885229886475523,0.034375,-0.36875,0.004375000000000004,-0.33875,4.819096762935554,-1.332781448499364,tracking,True,,False,False,-9.181011837876216,0.06562500000000006,-0.45,0.04943352803820744,True,-33.875,9.0,-24.875,1500,1577,1644,1500,2000,2000,1000,1000,-10.0,5.0,15.0,20.0,100.0,20.0,100.0,0.03,0.25,3,1.0,1.0,60.0,1660,67.0
634,332505046829761,12.679983310983516,commit_complete,228129,11692876534848,True,,6.632478632478632,6.890780593436684,0.034375,-0.3729166666666667,4.815210596424137,-1.3467542136873758,228129,0.00910037598805502,6.632478632478632,6.890780593436684,0.034375,-0.3729166666666667,0.004375000000000004,-0.34291666666666665,4.815210596424137,-1.3467542136873758,tracking,True,,False,False,-9.181011837876216,0.06562500000000006,-0.45,0.06925048102857545,True,-34.291666666666664,9.0,-25.291666666666664,1500,1577,1643,1500,2000,2000,1000,1000,-10.0,5.0,15.0,20.0,100.0,20.0,100.0,0.03,0.25,3,1.0,1.0,60.0,1660,67.0
635,332505066862921,12.700016470975243,commit_complete,228129,11692876534848,True,,6.632478632478632,6.890780593436684,0.034375,-0.3729166666666667,4.815210596424137,-1.3467542136873758,228129,0.0291335359797813,6.632478632478632,6.890780593436684,0.034375,-0.3729166666666667,0.004375000000000004,-0.34291666666666665,4.815210596424137,-1.3467542136873758,tracking,True,,False,False,-9.181011837876216,0.06562500000000006,-0.45,0.08928364102030173,True,-34.291666666666664,9.0,-25.291666666666664,1500,1577,1643,1500,2000,2000,1000,1000,-10.0,5.0,15.0,20.0,100.0,20.0,100.0,0.03,0.25,3,1.0,1.0,60.0,1660,67.0
636,332505086853154,12.720006703981198,commit_complete,228130,11692910902244,True,,6.49712879409352,6.750159553950519,0.034375,-0.3729166666666667,4.815210596424137,-1.346754213687376,228130,0.01567873399471864,6.49712879409352,6.750159553950519,0.034375,-0.3729166666666667,0.004375000000000004,-0.34291666666666665,4.815210596424137,-1.346754213687376,tracking,True,,False,False,-9.081060672846437,0.06562500000000006,-0.45,0.10927387402625754,True,-34.291666666666664,9.0,-25.291666666666664,1500,1576,1643,1500,2000,2000,1000,1000,-10.0,5.0,15.0,20.0,100.0,20.0,100.0,0.03,0.25,3,1.0,1.0,60.0,1660,67.0
637,332505106855614,12.74000916397199,commit_complete,228131,11692942498067,True,,6.49712879409352,6.755996862690326,0.0359375,-0.3770833333333333,4.811290310156565,-1.3606930408411535,228131,0.002215593005530536,6.49712879409352,6.755996862690326,0.0359375,-0.3770833333333333,0.005937499999999998,-0.3470833333333333,4.811290310156565,-1.3606930408411535,tracking,True,,False,False,-9.066107299398565,0.08906249999999998,-0.45,0.12927633401704952,True,-34.70833333333333,9.0,-25.70833333333333,1500,1576,1643,1501,2000,2000,1000,1000,-10.0,5.0,15.0,20.0,100.0,20.0,100.0,0.03,0.25,3,1.0,1.0,60.0,1660,67.0
638,332505126892422,12.760045971954241,commit_complete,228131,11692942498067,True,,6.49712879409352,6.755996862690326,0.0359375,-0.3770833333333333,4.811290310156565,-1.3606930408411535,228131,0.022252400987781584,6.49712879409352,6.755996862690326,0.0359375,-0.3770833333333333,0.005937499999999998,-0.3470833333333333,4.811290310156565,-1.3606930408411535,tracking,True,,False,False,-9.066107299398565,0.08906249999999998,-0.45,0.14931314199930057,True,-34.70833333333333,9.0,-25.70833333333333,1500,1576,1643,1501,2000,2000,1000,1000,-10.0,5.0,15.0,20.0,100.0,20.0,100.0,0.03,0.25,3,1.0,1.0,60.0,1660,67.0
639,332505146847679,12.780001228966285,commit_complete,228132,11692975524085,True,,6.49712879409352,6.7587649592318355,0.0359375,-0.37916666666666665,4.809317459657857,-1.367649652590203,228132,0.00872690899996087,6.49712879409352,6.7587649592318355,0.0359375,-0.37916666666666665,0.005937499999999998,-0.3491666666666666,4.809317459657857,-1.367649652590203,tracking,True,,False,False,-9.066107299398565,0.08906249999999998,-0.5,0.018099421984516084,True,-34.916666666666664,10.0,-24.916666666666664,1500,1576,1643,1501,2000,2000,1000,1000,-10.0,5.0,15.0,20.0,100.0,20.0,100.0,0.03,0.25,3,1.0,1.0,60.0,1660,67.0
640,332505166849879,12.800003429001663,commit_complete,228132,11692975524085,True,,6.49712879409352,6.7587649592318355,0.0359375,-0.37916666666666665,4.809317459657857,-1.367649652590203,228132,0.028729109035339206,6.49712879409352,6.7587649592318355,0.0359375,-0.37916666666666665,0.005937499999999998,-0.3491666666666666,4.809317459657857,-1.367649652590203,tracking,True,,False,False,-9.066107299398565,0.08906249999999998,-0.5,0.03810162201989442,True,-34.916666666666664,10.0,-24.916666666666664,1500,1576,1643,1501,2000,2000,1000,1000,-10.0,5.0,15.0,20.0,100.0,20.0,100.0,0.03,0.25,3,1.0,1.0,60.0,1660,67.0
641,332505186876355,12.820029904949479,commit_complete,228133,11693008485670,True,,6.423123243677239,6.681779241879743,0.0359375,-0.37916666666666665,4.809317459657856,-1.3676496525902029,228133,0.015359159966465086,6.423123243677239,6.681779241879743,0.0359375,-0.37916666666666665,0.005937499999999998,-0.3491666666666666,4.809317459657856,-1.3676496525902029,tracking,True,,False,False,-9.000418510045101,0.08906249999999998,-0.5,0.058128097967710346,True,-34.916666666666664,10.0,-24.916666666666664,1500,1575,1643,1501,2000,2000,1000,1000,-10.0,5.0,15.0,20.0,100.0,20.0,100.0,0.03,0.25,3,1.0,1.0,60.0,1660,67.0
642,332505206835209,12.839988758962136,commit_complete,228134,11693042462823,True,,6.367218282111899,6.626349589926113,0.0359375,-0.38125,4.80733618441744,-1.3745976902318617,228134,0.0017951129702851176,6.367218282111899,6.626349589926113,0.0359375,-0.38125,0.005937499999999998,-0.35124999999999995,4.80733618441744,-1.3745976902318617,tracking,True,,False,False,-8.949510638646458,0.08906249999999998,-0.5,0.0780869519803673,True,-35.12499999999999,10.0,-25.124999999999993,1500,1575,1643,1501,2000,2000,1000,1000,-10.0,5.0,15.0,20.0,100.0,20.0,100.0,0.03,0.25,3,1.0,1.0,60.0,1660,67.0
643,332505226873470,12.860027019982226,commit_complete,228134,11693042462823,True,,6.367218282111899,6.626349589926113,0.0359375,-0.38125,4.80733618441744,-1.3745976902318617,228134,0.02183337399037555,6.367218282111899,6.626349589926113,0.0359375,-0.38125,0.005937499999999998,-0.35124999999999995,4.80733618441744,-1.3745976902318617,tracking,True,,False,False,-8.949510638646458,0.08906249999999998,-0.5,0.09812521300045773,True,-35.12499999999999,10.0,-25.124999999999993,1500,1575,1643,1501,2000,2000,1000,1000,-10.0,5.0,15.0,20.0,100.0,20.0,100.0,0.03,0.25,3,1.0,1.0,60.0,1660,67.0
644,332505246869291,12.880022840981837,commit_complete,228135,11693074639549,True,,6.367218282111899,6.626700601587238,0.0375,-0.38125,4.80733618441744,-1.3745976902318617,228135,0.008396564982831478,6.367218282111899,6.626700601587238,0.0375,-0.38125,0.0075,-0.35124999999999995,4.80733618441744,-1.3745976902318617,tracking,True,,False,False,-8.949510638646458,0.11249999999999999,-0.5,0.1181210340000689,True,-35.12499999999999,10.0,-25.124999999999993,1500,1575,1643,1501,2000,2000,1000,1000,-10.0,5.0,15.0,20.0,100.0,20.0,100.0,0.03,0.25,3,1.0,1.0,60.0,1660,67.0
645,332505266854074,12.900007624004502,commit_complete,228135,11693074639549,True,,6.367218282111899,6.626700601587238,0.0375,-0.38125,4.80733618441744,-1.3745976902318617,228135,0.028381348005495965,6.367218282111899,6.626700601587238,0.0375,-0.38125,0.0075,-0.35124999999999995,4.80733618441744,-1.3745976902318617,tracking,True,,False,False,-8.949510638646458,0.11249999999999999,-0.5,0.1381058170227334,True,-35.12499999999999,10.0,-25.124999999999993,1500,1575,1643,1501,2000,2000,1000,1000,-10.0,5.0,15.0,20.0,100.0,20.0,100.0,0.03,0.25,3,1.0,1.0,60.0,1660,67.0
646,332505286848682,12.92000223195646,commit_complete,228136,11693107572850,True,,6.313346228239846,6.567929745358473,0.0375,-0.37916666666666665,4.809317459657856,-1.3676496525902029,228136,0.014906794007401913,6.313346228239846,6.567929745358473,0.0375,-0.37916666666666665,0.0075,-0.3491666666666666,4.809317459657856,-1.3676496525902029,tracking,True,,False,False,-8.899441022189135,0.11249999999999999,-0.5,0.15810042497469112,True,-34.916666666666664,10.0,-24.916666666666664,1500,1574,1643,1501,2000,2000,1000,1000,-10.0,5.0,15.0,20.0,100.0,20.0,100.0,0.03,0.25,3,1.0,1.0,60.0,1660,67.0
647,332505306834258,12.939987808000296,commit_complete,228137,11693140208889,True,,6.242424242424242,6.491488416016119,0.0375,-0.3770833333333333,4.811290310156565,-1.3606930408411535,228137,0.0014592120423913002,6.242424242424242,6.491488416016119,0.0375,-0.3770833333333333,0.0075,-0.3470833333333333,4.811290310156565,-1.3606930408411535,tracking,True,,False,False,-8.832061191481765,0.11249999999999999,-0.5,0.1780860010185279,True,-34.70833333333333,10.0,-24.70833333333333,1500,1574,1643,1501,2000,2000,1000,1000,-10.0,5.0,15.0,20.0,100.0,20.0,100.0,0.03,0.25,3,1.0,1.0,60.0,1660,67.0
648,332505326868333,12.960021882958245,commit_complete,228137,11693140208889,True,,6.242424242424242,6.491488416016119,0.0375,-0.3770833333333333,4.811290310156565,-1.3606930408411535,228137,0.021493287000339478,6.242424242424242,6.491488416016119,0.0375,-0.3770833333333333,0.0075,-0.3470833333333333,4.811290310156565,-1.3606930408411535,tracking,True,,False,False,-8.832061191481765,0.11249999999999999,-0.59,0.016670921992044896,True,-34.70833333333333,11.799999999999999,-22.90833333333333,1500,1574,1645,1501,2000,2000,1000,1000,-10.0,5.0,15.0,20.0,100.0,20.0,100.0,0.03,0.25,3,1.0,1.0,60.0,1660,67.0
649,332505346844021,12.979997570975684,commit_complete,228138,11693173356899,True,,6.242424242424242,6.489201746389176,0.0390625,-0.375,4.813254700769495,-1.3537278845914202,228138,0.007993414008524269,6.242424242424242,6.489201746389176,0.0390625,-0.375,0.009062500000000001,-0.345,4.813254700769495,-1.3537278845914202,tracking,True,,False,False,-8.832061191481765,0.13593750000000002,-0.59,0.03664661000948399,True,-34.5,11.799999999999999,-22.700000000000003,1500,1574,1645,1501,2000,2000,1000,1000,-10.0,5.0,15.0,20.0,100.0,20.0,100.0,0.03,0.25,3,1.0,1.0,60.0,1660,67.0
650,332505366873987,13.00002753699664,commit_complete,228138,11693173356899,True,,6.242424242424242,6.489201746389176,0.0390625,-0.375,4.813254700769495,-1.3537278845914202,228138,0.028023380029480904,6.242424242424242,6.489201746389176,0.0390625,-0.375,0.009062500000000001,-0.345,4.813254700769495,-1.3537278845914202,tracking,True,,False,False,-8.832061191481765,0.13593750000000002,-0.59,0.05667657603044063,True,-34.5,11.799999999999999,-22.700000000000003,1500,1574,1645,1501,2000,2000,1000,1000,-10.0,5.0,15.0,20.0,100.0,20.0,100.0,0.03,0.25,3,1.0,1.0,60.0,1660,67.0
651,332505386845457,13.019999006995931,commit_complete,228139,11693206240864,True,,6.190476190476191,6.432589838237652,0.0390625,-0.3729166666666667,4.815210596424137,-1.346754213687376,228139,0.01451639604056254,6.190476190476191,6.432589838237652,0.0390625,-0.3729166666666667,0.009062500000000001,-0.34291666666666665,4.815210596424137,-1.346754213687376,tracking,True,,False,False,-8.781690393290944,0.13593750000000002,-0.59,0.07664804602973163,True,-34.291666666666664,11.799999999999999,-22.491666666666667,1500,1573,1645,1501,2000,2000,1000,1000,-10.0,5.0,15.0,20.0,100.0,20.0,100.0,0.03,0.25,3,1.0,1.0,60.0,1660,67.0
652,332505406853302,13.040006851952057,commit_complete,228140,11693239262292,True,,6.122448979591837,6.361549600783185,0.0375,-0.3729166666666667,4.815210596424138,-1.3467542136873758,228140,0.001060380949638784,6.122448979591837,6.361549600783185,0.0375,-0.3729166666666667,0.0075,-0.34291666666666665,4.815210596424138,-1.3467542136873758,tracking,True,,False,False,-8.714482895993871,0.11249999999999999,-0.59,0.0966558909858577,True,-34.291666666666664,11.799999999999999,-22.491666666666667,1500,1573,1645,1501,2000,2000,1000,1000,-10.0,5.0,15.0,20.0,100.0,20.0,100.0,0.03,0.25,3,1.0,1.0,60.0,1660,67.0
653,332505426858346,13.06001189595554,commit_complete,228140,11693239262292,True,,6.122448979591837,6.361549600783185,0.0375,-0.3729166666666667,4.815210596424138,-1.3467542136873758,228140,0.021065424953121692,6.122448979591837,6.361549600783185,0.0375,-0.3729166666666667,0.0075,-0.34291666666666665,4.815210596424138,-1.3467542136873758,tracking,True,,False,False,-8.714482895993871,0.11249999999999999,-0.59,0.1166609349893406,True,-34.291666666666664,11.799999999999999,-22.491666666666667,1500,1573,1645,1501,2000,2000,1000,1000,-10.0,5.0,15.0,20.0,100.0,20.0,100.0,0.03,0.25,3,1.0,1.0,60.0,1660,67.0
654,332505446864984,13.080018533975817,commit_complete,228141,11693272426773,True,,6.072323666308629,6.307269113577819,0.0390625,-0.37083333333333335,4.817157962121082,-1.3397720582149262,228141,0.007665160985197872,6.072323666308629,6.307269113577819,0.0390625,-0.37083333333333335,0.009062500000000001,-0.3408333333333333,4.817157962121082,-1.3397720582149262,tracking,True,,False,False,-8.664094430573204,0.13593750000000002,-0.59,0.13666757300961763,True,-34.08333333333333,11.799999999999999,-22.28333333333333,1500,1572,1645,1501,2000,2000,1000,1000,-10.0,5.0,15.0,20.0,100.0,20.0,100.0,0.03,0.25,3,1.0,1.0,60.0,1660,67.0
655,332505466872113,13.100025662977714,commit_complete,228141,11693272426773,True,,6.072323666308629,6.307269113577819,0.0390625,-0.37083333333333335,4.817157962121082,-1.3397720582149262,228141,0.0276722899870947,6.072323666308629,6.307269113577819,0.0390625,-0.37083333333333335,0.009062500000000001,-0.3408333333333333,4.817157962121082,-1.3397720582149262,tracking,True,,False,False,-8.664094430573204,0.13593750000000002,-0.59,0.15667470201151446,True,-34.08333333333333,11.799999999999999,-22.28333333333333,1500,1572,1645,1501,2000,2000,1000,1000,-10.0,5.0,15.0,20.0,100.0,20.0,100.0,0.03,0.25,3,1.0,1.0,60.0,1660,67.0
656,332505486845416,13.119998965994455,commit_complete,228142,11693305252017,True,,6.007017543859649,6.2394362193374535,0.0390625,-0.37083333333333335,4.817157962121082,-1.339772058214926,228142,0.01420630601933226,6.007017543859649,6.2394362193374535,0.0390625,-0.37083333333333335,0.009062500000000001,-0.3408333333333333,4.817157962121082,-1.339772058214926,tracking,True,,False,False,-8.597393830087233,0.13593750000000002,-0.7,0.0052996870363131166,True,-34.08333333333333,14.0,-20.08333333333333,1500,1572,1647,1501,2000,2000,1000,1000,-10.0,5.0,15.0,20.0,100.0,20.0,100.0,0.03,0.25,3,1.0,1.0,60.0,1660,67.0
657,332505506850323,13.140003872977104,commit_complete,228143,11693338112375,True,,5.895875591615956,6.123994052362924,0.0390625,-0.37083333333333335,4.817157962121082,-1.339772058214926,228143,0.0007272519869729877,5.895875591615956,6.123994052362924,0.0390625,-0.37083333333333335,0.009062500000000001,-0.3408333333333333,4.817157962121082,-1.339772058214926,tracking,True,,False,False,-8.497369295173987,0.13593750000000002,-0.7,0.025304594018962234,True,-34.08333333333333,14.0,-20.08333333333333,1500,1571,1647,1501,2000,2000,1000,1000,-10.0,5.0,15.0,20.0,100.0,20.0,100.0,0.03,0.25,3,1.0,1.0,60.0,1660,67.0
658,332505526858955,13.160012504959013,commit_complete,228143,11693338112375,True,,5.895875591615956,6.123994052362924,0.0390625,-0.37083333333333335,4.817157962121082,-1.339772058214926,228143,0.020735883968882263,5.895875591615956,6.123994052362924,0.0390625,-0.37083333333333335,0.009062500000000001,-0.3408333333333333,4.817157962121082,-1.339772058214926,tracking,True,,False,False,-8.481316358247945,0.13593750000000002,-0.7,0.04531322600087151,True,-34.08333333333333,14.0,-20.08333333333333,1500,1571,1647,1501,2000,2000,1000,1000,-10.0,5.0,15.0,20.0,100.0,20.0,100.0,0.03,0.25,3,1.0,1.0,60.0,1660,67.0
659,332505546841142,13.179994691978209,commit_complete,228144,11693371834777,True,,5.895875591615956,6.123994052362924,0.0390625,-0.37083333333333335,4.817157962121082,-1.339772058214926,228144,0.007295980991329998,5.895875591615956,6.123994052362924,0.0390625,-0.37083333333333335,0.009062500000000001,-0.3408333333333333,4.817157962121082,-1.339772058214926,tracking,True,,False,False,-8.481316358247945,0.13593750000000002,-0.7,0.06529541302006692,True,-34.08333333333333,14.0,-20.08333333333333,1500,1571,1647,1501,2000,2000,1000,1000,-10.0,5.0,15.0,20.0,100.0,20.0,100.0,0.03,0.25,3,1.0,1.0,60.0,1660,67.0
660,332505566849911,13.200003460980952,commit_complete,228144,11693371834777,True,,5.895875591615956,6.123994052362924,0.0390625,-0.37083333333333335,4.817157962121082,-1.339772058214926,228144,0.027304749994073063,5.895875591615956,6.123994052362924,0.0390625,-0.37083333333333335,0.009062500000000001,-0.3408333333333333,4.817157962121082,-1.339772058214926,tracking,True,,False,False,-8.481316358247945,0.13593750000000002,-0.7,0.08530418202280998,True,-34.08333333333333,14.0,-20.08333333333333,1500,1571,1647,1501,2000,2000,1000,1000,-10.0,5.0,15.0,20.0,100.0,20.0,100.0,0.03,0.25,3,1.0,1.0,60.0,1660,67.0
661,332505586855747,13.220009296957869,commit_complete,228145,11693404540112,True,,5.895875591615956,6.126820440966814,0.040625,-0.3729166666666667,4.815210596424137,-1.346754213687376,228145,0.013796305982396007,5.895875591615956,6.126820440966814,0.040625,-0.3729166666666667,0.010625000000000002,-0.34291666666666665,4.815210596424137,-1.346754213687376,tracking,True,,False,False,-8.481316358247945,0.15937500000000004,-0.7,0.10531001799972728,True,-34.291666666666664,14.0,-20.291666666666664,1500,1571,1647,1501,2000,2000,1000,1000,-10.0,5.0,15.0,20.0,100.0,20.0,100.0,0.03,0.25,3,1.0,1.0,60.0,1660,67.0
662,332505606857037,13.240010586974677,commit_complete,228146,11693437505565,True,,5.895875591615956,6.126820440966814,0.040625,-0.3729166666666667,4.815210596424137,-1.346754213687376,228146,0.00038182601565495133,5.895875591615956,6.126820440966814,0.040625,-0.3729166666666667,0.010625000000000002,-0.34291666666666665,4.815210596424137,-1.346754213687376,tracking,True,,False,False,-8.481316358247945,0.15937500000000004,-0.7,0.1253113080165349,True,-34.291666666666664,14.0,-20.291666666666664,1500,1571,1647,1501,2000,2000,1000,1000,-10.0,5.0,15.0,20.0,100.0,20.0,100.0,0.03,0.25,3,1.0,1.0,60.0,1660,67.0
663,332505626845431,13.259998980967794,commit_complete,228146,11693437505565,True,,5.895875591615956,6.126820440966814,0.040625,-0.3729166666666667,4.815210596424137,-1.346754213687376,228146,0.020370220008771867,5.895875591615956,6.126820440966814,0.040625,-0.3729166666666667,0.010625000000000002,-0.34291666666666665,4.815210596424137,-1.346754213687376,tracking,True,,False,False,-8.481316358247945,0.15937500000000004,-0.84,0.00905057298950851,True,-34.291666666666664,16.8,-17.491666666666664,1500,1571,1650,1501,2000,2000,1000,1000,-10.0,5.0,15.0,20.0,100.0,20.0,100.0,0.03,0.25,3,1.0,1.0,60.0,1660,67.0
664,332505646862532,13.280016081989743,commit_complete,228147,11693471453895,True,,5.7887874837027375,6.017978345651215,0.040625,-0.375,4.8132547007694955,-1.3537278845914205,228147,0.006870730023365468,5.7887874837027375,6.017978345651215,0.040625,-0.375,0.010625000000000002,-0.345,4.8132547007694955,-1.3537278845914205,tracking,True,,False,False,-8.381230853138199,0.15937500000000004,-0.84,0.02906767401145771,True,-34.5,16.8,-17.7,1500,1570,1649,1501,2000,2000,1000,1000,-10.0,5.0,15.0,20.0,100.0,20.0,100.0,0.03,0.25,3,1.0,1.0,60.0,1660,67.0
665,332505666838955,13.299992504995316,commit_complete,228147,11693471453895,True,,5.7887874837027375,6.017978345651215,0.040625,-0.375,4.8132547007694955,-1.3537278845914205,228147,0.02684715302893892,5.7887874837027375,6.017978345651215,0.040625,-0.375,0.010625000000000002,-0.345,4.8132547007694955,-1.3537278845914205,tracking,True,,False,False,-8.36668727393685,0.15937500000000004,-0.84,0.04904409701703116,True,-34.5,16.8,-17.7,1500,1570,1649,1501,2000,2000,1000,1000,-10.0,5.0,15.0,20.0,100.0,20.0,100.0,0.03,0.25,3,1.0,1.0,60.0,1660,67.0
666,332505686879874,13.320033423951827,commit_complete,228148,11693503713563,True,,5.7887874837027375,6.018338590283997,0.0421875,-0.375,4.8132547007694955,-1.3537278845914205,228148,0.013479992980137467,5.7887874837027375,6.018338590283997,0.0421875,-0.375,0.012187500000000004,-0.345,4.8132547007694955,-1.3537278845914205,tracking,True,,False,False,-8.36668727393685,0.18281250000000004,-0.84,0.06908501597354189,True,-34.5,16.8,-17.7,1500,1570,1649,1501,2000,2000,1000,1000,-10.0,5.0,15.0,20.0,100.0,20.0,100.0,0.03,0.25,3,1.0,1.0,60.0,1660,67.0
667,332505706916952,13.340070501959417,commit_complete,228149,11693537716720,True,,5.743589743589744,5.973782573713351,0.0421875,-0.3770833333333333,4.811290310156565,-1.3606930408411535,228149,6.325996946543455e-05,5.743589743589744,5.973782573713351,0.0421875,-0.3770833333333333,0.012187500000000004,-0.3470833333333333,4.811290310156565,-1.3606930408411535,tracking,True,,False,False,-8.317562032340115,0.18281250000000004,-0.84,0.08912209398113191,True,-34.70833333333333,16.8,-17.908333333333328,1500,1569,1649,1501,2000,2000,1000,1000,-10.0,5.0,15.0,20.0,100.0,20.0,100.0,0.03,0.25,3,1.0,1.0,60.0,1660,67.0
668,332505726838735,13.35999228496803,commit_complete,228149,11693537716720,True,,5.743589743589744,5.973782573713351,0.0421875,-0.3770833333333333,4.811290310156565,-1.3606930408411535,228149,0.019985042978078127,5.743589743589744,5.973782573713351,0.0421875,-0.3770833333333333,0.012187500000000004,-0.3470833333333333,4.811290310156565,-1.3606930408411535,tracking,True,,False,False,-8.317562032340115,0.18281250000000004,-0.84,0.1090438769897446,True,-34.70833333333333,16.8,-17.908333333333328,1500,1569,1649,1501,2000,2000,1000,1000,-10.0,5.0,15.0,20.0,100.0,20.0,100.0,0.03,0.25,3,1.0,1.0,60.0,1660,67.0
669,332505746859179,13.38001272897236,commit_complete,228150,11693569747832,True,,5.685534591194969,5.9130469994996995,0.040625,-0.3770833333333333,4.811290310156565,-1.3606930408411533,228150,0.006622178014367819,5.685534591194969,5.9130469994996995,0.040625,-0.3770833333333333,0.010625000000000002,-0.3470833333333333,4.811290310156565,-1.3606930408411533,tracking,True,,False,False,-8.253867556127155,0.15937500000000004,-0.84,0.1290643209940754,True,-34.70833333333333,16.8,-17.908333333333328,1500,1569,1649,1501,2000,2000,1000,1000,-10.0,5.0,15.0,20.0,100.0,20.0,100.0,0.03,0.25,3,1.0,1.0,60.0,1660,67.0
670,332505766852859,13.400006408977788,commit_complete,228150,11693569747832,True,,5.685534591194969,5.9130469994996995,0.040625,-0.3770833333333333,4.811290310156565,-1.3606930408411533,228150,0.02661585801979527,5.685534591194969,5.9130469994996995,0.040625,-0.3770833333333333,0.010625000000000002,-0.3470833333333333,4.811290310156565,-1.3606930408411533,tracking,True,,False,False,-8.253867556127155,0.15937500000000004,-0.84,0.14905800099950284,True,-34.70833333333333,16.8,-17.908333333333328,1500,1569,1649,1501,2000,2000,1000,1000,-10.0,5.0,15.0,20.0,100.0,20.0,100.0,0.03,0.25,3,1.0,1.0,60.0,1660,67.0
671,332505786846994,13.4200005439925,commit_complete,228151,11693602712938,True,,5.6418187442004335,5.867581818740454,0.040625,-0.3770833333333333,4.811290310156566,-1.3606930408411535,228151,0.01313473202753812,5.6418187442004335,5.867581818740454,0.040625,-0.3770833333333333,0.010625000000000002,-0.3470833333333333,4.811290310156566,-1.3606930408411535,tracking,True,,False,False,-8.205492536680614,0.15937500000000004,-1.02,0.00876714603509754,True,-34.70833333333333,20.4,-14.30833333333333,1500,1568,1653,1501,2000,2000,1000,1000,-10.0,5.0,15.0,20.0,100.0,20.0,100.0,0.03,0.25,3,1.0,1.0,60.0,1660,67.0
672,332505806866979,13.440020528971218,commit_complete,228151,11693602712938,True,,5.6418187442004335,5.867581818740454,0.040625,-0.3770833333333333,4.811290310156566,-1.3606930408411535,228151,0.03315471700625494,5.6418187442004335,5.867581818740454,0.040625,-0.3770833333333333,0.010625000000000002,-0.3470833333333333,4.811290310156566,-1.3606930408411535,tracking,True,,False,False,-8.205492536680614,0.15937500000000004,-1.02,0.02878713101381436,True,-34.70833333333333,20.4,-14.30833333333333,1500,1568,1653,1501,2000,2000,1000,1000,-10.0,5.0,15.0,20.0,100.0,20.0,100.0,0.03,0.25,3,1.0,1.0,60.0,1660,67.0
673,332505826842981,13.45999653096078,commit_complete,228152,11693635485544,True,,5.585913782635094,5.807420046888418,0.0421875,-0.375,4.8132547007694955,-1.3537278845914202,228152,0.01969901699339971,5.585913782635094,5.807420046888418,0.0421875,-0.375,0.012187500000000004,-0.345,4.8132547007694955,-1.3537278845914202,tracking,True,,False,False,-8.143151516576369,0.18281250000000004,-1.02,0.048763133003376424,True,-34.5,20.4,-14.100000000000001,1500,1568,1653,1501,2000,2000,1000,1000,-10.0,5.0,15.0,20.0,100.0,20.0,100.0,0.03,0.25,3,1.0,1.0,60.0,1660,67.0
674,332505846865449,13.480018998961896,commit_complete,228153,11693668501755,True,,5.585913782635094,5.807420046888418,0.0421875,-0.375,4.8132547007694955,-1.3537278845914202,228153,0.006253307976294309,5.585913782635094,5.807420046888418,0.0421875,-0.375,0.012187500000000004,-0.345,4.8132547007694955,-1.3537278845914202,tracking,True,,False,False,-8.143151516576369,0.18281250000000004,-1.02,0.06878560100449249,True,-34.5,20.4,-14.100000000000001,1500,1568,1653,1501,2000,2000,1000,1000,-10.0,5.0,15.0,20.0,100.0,20.0,100.0,0.03,0.25,3,1.0,1.0,60.0,1660,67.0
675,332505866857995,13.500011544965673,commit_complete,228153,11693668501755,True,,5.585913782635094,5.807420046888418,0.0421875,-0.375,4.8132547007694955,-1.3537278845914202,228153,0.026245853980071843,5.585913782635094,5.807420046888418,0.0421875,-0.375,0.012187500000000004,-0.345,4.8132547007694955,-1.3537278845914202,tracking,True,,False,False,-8.143151516576369,0.18281250000000004,-1.02,0.08877814700827003,True,-34.5,20.4,-14.100000000000001,1500,1568,1653,1501,2000,2000,1000,1000,-10.0,5.0,15.0,20.0,100.0,20.0,100.0,0.03,0.25,3,1.0,1.0,60.0,1660,67.0
676,332505886860769,13.520014318986796,commit_complete,228154,11693701264110,True,,5.489736070381232,5.705113973142657,0.0421875,-0.3729166666666667,4.815210596424138,-1.346754213687376,228154,0.012759723991621286,5.489736070381232,5.705113973142657,0.0421875,-0.3729166666666667,0.012187500000000004,-0.34291666666666665,4.815210596424138,-1.346754213687376,tracking,True,,False,False,-8.043137646470756,0.18281250000000004,-1.02,0.10878092102939263,True,-34.291666666666664,20.4,-13.891666666666666,1500,1567,1653,1501,2000,2000,1000,1000,-10.0,5.0,15.0,20.0,100.0,20.0,100.0,0.03,0.25,3,1.0,1.0,60.0,1660,67.0
677,332505906828229,13.539981779002119,commit_complete,228154,11693701264110,True,,5.489736070381232,5.705113973142657,0.0421875,-0.3729166666666667,4.815210596424138,-1.346754213687376,228154,0.0327271840069443,5.489736070381232,5.705113973142657,0.0421875,-0.3729166666666667,0.012187500000000004,-0.34291666666666665,4.815210596424138,-1.346754213687376,tracking,True,,False,False,-8.034775220933707,0.18281250000000004,-1.02,0.12874838104471564,True,-34.291666666666664,20.4,-13.891666666666666,1500,1567,1653,1501,2000,2000,1000,1000,-10.0,5.0,15.0,20.0,100.0,20.0,100.0,0.03,0.25,3,1.0,1.0,60.0,1660,67.0
678,332505926874161,13.56002771097701,commit_complete,228155,11693734548612,True,,5.489736070381232,5.700875832415555,0.04375,-0.36875,4.819096762935555,-1.332781448499364,228155,0.019356777018401772,5.489736070381232,5.700875832415555,0.04375,-0.36875,0.013749999999999998,-0.33875,4.819096762935555,-1.332781448499364,tracking,True,,False,False,-8.034775220933707,0.20625,-1.02,0.14879431301960722,True,-33.875,20.4,-13.475000000000001,1500,1567,1653,1502,2000,2000,1000,1000,-10.0,5.0,15.0,20.0,100.0,20.0,100.0,0.03,0.25,3,1.0,1.0,60.0,1660,67.0
679,332505946827959,13.579981508955825,commit_complete,228156,11693767414096,True,,5.448773448773449,5.653474274529517,0.0421875,-0.3645833333333333,4.822948530600393,-1.3187749888360452,228156,0.0058332489570602775,5.448773448773449,5.653474274529517,0.0421875,-0.3645833333333333,0.012187500000000004,-0.33458333333333334,4.822948530600393,-1.3187749888360452,tracking,True,,False,False,-7.988234014364412,0.18281250000000004,-1.14,0.017663552949670702,True,-33.458333333333336,22.799999999999997,-10.658333333333339,1500,1567,1656,1501,2000,2000,1000,1000,-10.0,5.0,15.0,20.0,100.0,20.0,100.0,0.03,0.25,3,1.0,1.0,60.0,1660,67.0
680,332505966861220,13.60001476999605,commit_complete,228156,11693767414096,True,,5.448773448773449,5.653474274529517,0.0421875,-0.3645833333333333,4.822948530600393,-1.3187749888360452,228156,0.025866509997285903,5.448773448773449,5.653474274529517,0.0421875,-0.3645833333333333,0.012187500000000004,-0.33458333333333334,4.822948530600393,-1.3187749888360452,tracking,True,,False,False,-7.988234014364412,0.18281250000000004,-1.14,0.03769681398989633,True,-33.458333333333336,22.799999999999997,-10.658333333333339,1500,1567,1656,1501,2000,2000,1000,1000,-10.0,5.0,15.0,20.0,100.0,20.0,100.0,0.03,0.25,3,1.0,1.0,60.0,1660,67.0
681,332505986842191,13.619995740999002,commit_complete,228157,11693800388991,True,,5.396825396825397,5.597358251253255,0.0421875,-0.3625,4.824861427988258,-1.3117592007343075,228157,0.012412176001816988,5.396825396825397,5.597358251253255,0.0421875,-0.3625,0.012187500000000004,-0.3325,4.824861427988258,-1.3117592007343075,tracking,True,,False,False,-7.928924137433079,0.18281250000000004,-1.14,0.05767778499284759,True,-33.25,22.799999999999997,-10.450000000000003,1500,1566,1656,1501,2000,2000,1000,1000,-10.0,5.0,15.0,20.0,100.0,20.0,100.0,0.03,0.25,3,1.0,1.0,60.0,1660,67.0
682,332506006856283,13.64000983297592,commit_complete,228157,11693800388991,True,,5.396825396825397,5.597358251253255,0.0421875,-0.3625,4.824861427988258,-1.3117592007343075,228157,0.03242626797873527,5.396825396825397,5.597358251253255,0.0421875,-0.3625,0.012187500000000004,-0.3325,4.824861427988258,-1.3117592007343075,tracking,True,,False,False,-7.928924137433079,0.18281250000000004,-1.14,0.07769187696976587,True,-33.25,22.799999999999997,-10.450000000000003,1500,1566,1656,1501,2000,2000,1000,1000,-10.0,5.0,15.0,20.0,100.0,20.0,100.0,0.03,0.25,3,1.0,1.0,60.0,1660,67.0
683,332506026839582,13.65999313199427,commit_complete,228158,11693833261204,True,,5.3467000835421885,5.5388534181068,0.0421875,-0.35625,4.830547759295653,-1.2906619794368075,228158,0.01892851700540632,5.3467000835421885,5.5388534181068,0.0421875,-0.35625,0.012187500000000004,-0.32625000000000004,4.830547759295653,-1.2906619794368075,tracking,True,,False,False,-7.871424920631664,0.18281250000000004,-1.14,0.09767517598811537,True,-32.62500000000001,22.799999999999997,-9.82500000000001,1500,1566,1656,1501,2000,2000,1000,1000,-10.0,5.0,15.0,20.0,100.0,20.0,100.0,0.03,0.25,3,1.0,1.0,60.0,1660,67.0
684,332506046841263,13.679994812991936,commit_complete,228159,11693866790636,True,,5.307017543859649,5.493834882205545,0.04375,-0.35208333333333336,4.834294668560812,-1.2765559359168392,228159,0.0055298880324698985,5.307017543859649,5.493834882205545,0.04375,-0.35208333333333336,0.013749999999999998,-0.3220833333333334,4.834294668560812,-1.2765559359168392,tracking,True,,False,False,-7.82574001270817,0.20625,-1.14,0.11767685698578134,True,-32.208333333333336,22.799999999999997,-9.408333333333339,1500,1565,1657,1502,2000,2000,1000,1000,-10.0,5.0,15.0,20.0,100.0,20.0,100.0,0.03,0.25,3,1.0,1.0,60.0,1660,67.0
685,332506066842534,13.699996083974838,commit_complete,228159,11693866790636,True,,5.307017543859649,5.493834882205545,0.04375,-0.35208333333333336,4.834294668560812,-1.2765559359168392,228159,0.025531159015372396,5.307017543859649,5.493834882205545,0.04375,-0.35208333333333336,0.013749999999999998,-0.3220833333333334,4.834294668560812,-1.2765559359168392,tracking,True,,False,False,-7.82574001270817,0.20625,-1.14,0.13767812796868384,True,-32.208333333333336,22.799999999999997,-9.408333333333339,1500,1565,1657,1502,2000,2000,1000,1000,-10.0,5.0,15.0,20.0,100.0,20.0,100.0,0.03,0.25,3,1.0,1.0,60.0,1660,67.0
686,332506086860359,13.720013908983674,commit_complete,228160,11693899234430,True,,5.268556005398111,5.454019422792231,0.04375,-0.35208333333333336,4.834294668560811,-1.276555935916839,228160,0.012088071031030267,5.268556005398111,5.454019422792231,0.04375,-0.35208333333333336,0.013749999999999998,-0.3220833333333334,4.834294668560811,-1.276555935916839,tracking,True,,False,False,-7.781340040084928,0.20625,-1.14,0.15769595297751948,True,-32.208333333333336,22.799999999999997,-9.408333333333339,1500,1565,1657,1502,2000,2000,1000,1000,-10.0,5.0,15.0,20.0,100.0,20.0,100.0,0.03,0.25,3,1.0,1.0,60.0,1660,67.0
687,332506106850382,13.74000393197639,commit_complete,228160,11693899234430,True,,5.268556005398111,5.454019422792231,0.04375,-0.35208333333333336,4.834294668560811,-1.276555935916839,228160,0.03207809402374551,5.268556005398111,5.454019422792231,0.04375,-0.35208333333333336,0.013749999999999998,-0.3220833333333334,4.834294668560811,-1.276555935916839,tracking,True,,False,False,-7.781340040084928,0.20625,-1.29,0.0064595399890094995,True,-32.208333333333336,25.8,-6.408333333333335,1500,1565,1660,1502,2000,2000,1000,1000,-10.0,5.0,15.0,20.0,100.0,20.0,100.0,0.03,0.25,3,1.0,1.0,60.0,1660,67.0
688,332506126836143,13.759989693004172,commit_complete,228161,11693932325181,True,,5.220159151193634,5.4018440776629735,0.04375,-0.35,4.836154826897171,-1.2694906420605072,228161,0.0186501260031946,5.220159151193634,5.4018440776629735,0.04375,-0.35,0.013749999999999998,-0.31999999999999995,4.836154826897171,-1.2694906420605072,tracking,True,,False,False,-7.725327002903839,0.20625,-1.29,0.026445301016792655,True,-31.999999999999996,25.8,-6.199999999999996,1500,1564,1660,1502,2000,2000,1000,1000,-10.0,5.0,15.0,20.0,100.0,20.0,100.0,0.03,0.25,3,1.0,1.0,60.0,1660,67.0
689,332506146857895,13.780011444992851,commit_complete,228162,11693965556586,True,,5.220159151193634,5.399780773487624,0.04375,-0.34791666666666665,4.838006075548221,-1.2624172103383642,228162,0.005229717004112899,5.220159151193634,5.399780773487624,0.04375,-0.34791666666666665,0.013749999999999998,-0.3179166666666666,4.838006075548221,-1.2624172103383642,tracking,True,,False,False,-7.725327002903839,0.20625,-1.29,0.046467053005471826,True,-31.791666666666664,25.8,-5.991666666666664,1500,1564,1660,1502,2000,2000,1000,1000,-10.0,5.0,15.0,20.0,100.0,20.0,100.0,0.03,0.25,3,1.0,1.0,60.0,1660,67.0
690,332506166861341,13.800014890963212,commit_complete,228162,11693965556586,True,,5.220159151193634,5.399780773487624,0.04375,-0.34791666666666665,4.838006075548221,-1.2624172103383642,228162,0.02523316297447309,5.220159151193634,5.399780773487624,0.04375,-0.34791666666666665,0.013749999999999998,-0.3179166666666666,4.838006075548221,-1.2624172103383642,tracking,True,,False,False,-7.725327002903839,0.20625,-1.29,0.06647049897583202,True,-31.791666666666664,25.8,-5.991666666666664,1500,1564,1660,1502,2000,2000,1000,1000,-10.0,5.0,15.0,20.0,100.0,20.0,100.0,0.03,0.25,3,1.0,1.0,60.0,1660,67.0
691,332506186884197,13.820037746976595,commit_complete,228163,11693998722813,True,,5.1828631138975965,5.361201408513211,0.04375,-0.34791666666666665,4.838006075548221,-1.2624172103383642,228163,0.011794918973464519,5.1828631138975965,5.361201408513211,0.04375,-0.34791666666666665,0.013749999999999998,-0.3179166666666666,4.838006075548221,-1.2624172103383642,tracking,True,,False,False,-7.682071253366297,0.20625,-1.29,0.08649335498921573,True,-31.791666666666664,25.8,-5.991666666666664,1500,1564,1660,1502,2000,2000,1000,1000,-10.0,5.0,15.0,20.0,100.0,20.0,100.0,0.03,0.25,3,1.0,1.0,60.0,1660,67.0
692,332506206863447,13.840016996953636,commit_complete,228163,11693998722813,True,,5.1828631138975965,5.361201408513211,0.04375,-0.34791666666666665,4.838006075548221,-1.2624172103383642,228163,0.031774168950505555,5.1828631138975965,5.361201408513211,0.04375,-0.34791666666666665,0.013749999999999998,-0.3179166666666666,4.838006075548221,-1.2624172103383642,tracking,True,,False,False,-7.682071253366297,0.20625,-1.29,0.10647260496625677,True,-31.791666666666664,25.8,-5.991666666666664,1500,1564,1660,1502,2000,2000,1000,1000,-10.0,5.0,15.0,20.0,100.0,20.0,100.0,0.03,0.25,3,1.0,1.0,60.0,1660,67.0
693,332506226849408,13.860002957982942,commit_complete,228164,11694031904351,True,,5.054726368159203,5.228655576867975,0.04375,-0.34791666666666665,4.838006075548221,-1.262417210338364,228164,0.01834871800383553,5.054726368159203,5.228655576867975,0.04375,-0.34791666666666665,0.013749999999999998,-0.3179166666666666,4.838006075548221,-1.262417210338364,tracking,True,,False,False,-7.582141448219767,0.20625,-1.29,0.12645856599556282,True,-31.791666666666664,25.8,-5.991666666666664,1500,1563,1660,1502,2000,2000,1000,1000,-10.0,5.0,15.0,20.0,100.0,20.0,100.0,0.03,0.25,3,1.0,1.0,60.0,1660,67.0
694,332506246867299,13.880020848999266,commit_complete,228165,11694065064349,True,,5.054726368159203,5.227008959111175,0.0453125,-0.3458333333333333,4.839848380512323,-1.2553356736953838,228165,0.004806949000339955,5.054726368159203,5.227008959111175,0.0453125,-0.3458333333333333,0.0153125,-0.3158333333333333,4.839848380512323,-1.2553356736953838,tracking,True,,False,False,-7.533074943468172,0.2296875,-1.29,0.14647645701188594,True,-31.58333333333333,25.8,-5.783333333333328,1500,1563,1660,1502,2000,2000,1000,1000,-10.0,5.0,15.0,20.0,100.0,20.0,100.0,0.03,0.25,3,1.0,1.0,60.0,1660,67.0
695,332506266851991,13.900005540985148,commit_complete,228165,11694065064349,True,,5.054726368159203,5.227008959111175,0.0453125,-0.3458333333333333,4.839848380512323,-1.2553356736953838,228165,0.024791640986222774,5.054726368159203,5.227008959111175,0.0453125,-0.3458333333333333,0.0153125,-0.3158333333333333,4.839848380512323,-1.2553356736953838,tracking,True,,False,False,-7.533074943468172,0.2296875,-1.29,0.16646114899776876,True,-31.58333333333333,25.8,-5.783333333333328,1500,1563,1660,1502,2000,2000,1000,1000,-10.0,5.0,15.0,20.0,100.0,20.0,100.0,0.03,0.25,3,1.0,1.0,60.0,1660,67.0
696,332506286848578,13.920002127997577,commit_complete,228166,11694097834958,True,,5.054726368159203,5.228995574629941,0.0453125,-0.34791666666666665,4.838006075548221,-1.262417210338364,228166,0.011440853006206453,5.054726368159203,5.228995574629941,0.0453125,-0.34791666666666665,0.0153125,-0.3179166666666666,4.838006075548221,-1.262417210338364,tracking,True,,False,False,-7.533074943468172,0.2296875,-1.39,0.01513128902297467,True,-31.791666666666664,27.799999999999997,-3.991666666666667,1500,1563,1662,1502,2000,2000,1000,1000,-10.0,5.0,15.0,20.0,100.0,20.0,100.0,0.03,0.25,3,1.0,1.0,60.0,1660,67.0
697,332506306831846,13.939985395991243,commit_complete,228166,11694097834958,True,,5.054726368159203,5.228995574629941,0.0453125,-0.34791666666666665,4.838006075548221,-1.262417210338364,228166,0.031424120999872684,5.054726368159203,5.228995574629941,0.0453125,-0.34791666666666665,0.0153125,-0.3179166666666666,4.838006075548221,-1.262417210338364,tracking,True,,False,False,-7.533074943468172,0.2296875,-1.39,0.0351145570166409,True,-31.791666666666664,27.799999999999997,-3.991666666666667,1500,1563,1662,1502,2000,2000,1000,1000,-10.0,5.0,15.0,20.0,100.0,20.0,100.0,0.03,0.25,3,1.0,1.0,60.0,1660,67.0
698,332506326839812,13.959993361961097,commit_complete,228167,11694131338037,True,,4.975891996142719,5.147108575335034,0.04375,-0.34791666666666665,4.838006075548222,-1.2624172103383642,228167,0.017912806011736393,4.975891996142719,5.147108575335034,0.04375,-0.34791666666666665,0.013749999999999998,-0.3179166666666666,4.838006075548222,-1.2624172103383642,tracking,True,,False,False,-7.441301966641123,0.20625,-1.39,0.055122522986494005,True,-31.791666666666664,27.799999999999997,-3.991666666666667,1500,1562,1662,1502,2000,2000,1000,1000,-10.0,5.0,15.0,20.0,100.0,20.0,100.0,0.03,0.25,3,1.0,1.0,60.0,1660,67.0
699,332506346853178,13.980006727972068,commit_complete,228168,11694164567982,True,,4.941791399382276,5.11022477524072,0.0453125,-0.3458333333333333,4.839848380512323,-1.255335673695384,228168,0.004515847016591579,4.941791399382276,5.11022477524072,0.0453125,-0.3458333333333333,0.0153125,-0.3158333333333333,4.839848380512323,-1.255335673695384,tracking,True,,False,False,-7.401624286995588,0.2296875,-1.39,0.07513588899746537,True,-31.58333333333333,27.799999999999997,-3.7833333333333314,1500,1562,1662,1502,2000,2000,1000,1000,-10.0,5.0,15.0,20.0,100.0,20.0,100.0,0.03,0.25,3,1.0,1.0,60.0,1660,67.0
700,332506366852121,14.00000567099778,commit_complete,228168,11694164567982,True,,4.941791399382276,5.11022477524072,0.0453125,-0.3458333333333333,4.839848380512323,-1.255335673695384,228168,0.024514790042303503,4.941791399382276,5.11022477524072,0.0453125,-0.3458333333333333,0.0153125,-0.3158333333333333,4.839848380512323,-1.255335673695384,tracking,True,,False,False,-7.401624286995588,0.2296875,-1.39,0.0951348320231773,True,-31.58333333333333,27.799999999999997,-3.7833333333333314,1500,1562,1662,1502,2000,2000,1000,1000,-10.0,5.0,15.0,20.0,100.0,20.0,100.0,0.03,0.25,3,1.0,1.0,60.0,1660,67.0
701,332506386848142,14.020001691998914,commit_complete,228169,11694196821187,True,,4.8994857410004675,5.06647719341794,0.0453125,-0.3458333333333333,4.839848380512324,-1.255335673695384,228169,0.011077661998569965,4.8994857410004675,5.06647719341794,0.0453125,-0.3458333333333333,0.0153125,-0.3158333333333333,4.839848380512324,-1.255335673695384,tracking,True,,False,False,-7.352440116153347,0.2296875,-1.39,0.11513085302431136,True,-31.58333333333333,27.799999999999997,-3.7833333333333314,1500,1561,1662,1502,2000,2000,1000,1000,-10.0,5.0,15.0,20.0,100.0,20.0,100.0,0.03,0.25,3,1.0,1.0,60.0,1660,67.0
702,332506406841614,14.039995163970161,commit_complete,228169,11694196821187,True,,4.8994857410004675,5.06647719341794,0.0453125,-0.3458333333333333,4.839848380512324,-1.255335673695384,228169,0.03107113396981731,4.8994857410004675,5.06647719341794,0.0453125,-0.3458333333333333,0.0153125,-0.3158333333333333,4.839848380512324,-1.255335673695384,tracking,True,,False,False,-7.352440116153347,0.2296875,-1.39,0.1351243249955587,True,-31.58333333333333,27.799999999999997,-3.7833333333333314,1500,1561,1662,1502,2000,2000,1000,1000,-10.0,5.0,15.0,20.0,100.0,20.0,100.0,0.03,0.25,3,1.0,1.0,60.0,1660,67.0
703,332506426853409,14.060006958956365,commit_complete,228170,11694229995897,True,,4.825396825396825,4.986438461579181,0.046875,-0.3416666666666667,4.843506023840971,-1.2411484186092485,228170,0.01764778298093006,4.825396825396825,4.986438461579181,0.046875,-0.3416666666666667,0.016875,-0.31166666666666665,4.843506023840971,-1.2411484186092485,tracking,True,,False,False,-7.266475019857557,0.25312500000000004,-1.56,0.015606275992468,True,-31.166666666666664,31.200000000000003,0.033333333333338544,1500,1561,1665,1502,2000,2000,1000,1000,-10.0,5.0,15.0,20.0,100.0,20.0,100.0,0.03,0.25,3,1.0,1.0,60.0,1660,67.0
704,332506446869824,14.08002337400103,commit_complete,228171,11694263712587,True,,4.825396825396825,4.9845741666997805,0.046875,-0.33958333333333335,4.845321294674777,-1.2340427672374823,228171,0.004208484024275094,4.825396825396825,4.9845741666997805,0.046875,-0.33958333333333335,0.016875,-0.3095833333333333,4.845321294674777,-1.2340427672374823,tracking,True,,False,False,-7.266475019857557,0.25312500000000004,-1.56,0.035622691037133336,True,-30.958333333333332,31.200000000000003,0.2416666666666707,1500,1561,1666,1502,2000,2000,1000,1000,-10.0,5.0,15.0,20.0,100.0,20.0,100.0,0.03,0.25,3,1.0,1.0,60.0,1660,67.0
705,332506466842738,14.099996287957765,commit_complete,228171,11694263712587,True,,4.825396825396825,4.9845741666997805,0.046875,-0.33958333333333335,4.845321294674777,-1.2340427672374823,228171,0.024181397981010377,4.825396825396825,4.9845741666997805,0.046875,-0.33958333333333335,0.016875,-0.3095833333333333,4.845321294674777,-1.2340427672374823,tracking,True,,False,False,-7.266475019857557,0.25312500000000004,-1.56,0.05559560499386862,True,-30.958333333333332,31.200000000000003,0.2416666666666707,1500,1561,1666,1502,2000,2000,1000,1000,-10.0,5.0,15.0,20.0,100.0,20.0,100.0,0.03,0.25,3,1.0,1.0,60.0,1660,67.0
706,332506486875188,14.120028737990651,commit_complete,228172,11694296956554,True,,4.785714285714286,4.93844484797007,0.0484375,-0.3333333333333333,4.850712500726659,-1.2126781251816647,228172,0.010725828993599862,4.785714285714286,4.93844484797007,0.0484375,-0.3333333333333333,0.018437500000000002,-0.30333333333333334,4.850712500726659,-1.2126781251816647,tracking,True,,False,False,-7.220554080639607,0.27656250000000004,-1.56,0.07562805502675474,True,-30.333333333333336,31.200000000000003,0.8666666666666671,1500,1560,1666,1502,2000,2000,1000,1000,-10.0,5.0,15.0,20.0,100.0,20.0,100.0,0.03,0.25,3,1.0,1.0,60.0,1660,67.0
707,332506506859607,14.140013156982604,commit_complete,228172,11694296956554,True,,4.785714285714286,4.93844484797007,0.0484375,-0.3333333333333333,4.850712500726659,-1.2126781251816647,228172,0.030710247985552996,4.785714285714286,4.93844484797007,0.0484375,-0.3333333333333333,0.018437500000000002,-0.30333333333333334,4.850712500726659,-1.2126781251816647,tracking,True,,False,False,-7.220554080639607,0.27656250000000004,-1.56,0.09561247401870787,True,-30.333333333333336,31.200000000000003,0.8666666666666671,1500,1560,1666,1502,2000,2000,1000,1000,-10.0,5.0,15.0,20.0,100.0,20.0,100.0,0.03,0.25,3,1.0,1.0,60.0,1660,67.0
708,332506526837374,14.159990924003068,commit_complete,228173,11694330188376,True,,4.753521126760564,4.901303357354287,0.046875,-0.32916666666666666,4.854260798795784,-1.1983956347027092,228173,0.01728008803911507,4.753521126760564,4.901303357354287,0.046875,-0.32916666666666666,0.016875,-0.2991666666666667,4.854260798795784,-1.1983956347027092,tracking,True,,False,False,-7.18337876413107,0.25312500000000004,-1.56,0.11559024103917181,True,-29.916666666666668,31.200000000000003,1.283333333333335,1500,1560,1667,1502,2000,2000,1000,1000,-10.0,5.0,15.0,20.0,100.0,20.0,100.0,0.03,0.25,3,1.0,1.0,60.0,1660,67.0
709,332506546875877,14.180029426992405,commit_complete,228174,11694362052809,True,,4.683760683760684,4.824503086215299,0.0484375,-0.3229166666666667,4.859513823792682,-1.17691350419979,228174,0.0037820800207555294,4.683760683760684,4.824503086215299,0.0484375,-0.3229166666666667,0.018437500000000002,-0.2929166666666667,4.859513823792682,-1.17691350419979,tracking,True,,False,False,-7.103112293128192,0.27656250000000004,-1.56,0.13562874402850866,True,-29.29166666666667,31.200000000000003,1.9083333333333314,1500,1559,1667,1502,2000,2000,1000,1000,-10.0,5.0,15.0,20.0,100.0,20.0,100.0,0.03,0.25,3,1.0,1.0,60.0,1660,67.0
710,332506566837568,14.199991117988247,commit_complete,228174,11694362052809,True,,4.683760683760684,4.824503086215299,0.0484375,-0.3229166666666667,4.859513823792682,-1.17691350419979,228174,0.023743771016597748,4.683760683760684,4.824503086215299,0.0484375,-0.3229166666666667,0.018437500000000002,-0.2929166666666667,4.859513823792682,-1.17691350419979,tracking,True,,False,False,-7.103112293128192,0.27656250000000004,-1.56,0.15559043502435088,True,-29.29166666666667,31.200000000000003,1.9083333333333314,1500,1559,1667,1502,2000,2000,1000,1000,-10.0,5.0,15.0,20.0,100.0,20.0,100.0,0.03,0.25,3,1.0,1.0,60.0,1660,67.0
711,332506586832666,14.219986215990502,commit_complete,228175,11694394475545,True,,4.646464646464647,4.782693139410175,0.0484375,-0.31875,4.862969175350511,-1.1625535684822315,228175,0.01022602099692449,4.646464646464647,4.782693139410175,0.0484375,-0.31875,0.018437500000000002,-0.28874999999999995,4.862969175350511,-1.1625535684822315,tracking,True,,False,False,-7.060388352521833,0.27656250000000004,-1.7,0.015719551010988653,True,-28.874999999999996,34.0,5.1250000000000036,1500,1559,1670,1502,2000,2000,1000,1000,-10.0,5.0,15.0,20.0,100.0,20.0,100.0,0.03,0.25,3,1.0,1.0,60.0,1660,67.0
712,332506606811532,14.239965081971604,commit_complete,228175,11694394475545,True,,4.646464646464647,4.782693139410175,0.0484375,-0.31875,4.862969175350511,-1.1625535684822315,228175,0.03020488697802648,4.646464646464647,4.782693139410175,0.0484375,-0.31875,0.018437500000000002,-0.28874999999999995,4.862969175350511,-1.1625535684822315,tracking,True,,False,False,-7.060388352521833,0.27656250000000004,-1.7,0.03569841699209064,True,-28.874999999999996,34.0,5.1250000000000036,1500,1559,1670,1502,2000,2000,1000,1000,-10.0,5.0,15.0,20.0,100.0,20.0,100.0,0.03,0.25,3,1.0,1.0,60.0,1660,67.0
713,332506626833338,14.259986887976993,commit_complete,228176,11694427441288,True,,4.579840523410345,4.710812241857253,0.0484375,-0.3145833333333333,4.866386890201162,-1.1481631569068365,228176,0.016791119007393718,4.579840523410345,4.710812241857253,0.0484375,-0.3145833333333333,0.018437500000000002,-0.2845833333333333,4.866386890201162,-1.1481631569068365,tracking,True,,False,False,-6.984451843558286,0.27656250000000004,-1.7,0.05572022299747914,True,-28.45833333333333,34.0,5.541666666666671,1500,1558,1670,1502,2000,2000,1000,1000,-10.0,5.0,15.0,20.0,100.0,20.0,100.0,0.03,0.25,3,1.0,1.0,60.0,1660,67.0
714,332506646865382,14.280018931953236,commit_complete,228177,11694460561204,True,,4.579840523410345,4.707892638465187,0.05,-0.3104166666666667,4.869766709308077,-1.1337425620107866,228177,0.0033001399715431035,4.579840523410345,4.707892638465187,0.05,-0.3104166666666667,0.020000000000000004,-0.28041666666666665,4.869766709308077,-1.1337425620107866,tracking,True,,False,False,-6.984451843558286,0.30000000000000004,-1.7,0.07575226697372273,True,-28.041666666666664,34.0,5.958333333333336,1500,1558,1671,1502,2000,2000,1000,1000,-10.0,5.0,15.0,20.0,100.0,20.0,100.0,0.03,0.25,3,1.0,1.0,60.0,1660,67.0
715,332506666856656,14.300010206003208,commit_complete,228177,11694460561204,True,,4.579840523410345,4.707892638465187,0.05,-0.3104166666666667,4.869766709308077,-1.1337425620107866,228177,0.023291414021514356,4.579840523410345,4.707892638465187,0.05,-0.3104166666666667,0.020000000000000004,-0.28041666666666665,4.869766709308077,-1.1337425620107866,tracking,True,,False,False,-6.984451843558286,0.30000000000000004,-1.7,0.09574354102369398,True,-28.041666666666664,34.0,5.958333333333336,1500,1558,1671,1502,2000,2000,1000,1000,-10.0,5.0,15.0,20.0,100.0,20.0,100.0,0.03,0.25,3,1.0,1.0,60.0,1660,67.0
716,332506686870850,14.320024399959948,commit_complete,228179,11694526241810,True,,4.52139303482587,4.643056825384054,0.05,-0.30416666666666664,4.874764821477847,-1.112055724899634,228179,0.009837149002123624,4.52139303482587,4.643056825384054,0.05,-0.30416666666666664,0.020000000000000004,-0.27416666666666667,4.874764821477847,-1.112055724899634,tracking,True,,False,False,-6.918295061471431,0.30000000000000004,-1.7,0.11575773498043418,True,-27.416666666666668,34.0,6.583333333333332,1500,1558,1671,1502,2000,2000,1000,1000,-10.0,5.0,15.0,20.0,100.0,20.0,100.0,0.03,0.25,3,1.0,1.0,60.0,1660,67.0
717,332506706857227,14.340010776999407,commit_complete,228179,11694526241810,True,,4.52139303482587,4.643056825384054,0.05,-0.30416666666666664,4.874764821477847,-1.112055724899634,228179,0.029823526041582227,4.52139303482587,4.643056825384054,0.05,-0.30416666666666664,0.020000000000000004,-0.27416666666666667,4.874764821477847,-1.112055724899634,tracking,True,,False,False,-6.918295061471431,0.30000000000000004,-1.7,0.13574411201989278,True,-27.416666666666668,34.0,6.583333333333332,1500,1558,1671,1502,2000,2000,1000,1000,-10.0,5.0,15.0,20.0,100.0,20.0,100.0,0.03,0.25,3,1.0,1.0,60.0,1660,67.0
718,332506726831646,14.359985195973422,commit_complete,228180,11694559756925,True,,4.486274509803922,4.605441176470588,0.05,-0.3020833333333333,4.876411633660539,-1.104812010751216,228180,0.016420201980508864,4.486274509803922,4.605441176470588,0.05,-0.3020833333333333,0.020000000000000004,-0.27208333333333334,4.876411633660539,-1.104812010751216,tracking,True,,False,False,-6.878775399394299,0.30000000000000004,-1.78,0.00904237199574709,True,-27.208333333333336,35.6,8.391666666666666,1500,1557,1673,1502,2000,2000,1000,1000,-10.0,5.0,15.0,20.0,100.0,20.0,100.0,0.03,0.25,3,1.0,1.0,60.0,1660,67.0
719,332506746836098,14.379989648004994,commit_complete,228181,11694592321545,True,,4.390977443609023,4.5079521593210785,0.0515625,-0.3020833333333333,4.876411633660541,-1.1048120107512163,228181,0.0029704460175707936,4.390977443609023,4.5079521593210785,0.0515625,-0.3020833333333333,0.0215625,-0.27208333333333334,4.876411633660541,-1.1048120107512163,tracking,True,,False,False,-6.778753139236442,0.3234375,-1.78,0.029046824027318507,True,-27.208333333333336,35.6,8.391666666666666,1500,1556,1673,1502,2000,2000,1000,1000,-10.0,5.0,15.0,20.0,100.0,20.0,100.0,0.03,0.25,3,1.0,1.0,60.0,1660,67.0
720,332506766827792,14.39998134196503,commit_complete,228181,11694592321545,True,,4.390977443609023,4.5079521593210785,0.0515625,-0.3020833333333333,4.876411633660541,-1.1048120107512163,228181,0.022962139977607876,4.390977443609023,4.5079521593210785,0.0515625,-0.3020833333333333,0.0215625,-0.27208333333333334,4.876411633660541,-1.1048120107512163,tracking,True,,False,False,-6.7725158115060635,0.3234375,-1.78,0.04903851798735559,True,-27.208333333333336,35.6,8.391666666666666,1500,1556,1673,1502,2000,2000,1000,1000,-10.0,5.0,15.0,20.0,100.0,20.0,100.0,0.03,0.25,3,1.0,1.0,60.0,1660,67.0
721,332506786862851,14.420016400981694,commit_complete,228182,11694625398072,True,,4.363636363636363,4.478730727072106,0.053125,-0.3,4.878048780487805,-1.097560975609756,228182,0.009484331007115543,4.363636363636363,4.478730727072106,0.053125,-0.3,0.023125,-0.27,4.878048780487805,-1.097560975609756,tracking,True,,False,False,-6.742317744966128,0.346875,-1.78,0.06907357700401917,True,-27.0,35.6,8.600000000000001,1500,1556,1673,1503,2000,2000,1000,1000,-10.0,5.0,15.0,20.0,100.0,20.0,100.0,0.03,0.25,3,1.0,1.0,60.0,1660,67.0
722,332506806864609,14.440018158988096,commit_complete,228182,11694625398072,True,,4.363636363636363,4.478730727072106,0.053125,-0.3,4.878048780487805,-1.097560975609756,228182,0.029486089013516903,4.363636363636363,4.478730727072106,0.053125,-0.3,0.023125,-0.27,4.878048780487805,-1.097560975609756,tracking,True,,False,False,-6.742317744966128,0.346875,-1.78,0.08907533501042053,True,-27.0,35.6,8.600000000000001,1500,1556,1673,1503,2000,2000,1000,1000,-10.0,5.0,15.0,20.0,100.0,20.0,100.0,0.03,0.25,3,1.0,1.0,60.0,1660,67.0
723,332506826837741,14.459991290990729,commit_complete,228183,11694658403833,True,,4.331443204682641,4.4471769911944845,0.053125,-0.3020833333333333,4.87641163366054,-1.104812010751216,228183,0.01597886101808399,4.331443204682641,4.4471769911944845,0.053125,-0.3020833333333333,0.023125,-0.27208333333333334,4.87641163366054,-1.104812010751216,tracking,True,,False,False,-6.706938471083226,0.346875,-1.78,0.1090484670130536,True,-27.208333333333336,35.6,8.391666666666666,1500,1556,1673,1503,2000,2000,1000,1000,-10.0,5.0,15.0,20.0,100.0,20.0,100.0,0.03,0.25,3,1.0,1.0,60.0,1660,67.0
724,332506846854637,14.480008187005296,commit_complete,228184,11694691153155,True,,4.273504273504273,4.386221331712354,0.053125,-0.3,4.878048780487805,-1.0975609756097562,228184,0.002566540031693876,4.273504273504273,4.386221331712354,0.053125,-0.3,0.023125,-0.27,4.878048780487805,-1.0975609756097562,tracking,True,,False,False,-6.643776894520713,0.346875,-1.78,0.12906536302762106,True,-27.0,35.6,8.600000000000001,1500,1555,1673,1503,2000,2000,1000,1000,-10.0,5.0,15.0,20.0,100.0,20.0,100.0,0.03,0.25,3,1.0,1.0,60.0,1660,67.0
725,332506866862796,14.500016345991753,commit_complete,228184,11694691153155,True,,4.273504273504273,4.386221331712354,0.053125,-0.3,4.878048780487805,-1.0975609756097562,228184,0.022574699018150568,4.273504273504273,4.386221331712354,0.053125,-0.3,0.023125,-0.27,4.878048780487805,-1.0975609756097562,tracking,True,,False,False,-6.643776894520713,0.346875,-1.78,0.14907352201407775,True,-27.0,35.6,8.600000000000001,1500,1555,1673,1503,2000,2000,1000,1000,-10.0,5.0,15.0,20.0,100.0,20.0,100.0,0.03,0.25,3,1.0,1.0,60.0,1660,67.0
726,332506886859818,14.520013367990032,commit_complete,228185,11694724354968,True,,4.247538677918425,4.3595708729880265,0.053125,-0.3,4.878048780487805,-1.0975609756097562,228185,0.009109154983889312,4.247538677918425,4.3595708729880265,0.053125,-0.3,0.023125,-0.27,4.878048780487805,-1.0975609756097562,tracking,True,,False,False,-6.6156950768441725,0.346875,-1.78,0.16907054401235655,True,-27.0,35.6,8.600000000000001,1500,1555,1673,1503,2000,2000,1000,1000,-10.0,5.0,15.0,20.0,100.0,20.0,100.0,0.03,0.25,3,1.0,1.0,60.0,1660,67.0
727,332506906869090,14.540022639965173,commit_complete,228185,11694724354968,True,,4.247538677918425,4.3595708729880265,0.053125,-0.3,4.878048780487805,-1.0975609756097562,228185,0.02911842695903033,4.247538677918425,4.3595708729880265,0.053125,-0.3,0.023125,-0.27,4.878048780487805,-1.0975609756097562,tracking,True,,False,False,-6.6156950768441725,0.346875,-1.78,0.18907981598749757,True,-27.0,35.6,8.600000000000001,1500,1555,1673,1503,2000,2000,1000,1000,-10.0,5.0,15.0,20.0,100.0,20.0,100.0,0.03,0.25,3,1.0,1.0,60.0,1660,67.0
728,332506926842752,14.559996301948559,commit_complete,228186,11694757185493,True,,4.162162162162162,4.270863204336796,0.0546875,-0.29791666666666666,4.879676230499169,-1.090302657752158,228186,0.015588360955007374,4.162162162162162,4.270863204336796,0.0546875,-0.29791666666666666,0.0246875,-0.2679166666666667,4.879676230499169,-1.090302657752158,tracking,True,,False,False,-6.524407628165562,0.37031250000000004,-1.78,0.20905347797088325,True,-26.791666666666668,35.6,8.808333333333334,1500,1554,1673,1503,2000,2000,1000,1000,-10.0,5.0,15.0,20.0,100.0,20.0,100.0,0.03,0.25,3,1.0,1.0,60.0,1660,67.0
729,332506946858709,14.58001225895714,commit_complete,228187,11694790187612,True,,4.162162162162162,4.270863204336796,0.0546875,-0.29791666666666666,4.879676230499169,-1.090302657752158,228187,0.0020697139552794397,4.162162162162162,4.270863204336796,0.0546875,-0.29791666666666666,0.0246875,-0.2679166666666667,4.879676230499169,-1.090302657752158,tracking,True,,False,False,-6.524407628165562,0.37031250000000004,-1.82,0.01740327599691227,True,-26.791666666666668,36.4,9.60833333333333,1500,1554,1674,1503,2000,2000,1000,1000,-10.0,5.0,15.0,20.0,100.0,20.0,100.0,0.03,0.25,3,1.0,1.0,60.0,1660,67.0
730,332506966857021,14.6000105709536,commit_complete,228187,11694790187612,True,,4.162162162162162,4.270863204336796,0.0546875,-0.29791666666666666,4.879676230499169,-1.090302657752158,228187,0.0220680259517394,4.162162162162162,4.270863204336796,0.0546875,-0.29791666666666666,0.0246875,-0.2679166666666667,4.879676230499169,-1.090302657752158,tracking,True,,False,False,-6.524407628165562,0.37031250000000004,-1.82,0.03740158799337223,True,-26.791666666666668,36.4,9.60833333333333,1500,1554,1674,1503,2000,2000,1000,1000,-10.0,5.0,15.0,20.0,100.0,20.0,100.0,0.03,0.25,3,1.0,1.0,60.0,1660,67.0
731,332506986851980,14.62000552995596,commit_complete,228188,11694823251168,True,,4.108641975308641,4.214552010726674,0.0546875,-0.29583333333333334,4.881293952363416,-1.0830370956806328,228188,0.008589529956225306,4.108641975308641,4.214552010726674,0.0546875,-0.29583333333333334,0.0246875,-0.26583333333333337,4.881293952363416,-1.0830370956806328,tracking,True,,False,False,-6.468052283885885,0.37031250000000004,-1.82,0.05739654699573293,True,-26.583333333333336,36.4,9.816666666666663,1500,1554,1674,1503,2000,2000,1000,1000,-10.0,5.0,15.0,20.0,100.0,20.0,100.0,0.03,0.25,3,1.0,1.0,60.0,1660,67.0
732,332507006842018,14.639995567966253,commit_complete,228188,11694823251168,True,,4.108641975308641,4.214552010726674,0.0546875,-0.29583333333333334,4.881293952363416,-1.0830370956806328,228188,0.02857956796651706,4.108641975308641,4.214552010726674,0.0546875,-0.29583333333333334,0.0246875,-0.26583333333333337,4.881293952363416,-1.0830370956806328,tracking,True,,False,False,-6.468052283885885,0.37031250000000004,-1.82,0.07738658500602469,True,-26.583333333333336,36.4,9.816666666666663,1500,1554,1674,1503,2000,2000,1000,1000,-10.0,5.0,15.0,20.0,100.0,20.0,100.0,0.03,0.25,3,1.0,1.0,60.0,1660,67.0
733,332507026840491,14.659994040965103,commit_complete,228189,11694856254844,True,,4.108641975308641,4.213515331219983,0.05625,-0.29375,4.882901914880143,-1.0757643281220313,228189,0.015150109014939517,4.108641975308641,4.213515331219983,0.05625,-0.29375,0.026250000000000002,-0.26375000000000004,4.882901914880143,-1.0757643281220313,tracking,True,,False,False,-6.468052283885885,0.39375000000000004,-1.82,0.09738505800487474,True,-26.375000000000004,36.4,10.024999999999995,1500,1554,1674,1503,2000,2000,1000,1000,-10.0,5.0,15.0,20.0,100.0,20.0,100.0,0.03,0.25,3,1.0,1.0,60.0,1660,67.0
734,332507046852914,14.68000646395376,commit_complete,228190,11694889318456,True,,4.0291415901172,4.129299077802208,0.05625,-0.28958333333333336,4.886088437732797,-1.0611973325700916,228190,0.0016884849756024778,4.0291415901172,4.129299077802208,0.05625,-0.28958333333333336,0.026250000000000002,-0.2595833333333334,4.886088437732797,-1.0611973325700916,tracking,True,,False,False,-6.385672834565765,0.39375000000000004,-1.82,0.11739748099353164,True,-25.95833333333334,36.4,10.44166666666666,1500,1553,1675,1503,2000,2000,1000,1000,-10.0,5.0,15.0,20.0,100.0,20.0,100.0,0.03,0.25,3,1.0,1.0,60.0,1660,67.0
735,332507066836748,14.69999029795872,commit_complete,228190,11694889318456,True,,4.0291415901172,4.129299077802208,0.05625,-0.28958333333333336,4.886088437732797,-1.0611973325700916,228190,0.021672318980563432,4.0291415901172,4.129299077802208,0.05625,-0.28958333333333336,0.026250000000000002,-0.2595833333333334,4.886088437732797,-1.0611973325700916,tracking,True,,False,False,-6.385672834565765,0.39375000000000004,-1.82,0.1373813149984926,True,-25.95833333333334,36.4,10.44166666666666,1500,1553,1675,1503,2000,2000,1000,1000,-10.0,5.0,15.0,20.0,100.0,20.0,100.0,0.03,0.25,3,1.0,1.0,60.0,1660,67.0
736,332507086853887,14.720007436990272,commit_complete,228191,11694922344149,True,,3.978992894655545,4.075632988375827,0.0578125,-0.28541666666666665,4.8892355521291435,-1.0466019853776447,228191,0.0082367830327712,3.978992894655545,4.075632988375827,0.0578125,-0.28541666666666665,0.027812500000000004,-0.2554166666666666,4.8892355521291435,-1.0466019853776447,tracking,True,,False,False,-6.334574529998404,0.41718750000000004,-1.82,0.15739845403004438,True,-25.541666666666664,36.4,10.858333333333334,1500,1553,1675,1503,2000,2000,1000,1000,-10.0,5.0,15.0,20.0,100.0,20.0,100.0,0.03,0.25,3,1.0,1.0,60.0,1660,67.0
737,332507106846456,14.740000005986076,commit_complete,228191,11694922344149,True,,3.978992894655545,4.075632988375827,0.0578125,-0.28541666666666665,4.8892355521291435,-1.0466019853776447,228191,0.028229352028574795,3.978992894655545,4.075632988375827,0.0578125,-0.28541666666666665,0.027812500000000004,-0.2554166666666666,4.8892355521291435,-1.0466019853776447,tracking,True,,False,False,-6.334574529998404,0.41718750000000004,-1.82,0.17739102302584797,True,-25.541666666666664,36.4,10.858333333333334,1500,1553,1675,1503,2000,2000,1000,1000,-10.0,5.0,15.0,20.0,100.0,20.0,100.0,0.03,0.25,3,1.0,1.0,60.0,1660,67.0
738,332507126852560,14.760006109951064,commit_complete,228192,11694955750934,True,,3.978992894655545,4.0730525248678076,0.0578125,-0.28125,4.892343013333407,-1.0319786043750154,228192,0.014706630958244205,3.978992894655545,4.0730525248678076,0.0578125,-0.28125,0.027812500000000004,-0.25125,4.892343013333407,-1.0319786043750154,tracking,True,,False,False,-6.334574529998404,0.41718750000000004,-1.82,0.1973971269908361,True,-25.124999999999996,36.4,11.275000000000002,1500,1553,1675,1503,2000,2000,1000,1000,-10.0,5.0,15.0,20.0,100.0,20.0,100.0,0.03,0.25,3,1.0,1.0,60.0,1660,67.0
739,332507146858563,14.780012112983968,commit_complete,228193,11694988642056,True,,3.9076693968726732,3.9987892846775006,0.0578125,-0.2791666666666667,4.893881798120167,-1.02465650148141,228193,0.0013132150052115321,3.9076693968726732,3.9987892846775006,0.0578125,-0.2791666666666667,0.027812500000000004,-0.24916666666666668,4.893881798120167,-1.02465650148141,tracking,True,,False,False,-6.263122394913136,0.41718750000000004,-1.85,0.008315815008245409,True,-24.916666666666668,37.0,12.083333333333332,1500,1552,1676,1503,2000,2000,1000,1000,-10.0,5.0,15.0,20.0,100.0,20.0,100.0,0.03,0.25,3,1.0,1.0,60.0,1660,67.0
740,332507166843722,14.799997271969914,commit_complete,228193,11694988642056,True,,3.9076693968726732,3.9987892846775006,0.0578125,-0.2791666666666667,4.893881798120167,-1.02465650148141,228193,0.02129837399115786,3.9076693968726732,3.9987892846775006,0.0578125,-0.2791666666666667,0.027812500000000004,-0.24916666666666668,4.893881798120167,-1.02465650148141,tracking,True,,False,False,-6.263122394913136,0.41718750000000004,-1.85,0.028300973994191736,True,-24.916666666666668,37.0,12.083333333333332,1500,1552,1676,1503,2000,2000,1000,1000,-10.0,5.0,15.0,20.0,100.0,20.0,100.0,0.03,0.25,3,1.0,1.0,60.0,1660,67.0
741,332507186849181,14.82000273099402,commit_complete,228194,11695023163859,True,,3.857661583151779,3.944300722775773,0.059375,-0.27291666666666664,4.898438008479784,-1.0026490298607056,228194,0.0078101049875840545,3.857661583151779,3.944300722775773,0.059375,-0.27291666666666664,0.029375,-0.24291666666666664,4.898438008479784,-1.0026490298607056,tracking,True,,False,False,-6.21391913802143,0.440625,-1.85,0.04830643301829696,True,-24.291666666666664,37.0,12.708333333333336,1500,1552,1677,1503,2000,2000,1000,1000,-10.0,5.0,15.0,20.0,100.0,20.0,100.0,0.03,0.25,3,1.0,1.0,60.0,1660,67.0
742,332507206861143,14.840014692978002,commit_complete,228194,11695023163859,True,,3.857661583151779,3.944300722775773,0.059375,-0.27291666666666664,4.898438008479784,-1.0026490298607056,228194,0.027822066971566528,3.857661583151779,3.944300722775773,0.059375,-0.27291666666666664,0.029375,-0.24291666666666664,4.898438008479784,-1.0026490298607056,tracking,True,,False,False,-6.21391913802143,0.440625,-1.85,0.06831839500227943,True,-24.291666666666664,37.0,12.708333333333336,1500,1552,1677,1503,2000,2000,1000,1000,-10.0,5.0,15.0,20.0,100.0,20.0,100.0,0.03,0.25,3,1.0,1.0,60.0,1660,67.0
743,332507226843222,14.859996771963779,commit_complete,228195,11695057795454,True,,3.835773758254378,3.920382308966756,0.0578125,-0.2708333333333333,4.8999365979102665,-0.9952996214505231,228195,0.01431506295921281,3.835773758254378,3.920382308966756,0.0578125,-0.2708333333333333,0.027812500000000004,-0.24083333333333332,4.8999365979102665,-0.9952996214505231,tracking,True,,False,False,-6.192623749256888,0.41718750000000004,-1.85,0.08830047398805618,True,-24.083333333333332,37.0,12.916666666666668,1500,1552,1677,1503,2000,2000,1000,1000,-10.0,5.0,15.0,20.0,100.0,20.0,100.0,0.03,0.25,3,1.0,1.0,60.0,1660,67.0
744,332507246836439,14.879989988985471,commit_complete,228196,11695089401457,True,,3.790299971965237,3.8730724199516557,0.059375,-0.26875,4.901425064354987,-0.9879434895340519,228196,0.0009117840090766549,3.790299971965237,3.8730724199516557,0.059375,-0.26875,0.029375,-0.23875,4.901425064354987,-0.9879434895340519,tracking,True,,False,False,-6.148861328483517,0.440625,-1.85,0.10829369100974873,True,-23.875,37.0,13.125,1500,1551,1677,1503,2000,2000,1000,1000,-10.0,5.0,15.0,20.0,100.0,20.0,100.0,0.03,0.25,3,1.0,1.0,60.0,1660,67.0
745,332507266858155,14.900011705001816,commit_complete,228196,11695089401457,True,,3.790299971965237,3.8730724199516557,0.059375,-0.26875,4.901425064354987,-0.9879434895340519,228196,0.02093350002542138,3.790299971965237,3.8730724199516557,0.059375,-0.26875,0.029375,-0.23875,4.901425064354987,-0.9879434895340519,tracking,True,,False,False,-6.148861328483517,0.440625,-1.85,0.12831540702609345,True,-23.875,37.0,13.125,1500,1551,1677,1503,2000,2000,1000,1000,-10.0,5.0,15.0,20.0,100.0,20.0,100.0,0.03,0.25,3,1.0,1.0,60.0,1660,67.0
746,332507286854592,14.920008141954895,commit_complete,228197,11695123206764,True,,3.7458926615553123,3.826889777339404,0.0609375,-0.26666666666666666,4.902903378454601,-0.9805806756909201,228197,0.00751757895341143,3.7458926615553123,3.826889777339404,0.0609375,-0.26666666666666666,0.0309375,-0.23666666666666666,4.902903378454601,-0.9805806756909201,tracking,True,,False,False,-6.106766869750196,0.4640625,-1.85,0.1483118439791724,True,-23.666666666666668,37.0,13.333333333333332,1500,1551,1677,1503,2000,2000,1000,1000,-10.0,5.0,15.0,20.0,100.0,20.0,100.0,0.03,0.25,3,1.0,1.0,60.0,1660,67.0
747,332507306875082,14.940028632001486,commit_complete,228197,11695123206764,True,,3.7458926615553123,3.826889777339404,0.0609375,-0.26666666666666666,4.902903378454601,-0.9805806756909201,228197,0.027538069000001997,3.7458926615553123,3.826889777339404,0.0609375,-0.26666666666666666,0.0309375,-0.23666666666666666,4.902903378454601,-0.9805806756909201,tracking,True,,False,False,-6.106766869750196,0.4640625,-1.85,0.16833233402576298,True,-23.666666666666668,37.0,13.333333333333332,1500,1551,1677,1503,2000,2000,1000,1000,-10.0,5.0,15.0,20.0,100.0,20.0,100.0,0.03,0.25,3,1.0,1.0,60.0,1660,67.0
748,332507326852764,14.960006313980557,commit_complete,228198,11695154863542,True,,3.7025147137506687,3.7811048148768007,0.059375,-0.26458333333333334,4.904371511002099,-0.973211221714479,228198,0.01401952002197504,3.7025147137506687,3.7811048148768007,0.059375,-0.26458333333333334,0.029375,-0.23458333333333334,4.904371511002099,-0.973211221714479,tracking,True,,False,False,-6.066277477359652,0.440625,-1.84,0.018841669021639973,True,-23.458333333333332,36.800000000000004,13.341666666666672,1500,1551,1677,1503,2000,2000,1000,1000,-10.0,5.0,15.0,20.0,100.0,20.0,100.0,0.03,0.25,3,1.0,1.0,60.0,1660,67.0
749,332507346833334,14.979986883990932,commit_complete,228199,11695188051603,True,,3.6601307189542482,3.737051080251751,0.0609375,-0.2625,4.905829432944307,-0.9658351696109105,228199,0.0005399470101110637,3.6601307189542482,3.737051080251751,0.0609375,-0.2625,0.0309375,-0.2325,4.905829432944307,-0.9658351696109105,tracking,True,,False,False,-6.027332122597082,0.4640625,-1.84,0.038822239032015204,True,-23.25,36.800000000000004,13.550000000000004,1500,1550,1677,1503,2000,2000,1000,1000,-10.0,5.0,15.0,20.0,100.0,20.0,100.0,0.03,0.25,3,1.0,1.0,60.0,1660,67.0
750,332507366870970,15.00002451997716,commit_complete,228199,11695188051603,True,,3.6601307189542482,3.737051080251751,0.0609375,-0.2625,4.905829432944307,-0.9658351696109105,228199,0.020577582996338606,3.6601307189542482,3.737051080251751,0.0609375,-0.2625,0.0309375,-0.2325,4.905829432944307,-0.9658351696109105,tracking,True,,False,False,-6.027332122597082,0.4640625,-1.84,0.05885987501824275,True,-23.25,36.800000000000004,13.550000000000004,1500,1550,1677,1503,2000,2000,1000,1000,-10.0,5.0,15.0,20.0,100.0,20.0,100.0,0.03,0.25,3,1.0,1.0,60.0,1660,67.0
751,332507386853012,15.020006562001072,commit_complete,228200,11695220805670,True,,3.6187068745208277,3.696192783113222,0.0625,-0.26458333333333334,4.9043715110021,-0.9732112217144789,228200,0.007134211016818881,3.6187068745208277,3.696192783113222,0.0625,-0.26458333333333334,0.0325,-0.23458333333333334,4.9043715110021,-0.9732112217144789,tracking,True,,False,False,-5.989871674575062,0.48750000000000004,-1.84,0.07884191704215482,True,-23.458333333333332,36.800000000000004,13.341666666666672,1500,1550,1677,1504,2000,2000,1000,1000,-10.0,5.0,15.0,20.0,100.0,20.0,100.0,0.03,0.25,3,1.0,1.0,60.0,1660,67.0
752,332507406865293,15.040018842963036,commit_complete,228200,11695220805670,True,,3.6187068745208277,3.696192783113222,0.0625,-0.26458333333333334,4.9043715110021,-0.9732112217144789,228200,0.02714649197878316,3.6187068745208277,3.696192783113222,0.0625,-0.26458333333333334,0.0325,-0.23458333333333334,4.9043715110021,-0.9732112217144789,tracking,True,,False,False,-5.989871674575062,0.48750000000000004,-1.84,0.0988541980041191,True,-23.458333333333332,36.800000000000004,13.341666666666672,1500,1550,1677,1504,2000,2000,1000,1000,-10.0,5.0,15.0,20.0,100.0,20.0,100.0,0.03,0.25,3,1.0,1.0,60.0,1660,67.0
753,332507426830759,15.05998430895852,commit_complete,228201,11695253007186,True,,3.578210894552724,3.6537475985178145,0.0625,-0.2625,4.905829432944308,-0.9658351696109104,228201,0.013651922985445708,3.578210894552724,3.6537475985178145,0.0625,-0.2625,0.0325,-0.2325,4.905829432944308,-0.9658351696109104,tracking,True,,False,False,-5.953838914886676,0.48750000000000004,-1.84,0.1188196639996022,True,-23.25,36.800000000000004,13.550000000000004,1500,1550,1677,1504,2000,2000,1000,1000,-10.0,5.0,15.0,20.0,100.0,20.0,100.0,0.03,0.25,3,1.0,1.0,60.0,1660,67.0
754,332507446831190,15.079984740004875,commit_complete,228202,11695285878412,True,,3.5386119257087,3.6143827935150976,0.0625,-0.26458333333333334,4.904371511002099,-0.9732112217144789,228202,0.00023180805146694183,3.5386119257087,3.6143827935150976,0.0625,-0.26458333333333334,0.0325,-0.23458333333333334,4.904371511002099,-0.9732112217144789,tracking,True,,False,False,-5.9191785387041085,0.48750000000000004,-1.84,0.13882009504595771,True,-23.458333333333332,36.800000000000004,13.341666666666672,1500,1549,1677,1504,2000,2000,1000,1000,-10.0,5.0,15.0,20.0,100.0,20.0,100.0,0.03,0.25,3,1.0,1.0,60.0,1660,67.0
755,332507466860465,15.100014014984481,commit_complete,228202,11695285878412,True,,3.5386119257087,3.6143827935150976,0.0625,-0.26458333333333334,4.904371511002099,-0.9732112217144789,228202,0.020261083031073213,3.5386119257087,3.6143827935150976,0.0625,-0.26458333333333334,0.0325,-0.23458333333333334,4.904371511002099,-0.9732112217144789,tracking,True,,False,False,-5.9191785387041085,0.48750000000000004,-1.84,0.15884937002556399,True,-23.458333333333332,36.800000000000004,13.341666666666672,1500,1549,1677,1504,2000,2000,1000,1000,-10.0,5.0,15.0,20.0,100.0,20.0,100.0,0.03,0.25,3,1.0,1.0,60.0,1660,67.0
756,332507486859707,15.12001325696474,commit_complete,228203,11695318680077,True,,3.4799054373522456,3.555816355620508,0.0640625,-0.26666666666666666,4.9029033784546,-0.9805806756909201,228203,0.006753424997441471,3.4799054373522456,3.555816355620508,0.0640625,-0.26666666666666666,0.034062499999999996,-0.23666666666666666,4.9029033784546,-0.9805806756909201,tracking,True,,False,False,-5.868861476993683,0.5109374999999999,-1.84,0.17884861200582236,True,-23.666666666666668,36.800000000000004,13.133333333333336,1500,1549,1677,1504,2000,2000,1000,1000,-10.0,5.0,15.0,20.0,100.0,20.0,100.0,0.03,0.25,3,1.0,1.0,60.0,1660,67.0
757,332507506856145,15.140009694965556,commit_complete,228203,11695318680077,True,,3.4799054373522456,3.555816355620508,0.0640625,-0.26666666666666666,4.9029033784546,-0.9805806756909201,228203,0.026749862998258322,3.4799054373522456,3.555816355620508,0.0640625,-0.26666666666666666,0.034062499999999996,-0.23666666666666666,4.9029033784546,-0.9805806756909201,tracking,True,,False,False,-5.868861476993683,0.5109374999999999,-1.84,0.1988450500066392,True,-23.666666666666668,36.800000000000004,13.133333333333336,1500,1549,1677,1504,2000,2000,1000,1000,-10.0,5.0,15.0,20.0,100.0,20.0,100.0,0.03,0.25,3,1.0,1.0,60.0,1660,67.0
758,332507526841481,15.159995030961,commit_complete,228204,11695351613761,True,,3.461988304093567,3.5385711280199663,0.0640625,-0.26875,4.901425064354986,-0.9879434895340519,228204,0.013345421000849456,3.461988304093567,3.5385711280199663,0.0640625,-0.26875,0.034062499999999996,-0.23875,4.901425064354986,-0.9879434895340519,tracking,True,,False,False,-5.853763215023182,0.5109374999999999,-1.84,0.21883038600208238,True,-23.875,36.800000000000004,12.925000000000004,1500,1549,1676,1504,2000,2000,1000,1000,-10.0,5.0,15.0,20.0,100.0,20.0,100.0,0.03,0.25,3,1.0,1.0,60.0,1660,67.0
759,332507546861599,15.180015149002429,commit_complete,228204,11695351613761,True,,3.461988304093567,3.5385711280199663,0.0640625,-0.26875,4.901425064354986,-0.9879434895340519,228204,0.033365539042279124,3.461988304093567,3.5385711280199663,0.0640625,-0.26875,0.034062499999999996,-0.23875,4.901425064354986,-0.9879434895340519,tracking,True,,False,False,-5.853763215023182,0.5109374999999999,-1.81,0.018418110033962876,True,-23.875,36.2,12.325000000000003,1500,1549,1676,1504,2000,2000,1000,1000,-10.0,5.0,15.0,20.0,100.0,20.0,100.0,0.03,0.25,3,1.0,1.0,60.0,1660,67.0
760,332507566870288,15.200023837969638,commit_complete,228205,11695384655164,True,,3.424908424908425,3.499959215830507,0.065625,-0.26666666666666666,4.9029033784546,-0.9805806756909202,228205,0.01980473700677976,3.424908424908425,3.499959215830507,0.065625,-0.26666666666666666,0.035625000000000004,-0.23666666666666666,4.9029033784546,-0.9805806756909202,tracking,True,,False,False,-5.8229070891894725,0.534375,-1.81,0.038426799001172185,True,-23.666666666666668,36.2,12.533333333333335,1500,1549,1676,1504,2000,2000,1000,1000,-10.0,5.0,15.0,20.0,100.0,20.0,100.0,0.03,0.25,3,1.0,1.0,60.0,1660,67.0
761,332507586851615,15.220005164970644,commit_complete,228206,11695417595386,True,,3.3699146436093557,3.444794729891799,0.065625,-0.26875,4.901425064354986,-0.9879434895340519,228206,0.006424734019674361,3.3699146436093557,3.444794729891799,0.065625,-0.26875,0.035625000000000004,-0.23875,4.901425064354986,-0.9879434895340519,tracking,True,,False,False,-5.7781264732760595,0.534375,-1.81,0.058408126002177596,True,-23.875,36.2,12.325000000000003,1500,1548,1676,1504,2000,2000,1000,1000,-10.0,5.0,15.0,20.0,100.0,20.0,100.0,0.03,0.25,3,1.0,1.0,60.0,1660,67.0
762,332507606832366,15.239985915948637,commit_complete,228206,11695417595386,True,,3.3699146436093557,3.444794729891799,0.065625,-0.26875,4.901425064354986,-0.9879434895340519,228206,0.026405484997667372,3.3699146436093557,3.444794729891799,0.065625,-0.26875,0.035625000000000004,-0.23875,4.901425064354986,-0.9879434895340519,tracking,True,,False,False,-5.7781264732760595,0.534375,-1.81,0.07838887698017061,True,-23.875,36.2,12.325000000000003,1500,1548,1676,1504,2000,2000,1000,1000,-10.0,5.0,15.0,20.0,100.0,20.0,100.0,0.03,0.25,3,1.0,1.0,60.0,1660,67.0
763,332507626826596,15.259980145958252,commit_complete,228207,11695450889732,True,,3.3347807207989577,3.4088801252393632,0.065625,-0.26875,4.901425064354986,-0.9879434895340521,228207,0.012949240976013243,3.3347807207989577,3.4088801252393632,0.065625,-0.26875,0.035625000000000004,-0.23875,4.901425064354986,-0.9879434895340521,tracking,True,,False,False,-5.75014175949158,0.534375,-1.81,0.09838310698978603,True,-23.875,36.2,12.325000000000003,1500,1548,1676,1504,2000,2000,1000,1000,-10.0,5.0,15.0,20.0,100.0,20.0,100.0,0.03,0.25,3,1.0,1.0,60.0,1660,67.0
764,332507646862377,15.280015926982742,commit_complete,228207,11695450889732,True,,3.3347807207989577,3.4088801252393632,0.065625,-0.26875,4.901425064354986,-0.9879434895340521,228207,0.032985022000502795,3.3347807207989577,3.4088801252393632,0.065625,-0.26875,0.035625000000000004,-0.23875,4.901425064354986,-0.9879434895340521,tracking,True,,False,False,-5.75014175949158,0.534375,-1.81,0.11841888801427558,True,-23.875,36.2,12.325000000000003,1500,1548,1676,1504,2000,2000,1000,1000,-10.0,5.0,15.0,20.0,100.0,20.0,100.0,0.03,0.25,3,1.0,1.0,60.0,1660,67.0
765,332507666877552,15.300031101971399,commit_complete,228208,11695483808116,True,,3.282828282828283,3.3550989443358348,0.0671875,-0.26666666666666666,4.902903378454601,-0.9805806756909201,228208,0.01953932998003438,3.282828282828283,3.3550989443358348,0.0671875,-0.26666666666666666,0.0371875,-0.23666666666666666,4.902903378454601,-0.9805806756909201,tracking,True,,False,False,-5.709667687598749,0.5578124999999999,-1.81,0.13843406300293282,True,-23.666666666666668,36.2,12.533333333333335,1500,1548,1676,1504,2000,2000,1000,1000,-10.0,5.0,15.0,20.0,100.0,20.0,100.0,0.03,0.25,3,1.0,1.0,60.0,1660,67.0
766,332507686838645,15.31999219499994,commit_complete,228209,11695517246590,True,,3.2508250825082508,3.321400936457534,0.0671875,-0.26458333333333334,4.904371511002099,-0.973211221714479,228209,0.006060212035663426,3.2508250825082508,3.321400936457534,0.0671875,-0.26458333333333334,0.0371875,-0.23458333333333334,4.904371511002099,-0.973211221714479,tracking,True,,False,False,-5.685280779754327,0.5578124999999999,-1.73,0.007147836033254862,True,-23.458333333333332,34.6,11.14166666666667,1500,1547,1674,1504,2000,2000,1000,1000,-10.0,5.0,15.0,20.0,100.0,20.0,100.0,0.03,0.25,3,1.0,1.0,60.0,1660,67.0
767,332507706852044,15.340005593956448,commit_complete,228209,11695517246590,True,,3.2508250825082508,3.321400936457534,0.0671875,-0.26458333333333334,4.904371511002099,-0.973211221714479,228209,0.02607361099217087,3.2508250825082508,3.321400936457534,0.0671875,-0.26458333333333334,0.0371875,-0.23458333333333334,4.904371511002099,-0.973211221714479,tracking,True,,False,False,-5.685280779754327,0.5578124999999999,-1.73,0.027161234989762306,True,-23.458333333333332,34.6,11.14166666666667,1500,1547,1674,1504,2000,2000,1000,1000,-10.0,5.0,15.0,20.0,100.0,20.0,100.0,0.03,0.25,3,1.0,1.0,60.0,1660,67.0
768,332507726845719,15.359999268956017,commit_complete,228210,11695549751428,True,,3.2181119870628665,3.2883121233671213,0.06875,-0.26458333333333334,4.904371511002099,-0.973211221714479,228210,0.012674453959334642,3.2181119870628665,3.2883121233671213,0.06875,-0.26458333333333334,0.03875000000000001,-0.23458333333333334,4.904371511002099,-0.973211221714479,tracking,True,,False,False,-5.660787835332122,0.58125,-1.73,0.04715490998933092,True,-23.458333333333332,34.6,11.14166666666667,1500,1547,1674,1504,2000,2000,1000,1000,-10.0,5.0,15.0,20.0,100.0,20.0,100.0,0.03,0.25,3,1.0,1.0,60.0,1660,67.0
769,332507746866456,15.380020005977713,commit_complete,228210,11695549751428,True,,3.2181119870628665,3.2883121233671213,0.06875,-0.26458333333333334,4.904371511002099,-0.973211221714479,228210,0.032695190981030464,3.2181119870628665,3.2883121233671213,0.06875,-0.26458333333333334,0.03875000000000001,-0.23458333333333334,4.904371511002099,-0.973211221714479,tracking,True,,False,False,-5.660787835332122,0.58125,-1.73,0.06717564701102674,True,-23.458333333333332,34.6,11.14166666666667,1500,1547,1674,1504,2000,2000,1000,1000,-10.0,5.0,15.0,20.0,100.0,20.0,100.0,0.03,0.25,3,1.0,1.0,60.0,1660,67.0
770,332507766839965,15.399993514991365,commit_complete,228211,11695583938038,True,,3.1695596744140433,3.237742562584666,0.06875,-0.2625,4.905829432944308,-0.9658351696109106,228211,0.019240252033341676,3.1695596744140433,3.237742562584666,0.06875,-0.2625,0.03875000000000001,-0.2325,4.905829432944308,-0.9658351696109106,tracking,True,,False,False,-5.625254934956385,0.58125,-1.73,0.08714915602467954,True,-23.25,34.6,11.350000000000001,1500,1547,1675,1504,2000,2000,1000,1000,-10.0,5.0,15.0,20.0,100.0,20.0,100.0,0.03,0.25,3,1.0,1.0,60.0,1660,67.0
771,332507786874536,15.420028085995,commit_complete,228212,11695617323309,True,,3.123809523809524,3.190403450663338,0.0703125,-0.2604166666666667,4.907277115383399,-0.9584525615983202,228212,0.005773971031885594,3.123809523809524,3.190403450663338,0.0703125,-0.2604166666666667,0.0403125,-0.2304166666666667,4.907277115383399,-0.9584525615983202,tracking,True,,False,False,-5.592678397844956,0.6046875,-1.73,0.10718372702831402,True,-23.041666666666668,34.6,11.558333333333334,1500,1547,1675,1505,2000,2000,1000,1000,-10.0,5.0,15.0,20.0,100.0,20.0,100.0,0.03,0.25,3,1.0,1.0,60.0,1660,67.0
772,332507806837632,15.439991181949154,commit_complete,228212,11695617323309,True,,3.123809523809524,3.190403450663338,0.0703125,-0.2604166666666667,4.907277115383399,-0.9584525615983202,228212,0.02573706698603928,3.123809523809524,3.190403450663338,0.0703125,-0.2604166666666667,0.0403125,-0.2304166666666667,4.907277115383399,-0.9584525615983202,tracking,True,,False,False,-5.592678397844956,0.6046875,-1.73,0.1271468229824677,True,-23.041666666666668,34.6,11.558333333333334,1500,1547,1675,1505,2000,2000,1000,1000,-10.0,5.0,15.0,20.0,100.0,20.0,100.0,0.03,0.25,3,1.0,1.0,60.0,1660,67.0
773,332507826847251,15.460000800958369,commit_complete,228213,11695648939275,True,,3.0780614132445434,3.143680073743145,0.0703125,-0.2604166666666667,4.907277115383399,-0.9584525615983203,228213,0.012322205991949886,3.0780614132445434,3.143680073743145,0.0703125,-0.2604166666666667,0.0403125,-0.2304166666666667,4.907277115383399,-0.9584525615983203,tracking,True,,False,False,-5.560991679541505,0.6046875,-1.73,0.1471564419916831,True,-23.041666666666668,34.6,11.558333333333334,1500,1546,1675,1505,2000,2000,1000,1000,-10.0,5.0,15.0,20.0,100.0,20.0,100.0,0.03,0.25,3,1.0,1.0,60.0,1660,67.0
774,332507846858394,15.480011943960562,commit_complete,228213,11695648939275,True,,3.0780614132445434,3.143680073743145,0.0703125,-0.2604166666666667,4.907277115383399,-0.9584525615983203,228213,0.03233334899414331,3.0780614132445434,3.143680073743145,0.0703125,-0.2604166666666667,0.0403125,-0.2304166666666667,4.907277115383399,-0.9584525615983203,tracking,True,,False,False,-5.560991679541505,0.6046875,-1.59,0.015884539985563606,True,-23.041666666666668,31.8,8.758333333333333,1500,1546,1672,1505,2000,2000,1000,1000,-10.0,5.0,15.0,20.0,100.0,20.0,100.0,0.03,0.25,3,1.0,1.0,60.0,1660,67.0
775,332507866881462,15.500035011966247,commit_complete,228214,11695683466235,True,,3.0487251610561654,3.1131426355902536,0.071875,-0.25833333333333336,4.9087145295784005,-0.951063440105815,228214,0.01888276799581945,3.0487251610561654,3.1131426355902536,0.071875,-0.25833333333333336,0.041874999999999996,-0.22833333333333336,4.9087145295784005,-0.951063440105815,tracking,True,,False,False,-5.541143894195688,0.6281249999999999,-1.59,0.03590760799124837,True,-22.833333333333336,31.8,8.966666666666665,1500,1546,1672,1505,2000,2000,1000,1000,-10.0,5.0,15.0,20.0,100.0,20.0,100.0,0.03,0.25,3,1.0,1.0,60.0,1660,67.0
776,332507886856009,15.520009558997117,commit_complete,228215,11695716527755,True,,2.9916994320664045,3.05613487937956,0.0734375,-0.2604166666666667,4.907277115383399,-0.9584525615983202,228215,0.00543581903912127,2.9916994320664045,3.05613487937956,0.0734375,-0.2604166666666667,0.043437500000000004,-0.2304166666666667,4.907277115383399,-0.9584525615983202,tracking,True,,False,False,-5.503625567802808,0.6515625,-1.59,0.05588215502211824,True,-23.041666666666668,31.8,8.758333333333333,1500,1546,1672,1505,2000,2000,1000,1000,-10.0,5.0,15.0,20.0,100.0,20.0,100.0,0.03,0.25,3,1.0,1.0,60.0,1660,67.0
777,332507906859677,15.540013226971496,commit_complete,228215,11695716527755,True,,2.9916994320664045,3.05613487937956,0.0734375,-0.2604166666666667,4.907277115383399,-0.9584525615983202,228215,0.025439487013500184,2.9916994320664045,3.05613487937956,0.0734375,-0.2604166666666667,0.043437500000000004,-0.2304166666666667,4.907277115383399,-0.9584525615983202,tracking,True,,False,False,-5.503625567802808,0.6515625,-1.59,0.07588582299649715,True,-23.041666666666668,31.8,8.758333333333333,1500,1546,1672,1505,2000,2000,1000,1000,-10.0,5.0,15.0,20.0,100.0,20.0,100.0,0.03,0.25,3,1.0,1.0,60.0,1660,67.0
778,332507926850928,15.560004477971233,commit_complete,228216,11695748755161,True,,2.9639794168096056,3.0290430620070987,0.075,-0.2625,4.905829432944308,-0.9658351696109106,228216,0.011962437012698501,2.9639794168096056,3.0290430620070987,0.075,-0.2625,0.045,-0.2325,4.905829432944308,-0.9658351696109106,tracking,True,,False,False,-5.485898411057599,0.6749999999999999,-1.59,0.09587707399623469,True,-23.25,31.8,8.55,1500,1546,1672,1505,2000,2000,1000,1000,-10.0,5.0,15.0,20.0,100.0,20.0,100.0,0.03,0.25,3,1.0,1.0,60.0,1660,67.0
779,332507946862373,15.580015922954772,commit_complete,228216,11695748755161,True,,2.9639794168096056,3.0290430620070987,0.075,-0.2625,4.905829432944308,-0.9658351696109106,228216,0.03197388199623674,2.9639794168096056,3.0290430620070987,0.075,-0.2625,0.045,-0.2325,4.905829432944308,-0.9658351696109106,tracking,True,,False,False,-5.485898411057599,0.6749999999999999,-1.59,0.11588851897977293,True,-23.25,31.8,8.55,1500,1546,1672,1505,2000,2000,1000,1000,-10.0,5.0,15.0,20.0,100.0,20.0,100.0,0.03,0.25,3,1.0,1.0,60.0,1660,67.0
780,332507966860156,15.60001370596001,commit_complete,228217,11695781275027,True,,2.9367685442451794,3.0024623918339843,0.0765625,-0.26458333333333334,4.904371511002099,-0.9732112217144789,228217,0.01852507295552641,2.9367685442451794,3.0024623918339843,0.0765625,-0.26458333333333334,0.04656250000000001,-0.23458333333333334,4.904371511002099,-0.9732112217144789,tracking,True,,False,False,-5.468823431247392,0.6984375,-1.59,0.1358863019850105,True,-23.458333333333332,31.8,8.341666666666669,1500,1546,1671,1505,2000,2000,1000,1000,-10.0,5.0,15.0,20.0,100.0,20.0,100.0,0.03,0.25,3,1.0,1.0,60.0,1660,67.0
781,332507986852597,15.620006146957166,commit_complete,228218,11695813699162,True,,2.858054226475279,2.9237339573570686,0.0765625,-0.26875,4.901425064354986,-0.987943489534052,228218,0.005023895995691419,2.858054226475279,2.9237339573570686,0.0765625,-0.26875,0.04656250000000001,-0.23875,4.901425064354986,-0.987943489534052,tracking,True,,False,False,-5.421261723239745,0.6984375,-1.59,0.15587874298216775,True,-23.875,31.8,7.925000000000001,1500,1545,1671,1505,2000,2000,1000,1000,-10.0,5.0,15.0,20.0,100.0,20.0,100.0,0.03,0.25,3,1.0,1.0,60.0,1660,67.0
782,332508006855624,15.640009173948783,commit_complete,228218,11695813699162,True,,2.858054226475279,2.9237339573570686,0.0765625,-0.26875,4.901425064354986,-0.987943489534052,228218,0.025026922987308353,2.858054226475279,2.9237339573570686,0.0765625,-0.26875,0.04656250000000001,-0.23875,4.901425064354986,-0.987943489534052,tracking,True,,False,False,-5.421261723239745,0.6984375,-1.59,0.17588176997378469,True,-23.875,31.8,7.925000000000001,1500,1545,1671,1505,2000,2000,1000,1000,-10.0,5.0,15.0,20.0,100.0,20.0,100.0,0.03,0.25,3,1.0,1.0,60.0,1660,67.0
783,332508026850430,15.660003979981411,commit_complete,228219,11695846956049,True,,2.8327457892675283,2.8999355445799444,0.078125,-0.27291666666666664,4.898438008479784,-1.0026490298607056,228219,0.01161361503181979,2.8327457892675283,2.8999355445799444,0.078125,-0.27291666666666664,0.048125,-0.24291666666666664,4.898438008479784,-1.0026490298607056,tracking,True,,False,False,-5.406550672828501,0.721875,-1.59,0.1958765760064125,True,-24.291666666666664,31.8,7.508333333333336,1500,1545,1670,1505,2000,2000,1000,1000,-10.0,5.0,15.0,20.0,100.0,20.0,100.0,0.03,0.25,3,1.0,1.0,60.0,1660,67.0
784,332508046854917,15.680008466995787,commit_complete,228219,11695846956049,True,,2.8327457892675283,2.8999355445799444,0.078125,-0.27291666666666664,4.898438008479784,-1.0026490298607056,228219,0.03161810204619542,2.8327457892675283,2.8999355445799444,0.078125,-0.27291666666666664,0.048125,-0.24291666666666664,4.898438008479784,-1.0026490298607056,tracking,True,,False,False,-5.406550672828501,0.721875,-1.35,0.004488089005462825,True,-24.291666666666664,27.0,2.7083333333333357,1500,1545,1666,1505,2000,2000,1000,1000,-10.0,5.0,15.0,20.0,100.0,20.0,100.0,0.03,0.25,3,1.0,1.0,60.0,1660,67.0
785,332508066841354,15.699994903989136,commit_complete,228220,11695880089426,True,,2.7834505710611905,2.851558009150404,0.0796875,-0.27708333333333335,4.895410578851409,-1.0173275109175584,228220,0.01811776199610904,2.7834505710611905,2.851558009150404,0.0796875,-0.27708333333333335,0.049687499999999996,-0.24708333333333335,4.895410578851409,-1.0173275109175584,tracking,True,,False,False,-5.378711975659796,0.7453124999999999,-1.35,0.02447452599881217,True,-24.708333333333336,27.0,2.2916666666666643,1500,1545,1665,1506,2000,2000,1000,1000,-10.0,5.0,15.0,20.0,100.0,20.0,100.0,0.03,0.25,3,1.0,1.0,60.0,1660,67.0
786,332508086832428,15.719985977979377,commit_complete,228221,11695913503341,True,,2.748046587055875,2.8164990132098002,0.08125,-0.2791666666666667,4.893881798120167,-1.02465650148141,228221,0.004675219010096043,2.748046587055875,2.8164990132098002,0.08125,-0.2791666666666667,0.051250000000000004,-0.24916666666666668,4.893881798120167,-1.02465650148141,tracking,True,,False,False,-5.359384190728818,0.76875,-1.35,0.04446559998905286,True,-24.916666666666668,27.0,2.083333333333332,1500,1545,1665,1506,2000,2000,1000,1000,-10.0,5.0,15.0,20.0,100.0,20.0,100.0,0.03,0.25,3,1.0,1.0,60.0,1660,67.0
787,332508106860585,15.74001413496444,commit_complete,228221,11695913503341,True,,2.748046587055875,2.8164990132098002,0.08125,-0.2791666666666667,4.893881798120167,-1.02465650148141,228221,0.02470337599515915,2.748046587055875,2.8164990132098002,0.08125,-0.2791666666666667,0.051250000000000004,-0.24916666666666668,4.893881798120167,-1.02465650148141,tracking,True,,False,False,-5.359384190728818,0.76875,-1.35,0.06449375697411597,True,-24.916666666666668,27.0,2.083333333333332,1500,1545,1665,1506,2000,2000,1000,1000,-10.0,5.0,15.0,20.0,100.0,20.0,100.0,0.03,0.25,3,1.0,1.0,60.0,1660,67.0
788,332508126833085,15.759986635006499,commit_complete,228222,11695946732142,True,,2.6898354171081444,2.758567282177313,0.08125,-0.2833333333333333,4.890794254589286,-1.0392937791002235,228222,0.011234370002057403,2.6898354171081444,2.758567282177313,0.08125,-0.2833333333333333,0.051250000000000004,-0.2533333333333333,4.890794254589286,-1.0392937791002235,tracking,True,,False,False,-5.3288178415148035,0.76875,-1.35,0.0844662570161745,True,-25.33333333333333,27.0,1.6666666666666714,1500,1544,1665,1506,2000,2000,1000,1000,-10.0,5.0,15.0,20.0,100.0,20.0,100.0,0.03,0.25,3,1.0,1.0,60.0,1660,67.0
789,332508146854612,15.78000816196436,commit_complete,228222,11695946732142,True,,2.6898354171081444,2.758567282177313,0.08125,-0.2833333333333333,4.890794254589286,-1.0392937791002235,228222,0.03125589695991948,2.6898354171081444,2.758567282177313,0.08125,-0.2833333333333333,0.051250000000000004,-0.2533333333333333,4.890794254589286,-1.0392937791002235,tracking,True,,False,False,-5.3288178415148035,0.76875,-1.35,0.10448778397403657,True,-25.33333333333333,27.0,1.6666666666666714,1500,1544,1665,1506,2000,2000,1000,1000,-10.0,5.0,15.0,20.0,100.0,20.0,100.0,0.03,0.25,3,1.0,1.0,60.0,1660,67.0
790,332508166836103,15.799989652994554,commit_complete,228223,11695979898267,True,,2.6674076132258957,2.737638872750636,0.0828125,-0.2875,4.887666936335955,-1.0539031831474401,228223,0.017750455997884274,2.6674076132258957,2.737638872750636,0.0828125,-0.2875,0.0528125,-0.25749999999999995,4.887666936335955,-1.0539031831474401,tracking,True,,False,False,-5.31744366345698,0.7921874999999999,-1.35,0.12446927500423044,True,-25.749999999999996,27.0,1.2500000000000036,1500,1544,1664,1506,2000,2000,1000,1000,-10.0,5.0,15.0,20.0,100.0,20.0,100.0,0.03,0.25,3,1.0,1.0,60.0,1660,67.0
791,332508186873147,15.820026696950663,commit_complete,228224,11696011398296,True,,2.6236559139784945,2.6948033429874942,0.084375,-0.2916666666666667,4.884500086981308,-1.0684843940271613,228224,0.004356188990641385,2.6236559139784945,2.6948033429874942,0.084375,-0.2916666666666667,0.05437500000000001,-0.2616666666666667,4.884500086981308,-1.0684843940271613,tracking,True,,False,False,-5.2958993061524895,0.815625,-1.35,0.14450631896033883,True,-26.16666666666667,27.0,0.8333333333333286,1500,1544,1664,1506,2000,2000,1000,1000,-10.0,5.0,15.0,20.0,100.0,20.0,100.0,0.03,0.25,3,1.0,1.0,60.0,1660,67.0
792,332508206863321,15.840016870992258,commit_complete,228224,11696011398296,True,,2.6236559139784945,2.6948033429874942,0.084375,-0.2916666666666667,4.884500086981308,-1.0684843940271613,228224,0.024346363032236695,2.6236559139784945,2.6948033429874942,0.084375,-0.2916666666666667,0.05437500000000001,-0.2616666666666667,4.884500086981308,-1.0684843940271613,tracking,True,,False,False,-5.2958993061524895,0.815625,-1.13,0.013247349008452147,True,-26.16666666666667,22.599999999999998,-3.5666666666666735,1500,1544,1659,1506,2000,2000,1000,1000,-10.0,5.0,15.0,20.0,100.0,20.0,100.0,0.03,0.25,3,1.0,1.0,60.0,1660,67.0
793,332508226866837,15.860020386986434,commit_complete,228225,11696044469492,True,,2.570654277971351,2.6424197469243755,0.0859375,-0.29583333333333334,4.881293952363415,-1.0830370956806328,228225,0.01086855202447623,2.570654277971351,2.6424197469243755,0.0859375,-0.29583333333333334,0.0559375,-0.26583333333333337,4.881293952363415,-1.0830370956806328,tracking,True,,False,False,-5.270939280494802,0.8390625,-1.13,0.033250865002628416,True,-26.583333333333336,22.599999999999998,-3.983333333333338,1500,1544,1659,1506,2000,2000,1000,1000,-10.0,5.0,15.0,20.0,100.0,20.0,100.0,0.03,0.25,3,1.0,1.0,60.0,1660,67.0
794,332508246860214,15.88001376396278,commit_complete,228225,11696044469492,True,,2.570654277971351,2.6424197469243755,0.0859375,-0.29583333333333334,4.881293952363415,-1.0830370956806328,228225,0.030861929000820965,2.570654277971351,2.6424197469243755,0.0859375,-0.29583333333333334,0.0559375,-0.26583333333333337,4.881293952363415,-1.0830370956806328,tracking,True,,False,False,-5.270939280494802,0.8390625,-1.13,0.05324424197897315,True,-26.583333333333336,22.599999999999998,-3.983333333333338,1500,1544,1659,1506,2000,2000,1000,1000,-10.0,5.0,15.0,20.0,100.0,20.0,100.0,0.03,0.25,3,1.0,1.0,60.0,1660,67.0
795,332508266851545,15.90000509499805,commit_complete,228226,11696077392476,True,,2.540322580645161,2.6124356374436077,0.0875,-0.29791666666666666,4.879676230499169,-1.0903026577521582,228226,0.017456150031648576,2.540322580645161,2.6124356374436077,0.0875,-0.29791666666666666,0.057499999999999996,-0.2679166666666667,4.879676230499169,-1.0903026577521582,tracking,True,,False,False,-5.257215346017152,0.8624999999999999,-1.13,0.07323557301424444,True,-26.791666666666668,22.599999999999998,-4.19166666666667,1500,1544,1659,1506,2000,2000,1000,1000,-10.0,5.0,15.0,20.0,100.0,20.0,100.0,0.03,0.25,3,1.0,1.0,60.0,1660,67.0
796,332508286850688,15.920004237967078,commit_complete,228227,11696110208445,True,,2.49061175045427,2.56249592461157,0.0890625,-0.3,4.878048780487806,-1.0975609756097564,228227,0.003979894972871989,2.49061175045427,2.56249592461157,0.0890625,-0.3,0.059062500000000004,-0.27,4.878048780487806,-1.0975609756097564,tracking,True,,False,False,-5.235601605736231,0.8859375,-1.13,0.0932347159832716,True,-27.0,22.599999999999998,-4.400000000000002,1500,1544,1658,1507,2000,2000,1000,1000,-10.0,5.0,15.0,20.0,100.0,20.0,100.0,0.03,0.25,3,1.0,1.0,60.0,1660,67.0
797,332508306861842,15.940015391970519,commit_complete,228227,11696110208445,True,,2.49061175045427,2.56249592461157,0.0890625,-0.3,4.878048780487806,-1.0975609756097564,228227,0.023991048976313323,2.49061175045427,2.56249592461157,0.0890625,-0.3,0.059062500000000004,-0.27,4.878048780487806,-1.0975609756097564,tracking,True,,False,False,-5.235601605736231,0.8859375,-1.13,0.11324586998671293,True,-27.0,22.599999999999998,-4.400000000000002,1500,1544,1658,1507,2000,2000,1000,1000,-10.0,5.0,15.0,20.0,100.0,20.0,100.0,0.03,0.25,3,1.0,1.0,60.0,1660,67.0
798,332508326865960,15.960019510006532,commit_complete,228228,11696143166825,True,,2.4530075187969924,2.524981882946881,0.090625,-0.3020833333333333,4.876411633660539,-1.1048120107512158,228228,0.010525671008508652,2.4530075187969924,2.524981882946881,0.090625,-0.3020833333333333,0.060625,-0.27208333333333334,4.876411633660539,-1.1048120107512158,tracking,True,,False,False,-5.219973509936993,0.9093749999999999,-1.13,0.13324998802272603,True,-27.208333333333336,22.599999999999998,-4.608333333333338,1500,1543,1658,1507,2000,2000,1000,1000,-10.0,5.0,15.0,20.0,100.0,20.0,100.0,0.03,0.25,3,1.0,1.0,60.0,1660,67.0
799,332508346855620,15.980009169958066,commit_complete,228228,11696143166825,True,,2.4530075187969924,2.524981882946881,0.090625,-0.3020833333333333,4.876411633660539,-1.1048120107512158,228228,0.030515330960042775,2.4530075187969924,2.524981882946881,0.090625,-0.3020833333333333,0.060625,-0.27208333333333334,4.876411633660539,-1.1048120107512158,tracking,True,,False,False,-5.219973509936993,0.9093749999999999,-0.89,0.00918274896685034,True,-27.208333333333336,17.8,-9.408333333333335,1500,1543,1653,1507,2000,2000,1000,1000,-10.0,5.0,15.0,20.0,100.0,20.0,100.0,0.03,0.25,3,1.0,1.0,60.0,1660,67.0
800,332508366842560,15.999996109982021,commit_complete,228229,11696176227323,True,,2.4154038965477955,2.48744334140008,0.0921875,-0.30416666666666664,4.874764821477847,-1.112055724899634,228229,0.017031606985256076,2.4154038965477955,2.48744334140008,0.0921875,-0.30416666666666664,0.06218750000000001,-0.27416666666666667,4.874764821477847,-1.112055724899634,tracking,True,,False,False,-5.20496392839894,0.9328125,-0.89,0.029169688990805298,True,-27.416666666666668,17.8,-9.616666666666667,1500,1543,1653,1507,2000,2000,1000,1000,-10.0,5.0,15.0,20.0,100.0,20.0,100.0,0.03,0.25,3,1.0,1.0,60.0,1660,67.0
801,332508386850190,16.020003739977255,commit_complete,228230,11696209389169,True,,2.3619130624251006,2.433510343085422,0.09375,-0.30625,4.8731083755279005,-1.1192920800040649,228230,0.003609833016525954,2.3619130624251006,2.433510343085422,0.09375,-0.30625,0.06375,-0.27625,4.8731083755279005,-1.1192920800040649,tracking,True,,False,False,-5.1846707476870835,0.95625,-0.89,0.04917731898603961,True,-27.625,17.8,-9.825,1500,1543,1653,1507,2000,2000,1000,1000,-10.0,5.0,15.0,20.0,100.0,20.0,100.0,0.03,0.25,3,1.0,1.0,60.0,1660,67.0
802,332508406855149,16.040008698997553,commit_complete,228230,11696209389169,True,,2.3619130624251006,2.433510343085422,0.09375,-0.30625,4.8731083755279005,-1.1192920800040649,228230,0.02361479203682393,2.3619130624251006,2.433510343085422,0.09375,-0.30625,0.06375,-0.27625,4.8731083755279005,-1.1192920800040649,tracking,True,,False,False,-5.1846707476870835,0.95625,-0.89,0.06918227800633758,True,-27.625,17.8,-9.825,1500,1543,1653,1507,2000,2000,1000,1000,-10.0,5.0,15.0,20.0,100.0,20.0,100.0,0.03,0.25,3,1.0,1.0,60.0,1660,67.0
803,332508426871209,16.060024758975487,commit_complete,228231,11696242208494,True,,2.328042328042328,2.399760028818333,0.0953125,-0.30833333333333335,4.8714423275250125,-1.1265210382401594,228231,0.010149617970455438,2.328042328042328,2.399760028818333,0.0953125,-0.30833333333333335,0.0653125,-0.2783333333333333,4.8714423275250125,-1.1265210382401594,tracking,True,,False,False,-5.172458273946079,0.9796874999999999,-0.89,0.08919833798427135,True,-27.833333333333332,17.8,-10.033333333333331,1500,1543,1653,1507,2000,2000,1000,1000,-10.0,5.0,15.0,20.0,100.0,20.0,100.0,0.03,0.25,3,1.0,1.0,60.0,1660,67.0
804,332508446867505,16.08002105494961,commit_complete,228231,11696242208494,True,,2.328042328042328,2.399760028818333,0.0953125,-0.30833333333333335,4.8714423275250125,-1.1265210382401594,228231,0.03014591394457966,2.328042328042328,2.399760028818333,0.0953125,-0.30833333333333335,0.0653125,-0.2783333333333333,4.8714423275250125,-1.1265210382401594,tracking,True,,False,False,-5.172458273946079,0.9796874999999999,-0.89,0.10919463395839557,True,-27.833333333333332,17.8,-10.033333333333331,1500,1543,1653,1507,2000,2000,1000,1000,-10.0,5.0,15.0,20.0,100.0,20.0,100.0,0.03,0.25,3,1.0,1.0,60.0,1660,67.0
805,332508466837058,16.099990607996006,commit_complete,228232,11696275453193,True,,2.294172062904718,2.3667989354212073,0.096875,-0.3125,4.868081552839004,-1.1409566139466418,228232,0.01666872901841998,2.294172062904718,2.3667989354212073,0.096875,-0.3125,0.066875,-0.2825,4.868081552839004,-1.1409566139466418,tracking,True,,False,False,-5.160735791144675,1.003125,-0.89,0.1291641870047897,True,-28.249999999999996,17.8,-10.449999999999996,1500,1543,1652,1507,2000,2000,1000,1000,-10.0,5.0,15.0,20.0,100.0,20.0,100.0,0.03,0.25,3,1.0,1.0,60.0,1660,67.0
806,332508486847105,16.12000065500615,commit_complete,228233,11696308297282,True,,2.245862884160757,2.3192340513837753,0.1,-0.31666666666666665,4.864682753597803,-1.1553621539794783,228233,0.003223888052161783,2.245862884160757,2.3192340513837753,0.1,-0.31666666666666665,0.07,-0.2866666666666666,4.864682753597803,-1.1553621539794783,tracking,True,,False,False,-5.144855430728441,1.05,-0.67,0.018945843039546162,True,-28.666666666666664,13.4,-15.266666666666664,1500,1543,1647,1508,2000,2000,1000,1000,-10.0,5.0,15.0,20.0,100.0,20.0,100.0,0.03,0.25,3,1.0,1.0,60.0,1660,67.0
807,332508506851105,16.14000465499703,commit_complete,228233,11696308297282,True,,2.245862884160757,2.3192340513837753,0.1,-0.31666666666666665,4.864682753597803,-1.1553621539794783,228233,0.023227888043038547,2.245862884160757,2.3192340513837753,0.1,-0.31666666666666665,0.07,-0.2866666666666666,4.864682753597803,-1.1553621539794783,tracking,True,,False,False,-5.144855430728441,1.05,-0.67,0.038949843030422926,True,-28.666666666666664,13.4,-15.266666666666664,1500,1543,1647,1508,2000,2000,1000,1000,-10.0,5.0,15.0,20.0,100.0,20.0,100.0,0.03,0.25,3,1.0,1.0,60.0,1660,67.0
808,332508526864510,16.160018059948925,commit_complete,228234,11696341405085,True,,2.207001522070015,2.2810354575340677,0.1015625,-0.32083333333333336,4.861246187897626,-1.1697373639628663,228234,0.009759902954101562,2.207001522070015,2.2810354575340677,0.1015625,-0.32083333333333336,0.0715625,-0.2908333333333334,4.861246187897626,-1.1697373639628663,tracking,True,,False,False,-5.132789063101715,1.0734375,-0.67,0.058963247982319444,True,-29.08333333333334,13.4,-15.683333333333339,1500,1543,1647,1508,2000,2000,1000,1000,-10.0,5.0,15.0,20.0,100.0,20.0,100.0,0.03,0.25,3,1.0,1.0,60.0,1660,67.0
809,332508546852272,16.180005821981467,commit_complete,228234,11696341405085,True,,2.207001522070015,2.2810354575340677,0.1015625,-0.32083333333333336,4.861246187897626,-1.1697373639628663,228234,0.02974766498664394,2.207001522070015,2.2810354575340677,0.1015625,-0.32083333333333336,0.0715625,-0.2908333333333334,4.861246187897626,-1.1697373639628663,tracking,True,,False,False,-5.132789063101715,1.0734375,-0.67,0.07895101001486182,True,-29.08333333333334,13.4,-15.683333333333339,1500,1543,1647,1508,2000,2000,1000,1000,-10.0,5.0,15.0,20.0,100.0,20.0,100.0,0.03,0.25,3,1.0,1.0,60.0,1660,67.0
810,332508566832689,16.199986238963902,commit_complete,228235,11696374549797,True,,2.1625570776255705,2.237017475159832,0.103125,-0.325,4.8577721157028355,-1.1840819532025662,228235,0.016311552957631648,2.1625570776255705,2.237017475159832,0.103125,-0.325,0.073125,-0.29500000000000004,4.8577721157028355,-1.1840819532025662,tracking,True,,False,False,-5.119752782528275,1.0968749999999998,-0.67,0.09893142699729651,True,-29.500000000000004,13.4,-16.1,1500,1543,1647,1508,2000,2000,1000,1000,-10.0,5.0,15.0,20.0,100.0,20.0,100.0,0.03,0.25,3,1.0,1.0,60.0,1660,67.0
811,332508586834053,16.219987602962647,commit_complete,228236,11696407236075,True,,2.126457082303073,2.2023779382990787,0.1046875,-0.33125,4.852491255866911,-1.2055407963794356,228236,0.0028370929649099708,2.126457082303073,2.2023779382990787,0.1046875,-0.33125,0.0746875,-0.30125,4.852491255866911,-1.2055407963794356,tracking,True,,False,False,-5.109755552904103,1.1203125,-0.67,0.11893279099604115,True,-30.125,13.4,-16.725,1500,1543,1646,1508,2000,2000,1000,1000,-10.0,5.0,15.0,20.0,100.0,20.0,100.0,0.03,0.25,3,1.0,1.0,60.0,1660,67.0
812,332508606862345,16.240015894989483,commit_complete,228236,11696407236075,True,,2.126457082303073,2.2023779382990787,0.1046875,-0.33125,4.852491255866911,-1.2055407963794356,228236,0.022865384991746396,2.126457082303073,2.2023779382990787,0.1046875,-0.33125,0.0746875,-0.30125,4.852491255866911,-1.2055407963794356,tracking,True,,False,False,-5.109755552904103,1.1203125,-0.67,0.13896108302287757,True,-30.125,13.4,-16.725,1500,1543,1646,1508,2000,2000,1000,1000,-10.0,5.0,15.0,20.0,100.0,20.0,100.0,0.03,0.25,3,1.0,1.0,60.0,1660,67.0
813,332508626877289,16.260030838951934,commit_complete,228237,11696440354983,True,,2.0782726045883937,2.1551610032647814,0.10625,-0.3375,4.847127486763288,-1.2269291450869573,228237,0.009453566977754235,2.0782726045883937,2.1551610032647814,0.10625,-0.3375,0.07625,-0.3075,4.847127486763288,-1.2269291450869573,tracking,True,,False,False,-5.097224431564746,1.14375,-0.67,0.15897602698532864,True,-30.75,13.4,-17.35,1500,1542,1645,1509,2000,2000,1000,1000,-10.0,5.0,15.0,20.0,100.0,20.0,100.0,0.03,0.25,3,1.0,1.0,60.0,1660,67.0
814,332508646856606,16.2800101559842,commit_complete,228237,11696440354983,True,,2.0782726045883937,2.1551610032647814,0.10625,-0.3375,4.847127486763288,-1.2269291450869573,228237,0.029432884010020643,2.0782726045883937,2.1551610032647814,0.10625,-0.3375,0.07625,-0.3075,4.847127486763288,-1.2269291450869573,tracking,True,,False,False,-5.097224431564746,1.14375,-0.67,0.17895534401759505,True,-30.75,13.4,-17.35,1500,1542,1645,1509,2000,2000,1000,1000,-10.0,5.0,15.0,20.0,100.0,20.0,100.0,0.03,0.25,3,1.0,1.0,60.0,1660,67.0
815,332508666832560,16.299986109952442,commit_complete,228238,11696473505446,True,,2.0385473726922294,2.116980335783406,0.109375,-0.34375,4.841681707881093,-1.2482460653130942,228238,0.015926474996376783,2.0385473726922294,2.116980335783406,0.109375,-0.34375,0.079375,-0.31375,4.841681707881093,-1.2482460653130942,tracking,True,,False,False,-5.087580003560128,1.190625,-0.56,0.017386783962137997,True,-31.374999999999996,11.200000000000001,-20.174999999999997,1500,1542,1642,1509,2000,2000,1000,1000,-10.0,5.0,15.0,20.0,100.0,20.0,100.0,0.03,0.25,3,1.0,1.0,60.0,1660,67.0
816,332508686872992,16.32002654200187,commit_complete,228239,11696506212641,True,,2.0003125488357556,2.0799532084103167,0.1109375,-0.35,4.83615482689717,-1.2694906420605072,228239,0.00248410104541108,2.0003125488357556,2.0799532084103167,0.1109375,-0.35,0.0809375,-0.31999999999999995,4.83615482689717,-1.2694906420605072,tracking,True,,False,False,-5.078872280919189,1.2140624999999998,-0.56,0.03742721601156518,True,-31.999999999999996,11.200000000000001,-20.799999999999997,1500,1542,1642,1509,2000,2000,1000,1000,-10.0,5.0,15.0,20.0,100.0,20.0,100.0,0.03,0.25,3,1.0,1.0,60.0,1660,67.0
817,332508706829029,16.33998257899657,commit_complete,228239,11696506212641,True,,2.0003125488357556,2.0799532084103167,0.1109375,-0.35,4.83615482689717,-1.2694906420605072,228239,0.02244013804011047,2.0003125488357556,2.0799532084103167,0.1109375,-0.35,0.0809375,-0.31999999999999995,4.83615482689717,-1.2694906420605072,tracking,True,,False,False,-5.078872280919189,1.2140624999999998,-0.56,0.05738325300626457,True,-31.999999999999996,11.200000000000001,-20.799999999999997,1500,1542,1642,1509,2000,2000,1000,1000,-10.0,5.0,15.0,20.0,100.0,20.0,100.0,0.03,0.25,3,1.0,1.0,60.0,1660,67.0
818,332508726872409,16.360025958972983,commit_complete,228240,11696539853371,True,,1.957351290684624,2.0371625622589993,0.1125,-0.3541666666666667,4.8324256346324805,-1.283613059199253,228240,0.009056209004484117,1.957351290684624,2.0371625622589993,0.1125,-0.3541666666666667,0.0825,-0.3241666666666667,4.8324256346324805,-1.283613059199253,tracking,True,,False,False,-5.069747271479494,1.2375,-0.56,0.07742663298267871,True,-32.41666666666667,11.200000000000001,-21.21666666666667,1500,1542,1641,1509,2000,2000,1000,1000,-10.0,5.0,15.0,20.0,100.0,20.0,100.0,0.03,0.25,3,1.0,1.0,60.0,1660,67.0
819,332508746862893,16.380016442970373,commit_complete,228240,11696539853371,True,,1.957351290684624,2.0371625622589993,0.1125,-0.3541666666666667,4.8324256346324805,-1.283613059199253,228240,0.02904669300187379,1.957351290684624,2.0371625622589993,0.1125,-0.3541666666666667,0.0825,-0.3241666666666667,4.8324256346324805,-1.283613059199253,tracking,True,,False,False,-5.069747271479494,1.2375,-0.56,0.09741711698006839,True,-32.41666666666667,11.200000000000001,-21.21666666666667,1500,1542,1641,1509,2000,2000,1000,1000,-10.0,5.0,15.0,20.0,100.0,20.0,100.0,0.03,0.25,3,1.0,1.0,60.0,1660,67.0
820,332508766845171,16.399998720968142,commit_complete,228241,11696572447908,True,,1.922077922077922,2.0034267192862565,0.115625,-0.36041666666666666,4.826765621571737,-1.3047350820811099,228241,0.015620362013578415,1.922077922077922,2.0034267192862565,0.115625,-0.36041666666666666,0.085625,-0.3304166666666667,4.826765621571737,-1.3047350820811099,tracking,True,,False,False,-5.06276556776633,1.284375,-0.56,0.1173993949778378,True,-33.04166666666667,11.200000000000001,-21.84166666666667,1500,1542,1641,1510,2000,2000,1000,1000,-10.0,5.0,15.0,20.0,100.0,20.0,100.0,0.03,0.25,3,1.0,1.0,60.0,1660,67.0
821,332508786856670,16.42001021996839,commit_complete,228242,11696605394035,True,,1.8826135105204873,1.9641542117192379,0.1171875,-0.3645833333333333,4.822948530600393,-1.318774988836045,228242,0.002111753972712904,1.8826135105204873,1.9641542117192379,0.1171875,-0.3645833333333333,0.0871875,-0.33458333333333334,4.822948530600393,-1.318774988836045,tracking,True,,False,False,-5.055487168834505,1.3078125,-0.56,0.13741089397808537,True,-33.458333333333336,11.200000000000001,-22.258333333333333,1500,1542,1640,1510,2000,2000,1000,1000,-10.0,5.0,15.0,20.0,100.0,20.0,100.0,0.03,0.25,3,1.0,1.0,60.0,1660,67.0
822,332508806878571,16.44003212096868,commit_complete,228242,11696605394035,True,,1.8826135105204873,1.9641542117192379,0.1171875,-0.3645833333333333,4.822948530600393,-1.318774988836045,228242,0.022133654973004013,1.8826135105204873,1.9641542117192379,0.1171875,-0.3645833333333333,0.0871875,-0.33458333333333334,4.822948530600393,-1.318774988836045,tracking,True,,False,False,-5.055487168834505,1.3078125,-0.49,0.01900465798098594,True,-33.458333333333336,9.8,-23.658333333333335,1500,1542,1639,1510,2000,2000,1000,1000,-10.0,5.0,15.0,20.0,100.0,20.0,100.0,0.03,0.25,3,1.0,1.0,60.0,1660,67.0
823,332508826851319,16.460004868975375,commit_complete,228243,11696638816634,True,,1.8445182724252491,1.9265831454505815,0.1203125,-0.36875,4.819096762935554,-1.3327814484993643,228243,0.008629256975837052,1.8445182724252491,1.9265831454505815,0.1203125,-0.36875,0.0903125,-0.33875,4.819096762935554,-1.3327814484993643,tracking,True,,False,False,-5.048982184268138,1.3546875,-0.49,0.03897740598767996,True,-33.875,9.8,-24.075,1500,1542,1638,1510,2000,2000,1000,1000,-10.0,5.0,15.0,20.0,100.0,20.0,100.0,0.03,0.25,3,1.0,1.0,60.0,1660,67.0
824,332508846859479,16.48001302895136,commit_complete,228243,11696638816634,True,,1.8445182724252491,1.9265831454505815,0.1203125,-0.36875,4.819096762935554,-1.3327814484993643,228243,0.02863741695182398,1.8445182724252491,1.9265831454505815,0.1203125,-0.36875,0.0903125,-0.33875,4.819096762935554,-1.3327814484993643,tracking,True,,False,False,-5.048982184268138,1.3546875,-0.49,0.058985565963666886,True,-33.875,9.8,-24.075,1500,1542,1638,1510,2000,2000,1000,1000,-10.0,5.0,15.0,20.0,100.0,20.0,100.0,0.03,0.25,3,1.0,1.0,60.0,1660,67.0
825,332508866844604,16.499998154002242,commit_complete,228244,11696671286003,True,,1.797809550863239,1.878451727927929,0.1234375,-0.36875,4.819096762935554,-1.332781448499364,228244,0.015197950997389853,1.797809550863239,1.878451727927929,0.1234375,-0.36875,0.0934375,-0.33875,4.819096762935554,-1.332781448499364,tracking,True,,False,False,-5.041684616918007,1.4015625,-0.49,0.0789706910145469,True,-33.875,9.8,-24.075,1500,1542,1638,1510,2000,2000,1000,1000,-10.0,5.0,15.0,20.0,100.0,20.0,100.0,0.03,0.25,3,1.0,1.0,60.0,1660,67.0
826,332508886866705,16.520020255004056,commit_complete,228245,11696704812262,True,,1.7582948404431966,1.8385506244282654,0.1265625,-0.37083333333333335,4.817157962121083,-1.3397720582149262,228245,0.001776201999746263,1.7582948404431966,1.8385506244282654,0.1265625,-0.37083333333333335,0.0965625,-0.3408333333333333,4.817157962121083,-1.3397720582149262,tracking,True,,False,False,-5.036076092306967,1.4484374999999998,-0.49,0.09899279201636091,True,-34.08333333333333,9.8,-24.283333333333328,1500,1542,1638,1511,2000,2000,1000,1000,-10.0,5.0,15.0,20.0,100.0,20.0,100.0,0.03,0.25,3,1.0,1.0,60.0,1660,67.0
827,332508906852342,16.540005891991314,commit_complete,228245,11696704812262,True,,1.7582948404431966,1.8385506244282654,0.1265625,-0.37083333333333335,4.817157962121083,-1.3397720582149262,228245,0.021761838987004012,1.7582948404431966,1.8385506244282654,0.1265625,-0.37083333333333335,0.0965625,-0.3408333333333333,4.817157962121083,-1.3397720582149262,tracking,True,,False,False,-5.036076092306967,1.4484374999999998,-0.49,0.11897842900361866,True,-34.08333333333333,9.8,-24.283333333333328,1500,1542,1638,1511,2000,2000,1000,1000,-10.0,5.0,15.0,20.0,100.0,20.0,100.0,0.03,0.25,3,1.0,1.0,60.0,1660,67.0
828,332508926846788,16.56000033795135,commit_complete,228246,11696737370809,True,,1.7204798381268969,1.8000537168176327,0.128125,-0.3729166666666667,4.815210596424138,-1.346754213687376,228246,0.008317540981806815,1.7204798381268969,1.8000537168176327,0.128125,-0.3729166666666667,0.09812499999999999,-0.34291666666666665,4.815210596424138,-1.346754213687376,tracking,True,,False,False,-5.031177314275506,1.4718749999999998,-0.42,0.008610568998847157,True,-34.291666666666664,8.4,-25.891666666666666,1500,1542,1637,1511,2000,2000,1000,1000,-10.0,5.0,15.0,20.0,100.0,20.0,100.0,0.03,0.25,3,1.0,1.0,60.0,1660,67.0
829,332508946861709,16.580015258979984,commit_complete,228246,11696737370809,True,,1.7204798381268969,1.8000537168176327,0.128125,-0.3729166666666667,4.815210596424138,-1.346754213687376,228246,0.028332462010439485,1.7204798381268969,1.8000537168176327,0.128125,-0.3729166666666667,0.09812499999999999,-0.34291666666666665,4.815210596424138,-1.346754213687376,tracking,True,,False,False,-5.031177314275506,1.4718749999999998,-0.42,0.028625490027479827,True,-34.291666666666664,8.4,-25.891666666666666,1500,1542,1637,1511,2000,2000,1000,1000,-10.0,5.0,15.0,20.0,100.0,20.0,100.0,0.03,0.25,3,1.0,1.0,60.0,1660,67.0
830,332508966846142,16.599999691999983,commit_complete,228247,11696771010719,True,,1.6886661097187412,1.7670522633133192,0.1328125,-0.37083333333333335,4.817157962121083,-1.3397720582149262,228247,0.014735787000972778,1.6886661097187412,1.7670522633133192,0.1328125,-0.37083333333333335,0.1028125,-0.3408333333333333,4.817157962121083,-1.3397720582149262,tracking,True,,False,False,-5.027399331049067,1.5421875,-0.42,0.04860992304747924,True,-34.08333333333333,8.4,-25.68333333333333,1500,1542,1637,1512,2000,2000,1000,1000,-10.0,5.0,15.0,20.0,100.0,20.0,100.0,0.03,0.25,3,1.0,1.0,60.0,1660,67.0
831,332508986858641,16.620012190949637,commit_complete,228248,11696804005493,True,,1.6452550885540576,1.7212729637264983,0.134375,-0.36875,4.819096762935554,-1.3327814484993643,228248,0.0013415789580903947,1.6452550885540576,1.7212729637264983,0.134375,-0.36875,0.104375,-0.33875,4.819096762935554,-1.3327814484993643,tracking,True,,False,False,-5.022731860774807,1.5656249999999998,-0.42,0.06862242199713364,True,-33.875,8.4,-25.475,1500,1542,1637,1512,2000,2000,1000,1000,-10.0,5.0,15.0,20.0,100.0,20.0,100.0,0.03,0.25,3,1.0,1.0,60.0,1660,67.0
832,332509006853189,16.640006739005912,commit_complete,228248,11696804005493,True,,1.6452550885540576,1.7212729637264983,0.134375,-0.36875,4.819096762935554,-1.3327814484993643,228248,0.021336127014365047,1.6452550885540576,1.7212729637264983,0.134375,-0.36875,0.104375,-0.33875,4.819096762935554,-1.3327814484993643,tracking,True,,False,False,-5.022731860774807,1.5656249999999998,-0.42,0.0886169700534083,True,-33.875,8.4,-25.475,1500,1542,1637,1512,2000,2000,1000,1000,-10.0,5.0,15.0,20.0,100.0,20.0,100.0,0.03,0.25,3,1.0,1.0,60.0,1660,67.0
833,332509026839642,16.659993192006368,commit_complete,228249,11696836973203,True,,1.6040201005025128,1.6784546186853702,0.1390625,-0.36666666666666664,4.821026964018952,-1.3257824151052118,228249,0.007899720047134906,1.6040201005025128,1.6784546186853702,0.1390625,-0.36666666666666664,0.1090625,-0.33666666666666667,4.821026964018952,-1.3257824151052118,tracking,True,,False,False,-5.018798415821011,1.6359375,-0.42,0.10860342305386439,True,-33.666666666666664,8.4,-25.266666666666666,1500,1542,1637,1512,2000,2000,1000,1000,-10.0,5.0,15.0,20.0,100.0,20.0,100.0,0.03,0.25,3,1.0,1.0,60.0,1660,67.0
834,332509046857357,16.680010907002725,commit_complete,228249,11696836973203,True,,1.6040201005025128,1.6784546186853702,0.1390625,-0.36666666666666664,4.821026964018952,-1.3257824151052118,228249,0.027917435043491423,1.6040201005025128,1.6784546186853702,0.1390625,-0.36666666666666664,0.1090625,-0.33666666666666667,4.821026964018952,-1.3257824151052118,tracking,True,,False,False,-5.018798415821011,1.6359375,-0.42,0.1286211380502209,True,-33.666666666666664,8.4,-25.266666666666666,1500,1542,1637,1512,2000,2000,1000,1000,-10.0,5.0,15.0,20.0,100.0,20.0,100.0,0.03,0.25,3,1.0,1.0,60.0,1660,67.0
835,332509066842137,16.69999568699859,commit_complete,228250,11696869761107,True,,1.564801530368245,1.636795341578739,0.1421875,-0.3625,4.824861427988258,-1.3117592007343077,228250,0.014342171023599803,1.564801530368245,1.636795341578739,0.1421875,-0.3625,0.1121875,-0.3325,4.824861427988258,-1.3117592007343077,tracking,True,,False,False,-5.015488037700813,1.6828124999999998,-0.42,0.14860591804608703,True,-33.25,8.4,-24.85,1500,1542,1638,1513,2000,2000,1000,1000,-10.0,5.0,15.0,20.0,100.0,20.0,100.0,0.03,0.25,3,1.0,1.0,60.0,1660,67.0
836,332509086845456,16.719999005959835,commit_complete,228252,11696935343632,True,,1.5274550011392116,1.598507568954796,0.1515625,-0.35833333333333334,4.828661076822382,-1.297702664396015,228252,0.0008354259771294892,1.5274550011392116,1.598507568954796,0.1515625,-0.35833333333333334,0.12156249999999999,-0.32833333333333337,4.828661076822382,-1.297702664396015,tracking,True,,False,False,-5.012706801338198,1.8234374999999998,-0.43,0.018087781965732574,True,-32.833333333333336,8.6,-24.233333333333334,1500,1542,1638,1514,2000,2000,1000,1000,-10.0,5.0,15.0,20.0,100.0,20.0,100.0,0.03,0.25,3,1.0,1.0,60.0,1660,67.0
837,332509106831729,16.739985278982203,commit_complete,228252,11696935343632,True,,1.5274550011392116,1.598507568954796,0.1515625,-0.35833333333333334,4.828661076822382,-1.297702664396015,228252,0.02082169899949804,1.5274550011392116,1.598507568954796,0.1515625,-0.35833333333333334,0.12156249999999999,-0.32833333333333337,4.828661076822382,-1.297702664396015,tracking,True,,False,False,-5.012706801338198,1.8234374999999998,-0.43,0.038074054988101125,True,-32.833333333333336,8.6,-24.233333333333334,1500,1542,1638,1514,2000,2000,1000,1000,-10.0,5.0,15.0,20.0,100.0,20.0,100.0,0.03,0.25,3,1.0,1.0,60.0,1660,67.0
838,332509126845885,16.75999943498755,commit_complete,228253,11696968529072,True,,1.4849267872523686,1.5538399795992974,0.15625,-0.3541666666666667,4.832425634632481,-1.2836130591992527,228253,0.007428236014675349,1.4849267872523686,1.5538399795992974,0.15625,-0.3541666666666667,0.12625,-0.3241666666666667,4.832425634632481,-1.2836130591992527,tracking,True,,False,False,-5.009956500087198,1.89375,-0.43,0.05808821099344641,True,-32.41666666666667,8.6,-23.81666666666667,1500,1542,1639,1514,2000,2000,1000,1000,-10.0,5.0,15.0,20.0,100.0,20.0,100.0,0.03,0.25,3,1.0,1.0,60.0,1660,67.0
839,332509146857457,16.780011006980203,commit_complete,228253,11696968529072,True,,1.4849267872523686,1.5538399795992974,0.15625,-0.3541666666666667,4.832425634632481,-1.2836130591992527,228253,0.027439808007329702,1.4849267872523686,1.5538399795992974,0.15625,-0.3541666666666667,0.12625,-0.3241666666666667,4.832425634632481,-1.2836130591992527,tracking,True,,False,False,-5.009956500087198,1.89375,-0.43,0.07809978298610076,True,-32.41666666666667,8.6,-23.81666666666667,1500,1542,1639,1514,2000,2000,1000,1000,-10.0,5.0,15.0,20.0,100.0,20.0,100.0,0.03,0.25,3,1.0,1.0,60.0,1660,67.0
840,332509166848961,16.800002510950435,commit_complete,228254,11697001278508,True,,1.406600200942886,1.4723213492767124,0.1609375,-0.35208333333333336,4.834294668560812,-1.2765559359168392,228254,0.013937156996689737,1.406600200942886,1.4723213492767124,0.1609375,-0.35208333333333336,0.1309375,-0.3220833333333334,4.834294668560812,-1.2765559359168392,tracking,True,,False,False,-5.005958980771119,1.9640625000000003,-0.43,0.09809128695633262,True,-32.208333333333336,8.6,-23.608333333333334,1500,1542,1639,1515,2000,2000,1000,1000,-10.0,5.0,15.0,20.0,100.0,20.0,100.0,0.03,0.25,3,1.0,1.0,60.0,1660,67.0
841,332509186847248,16.82000079797581,commit_complete,228255,11697034246126,True,,1.361726785455599,1.4252798304162935,0.165625,-0.34791666666666665,4.838006075548222,-1.262417210338364,228255,0.0004427339881658554,1.361726785455599,1.4252798304162935,0.165625,-0.34791666666666665,0.135625,-0.3179166666666666,4.838006075548222,-1.262417210338364,tracking,True,,False,False,-5.004232202568941,2.034375,-0.43,0.11808957398170605,True,-31.791666666666664,8.6,-23.191666666666663,1500,1542,1639,1515,2000,2000,1000,1000,-10.0,5.0,15.0,20.0,100.0,20.0,100.0,0.03,0.25,3,1.0,1.0,60.0,1660,67.0
842,332509206836801,16.83999035099987,commit_complete,228255,11697034246126,True,,1.361726785455599,1.4252798304162935,0.165625,-0.34791666666666665,4.838006075548222,-1.262417210338364,228255,0.02043228701222688,1.361726785455599,1.4252798304162935,0.165625,-0.34791666666666665,0.135625,-0.3179166666666666,4.838006075548222,-1.262417210338364,tracking,True,,False,False,-5.004232202568941,2.034375,-0.43,0.13807912700576708,True,-31.791666666666664,8.6,-23.191666666666663,1500,1542,1639,1515,2000,2000,1000,1000,-10.0,5.0,15.0,20.0,100.0,20.0,100.0,0.03,0.25,3,1.0,1.0,60.0,1660,67.0
843,332509226883506,16.860037055972498,commit_complete,228256,11697067543892,True,,1.3223366289295289,1.3840219967637446,0.1703125,-0.34375,4.841681707881093,-1.2482460653130942,228256,0.007064304023515433,1.3223366289295289,1.3840219967637446,0.1703125,-0.34375,0.1403125,-0.31375,4.841681707881093,-1.2482460653130942,tracking,True,,False,False,-5.003017431367152,2.1046875000000003,-0.48,0.008512379019521177,True,-31.374999999999996,9.6,-21.775,1500,1542,1641,1516,2000,2000,1000,1000,-10.0,5.0,15.0,20.0,100.0,20.0,100.0,0.03,0.25,3,1.0,1.0,60.0,1660,67.0
844,332509246855794,16.880009343964048,commit_complete,228256,11697067543892,True,,1.3223366289295289,1.3840219967637446,0.1703125,-0.34375,4.841681707881093,-1.2482460653130942,228256,0.027036592015065253,1.3223366289295289,1.3840219967637446,0.1703125,-0.34375,0.1403125,-0.31375,4.841681707881093,-1.2482460653130942,tracking,True,,False,False,-5.003017431367152,2.1046875000000003,-0.48,0.028484667011070997,True,-31.374999999999996,9.6,-21.775,1500,1542,1641,1516,2000,2000,1000,1000,-10.0,5.0,15.0,20.0,100.0,20.0,100.0,0.03,0.25,3,1.0,1.0,60.0,1660,67.0
845,332509266816174,16.899969723948743,commit_complete,228257,11697100570239,True,,1.2826114895257679,1.3423046023123681,0.1765625,-0.3375,4.847127486763288,-1.2269291450869573,228257,0.01351880095899105,1.2826114895257679,1.3423046023123681,0.1765625,-0.3375,0.1465625,-0.3075,4.847127486763288,-1.2269291450869573,tracking,True,,False,False,-5.002049170685918,2.1984375000000003,-0.48,0.04844504699576646,True,-30.75,9.6,-21.15,1500,1542,1641,1516,2000,2000,1000,1000,-10.0,5.0,15.0,20.0,100.0,20.0,100.0,0.03,0.25,3,1.0,1.0,60.0,1660,67.0
846,332509286858309,16.920011858979706,commit_complete,228258,11697133397973,True,,1.2403287111458319,1.2979917597255364,0.1828125,-0.33125,4.852491255866911,-1.2055407963794358,228258,0.00013226899318397045,1.2403287111458319,1.2979917597255364,0.1828125,-0.33125,0.1528125,-0.30125,4.852491255866911,-1.2055407963794358,tracking,True,,False,False,-5.0012703566351835,2.2921875,-0.48,0.06848718202672899,True,-30.125,9.6,-20.525,1500,1542,1642,1517,2000,2000,1000,1000,-10.0,5.0,15.0,20.0,100.0,20.0,100.0,0.03,0.25,3,1.0,1.0,60.0,1660,67.0
847,332509306839818,16.939993367996067,commit_complete,228258,11697133397973,True,,1.2403287111458319,1.2979917597255364,0.1828125,-0.33125,4.852491255866911,-1.2055407963794358,228258,0.020113778009545058,1.2403287111458319,1.2979917597255364,0.1828125,-0.33125,0.1528125,-0.30125,4.852491255866911,-1.2055407963794358,tracking,True,,False,False,-5.0012703566351835,2.2921875,-0.48,0.08846869104309008,True,-30.125,9.6,-20.525,1500,1542,1642,1517,2000,2000,1000,1000,-10.0,5.0,15.0,20.0,100.0,20.0,100.0,0.03,0.25,3,1.0,1.0,60.0,1660,67.0
848,332509326831447,16.959984996996354,commit_complete,228259,11697166277782,True,,1.2007885102787945,1.2557544142511756,0.1890625,-0.32083333333333336,4.861246187897627,-1.1697373639628665,228259,0.0066736090229824185,1.2007885102787945,1.2557544142511756,0.1890625,-0.32083333333333336,0.1590625,-0.2908333333333334,4.861246187897627,-1.1697373639628665,tracking,True,,False,False,-5.0007464254037615,2.3859375,-0.48,0.10846032004337758,True,-29.08333333333334,9.6,-19.48333333333334,1500,1542,1643,1518,2000,2000,1000,1000,-10.0,5.0,15.0,20.0,100.0,20.0,100.0,0.03,0.25,3,1.0,1.0,60.0,1660,67.0
849,332509346850889,16.980004438955802,commit_complete,228259,11697166277782,True,,1.2007885102787945,1.2557544142511756,0.1890625,-0.32083333333333336,4.861246187897627,-1.1697373639628665,228259,0.026693050982430577,1.2007885102787945,1.2557544142511756,0.1890625,-0.32083333333333336,0.1590625,-0.2908333333333334,4.861246187897627,-1.1697373639628665,tracking,True,,False,False,-5.0007464254037615,2.3859375,-0.48,0.12847976200282574,True,-29.08333333333334,9.6,-19.48333333333334,1500,1542,1643,1518,2000,2000,1000,1000,-10.0,5.0,15.0,20.0,100.0,20.0,100.0,0.03,0.25,3,1.0,1.0,60.0,1660,67.0
850,332509366842940,16.99999648996163,commit_complete,228260,11697199374821,True,,1.1594355103380374,1.2117273377192797,0.196875,-0.30833333333333335,4.8714423275250125,-1.1265210382401591,228260,0.013232338009402156,1.1594355103380374,1.2117273377192797,0.196875,-0.30833333333333335,0.166875,-0.2783333333333333,4.8714423275250125,-1.1265210382401591,tracking,True,,False,False,-5.000376637472286,2.503125,-0.56,0.01948627398815006,True,-27.833333333333332,11.200000000000001,-16.633333333333333,1500,1542,1646,1519,2000,2000,1000,1000,-10.0,5.0,15.0,20.0,100.0,20.0,100.0,0.03,0.25,3,1.0,1.0,60.0,1660,67.0
851,332509386862385,17.020015935006086,commit_complete,228260,11697199374821,True,,1.1594355103380374,1.2117273377192797,0.196875,-0.30833333333333335,4.8714423275250125,-1.1265210382401591,228260,0.03325178305385634,1.1594355103380374,1.2117273377192797,0.196875,-0.30833333333333335,0.166875,-0.2783333333333333,4.8714423275250125,-1.1265210382401591,tracking,True,,False,False,-5.000376637472286,2.503125,-0.56,0.03950571903260425,True,-27.833333333333332,11.200000000000001,-16.633333333333333,1500,1542,1646,1519,2000,2000,1000,1000,-10.0,5.0,15.0,20.0,100.0,20.0,100.0,0.03,0.25,3,1.0,1.0,60.0,1660,67.0
852,332509406856713,17.040010262979195,commit_complete,228261,11697232506102,True,,1.120926580290538,1.1705149728214108,0.2046875,-0.29375,4.882901914880142,-1.0757643281220313,228261,0.019733429013285786,1.120926580290538,1.1705149728214108,0.2046875,-0.29375,0.1746875,-0.26375000000000004,4.882901914880142,-1.0757643281220313,tracking,True,,False,False,-5.000165534057821,2.6203125,-0.56,0.059500047005712986,True,-26.375000000000004,11.200000000000001,-15.175000000000002,1500,1542,1647,1520,2000,2000,1000,1000,-10.0,5.0,15.0,20.0,100.0,20.0,100.0,0.03,0.25,3,1.0,1.0,60.0,1660,67.0
853,332509426834254,17.05998780397931,commit_complete,228262,11697265251947,True,,1.0811304387526823,1.1278746780860904,0.2125,-0.27708333333333335,4.895410578851408,-1.0173275109175584,228262,0.006311020988505334,1.0811304387526823,1.1278746780860904,0.2125,-0.27708333333333335,0.1825,-0.24708333333333335,4.895410578851408,-1.0173275109175584,tracking,True,,False,False,-5.000050364143762,2.7375,-0.56,0.0794775880058296,True,-24.708333333333336,11.200000000000001,-13.508333333333335,1500,1542,1649,1520,2000,2000,1000,1000,-10.0,5.0,15.0,20.0,100.0,20.0,100.0,0.03,0.25,3,1.0,1.0,60.0,1660,67.0
854,332509446865582,17.080019132001325,commit_complete,228262,11697265251947,True,,1.0811304387526823,1.1278746780860904,0.2125,-0.27708333333333335,4.895410578851408,-1.0173275109175584,228262,0.026342349010519683,1.0811304387526823,1.1278746780860904,0.2125,-0.27708333333333335,0.1825,-0.24708333333333335,4.895410578851408,-1.0173275109175584,tracking,True,,False,False,-5.000050364143762,2.7375,-0.56,0.09950891602784395,True,-24.708333333333336,11.200000000000001,-13.508333333333335,1500,1542,1649,1520,2000,2000,1000,1000,-10.0,5.0,15.0,20.0,100.0,20.0,100.0,0.03,0.25,3,1.0,1.0,60.0,1660,67.0
855,332509466839254,17.09999280399643,commit_complete,228263,11697298567042,True,,1.0423895166852353,1.0866717370840722,0.221875,-0.25833333333333336,4.9087145295784,-0.951063440105815,228263,0.012799735006410629,1.0423895166852353,1.0866717370840722,0.221875,-0.25833333333333336,0.191875,-0.22833333333333336,4.9087145295784,-0.951063440105815,tracking,True,,False,False,-5.000007235963206,2.878125,-0.56,0.11948258802294731,True,-22.833333333333336,11.200000000000001,-11.633333333333335,1500,1542,1651,1521,2000,2000,1000,1000,-10.0,5.0,15.0,20.0,100.0,20.0,100.0,0.03,0.25,3,1.0,1.0,60.0,1660,67.0
856,332509486854725,17.120008274971042,commit_complete,228263,11697298567042,True,,1.0423895166852353,1.0866717370840722,0.221875,-0.25833333333333336,4.9087145295784,-0.951063440105815,228263,0.03281520598102361,1.0423895166852353,1.0866717370840722,0.221875,-0.25833333333333336,0.191875,-0.22833333333333336,4.9087145295784,-0.951063440105815,tracking,True,,False,False,-5.000007235963206,2.878125,-0.56,0.1394980589975603,True,-22.833333333333336,11.200000000000001,-11.633333333333335,1500,1542,1651,1521,2000,2000,1000,1000,-10.0,5.0,15.0,20.0,100.0,20.0,100.0,0.03,0.25,3,1.0,1.0,60.0,1660,67.0
857,332509506830828,17.139984377950896,commit_complete,228264,11697332044602,True,,1.0016851510757534,1.0429565623211605,0.23125,-0.23333333333333334,4.92515233577852,-0.8619016587612413,228264,0.01940423296764493,1.0016851510757534,1.0429565623211605,0.23125,-0.23333333333333334,0.20125,-0.20333333333333334,4.92515233577852,-0.8619016587612413,tracking,True,,False,False,-5.000000000458069,3.0187500000000003,-0.74,0.019020970968995243,True,-20.333333333333332,14.8,-5.533333333333331,1500,1542,1657,1523,2000,2000,1000,1000,-10.0,5.0,15.0,20.0,100.0,20.0,100.0,0.03,0.25,3,1.0,1.0,60.0,1660,67.0
858,332509526843321,17.15999687096337,commit_complete,228265,11697365072354,True,,0.961038961038961,0.9998105694515654,0.240625,-0.20833333333333334,4.940060168755507,-0.771884401368048,228265,0.005914497014600784,0.961038961038961,0.9998105694515654,0.240625,-0.20833333333333334,0.210625,-0.17833333333333334,4.940060168755507,-0.771884401368048,commit,True,,False,False,-5.0,3.1593750000000003,-0.74,0.03903346398146823,True,-17.833333333333336,14.8,-3.033333333333335,1500,1542,1659,1524,2000,2000,1000,1000,-10.0,5.0,15.0,20.0,100.0,20.0,100.0,0.03,0.25,3,1.0,1.0,60.0,1660,67.0
859,332509546866168,17.180019717954565,commit_complete,228265,11697365072354,True,,0.961038961038961,0.9998105694515654,0.240625,-0.20833333333333334,4.940060168755507,-0.771884401368048,228265,0.02593734400579706,0.961038961038961,0.9998105694515654,0.240625,-0.20833333333333334,0.210625,-0.17833333333333334,4.940060168755507,-0.771884401368048,commit,True,,False,False,-5.0,3.1593750000000003,-0.74,0.03903346398146823,True,-17.833333333333336,14.8,-3.033333333333335,1500,1542,1659,1524,2000,2000,1000,1000,-10.0,5.0,15.0,20.0,100.0,20.0,100.0,0.03,0.25,3,1.0,1.0,60.0,1660,67.0
860,332509566852354,17.20000590395648,commit_complete,228266,11697398545855,True,,0.9222591362126246,0.9592216370439344,0.2515625,-0.18125,4.954433050501272,-0.6734932428025168,228265,0.04592353000771254,0.961038961038961,0.9998105694515654,0.240625,-0.20833333333333334,0.210625,-0.17833333333333334,4.940060168755507,-0.771884401368048,commit,True,,False,False,-5.0,3.1593750000000003,-0.74,0.03903346398146823,True,-17.833333333333336,14.8,-3.033333333333335,1500,1542,1659,1524,2000,2000,1000,1000,-10.0,5.0,15.0,20.0,100.0,20.0,100.0,0.03,0.25,3,1.0,1.0,60.0,1660,67.0
861,332509586871186,17.22002473595785,commit_complete,228266,11697398545855,True,,0.9222591362126246,0.9592216370439344,0.2515625,-0.18125,4.954433050501272,-0.6734932428025168,228265,0.06594236200908199,0.961038961038961,0.9998105694515654,0.240625,-0.20833333333333334,0.210625,-0.17833333333333334,4.940060168755507,-0.771884401368048,commit,True,,False,False,-5.0,3.1593750000000003,-0.74,0.03903346398146823,True,-17.833333333333336,14.8,-3.033333333333335,1500,1542,1659,1524,2000,2000,1000,1000,-10.0,5.0,15.0,20.0,100.0,20.0,100.0,0.03,0.25,3,1.0,1.0,60.0,1660,67.0
862,332509606835820,17.239989369991235,commit_complete,228267,11697431197654,True,,0.8840858442470312,0.9196346337786457,0.2640625,-0.14791666666666667,4.96951329375939,-0.5513053810264323,228265,0.08590699604246765,0.961038961038961,0.9998105694515654,0.240625,-0.20833333333333334,0.210625,-0.17833333333333334,4.940060168755507,-0.771884401368048,commit,True,,False,False,-5.0,3.1593750000000003,-0.74,0.03903346398146823,True,-17.833333333333336,14.8,-3.033333333333335,1500,1542,1659,1524,2000,2000,1000,1000,-10.0,5.0,15.0,20.0,100.0,20.0,100.0,0.03,0.25,3,1.0,1.0,60.0,1660,67.0
863,332509626833956,17.25998750596773,commit_complete,228268,11697464006256,True,,0.8444212358572671,0.8794714139239728,0.278125,-0.11458333333333333,4.981638506093382,-0.42810955911740006,228265,0.10590513201896101,0.961038961038961,0.9998105694515654,0.240625,-0.20833333333333334,0.210625,-0.17833333333333334,4.940060168755507,-0.771884401368048,commit,True,,False,False,-5.0,3.1593750000000003,-0.74,0.03903346398146823,True,-17.833333333333336,14.8,-3.033333333333335,1500,1542,1659,1524,2000,2000,1000,1000,-10.0,5.0,15.0,20.0,100.0,20.0,100.0,0.03,0.25,3,1.0,1.0,60.0,1660,67.0
864,332509646857637,17.28001118695829,commit_complete,228268,11697464006256,True,,0.8444212358572671,0.8794714139239728,0.278125,-0.11458333333333333,4.981638506093382,-0.42810955911740006,228265,0.12592881300952286,0.961038961038961,0.9998105694515654,0.240625,-0.20833333333333334,0.210625,-0.17833333333333334,4.940060168755507,-0.771884401368048,commit,True,,False,False,-5.0,3.1593750000000003,-0.74,0.03903346398146823,True,-17.833333333333336,14.8,-3.033333333333335,1500,1542,1659,1524,2000,2000,1000,1000,-10.0,5.0,15.0,20.0,100.0,20.0,100.0,0.03,0.25,3,1.0,1.0,60.0,1660,67.0
865,332509666847924,17.300001473980956,commit_complete,228269,11697497310404,False,bounding box clipped by image edge,,,,,0.0,0.0,228265,0.145919100032188,0.961038961038961,0.9998105694515654,0.240625,-0.20833333333333334,0.210625,-0.17833333333333334,4.940060168755507,-0.771884401368048,commit,True,,False,False,-5.0,3.1593750000000003,-0.74,0.03903346398146823,True,-17.833333333333336,14.8,-3.033333333333335,1500,1542,1659,1524,2000,2000,1000,1000,-10.0,5.0,15.0,20.0,100.0,20.0,100.0,0.03,0.25,3,1.0,1.0,60.0,1660,67.0
866,332509686855676,17.320009225979447,commit_complete,228269,11697497310404,False,bounding box clipped by image edge,,,,,0.0,0.0,228265,0.16592685203067958,0.961038961038961,0.9998105694515654,0.240625,-0.20833333333333334,0.210625,-0.17833333333333334,4.940060168755507,-0.771884401368048,commit,True,,False,False,-5.0,3.1593750000000003,-0.74,0.03903346398146823,True,-17.833333333333336,14.8,-3.033333333333335,1500,1542,1659,1524,2000,2000,1000,1000,-10.0,5.0,15.0,20.0,100.0,20.0,100.0,0.03,0.25,3,1.0,1.0,60.0,1660,67.0
867,332509706870876,17.3400244259974,commit_complete,228270,11697529892496,False,bounding box clipped by image edge,,,,,0.0,0.0,228265,0.185942052048631,0.961038961038961,0.9998105694515654,0.240625,-0.20833333333333334,0.210625,-0.17833333333333334,4.940060168755507,-0.771884401368048,commit,True,,False,False,-5.0,3.1593750000000003,-0.74,0.03903346398146823,True,-17.833333333333336,14.8,-3.033333333333335,1500,1542,1659,1524,2000,2000,1000,1000,-10.0,5.0,15.0,20.0,100.0,20.0,100.0,0.03,0.25,3,1.0,1.0,60.0,1660,67.0
868,332509726832842,17.35998639196623,commit_complete,228271,11697565982884,False,bounding box clipped by image edge,,,,,0.0,0.0,228265,0.20590401801746339,0.961038961038961,0.9998105694515654,0.240625,-0.20833333333333334,0.210625,-0.17833333333333334,4.940060168755507,-0.771884401368048,commit,True,,False,False,-5.0,3.1593750000000003,-0.74,0.03903346398146823,True,-17.833333333333336,14.8,-3.033333333333335,1500,1542,1659,1524,2000,2000,1000,1000,-10.0,5.0,15.0,20.0,100.0,20.0,100.0,0.03,0.25,3,1.0,1.0,60.0,1660,67.0
869,332509746866688,17.38002023799345,commit_complete,228271,11697565982884,False,bounding box clipped by image edge,,,,,0.0,0.0,228265,0.2259378640446812,0.961038961038961,0.9998105694515654,0.240625,-0.20833333333333334,0.210625,-0.17833333333333334,4.940060168755507,-0.771884401368048,commit,True,,False,False,-5.0,3.1593750000000003,-0.74,0.03903346398146823,True,-17.833333333333336,14.8,-3.033333333333335,1500,1542,1659,1524,2000,2000,1000,1000,-10.0,5.0,15.0,20.0,100.0,20.0,100.0,0.03,0.25,3,1.0,1.0,60.0,1660,67.0
870,332509766842417,17.39999596698908,commit_complete,228272,11697599243971,False,bounding box clipped by image edge,,,,,0.0,0.0,228265,0.24591359304031357,0.961038961038961,0.9998105694515654,0.240625,-0.20833333333333334,0.210625,-0.17833333333333334,4.940060168755507,-0.771884401368048,commit,True,,False,False,-5.0,3.1593750000000003,-0.74,0.03903346398146823,True,-17.833333333333336,14.8,-3.033333333333335,1500,1542,1659,1524,2000,2000,1000,1000,-10.0,5.0,15.0,20.0,100.0,20.0,100.0,0.03,0.25,3,1.0,1.0,60.0,1660,67.0
871,332509786881400,17.42003494995879,commit_complete,228272,11697599243971,False,bounding box clipped by image edge,,,,,0.0,0.0,228265,0.2659525760100223,0.961038961038961,0.9998105694515654,0.240625,-0.20833333333333334,0.210625,-0.17833333333333334,4.940060168755507,-0.771884401368048,commit,True,,False,False,-5.0,3.1593750000000003,-0.74,0.03903346398146823,True,-17.833333333333336,14.8,-3.033333333333335,1500,1542,1659,1524,2000,2000,1000,1000,-10.0,5.0,15.0,20.0,100.0,20.0,100.0,0.03,0.25,3,1.0,1.0,60.0,1660,67.0
872,332509806870616,17.440024165960494,commit_complete,228273,11697631579450,False,bounding box clipped by image edge,,,,,0.0,0.0,228265,0.28594179201172665,0.961038961038961,0.9998105694515654,0.240625,-0.20833333333333334,0.210625,-0.17833333333333334,4.940060168755507,-0.771884401368048,commit,True,,False,False,-5.0,3.1593750000000003,-0.74,0.03903346398146823,True,-17.833333333333336,14.8,-3.033333333333335,1500,1542,1659,1524,2000,2000,1000,1000,-10.0,5.0,15.0,20.0,100.0,20.0,100.0,0.03,0.25,3,1.0,1.0,60.0,1660,67.0
873,332509826834431,17.459987980953883,commit_complete,228274,11697664445756,False,bounding box clipped by image edge,,,,,0.0,0.0,228265,0.3059056070051156,0.961038961038961,0.9998105694515654,0.240625,-0.20833333333333334,0.210625,-0.17833333333333334,4.940060168755507,-0.771884401368048,commit,True,,False,False,-5.0,3.1593750000000003,-0.74,0.03903346398146823,True,-17.833333333333336,14.8,-3.033333333333335,1500,1542,1659,1524,2000,2000,1000,1000,-10.0,5.0,15.0,20.0,100.0,20.0,100.0,0.03,0.25,3,1.0,1.0,60.0,1660,67.0
874,332509846861995,17.480015544977505,commit_complete,228274,11697664445756,False,bounding box clipped by image edge,,,,,0.0,0.0,228265,0.325933171028737,0.961038961038961,0.9998105694515654,0.240625,-0.20833333333333334,0.210625,-0.17833333333333334,4.940060168755507,-0.771884401368048,commit,True,,False,False,-5.0,3.1593750000000003,-0.74,0.03903346398146823,True,-17.833333333333336,14.8,-3.033333333333335,1500,1542,1659,1524,2000,2000,1000,1000,-10.0,5.0,15.0,20.0,100.0,20.0,100.0,0.03,0.25,3,1.0,1.0,60.0,1660,67.0
875,332509866848721,17.50000227097189,commit_complete,228275,11697694695091,False,bounding box clipped by image edge,,,,,0.0,0.0,228265,0.34591989702312276,0.961038961038961,0.9998105694515654,0.240625,-0.20833333333333334,0.210625,-0.17833333333333334,4.940060168755507,-0.771884401368048,commit,True,,False,False,-5.0,3.1593750000000003,-0.74,0.03903346398146823,True,-17.833333333333336,14.8,-3.033333333333335,1500,1542,1659,1524,2000,2000,1000,1000,-10.0,5.0,15.0,20.0,100.0,20.0,100.0,0.03,0.25,3,1.0,1.0,60.0,1660,67.0
876,332509886842731,17.519996280956548,commit_complete,228275,11697694695091,False,bounding box clipped by image edge,,,,,0.0,0.0,228265,0.3659139070077799,0.961038961038961,0.9998105694515654,0.240625,-0.20833333333333334,0.210625,-0.17833333333333334,4.940060168755507,-0.771884401368048,commit,True,,False,False,-5.0,3.1593750000000003,-0.74,0.03903346398146823,True,-17.833333333333336,14.8,-3.033333333333335,1500,1542,1659,1524,2000,2000,1000,1000,-10.0,5.0,15.0,20.0,100.0,20.0,100.0,0.03,0.25,3,1.0,1.0,60.0,1660,67.0
877,332509906848444,17.540001993998885,commit_complete,228276,11697727699348,False,bounding box clipped by image edge,,,,,0.0,0.0,228265,0.3859196200501174,0.961038961038961,0.9998105694515654,0.240625,-0.20833333333333334,0.210625,-0.17833333333333334,4.940060168755507,-0.771884401368048,commit,True,,False,False,-5.0,3.1593750000000003,-0.74,0.03903346398146823,True,-17.833333333333336,14.8,-3.033333333333335,1500,1542,1659,1524,2000,2000,1000,1000,-10.0,5.0,15.0,20.0,100.0,20.0,100.0,0.03,0.25,3,1.0,1.0,60.0,1660,67.0
878,332509926841071,17.55999462096952,commit_complete,228277,11697760600339,False,bounding box clipped by image edge,,,,,0.0,0.0,228265,0.40591224702075124,0.961038961038961,0.9998105694515654,0.240625,-0.20833333333333334,0.210625,-0.17833333333333334,4.940060168755507,-0.771884401368048,commit,True,,False,False,-5.0,3.1593750000000003,-0.74,0.03903346398146823,True,-17.833333333333336,14.8,-3.033333333333335,1500,1542,1659,1524,2000,2000,1000,1000,-10.0,5.0,15.0,20.0,100.0,20.0,100.0,0.03,0.25,3,1.0,1.0,60.0,1660,67.0
879,332509946852084,17.580005633994006,commit_complete,228277,11697760600339,False,bounding box clipped by image edge,,,,,0.0,0.0,228265,0.42592326004523784,0.961038961038961,0.9998105694515654,0.240625,-0.20833333333333334,0.210625,-0.17833333333333334,4.940060168755507,-0.771884401368048,commit,True,,False,False,-5.0,3.1593750000000003,-0.74,0.03903346398146823,True,-17.833333333333336,14.8,-3.033333333333335,1500,1542,1659,1524,2000,2000,1000,1000,-10.0,5.0,15.0,20.0,100.0,20.0,100.0,0.03,0.25,3,1.0,1.0,60.0,1660,67.0
880,332509966859705,17.600013254967052,commit_complete,228278,11697793666100,False,bounding box clipped by image edge,,,,,0.0,0.0,228265,0.4459308810182847,0.961038961038961,0.9998105694515654,0.240625,-0.20833333333333334,0.210625,-0.17833333333333334,4.940060168755507,-0.771884401368048,commit,True,,False,False,-5.0,3.1593750000000003,-0.74,0.03903346398146823,True,-17.833333333333336,14.8,-3.033333333333335,1500,1542,1659,1524,2000,2000,1000,1000,-10.0,5.0,15.0,20.0,100.0,20.0,100.0,0.03,0.25,3,1.0,1.0,60.0,1660,67.0
881,332509986839688,17.619993237953167,commit_complete,228278,11697793666100,False,bounding box clipped by image edge,,,,,0.0,0.0,228265,0.4659108640043996,0.961038961038961,0.9998105694515654,0.240625,-0.20833333333333334,0.210625,-0.17833333333333334,4.940060168755507,-0.771884401368048,commit,True,,False,False,-5.0,3.1593750000000003,-0.74,0.03903346398146823,True,-17.833333333333336,14.8,-3.033333333333335,1500,1542,1659,1524,2000,2000,1000,1000,-10.0,5.0,15.0,20.0,100.0,20.0,100.0,0.03,0.25,3,1.0,1.0,60.0,1660,67.0
882,332510006843113,17.63999666296877,commit_complete,228279,11697826645555,False,bounding box clipped by image edge,,,,,0.0,0.0,228265,0.4859142890200019,0.961038961038961,0.9998105694515654,0.240625,-0.20833333333333334,0.210625,-0.17833333333333334,4.940060168755507,-0.771884401368048,commit,True,,False,False,-5.0,3.1593750000000003,-0.74,0.03903346398146823,True,-17.833333333333336,14.8,-3.033333333333335,1500,1542,1659,1524,2000,2000,1000,1000,-10.0,5.0,15.0,20.0,100.0,20.0,100.0,0.03,0.25,3,1.0,1.0,60.0,1660,67.0
883,332510026833803,17.65998735296307,commit_complete,228280,11697859687613,False,bounding box clipped by image edge,,,,,0.0,0.0,228265,0.5059049790143035,0.961038961038961,0.9998105694515654,0.240625,-0.20833333333333334,0.210625,-0.17833333333333334,4.940060168755507,-0.771884401368048,commit,True,,False,False,-5.0,3.1593750000000003,-0.74,0.03903346398146823,True,-17.833333333333336,14.8,-3.033333333333335,1500,1542,1659,1524,2000,2000,1000,1000,-10.0,5.0,15.0,20.0,100.0,20.0,100.0,0.03,0.25,3,1.0,1.0,60.0,1660,67.0
884,332510046863996,17.680017545993906,commit_complete,228280,11697859687613,False,bounding box clipped by image edge,,,,,0.0,0.0,228265,0.5259351720451377,0.961038961038961,0.9998105694515654,0.240625,-0.20833333333333334,0.210625,-0.17833333333333334,4.940060168755507,-0.771884401368048,commit,True,,False,False,-5.0,3.1593750000000003,-0.74,0.03903346398146823,True,-17.833333333333336,14.8,-3.033333333333335,1500,1542,1659,1524,2000,2000,1000,1000,-10.0,5.0,15.0,20.0,100.0,20.0,100.0,0.03,0.25,3,1.0,1.0,60.0,1660,67.0
885,332510066835659,17.699989208951592,commit_complete,228281,11697892617787,False,bounding box clipped by image edge,,,,,0.0,0.0,228265,0.5459068350028247,0.961038961038961,0.9998105694515654,0.240625,-0.20833333333333334,0.210625,-0.17833333333333334,4.940060168755507,-0.771884401368048,commit,True,,False,False,-5.0,3.1593750000000003,-0.74,0.03903346398146823,True,-17.833333333333336,14.8,-3.033333333333335,1500,1542,1659,1524,2000,2000,1000,1000,-10.0,5.0,15.0,20.0,100.0,20.0,100.0,0.03,0.25,3,1.0,1.0,60.0,1660,67.0
886,332510086864114,17.72001766395988,commit_complete,228281,11697892617787,False,bounding box clipped by image edge,,,,,0.0,0.0,228265,0.5659352900111116,0.961038961038961,0.9998105694515654,0.240625,-0.20833333333333334,0.210625,-0.17833333333333334,4.940060168755507,-0.771884401368048,commit,True,,False,False,-5.0,3.1593750000000003,-0.74,0.03903346398146823,True,-17.833333333333336,14.8,-3.033333333333335,1500,1542,1659,1524,2000,2000,1000,1000,-10.0,5.0,15.0,20.0,100.0,20.0,100.0,0.03,0.25,3,1.0,1.0,60.0,1660,67.0
887,332510106840421,17.739993970957585,commit_complete,228282,11697925616482,False,bounding box clipped by image edge,,,,,0.0,0.0,228265,0.5859115970088169,0.961038961038961,0.9998105694515654,0.240625,-0.20833333333333334,0.210625,-0.17833333333333334,4.940060168755507,-0.771884401368048,commit,True,,False,False,-5.0,3.1593750000000003,-0.74,0.03903346398146823,True,-17.833333333333336,14.8,-3.033333333333335,1500,1542,1659,1524,2000,2000,1000,1000,-10.0,5.0,15.0,20.0,100.0,20.0,100.0,0.03,0.25,3,1.0,1.0,60.0,1660,67.0
888,332510126850348,17.76000389800174,commit_complete,228283,11697958590132,False,bounding box clipped by image edge,,,,,0.0,0.0,228265,0.6059215240529738,0.961038961038961,0.9998105694515654,0.240625,-0.20833333333333334,0.210625,-0.17833333333333334,4.940060168755507,-0.771884401368048,commit,True,,False,False,-5.0,3.1593750000000003,-0.74,0.03903346398146823,True,-17.833333333333336,14.8,-3.033333333333335,1500,1542,1659,1524,2000,2000,1000,1000,-10.0,5.0,15.0,20.0,100.0,20.0,100.0,0.03,0.25,3,1.0,1.0,60.0,1660,67.0
889,332510146862823,17.78001637296984,commit_complete,228283,11697958590132,False,bounding box clipped by image edge,,,,,0.0,0.0,228265,0.6259339990210719,0.961038961038961,0.9998105694515654,0.240625,-0.20833333333333334,0.210625,-0.17833333333333334,4.940060168755507,-0.771884401368048,commit,True,,False,False,-5.0,3.1593750000000003,-0.74,0.03903346398146823,True,-17.833333333333336,14.8,-3.033333333333335,1500,1542,1659,1524,2000,2000,1000,1000,-10.0,5.0,15.0,20.0,100.0,20.0,100.0,0.03,0.25,3,1.0,1.0,60.0,1660,67.0
890,332510166834532,17.799988081969786,commit_complete,228284,11697991683947,False,bounding box clipped by image edge,,,,,0.0,0.0,228265,0.6459057080210187,0.961038961038961,0.9998105694515654,0.240625,-0.20833333333333334,0.210625,-0.17833333333333334,4.940060168755507,-0.771884401368048,commit,True,,False,False,-5.0,3.1593750000000003,-0.74,0.03903346398146823,True,-17.833333333333336,14.8,-3.033333333333335,1500,1542,1659,1524,2000,2000,1000,1000,-10.0,5.0,15.0,20.0,100.0,20.0,100.0,0.03,0.25,3,1.0,1.0,60.0,1660,67.0
891,332510186841761,17.819995310972445,commit_complete,228284,11697991683947,False,bounding box clipped by image edge,,,,,0.0,0.0,228265,0.6659129370236769,0.961038961038961,0.9998105694515654,0.240625,-0.20833333333333334,0.210625,-0.17833333333333334,4.940060168755507,-0.771884401368048,commit,True,,False,False,-5.0,3.1593750000000003,-0.74,0.03903346398146823,True,-17.833333333333336,14.8,-3.033333333333335,1500,1542,1659,1524,2000,2000,1000,1000,-10.0,5.0,15.0,20.0,100.0,20.0,100.0,0.03,0.25,3,1.0,1.0,60.0,1660,67.0
892,332510206838497,17.839992046996485,commit_complete,228285,11698024544944,False,bounding box clipped by image edge,,,,,0.0,0.0,228265,0.6859096730477177,0.961038961038961,0.9998105694515654,0.240625,-0.20833333333333334,0.210625,-0.17833333333333334,4.940060168755507,-0.771884401368048,commit,True,,False,False,-5.0,3.1593750000000003,-0.74,0.03903346398146823,True,-17.833333333333336,14.8,-3.033333333333335,1500,1542,1659,1524,2000,2000,1000,1000,-10.0,5.0,15.0,20.0,100.0,20.0,100.0,0.03,0.25,3,1.0,1.0,60.0,1660,67.0
893,332510226847503,17.860001052962616,commit_complete,228286,11698057785073,False,bounding box clipped by image edge,,,,,0.0,0.0,228265,0.7059186790138483,0.961038961038961,0.9998105694515654,0.240625,-0.20833333333333334,0.210625,-0.17833333333333334,4.940060168755507,-0.771884401368048,commit,True,,False,False,-5.0,3.1593750000000003,-0.74,0.03903346398146823,True,-17.833333333333336,14.8,-3.033333333333335,1500,1542,1659,1524,2000,2000,1000,1000,-10.0,5.0,15.0,20.0,100.0,20.0,100.0,0.03,0.25,3,1.0,1.0,60.0,1660,67.0
894,332510246841620,17.87999516999116,commit_complete,228286,11698057785073,False,bounding box clipped by image edge,,,,,0.0,0.0,228265,0.7259127960423939,0.961038961038961,0.9998105694515654,0.240625,-0.20833333333333334,0.210625,-0.17833333333333334,4.940060168755507,-0.771884401368048,commit,True,,False,False,-5.0,3.1593750000000003,-0.74,0.03903346398146823,True,-17.833333333333336,14.8,-3.033333333333335,1500,1542,1659,1524,2000,2000,1000,1000,-10.0,5.0,15.0,20.0,100.0,20.0,100.0,0.03,0.25,3,1.0,1.0,60.0,1660,67.0
895,332510266831754,17.899985303985886,commit_complete,228287,11698090683569,False,bounding box clipped by image edge,,,,,0.0,0.0,228265,0.7459029300371185,0.961038961038961,0.9998105694515654,0.240625,-0.20833333333333334,0.210625,-0.17833333333333334,4.940060168755507,-0.771884401368048,commit,True,,False,False,-5.0,3.1593750000000003,-0.74,0.03903346398146823,True,-17.833333333333336,14.8,-3.033333333333335,1500,1542,1659,1524,2000,2000,1000,1000,-10.0,5.0,15.0,20.0,100.0,20.0,100.0,0.03,0.25,3,1.0,1.0,60.0,1660,67.0
896,332510286832553,17.919986102962866,commit_complete,228287,11698090683569,False,bounding box clipped by image edge,,,,,0.0,0.0,228265,0.7659037290140986,0.961038961038961,0.9998105694515654,0.240625,-0.20833333333333334,0.210625,-0.17833333333333334,4.940060168755507,-0.771884401368048,commit,True,,False,False,-5.0,3.1593750000000003,-0.74,0.03903346398146823,True,-17.833333333333336,14.8,-3.033333333333335,1500,1542,1659,1524,2000,2000,1000,1000,-10.0,5.0,15.0,20.0,100.0,20.0,100.0,0.03,0.25,3,1.0,1.0,60.0,1660,67.0
897,332510306868994,17.940022544004023,commit_complete,228288,11698123543470,False,tracker unlocked,,,,,0.0,0.0,228265,0.7859401700552553,0.961038961038961,0.9998105694515654,0.240625,-0.20833333333333334,0.210625,-0.17833333333333334,4.940060168755507,-0.771884401368048,commit,True,,False,False,-5.0,3.1593750000000003,-0.74,0.03903346398146823,True,-17.833333333333336,14.8,-3.033333333333335,1500,1542,1659,1524,2000,2000,1000,1000,-10.0,5.0,15.0,20.0,100.0,20.0,100.0,0.03,0.25,3,1.0,1.0,60.0,1660,67.0
898,332510326843338,17.95999688800657,commit_complete,228289,11698156502918,False,tracker unlocked,,,,,0.0,0.0,228265,0.8059145140578039,0.961038961038961,0.9998105694515654,0.240625,-0.20833333333333334,0.210625,-0.17833333333333334,4.940060168755507,-0.771884401368048,commit,True,,False,False,-5.0,3.1593750000000003,-0.74,0.03903346398146823,True,-17.833333333333336,14.8,-3.033333333333335,1500,1542,1659,1524,2000,2000,1000,1000,-10.0,5.0,15.0,20.0,100.0,20.0,100.0,0.03,0.25,3,1.0,1.0,60.0,1660,67.0
899,332510346853911,17.98000746098114,commit_complete,228289,11698156502918,False,tracker unlocked,,,,,0.0,0.0,228265,0.825925087032374,0.961038961038961,0.9998105694515654,0.240625,-0.20833333333333334,0.210625,-0.17833333333333334,4.940060168755507,-0.771884401368048,commit,True,,False,False,-5.0,3.1593750000000003,-0.74,0.03903346398146823,True,-17.833333333333336,14.8,-3.033333333333335,1500,1542,1659,1524,2000,2000,1000,1000,-10.0,5.0,15.0,20.0,100.0,20.0,100.0,0.03,0.25,3,1.0,1.0,60.0,1660,67.0
900,332510366837718,17.999991267977748,commit_complete,228290,11698189197393,False,tracker unlocked,,,,,0.0,0.0,228265,0.8459088940289803,0.961038961038961,0.9998105694515654,0.240625,-0.20833333333333334,0.210625,-0.17833333333333334,4.940060168755507,-0.771884401368048,commit,True,,False,False,-5.0,3.1593750000000003,-0.74,0.03903346398146823,True,-17.833333333333336,14.8,-3.033333333333335,1500,1542,1659,1524,2000,2000,1000,1000,-10.0,5.0,15.0,20.0,100.0,20.0,100.0,0.03,0.25,3,1.0,1.0,60.0,1660,67.0
901,332510386831329,18.01998487894889,commit_complete,228290,11698189197393,False,tracker unlocked,,,,,0.0,0.0,228265,0.8659025050001219,0.961038961038961,0.9998105694515654,0.240625,-0.20833333333333334,0.210625,-0.17833333333333334,4.940060168755507,-0.771884401368048,commit,True,,False,False,-5.0,3.1593750000000003,-0.74,0.03903346398146823,True,-17.833333333333336,14.8,-3.033333333333335,1500,1542,1659,1524,2000,2000,1000,1000,-10.0,5.0,15.0,20.0,100.0,20.0,100.0,0.03,0.25,3,1.0,1.0,60.0,1660,67.0
902,332510406868266,18.040021815977525,commit_complete,228291,11698222215737,False,tracker unlocked,,,,,0.0,0.0,228265,0.8859394420287572,0.961038961038961,0.9998105694515654,0.240625,-0.20833333333333334,0.210625,-0.17833333333333334,4.940060168755507,-0.771884401368048,commit,True,,False,False,-5.0,3.1593750000000003,-0.74,0.03903346398146823,True,-17.833333333333336,14.8,-3.033333333333335,1500,1542,1659,1524,2000,2000,1000,1000,-10.0,5.0,15.0,20.0,100.0,20.0,100.0,0.03,0.25,3,1.0,1.0,60.0,1660,67.0
903,332510426858538,18.060012087982614,commit_complete,228292,11698256149105,False,tracker unlocked,,,,,0.0,0.0,228265,0.9059297140338458,0.961038961038961,0.9998105694515654,0.240625,-0.20833333333333334,0.210625,-0.17833333333333334,4.940060168755507,-0.771884401368048,commit,True,,False,False,-5.0,3.1593750000000003,-0.74,0.03903346398146823,True,-17.833333333333336,14.8,-3.033333333333335,1500,1542,1659,1524,2000,2000,1000,1000,-10.0,5.0,15.0,20.0,100.0,20.0,100.0,0.03,0.25,3,1.0,1.0,60.0,1660,67.0
904,332510446905146,18.08005869598128,commit_complete,228292,11698256149105,False,tracker unlocked,,,,,0.0,0.0,228265,0.9259763220325112,0.961038961038961,0.9998105694515654,0.240625,-0.20833333333333334,0.210625,-0.17833333333333334,4.940060168755507,-0.771884401368048,commit,True,,False,False,-5.0,3.1593750000000003,-0.74,0.03903346398146823,True,-17.833333333333336,14.8,-3.033333333333335,1500,1542,1659,1524,2000,2000,1000,1000,-10.0,5.0,15.0,20.0,100.0,20.0,100.0,0.03,0.25,3,1.0,1.0,60.0,1660,67.0
905,332510466835322,18.09998887195252,commit_complete,228293,11698288303511,False,tracker unlocked,,,,,0.0,0.0,228265,0.945906498003751,0.961038961038961,0.9998105694515654,0.240625,-0.20833333333333334,0.210625,-0.17833333333333334,4.940060168755507,-0.771884401368048,commit,True,,False,False,-5.0,3.1593750000000003,-0.74,0.03903346398146823,True,-17.833333333333336,14.8,-3.033333333333335,1500,1542,1659,1524,2000,2000,1000,1000,-10.0,5.0,15.0,20.0,100.0,20.0,100.0,0.03,0.25,3,1.0,1.0,60.0,1660,67.0
906,332510486841277,18.119994826964103,commit_complete,228293,11698288303511,False,tracker unlocked,,,,,0.0,0.0,228265,0.9659124530153349,0.961038961038961,0.9998105694515654,0.240625,-0.20833333333333334,0.210625,-0.17833333333333334,4.940060168755507,-0.771884401368048,commit,True,,False,False,-5.0,3.1593750000000003,-0.74,0.03903346398146823,True,-17.833333333333336,14.8,-3.033333333333335,1500,1542,1659,1524,2000,2000,1000,1000,-10.0,5.0,15.0,20.0,100.0,20.0,100.0,0.03,0.25,3,1.0,1.0,60.0,1660,67.0
907,332510506872628,18.140026177978143,commit_complete,228294,11698321768928,False,tracker unlocked,,,,,0.0,0.0,228265,0.9859438040293753,0.961038961038961,0.9998105694515654,0.240625,-0.20833333333333334,0.210625,-0.17833333333333334,4.940060168755507,-0.771884401368048,commit,True,,False,False,-5.0,3.1593750000000003,-0.74,0.03903346398146823,True,-17.833333333333336,14.8,-3.033333333333335,1500,1542,1659,1524,2000,2000,1000,1000,-10.0,5.0,15.0,20.0,100.0,20.0,100.0,0.03,0.25,3,1.0,1.0,60.0,1660,67.0
908,332510526841846,18.15999539598124,commit_complete,228295,11698354874541,False,tracker unlocked,,,,,0.0,0.0,228265,1.0059130220324732,0.961038961038961,0.9998105694515654,0.240625,-0.20833333333333334,0.210625,-0.17833333333333334,4.940060168755507,-0.771884401368048,commit,True,,False,False,-5.0,3.1593750000000003,-0.74,0.03903346398146823,True,-17.833333333333336,14.8,-3.033333333333335,1500,1542,1659,1524,2000,2000,1000,1000,-10.0,5.0,15.0,20.0,100.0,20.0,100.0,0.03,0.25,3,1.0,1.0,60.0,1660,67.0
909,332510546872066,18.180025615962222,commit_complete,228295,11698354874541,False,tracker unlocked,,,,,0.0,0.0,228265,1.0259432420134544,0.961038961038961,0.9998105694515654,0.240625,-0.20833333333333334,0.210625,-0.17833333333333334,4.940060168755507,-0.771884401368048,commit,False,commit timeout,True,True,0.0,0.0,,,False,0.0,0.0,0.0,1500,1500,1660,1500,2000,2000,1000,1000,-10.0,5.0,15.0,20.0,100.0,20.0,100.0,0.03,0.25,3,1.0,1.0,60.0,1660,67.0
