sample_index,time_monotonic_ns,elapsed_s,end_reason,observed_frame_id,observed_timestamp_ns,observed_valid,observed_reason,observed_depth_m,observed_slant_range_m,observed_dx_norm,observed_dy_norm,observed_vx_m_s,observed_vy_m_s,control_frame_id,control_estimate_age_s,control_depth_m,control_slant_range_m,control_dx_norm,control_dy_norm,control_dx_deadbanded,control_dy_deadbanded,control_vx_m_s,control_vy_m_s,phase,result_valid,result_reason,exit_requested,completion_latched,pitch_command_deg,yaw_rate_dps,throttle_correction_rc,ch1_roll,ch2_pitch,ch3_throttle,ch4_yaw,ch5_arm,ch6_angle,ch7_aux3,ch8_aux4,trk_pitch_deg,trk_pitch_rate_deg_s,trk_yaw_kp,trk_yaw_max_dps,trk_throttle_kp,trk_throttle_max_rc,trk_deadband,trk_timeout_s,trk_lock_frames,trk_commit_depth_m,trk_commit_s,bf_angle_limit_deg,hover_baseline_rc,bf_yaw_rate_dps
0,326435695407262,0.0,target_lost_or_stale,105745,5623489393463,True,,15.087719298245613,17.3576823724465,0.0078125,-0.7583333333333333,4.34622171119176,-2.471913598240313,105745,0.02497803303413093,15.087719298245613,17.3576823724465,0.0078125,-0.7583333333333333,0.0,-0.7283333333333333,4.34622171119176,-2.471913598240313,tracking,True,,False,False,0.0,0.0,-72.83333333333333,1500,1500,1587,1500,2000,2000,1000,1000,-10.0,5.0,15.0,20.0,100.0,100.0,0.03,0.25,3,1.0,1.0,60.0,1660,67.0
1,326435715428463,0.020021200994960964,target_lost_or_stale,105746,5623522356433,True,,15.087719298245613,17.346039889913133,0.0078125,-0.75625,4.349138984909696,-2.4667772680034683,105746,0.011526001035235822,15.087719298245613,17.346039889913133,0.0078125,-0.75625,0.0,-0.72625,4.349138984909696,-2.4667772680034683,tracking,True,,False,False,-0.10010600497480482,0.0,-72.625,1500,1501,1587,1500,2000,2000,1000,1000,-10.0,5.0,15.0,20.0,100.0,100.0,0.03,0.25,3,1.0,1.0,60.0,1660,67.0
2,326435735511940,0.04010467795887962,target_lost_or_stale,105746,5623522356433,True,,15.087719298245613,17.346039889913133,0.0078125,-0.75625,4.349138984909696,-2.4667772680034683,105746,0.03160947799915448,15.087719298245613,17.346039889913133,0.0078125,-0.75625,0.0,-0.72625,4.349138984909696,-2.4667772680034683,tracking,True,,False,False,-0.2005233897943981,0.0,-72.625,1500,1502,1587,1500,2000,2000,1000,1000,-10.0,5.0,15.0,20.0,100.0,100.0,0.03,0.25,3,1.0,1.0,60.0,1660,67.0
3,326435755387845,0.05998058296972886,target_lost_or_stale,105747,5623555519310,True,,15.087719298245613,17.346039889913133,0.0078125,-0.75625,4.349138984909696,-2.4667772680034683,105747,0.018038598005659878,15.087719298245613,17.346039889913133,0.0078125,-0.75625,0.0,-0.72625,4.349138984909696,-2.4667772680034683,tracking,True,,False,False,-0.2999029148486443,0.0,-72.625,1500,1502,1587,1500,2000,2000,1000,1000,-10.0,5.0,15.0,20.0,100.0,100.0,0.03,0.25,3,1.0,1.0,60.0,1660,67.0
4,326435775405321,0.07999805896542966,target_lost_or_stale,105748,5623588795111,True,,14.821052631578947,17.039458719765832,0.0078125,-0.75625,4.349138984909697,-2.4667772680034683,105748,0.004604020970873535,14.821052631578947,17.039458719765832,0.0078125,-0.75625,0.0,-0.72625,4.349138984909697,-2.4667772680034683,tracking,True,,False,False,-0.3999902948271483,0.0,-72.625,1500,1503,1587,1500,2000,2000,1000,1000,-10.0,5.0,15.0,20.0,100.0,100.0,0.03,0.25,3,1.0,1.0,60.0,1660,67.0
5,326435795384351,0.09997708897572011,target_lost_or_stale,105748,5623588795111,True,,14.821052631578947,17.039458719765832,0.0078125,-0.75625,4.349138984909697,-2.4667772680034683,105748,0.02458305098116398,14.821052631578947,17.039458719765832,0.0078125,-0.75625,0.0,-0.72625,4.349138984909697,-2.4667772680034683,tracking,True,,False,False,-0.49988544487860054,0.0,-72.625,1500,1504,1587,1500,2000,2000,1000,1000,-10.0,5.0,15.0,20.0,100.0,100.0,0.03,0.25,3,1.0,1.0,60.0,1660,67.0
6,326435815396941,0.11998967896215618,target_lost_or_stale,105749,5623621492687,True,,14.821052631578947,17.039458719765832,0.0078125,-0.75625,4.349138984909697,-2.4667772680034683,105749,0.011120976996608078,14.821052631578947,17.039458719765832,0.0078125,-0.75625,0.0,-0.72625,4.349138984909697,-2.4667772680034683,tracking,True,,False,False,-0.5999483948107809,0.0,-72.625,1500,1505,1587,1500,2000,2000,1000,1000,-10.0,5.0,15.0,20.0,100.0,100.0,0.03,0.25,3,1.0,1.0,60.0,1660,67.0
7,326435835402095,0.1399948329781182,target_lost_or_stale,105749,5623621492687,True,,14.821052631578947,17.039458719765832,0.0078125,-0.75625,4.349138984909697,-2.4667772680034683,105749,0.031126131012570113,14.821052631578947,17.039458719765832,0.0078125,-0.75625,0.0,-0.72625,4.349138984909697,-2.4667772680034683,tracking,True,,False,False,-0.699974164890591,0.0,-72.625,1500,1506,1587,1500,2000,2000,1000,1000,-10.0,5.0,15.0,20.0,100.0,100.0,0.03,0.25,3,1.0,1.0,60.0,1660,67.0
8,326435855390132,0.15998286998365074,target_lost_or_stale,105750,5623654785442,True,,14.821052631578947,17.028045824413848,0.0078125,-0.7541666666666667,4.352054091146035,-2.4616305953044755,105750,0.01769968098960817,14.821052631578947,17.028045824413848,0.0078125,-0.7541666666666667,0.0,-0.7241666666666666,4.352054091146035,-2.4616305953044755,tracking,True,,False,False,-0.7999143499182537,0.0,-72.41666666666666,1500,1507,1588,1500,2000,2000,1000,1000,-10.0,5.0,15.0,20.0,100.0,100.0,0.03,0.25,3,1.0,1.0,60.0,1660,67.0
9,326435875392036,0.17998477397486567,target_lost_or_stale,105752,5623720624491,True,,14.821052631578947,17.016656790046902,0.0078125,-0.7520833333333333,4.3549670010377195,-2.4564735740228385,105752,0.004249332996550947,14.821052631578947,17.016656790046902,0.0078125,-0.7520833333333333,0.0,-0.7220833333333333,4.3549670010377195,-2.4564735740228385,tracking,True,,False,False,-0.8999238698743284,0.0,-72.20833333333333,1500,1507,1588,1500,2000,2000,1000,1000,-10.0,5.0,15.0,20.0,100.0,100.0,0.03,0.25,3,1.0,1.0,60.0,1660,67.0
10,326435895383180,0.19997591798892245,target_lost_or_stale,105752,5623720624491,True,,14.821052631578947,17.016656790046902,0.0078125,-0.7520833333333333,4.3549670010377195,-2.4564735740228385,105752,0.02424047701060772,14.821052631578947,17.016656790046902,0.0078125,-0.7520833333333333,0.0,-0.7220833333333333,4.3549670010377195,-2.4564735740228385,tracking,True,,False,False,-0.9998795899446122,0.0,-72.20833333333333,1500,1508,1588,1500,2000,2000,1000,1000,-10.0,5.0,15.0,20.0,100.0,100.0,0.03,0.25,3,1.0,1.0,60.0,1660,67.0
11,326435915395298,0.21998803596943617,target_lost_or_stale,105753,5623753386024,True,,14.821052631578947,17.016656790046902,0.0078125,-0.7520833333333333,4.3549670010377195,-2.4564735740228385,105753,0.010793644993100315,14.821052631578947,17.016656790046902,0.0078125,-0.7520833333333333,0.0,-0.7220833333333333,4.3549670010377195,-2.4564735740228385,tracking,True,,False,False,-1.0999401798471808,0.0,-72.20833333333333,1500,1509,1588,1500,2000,2000,1000,1000,-10.0,5.0,15.0,20.0,100.0,100.0,0.03,0.25,3,1.0,1.0,60.0,1660,67.0
12,326435935442432,0.24003516999073327,target_lost_or_stale,105753,5623753386024,True,,14.821052631578947,17.016656790046902,0.0078125,-0.7520833333333333,4.3549670010377195,-2.4564735740228385,105753,0.030840779014397413,14.821052631578947,17.016656790046902,0.0078125,-0.7520833333333333,0.0,-0.7220833333333333,4.3549670010377195,-2.4564735740228385,tracking,True,,False,False,-1.2001758499536663,0.0,-72.20833333333333,1500,1510,1588,1500,2000,2000,1000,1000,-10.0,5.0,15.0,20.0,100.0,100.0,0.03,0.25,3,1.0,1.0,60.0,1660,67.0
13,326435955392827,0.259985564975068,target_lost_or_stale,105754,5623786288912,True,,14.821052631578947,17.005291664606577,0.0078125,-0.75,4.357877685622746,-2.451306198162795,105754,0.017292640986852348,14.821052631578947,17.005291664606577,0.0078125,-0.75,0.0,-0.72,4.357877685622746,-2.451306198162795,tracking,True,,False,False,-1.2999278248753399,0.0,-72.0,1500,1511,1588,1500,2000,2000,1000,1000,-10.0,5.0,15.0,20.0,100.0,100.0,0.03,0.25,3,1.0,1.0,60.0,1660,67.0
14,326435975385381,0.2799781190115027,target_lost_or_stale,105755,5623819307743,True,,14.821052631578947,16.993950496061938,0.0078125,-0.7479166666666667,4.360786115840425,-2.4461284618542383,105755,0.003878370043821633,14.821052631578947,16.993950496061938,0.0078125,-0.7479166666666667,0.0,-0.7179166666666666,4.360786115840425,-2.4461284618542383,tracking,True,,False,False,-1.3998905950575136,0.0,-71.79166666666667,1500,1512,1588,1500,2000,2000,1000,1000,-10.0,5.0,15.0,20.0,100.0,100.0,0.03,0.25,3,1.0,1.0,60.0,1660,67.0
15,326435995385202,0.2999779399833642,target_lost_or_stale,105755,5623819307743,True,,14.821052631578947,16.993950496061938,0.0078125,-0.7479166666666667,4.360786115840425,-2.4461284618542383,105755,0.023878191015683115,14.821052631578947,16.993950496061938,0.0078125,-0.7479166666666667,0.0,-0.7179166666666666,4.360786115840425,-2.4461284618542383,tracking,True,,False,False,-1.499889699916821,0.0,-71.79166666666667,1500,1512,1588,1500,2000,2000,1000,1000,-10.0,5.0,15.0,20.0,100.0,100.0,0.03,0.25,3,1.0,1.0,60.0,1660,67.0
16,326436015413821,0.32000655896263197,target_lost_or_stale,105756,5623852382041,True,,14.821052631578947,16.993950496061938,0.0078125,-0.7479166666666667,4.360786115840425,-2.4461284618542383,105756,0.010423648986034095,14.821052631578947,16.993950496061938,0.0078125,-0.7479166666666667,0.0,-0.7179166666666666,4.360786115840425,-2.4461284618542383,tracking,True,,False,False,-1.6000327948131599,0.0,-71.79166666666667,1500,1513,1588,1500,2000,2000,1000,1000,-10.0,5.0,15.0,20.0,100.0,100.0,0.03,0.25,3,1.0,1.0,60.0,1660,67.0
17,326436035420597,0.340013334993273,target_lost_or_stale,105756,5623852382041,True,,14.821052631578947,16.993950496061938,0.0078125,-0.7479166666666667,4.360786115840425,-2.4461284618542383,105756,0.030430425016675144,14.821052631578947,16.993950496061938,0.0078125,-0.7479166666666667,0.0,-0.7179166666666666,4.360786115840425,-2.4461284618542383,tracking,True,,False,False,-1.700066674966365,0.0,-71.79166666666667,1500,1514,1588,1500,2000,2000,1000,1000,-10.0,5.0,15.0,20.0,100.0,100.0,0.03,0.25,3,1.0,1.0,60.0,1660,67.0
18,326436055399121,0.35999185900436714,target_lost_or_stale,105757,5623885428536,True,,14.821052631578947,16.971340221669813,0.0078125,-0.74375,4.3665960964391495,-2.435741885044963,105757,0.01698216499062255,14.821052631578947,16.971340221669813,0.0078125,-0.74375,0.0,-0.71375,4.3665960964391495,-2.435741885044963,tracking,True,,False,False,-1.7999592950218357,0.0,-71.375,1500,1515,1589,1500,2000,2000,1000,1000,-10.0,5.0,15.0,20.0,100.0,100.0,0.03,0.25,3,1.0,1.0,60.0,1660,67.0
19,326436075415728,0.3800084659596905,target_lost_or_stale,105758,5623919242281,True,,14.821052631578947,16.96007121189252,0.0078125,-0.7416666666666667,4.369497588207827,-2.4305330334406037,105758,0.0035826839739456773,14.821052631578947,16.96007121189252,0.0078125,-0.7416666666666667,0.0,-0.7116666666666667,4.369497588207827,-2.4305330334406037,tracking,True,,False,False,-1.9000423297984526,0.0,-71.16666666666667,1500,1516,1589,1500,2000,2000,1000,1000,-10.0,5.0,15.0,20.0,100.0,100.0,0.03,0.25,3,1.0,1.0,60.0,1660,67.0
20,326436095383358,0.39997609599959105,target_lost_or_stale,105758,5623919242281,True,,14.821052631578947,16.96007121189252,0.0078125,-0.7416666666666667,4.369497588207827,-2.4305330334406037,105758,0.02355031401384622,14.821052631578947,16.96007121189252,0.0078125,-0.7416666666666667,0.0,-0.7116666666666667,4.369497588207827,-2.4305330334406037,tracking,True,,False,False,-1.9998804799979553,0.0,-71.16666666666667,1500,1517,1589,1500,2000,2000,1000,1000,-10.0,5.0,15.0,20.0,100.0,100.0,0.03,0.25,3,1.0,1.0,60.0,1660,67.0
21,326436115393041,0.4199857789790258,target_lost_or_stale,105759,5623951842546,True,,14.821052631578947,16.948826351150114,0.0078125,-0.7395833333333334,4.372396708384993,-2.425313799182301,105759,0.010106917994562536,14.821052631578947,16.948826351150114,0.0078125,-0.7395833333333334,0.0,-0.7095833333333333,4.372396708384993,-2.425313799182301,tracking,True,,False,False,-2.099928894895129,0.0,-70.95833333333333,1500,1517,1589,1500,2000,2000,1000,1000,-10.0,5.0,15.0,20.0,100.0,100.0,0.03,0.25,3,1.0,1.0,60.0,1660,67.0
22,326436135408111,0.44000084896106273,target_lost_or_stale,105759,5623951842546,True,,14.821052631578947,16.948826351150114,0.0078125,-0.7395833333333334,4.372396708384993,-2.425313799182301,105759,0.030121987976599485,14.821052631578947,16.948826351150114,0.0078125,-0.7395833333333334,0.0,-0.7095833333333333,4.372396708384993,-2.425313799182301,tracking,True,,False,False,-2.2000042448053136,0.0,-70.95833333333333,1500,1518,1590,1500,2000,2000,1000,1000,-10.0,5.0,15.0,20.0,100.0,100.0,0.03,0.25,3,1.0,1.0,60.0,1660,67.0
23,326436155384511,0.4599772489746101,target_lost_or_stale,105760,5623984882541,True,,14.821052631578947,16.92640926918413,0.0078125,-0.7354166666666667,4.3781877156679645,-2.4148441619231114,105760,0.016660711960867047,14.821052631578947,16.92640926918413,0.0078125,-0.7354166666666667,0.0,-0.7054166666666667,4.3781877156679645,-2.4148441619231114,tracking,True,,False,False,-2.2998862448730506,0.0,-70.54166666666667,1500,1519,1590,1500,2000,2000,1000,1000,-10.0,5.0,15.0,20.0,100.0,100.0,0.03,0.25,3,1.0,1.0,60.0,1660,67.0
24,326436175418860,0.4800115979742259,target_lost_or_stale,105761,5624018398502,True,,14.821052631578947,16.91523714422678,0.0078125,-0.7333333333333333,4.381079543383236,-2.4095937488607793,105761,0.0032446059631183743,14.821052631578947,16.91523714422678,0.0078125,-0.7333333333333333,0.0,-0.7033333333333333,4.381079543383236,-2.4095937488607793,tracking,True,,False,False,-2.4000579898711294,0.0,-70.33333333333333,1500,1520,1590,1500,2000,2000,1000,1000,-10.0,5.0,15.0,20.0,100.0,100.0,0.03,0.25,3,1.0,1.0,60.0,1660,67.0
25,326436195401393,0.49999413097975776,target_lost_or_stale,105761,5624018398502,True,,14.821052631578947,16.91523714422678,0.0078125,-0.7333333333333333,4.381079543383236,-2.4095937488607793,105761,0.02322713896865025,14.821052631578947,16.91523714422678,0.0078125,-0.7333333333333333,0.0,-0.7033333333333333,4.381079543383236,-2.4095937488607793,tracking,True,,False,False,-2.499970654898789,0.0,-70.33333333333333,1500,1521,1590,1500,2000,2000,1000,1000,-10.0,5.0,15.0,20.0,100.0,100.0,0.03,0.25,3,1.0,1.0,60.0,1660,67.0
26,326436215561747,0.5201544850133359,target_lost_or_stale,105762,5624051458368,True,,15.087719298245613,17.196911377594624,0.0078125,-0.7291666666666666,4.386855697761927,-2.399061709713554,105762,0.009950225008651614,15.087719298245613,17.196911377594624,0.0078125,-0.7291666666666666,0.0,-0.6991666666666666,4.386855697761927,-2.399061709713554,tracking,True,,False,False,-2.6007724250666797,0.0,-69.91666666666666,1500,1522,1591,1500,2000,2000,1000,1000,-10.0,5.0,15.0,20.0,100.0,100.0,0.03,0.25,3,1.0,1.0,60.0,1660,67.0
27,326436235419948,0.5400126859894954,target_lost_or_stale,105762,5624051458368,True,,15.087719298245613,17.196911377594624,0.0078125,-0.7291666666666666,4.386855697761927,-2.399061709713554,105762,0.029808425984811038,15.087719298245613,17.196911377594624,0.0078125,-0.7291666666666666,0.0,-0.6991666666666666,4.386855697761927,-2.399061709713554,tracking,True,,False,False,-2.700063429947477,0.0,-69.91666666666666,1500,1523,1591,1500,2000,2000,1000,1000,-10.0,5.0,15.0,20.0,100.0,100.0,0.03,0.25,3,1.0,1.0,60.0,1660,67.0
28,326436255384864,0.5599776019807905,target_lost_or_stale,105763,5624083972576,True,,15.087719298245613,17.174338998782748,0.0078125,-0.725,4.392621650686841,-2.3884880225609697,105763,0.016284715966321528,15.087719298245613,17.174338998782748,0.0078125,-0.725,0.0,-0.695,4.392621650686841,-2.3884880225609697,tracking,True,,False,False,-2.7998880099039525,0.0,-69.5,1500,1523,1591,1500,2000,2000,1000,1000,-10.0,5.0,15.0,20.0,100.0,100.0,0.03,0.25,3,1.0,1.0,60.0,1660,67.0
29,326436275390342,0.5799830799805932,target_lost_or_stale,105764,5624117984467,True,,15.087719298245613,17.151866523528554,0.0078125,-0.7208333333333333,4.398377160762358,-2.3778726525371496,105764,0.002858604013454169,15.087719298245613,17.151866523528554,0.0078125,-0.7208333333333333,0.0,-0.6908333333333333,4.398377160762358,-2.3778726525371496,tracking,True,,False,False,-2.899915399902966,0.0,-69.08333333333333,1500,1524,1592,1500,2000,2000,1000,1000,-10.0,5.0,15.0,20.0,100.0,100.0,0.03,0.25,3,1.0,1.0,60.0,1660,67.0
30,326436295387757,0.5999804949969985,target_lost_or_stale,105764,5624117984467,True,,15.087719298245613,17.151866523528554,0.0078125,-0.7208333333333333,4.398377160762358,-2.3778726525371496,105764,0.022856019029859453,15.087719298245613,17.151866523528554,0.0078125,-0.7208333333333333,0.0,-0.6908333333333333,4.398377160762358,-2.3778726525371496,tracking,True,,False,False,-2.9999024749849923,0.0,-69.08333333333333,1500,1525,1592,1500,2000,2000,1000,1000,-10.0,5.0,15.0,20.0,100.0,100.0,0.03,0.25,3,1.0,1.0,60.0,1660,67.0
31,326436315406534,0.6199992719921283,target_lost_or_stale,105765,5624150545154,True,,15.087719298245613,17.12949434502758,0.0078125,-0.7166666666666667,4.404121985078255,-2.367215566979562,105765,0.009427387034520507,15.087719298245613,17.12949434502758,0.0078125,-0.7166666666666667,0.0,-0.6866666666666666,4.404121985078255,-2.367215566979562,tracking,True,,False,False,-3.0999963599606417,0.0,-68.66666666666667,1500,1526,1592,1500,2000,2000,1000,1000,-10.0,5.0,15.0,20.0,100.0,100.0,0.03,0.25,3,1.0,1.0,60.0,1660,67.0
32,326436335422589,0.6400153269642033,target_lost_or_stale,105765,5624150545154,True,,15.087719298245613,17.12949434502758,0.0078125,-0.7166666666666667,4.404121985078255,-2.367215566979562,105765,0.029443442006595433,15.087719298245613,17.12949434502758,0.0078125,-0.7166666666666667,0.0,-0.6866666666666666,4.404121985078255,-2.367215566979562,tracking,True,,False,False,-3.2000766348210163,0.0,-68.66666666666667,1500,1527,1592,1500,2000,2000,1000,1000,-10.0,5.0,15.0,20.0,100.0,100.0,0.03,0.25,3,1.0,1.0,60.0,1660,67.0
33,326436355404393,0.6599971309769899,target_lost_or_stale,105766,5624183509956,True,,15.087719298245613,17.10722285677273,0.0078125,-0.7125,4.40985587922126,-2.356516735458861,105766,0.015992150001693517,15.087719298245613,17.10722285677273,0.0078125,-0.7125,0.0,-0.6825,4.40985587922126,-2.356516735458861,tracking,True,,False,False,-3.2999856548849493,0.0,-68.25,1500,1527,1593,1500,2000,2000,1000,1000,-10.0,5.0,15.0,20.0,100.0,100.0,0.03,0.25,3,1.0,1.0,60.0,1660,67.0
34,326436375384337,0.679977074963972,target_lost_or_stale,105767,5624217044657,True,,15.087719298245613,17.085052452533052,0.0078125,-0.7083333333333334,4.415578597287054,-2.3457761298087476,105767,0.002493501000571996,15.087719298245613,17.085052452533052,0.0078125,-0.7083333333333334,0.0,-0.6783333333333333,4.415578597287054,-2.3457761298087476,tracking,True,,False,False,-3.39988537481986,0.0,-67.83333333333333,1500,1528,1593,1500,2000,2000,1000,1000,-10.0,5.0,15.0,20.0,100.0,100.0,0.03,0.25,3,1.0,1.0,60.0,1660,67.0
35,326436395460563,0.7000533009995706,target_lost_or_stale,105767,5624217044657,True,,15.087719298245613,17.085052452533052,0.0078125,-0.7083333333333334,4.415578597287054,-2.3457761298087476,105767,0.02256972703617066,15.087719298245613,17.085052452533052,0.0078125,-0.7083333333333334,0.0,-0.6783333333333333,4.415578597287054,-2.3457761298087476,tracking,True,,False,False,-3.500266504997853,0.0,-67.83333333333333,1500,1529,1593,1500,2000,2000,1000,1000,-10.0,5.0,15.0,20.0,100.0,100.0,0.03,0.25,3,1.0,1.0,60.0,1660,67.0
36,326436415395338,0.7199880759580992,target_lost_or_stale,105768,5624250834074,True,,15.087719298245613,17.06298352633228,0.0078125,-0.7041666666666667,4.4212898918927275,-2.3349937241558467,105768,0.009099061950109899,15.087719298245613,17.06298352633228,0.0078125,-0.7041666666666667,0.0,-0.6741666666666667,4.4212898918927275,-2.3349937241558467,tracking,True,,False,False,-3.599940379790496,0.0,-67.41666666666667,1500,1530,1594,1500,2000,2000,1000,1000,-10.0,5.0,15.0,20.0,100.0,100.0,0.03,0.25,3,1.0,1.0,60.0,1660,67.0
37,326436435395883,0.7399886209750548,target_lost_or_stale,105768,5624250834074,True,,15.087719298245613,17.06298352633228,0.0078125,-0.7041666666666667,4.4212898918927275,-2.3349937241558467,105768,0.029099606967065483,15.087719298245613,17.06298352633228,0.0078125,-0.7041666666666667,0.0,-0.6741666666666667,4.4212898918927275,-2.3349937241558467,tracking,True,,False,False,-3.699943104875274,0.0,-67.41666666666667,1500,1531,1594,1500,2000,2000,1000,1000,-10.0,5.0,15.0,20.0,100.0,100.0,0.03,0.25,3,1.0,1.0,60.0,1660,67.0
38,326436455409024,0.7600017620134167,target_lost_or_stale,105769,5624283778748,True,,15.087719298245613,17.041016472427078,0.0078125,-0.7,4.426989514189717,-2.3241694949496017,105769,0.01565685501554981,15.087719298245613,17.041016472427078,0.0078125,-0.7,0.0,-0.6699999999999999,4.426989514189717,-2.3241694949496017,tracking,True,,False,False,-3.8000088100670837,0.0,-67.0,1500,1532,1594,1500,2000,2000,1000,1000,-10.0,5.0,15.0,20.0,100.0,100.0,0.03,0.25,3,1.0,1.0,60.0,1660,67.0
39,326436475412034,0.7800047720083967,target_lost_or_stale,105770,5624317550852,True,,15.087719298245613,16.99738955956203,0.0078125,-0.6916666666666667,4.438352739215875,-2.3023954834682354,105770,0.0021972600370645523,15.087719298245613,16.99738955956203,0.0078125,-0.6916666666666667,0.0,-0.6616666666666666,4.438352739215875,-2.3023954834682354,tracking,True,,False,False,-3.9000238600419834,0.0,-66.16666666666666,1500,1533,1595,1500,2000,2000,1000,1000,-10.0,5.0,15.0,20.0,100.0,100.0,0.03,0.25,3,1.0,1.0,60.0,1660,67.0
40,326436495438760,0.8000314979581162,target_lost_or_stale,105770,5624317550852,True,,15.087719298245613,16.99738955956203,0.0078125,-0.6916666666666667,4.438352739215875,-2.3023954834682354,105770,0.0222239859867841,15.087719298245613,16.99738955956203,0.0078125,-0.6916666666666667,0.0,-0.6616666666666666,4.438352739215875,-2.3023954834682354,tracking,True,,False,False,-4.000157489790581,0.0,-66.16666666666666,1500,1533,1595,1500,2000,2000,1000,1000,-10.0,5.0,15.0,20.0,100.0,100.0,0.03,0.25,3,1.0,1.0,60.0,1660,67.0
41,326436515436407,0.8200291449902579,target_lost_or_stale,105771,5624351123169,True,,15.087719298245613,16.97573049008028,0.0078125,-0.6875,4.44401583704247,-2.2914456659750235,105771,0.008748022024519742,15.087719298245613,16.97573049008028,0.0078125,-0.6875,0.0,-0.6575,4.44401583704247,-2.2914456659750235,tracking,True,,False,False,-4.10014572495129,0.0,-65.75,1500,1534,1596,1500,2000,2000,1000,1000,-10.0,5.0,15.0,20.0,100.0,100.0,0.03,0.25,3,1.0,1.0,60.0,1660,67.0
42,326436535430582,0.8400233199936338,target_lost_or_stale,105771,5624351123169,True,,15.087719298245613,16.97573049008028,0.0078125,-0.6875,4.44401583704247,-2.2914456659750235,105771,0.0287421970278956,15.087719298245613,16.97573049008028,0.0078125,-0.6875,0.0,-0.6575,4.44401583704247,-2.2914456659750235,tracking,True,,False,False,-4.200116599968169,0.0,-65.75,1500,1535,1596,1500,2000,2000,1000,1000,-10.0,5.0,15.0,20.0,100.0,100.0,0.03,0.25,3,1.0,1.0,60.0,1660,67.0
43,326436555420336,0.8600130740087479,target_lost_or_stale,105772,5624381636042,True,,15.087719298245613,16.9541748718048,0.0078125,-0.6833333333333333,4.449666252784379,-2.280453954551994,105772,0.015273455996066332,15.087719298245613,16.9541748718048,0.0078125,-0.6833333333333333,0.0,-0.6533333333333333,4.449666252784379,-2.280453954551994,tracking,True,,False,False,-4.30006537004374,0.0,-65.33333333333333,1500,1536,1597,1500,2000,2000,1000,1000,-10.0,5.0,15.0,20.0,100.0,100.0,0.03,0.25,3,1.0,1.0,60.0,1660,67.0
44,326436575424181,0.8800169189926237,target_lost_or_stale,105773,5624414719919,True,,15.087719298245613,16.932723099820542,0.0078125,-0.6791666666666667,4.455303730475052,-2.2694203377107294,105773,0.0018416550010442734,15.087719298245613,16.932723099820542,0.0078125,-0.6791666666666667,0.0,-0.6491666666666667,4.455303730475052,-2.2694203377107294,tracking,True,,False,False,-4.400084594963118,0.0,-64.91666666666667,1500,1537,1597,1500,2000,2000,1000,1000,-10.0,5.0,15.0,20.0,100.0,100.0,0.03,0.25,3,1.0,1.0,60.0,1660,67.0
45,326436595426678,0.900019416003488,target_lost_or_stale,105773,5624414719919,True,,15.087719298245613,16.932723099820542,0.0078125,-0.6791666666666667,4.455303730475052,-2.2694203377107294,105773,0.02184415201190859,15.087719298245613,16.932723099820542,0.0078125,-0.6791666666666667,0.0,-0.6491666666666667,4.455303730475052,-2.2694203377107294,tracking,True,,False,False,-4.50009708001744,0.0,-64.91666666666667,1500,1538,1597,1500,2000,2000,1000,1000,-10.0,5.0,15.0,20.0,100.0,100.0,0.03,0.25,3,1.0,1.0,60.0,1660,67.0
46,326436615399629,0.9199923669802956,target_lost_or_stale,105774,5624446597600,True,,15.087719298245613,16.89013267552398,0.0078125,-0.6708333333333333,4.466538840961863,-2.247227354358937,105774,0.00830334599595517,15.087719298245613,16.89013267552398,0.0078125,-0.6708333333333333,0.0,-0.6408333333333333,4.466538840961863,-2.247227354358937,tracking,True,,False,False,-4.599961834901478,0.0,-64.08333333333333,1500,1538,1598,1500,2000,2000,1000,1000,-10.0,5.0,15.0,20.0,100.0,100.0,0.03,0.25,3,1.0,1.0,60.0,1660,67.0
47,326436635410720,0.9400034580030479,target_lost_or_stale,105774,5624446597600,True,,15.087719298245613,16.89013267552398,0.0078125,-0.6708333333333333,4.466538840961863,-2.247227354358937,105774,0.028314437018707395,15.087719298245613,16.89013267552398,0.0078125,-0.6708333333333333,0.0,-0.6408333333333333,4.466538840961863,-2.247227354358937,tracking,True,,False,False,-4.700017290015239,0.0,-64.08333333333333,1500,1539,1598,1500,2000,2000,1000,1000,-10.0,5.0,15.0,20.0,100.0,100.0,0.03,0.25,3,1.0,1.0,60.0,1660,67.0
48,326436655398193,0.9599909309763461,target_lost_or_stale,105775,5624479771753,True,,15.087719298245613,16.86899481376856,0.0078125,-0.6666666666666666,4.472135954999579,-2.2360679774997894,105775,0.014914495986886322,15.087719298245613,16.86899481376856,0.0078125,-0.6666666666666666,0.0,-0.6366666666666666,4.472135954999579,-2.2360679774997894,tracking,True,,False,False,-4.799954654881731,0.0,-63.66666666666666,1500,1540,1599,1500,2000,2000,1000,1000,-10.0,5.0,15.0,20.0,100.0,100.0,0.03,0.25,3,1.0,1.0,60.0,1660,67.0
49,326436675408609,0.9800013469648547,target_lost_or_stale,105776,5624512614260,True,,15.087719298245613,16.827035767654827,0.0078125,-0.6583333333333333,4.483287993783123,-2.213623446930417,105776,0.0014429150032810867,15.087719298245613,16.827035767654827,0.0078125,-0.6583333333333333,0.0,-0.6283333333333333,4.483287993783123,-2.213623446930417,tracking,True,,False,False,-4.900006734824274,0.0,-62.83333333333333,1500,1541,1600,1500,2000,2000,1000,1000,-10.0,5.0,15.0,20.0,100.0,100.0,0.03,0.25,3,1.0,1.0,60.0,1660,67.0
50,326436695454618,1.0000473560066894,target_lost_or_stale,105776,5624512614260,True,,15.087719298245613,16.827035767654827,0.0078125,-0.6583333333333333,4.483287993783123,-2.213623446930417,105776,0.02148892404511571,15.087719298245613,16.827035767654827,0.0078125,-0.6583333333333333,0.0,-0.6283333333333333,4.483287993783123,-2.213623446930417,tracking,True,,False,False,-5.000236780033447,0.0,-62.83333333333333,1500,1542,1600,1500,2000,2000,1000,1000,-10.0,5.0,15.0,20.0,100.0,100.0,0.03,0.25,3,1.0,1.0,60.0,1660,67.0
51,326436715413017,1.020005755010061,target_lost_or_stale,105777,5624546516082,True,,15.087719298245613,16.806397250873562,0.009375,-0.6541666666666667,4.488842391857569,-2.2023382985051194,105777,0.007961500028613955,15.087719298245613,16.806397250873562,0.009375,-0.6541666666666667,0.0,-0.6241666666666666,4.488842391857569,-2.2023382985051194,tracking,True,,False,False,-5.100028775050305,0.0,-62.416666666666664,1500,1543,1600,1500,2000,2000,1000,1000,-10.0,5.0,15.0,20.0,100.0,100.0,0.03,0.25,3,1.0,1.0,60.0,1660,67.0
52,326436735406862,1.0399995999759994,target_lost_or_stale,105777,5624546516082,True,,15.087719298245613,16.806397250873562,0.009375,-0.6541666666666667,4.488842391857569,-2.2023382985051194,105777,0.027955344994552433,15.087719298245613,16.806397250873562,0.009375,-0.6541666666666667,0.0,-0.6241666666666666,4.488842391857569,-2.2023382985051194,tracking,True,,False,False,-5.199997999879997,0.0,-62.416666666666664,1500,1543,1600,1500,2000,2000,1000,1000,-10.0,5.0,15.0,20.0,100.0,100.0,0.03,0.25,3,1.0,1.0,60.0,1660,67.0
53,326436755396370,1.0599891080055386,target_lost_or_stale,105778,5624578688584,True,,15.087719298245613,16.765077146572647,0.009375,-0.6458333333333334,4.499906619117681,-2.179642268635127,105778,0.01454751001438126,15.087719298245613,16.765077146572647,0.009375,-0.6458333333333334,0.0,-0.6158333333333333,4.499906619117681,-2.179642268635127,tracking,True,,False,False,-5.299945540027693,0.0,-61.583333333333336,1500,1544,1601,1500,2000,2000,1000,1000,-10.0,5.0,15.0,20.0,100.0,100.0,0.03,0.25,3,1.0,1.0,60.0,1660,67.0
54,326436775382174,1.0799749119905755,target_lost_or_stale,105779,5624611554332,True,,15.555555555555557,17.263789722160883,0.009375,-0.6416666666666667,4.505415914052425,-2.1682314086377295,105779,0.001080303976777941,15.555555555555557,17.263789722160883,0.009375,-0.6416666666666667,0.0,-0.6116666666666667,4.505415914052425,-2.1682314086377295,tracking,True,,False,False,-5.3998745599528775,0.0,-61.16666666666667,1500,1545,1602,1500,2000,2000,1000,1000,-10.0,5.0,15.0,20.0,100.0,100.0,0.03,0.25,3,1.0,1.0,60.0,1660,67.0
55,326436795414712,1.1000074499752373,target_lost_or_stale,105779,5624611554332,True,,15.555555555555557,17.263789722160883,0.009375,-0.6416666666666667,4.505415914052425,-2.1682314086377295,105779,0.0211128419614397,15.555555555555557,17.263789722160883,0.009375,-0.6416666666666667,0.0,-0.6116666666666667,4.505415914052425,-2.1682314086377295,tracking,True,,False,False,-5.500037249876186,0.0,-61.16666666666667,1500,1546,1602,1500,2000,2000,1000,1000,-10.0,5.0,15.0,20.0,100.0,100.0,0.03,0.25,3,1.0,1.0,60.0,1660,67.0
56,326436815411660,1.120004397991579,target_lost_or_stale,105780,5624644551002,True,,15.555555555555557,17.22185399471939,0.009375,-0.6333333333333333,4.516387521771449,-2.1452840728414384,105780,0.007628528983332217,15.555555555555557,17.22185399471939,0.009375,-0.6333333333333333,0.0,-0.6033333333333333,4.516387521771449,-2.1452840728414384,tracking,True,,False,False,-5.600021989957895,0.0,-60.33333333333333,1500,1547,1603,1500,2000,2000,1000,1000,-10.0,5.0,15.0,20.0,100.0,100.0,0.03,0.25,3,1.0,1.0,60.0,1660,67.0
57,326436835396856,1.1399895939975977,target_lost_or_stale,105780,5624644551002,True,,15.555555555555557,17.22185399471939,0.009375,-0.6333333333333333,4.516387521771449,-2.1452840728414384,105780,0.027613724989350885,15.555555555555557,17.22185399471939,0.009375,-0.6333333333333333,0.0,-0.6033333333333333,4.516387521771449,-2.1452840728414384,tracking,True,,False,False,-5.6999479699879885,0.0,-60.33333333333333,1500,1547,1603,1500,2000,2000,1000,1000,-10.0,5.0,15.0,20.0,100.0,100.0,0.03,0.25,3,1.0,1.0,60.0,1660,67.0
58,326436855386755,1.1599794930079952,target_lost_or_stale,105781,5624677379390,True,,15.555555555555557,17.1906959009638,0.009375,-0.6270833333333333,4.524574051589826,-2.12796373363834,105781,0.014178911049384624,15.555555555555557,17.1906959009638,0.009375,-0.6270833333333333,0.0,-0.5970833333333333,4.524574051589826,-2.12796373363834,tracking,True,,False,False,-5.799897465039976,0.0,-59.70833333333333,1500,1548,1604,1500,2000,2000,1000,1000,-10.0,5.0,15.0,20.0,100.0,100.0,0.03,0.25,3,1.0,1.0,60.0,1660,67.0
59,326436875385259,1.1799779969733208,target_lost_or_stale,105782,5624710465141,True,,15.555555555555557,17.159791076349112,0.009375,-0.6208333333333333,4.532723408298334,-2.1105493369889112,105782,0.0007257949910126626,15.555555555555557,17.159791076349112,0.009375,-0.6208333333333333,0.0,-0.5908333333333333,4.532723408298334,-2.1105493369889112,tracking,True,,False,False,-5.899889984866604,0.0,-59.08333333333333,1500,1549,1604,1500,2000,2000,1000,1000,-10.0,5.0,15.0,20.0,100.0,100.0,0.03,0.25,3,1.0,1.0,60.0,1660,67.0
60,326436895400502,1.1999932400067337,target_lost_or_stale,105782,5624710465141,True,,15.555555555555557,17.159791076349112,0.009375,-0.6208333333333333,4.532723408298334,-2.1105493369889112,105782,0.020741038024425507,15.555555555555557,17.159791076349112,0.009375,-0.6208333333333333,0.0,-0.5908333333333333,4.532723408298334,-2.1105493369889112,tracking,True,,False,False,-5.999966200033668,0.0,-59.08333333333333,1500,1550,1605,1500,2000,2000,1000,1000,-10.0,5.0,15.0,20.0,100.0,100.0,0.03,0.25,3,1.0,1.0,60.0,1660,67.0
61,326436915394447,1.2199871849734336,target_lost_or_stale,105783,5624743467775,True,,15.555555555555557,17.11898098692981,0.009375,-0.6125,4.543529790806533,-2.087183997651751,105783,0.007248025969602168,15.555555555555557,17.11898098692981,0.009375,-0.6125,0.0,-0.5825,4.543529790806533,-2.087183997651751,tracking,True,,False,False,-6.099935924867168,0.0,-58.25,1500,1551,1606,1500,2000,2000,1000,1000,-10.0,5.0,15.0,20.0,100.0,100.0,0.03,0.25,3,1.0,1.0,60.0,1660,67.0
62,326436935392010,1.2399847480119206,target_lost_or_stale,105783,5624743467775,True,,15.555555555555557,17.11898098692981,0.009375,-0.6125,4.543529790806533,-2.087183997651751,105783,0.027245589008089155,15.555555555555557,17.11898098692981,0.009375,-0.6125,0.0,-0.5825,4.543529790806533,-2.087183997651751,tracking,True,,False,False,-6.199923740059603,0.0,-58.25,1500,1552,1606,1500,2000,2000,1000,1000,-10.0,5.0,15.0,20.0,100.0,100.0,0.03,0.25,3,1.0,1.0,60.0,1660,67.0
63,326436955416977,1.260009714984335,target_lost_or_stale,105784,5624776402439,True,,15.555555555555557,17.078626835866093,0.009375,-0.6041666666666666,4.554266230171502,-2.0636518855464616,105784,0.013879298989195377,15.555555555555557,17.078626835866093,0.009375,-0.6041666666666666,0.0,-0.5741666666666666,4.554266230171502,-2.0636518855464616,tracking,True,,False,False,-6.300048574921675,0.0,-57.41666666666666,1500,1553,1607,1500,2000,2000,1000,1000,-10.0,5.0,15.0,20.0,100.0,100.0,0.03,0.25,3,1.0,1.0,60.0,1660,67.0
64,326436975384267,1.2799770049750805,target_lost_or_stale,105785,5624809743770,True,,15.555555555555557,17.04866238111775,0.009375,-0.5979166666666667,4.5622713204541325,-2.0458935452661504,105785,0.000348620000295341,15.555555555555557,17.04866238111775,0.009375,-0.5979166666666667,0.0,-0.5679166666666666,4.5622713204541325,-2.0458935452661504,tracking,True,,False,False,-6.3998850248754025,0.0,-56.791666666666664,1500,1553,1607,1500,2000,2000,1000,1000,-10.0,5.0,15.0,20.0,100.0,100.0,0.03,0.25,3,1.0,1.0,60.0,1660,67.0
65,326436995415303,1.30000804096926,target_lost_or_stale,105785,5624809743770,True,,15.555555555555557,17.04866238111775,0.009375,-0.5979166666666667,4.5622713204541325,-2.0458935452661504,105785,0.020379655994474888,15.555555555555557,17.04866238111775,0.009375,-0.5979166666666667,0.0,-0.5679166666666666,4.5622713204541325,-2.0458935452661504,tracking,True,,False,False,-6.5000402048463,0.0,-56.791666666666664,1500,1554,1607,1500,2000,2000,1000,1000,-10.0,5.0,15.0,20.0,100.0,100.0,0.03,0.25,3,1.0,1.0,60.0,1660,67.0
66,326437015389220,1.3199819579604082,target_lost_or_stale,105786,5624842465955,True,,15.555555555555557,17.009113913280995,0.009375,-0.5895833333333333,4.572879991233547,-2.022070371123584,105786,0.0069117319653742015,15.555555555555557,17.009113913280995,0.009375,-0.5895833333333333,0.0,-0.5595833333333333,4.572879991233547,-2.022070371123584,tracking,True,,False,False,-6.599909789802041,0.0,-55.95833333333333,1500,1555,1608,1500,2000,2000,1000,1000,-10.0,5.0,15.0,20.0,100.0,100.0,0.03,0.25,3,1.0,1.0,60.0,1660,67.0
67,326437035370348,1.3399630860076286,target_lost_or_stale,105786,5624842465955,True,,15.555555555555557,17.009113913280995,0.009375,-0.5895833333333333,4.572879991233547,-2.022070371123584,105786,0.02689286001259461,15.555555555555557,17.009113913280995,0.009375,-0.5895833333333333,0.0,-0.5595833333333333,4.572879991233547,-2.022070371123584,tracking,True,,False,False,-6.699815430038143,0.0,-55.95833333333333,1500,1556,1609,1500,2000,2000,1000,1000,-10.0,5.0,15.0,20.0,100.0,100.0,0.03,0.25,3,1.0,1.0,60.0,1660,67.0
68,326437055388191,1.3599809290026315,target_lost_or_stale,105787,5624875390921,True,,15.845410628019323,17.28624202019015,0.009375,-0.58125,4.583412557466078,-1.998081411770368,105787,0.013417636044323444,15.845410628019323,17.28624202019015,0.009375,-0.58125,0.0,-0.55125,4.583412557466078,-1.998081411770368,tracking,True,,False,False,-6.799904645013157,0.0,-55.125,1500,1557,1610,1500,2000,2000,1000,1000,-10.0,5.0,15.0,20.0,100.0,100.0,0.03,0.25,3,1.0,1.0,60.0,1660,67.0
69,326437075476702,1.3800694399978966,target_lost_or_stale,105788,5624908503272,True,,15.845410628019323,17.246906887160367,0.009375,-0.5729166666666666,4.593866751062619,-1.973927119597219,105788,7.227202877402306e-05,15.845410628019323,17.246906887160367,0.009375,-0.5729166666666666,0.0,-0.5429166666666666,4.593866751062619,-1.973927119597219,tracking,True,,False,False,-6.900347199989483,0.0,-54.29166666666666,1500,1558,1611,1500,2000,2000,1000,1000,-10.0,5.0,15.0,20.0,100.0,100.0,0.03,0.25,3,1.0,1.0,60.0,1660,67.0
70,326437095413364,1.4000061019905843,target_lost_or_stale,105788,5624908503272,True,,15.845410628019323,17.246906887160367,0.009375,-0.5729166666666666,4.593866751062619,-1.973927119597219,105788,0.020008934021461755,15.845410628019323,17.246906887160367,0.009375,-0.5729166666666666,0.0,-0.5429166666666666,4.593866751062619,-1.973927119597219,tracking,True,,False,False,-7.000030509952921,0.0,-54.29166666666666,1500,1558,1611,1500,2000,2000,1000,1000,-10.0,5.0,15.0,20.0,100.0,100.0,0.03,0.25,3,1.0,1.0,60.0,1660,67.0
71,326437115437891,1.4200306289712898,target_lost_or_stale,105789,5624941989426,True,,15.845410628019323,17.208051794487467,0.009375,-0.5645833333333333,4.6042402906323625,-1.949607998064641,105789,0.006570163008291274,15.845410628019323,17.208051794487467,0.009375,-0.5645833333333333,0.0,-0.5345833333333333,4.6042402906323625,-1.949607998064641,tracking,True,,False,False,-7.100153144856449,0.0,-53.45833333333333,1500,1559,1612,1500,2000,2000,1000,1000,-10.0,5.0,15.0,20.0,100.0,100.0,0.03,0.25,3,1.0,1.0,60.0,1660,67.0
72,326437135402884,1.4399956219713204,target_lost_or_stale,105789,5624941989426,True,,15.845410628019323,17.208051794487467,0.009375,-0.5645833333333333,4.6042402906323625,-1.949607998064641,105789,0.026535156008321792,15.845410628019323,17.208051794487467,0.009375,-0.5645833333333333,0.0,-0.5345833333333333,4.6042402906323625,-1.949607998064641,tracking,True,,False,False,-7.199978109856602,0.0,-53.45833333333333,1500,1560,1612,1500,2000,2000,1000,1000,-10.0,5.0,15.0,20.0,100.0,100.0,0.03,0.25,3,1.0,1.0,60.0,1660,67.0
73,326437155391287,1.4599840249866247,target_lost_or_stale,105790,5624974749270,True,,15.845410628019323,17.160162949203915,0.009375,-0.5541666666666667,4.617090299878166,-1.918978155886863,105790,0.013109853025525808,15.845410628019323,17.160162949203915,0.009375,-0.5541666666666667,0.0,-0.5241666666666667,4.617090299878166,-1.918978155886863,tracking,True,,False,False,-7.299920124933124,0.0,-52.416666666666664,1500,1561,1613,1500,2000,2000,1000,1000,-10.0,5.0,15.0,20.0,100.0,100.0,0.03,0.25,3,1.0,1.0,60.0,1660,67.0
74,326437175408546,1.4800012839841656,target_lost_or_stale,105790,5624974749270,True,,15.845410628019323,17.160162949203915,0.009375,-0.5541666666666667,4.617090299878166,-1.918978155886863,105790,0.03312711202306673,15.845410628019323,17.160162949203915,0.009375,-0.5541666666666667,0.0,-0.5241666666666667,4.617090299878166,-1.918978155886863,tracking,True,,False,False,-7.400006419920828,0.0,-52.416666666666664,1500,1562,1613,1500,2000,2000,1000,1000,-10.0,5.0,15.0,20.0,100.0,100.0,0.03,0.25,3,1.0,1.0,60.0,1660,67.0
75,326437195440020,1.5000327579909936,target_lost_or_stale,105791,5625007502120,True,,15.845410628019323,17.113035597964053,0.009375,-0.54375,4.629806197633439,-1.8880928399723869,105791,0.01970117201562971,15.845410628019323,17.113035597964053,0.009375,-0.54375,0.0,-0.5137499999999999,4.629806197633439,-1.8880928399723869,tracking,True,,False,False,-7.500163789954968,0.0,-51.37499999999999,1500,1563,1614,1500,2000,2000,1000,1000,-10.0,5.0,15.0,20.0,100.0,100.0,0.03,0.25,3,1.0,1.0,60.0,1660,67.0
76,326437215399851,1.5199925889610313,target_lost_or_stale,105792,5625040609281,True,,15.845410628019323,17.07588623299355,0.009375,-0.5354166666666667,4.639879312508828,-1.8632015364293264,105792,0.006197884969878942,15.845410628019323,17.07588623299355,0.009375,-0.5354166666666667,0.0,-0.5054166666666666,4.639879312508828,-1.8632015364293264,tracking,True,,False,False,-7.599962944805156,0.0,-50.541666666666664,1500,1563,1615,1500,2000,2000,1000,1000,-10.0,5.0,15.0,20.0,100.0,100.0,0.03,0.25,3,1.0,1.0,60.0,1660,67.0
77,326437235403803,1.5399965409887955,target_lost_or_stale,105792,5625040609281,True,,15.845410628019323,17.07588623299355,0.009375,-0.5354166666666667,4.639879312508828,-1.8632015364293264,105792,0.026201836997643113,15.845410628019323,17.07588623299355,0.009375,-0.5354166666666667,0.0,-0.5054166666666666,4.639879312508828,-1.8632015364293264,tracking,True,,False,False,-7.699982704943977,0.0,-50.541666666666664,1500,1564,1615,1500,2000,2000,1000,1000,-10.0,5.0,15.0,20.0,100.0,100.0,0.03,0.25,3,1.0,1.0,60.0,1660,67.0
78,326437255426059,1.5600187969976105,target_lost_or_stale,105793,5625073384606,True,,15.845410628019323,17.039231476234008,0.009375,-0.5270833333333333,4.6498613684251735,-1.8381483222055763,105793,0.01282088499283418,15.845410628019323,17.039231476234008,0.009375,-0.5270833333333333,0.0,-0.4970833333333333,4.6498613684251735,-1.8381483222055763,tracking,True,,False,False,-7.800093984988052,0.0,-49.70833333333333,1500,1565,1616,1500,2000,2000,1000,1000,-10.0,5.0,15.0,20.0,100.0,100.0,0.03,0.25,3,1.0,1.0,60.0,1660,67.0
79,326437275391923,1.5799846609588712,target_lost_or_stale,105793,5625073384606,True,,15.845410628019323,17.039231476234008,0.009375,-0.5270833333333333,4.6498613684251735,-1.8381483222055763,105793,0.032786748954094946,15.845410628019323,17.039231476234008,0.009375,-0.5270833333333333,0.0,-0.4970833333333333,4.6498613684251735,-1.8381483222055763,tracking,True,,False,False,-7.899923304794356,0.0,-49.70833333333333,1500,1566,1617,1500,2000,2000,1000,1000,-10.0,5.0,15.0,20.0,100.0,100.0,0.03,0.25,3,1.0,1.0,60.0,1660,67.0
80,326437295402795,1.5999955330044031,target_lost_or_stale,105794,5625106939050,True,,15.845410628019323,17.003074526473743,0.009375,-0.51875,4.659750028498863,-1.8129339954628385,105794,0.01926266704685986,15.845410628019323,17.003074526473743,0.009375,-0.51875,0.0,-0.48875,4.659750028498863,-1.8129339954628385,tracking,True,,False,False,-7.999977665022016,0.0,-48.875,1500,1567,1618,1500,2000,2000,1000,1000,-10.0,5.0,15.0,20.0,100.0,100.0,0.03,0.25,3,1.0,1.0,60.0,1660,67.0
81,326437315382512,1.6199752499815077,target_lost_or_stale,105795,5625139850436,True,,15.845410628019323,16.967653389676336,0.0109375,-0.5104166666666666,4.669542949240789,-1.7875594102562398,105795,0.005859791999682784,15.845410628019323,16.967653389676336,0.0109375,-0.5104166666666666,0.0,-0.4804166666666666,4.669542949240789,-1.7875594102562398,tracking,True,,False,False,-8.099876249907538,0.0,-48.04166666666666,1500,1567,1619,1500,2000,2000,1000,1000,-10.0,5.0,15.0,20.0,100.0,100.0,0.03,0.25,3,1.0,1.0,60.0,1660,67.0
82,326437335377570,1.6399703079950996,target_lost_or_stale,105795,5625139850436,True,,15.845410628019323,16.967653389676336,0.0109375,-0.5104166666666666,4.669542949240789,-1.7875594102562398,105795,0.0258548500132747,15.845410628019323,16.967653389676336,0.0109375,-0.5104166666666666,0.0,-0.4804166666666666,4.669542949240789,-1.7875594102562398,tracking,True,,False,False,-8.199851539975498,0.0,-48.04166666666666,1500,1568,1619,1500,2000,2000,1000,1000,-10.0,5.0,15.0,20.0,100.0,100.0,0.03,0.25,3,1.0,1.0,60.0,1660,67.0
83,326437355420406,1.6600131439627148,target_lost_or_stale,105796,5625172783871,True,,15.845410628019323,16.923793384067086,0.0109375,-0.5,4.681645887845223,-1.7556172079419585,105796,0.012400601990520954,15.845410628019323,16.923793384067086,0.0109375,-0.5,0.0,-0.47,4.681645887845223,-1.7556172079419585,tracking,True,,False,False,-8.300065719813574,0.0,-47.0,1500,1569,1620,1500,2000,2000,1000,1000,-10.0,5.0,15.0,20.0,100.0,100.0,0.03,0.25,3,1.0,1.0,60.0,1660,67.0
84,326437375411932,1.6800046699936502,target_lost_or_stale,105796,5625172783871,True,,15.845410628019323,16.923793384067086,0.0109375,-0.5,4.681645887845223,-1.7556172079419585,105796,0.0323921280214563,15.845410628019323,16.923793384067086,0.0109375,-0.5,0.0,-0.47,4.681645887845223,-1.7556172079419585,tracking,True,,False,False,-8.40002334996825,0.0,-47.0,1500,1570,1620,1500,2000,2000,1000,1000,-10.0,5.0,15.0,20.0,100.0,100.0,0.03,0.25,3,1.0,1.0,60.0,1660,67.0
85,326437395392550,1.699985287967138,target_lost_or_stale,105797,5625205909148,True,,15.693779904306218,16.719189190912616,0.0109375,-0.4895833333333333,4.693590966397167,-1.7234279329739601,105797,0.01892048097215593,15.693779904306218,16.719189190912616,0.0109375,-0.4895833333333333,0.0,-0.45958333333333334,4.693590966397167,-1.7234279329739601,tracking,True,,False,False,-8.49992643983569,0.0,-45.958333333333336,1500,1571,1621,1500,2000,2000,1000,1000,-10.0,5.0,15.0,20.0,100.0,100.0,0.03,0.25,3,1.0,1.0,60.0,1660,67.0
86,326437415406424,1.7199991620145738,target_lost_or_stale,105798,5625238855255,True,,15.377574370709382,16.349446239427465,0.0109375,-0.48125,4.703030276578457,-1.6974999904525365,105798,0.0053998520015738904,15.377574370709382,16.349446239427465,0.0109375,-0.48125,0.0,-0.45125000000000004,4.703030276578457,-1.6974999904525365,tracking,True,,False,False,-8.599995810072869,0.0,-45.12500000000001,1500,1572,1622,1500,2000,2000,1000,1000,-10.0,5.0,15.0,20.0,100.0,100.0,0.03,0.25,3,1.0,1.0,60.0,1660,67.0
87,326437435399196,1.739991933980491,target_lost_or_stale,105798,5625238855255,True,,15.377574370709382,16.349446239427465,0.0109375,-0.48125,4.703030276578457,-1.6974999904525365,105798,0.02539262396749109,15.377574370709382,16.349446239427465,0.0109375,-0.48125,0.0,-0.45125000000000004,4.703030276578457,-1.6974999904525365,tracking,True,,False,False,-8.699959669902455,0.0,-45.12500000000001,1500,1572,1623,1500,2000,2000,1000,1000,-10.0,5.0,15.0,20.0,100.0,100.0,0.03,0.25,3,1.0,1.0,60.0,1660,67.0
88,326437455426962,1.7600196999846958,target_lost_or_stale,105799,5625272098809,True,,15.377574370709382,16.30905327740229,0.0109375,-0.4708333333333333,4.714679604184335,-1.6648712352275932,105799,0.012066082970704883,15.377574370709382,16.30905327740229,0.0109375,-0.4708333333333333,0.0,-0.4408333333333333,4.714679604184335,-1.6648712352275932,tracking,True,,False,False,-8.800098499923479,0.0,-44.08333333333333,1500,1573,1624,1500,2000,2000,1000,1000,-10.0,5.0,15.0,20.0,100.0,100.0,0.03,0.25,3,1.0,1.0,60.0,1660,67.0
89,326437475420313,1.7800130510004237,target_lost_or_stale,105799,5625272098809,True,,15.377574370709382,16.30905327740229,0.0109375,-0.4708333333333333,4.714679604184335,-1.6648712352275932,105799,0.03205943398643285,15.377574370709382,16.30905327740229,0.0109375,-0.4708333333333333,0.0,-0.4408333333333333,4.714679604184335,-1.6648712352275932,tracking,True,,False,False,-8.900065255002119,0.0,-44.08333333333333,1500,1574,1624,1500,2000,2000,1000,1000,-10.0,5.0,15.0,20.0,100.0,100.0,0.03,0.25,3,1.0,1.0,60.0,1660,67.0
90,326437495409175,1.8000019129831344,target_lost_or_stale,105800,5625304595914,True,,15.377574370709382,16.269447169954994,0.0109375,-0.46041666666666664,4.726158177442094,-1.6320014956479731,105800,0.018548804975580424,15.377574370709382,16.269447169954994,0.0109375,-0.46041666666666664,0.0,-0.43041666666666667,4.726158177442094,-1.6320014956479731,tracking,True,,False,False,-9.000009564915672,0.0,-43.041666666666664,1500,1575,1625,1500,2000,2000,1000,1000,-10.0,5.0,15.0,20.0,100.0,100.0,0.03,0.25,3,1.0,1.0,60.0,1660,67.0
91,326437515391982,1.8199847199721262,target_lost_or_stale,105801,5625338046315,True,,15.377574370709382,16.230633677350962,0.0109375,-0.45,4.737461394935996,-1.5988932207908984,105801,0.005147371964994818,15.377574370709382,16.230633677350962,0.0109375,-0.45,0.0,-0.42000000000000004,4.737461394935996,-1.5988932207908984,tracking,True,,False,False,-9.099923599860631,0.0,-42.00000000000001,1500,1576,1626,1500,2000,2000,1000,1000,-10.0,5.0,15.0,20.0,100.0,100.0,0.03,0.25,3,1.0,1.0,60.0,1660,67.0
92,326437535391725,1.8399844630039297,target_lost_or_stale,105801,5625338046315,True,,15.377574370709382,16.230633677350962,0.0109375,-0.45,4.737461394935996,-1.5988932207908984,105801,0.025147114996798337,15.377574370709382,16.230633677350962,0.0109375,-0.45,0.0,-0.42000000000000004,4.737461394935996,-1.5988932207908984,tracking,True,,False,False,-9.199922315019649,0.0,-42.00000000000001,1500,1577,1627,1500,2000,2000,1000,1000,-10.0,5.0,15.0,20.0,100.0,100.0,0.03,0.25,3,1.0,1.0,60.0,1660,67.0
93,326437555435792,1.8600285300053656,target_lost_or_stale,105802,5625372490685,True,,15.693779904306218,16.53327751791583,0.0109375,-0.44166666666666665,4.746374625946701,-1.572236594844845,105802,0.011767293035518378,15.693779904306218,16.53327751791583,0.0109375,-0.44166666666666665,0.0,-0.4116666666666666,4.746374625946701,-1.572236594844845,tracking,True,,False,False,-9.300142650026828,0.0,-41.166666666666664,1500,1578,1628,1500,2000,2000,1000,1000,-10.0,5.0,15.0,20.0,100.0,100.0,0.03,0.25,3,1.0,1.0,60.0,1660,67.0
94,326437575388169,1.8799809069605544,target_lost_or_stale,105802,5625372490685,True,,15.693779904306218,16.53327751791583,0.0109375,-0.44166666666666665,4.746374625946701,-1.572236594844845,105802,0.03171966999070719,15.693779904306218,16.53327751791583,0.0109375,-0.44166666666666665,0.0,-0.4116666666666666,4.746374625946701,-1.572236594844845,tracking,True,,False,False,-9.399904534802772,0.0,-41.166666666666664,1500,1578,1628,1500,2000,2000,1000,1000,-10.0,5.0,15.0,20.0,100.0,100.0,0.03,0.25,3,1.0,1.0,60.0,1660,67.0
95,326437595402405,1.8999951430014335,target_lost_or_stale,105803,5625404507959,True,,15.693779904306218,16.49513657076182,0.0109375,-0.43125,4.757350637329135,-1.5387055967611423,105803,0.01826129900291562,15.693779904306218,16.49513657076182,0.0109375,-0.43125,0.0,-0.40125,4.757350637329135,-1.5387055967611423,tracking,True,,False,False,-9.499975715007167,0.0,-40.125,1500,1579,1629,1500,2000,2000,1000,1000,-10.0,5.0,15.0,20.0,100.0,100.0,0.03,0.25,3,1.0,1.0,60.0,1660,67.0
96,326437615390778,1.9199835159815848,target_lost_or_stale,105804,5625438585853,True,,15.693779904306218,16.457820656639885,0.0109375,-0.42083333333333334,4.768138467798044,-1.5049437038987579,105804,0.004844676004722714,15.693779904306218,16.457820656639885,0.0109375,-0.42083333333333334,0.0,-0.39083333333333337,4.768138467798044,-1.5049437038987579,tracking,True,,False,False,-9.599917579907924,0.0,-39.083333333333336,1500,1580,1630,1500,2000,2000,1000,1000,-10.0,5.0,15.0,20.0,100.0,100.0,0.03,0.25,3,1.0,1.0,60.0,1660,67.0
97,326437635421050,1.9400137880002148,target_lost_or_stale,105804,5625438585853,True,,15.693779904306218,16.457820656639885,0.0109375,-0.42083333333333334,4.768138467798044,-1.5049437038987579,105804,0.024874948023352772,15.693779904306218,16.457820656639885,0.0109375,-0.42083333333333334,0.0,-0.39083333333333337,4.768138467798044,-1.5049437038987579,tracking,True,,False,False,-9.700068940001074,0.0,-39.083333333333336,1500,1581,1630,1500,2000,2000,1000,1000,-10.0,5.0,15.0,20.0,100.0,100.0,0.03,0.25,3,1.0,1.0,60.0,1660,67.0
98,326437655414011,1.960006748966407,target_lost_or_stale,105805,5625470119244,True,,15.693779904306218,16.4285657312531,0.0109375,-0.4125,4.77663018602891,-1.4777699638026942,105805,0.011414488952141255,15.693779904306218,16.4285657312531,0.0109375,-0.4125,0.0,-0.38249999999999995,4.77663018602891,-1.4777699638026942,tracking,True,,False,False,-9.800033744832035,0.0,-38.24999999999999,1500,1582,1632,1500,2000,2000,1000,1000,-10.0,5.0,15.0,20.0,100.0,100.0,0.03,0.25,3,1.0,1.0,60.0,1660,67.0
99,326437675434318,1.9800270560081117,target_lost_or_stale,105805,5625470119244,True,,15.693779904306218,16.4285657312531,0.0109375,-0.4125,4.77663018602891,-1.4777699638026942,105805,0.03143479599384591,15.693779904306218,16.4285657312531,0.0109375,-0.4125,0.0,-0.38249999999999995,4.77663018602891,-1.4777699638026942,tracking,True,,False,False,-9.900135280040558,0.0,-38.24999999999999,1500,1583,1632,1500,2000,2000,1000,1000,-10.0,5.0,15.0,20.0,100.0,100.0,0.03,0.25,3,1.0,1.0,60.0,1660,67.0
100,326437695420099,2.0000128370011225,target_lost_or_stale,105806,5625504584056,True,,15.693779904306218,16.385686349534655,0.0109375,-0.4,4.789131426105756,-1.436739427831727,105806,0.017972211993765086,15.693779904306218,16.385686349534655,0.0109375,-0.4,0.0,-0.37,4.789131426105756,-1.436739427831727,tracking,True,,False,False,-10.0,0.0,-37.0,1500,1583,1633,1500,2000,2000,1000,1000,-10.0,5.0,15.0,20.0,100.0,100.0,0.03,0.25,3,1.0,1.0,60.0,1660,67.0
101,326437715391131,2.019983868987765,target_lost_or_stale,105807,5625537990828,True,,15.693779904306218,16.357772855872174,0.0109375,-0.39166666666666666,4.797304671948841,-1.409208247384972,105807,0.004444733029231429,15.693779904306218,16.357772855872174,0.0109375,-0.39166666666666666,0.0,-0.3616666666666667,4.797304671948841,-1.409208247384972,tracking,True,,False,False,-10.0,0.0,-36.16666666666667,1500,1583,1634,1500,2000,2000,1000,1000,-10.0,5.0,15.0,20.0,100.0,100.0,0.03,0.25,3,1.0,1.0,60.0,1660,67.0
102,326437735432396,2.04002513398882,target_lost_or_stale,105807,5625537990828,True,,15.693779904306218,16.357772855872174,0.0109375,-0.39166666666666666,4.797304671948841,-1.409208247384972,105807,0.024485998030286282,15.693779904306218,16.357772855872174,0.0109375,-0.39166666666666666,0.0,-0.3616666666666667,4.797304671948841,-1.409208247384972,tracking,True,,False,False,-10.0,0.0,-36.16666666666667,1500,1583,1634,1500,2000,2000,1000,1000,-10.0,5.0,15.0,20.0,100.0,100.0,0.03,0.25,3,1.0,1.0,60.0,1660,67.0
103,326437755425368,2.0600181060144678,target_lost_or_stale,105808,5625572547810,True,,15.693779904306218,16.316918661991068,0.0109375,-0.37916666666666665,4.809317459657856,-1.3676496525902029,105808,0.011119641014374793,15.693779904306218,16.316918661991068,0.0109375,-0.37916666666666665,0.0,-0.3491666666666666,4.809317459657856,-1.3676496525902029,tracking,True,,False,False,-10.0,0.0,-34.916666666666664,1500,1583,1635,1500,2000,2000,1000,1000,-10.0,5.0,15.0,20.0,100.0,100.0,0.03,0.25,3,1.0,1.0,60.0,1660,67.0
104,326437775394196,2.07998693396803,target_lost_or_stale,105808,5625572547810,True,,15.693779904306218,16.316918661991068,0.0109375,-0.37916666666666665,4.809317459657856,-1.3676496525902029,105808,0.031088468967936933,15.693779904306218,16.316918661991068,0.0109375,-0.37916666666666665,0.0,-0.3491666666666666,4.809317459657856,-1.3676496525902029,tracking,True,,False,False,-10.0,0.0,-34.916666666666664,1500,1583,1635,1500,2000,2000,1000,1000,-10.0,5.0,15.0,20.0,100.0,100.0,0.03,0.25,3,1.0,1.0,60.0,1660,67.0
105,326437795396091,2.099988828995265,target_lost_or_stale,105809,5625604162230,True,,15.693779904306218,16.290363860884618,0.0109375,-0.37083333333333335,4.817157962121082,-1.3397720582149262,105809,0.017599313985556364,15.693779904306218,16.290363860884618,0.0109375,-0.37083333333333335,0.0,-0.3408333333333333,4.817157962121082,-1.3397720582149262,tracking,True,,False,False,-10.0,0.0,-34.08333333333333,1500,1583,1636,1500,2000,2000,1000,1000,-10.0,5.0,15.0,20.0,100.0,100.0,0.03,0.25,3,1.0,1.0,60.0,1660,67.0
106,326437815393899,2.119986636971589,target_lost_or_stale,105810,5625636580165,True,,15.693779904306218,16.25156033112639,0.0109375,-0.35833333333333334,4.828661076822382,-1.2977026643960152,105810,0.004184474004432559,15.693779904306218,16.25156033112639,0.0109375,-0.35833333333333334,0.0,-0.32833333333333337,4.828661076822382,-1.2977026643960152,tracking,True,,False,False,-10.0,0.0,-32.833333333333336,1500,1583,1637,1500,2000,2000,1000,1000,-10.0,5.0,15.0,20.0,100.0,100.0,0.03,0.25,3,1.0,1.0,60.0,1660,67.0
107,326437835395227,2.1399879649979994,target_lost_or_stale,105810,5625636580165,True,,15.693779904306218,16.25156033112639,0.0109375,-0.35833333333333334,4.828661076822382,-1.2977026643960152,105810,0.02418580203084275,15.693779904306218,16.25156033112639,0.0109375,-0.35833333333333334,0.0,-0.32833333333333337,4.828661076822382,-1.2977026643960152,tracking,True,,False,False,-10.0,0.0,-32.833333333333336,1500,1583,1637,1500,2000,2000,1000,1000,-10.0,5.0,15.0,20.0,100.0,100.0,0.03,0.25,3,1.0,1.0,60.0,1660,67.0
108,326437855449255,2.160041992960032,target_lost_or_stale,105811,5625670112562,True,,15.693779904306218,16.213999064622122,0.0109375,-0.3458333333333333,4.839848380512323,-1.2553356736953842,105811,0.010809919971507043,15.693779904306218,16.213999064622122,0.0109375,-0.3458333333333333,0.0,-0.3158333333333333,4.839848380512323,-1.2553356736953842,tracking,True,,False,False,-10.0,0.0,-31.58333333333333,1500,1583,1639,1500,2000,2000,1000,1000,-10.0,5.0,15.0,20.0,100.0,100.0,0.03,0.25,3,1.0,1.0,60.0,1660,67.0
109,326437875424224,2.1800169619964436,target_lost_or_stale,105811,5625670112562,True,,15.693779904306218,16.213999064622122,0.0109375,-0.3458333333333333,4.839848380512323,-1.2553356736953842,105811,0.030784889007918537,15.693779904306218,16.213999064622122,0.0109375,-0.3458333333333333,0.0,-0.3158333333333333,4.839848380512323,-1.2553356736953842,tracking,True,,False,False,-10.0,0.0,-31.58333333333333,1500,1583,1639,1500,2000,2000,1000,1000,-10.0,5.0,15.0,20.0,100.0,100.0,0.03,0.25,3,1.0,1.0,60.0,1660,67.0
110,326437895390844,2.1999835819588043,target_lost_or_stale,105812,5625704058287,True,,15.693779904306218,16.18365320919493,0.0109375,-0.33541666666666664,4.848924566586791,-1.2198075862819897,105812,0.01722634898032993,15.693779904306218,16.18365320919493,0.0109375,-0.33541666666666664,0.0,-0.30541666666666667,4.848924566586791,-1.2198075862819897,tracking,True,,False,False,-10.0,0.0,-30.541666666666668,1500,1583,1640,1500,2000,2000,1000,1000,-10.0,5.0,15.0,20.0,100.0,100.0,0.03,0.25,3,1.0,1.0,60.0,1660,67.0
111,326437915398974,2.219991711957846,target_lost_or_stale,105813,5625737473260,True,,15.693779904306218,16.154180944813614,0.0109375,-0.325,4.857772115702835,-1.184081953202566,105813,0.0038474059547297657,15.693779904306218,16.154180944813614,0.0109375,-0.325,0.0,-0.29500000000000004,4.857772115702835,-1.184081953202566,tracking,True,,False,False,-10.0,0.0,-29.500000000000004,1500,1583,1641,1500,2000,2000,1000,1000,-10.0,5.0,15.0,20.0,100.0,100.0,0.03,0.25,3,1.0,1.0,60.0,1660,67.0
112,326437935399610,2.239992348011583,target_lost_or_stale,105813,5625737473260,True,,15.693779904306218,16.154180944813614,0.0109375,-0.325,4.857772115702835,-1.184081953202566,105813,0.02384804200846702,15.693779904306218,16.154180944813614,0.0109375,-0.325,0.0,-0.29500000000000004,4.857772115702835,-1.184081953202566,tracking,True,,False,False,-10.0,0.0,-29.500000000000004,1500,1583,1641,1500,2000,2000,1000,1000,-10.0,5.0,15.0,20.0,100.0,100.0,0.03,0.25,3,1.0,1.0,60.0,1660,67.0
113,326437955418793,2.260011531005148,target_lost_or_stale,105814,5625770759803,True,,15.693779904306218,16.11997410428155,0.0109375,-0.3125,4.868081552839004,-1.1409566139466416,105814,0.010340962035115808,15.693779904306218,16.11997410428155,0.0109375,-0.3125,0.0,-0.2825,4.868081552839004,-1.1409566139466416,tracking,True,,False,False,-10.0,0.0,-28.249999999999996,1500,1583,1642,1500,2000,2000,1000,1000,-10.0,5.0,15.0,20.0,100.0,100.0,0.03,0.25,3,1.0,1.0,60.0,1660,67.0
114,326437975382085,2.2799748230027035,target_lost_or_stale,105814,5625770759803,True,,15.693779904306218,16.11997410428155,0.0109375,-0.3125,4.868081552839004,-1.1409566139466416,105814,0.03030425403267145,15.693779904306218,16.11997410428155,0.0109375,-0.3125,0.0,-0.2825,4.868081552839004,-1.1409566139466416,tracking,True,,False,False,-10.0,0.0,-28.249999999999996,1500,1583,1642,1500,2000,2000,1000,1000,-10.0,5.0,15.0,20.0,100.0,100.0,0.03,0.25,3,1.0,1.0,60.0,1660,67.0
115,326437995403722,2.2999964599730447,target_lost_or_stale,105815,5625803984024,True,,15.693779904306218,16.097876239600488,0.0109375,-0.30416666666666664,4.874764821477847,-1.112055724899634,105815,0.01693803200032562,15.693779904306218,16.097876239600488,0.0109375,-0.30416666666666664,0.0,-0.27416666666666667,4.874764821477847,-1.112055724899634,tracking,True,,False,False,-10.0,0.0,-27.416666666666668,1500,1583,1643,1500,2000,2000,1000,1000,-10.0,5.0,15.0,20.0,100.0,100.0,0.03,0.25,3,1.0,1.0,60.0,1660,67.0
116,326438015387537,2.319980275002308,target_lost_or_stale,105816,5625837311028,True,,15.693779904306218,16.0710530473555,0.0109375,-0.29375,4.882901914880142,-1.0757643281220313,105816,0.003497044031973928,15.693779904306218,16.0710530473555,0.0109375,-0.29375,0.0,-0.26375000000000004,4.882901914880142,-1.0757643281220313,tracking,True,,False,False,-10.0,0.0,-26.375000000000004,1500,1583,1644,1500,2000,2000,1000,1000,-10.0,5.0,15.0,20.0,100.0,100.0,0.03,0.25,3,1.0,1.0,60.0,1660,67.0
117,326438035413165,2.34000590298092,target_lost_or_stale,105816,5625837311028,True,,15.693779904306218,16.0710530473555,0.0109375,-0.29375,4.882901914880142,-1.0757643281220313,105816,0.023522672010585666,15.693779904306218,16.0710530473555,0.0109375,-0.29375,0.0,-0.26375000000000004,4.882901914880142,-1.0757643281220313,tracking,True,,False,False,-10.0,0.0,-26.375000000000004,1500,1583,1644,1500,2000,2000,1000,1000,-10.0,5.0,15.0,20.0,100.0,100.0,0.03,0.25,3,1.0,1.0,60.0,1660,67.0
118,326438055412539,2.3600052769761533,target_lost_or_stale,105817,5625869755166,True,,15.693779904306218,16.050236582331163,0.0109375,-0.28541666666666665,4.8892355521291435,-1.046601985377645,105817,0.010027072974480689,15.693779904306218,16.050236582331163,0.0109375,-0.28541666666666665,0.0,-0.2554166666666666,4.8892355521291435,-1.046601985377645,tracking,True,,False,False,-10.0,0.0,-25.541666666666664,1500,1583,1645,1500,2000,2000,1000,1000,-10.0,5.0,15.0,20.0,100.0,100.0,0.03,0.25,3,1.0,1.0,60.0,1660,67.0
119,326438075394283,2.3799870209768414,target_lost_or_stale,105817,5625869755166,True,,15.693779904306218,16.050236582331163,0.0109375,-0.28541666666666665,4.8892355521291435,-1.046601985377645,105817,0.030008816975168884,15.693779904306218,16.050236582331163,0.0109375,-0.28541666666666665,0.0,-0.2554166666666666,4.8892355521291435,-1.046601985377645,tracking,True,,False,False,-10.0,0.0,-25.541666666666664,1500,1583,1645,1500,2000,2000,1000,1000,-10.0,5.0,15.0,20.0,100.0,100.0,0.03,0.25,3,1.0,1.0,60.0,1660,67.0
120,326438095419498,2.400012235972099,target_lost_or_stale,105818,5625901099543,True,,15.693779904306218,16.025022261079645,0.0109375,-0.275,4.896929325573683,-1.0099916733995722,105818,0.01657366898143664,15.693779904306218,16.025022261079645,0.0109375,-0.275,0.0,-0.24500000000000002,4.896929325573683,-1.0099916733995722,tracking,True,,False,False,-10.0,0.0,-24.500000000000004,1500,1583,1646,1500,2000,2000,1000,1000,-10.0,5.0,15.0,20.0,100.0,100.0,0.03,0.25,3,1.0,1.0,60.0,1660,67.0
121,326438115403958,2.419996696000453,target_lost_or_stale,105819,5625931933541,True,,15.693779904306218,16.0054984540028,0.0109375,-0.26666666666666666,4.902903378454601,-0.9805806756909202,105819,0.003141731023788452,15.693779904306218,16.0054984540028,0.0109375,-0.26666666666666666,0.0,-0.23666666666666666,4.902903378454601,-0.9805806756909202,tracking,True,,False,False,-10.0,0.0,-23.666666666666668,1500,1583,1647,1500,2000,2000,1000,1000,-10.0,5.0,15.0,20.0,100.0,100.0,0.03,0.25,3,1.0,1.0,60.0,1660,67.0
122,326438135390971,2.439983708958607,target_lost_or_stale,105819,5625931933541,True,,15.693779904306218,16.0054984540028,0.0109375,-0.26666666666666666,4.902903378454601,-0.9805806756909202,105819,0.023128743981942534,15.693779904306218,16.0054984540028,0.0109375,-0.26666666666666666,0.0,-0.23666666666666666,4.902903378454601,-0.9805806756909202,tracking,True,,False,False,-10.0,0.0,-23.666666666666668,1500,1583,1647,1500,2000,2000,1000,1000,-10.0,5.0,15.0,20.0,100.0,100.0,0.03,0.25,3,1.0,1.0,60.0,1660,67.0
123,326438155409394,2.460002131992951,target_lost_or_stale,105820,5625964597128,True,,16.040100250626566,16.34411917461515,0.0109375,-0.2604166666666667,4.907277115383399,-0.95845256159832,105820,0.009693094005342573,16.040100250626566,16.34411917461515,0.0109375,-0.2604166666666667,0.0,-0.2304166666666667,4.907277115383399,-0.95845256159832,tracking,True,,False,False,-10.0,0.0,-23.041666666666668,1500,1583,1647,1500,2000,2000,1000,1000,-10.0,5.0,15.0,20.0,100.0,100.0,0.03,0.25,3,1.0,1.0,60.0,1660,67.0
124,326438175381310,2.47997404797934,target_lost_or_stale,105820,5625964597128,True,,16.040100250626566,16.34411917461515,0.0109375,-0.2604166666666667,4.907277115383399,-0.95845256159832,105820,0.029665009991731495,16.040100250626566,16.34411917461515,0.0109375,-0.2604166666666667,0.0,-0.2304166666666667,4.907277115383399,-0.95845256159832,tracking,True,,False,False,-10.0,0.0,-23.041666666666668,1500,1583,1647,1500,2000,2000,1000,1000,-10.0,5.0,15.0,20.0,100.0,100.0,0.03,0.25,3,1.0,1.0,60.0,1660,67.0
125,326438195399882,2.499992619967088,target_lost_or_stale,105821,5625997373194,True,,16.040100250626566,16.32519969324157,0.0109375,-0.2520833333333333,4.91296487767332,-0.9288574221851121,105821,0.016178199963178486,16.040100250626566,16.32519969324157,0.0109375,-0.2520833333333333,0.0,-0.22208333333333333,4.91296487767332,-0.9288574221851121,tracking,True,,False,False,-10.0,0.0,-22.208333333333332,1500,1583,1648,1500,2000,2000,1000,1000,-10.0,5.0,15.0,20.0,100.0,100.0,0.03,0.25,3,1.0,1.0,60.0,1660,67.0
126,326438215549189,2.520141927001532,target_lost_or_stale,105822,5626030394268,True,,16.040100250626566,16.30687458805827,0.0109375,-0.24375,4.918486537496294,-0.8991608201360413,105822,0.0029093429911881685,16.040100250626566,16.30687458805827,0.0109375,-0.24375,0.0,-0.21375,4.918486537496294,-0.8991608201360413,tracking,True,,False,False,-10.0,0.0,-21.375,1500,1583,1649,1500,2000,2000,1000,1000,-10.0,5.0,15.0,20.0,100.0,100.0,0.03,0.25,3,1.0,1.0,60.0,1660,67.0
127,326438235388860,2.5399815979762934,target_lost_or_stale,105822,5626030394268,True,,16.040100250626566,16.30687458805827,0.0109375,-0.24375,4.918486537496294,-0.8991608201360413,105822,0.022749013965949416,16.040100250626566,16.30687458805827,0.0109375,-0.24375,0.0,-0.21375,4.918486537496294,-0.8991608201360413,tracking,True,,False,False,-10.0,0.0,-21.375,1500,1583,1649,1500,2000,2000,1000,1000,-10.0,5.0,15.0,20.0,100.0,100.0,0.03,0.25,3,1.0,1.0,60.0,1660,67.0
128,326438255411202,2.5600039399578236,target_lost_or_stale,105823,5626064765673,True,,16.040100250626566,16.289145865064885,0.0109375,-0.23541666666666666,4.923840323182154,-0.869365557061849,105823,0.009291914000641555,16.040100250626566,16.289145865064885,0.0109375,-0.23541666666666666,0.0,-0.20541666666666666,4.923840323182154,-0.869365557061849,tracking,True,,False,False,-10.0,0.0,-20.541666666666668,1500,1583,1650,1500,2000,2000,1000,1000,-10.0,5.0,15.0,20.0,100.0,100.0,0.03,0.25,3,1.0,1.0,60.0,1660,67.0
129,326438275390765,2.579983502975665,target_lost_or_stale,105823,5626064765673,True,,16.040100250626566,16.289145865064885,0.0109375,-0.23541666666666666,4.923840323182154,-0.869365557061849,105823,0.029271477018482983,16.040100250626566,16.289145865064885,0.0109375,-0.23541666666666666,0.0,-0.20541666666666666,4.923840323182154,-0.869365557061849,tracking,True,,False,False,-10.0,0.0,-20.541666666666668,1500,1583,1650,1500,2000,2000,1000,1000,-10.0,5.0,15.0,20.0,100.0,100.0,0.03,0.25,3,1.0,1.0,60.0,1660,67.0
130,326438295391644,2.599984381988179,target_lost_or_stale,105824,5626096519812,True,,16.040100250626566,16.272015473576534,0.0109375,-0.22708333333333333,4.92902450662179,-0.8394744862840235,105824,0.015798631007783115,16.040100250626566,16.272015473576534,0.0109375,-0.22708333333333333,0.0,-0.19708333333333333,4.92902450662179,-0.8394744862840235,tracking,True,,False,False,-10.0,0.0,-19.708333333333332,1500,1583,1650,1500,2000,2000,1000,1000,-10.0,5.0,15.0,20.0,100.0,100.0,0.03,0.25,3,1.0,1.0,60.0,1660,67.0
131,326438315407646,2.6200003839912824,target_lost_or_stale,105825,5626129338870,True,,16.040100250626566,16.255485305198423,0.0109375,-0.21875,4.934037404746878,-0.8094905117162846,105825,0.0023492600303143263,16.040100250626566,16.255485305198423,0.0109375,-0.21875,0.0,-0.18875,4.934037404746878,-0.8094905117162846,tracking,True,,False,False,-10.0,0.0,-18.875,1500,1583,1651,1500,2000,2000,1000,1000,-10.0,5.0,15.0,20.0,100.0,100.0,0.03,0.25,3,1.0,1.0,60.0,1660,67.0
132,326438335400236,2.6399929740000516,target_lost_or_stale,105825,5626129338870,True,,16.040100250626566,16.255485305198423,0.0109375,-0.21875,4.934037404746878,-0.8094905117162846,105825,0.02234185003908351,16.040100250626566,16.255485305198423,0.0109375,-0.21875,0.0,-0.18875,4.934037404746878,-0.8094905117162846,tracking,True,,False,False,-10.0,0.0,-18.875,1500,1583,1651,1500,2000,2000,1000,1000,-10.0,5.0,15.0,20.0,100.0,100.0,0.03,0.25,3,1.0,1.0,60.0,1660,67.0
133,326438355402623,2.659995360998437,target_lost_or_stale,105827,5626195664101,True,,16.040100250626566,16.224232909653974,0.0109375,-0.20208333333333334,4.943542846682522,-0.74925571270032,105827,0.008840157999657094,16.040100250626566,16.224232909653974,0.0109375,-0.20208333333333334,0.0,-0.17208333333333334,4.943542846682522,-0.74925571270032,tracking,True,,False,False,-10.0,0.0,-17.208333333333332,1500,1583,1653,1500,2000,2000,1000,1000,-10.0,5.0,15.0,20.0,100.0,100.0,0.03,0.25,3,1.0,1.0,60.0,1660,67.0
134,326438375394377,2.6799871149705723,target_lost_or_stale,105827,5626195664101,True,,16.040100250626566,16.224232909653974,0.0109375,-0.20208333333333334,4.943542846682522,-0.74925571270032,105827,0.02883191197179258,16.040100250626566,16.224232909653974,0.0109375,-0.20208333333333334,0.0,-0.17208333333333334,4.943542846682522,-0.74925571270032,tracking,True,,False,False,-10.0,0.0,-17.208333333333332,1500,1583,1653,1500,2000,2000,1000,1000,-10.0,5.0,15.0,20.0,100.0,100.0,0.03,0.25,3,1.0,1.0,60.0,1660,67.0
135,326438395408837,2.7000015749945305,target_lost_or_stale,105828,5626228476465,True,,16.040100250626566,16.202382394072433,0.0109375,-0.18958333333333333,4.950210484500049,-0.7038580532648508,105828,0.0152817849884741,16.040100250626566,16.202382394072433,0.0109375,-0.18958333333333333,0.0,-0.15958333333333333,4.950210484500049,-0.7038580532648508,tracking,True,,False,False,-10.0,0.0,-15.958333333333332,1500,1583,1654,1500,2000,2000,1000,1000,-10.0,5.0,15.0,20.0,100.0,100.0,0.03,0.25,3,1.0,1.0,60.0,1660,67.0
136,326438415427261,2.720019998960197,target_lost_or_stale,105829,5626261501650,True,,16.040100250626566,16.18857504143273,0.0109375,-0.18125,4.954433050501273,-0.6734932428025169,105829,0.002013697987422347,16.040100250626566,16.18857504143273,0.0109375,-0.18125,0.0,-0.15125,4.954433050501273,-0.6734932428025169,tracking,True,,False,False,-10.0,0.0,-15.125,1500,1583,1655,1500,2000,2000,1000,1000,-10.0,5.0,15.0,20.0,100.0,100.0,0.03,0.25,3,1.0,1.0,60.0,1660,67.0
137,326438435391961,2.73998469900107,target_lost_or_stale,105829,5626261501650,True,,16.040100250626566,16.18857504143273,0.0109375,-0.18125,4.954433050501273,-0.6734932428025169,105829,0.021978398028295487,16.040100250626566,16.18857504143273,0.0109375,-0.18125,0.0,-0.15125,4.954433050501273,-0.6734932428025169,tracking,True,,False,False,-10.0,0.0,-15.125,1500,1583,1655,1500,2000,2000,1000,1000,-10.0,5.0,15.0,20.0,100.0,100.0,0.03,0.25,3,1.0,1.0,60.0,1660,67.0
138,326438455425401,2.7600181389716454,target_lost_or_stale,105830,5626294544374,True,,16.040100250626566,16.16900739130576,0.0109375,-0.16875,4.96042958560317,-0.6278043694279013,105830,0.00854948500636965,16.040100250626566,16.16900739130576,0.0109375,-0.16875,0.0,-0.13875,4.96042958560317,-0.6278043694279013,tracking,True,,False,False,-10.0,0.0,-13.875000000000002,1500,1583,1656,1500,2000,2000,1000,1000,-10.0,5.0,15.0,20.0,100.0,100.0,0.03,0.25,3,1.0,1.0,60.0,1660,67.0
139,326438475416420,2.780009158013854,target_lost_or_stale,105830,5626294544374,True,,16.040100250626566,16.16900739130576,0.0109375,-0.16875,4.96042958560317,-0.6278043694279013,105830,0.02854050404857844,16.040100250626566,16.16900739130576,0.0109375,-0.16875,0.0,-0.13875,4.96042958560317,-0.6278043694279013,tracking,True,,False,False,-10.0,0.0,-13.875000000000002,1500,1583,1656,1500,2000,2000,1000,1000,-10.0,5.0,15.0,20.0,100.0,100.0,0.03,0.25,3,1.0,1.0,60.0,1660,67.0
140,326438495413358,2.8000060959602706,target_lost_or_stale,105831,5626327759982,True,,16.040100250626566,16.153752278189778,0.0109375,-0.15833333333333333,4.9651146170179,-0.5896073607708756,105831,0.015068601991515607,16.040100250626566,16.153752278189778,0.0109375,-0.15833333333333333,0.0,-0.12833333333333333,4.9651146170179,-0.5896073607708756,tracking,True,,False,False,-10.0,0.0,-12.833333333333332,1500,1583,1657,1500,2000,2000,1000,1000,-10.0,5.0,15.0,20.0,100.0,100.0,0.03,0.25,3,1.0,1.0,60.0,1660,67.0
141,326438515392988,2.8199857259751298,target_lost_or_stale,105832,5626360684928,True,,16.040100250626566,16.139455757491927,0.0109375,-0.14791666666666667,4.96951329375939,-0.5513053810264323,105832,0.0016415970167145133,16.040100250626566,16.139455757491927,0.0109375,-0.14791666666666667,0.0,-0.11791666666666667,4.96951329375939,-0.5513053810264323,tracking,True,,False,False,-10.0,0.0,-11.791666666666668,1500,1583,1658,1500,2000,2000,1000,1000,-10.0,5.0,15.0,20.0,100.0,100.0,0.03,0.25,3,1.0,1.0,60.0,1660,67.0
142,326438535398791,2.839991529006511,target_lost_or_stale,105832,5626360684928,True,,16.040100250626566,16.139455757491927,0.0109375,-0.14791666666666667,4.96951329375939,-0.5513053810264323,105832,0.021647400048095733,16.040100250626566,16.139455757491927,0.0109375,-0.14791666666666667,0.0,-0.11791666666666667,4.96951329375939,-0.5513053810264323,tracking,True,,False,False,-10.0,0.0,-11.791666666666668,1500,1583,1658,1500,2000,2000,1000,1000,-10.0,5.0,15.0,20.0,100.0,100.0,0.03,0.25,3,1.0,1.0,60.0,1660,67.0
143,326438555400699,2.8599934370140545,target_lost_or_stale,105833,5626393347432,True,,16.040100250626566,16.12356885288007,0.0109375,-0.13541666666666666,4.974410443272702,-0.5052135606448839,105833,0.008135156007483602,16.040100250626566,16.12356885288007,0.0109375,-0.13541666666666666,0.0,-0.10541666666666666,4.974410443272702,-0.5052135606448839,tracking,True,,False,False,-10.0,0.0,-10.541666666666666,1500,1583,1660,1500,2000,2000,1000,1000,-10.0,5.0,15.0,20.0,100.0,100.0,0.03,0.25,3,1.0,1.0,60.0,1660,67.0
144,326438575426908,2.88001964596333,target_lost_or_stale,105833,5626393347432,True,,16.040100250626566,16.12356885288007,0.0109375,-0.13541666666666666,4.974410443272702,-0.5052135606448839,105833,0.028161364956758916,16.040100250626566,16.12356885288007,0.0109375,-0.13541666666666666,0.0,-0.10541666666666666,4.974410443272702,-0.5052135606448839,tracking,True,,False,False,-10.0,0.0,-10.541666666666666,1500,1583,1660,1500,2000,2000,1000,1000,-10.0,5.0,15.0,20.0,100.0,100.0,0.03,0.25,3,1.0,1.0,60.0,1660,67.0
145,326438595389092,2.89998182997806,target_lost_or_stale,105834,5626426427145,True,,16.040100250626566,16.111389979758265,0.0109375,-0.125,4.978171130296441,-0.46670354346529136,105834,0.014711208990775049,16.040100250626566,16.111389979758265,0.0109375,-0.125,0.0,-0.095,4.978171130296441,-0.46670354346529136,tracking,True,,False,False,-10.0,0.0,-9.5,1500,1583,1661,1500,2000,2000,1000,1000,-10.0,5.0,15.0,20.0,100.0,100.0,0.03,0.25,3,1.0,1.0,60.0,1660,67.0
146,326438615406600,2.9199993379879743,target_lost_or_stale,105835,5626459483063,True,,16.421052631578945,16.48477305925371,0.0109375,-0.11666666666666667,4.980968587480565,-0.43583475140454947,105835,0.0012443449813872576,16.421052631578945,16.48477305925371,0.0109375,-0.11666666666666667,0.0,-0.08666666666666667,4.980968587480565,-0.43583475140454947,tracking,True,,False,False,-10.0,0.0,-8.666666666666668,1500,1583,1662,1500,2000,2000,1000,1000,-10.0,5.0,15.0,20.0,100.0,100.0,0.03,0.25,3,1.0,1.0,60.0,1660,67.0
147,326438635392571,2.9399853089707904,target_lost_or_stale,105835,5626459483063,True,,16.421052631578945,16.48477305925371,0.0109375,-0.11666666666666667,4.980968587480565,-0.43583475140454947,105835,0.021230315964203328,16.421052631578945,16.48477305925371,0.0109375,-0.11666666666666667,0.0,-0.08666666666666667,4.980968587480565,-0.43583475140454947,tracking,True,,False,False,-10.0,0.0,-8.666666666666668,1500,1583,1662,1500,2000,2000,1000,1000,-10.0,5.0,15.0,20.0,100.0,100.0,0.03,0.25,3,1.0,1.0,60.0,1660,67.0
148,326438655398866,2.9599916039733216,target_lost_or_stale,105836,5626492489456,True,,16.040100250626566,16.09252866503372,0.0140625,-0.10625,4.9841999649894895,-0.39717843471009995,105836,0.007821180974133313,16.040100250626566,16.09252866503372,0.0140625,-0.10625,0.0,-0.07625,4.9841999649894895,-0.39717843471009995,tracking,True,,False,False,-10.0,0.0,-7.625,1500,1583,1663,1500,2000,2000,1000,1000,-10.0,5.0,15.0,20.0,100.0,100.0,0.03,0.25,3,1.0,1.0,60.0,1660,67.0
149,326438675420733,2.9800134709803388,target_lost_or_stale,105836,5626492489456,True,,16.040100250626566,16.09252866503372,0.0140625,-0.10625,4.9841999649894895,-0.39717843471009995,105836,0.02784304798115045,16.040100250626566,16.09252866503372,0.0140625,-0.10625,0.0,-0.07625,4.9841999649894895,-0.39717843471009995,tracking,True,,False,False,-10.0,0.0,-7.625,1500,1583,1663,1500,2000,2000,1000,1000,-10.0,5.0,15.0,20.0,100.0,100.0,0.03,0.25,3,1.0,1.0,60.0,1660,67.0
150,326438695433453,3.0000261910026893,target_lost_or_stale,105837,5626525408404,True,,16.040100250626566,16.084876413134836,0.0140625,-0.09791666666666667,4.986571624729242,-0.36620135369105383,105837,0.014311764040030539,16.040100250626566,16.084876413134836,0.0140625,-0.09791666666666667,0.0,-0.06791666666666667,4.986571624729242,-0.36620135369105383,tracking,True,,False,False,-10.0,0.0,-6.791666666666667,1500,1583,1663,1500,2000,2000,1000,1000,-10.0,5.0,15.0,20.0,100.0,100.0,0.03,0.25,3,1.0,1.0,60.0,1660,67.0
151,326438715438788,3.020031525986269,target_lost_or_stale,105838,5626558665099,True,,16.040100250626566,16.077845626605725,0.0140625,-0.08958333333333333,4.988752664522239,-0.3351818196475879,105838,0.0008350840071216226,16.040100250626566,16.077845626605725,0.0140625,-0.08958333333333333,0.0,-0.059583333333333335,4.988752664522239,-0.3351818196475879,tracking,True,,False,False,-10.0,0.0,-5.958333333333334,1500,1583,1664,1500,2000,2000,1000,1000,-10.0,5.0,15.0,20.0,100.0,100.0,0.03,0.25,3,1.0,1.0,60.0,1660,67.0
152,326438735399322,3.0399920599884354,target_lost_or_stale,105838,5626558665099,True,,16.040100250626566,16.077845626605725,0.0140625,-0.08958333333333333,4.988752664522239,-0.3351818196475879,105838,0.020795618009287864,16.040100250626566,16.077845626605725,0.0140625,-0.08958333333333333,0.0,-0.059583333333333335,4.988752664522239,-0.3351818196475879,tracking,True,,False,False,-10.0,0.0,-5.958333333333334,1500,1583,1664,1500,2000,2000,1000,1000,-10.0,5.0,15.0,20.0,100.0,100.0,0.03,0.25,3,1.0,1.0,60.0,1660,67.0
153,326438755403129,3.0599958669627085,target_lost_or_stale,105839,5626591775098,True,,16.040100250626566,16.069932314916613,0.0140625,-0.07916666666666666,4.991209758397982,-0.2963530794048802,105839,0.00732499297009781,16.040100250626566,16.069932314916613,0.0140625,-0.07916666666666666,0.0,-0.049166666666666664,4.991209758397982,-0.2963530794048802,tracking,True,,False,False,-10.0,0.0,-4.916666666666666,1500,1583,1665,1500,2000,2000,1000,1000,-10.0,5.0,15.0,20.0,100.0,100.0,0.03,0.25,3,1.0,1.0,60.0,1660,67.0
154,326438775408329,3.0800010669627227,target_lost_or_stale,105839,5626591775098,True,,16.040100250626566,16.069932314916613,0.0140625,-0.07916666666666666,4.991209758397982,-0.2963530794048802,105839,0.027330192970111966,16.040100250626566,16.069932314916613,0.0140625,-0.07916666666666666,0.0,-0.049166666666666664,4.991209758397982,-0.2963530794048802,tracking,True,,False,False,-10.0,0.0,-4.916666666666666,1500,1583,1665,1500,2000,2000,1000,1000,-10.0,5.0,15.0,20.0,100.0,100.0,0.03,0.25,3,1.0,1.0,60.0,1660,67.0
155,326438795386025,3.0999787629698403,target_lost_or_stale,105840,5626624629746,True,,16.040100250626566,16.06565164118821,0.0140625,-0.07291666666666667,4.992539922462401,-0.27302952700966254,105840,0.013817966973874718,16.040100250626566,16.06565164118821,0.0140625,-0.07291666666666667,0.0,-0.04291666666666667,4.992539922462401,-0.27302952700966254,tracking,True,,False,False,-10.0,0.0,-4.291666666666667,1500,1583,1666,1500,2000,2000,1000,1000,-10.0,5.0,15.0,20.0,100.0,100.0,0.03,0.25,3,1.0,1.0,60.0,1660,67.0
156,326438815417503,3.120010240992997,target_lost_or_stale,105841,5626657374451,True,,16.040100250626566,16.06048986027259,0.0140625,-0.06458333333333334,4.994144822497683,-0.24190388983973152,105841,0.00043478701263666153,16.040100250626566,16.06048986027259,0.0140625,-0.06458333333333334,0.0,-0.03458333333333334,4.994144822497683,-0.24190388983973152,tracking,True,,False,False,-10.0,0.0,-3.458333333333334,1500,1583,1667,1500,2000,2000,1000,1000,-10.0,5.0,15.0,20.0,100.0,100.0,0.03,0.25,3,1.0,1.0,60.0,1660,67.0
157,326438835403378,3.13999611599138,target_lost_or_stale,105841,5626657374451,True,,16.040100250626566,16.06048986027259,0.0140625,-0.06458333333333334,4.994144822497683,-0.24190388983973152,105841,0.020420662011019886,16.040100250626566,16.06048986027259,0.0140625,-0.06458333333333334,0.0,-0.03458333333333334,4.994144822497683,-0.24190388983973152,tracking,True,,False,False,-10.0,0.0,-3.458333333333334,1500,1583,1667,1500,2000,2000,1000,1000,-10.0,5.0,15.0,20.0,100.0,100.0,0.03,0.25,3,1.0,1.0,60.0,1660,67.0
158,326438855387251,3.159979988995474,target_lost_or_stale,105842,5626690279975,True,,16.040100250626566,16.054915620329716,0.0140625,-0.05416666666666667,4.995879123528475,-0.20295758939334427,105842,0.006937297992408276,16.040100250626566,16.054915620329716,0.0140625,-0.05416666666666667,0.0,-0.02416666666666667,4.995879123528475,-0.20295758939334427,tracking,True,,False,False,-10.0,0.0,-2.416666666666667,1500,1583,1668,1500,2000,2000,1000,1000,-10.0,5.0,15.0,20.0,100.0,100.0,0.03,0.25,3,1.0,1.0,60.0,1660,67.0
159,326438875415094,3.180007832008414,target_lost_or_stale,105842,5626690279975,True,,16.040100250626566,16.054915620329716,0.0140625,-0.05416666666666667,4.995879123528475,-0.20295758939334427,105842,0.026965141005348414,16.040100250626566,16.054915620329716,0.0140625,-0.05416666666666667,0.0,-0.02416666666666667,4.995879123528475,-0.20295758939334427,tracking,True,,False,False,-10.0,0.0,-2.416666666666667,1500,1583,1668,1500,2000,2000,1000,1000,-10.0,5.0,15.0,20.0,100.0,100.0,0.03,0.25,3,1.0,1.0,60.0,1660,67.0
160,326438895405439,3.1999981770059094,target_lost_or_stale,105843,5626723296338,True,,16.421052631578945,16.4323742837668,0.0140625,-0.04583333333333333,4.997048513877014,-0.17177354266452236,105843,0.01352761103771627,16.421052631578945,16.4323742837668,0.0140625,-0.04583333333333333,0.0,-0.01583333333333333,4.997048513877014,-0.17177354266452236,tracking,True,,False,False,-10.0,0.0,-1.583333333333333,1500,1583,1669,1500,2000,2000,1000,1000,-10.0,5.0,15.0,20.0,100.0,100.0,0.03,0.25,3,1.0,1.0,60.0,1660,67.0
161,326438915407473,3.220000210974831,target_lost_or_stale,105844,5626756301262,True,,16.421052631578945,16.4291689440406,0.0140625,-0.0375,4.99802363336291,-0.14056941468833184,105844,6.55309995636344e-05,16.421052631578945,16.4291689440406,0.0140625,-0.0375,0.0,-0.0075,4.99802363336291,-0.14056941468833184,tracking,True,,False,False,-10.0,0.0,-0.75,1500,1583,1669,1500,2000,2000,1000,1000,-10.0,5.0,15.0,20.0,100.0,100.0,0.03,0.25,3,1.0,1.0,60.0,1660,67.0
162,326438935389988,3.239982725994196,target_lost_or_stale,105844,5626756301262,True,,16.421052631578945,16.4291689440406,0.0140625,-0.0375,4.99802363336291,-0.14056941468833184,105844,0.02004804601892829,16.421052631578945,16.4291689440406,0.0140625,-0.0375,0.0,-0.0075,4.99802363336291,-0.14056941468833184,tracking,True,,False,False,-10.0,0.0,-0.75,1500,1583,1669,1500,2000,2000,1000,1000,-10.0,5.0,15.0,20.0,100.0,100.0,0.03,0.25,3,1.0,1.0,60.0,1660,67.0
163,326438955390793,3.259983530966565,target_lost_or_stale,105845,5626789423604,True,,16.421052631578945,16.42660422192762,0.0140625,-0.029166666666666667,4.998804140098627,-0.10934884056465745,105845,0.006617870996706188,16.421052631578945,16.42660422192762,0.0140625,-0.029166666666666667,0.0,0.0,4.998804140098627,-0.10934884056465745,tracking,True,,False,False,-10.0,0.0,0.0,1500,1583,1670,1500,2000,2000,1000,1000,-10.0,5.0,15.0,20.0,100.0,100.0,0.03,0.25,3,1.0,1.0,60.0,1660,67.0
164,326438975389203,3.279981940984726,target_lost_or_stale,105845,5626789423604,True,,16.421052631578945,16.42660422192762,0.0140625,-0.029166666666666667,4.998804140098627,-0.10934884056465745,105845,0.026616281014867127,16.421052631578945,16.42660422192762,0.0140625,-0.029166666666666667,0.0,0.0,4.998804140098627,-0.10934884056465745,tracking,True,,False,False,-10.0,0.0,0.0,1500,1583,1670,1500,2000,2000,1000,1000,-10.0,5.0,15.0,20.0,100.0,100.0,0.03,0.25,3,1.0,1.0,60.0,1660,67.0
165,326438995379923,3.2999726610141806,target_lost_or_stale,105846,5626822308793,True,,16.421052631578945,16.424299637859225,0.0140625,-0.01875,4.999505688547183,-0.07030554874519476,105846,0.01321045303484425,16.421052631578945,16.424299637859225,0.0140625,-0.01875,0.0,0.0,4.999505688547183,-0.07030554874519476,tracking,True,,False,False,-10.0,0.0,0.0,1500,1583,1670,1500,2000,2000,1000,1000,-10.0,5.0,15.0,20.0,100.0,100.0,0.03,0.25,3,1.0,1.0,60.0,1660,67.0
166,326439015421207,3.320013944990933,target_lost_or_stale,105846,5626822308793,True,,16.421052631578945,16.424299637859225,0.0140625,-0.01875,4.999505688547183,-0.07030554874519476,105846,0.03325173701159656,16.421052631578945,16.424299637859225,0.0140625,-0.01875,0.0,0.0,4.999505688547183,-0.07030554874519476,tracking,True,,False,False,-10.0,0.0,0.0,1500,1583,1670,1500,2000,2000,1000,1000,-10.0,5.0,15.0,20.0,100.0,100.0,0.03,0.25,3,1.0,1.0,60.0,1660,67.0
167,326439035396084,3.3399888220010325,target_lost_or_stale,105847,5626855284206,True,,16.421052631578945,16.422996903812393,0.0140625,-0.008333333333333333,4.99990234661093,-0.031249389666318315,105847,0.019765197997912765,16.421052631578945,16.422996903812393,0.0140625,-0.008333333333333333,0.0,0.0,4.99990234661093,-0.031249389666318315,tracking,True,,False,False,-10.0,0.0,0.0,1500,1583,1670,1500,2000,2000,1000,1000,-10.0,5.0,15.0,20.0,100.0,100.0,0.03,0.25,3,1.0,1.0,60.0,1660,67.0
168,326439055384828,3.3599775659968145,target_lost_or_stale,105848,5626888348925,True,,16.421052631578945,16.422696258203054,0.0140625,0.0020833333333333333,4.999993896495551,0.0078124904632742975,105848,0.00625457102432847,16.421052631578945,16.422696258203054,0.0140625,0.0020833333333333333,0.0,0.0,4.999993896495551,0.0078124904632742975,tracking,True,,False,False,-10.0,0.0,0.0,1500,1583,1670,1500,2000,2000,1000,1000,-10.0,5.0,15.0,20.0,100.0,100.0,0.03,0.25,3,1.0,1.0,60.0,1660,67.0
169,326439075432466,3.38002520398004,target_lost_or_stale,105848,5626888348925,True,,16.421052631578945,16.422696258203054,0.0140625,0.0020833333333333333,4.999993896495551,0.0078124904632742975,105848,0.026302209007553756,16.421052631578945,16.422696258203054,0.0140625,0.0020833333333333333,0.0,0.0,4.999993896495551,0.0078124904632742975,tracking,True,,False,False,-10.0,0.0,0.0,1500,1583,1670,1500,2000,2000,1000,1000,-10.0,5.0,15.0,20.0,100.0,100.0,0.03,0.25,3,1.0,1.0,60.0,1660,67.0
170,326439095404243,3.3999969809665345,target_lost_or_stale,105849,5626921451298,True,,16.421052631578945,16.423397756063693,0.0140625,0.0125,4.999780287920368,0.04687294019925345,105849,0.012827570957597345,16.421052631578945,16.423397756063693,0.0140625,0.0125,0.0,0.0,4.999780287920368,0.04687294019925345,tracking,True,,False,False,-10.0,0.0,0.0,1500,1583,1670,1500,2000,2000,1000,1000,-10.0,5.0,15.0,20.0,100.0,100.0,0.03,0.25,3,1.0,1.0,60.0,1660,67.0
171,326439115411982,3.4200047199847177,target_lost_or_stale,105849,5626921451298,True,,16.421052631578945,16.423397756063693,0.0140625,0.0125,4.999780287920368,0.04687294019925345,105849,0.03283530997578055,16.421052631578945,16.423397756063693,0.0140625,0.0125,0.0,0.0,4.999780287920368,0.04687294019925345,tracking,True,,False,False,-10.0,0.0,0.0,1500,1583,1670,1500,2000,2000,1000,1000,-10.0,5.0,15.0,20.0,100.0,100.0,0.03,0.25,3,1.0,1.0,60.0,1660,67.0
172,326439135398526,3.4399912639637478,target_lost_or_stale,105850,5626954509895,True,,16.842105263157894,16.846257711787704,0.0140625,0.022916666666666665,4.999261638195031,0.08592480940647709,105850,0.019233871949836612,16.842105263157894,16.846257711787704,0.0140625,0.022916666666666665,0.0,0.0,4.999261638195031,0.08592480940647709,tracking,True,,False,False,-10.0,0.0,0.0,1500,1583,1670,1500,2000,2000,1000,1000,-10.0,5.0,15.0,20.0,100.0,100.0,0.03,0.25,3,1.0,1.0,60.0,1660,67.0
173,326439155397353,3.4599900909815915,target_lost_or_stale,105851,5626988077555,True,,16.842105263157894,16.84971045395948,0.0140625,0.035416666666666666,4.998237016855803,0.13276567076023227,105851,0.005852446018252522,16.842105263157894,16.84971045395948,0.0140625,0.035416666666666666,0.0,0.005416666666666667,4.998237016855803,0.13276567076023227,tracking,True,,False,False,-10.0,0.0,0.5416666666666667,1500,1583,1671,1500,2000,2000,1000,1000,-10.0,5.0,15.0,20.0,100.0,100.0,0.03,0.25,3,1.0,1.0,60.0,1660,67.0
174,326439175364257,3.4799569949973375,target_lost_or_stale,105851,5626988077555,True,,16.842105263157894,16.84971045395948,0.0140625,0.035416666666666666,4.998237016855803,0.13276567076023227,105851,0.02581935003399849,16.842105263157894,16.84971045395948,0.0140625,0.035416666666666666,0.0,0.005416666666666667,4.998237016855803,0.13276567076023227,tracking,True,,False,False,-10.0,0.0,0.5416666666666667,1500,1583,1671,1500,2000,2000,1000,1000,-10.0,5.0,15.0,20.0,100.0,100.0,0.03,0.25,3,1.0,1.0,60.0,1660,67.0
175,326439195410191,3.500002929009497,target_lost_or_stale,105852,5627020354002,True,,16.842105263157894,16.852833754006063,0.0140625,0.04375,4.997310521155662,0.16397425147542014,105852,0.012422613042872399,16.842105263157894,16.852833754006063,0.0140625,0.04375,0.0,0.013749999999999998,4.997310521155662,0.16397425147542014,tracking,True,,False,False,-10.0,0.0,1.3749999999999998,1500,1583,1672,1500,2000,2000,1000,1000,-10.0,5.0,15.0,20.0,100.0,100.0,0.03,0.25,3,1.0,1.0,60.0,1660,67.0
176,326439215403487,3.519996224960778,target_lost_or_stale,105852,5627020354002,True,,16.842105263157894,16.852833754006063,0.0140625,0.04375,4.997310521155662,0.16397425147542014,105852,0.03241590899415314,16.842105263157894,16.852833754006063,0.0140625,0.04375,0.0,0.013749999999999998,4.997310521155662,0.16397425147542014,tracking,True,,False,False,-10.0,0.0,1.3749999999999998,1500,1583,1672,1500,2000,2000,1000,1000,-10.0,5.0,15.0,20.0,100.0,100.0,0.03,0.25,3,1.0,1.0,60.0,1660,67.0
177,326439235426118,3.540018856001552,target_lost_or_stale,105853,5627053514111,True,,16.842105263157894,16.858749998844687,0.0140625,0.05625,4.995556467630154,0.2107500384781471,105853,0.019001622044015676,16.842105263157894,16.858749998844687,0.0140625,0.05625,0.0,0.026250000000000002,4.995556467630154,0.2107500384781471,tracking,True,,False,False,-10.0,0.0,2.6250000000000004,1500,1583,1673,1500,2000,2000,1000,1000,-10.0,5.0,15.0,20.0,100.0,100.0,0.03,0.25,3,1.0,1.0,60.0,1660,67.0
178,326439255372997,3.559965735010337,target_lost_or_stale,105854,5627086482895,True,,16.842105263157894,16.863514353286217,0.0140625,0.06458333333333334,4.994144822497683,0.2419038898397315,105854,0.005448984040413052,16.842105263157894,16.863514353286217,0.0140625,0.06458333333333334,0.0,0.03458333333333334,4.994144822497683,0.2419038898397315,tracking,True,,False,False,-10.0,0.0,3.458333333333334,1500,1583,1674,1500,2000,2000,1000,1000,-10.0,5.0,15.0,20.0,100.0,100.0,0.03,0.25,3,1.0,1.0,60.0,1660,67.0
179,326439275416002,3.5800087400129996,target_lost_or_stale,105854,5627086482895,True,,16.842105263157894,16.863514353286217,0.0140625,0.06458333333333334,4.994144822497683,0.2419038898397315,105854,0.02549198904307559,16.842105263157894,16.863514353286217,0.0140625,0.06458333333333334,0.0,0.03458333333333334,4.994144822497683,0.2419038898397315,tracking,True,,False,False,-10.0,0.0,3.458333333333334,1500,1583,1674,1500,2000,2000,1000,1000,-10.0,5.0,15.0,20.0,100.0,100.0,0.03,0.25,3,1.0,1.0,60.0,1660,67.0
180,326439295381945,3.5999746829620562,target_lost_or_stale,105855,5627119438485,True,,16.842105263157894,16.86893422324762,0.0140625,0.07291666666666667,4.9925399224624005,0.27302952700966254,105855,0.012068673968315125,16.842105263157894,16.86893422324762,0.0140625,0.07291666666666667,0.0,0.04291666666666667,4.9925399224624005,0.27302952700966254,tracking,True,,False,False,-10.0,0.0,4.291666666666667,1500,1583,1674,1500,2000,2000,1000,1000,-10.0,5.0,15.0,20.0,100.0,100.0,0.03,0.25,3,1.0,1.0,60.0,1660,67.0
181,326439315407299,3.620000036957208,target_lost_or_stale,105855,5627119438485,True,,16.842105263157894,16.86893422324762,0.0140625,0.07291666666666667,4.9925399224624005,0.27302952700966254,105855,0.03209402796346694,16.842105263157894,16.86893422324762,0.0140625,0.07291666666666667,0.0,0.04291666666666667,4.9925399224624005,0.27302952700966254,tracking,True,,False,False,-10.0,0.0,4.291666666666667,1500,1583,1674,1500,2000,2000,1000,1000,-10.0,5.0,15.0,20.0,100.0,100.0,0.03,0.25,3,1.0,1.0,60.0,1660,67.0
182,326439335410564,3.6400033019599505,target_lost_or_stale,105856,5627152483610,True,,16.842105263157894,16.876629910000204,0.0140625,0.08333333333333333,4.990262892414443,0.3118914307759027,105856,0.018635034968610853,16.842105263157894,16.876629910000204,0.0140625,0.08333333333333333,0.0,0.05333333333333333,4.990262892414443,0.3118914307759027,tracking,True,,False,False,-10.0,0.0,5.333333333333333,1500,1583,1676,1500,2000,2000,1000,1000,-10.0,5.0,15.0,20.0,100.0,100.0,0.03,0.25,3,1.0,1.0,60.0,1660,67.0
183,326439355393172,3.6599859099951573,target_lost_or_stale,105857,5627185701242,True,,16.842105263157894,16.883522265798774,0.0140625,0.09166666666666666,4.988225317676988,0.34294049059029286,105857,0.005157793988473713,16.842105263157894,16.883522265798774,0.0140625,0.09166666666666666,0.0,0.06166666666666666,4.988225317676988,0.34294049059029286,tracking,True,,False,False,-10.0,0.0,6.166666666666666,1500,1583,1676,1500,2000,2000,1000,1000,-10.0,5.0,15.0,20.0,100.0,100.0,0.03,0.25,3,1.0,1.0,60.0,1660,67.0
184,326439375392602,3.6799853399861604,target_lost_or_stale,105857,5627185701242,True,,16.842105263157894,16.883522265798774,0.0140625,0.09166666666666666,4.988225317676988,0.34294049059029286,105857,0.02515722397947684,16.842105263157894,16.883522265798774,0.0140625,0.09166666666666666,0.0,0.06166666666666666,4.988225317676988,0.34294049059029286,tracking,True,,False,False,-10.0,0.0,6.166666666666666,1500,1583,1676,1500,2000,2000,1000,1000,-10.0,5.0,15.0,20.0,100.0,100.0,0.03,0.25,3,1.0,1.0,60.0,1660,67.0
185,326439395382704,3.6999754419666715,target_lost_or_stale,105858,5627218955554,True,,16.421052631578945,16.468791114263226,0.0140625,0.1,4.985996549442282,0.37394974120817115,105858,0.011702777992468327,16.421052631578945,16.468791114263226,0.0140625,0.1,0.0,0.07,4.985996549442282,0.37394974120817115,tracking,True,,False,False,-10.0,0.0,7.000000000000001,1500,1583,1677,1500,2000,2000,1000,1000,-10.0,5.0,15.0,20.0,100.0,100.0,0.03,0.25,3,1.0,1.0,60.0,1660,67.0
186,326439415392868,3.719985605974216,target_lost_or_stale,105858,5627218955554,True,,16.421052631578945,16.468791114263226,0.0140625,0.1,4.985996549442282,0.37394974120817115,105858,0.031712942000012845,16.421052631578945,16.468791114263226,0.0140625,0.1,0.0,0.07,4.985996549442282,0.37394974120817115,tracking,True,,False,False,-10.0,0.0,7.000000000000001,1500,1583,1677,1500,2000,2000,1000,1000,-10.0,5.0,15.0,20.0,100.0,100.0,0.03,0.25,3,1.0,1.0,60.0,1660,67.0
187,326439435418664,3.740011401998345,target_lost_or_stale,105859,5627251702310,True,,16.421052631578945,16.476784024504482,0.0140625,0.10833333333333334,4.983577360476159,0.40491566053868794,105859,0.018270431028213352,16.421052631578945,16.476784024504482,0.0140625,0.10833333333333334,0.0,0.07833333333333334,4.983577360476159,0.40491566053868794,tracking,True,,False,False,-10.0,0.0,7.833333333333334,1500,1583,1678,1500,2000,2000,1000,1000,-10.0,5.0,15.0,20.0,100.0,100.0,0.03,0.25,3,1.0,1.0,60.0,1660,67.0
188,326439455389450,3.7599821879994124,target_lost_or_stale,105860,5627284448094,True,,16.421052631578945,16.48766812838111,0.0140625,0.11875,4.980286875801802,0.44355679987609803,105860,0.004802317009307444,16.421052631578945,16.48766812838111,0.0140625,0.11875,0.0,0.08875,4.980286875801802,0.44355679987609803,tracking,True,,False,False,-10.0,0.0,8.875,1500,1583,1679,1500,2000,2000,1000,1000,-10.0,5.0,15.0,20.0,100.0,100.0,0.03,0.25,3,1.0,1.0,60.0,1660,67.0
189,326439475390537,3.7799832749878988,target_lost_or_stale,105860,5627284448094,True,,16.421052631578945,16.48766812838111,0.0140625,0.11875,4.980286875801802,0.44355679987609803,105860,0.024803403997793794,16.421052631578945,16.48766812838111,0.0140625,0.11875,0.0,0.08875,4.980286875801802,0.44355679987609803,tracking,True,,False,False,-10.0,0.0,8.875,1500,1583,1679,1500,2000,2000,1000,1000,-10.0,5.0,15.0,20.0,100.0,100.0,0.03,0.25,3,1.0,1.0,60.0,1660,67.0
190,326439495418853,3.8000115909962915,target_lost_or_stale,105861,5627318633193,True,,16.421052631578945,16.497088558926162,0.0140625,0.12708333333333333,4.977442395489295,0.4744124783200734,105861,0.011226087983231992,16.421052631578945,16.497088558926162,0.0140625,0.12708333333333333,0.0,0.09708333333333333,4.977442395489295,0.4744124783200734,tracking,True,,False,False,-10.0,0.0,9.708333333333332,1500,1583,1680,1500,2000,2000,1000,1000,-10.0,5.0,15.0,20.0,100.0,100.0,0.03,0.25,3,1.0,1.0,60.0,1660,67.0
191,326439515423695,3.8200164329609834,target_lost_or_stale,105861,5627318633193,True,,16.421052631578945,16.497088558926162,0.0140625,0.12708333333333333,4.977442395489295,0.4744124783200734,105861,0.03123092994792387,16.421052631578945,16.497088558926162,0.0140625,0.12708333333333333,0.0,0.09708333333333333,4.977442395489295,0.4744124783200734,tracking,True,,False,False,-10.0,0.0,9.708333333333332,1500,1583,1680,1500,2000,2000,1000,1000,-10.0,5.0,15.0,20.0,100.0,100.0,0.03,0.25,3,1.0,1.0,60.0,1660,67.0
192,326439535429101,3.8400218389579095,target_lost_or_stale,105862,5627351038313,True,,16.842105263157894,16.84724428175708,0.0140625,0.027083333333333334,4.998968824943715,0.1015415542566692,105862,0.017919050995260477,16.842105263157894,16.84724428175708,0.0140625,0.027083333333333334,0.0,0.0,4.998968824943715,0.1015415542566692,tracking,True,,False,False,-10.0,0.0,0.0,1500,1583,1670,1500,2000,2000,1000,1000,-10.0,5.0,15.0,20.0,100.0,100.0,0.03,0.25,3,1.0,1.0,60.0,1660,67.0
193,326439555394417,3.859987155010458,target_lost_or_stale,105863,5627384299282,True,,16.842105263157894,16.848395207040685,0.0140625,0.03125,4.99862727450397,0.11715532674618681,105863,0.004359747050330043,16.842105263157894,16.848395207040685,0.0140625,0.03125,0.0,0.0012500000000000011,4.99862727450397,0.11715532674618681,tracking,True,,False,False,-10.0,0.0,0.1250000000000001,1500,1583,1670,1500,2000,2000,1000,1000,-10.0,5.0,15.0,20.0,100.0,100.0,0.03,0.25,3,1.0,1.0,60.0,1660,67.0
194,326439575423747,3.880016484996304,target_lost_or_stale,105863,5627384299282,True,,16.842105263157894,16.848395207040685,0.0140625,0.03125,4.99862727450397,0.11715532674618681,105863,0.024389077036175877,16.842105263157894,16.848395207040685,0.0140625,0.03125,0.0,0.0012500000000000011,4.99862727450397,0.11715532674618681,tracking,True,,False,False,-10.0,0.0,0.1250000000000001,1500,1583,1670,1500,2000,2000,1000,1000,-10.0,5.0,15.0,20.0,100.0,100.0,0.03,0.25,3,1.0,1.0,60.0,1660,67.0
195,326439595397002,3.8999897399917245,target_lost_or_stale,105864,5627417974233,True,,16.842105263157894,16.85118998403722,0.0140625,0.03958333333333333,4.99779808624117,0.14837213068528476,105864,0.010965068999212235,16.842105263157894,16.85118998403722,0.0140625,0.03958333333333333,0.0,0.009583333333333333,4.99779808624117,0.14837213068528476,tracking,True,,False,False,-10.0,0.0,0.9583333333333333,1500,1583,1671,1500,2000,2000,1000,1000,-10.0,5.0,15.0,20.0,100.0,100.0,0.03,0.25,3,1.0,1.0,60.0,1660,67.0
196,326439615420229,3.920012966962531,target_lost_or_stale,105864,5627417974233,True,,16.842105263157894,16.85118998403722,0.0140625,0.03958333333333333,4.99779808624117,0.14837213068528476,105864,0.030988295970018953,16.842105263157894,16.85118998403722,0.0140625,0.03958333333333333,0.0,0.009583333333333333,4.99779808624117,0.14837213068528476,tracking,True,,False,False,-10.0,0.0,0.9583333333333333,1500,1583,1671,1500,2000,2000,1000,1000,-10.0,5.0,15.0,20.0,100.0,100.0,0.03,0.25,3,1.0,1.0,60.0,1660,67.0
197,326439635432042,3.9400247799931094,target_lost_or_stale,105865,5627450593138,True,,16.842105263157894,16.858749998844687,0.0140625,0.05625,4.995556467630154,0.2107500384781471,105865,0.017576262005604804,16.842105263157894,16.858749998844687,0.0140625,0.05625,0.0,0.026250000000000002,4.995556467630154,0.2107500384781471,tracking,True,,False,False,-10.0,0.0,2.6250000000000004,1500,1583,1673,1500,2000,2000,1000,1000,-10.0,5.0,15.0,20.0,100.0,100.0,0.03,0.25,3,1.0,1.0,60.0,1660,67.0
198,326439655419378,3.9600121160037816,target_lost_or_stale,105866,5627483719196,True,,16.842105263157894,16.875008977118775,0.0140625,0.08125,4.990742327704438,0.30412336059448913,105866,0.004100094025488943,16.842105263157894,16.875008977118775,0.0140625,0.08125,0.0,0.051250000000000004,4.990742327704438,0.30412336059448913,tracking,True,,False,False,-10.0,0.0,5.125,1500,1583,1675,1500,2000,2000,1000,1000,-10.0,5.0,15.0,20.0,100.0,100.0,0.03,0.25,3,1.0,1.0,60.0,1660,67.0
199,326439675424713,3.9800174509873614,target_lost_or_stale,105866,5627483719196,True,,16.842105263157894,16.875008977118775,0.0140625,0.08125,4.990742327704438,0.30412336059448913,105866,0.024105429009068757,16.842105263157894,16.875008977118775,0.0140625,0.08125,0.0,0.051250000000000004,4.990742327704438,0.30412336059448913,tracking,True,,False,False,-10.0,0.0,5.125,1500,1583,1675,1500,2000,2000,1000,1000,-10.0,5.0,15.0,20.0,100.0,100.0,0.03,0.25,3,1.0,1.0,60.0,1660,67.0
200,326439695430394,4.000023131957278,target_lost_or_stale,105867,5627517354052,True,,16.842105263157894,16.901416944648222,0.0140625,0.11041666666666666,4.982942906652653,0.41264995945717287,105867,0.010670137999113649,16.842105263157894,16.901416944648222,0.0140625,0.11041666666666666,0.0,0.08041666666666666,4.982942906652653,0.41264995945717287,tracking,True,,False,False,-10.0,0.0,8.041666666666666,1500,1583,1678,1500,2000,2000,1000,1000,-10.0,5.0,15.0,20.0,100.0,100.0,0.03,0.25,3,1.0,1.0,60.0,1660,67.0
201,326439715405527,4.01999826496467,target_lost_or_stale,105867,5627517354052,True,,16.842105263157894,16.901416944648222,0.0140625,0.11041666666666666,4.982942906652653,0.41264995945717287,105867,0.030645271006505936,16.842105263157894,16.901416944648222,0.0140625,0.11041666666666666,0.0,0.08041666666666666,4.982942906652653,0.41264995945717287,tracking,True,,False,False,-10.0,0.0,8.041666666666666,1500,1583,1678,1500,2000,2000,1000,1000,-10.0,5.0,15.0,20.0,100.0,100.0,0.03,0.25,3,1.0,1.0,60.0,1660,67.0
202,326439735426972,4.0400197099661455,target_lost_or_stale,105868,5627550776879,True,,16.842105263157894,16.938560149687998,0.0140625,0.14166666666666666,4.972014073243601,0.5282764952821327,105868,0.017227800970431417,16.842105263157894,16.938560149687998,0.0140625,0.14166666666666666,0.0,0.11166666666666666,4.972014073243601,0.5282764952821327,tracking,True,,False,False,-10.0,0.0,11.166666666666666,1500,1583,1681,1500,2000,2000,1000,1000,-10.0,5.0,15.0,20.0,100.0,100.0,0.03,0.25,3,1.0,1.0,60.0,1660,67.0
203,326439755407766,4.0600005039596,target_lost_or_stale,105869,5627582688710,True,,16.842105263157894,16.981434379150873,0.0140625,0.17083333333333334,4.9594584319113,0.6354306115886355,105869,0.003716581966727972,16.842105263157894,16.981434379150873,0.0140625,0.17083333333333334,0.0,0.14083333333333334,4.9594584319113,0.6354306115886355,tracking,True,,False,False,-10.0,0.0,14.083333333333334,1500,1583,1684,1500,2000,2000,1000,1000,-10.0,5.0,15.0,20.0,100.0,100.0,0.03,0.25,3,1.0,1.0,60.0,1660,67.0
204,326439775384818,4.079977555957157,target_lost_or_stale,105869,5627582688710,True,,16.842105263157894,16.981434379150873,0.0140625,0.17083333333333334,4.9594584319113,0.6354306115886355,105869,0.023693633964285254,16.842105263157894,16.981434379150873,0.0140625,0.17083333333333334,0.0,0.14083333333333334,4.9594584319113,0.6354306115886355,tracking,True,,False,False,-10.0,0.0,14.083333333333334,1500,1583,1684,1500,2000,2000,1000,1000,-10.0,5.0,15.0,20.0,100.0,100.0,0.03,0.25,3,1.0,1.0,60.0,1660,67.0
205,326439795392347,4.0999850849621,target_lost_or_stale,105870,5627614408081,True,,16.421052631578945,16.598833585597347,0.0140625,0.19583333333333333,4.946926495516999,0.7265798290290593,105870,0.010236770962364972,16.421052631578945,16.598833585597347,0.0140625,0.19583333333333333,0.0,0.16583333333333333,4.946926495516999,0.7265798290290593,tracking,True,,False,False,-10.0,0.0,16.583333333333332,1500,1583,1687,1500,2000,2000,1000,1000,-10.0,5.0,15.0,20.0,100.0,100.0,0.03,0.25,3,1.0,1.0,60.0,1660,67.0
206,326439815402125,4.119994862994645,target_lost_or_stale,105870,5627614408081,True,,16.421052631578945,16.598833585597347,0.0140625,0.19583333333333333,4.946926495516999,0.7265798290290593,105870,0.030246548994909972,16.421052631578945,16.598833585597347,0.0140625,0.19583333333333333,0.0,0.16583333333333333,4.946926495516999,0.7265798290290593,tracking,True,,False,False,-10.0,0.0,16.583333333333332,1500,1583,1687,1500,2000,2000,1000,1000,-10.0,5.0,15.0,20.0,100.0,100.0,0.03,0.25,3,1.0,1.0,60.0,1660,67.0
207,326439835418484,4.140011221985333,target_lost_or_stale,105871,5627647623781,True,,16.421052631578945,16.629898797650064,0.0140625,0.2125,4.937683686063466,0.7869433374663649,105871,0.016821607016026974,16.421052631578945,16.629898797650064,0.0140625,0.2125,0.0,0.1825,4.937683686063466,0.7869433374663649,tracking,True,,False,False,-10.0,0.0,18.25,1500,1583,1688,1500,2000,2000,1000,1000,-10.0,5.0,15.0,20.0,100.0,100.0,0.03,0.25,3,1.0,1.0,60.0,1660,67.0
208,326439855381328,4.159974065958522,target_lost_or_stale,105872,5627680476650,True,,16.421052631578945,16.642186017356252,0.0140625,0.21875,4.934037404746879,0.8094905117162847,105872,0.003293393994681537,16.421052631578945,16.642186017356252,0.0140625,0.21875,0.0,0.18875,4.934037404746879,0.8094905117162847,tracking,True,,False,False,-10.0,0.0,18.875,1500,1583,1689,1500,2000,2000,1000,1000,-10.0,5.0,15.0,20.0,100.0,100.0,0.03,0.25,3,1.0,1.0,60.0,1660,67.0
209,326439875401492,4.179994229984004,target_lost_or_stale,105872,5627680476650,True,,16.421052631578945,16.642186017356252,0.0140625,0.21875,4.934037404746879,0.8094905117162847,105872,0.023313558020163327,16.421052631578945,16.642186017356252,0.0140625,0.21875,0.0,0.18875,4.934037404746879,0.8094905117162847,tracking,True,,False,False,-10.0,0.0,18.875,1500,1583,1689,1500,2000,2000,1000,1000,-10.0,5.0,15.0,20.0,100.0,100.0,0.03,0.25,3,1.0,1.0,60.0,1660,67.0
210,326439895411251,4.200003988982644,target_lost_or_stale,105873,5627713523922,True,,16.421052631578945,16.63805171814782,0.0140625,0.21666666666666667,4.935263673119715,0.8019803468819537,105873,0.009854565025307238,16.421052631578945,16.63805171814782,0.0140625,0.21666666666666667,0.0,0.18666666666666668,4.935263673119715,0.8019803468819537,tracking,True,,False,False,-10.0,0.0,18.666666666666668,1500,1583,1689,1500,2000,2000,1000,1000,-10.0,5.0,15.0,20.0,100.0,100.0,0.03,0.25,3,1.0,1.0,60.0,1660,67.0
211,326439915397772,4.219990509969648,target_lost_or_stale,105873,5627713523922,True,,16.421052631578945,16.63805171814782,0.0140625,0.21666666666666667,4.935263673119715,0.8019803468819537,105873,0.02984108601231128,16.421052631578945,16.63805171814782,0.0140625,0.21666666666666667,0.0,0.18666666666666668,4.935263673119715,0.8019803468819537,tracking,True,,False,False,-10.0,0.0,18.666666666666668,1500,1583,1689,1500,2000,2000,1000,1000,-10.0,5.0,15.0,20.0,100.0,100.0,0.03,0.25,3,1.0,1.0,60.0,1660,67.0
212,326439935392692,4.239985429972876,target_lost_or_stale,105874,5627746902854,True,,16.421052631578945,16.61405645741646,0.0140625,0.20416666666666666,4.942392925659053,0.7568039167415426,105874,0.016395822982303798,16.421052631578945,16.61405645741646,0.0140625,0.20416666666666666,0.0,0.17416666666666666,4.942392925659053,0.7568039167415426,tracking,True,,False,False,-10.0,0.0,17.416666666666668,1500,1583,1688,1500,2000,2000,1000,1000,-10.0,5.0,15.0,20.0,100.0,100.0,0.03,0.25,3,1.0,1.0,60.0,1660,67.0
213,326439955436196,4.260028933989815,target_lost_or_stale,105875,5627779746940,True,,16.421052631578945,16.573689250763884,0.0140625,0.18125,4.954433050501272,0.6734932428025168,105875,0.002941363025456667,16.421052631578945,16.573689250763884,0.0140625,0.18125,0.0,0.15125,4.954433050501272,0.6734932428025168,tracking,True,,False,False,-10.0,0.0,15.125,1500,1583,1685,1500,2000,2000,1000,1000,-10.0,5.0,15.0,20.0,100.0,100.0,0.03,0.25,3,1.0,1.0,60.0,1660,67.0
214,326439975395823,4.279988561000209,target_lost_or_stale,105875,5627779746940,True,,16.421052631578945,16.573689250763884,0.0140625,0.18125,4.954433050501272,0.6734932428025168,105875,0.022900990035850555,16.421052631578945,16.573689250763884,0.0140625,0.18125,0.0,0.15125,4.954433050501272,0.6734932428025168,tracking,True,,False,False,-10.0,0.0,15.125,1500,1583,1685,1500,2000,2000,1000,1000,-10.0,5.0,15.0,20.0,100.0,100.0,0.03,0.25,3,1.0,1.0,60.0,1660,67.0
215,326439995392535,4.299985272984486,target_lost_or_stale,105876,5627813347208,True,,16.842105263157894,16.959010385072506,0.0140625,0.15625,4.96601733742006,0.5819551567289133,105876,0.009447984979487956,16.842105263157894,16.959010385072506,0.0140625,0.15625,0.0,0.12625,4.96601733742006,0.5819551567289133,tracking,True,,False,False,-10.0,0.0,12.625,1500,1583,1683,1500,2000,2000,1000,1000,-10.0,5.0,15.0,20.0,100.0,100.0,0.03,0.25,3,1.0,1.0,60.0,1660,67.0
216,326440015406968,4.31999970600009,target_lost_or_stale,105876,5627813347208,True,,16.842105263157894,16.959010385072506,0.0140625,0.15625,4.96601733742006,0.5819551567289133,105876,0.029462417995091528,16.842105263157894,16.959010385072506,0.0140625,0.15625,0.0,0.12625,4.96601733742006,0.5819551567289133,tracking,True,,False,False,-10.0,0.0,12.625,1500,1583,1683,1500,2000,2000,1000,1000,-10.0,5.0,15.0,20.0,100.0,100.0,0.03,0.25,3,1.0,1.0,60.0,1660,67.0
217,326440035404253,4.3399969909805804,target_lost_or_stale,105877,5627846133697,True,,16.842105263157894,16.92009082966786,0.0140625,0.12708333333333333,4.977442395489295,0.4744124783200734,105877,0.016026612021960318,16.842105263157894,16.92009082966786,0.0140625,0.12708333333333333,0.0,0.09708333333333333,4.977442395489295,0.4744124783200734,tracking,True,,False,False,-10.0,0.0,9.708333333333332,1500,1583,1680,1500,2000,2000,1000,1000,-10.0,5.0,15.0,20.0,100.0,100.0,0.03,0.25,3,1.0,1.0,60.0,1660,67.0
218,326440055383106,4.359975843981374,target_lost_or_stale,105878,5627878809800,True,,16.842105263157894,16.88912023379158,0.0140625,0.09791666666666667,4.986571624729242,0.3662013536910538,105878,0.0025551519938744605,16.842105263157894,16.88912023379158,0.0140625,0.09791666666666667,0.0,0.06791666666666667,4.986571624729242,0.3662013536910538,tracking,True,,False,False,-10.0,0.0,6.791666666666667,1500,1583,1677,1500,2000,2000,1000,1000,-10.0,5.0,15.0,20.0,100.0,100.0,0.03,0.25,3,1.0,1.0,60.0,1660,67.0
219,326440075422632,4.3800153699703515,target_lost_or_stale,105878,5627878809800,True,,16.842105263157894,16.88912023379158,0.0140625,0.09791666666666667,4.986571624729242,0.3662013536910538,105878,0.022594677982851863,16.842105263157894,16.88912023379158,0.0140625,0.09791666666666667,0.0,0.06791666666666667,4.986571624729242,0.3662013536910538,tracking,True,,False,False,-10.0,0.0,6.791666666666667,1500,1583,1677,1500,2000,2000,1000,1000,-10.0,5.0,15.0,20.0,100.0,100.0,0.03,0.25,3,1.0,1.0,60.0,1660,67.0
220,326440095422665,4.400015402992722,target_lost_or_stale,105879,5627911940764,True,,16.842105263157894,16.86893422324762,0.0140625,0.07291666666666667,4.9925399224624005,0.27302952700966254,105879,0.009179409011267126,16.842105263157894,16.86893422324762,0.0140625,0.07291666666666667,0.0,0.04291666666666667,4.9925399224624005,0.27302952700966254,tracking,True,,False,False,-10.0,0.0,4.291666666666667,1500,1583,1674,1500,2000,2000,1000,1000,-10.0,5.0,15.0,20.0,100.0,100.0,0.03,0.25,3,1.0,1.0,60.0,1660,67.0
221,326440115399686,4.419992423965596,target_lost_or_stale,105879,5627911940764,True,,16.842105263157894,16.86893422324762,0.0140625,0.07291666666666667,4.9925399224624005,0.27302952700966254,105879,0.02915642998414114,16.842105263157894,16.86893422324762,0.0140625,0.07291666666666667,0.0,0.04291666666666667,4.9925399224624005,0.27302952700966254,tracking,True,,False,False,-10.0,0.0,4.291666666666667,1500,1583,1674,1500,2000,2000,1000,1000,-10.0,5.0,15.0,20.0,100.0,100.0,0.03,0.25,3,1.0,1.0,60.0,1660,67.0
222,326440135400944,4.43999368196819,target_lost_or_stale,105880,5627944859810,True,,16.842105263157894,16.85661381662642,0.0140625,0.052083333333333336,4.99618966276523,0.1951636587017668,105880,0.0157127229613252,16.842105263157894,16.85661381662642,0.0140625,0.052083333333333336,0.0,0.022083333333333337,4.99618966276523,0.1951636587017668,tracking,True,,False,False,-10.0,0.0,2.2083333333333335,1500,1583,1672,1500,2000,2000,1000,1000,-10.0,5.0,15.0,20.0,100.0,100.0,0.03,0.25,3,1.0,1.0,60.0,1660,67.0
223,326440155381175,4.459973912977148,target_lost_or_stale,105881,5627977749658,True,,16.842105263157894,16.85118998403722,0.0140625,0.03958333333333333,4.99779808624117,0.14837213068528476,105881,0.002203968004323542,16.842105263157894,16.85118998403722,0.0140625,0.03958333333333333,0.0,0.009583333333333333,4.99779808624117,0.14837213068528476,tracking,True,,False,False,-10.0,0.0,0.9583333333333333,1500,1583,1671,1500,2000,2000,1000,1000,-10.0,5.0,15.0,20.0,100.0,100.0,0.03,0.25,3,1.0,1.0,60.0,1660,67.0
224,326440175387200,4.479979938012548,target_lost_or_stale,105881,5627977749658,True,,16.842105263157894,16.85118998403722,0.0140625,0.03958333333333333,4.99779808624117,0.14837213068528476,105881,0.022209993039723486,16.842105263157894,16.85118998403722,0.0140625,0.03958333333333333,0.0,0.009583333333333333,4.99779808624117,0.14837213068528476,tracking,True,,False,False,-10.0,0.0,0.9583333333333333,1500,1583,1671,1500,2000,2000,1000,1000,-10.0,5.0,15.0,20.0,100.0,100.0,0.03,0.25,3,1.0,1.0,60.0,1660,67.0
225,326440195413469,4.5000062069739215,target_lost_or_stale,105882,5628010718796,True,,16.842105263157894,16.84971045395948,0.0140625,0.035416666666666666,4.998237016855803,0.13276567076023227,105882,0.0088119640131481,16.842105263157894,16.84971045395948,0.0140625,0.035416666666666666,0.0,0.005416666666666667,4.998237016855803,0.13276567076023227,tracking,True,,False,False,-10.0,0.0,0.5416666666666667,1500,1583,1671,1500,2000,2000,1000,1000,-10.0,5.0,15.0,20.0,100.0,100.0,0.03,0.25,3,1.0,1.0,60.0,1660,67.0
226,326440215406278,4.519999015959911,target_lost_or_stale,105882,5628010718796,True,,16.842105263157894,16.84971045395948,0.0140625,0.035416666666666666,4.998237016855803,0.13276567076023227,105882,0.02880477299913764,16.842105263157894,16.84971045395948,0.0140625,0.035416666666666666,0.0,0.005416666666666667,4.998237016855803,0.13276567076023227,tracking,True,,False,False,-10.0,0.0,0.5416666666666667,1500,1583,1671,1500,2000,2000,1000,1000,-10.0,5.0,15.0,20.0,100.0,100.0,0.03,0.25,3,1.0,1.0,60.0,1660,67.0
227,326440235415576,4.540008314012084,target_lost_or_stale,105883,5628044891395,True,,16.842105263157894,16.852833754006063,0.0140625,0.04375,4.997310521155662,0.16397425147542014,105883,0.015357129042968154,16.842105263157894,16.852833754006063,0.0140625,0.04375,0.0,0.013749999999999998,4.997310521155662,0.16397425147542014,tracking,True,,False,False,-10.0,0.0,1.3749999999999998,1500,1583,1672,1500,2000,2000,1000,1000,-10.0,5.0,15.0,20.0,100.0,100.0,0.03,0.25,3,1.0,1.0,60.0,1660,67.0
228,326440255431302,4.56002403999446,target_lost_or_stale,105884,5628076845672,True,,16.842105263157894,16.86105020010365,0.0140625,0.06041666666666667,4.994874834340055,0.22633026593103373,105884,0.0019270980264991522,16.842105263157894,16.86105020010365,0.0140625,0.06041666666666667,0.0,0.030416666666666668,4.994874834340055,0.22633026593103373,tracking,True,,False,False,-10.0,0.0,3.041666666666667,1500,1583,1673,1500,2000,2000,1000,1000,-10.0,5.0,15.0,20.0,100.0,100.0,0.03,0.25,3,1.0,1.0,60.0,1660,67.0
229,326440275394522,4.579987259989139,target_lost_or_stale,105884,5628076845672,True,,16.842105263157894,16.86105020010365,0.0140625,0.06041666666666667,4.994874834340055,0.22633026593103373,105884,0.021890318021178246,16.842105263157894,16.86105020010365,0.0140625,0.06041666666666667,0.0,0.030416666666666668,4.994874834340055,0.22633026593103373,tracking,True,,False,False,-10.0,0.0,3.041666666666667,1500,1583,1673,1500,2000,2000,1000,1000,-10.0,5.0,15.0,20.0,100.0,100.0,0.03,0.25,3,1.0,1.0,60.0,1660,67.0
230,326440295424378,4.600017115997616,target_lost_or_stale,105885,5628110266741,True,,16.842105263157894,16.875008977118775,0.0140625,0.08125,4.990742327704438,0.30412336059448913,105885,0.008480402990244329,16.842105263157894,16.875008977118775,0.0140625,0.08125,0.0,0.051250000000000004,4.990742327704438,0.30412336059448913,tracking,True,,False,False,-10.0,0.0,5.125,1500,1583,1675,1500,2000,2000,1000,1000,-10.0,5.0,15.0,20.0,100.0,100.0,0.03,0.25,3,1.0,1.0,60.0,1660,67.0
231,326440315394810,4.61998754797969,target_lost_or_stale,105885,5628110266741,True,,16.842105263157894,16.875008977118775,0.0140625,0.08125,4.990742327704438,0.30412336059448913,105885,0.028450834972318262,16.842105263157894,16.875008977118775,0.0140625,0.08125,0.0,0.051250000000000004,4.990742327704438,0.30412336059448913,tracking,True,,False,False,-10.0,0.0,5.125,1500,1583,1675,1500,2000,2000,1000,1000,-10.0,5.0,15.0,20.0,100.0,100.0,0.03,0.25,3,1.0,1.0,60.0,1660,67.0
232,326440335393242,4.639985980000347,target_lost_or_stale,105886,5628142698902,True,,16.842105263157894,16.897155098285403,0.0140625,0.10625,4.9841999649894895,0.39717843471009995,105886,0.015049600042402744,16.842105263157894,16.897155098285403,0.0140625,0.10625,0.0,0.07625,4.9841999649894895,0.39717843471009995,tracking,True,,False,False,-10.0,0.0,7.625,1500,1583,1678,1500,2000,2000,1000,1000,-10.0,5.0,15.0,20.0,100.0,100.0,0.03,0.25,3,1.0,1.0,60.0,1660,67.0
233,326440355389891,4.659982629003935,target_lost_or_stale,105887,5628175882404,True,,16.842105263157894,16.925165252858392,0.0140625,0.13125,4.975949789872175,0.48982005744054224,105887,0.0015901210135780275,16.842105263157894,16.925165252858392,0.0140625,0.13125,0.0,0.10125,4.975949789872175,0.48982005744054224,tracking,True,,False,False,-10.0,0.0,10.125,1500,1583,1680,1500,2000,2000,1000,1000,-10.0,5.0,15.0,20.0,100.0,100.0,0.03,0.25,3,1.0,1.0,60.0,1660,67.0
234,326440375387729,4.679980466957204,target_lost_or_stale,105887,5628175882404,True,,16.842105263157894,16.925165252858392,0.0140625,0.13125,4.975949789872175,0.48982005744054224,105887,0.02158795896684751,16.842105263157894,16.925165252858392,0.0140625,0.13125,0.0,0.10125,4.975949789872175,0.48982005744054224,tracking,True,,False,False,-10.0,0.0,10.125,1500,1583,1680,1500,2000,2000,1000,1000,-10.0,5.0,15.0,20.0,100.0,100.0,0.03,0.25,3,1.0,1.0,60.0,1660,67.0
235,326440395419843,4.700012580957264,target_lost_or_stale,105888,5628208883481,True,,16.842105263157894,16.952965731440994,0.0140625,0.15208333333333332,4.967788338085844,0.5666383573129166,105888,0.008198952942620963,16.842105263157894,16.952965731440994,0.0140625,0.15208333333333332,0.0,0.12208333333333332,4.967788338085844,0.5666383573129166,tracking,True,,False,False,-10.0,0.0,12.208333333333332,1500,1583,1682,1500,2000,2000,1000,1000,-10.0,5.0,15.0,20.0,100.0,100.0,0.03,0.25,3,1.0,1.0,60.0,1660,67.0
236,326440415417741,4.720010478980839,target_lost_or_stale,105888,5628208883481,True,,16.842105263157894,16.952965731440994,0.0140625,0.15208333333333332,4.967788338085844,0.5666383573129166,105888,0.028196850966196507,16.842105263157894,16.952965731440994,0.0140625,0.15208333333333332,0.0,0.12208333333333332,4.967788338085844,0.5666383573129166,tracking,True,,False,False,-10.0,0.0,12.208333333333332,1500,1583,1682,1500,2000,2000,1000,1000,-10.0,5.0,15.0,20.0,100.0,100.0,0.03,0.25,3,1.0,1.0,60.0,1660,67.0
237,326440435388379,4.739981116959825,target_lost_or_stale,105889,5628241800895,True,,16.842105263157894,16.978110398008976,0.0140625,0.16875,4.960429585603169,0.6278043694279011,105889,0.01468529598787427,16.842105263157894,16.978110398008976,0.0140625,0.16875,0.0,0.13875,4.960429585603169,0.6278043694279011,tracking,True,,False,False,-10.0,0.0,13.875000000000002,1500,1583,1684,1500,2000,2000,1000,1000,-10.0,5.0,15.0,20.0,100.0,100.0,0.03,0.25,3,1.0,1.0,60.0,1660,67.0
238,326440455397582,4.759990319958888,target_lost_or_stale,105890,5628274975311,True,,16.842105263157894,16.998655641809112,0.0140625,0.18125,4.954433050501272,0.6734932428025168,105890,0.0011159429559484124,16.842105263157894,16.998655641809112,0.0140625,0.18125,0.0,0.15125,4.954433050501272,0.6734932428025168,tracking,True,,False,False,-10.0,0.0,15.125,1500,1583,1685,1500,2000,2000,1000,1000,-10.0,5.0,15.0,20.0,100.0,100.0,0.03,0.25,3,1.0,1.0,60.0,1660,67.0
239,326440475408065,4.780000803002622,target_lost_or_stale,105890,5628274975311,True,,16.842105263157894,16.998655641809112,0.0140625,0.18125,4.954433050501272,0.6734932428025168,105890,0.021126425999682397,16.842105263157894,16.998655641809112,0.0140625,0.18125,0.0,0.15125,4.954433050501272,0.6734932428025168,tracking,True,,False,False,-10.0,0.0,15.125,1500,1583,1685,1500,2000,2000,1000,1000,-10.0,5.0,15.0,20.0,100.0,100.0,0.03,0.25,3,1.0,1.0,60.0,1660,67.0
240,326440495423566,4.800016304012388,target_lost_or_stale,105891,5628307690987,True,,16.842105263157894,16.998655641809112,0.0140625,0.18125,4.954433050501272,0.6734932428025168,105891,0.0077642970136366785,16.842105263157894,16.998655641809112,0.0140625,0.18125,0.0,0.15125,4.954433050501272,0.6734932428025168,tracking,True,,False,False,-10.0,0.0,15.125,1500,1583,1685,1500,2000,2000,1000,1000,-10.0,5.0,15.0,20.0,100.0,100.0,0.03,0.25,3,1.0,1.0,60.0,1660,67.0
241,326440515384776,4.81997751398012,target_lost_or_stale,105891,5628307690987,True,,16.842105263157894,16.998655641809112,0.0140625,0.18125,4.954433050501272,0.6734932428025168,105891,0.027725506981369108,16.842105263157894,16.998655641809112,0.0140625,0.18125,0.0,0.15125,4.954433050501272,0.6734932428025168,tracking,True,,False,False,-10.0,0.0,15.125,1500,1583,1685,1500,2000,2000,1000,1000,-10.0,5.0,15.0,20.0,100.0,100.0,0.03,0.25,3,1.0,1.0,60.0,1660,67.0
242,326440535416331,4.840009069012012,target_lost_or_stale,105892,5628340901012,True,,16.842105263157894,16.98479848280176,0.0140625,0.17291666666666666,4.958475942932437,0.6430523488490505,105892,0.014322135015390813,16.842105263157894,16.98479848280176,0.0140625,0.17291666666666666,0.0,0.14291666666666666,4.958475942932437,0.6430523488490505,tracking,True,,False,False,-10.0,0.0,14.291666666666666,1500,1583,1684,1500,2000,2000,1000,1000,-10.0,5.0,15.0,20.0,100.0,100.0,0.03,0.25,3,1.0,1.0,60.0,1660,67.0
243,326440555436173,4.860028910974506,target_lost_or_stale,105893,5628373745193,True,,16.842105263157894,16.962093145544163,0.0140625,0.15833333333333333,4.9651146170179,0.5896073607708756,105893,0.0008795229950919747,16.842105263157894,16.962093145544163,0.0140625,0.15833333333333333,0.0,0.12833333333333333,4.9651146170179,0.5896073607708756,tracking,True,,False,False,-10.0,0.0,12.833333333333332,1500,1583,1683,1500,2000,2000,1000,1000,-10.0,5.0,15.0,20.0,100.0,100.0,0.03,0.25,3,1.0,1.0,60.0,1660,67.0
244,326440575415469,4.880008206993807,target_lost_or_stale,105893,5628373745193,True,,16.842105263157894,16.962093145544163,0.0140625,0.15833333333333333,4.9651146170179,0.5896073607708756,105893,0.020858819014392793,16.842105263157894,16.962093145544163,0.0140625,0.15833333333333333,0.0,0.12833333333333333,4.9651146170179,0.5896073607708756,tracking,True,,False,False,-10.0,0.0,12.833333333333332,1500,1583,1683,1500,2000,2000,1000,1000,-10.0,5.0,15.0,20.0,100.0,100.0,0.03,0.25,3,1.0,1.0,60.0,1660,67.0
245,326440595401962,4.899994699982926,target_lost_or_stale,105894,5628406714125,True,,16.842105263157894,16.93040177181642,0.0140625,0.13541666666666666,4.974410443272702,0.5052135606448838,105894,0.0073401620029471815,16.842105263157894,16.93040177181642,0.0140625,0.13541666666666666,0.0,0.10541666666666666,4.974410443272702,0.5052135606448838,tracking,True,,False,False,-10.0,0.0,10.541666666666666,1500,1583,1681,1500,2000,2000,1000,1000,-10.0,5.0,15.0,20.0,100.0,100.0,0.03,0.25,3,1.0,1.0,60.0,1660,67.0
246,326440615401692,4.919994429976214,target_lost_or_stale,105894,5628406714125,True,,16.842105263157894,16.93040177181642,0.0140625,0.13541666666666666,4.974410443272702,0.5052135606448838,105894,0.027339891996234655,16.842105263157894,16.93040177181642,0.0140625,0.13541666666666666,0.0,0.10541666666666666,4.974410443272702,0.5052135606448838,tracking,True,,False,False,-10.0,0.0,10.541666666666666,1500,1583,1681,1500,2000,2000,1000,1000,-10.0,5.0,15.0,20.0,100.0,100.0,0.03,0.25,3,1.0,1.0,60.0,1660,67.0
247,326440635416653,4.940009390993509,target_lost_or_stale,105895,5628439745001,True,,16.842105263157894,16.901416944648222,0.0140625,0.11041666666666666,4.982942906652653,0.41264995945717287,105895,0.013923485006671399,16.842105263157894,16.901416944648222,0.0140625,0.11041666666666666,0.0,0.08041666666666666,4.982942906652653,0.41264995945717287,tracking,True,,False,False,-10.0,0.0,8.041666666666666,1500,1583,1678,1500,2000,2000,1000,1000,-10.0,5.0,15.0,20.0,100.0,100.0,0.03,0.25,3,1.0,1.0,60.0,1660,67.0
248,326440655398816,4.959991553972941,target_lost_or_stale,105896,5628472653668,True,,16.842105263157894,16.878291717526956,0.0140625,0.08541666666666667,4.989771462956045,0.3196572343456217,105896,0.0003752139746211469,16.842105263157894,16.878291717526956,0.0140625,0.08541666666666667,0.0,0.05541666666666667,4.989771462956045,0.3196572343456217,tracking,True,,False,False,-10.0,0.0,5.541666666666667,1500,1583,1676,1500,2000,2000,1000,1000,-10.0,5.0,15.0,20.0,100.0,100.0,0.03,0.25,3,1.0,1.0,60.0,1660,67.0
249,326440675423635,4.980016372981481,target_lost_or_stale,105896,5628472653668,True,,16.842105263157894,16.878291717526956,0.0140625,0.08541666666666667,4.989771462956045,0.3196572343456217,105896,0.02040003298316151,16.842105263157894,16.878291717526956,0.0140625,0.08541666666666667,0.0,0.05541666666666667,4.989771462956045,0.3196572343456217,tracking,True,,False,False,-10.0,0.0,5.541666666666667,1500,1583,1676,1500,2000,2000,1000,1000,-10.0,5.0,15.0,20.0,100.0,100.0,0.03,0.25,3,1.0,1.0,60.0,1660,67.0
250,326440695426910,5.000019647995941,target_lost_or_stale,105897,5628505736741,True,,16.842105263157894,16.86105020010365,0.0140625,0.06041666666666667,4.994874834340055,0.22633026593103373,105897,0.007002553029451519,16.842105263157894,16.86105020010365,0.0140625,0.06041666666666667,0.0,0.030416666666666668,4.994874834340055,0.22633026593103373,tracking,True,,False,False,-10.0,0.0,3.041666666666667,1500,1583,1673,1500,2000,2000,1000,1000,-10.0,5.0,15.0,20.0,100.0,100.0,0.03,0.25,3,1.0,1.0,60.0,1660,67.0
251,326440715398023,5.019990761007648,target_lost_or_stale,105897,5628505736741,True,,16.842105263157894,16.86105020010365,0.0140625,0.06041666666666667,4.994874834340055,0.22633026593103373,105897,0.02697366604115814,16.842105263157894,16.86105020010365,0.0140625,0.06041666666666667,0.0,0.030416666666666668,4.994874834340055,0.22633026593103373,tracking,True,,False,False,-10.0,0.0,3.041666666666667,1500,1583,1673,1500,2000,2000,1000,1000,-10.0,5.0,15.0,20.0,100.0,100.0,0.03,0.25,3,1.0,1.0,60.0,1660,67.0
252,326440735389312,5.03998204995878,target_lost_or_stale,105898,5628538353986,True,,16.842105263157894,16.85118998403722,0.0140625,0.03958333333333333,4.99779808624117,0.14837213068528476,105898,0.013444572978187352,16.842105263157894,16.85118998403722,0.0140625,0.03958333333333333,0.0,0.009583333333333333,4.99779808624117,0.14837213068528476,tracking,True,,False,False,-10.0,0.0,0.9583333333333333,1500,1583,1671,1500,2000,2000,1000,1000,-10.0,5.0,15.0,20.0,100.0,100.0,0.03,0.25,3,1.0,1.0,60.0,1660,67.0
253,326440755505858,5.0600985959754325,target_lost_or_stale,105900,5628604320621,True,,16.842105263157894,16.845435526009464,0.0140625,0.01875,4.999505688547182,0.07030554874519475,105900,7.790001109242439e-05,16.842105263157894,16.845435526009464,0.0140625,0.01875,0.0,0.0,4.999505688547182,0.07030554874519475,tracking,True,,False,False,-10.0,0.0,0.0,1500,1583,1670,1500,2000,2000,1000,1000,-10.0,5.0,15.0,20.0,100.0,100.0,0.03,0.25,3,1.0,1.0,60.0,1660,67.0
254,326440775387281,5.079980019014329,target_lost_or_stale,105900,5628604320621,True,,16.842105263157894,16.845435526009464,0.0140625,0.01875,4.999505688547182,0.07030554874519475,105900,0.019959323049988598,16.842105263157894,16.845435526009464,0.0140625,0.01875,0.0,0.0,4.999505688547182,0.07030554874519475,tracking,True,,False,False,-10.0,0.0,0.0,1500,1583,1670,1500,2000,2000,1000,1000,-10.0,5.0,15.0,20.0,100.0,100.0,0.03,0.25,3,1.0,1.0,60.0,1660,67.0
255,326440795409972,5.100002710008994,target_lost_or_stale,105901,5628637398207,True,,16.842105263157894,16.845435526009464,0.0140625,0.01875,4.999505688547182,0.07030554874519475,105901,0.006514306005556136,16.842105263157894,16.845435526009464,0.0140625,0.01875,0.0,0.0,4.999505688547182,0.07030554874519475,tracking,True,,False,False,-10.0,0.0,0.0,1500,1583,1670,1500,2000,2000,1000,1000,-10.0,5.0,15.0,20.0,100.0,100.0,0.03,0.25,3,1.0,1.0,60.0,1660,67.0
256,326440815371212,5.119963950011879,target_lost_or_stale,105901,5628637398207,True,,16.842105263157894,16.845435526009464,0.0140625,0.01875,4.999505688547182,0.07030554874519475,105901,0.026475546008441597,16.842105263157894,16.845435526009464,0.0140625,0.01875,0.0,0.0,4.999505688547182,0.07030554874519475,tracking,True,,False,False,-10.0,0.0,0.0,1500,1583,1670,1500,2000,2000,1000,1000,-10.0,5.0,15.0,20.0,100.0,100.0,0.03,0.25,3,1.0,1.0,60.0,1660,67.0
257,326440835346277,5.139939014974516,target_lost_or_stale,105902,5628670426859,True,,16.842105263157894,16.84724428175708,0.0140625,0.027083333333333334,4.998968824943715,0.1015415542566692,105902,0.013031545968260616,16.842105263157894,16.84724428175708,0.0140625,0.027083333333333334,0.0,0.0,4.998968824943715,0.1015415542566692,tracking,True,,False,False,-10.0,0.0,0.0,1500,1583,1670,1500,2000,2000,1000,1000,-10.0,5.0,15.0,20.0,100.0,100.0,0.03,0.25,3,1.0,1.0,60.0,1660,67.0
258,326440855406059,5.1599987969966605,target_lost_or_stale,105902,5628670426859,True,,16.842105263157894,16.84724428175708,0.0140625,0.027083333333333334,4.998968824943715,0.1015415542566692,105902,0.03309132799040526,16.842105263157894,16.84724428175708,0.0140625,0.027083333333333334,0.0,0.0,4.998968824943715,0.1015415542566692,tracking,True,,False,False,-10.0,0.0,0.0,1500,1583,1670,1500,2000,2000,1000,1000,-10.0,5.0,15.0,20.0,100.0,100.0,0.03,0.25,3,1.0,1.0,60.0,1660,67.0
259,326440875405213,5.179997950966936,target_lost_or_stale,105903,5628703280257,True,,16.842105263157894,16.852833754006063,0.0140625,0.04375,4.997310521155662,0.16397425147542014,105903,0.01971436000894755,16.842105263157894,16.852833754006063,0.0140625,0.04375,0.0,0.013749999999999998,4.997310521155662,0.16397425147542014,tracking,True,,False,False,-10.0,0.0,1.3749999999999998,1500,1583,1672,1500,2000,2000,1000,1000,-10.0,5.0,15.0,20.0,100.0,100.0,0.03,0.25,3,1.0,1.0,60.0,1660,67.0
260,326440895378851,5.199971588968765,target_lost_or_stale,105904,5628736300534,True,,16.842105263157894,16.86226178708471,0.0140625,0.0625,4.99451587184919,0.2341179314929308,105904,0.006170224980451167,16.842105263157894,16.86226178708471,0.0140625,0.0625,0.0,0.0325,4.99451587184919,0.2341179314929308,tracking,True,,False,False,-10.0,0.0,3.25,1500,1583,1673,1500,2000,2000,1000,1000,-10.0,5.0,15.0,20.0,100.0,100.0,0.03,0.25,3,1.0,1.0,60.0,1660,67.0
261,326440915411117,5.220003855007235,target_lost_or_stale,105904,5628736300534,True,,16.842105263157894,16.86226178708471,0.0140625,0.0625,4.99451587184919,0.2341179314929308,105904,0.026202491018921137,16.842105263157894,16.86226178708471,0.0140625,0.0625,0.0,0.0325,4.99451587184919,0.2341179314929308,tracking,True,,False,False,-10.0,0.0,3.25,1500,1583,1673,1500,2000,2000,1000,1000,-10.0,5.0,15.0,20.0,100.0,100.0,0.03,0.25,3,1.0,1.0,60.0,1660,67.0
262,326440935398500,5.2399912379914895,target_lost_or_stale,105905,5628769451605,True,,16.842105263157894,16.876629910000204,0.0140625,0.08333333333333333,4.990262892414443,0.3118914307759027,105905,0.012729150999803096,16.842105263157894,16.876629910000204,0.0140625,0.08333333333333333,0.0,0.05333333333333333,4.990262892414443,0.3118914307759027,tracking,True,,False,False,-10.0,0.0,5.333333333333333,1500,1583,1676,1500,2000,2000,1000,1000,-10.0,5.0,15.0,20.0,100.0,100.0,0.03,0.25,3,1.0,1.0,60.0,1660,67.0
263,326440955424440,5.260017177963164,target_lost_or_stale,105905,5628769451605,True,,16.842105263157894,16.876629910000204,0.0140625,0.08333333333333333,4.990262892414443,0.3118914307759027,105905,0.03275509097147733,16.842105263157894,16.876629910000204,0.0140625,0.08333333333333333,0.0,0.05333333333333333,4.990262892414443,0.3118914307759027,tracking,True,,False,False,-10.0,0.0,5.333333333333333,1500,1583,1676,1500,2000,2000,1000,1000,-10.0,5.0,15.0,20.0,100.0,100.0,0.03,0.25,3,1.0,1.0,60.0,1660,67.0
264,326440975420384,5.28001312201377,target_lost_or_stale,105906,5628802351316,True,,16.421052631578945,16.473087785571217,0.015625,0.10416666666666667,4.9848107067462175,0.38943833646454823,105906,0.01931033399887383,16.421052631578945,16.473087785571217,0.015625,0.10416666666666667,0.0,0.07416666666666667,4.9848107067462175,0.38943833646454823,tracking,True,,False,False,-10.0,0.0,7.416666666666667,1500,1583,1678,1500,2000,2000,1000,1000,-10.0,5.0,15.0,20.0,100.0,100.0,0.03,0.25,3,1.0,1.0,60.0,1660,67.0
265,326440995411565,5.3000043029896915,target_lost_or_stale,105907,5628835867061,True,,16.421052631578945,16.490343119686322,0.015625,0.12083333333333333,4.9795933857286085,0.45127565058165514,105907,0.005854854010976851,16.421052631578945,16.490343119686322,0.015625,0.12083333333333333,0.0,0.09083333333333334,4.9795933857286085,0.45127565058165514,tracking,True,,False,False,-10.0,0.0,9.083333333333334,1500,1583,1679,1500,2000,2000,1000,1000,-10.0,5.0,15.0,20.0,100.0,100.0,0.03,0.25,3,1.0,1.0,60.0,1660,67.0
266,326441015418726,5.320011464005802,target_lost_or_stale,105907,5628835867061,True,,16.421052631578945,16.490343119686322,0.015625,0.12083333333333333,4.9795933857286085,0.45127565058165514,105907,0.025862015027087182,16.421052631578945,16.490343119686322,0.015625,0.12083333333333333,0.0,0.09083333333333334,4.9795933857286085,0.45127565058165514,tracking,True,,False,False,-10.0,0.0,9.083333333333334,1500,1583,1679,1500,2000,2000,1000,1000,-10.0,5.0,15.0,20.0,100.0,100.0,0.03,0.25,3,1.0,1.0,60.0,1660,67.0
267,326441035409009,5.340001747012138,target_lost_or_stale,105908,5628868893050,True,,16.421052631578945,16.50241510749847,0.015625,0.13125,4.975949789872176,0.48982005744054224,105908,0.012357377039734274,16.421052631578945,16.50241510749847,0.015625,0.13125,0.0,0.10125,4.975949789872176,0.48982005744054224,tracking,True,,False,False,-10.0,0.0,10.125,1500,1583,1680,1500,2000,2000,1000,1000,-10.0,5.0,15.0,20.0,100.0,100.0,0.03,0.25,3,1.0,1.0,60.0,1660,67.0
268,326441055423240,5.360015977988951,target_lost_or_stale,105908,5628868893050,True,,16.421052631578945,16.50241510749847,0.015625,0.13125,4.975949789872176,0.48982005744054224,105908,0.032371608016546816,16.421052631578945,16.50241510749847,0.015625,0.13125,0.0,0.10125,4.975949789872176,0.48982005744054224,tracking,True,,False,False,-10.0,0.0,10.125,1500,1583,1680,1500,2000,2000,1000,1000,-10.0,5.0,15.0,20.0,100.0,100.0,0.03,0.25,3,1.0,1.0,60.0,1660,67.0
269,326441075410788,5.380003525991924,target_lost_or_stale,105909,5628901709868,True,,16.421052631578945,16.507520596266097,0.015625,0.13541666666666666,4.974410443272702,0.5052135606448838,105909,0.018959434994030744,16.421052631578945,16.507520596266097,0.015625,0.13541666666666666,0.0,0.10541666666666666,4.974410443272702,0.5052135606448838,tracking,True,,False,False,-10.0,0.0,10.541666666666666,1500,1583,1681,1500,2000,2000,1000,1000,-10.0,5.0,15.0,20.0,100.0,100.0,0.03,0.25,3,1.0,1.0,60.0,1660,67.0
270,326441095411914,5.400004651979543,target_lost_or_stale,105910,5628935256432,True,,16.421052631578945,16.50241510749847,0.015625,0.13125,4.975949789872176,0.48982005744054224,105910,0.005499207996763289,16.421052631578945,16.50241510749847,0.015625,0.13125,0.0,0.10125,4.975949789872176,0.48982005744054224,tracking,True,,False,False,-10.0,0.0,10.125,1500,1583,1680,1500,2000,2000,1000,1000,-10.0,5.0,15.0,20.0,100.0,100.0,0.03,0.25,3,1.0,1.0,60.0,1660,67.0
271,326441115420427,5.420013164984994,target_lost_or_stale,105910,5628935256432,True,,16.421052631578945,16.50241510749847,0.015625,0.13125,4.975949789872176,0.48982005744054224,105910,0.025507721002213657,16.421052631578945,16.50241510749847,0.015625,0.13125,0.0,0.10125,4.975949789872176,0.48982005744054224,tracking,True,,False,False,-10.0,0.0,10.125,1500,1583,1680,1500,2000,2000,1000,1000,-10.0,5.0,15.0,20.0,100.0,100.0,0.03,0.25,3,1.0,1.0,60.0,1660,67.0
272,326441135429663,5.4400224009878,target_lost_or_stale,105911,5628967935626,True,,16.421052631578945,16.490343119686322,0.015625,0.12083333333333333,4.9795933857286085,0.45127565058165514,105911,0.012069632997736335,16.421052631578945,16.490343119686322,0.015625,0.12083333333333333,0.0,0.09083333333333334,4.9795933857286085,0.45127565058165514,tracking,True,,False,False,-10.0,0.0,9.083333333333334,1500,1583,1679,1500,2000,2000,1000,1000,-10.0,5.0,15.0,20.0,100.0,100.0,0.03,0.25,3,1.0,1.0,60.0,1660,67.0
273,326441155405566,5.459998303966131,target_lost_or_stale,105911,5628967935626,True,,16.421052631578945,16.490343119686322,0.015625,0.12083333333333333,4.9795933857286085,0.45127565058165514,105911,0.032045535976067185,16.421052631578945,16.490343119686322,0.015625,0.12083333333333333,0.0,0.09083333333333334,4.9795933857286085,0.45127565058165514,tracking,True,,False,False,-10.0,0.0,9.083333333333334,1500,1583,1679,1500,2000,2000,1000,1000,-10.0,5.0,15.0,20.0,100.0,100.0,0.03,0.25,3,1.0,1.0,60.0,1660,67.0
274,326441175407641,5.480000378971454,target_lost_or_stale,105912,5629001588755,True,,16.421052631578945,16.473087785571217,0.015625,0.10416666666666667,4.9848107067462175,0.38943833646454823,105912,0.01859765499830246,16.421052631578945,16.473087785571217,0.015625,0.10416666666666667,0.0,0.07416666666666667,4.9848107067462175,0.38943833646454823,tracking,True,,False,False,-10.0,0.0,7.416666666666667,1500,1583,1678,1500,2000,2000,1000,1000,-10.0,5.0,15.0,20.0,100.0,100.0,0.03,0.25,3,1.0,1.0,60.0,1660,67.0
275,326441195401878,5.4999946159659885,target_lost_or_stale,105913,5629034245122,True,,16.0,16.033168744823964,0.015625,0.08333333333333333,4.990262892414442,0.31189143077590264,105913,0.0051736870082095265,16.0,16.033168744823964,0.015625,0.08333333333333333,0.0,0.05333333333333333,4.990262892414442,0.31189143077590264,tracking,True,,False,False,-10.0,0.0,5.333333333333333,1500,1583,1676,1500,2000,2000,1000,1000,-10.0,5.0,15.0,20.0,100.0,100.0,0.03,0.25,3,1.0,1.0,60.0,1660,67.0
276,326441215427712,5.52002044999972,target_lost_or_stale,105913,5629034245122,True,,16.0,16.033168744823964,0.015625,0.08333333333333333,4.990262892414442,0.31189143077590264,105913,0.025199521041940898,16.0,16.033168744823964,0.015625,0.08333333333333333,0.0,0.05333333333333333,4.990262892414442,0.31189143077590264,tracking,True,,False,False,-10.0,0.0,5.333333333333333,1500,1583,1676,1500,2000,2000,1000,1000,-10.0,5.0,15.0,20.0,100.0,100.0,0.03,0.25,3,1.0,1.0,60.0,1660,67.0
277,326441235393203,5.5399859409662895,target_lost_or_stale,105914,5629067260377,True,,16.0,16.01725631935757,0.015625,0.058333333333333334,4.995221702127504,0.21854094946807825,105914,0.011768533964641392,16.0,16.01725631935757,0.015625,0.058333333333333334,0.0,0.028333333333333335,4.995221702127504,0.21854094946807825,tracking,True,,False,False,-10.0,0.0,2.8333333333333335,1500,1583,1673,1500,2000,2000,1000,1000,-10.0,5.0,15.0,20.0,100.0,100.0,0.03,0.25,3,1.0,1.0,60.0,1660,67.0
278,326441255418602,5.560011340014171,target_lost_or_stale,105914,5629067260377,True,,16.0,16.01725631935757,0.015625,0.058333333333333334,4.995221702127504,0.21854094946807825,105914,0.03179393301252276,16.0,16.01725631935757,0.015625,0.058333333333333334,0.0,0.028333333333333335,4.995221702127504,0.21854094946807825,tracking,True,,False,False,-10.0,0.0,2.8333333333333335,1500,1583,1673,1500,2000,2000,1000,1000,-10.0,5.0,15.0,20.0,100.0,100.0,0.03,0.25,3,1.0,1.0,60.0,1660,67.0
279,326441275413381,5.580006118980236,target_lost_or_stale,105915,5629100992228,True,,16.0,16.007595853219183,0.015625,0.035416666666666666,4.998237016855802,0.13276567076023224,105915,0.018274364003445953,16.0,16.007595853219183,0.015625,0.035416666666666666,0.0,0.005416666666666667,4.998237016855802,0.13276567076023224,tracking,True,,False,False,-10.0,0.0,0.5416666666666667,1500,1583,1671,1500,2000,2000,1000,1000,-10.0,5.0,15.0,20.0,100.0,100.0,0.03,0.25,3,1.0,1.0,60.0,1660,67.0
280,326441295383811,5.59997654898325,target_lost_or_stale,105916,5629133430968,True,,16.0,16.002656029547094,0.015625,0.0125,4.999780287920369,0.046872940199253456,105916,0.0048249930259771645,16.0,16.002656029547094,0.015625,0.0125,0.0,0.0,4.999780287920369,0.046872940199253456,tracking,True,,False,False,-10.0,0.0,0.0,1500,1583,1670,1500,2000,2000,1000,1000,-10.0,5.0,15.0,20.0,100.0,100.0,0.03,0.25,3,1.0,1.0,60.0,1660,67.0
281,326441315401781,5.619994518987369,target_lost_or_stale,105916,5629133430968,True,,16.0,16.002656029547094,0.015625,0.0125,4.999780287920369,0.046872940199253456,105916,0.024842963030096143,16.0,16.002656029547094,0.015625,0.0125,0.0,0.0,4.999780287920369,0.046872940199253456,tracking,True,,False,False,-10.0,0.0,0.0,1500,1583,1670,1500,2000,2000,1000,1000,-10.0,5.0,15.0,20.0,100.0,100.0,0.03,0.25,3,1.0,1.0,60.0,1660,67.0
282,326441335395531,5.639988268958405,target_lost_or_stale,105917,5629167058498,True,,16.0,16.0020311210796,0.015625,-0.004166666666666667,4.999975586116312,-0.015624923706613475,105917,0.011356006958521903,16.0,16.0020311210796,0.015625,-0.004166666666666667,0.0,0.0,4.999975586116312,-0.015624923706613475,tracking,True,,False,False,-10.0,0.0,0.0,1500,1583,1670,1500,2000,2000,1000,1000,-10.0,5.0,15.0,20.0,100.0,100.0,0.03,0.25,3,1.0,1.0,60.0,1660,67.0
283,326441355392307,5.659985044971108,target_lost_or_stale,105917,5629167058498,True,,16.0,16.0020311210796,0.015625,-0.004166666666666667,4.999975586116312,-0.015624923706613475,105917,0.03135278297122568,16.0,16.0020311210796,0.015625,-0.004166666666666667,0.0,0.0,4.999975586116312,-0.015624923706613475,tracking,True,,False,False,-10.0,0.0,0.0,1500,1583,1670,1500,2000,2000,1000,1000,-10.0,5.0,15.0,20.0,100.0,100.0,0.03,0.25,3,1.0,1.0,60.0,1660,67.0
284,326441375409189,5.68000192695763,target_lost_or_stale,105918,5629200204511,True,,16.0,16.002909891641583,0.015625,-0.014583333333333334,4.999700954564966,-0.054684229190554316,105918,0.017967112944461405,16.0,16.002909891641583,0.015625,-0.014583333333333334,0.0,0.0,4.999700954564966,-0.054684229190554316,tracking,True,,False,False,-10.0,0.0,0.0,1500,1583,1670,1500,2000,2000,1000,1000,-10.0,5.0,15.0,20.0,100.0,100.0,0.03,0.25,3,1.0,1.0,60.0,1660,67.0
285,326441395388516,5.699981254001614,target_lost_or_stale,105919,5629233540756,True,,16.0,16.003202804438867,0.015625,-0.016666666666666666,4.999609420770407,-0.06249511775963009,105919,0.0044202120043337345,16.0,16.003202804438867,0.015625,-0.016666666666666666,0.0,0.0,4.999609420770407,-0.06249511775963009,tracking,True,,False,False,-10.0,0.0,0.0,1500,1583,1670,1500,2000,2000,1000,1000,-10.0,5.0,15.0,20.0,100.0,100.0,0.03,0.25,3,1.0,1.0,60.0,1660,67.0
286,326441415415950,5.720008687989321,target_lost_or_stale,105919,5629233540756,True,,16.0,16.003202804438867,0.015625,-0.016666666666666666,4.999609420770407,-0.06249511775963009,105919,0.024447645992040634,16.0,16.003202804438867,0.015625,-0.016666666666666666,0.0,0.0,4.999609420770407,-0.06249511775963009,tracking,True,,False,False,-10.0,0.0,0.0,1500,1583,1670,1500,2000,2000,1000,1000,-10.0,5.0,15.0,20.0,100.0,100.0,0.03,0.25,3,1.0,1.0,60.0,1660,67.0
287,326441435391158,5.73998389596818,target_lost_or_stale,105920,5629264526519,True,,16.0,16.003202804438867,0.015625,-0.016666666666666666,4.999609420770407,-0.06249511775963009,105920,0.01104878296609968,16.0,16.003202804438867,0.015625,-0.016666666666666666,0.0,0.0,4.999609420770407,-0.06249511775963009,tracking,True,,False,False,-10.0,0.0,0.0,1500,1583,1670,1500,2000,2000,1000,1000,-10.0,5.0,15.0,20.0,100.0,100.0,0.03,0.25,3,1.0,1.0,60.0,1660,67.0
288,326441455393944,5.759986681980081,target_lost_or_stale,105920,5629264526519,True,,16.0,16.003202804438867,0.015625,-0.016666666666666666,4.999609420770407,-0.06249511775963009,105920,0.031051568978000432,16.0,16.003202804438867,0.015625,-0.016666666666666666,0.0,0.0,4.999609420770407,-0.06249511775963009,tracking,True,,False,False,-10.0,0.0,0.0,1500,1583,1670,1500,2000,2000,1000,1000,-10.0,5.0,15.0,20.0,100.0,100.0,0.03,0.25,3,1.0,1.0,60.0,1660,67.0
289,326441475390223,5.779982960957568,target_lost_or_stale,105921,5629297786899,True,,16.0,16.0020311210796,0.015625,-0.004166666666666667,4.999975586116312,-0.015624923706613475,105921,0.01753150299191475,16.0,16.0020311210796,0.015625,-0.004166666666666667,0.0,0.0,4.999975586116312,-0.015624923706613475,tracking,True,,False,False,-10.0,0.0,0.0,1500,1583,1670,1500,2000,2000,1000,1000,-10.0,5.0,15.0,20.0,100.0,100.0,0.03,0.25,3,1.0,1.0,60.0,1660,67.0
290,326441495421754,5.800014492007904,target_lost_or_stale,105922,5629330681208,True,,16.0,16.00226546461469,0.015625,0.008333333333333333,4.999902346610931,0.031249389666318315,105922,0.004194592998828739,16.0,16.00226546461469,0.015625,0.008333333333333333,0.0,0.0,4.999902346610931,0.031249389666318315,tracking,True,,False,False,-10.0,0.0,0.0,1500,1583,1670,1500,2000,2000,1000,1000,-10.0,5.0,15.0,20.0,100.0,100.0,0.03,0.25,3,1.0,1.0,60.0,1660,67.0
291,326441515439399,5.820032136980444,target_lost_or_stale,105922,5629330681208,True,,16.0,16.00226546461469,0.015625,0.008333333333333333,4.999902346610931,0.031249389666318315,105922,0.024212237971369177,16.0,16.00226546461469,0.015625,0.008333333333333333,0.0,0.0,4.999902346610931,0.031249389666318315,tracking,True,,False,False,-10.0,0.0,0.0,1500,1583,1670,1500,2000,2000,1000,1000,-10.0,5.0,15.0,20.0,100.0,100.0,0.03,0.25,3,1.0,1.0,60.0,1660,67.0
292,326441535395288,5.8399880260112695,target_lost_or_stale,105923,5629364588628,True,,16.0,16.004764915486888,0.015625,0.025,4.999121325424987,0.0937335248517185,105923,0.010729973029810935,16.0,16.004764915486888,0.015625,0.025,0.0,0.0,4.999121325424987,0.0937335248517185,tracking,True,,False,False,-10.0,0.0,0.0,1500,1583,1670,1500,2000,2000,1000,1000,-10.0,5.0,15.0,20.0,100.0,100.0,0.03,0.25,3,1.0,1.0,60.0,1660,67.0
293,326441555393206,5.859985944000073,target_lost_or_stale,105923,5629364588628,True,,16.0,16.004764915486888,0.015625,0.025,4.999121325424987,0.0937335248517185,105923,0.030727891018614173,16.0,16.004764915486888,0.015625,0.025,0.0,0.0,4.999121325424987,0.0937335248517185,tracking,True,,False,False,-10.0,0.0,0.0,1500,1583,1670,1500,2000,2000,1000,1000,-10.0,5.0,15.0,20.0,100.0,100.0,0.03,0.25,3,1.0,1.0,60.0,1660,67.0
294,326441575422934,5.880015672009904,target_lost_or_stale,105924,5629396636069,True,,16.0,16.009762646585365,0.015625,0.041666666666666664,4.997560380435394,0.15617376188860607,105924,0.017290566000156105,16.0,16.009762646585365,0.015625,0.041666666666666664,0.0,0.011666666666666665,4.997560380435394,0.15617376188860607,tracking,True,,False,False,-10.0,0.0,1.1666666666666665,1500,1583,1671,1500,2000,2000,1000,1000,-10.0,5.0,15.0,20.0,100.0,100.0,0.03,0.25,3,1.0,1.0,60.0,1660,67.0
295,326441595396109,5.899988846969791,target_lost_or_stale,105925,5629429843945,True,,16.0,16.01618322197895,0.015625,0.05625,4.995556467630154,0.21075003847814713,105925,0.003819849982392043,16.0,16.01618322197895,0.015625,0.05625,0.0,0.026250000000000002,4.995556467630154,0.21075003847814713,tracking,True,,False,False,-10.0,0.0,2.6250000000000004,1500,1583,1673,1500,2000,2000,1000,1000,-10.0,5.0,15.0,20.0,100.0,100.0,0.03,0.25,3,1.0,1.0,60.0,1660,67.0
296,326441615417457,5.920010194997303,target_lost_or_stale,105925,5629429843945,True,,16.0,16.01618322197895,0.015625,0.05625,4.995556467630154,0.21075003847814713,105925,0.023841198009904474,16.0,16.01618322197895,0.015625,0.05625,0.0,0.026250000000000002,4.995556467630154,0.21075003847814713,tracking,True,,False,False,-10.0,0.0,2.6250000000000004,1500,1583,1673,1500,2000,2000,1000,1000,-10.0,5.0,15.0,20.0,100.0,100.0,0.03,0.25,3,1.0,1.0,60.0,1660,67.0
297,326441635389726,5.9399824640131555,target_lost_or_stale,105926,5629462839482,True,,16.0,16.02193808501331,0.015625,0.06666666666666667,4.993761694389224,0.24968808471946116,105926,0.010288738005328923,16.0,16.02193808501331,0.015625,0.06666666666666667,0.0,0.03666666666666667,4.993761694389224,0.24968808471946116,tracking,True,,False,False,-10.0,0.0,3.6666666666666665,1500,1583,1674,1500,2000,2000,1000,1000,-10.0,5.0,15.0,20.0,100.0,100.0,0.03,0.25,3,1.0,1.0,60.0,1660,67.0
298,326441655407618,5.960000355960801,target_lost_or_stale,105926,5629462839482,True,,16.0,16.02193808501331,0.015625,0.06666666666666667,4.993761694389224,0.24968808471946116,105926,0.030306629952974617,16.0,16.02193808501331,0.015625,0.06666666666666667,0.0,0.03666666666666667,4.993761694389224,0.24968808471946116,tracking,True,,False,False,-10.0,0.0,3.6666666666666665,1500,1583,1674,1500,2000,2000,1000,1000,-10.0,5.0,15.0,20.0,100.0,100.0,0.03,0.25,3,1.0,1.0,60.0,1660,67.0
299,326441675391829,5.979984566976782,target_lost_or_stale,105927,5629495398836,True,,16.0,16.02451247308323,0.015625,0.07083333333333333,4.992959235617843,0.2652509593921979,105927,0.016847499005962163,16.0,16.02451247308323,0.015625,0.07083333333333333,0.0,0.04083333333333333,4.992959235617843,0.2652509593921979,tracking,True,,False,False,-10.0,0.0,4.083333333333333,1500,1583,1674,1500,2000,2000,1000,1000,-10.0,5.0,15.0,20.0,100.0,100.0,0.03,0.25,3,1.0,1.0,60.0,1660,67.0
300,326441695417476,6.000010213989299,target_lost_or_stale,105928,5629528719438,True,,16.0,16.02451247308323,0.015625,0.07083333333333333,4.992959235617843,0.2652509593921979,105928,0.003400353016331792,16.0,16.02451247308323,0.015625,0.07083333333333333,0.0,0.04083333333333333,4.992959235617843,0.2652509593921979,tracking,True,,False,False,-10.0,0.0,4.083333333333333,1500,1583,1674,1500,2000,2000,1000,1000,-10.0,5.0,15.0,20.0,100.0,100.0,0.03,0.25,3,1.0,1.0,60.0,1660,67.0
301,326441715400125,6.019992863002699,target_lost_or_stale,105928,5629528719438,True,,16.0,16.02451247308323,0.015625,0.07083333333333333,4.992959235617843,0.2652509593921979,105928,0.02338300202973187,16.0,16.02451247308323,0.015625,0.07083333333333333,0.0,0.04083333333333333,4.992959235617843,0.2652509593921979,tracking,True,,False,False,-10.0,0.0,4.083333333333333,1500,1583,1674,1500,2000,2000,1000,1000,-10.0,5.0,15.0,20.0,100.0,100.0,0.03,0.25,3,1.0,1.0,60.0,1660,67.0
302,326441735391271,6.039984008995816,target_lost_or_stale,105929,5629562066276,True,,16.0,16.019519343600795,0.015625,0.0625,4.994515871849189,0.23411793149293075,105929,0.009930054016876966,16.0,16.019519343600795,0.015625,0.0625,0.0,0.0325,4.994515871849189,0.23411793149293075,tracking,True,,False,False,-10.0,0.0,3.25,1500,1583,1673,1500,2000,2000,1000,1000,-10.0,5.0,15.0,20.0,100.0,100.0,0.03,0.25,3,1.0,1.0,60.0,1660,67.0
303,326441755394706,6.059987443964928,target_lost_or_stale,105929,5629562066276,True,,16.0,16.019519343600795,0.015625,0.0625,4.994515871849189,0.23411793149293075,105929,0.029933488985989243,16.0,16.019519343600795,0.015625,0.0625,0.0,0.0325,4.994515871849189,0.23411793149293075,tracking,True,,False,False,-10.0,0.0,3.25,1500,1583,1673,1500,2000,2000,1000,1000,-10.0,5.0,15.0,20.0,100.0,100.0,0.03,0.25,3,1.0,1.0,60.0,1660,67.0
304,326441775427355,6.080020093009807,target_lost_or_stale,105930,5629594474849,True,,16.0,16.011402187191475,0.015625,0.04583333333333333,4.997048513877014,0.17177354266452238,105930,0.016487303015310317,16.0,16.011402187191475,0.015625,0.04583333333333333,0.0,0.01583333333333333,4.997048513877014,0.17177354266452238,tracking,True,,False,False,-10.0,0.0,1.583333333333333,1500,1583,1672,1500,2000,2000,1000,1000,-10.0,5.0,15.0,20.0,100.0,100.0,0.03,0.25,3,1.0,1.0,60.0,1660,67.0
305,326441795429663,6.100022400962189,target_lost_or_stale,105931,5629627400957,True,,16.0,16.005253043922796,0.015625,0.027083333333333334,4.998968824943715,0.10154155425666919,105931,0.0030410719919018447,16.0,16.005253043922796,0.015625,0.027083333333333334,0.0,0.0,4.998968824943715,0.10154155425666919,tracking,True,,False,False,-10.0,0.0,0.0,1500,1583,1670,1500,2000,2000,1000,1000,-10.0,5.0,15.0,20.0,100.0,100.0,0.03,0.25,3,1.0,1.0,60.0,1660,67.0
306,326441815428100,6.120020837988704,target_lost_or_stale,105931,5629627400957,True,,16.0,16.005253043922796,0.015625,0.027083333333333334,4.998968824943715,0.10154155425666919,105931,0.023039509018417448,16.0,16.005253043922796,0.015625,0.027083333333333334,0.0,0.0,4.998968824943715,0.10154155425666919,tracking,True,,False,False,-10.0,0.0,0.0,1500,1583,1670,1500,2000,2000,1000,1000,-10.0,5.0,15.0,20.0,100.0,100.0,0.03,0.25,3,1.0,1.0,60.0,1660,67.0
307,326441835407387,6.140000124985818,target_lost_or_stale,105932,5629660440972,True,,16.0,16.002128764636286,0.015625,0.00625,4.999945069264604,0.023437242512177832,105932,0.009603236976545304,16.0,16.002128764636286,0.015625,0.00625,0.0,0.0,4.999945069264604,0.023437242512177832,tracking,True,,False,False,-10.0,0.0,0.0,1500,1583,1670,1500,2000,2000,1000,1000,-10.0,5.0,15.0,20.0,100.0,100.0,0.03,0.25,3,1.0,1.0,60.0,1660,67.0
308,326441855407455,6.160000192990992,target_lost_or_stale,105932,5629660440972,True,,16.0,16.002128764636286,0.015625,0.00625,4.999945069264604,0.023437242512177832,105932,0.029603304981719702,16.0,16.002128764636286,0.015625,0.00625,0.0,0.0,4.999945069264604,0.023437242512177832,tracking,True,,False,False,-10.0,0.0,0.0,1500,1583,1670,1500,2000,2000,1000,1000,-10.0,5.0,15.0,20.0,100.0,100.0,0.03,0.25,3,1.0,1.0,60.0,1660,67.0
309,326441875428505,6.180021242995281,target_lost_or_stale,105933,5629693405477,True,,16.0,16.003202804438867,0.015625,-0.016666666666666666,4.999609420770407,-0.06249511775963009,105933,0.016205019026529044,16.0,16.003202804438867,0.015625,-0.016666666666666666,0.0,0.0,4.999609420770407,-0.06249511775963009,tracking,True,,False,False,-10.0,0.0,0.0,1500,1583,1670,1500,2000,2000,1000,1000,-10.0,5.0,15.0,20.0,100.0,100.0,0.03,0.25,3,1.0,1.0,60.0,1660,67.0
310,326441895387700,6.199980437988415,target_lost_or_stale,105934,5629726339867,True,,16.0,16.00827910801158,0.015625,-0.0375,4.99802363336291,-0.14056941468833184,105934,0.0027066110051237047,16.0,16.00827910801158,0.015625,-0.0375,0.0,-0.0075,4.99802363336291,-0.14056941468833184,tracking,True,,False,False,-10.0,0.0,-0.75,1500,1583,1669,1500,2000,2000,1000,1000,-10.0,5.0,15.0,20.0,100.0,100.0,0.03,0.25,3,1.0,1.0,60.0,1660,67.0
311,326441915419461,6.220012198959012,target_lost_or_stale,105934,5629726339867,True,,16.0,16.00827910801158,0.015625,-0.0375,4.99802363336291,-0.14056941468833184,105934,0.02273837197571993,16.0,16.00827910801158,0.015625,-0.0375,0.0,-0.0075,4.99802363336291,-0.14056941468833184,tracking,True,,False,False,-10.0,0.0,-0.75,1500,1583,1669,1500,2000,2000,1000,1000,-10.0,5.0,15.0,20.0,100.0,100.0,0.03,0.25,3,1.0,1.0,60.0,1660,67.0
312,326441935413035,6.2400057729682885,target_lost_or_stale,105935,5629759857453,True,,15.619047619047619,15.634845526217545,0.015625,-0.05625,4.995556467630154,-0.21075003847814713,105935,0.009249484981410205,15.619047619047619,15.634845526217545,0.015625,-0.05625,0.0,-0.026250000000000002,4.995556467630154,-0.21075003847814713,tracking,True,,False,False,-10.0,0.0,-2.6250000000000004,1500,1583,1668,1500,2000,2000,1000,1000,-10.0,5.0,15.0,20.0,100.0,100.0,0.03,0.25,3,1.0,1.0,60.0,1660,67.0
313,326441955390138,6.259982876013964,target_lost_or_stale,105935,5629759857453,True,,15.619047619047619,15.634845526217545,0.015625,-0.05625,4.995556467630154,-0.21075003847814713,105935,0.02922658802708611,15.619047619047619,15.634845526217545,0.015625,-0.05625,0.0,-0.026250000000000002,4.995556467630154,-0.21075003847814713,tracking,True,,False,False,-10.0,0.0,-2.6250000000000004,1500,1583,1668,1500,2000,2000,1000,1000,-10.0,5.0,15.0,20.0,100.0,100.0,0.03,0.25,3,1.0,1.0,60.0,1660,67.0
314,326441975406483,6.279999220976606,target_lost_or_stale,105936,5629792437305,True,,15.619047619047619,15.641700927136757,0.015625,-0.06875,4.99336649588793,-0.2574704599442214,105936,0.015802934009116143,15.619047619047619,15.641700927136757,0.015625,-0.06875,0.0,-0.03875000000000001,4.99336649588793,-0.2574704599442214,tracking,True,,False,False,-10.0,0.0,-3.875000000000001,1500,1583,1666,1500,2000,2000,1000,1000,-10.0,5.0,15.0,20.0,100.0,100.0,0.03,0.25,3,1.0,1.0,60.0,1660,67.0
315,326441995383116,6.29997585399542,target_lost_or_stale,105937,5629825414783,True,,15.619047619047619,15.64703082910642,0.015625,-0.07708333333333334,4.991665174322981,-0.28858064289054736,105937,0.0023196699912659824,15.619047619047619,15.64703082910642,0.015625,-0.07708333333333334,0.0,-0.04708333333333334,4.991665174322981,-0.28858064289054736,tracking,True,,False,False,-10.0,0.0,-4.708333333333334,1500,1583,1665,1500,2000,2000,1000,1000,-10.0,5.0,15.0,20.0,100.0,100.0,0.03,0.25,3,1.0,1.0,60.0,1660,67.0
316,326442015403729,6.3199964669765905,target_lost_or_stale,105937,5629825414783,True,,15.619047619047619,15.64703082910642,0.015625,-0.07708333333333334,4.991665174322981,-0.28858064289054736,105937,0.0223402829724364,15.619047619047619,15.64703082910642,0.015625,-0.07708333333333334,0.0,-0.04708333333333334,4.991665174322981,-0.28858064289054736,tracking,True,,False,False,-10.0,0.0,-4.708333333333334,1500,1583,1665,1500,2000,2000,1000,1000,-10.0,5.0,15.0,20.0,100.0,100.0,0.03,0.25,3,1.0,1.0,60.0,1660,67.0
317,326442035400635,6.339993372967001,target_lost_or_stale,105938,5629858475816,True,,15.619047619047619,15.64703082910642,0.015625,-0.07708333333333334,4.991665174322981,-0.28858064289054736,105938,0.008836311986669898,15.619047619047619,15.64703082910642,0.015625,-0.07708333333333334,0.0,-0.04708333333333334,4.991665174322981,-0.28858064289054736,tracking,True,,False,False,-10.0,0.0,-4.708333333333334,1500,1583,1665,1500,2000,2000,1000,1000,-10.0,5.0,15.0,20.0,100.0,100.0,0.03,0.25,3,1.0,1.0,60.0,1660,67.0
318,326442055386368,6.359979105996899,target_lost_or_stale,105938,5629858475816,True,,15.619047619047619,15.64703082910642,0.015625,-0.07708333333333334,4.991665174322981,-0.28858064289054736,105938,0.028822045016568154,15.619047619047619,15.64703082910642,0.015625,-0.07708333333333334,0.0,-0.04708333333333334,4.991665174322981,-0.28858064289054736,tracking,True,,False,False,-10.0,0.0,-4.708333333333334,1500,1583,1665,1500,2000,2000,1000,1000,-10.0,5.0,15.0,20.0,100.0,100.0,0.03,0.25,3,1.0,1.0,60.0,1660,67.0
319,326442075421972,6.380014710011892,target_lost_or_stale,105939,5629891736289,True,,15.619047619047619,15.644289963462207,0.015625,-0.07291666666666667,4.9925399224624005,-0.27302952700966254,105939,0.015424324024934322,15.619047619047619,15.644289963462207,0.015625,-0.07291666666666667,0.0,-0.04291666666666667,4.9925399224624005,-0.27302952700966254,tracking,True,,False,False,-10.0,0.0,-4.291666666666667,1500,1583,1666,1500,2000,2000,1000,1000,-10.0,5.0,15.0,20.0,100.0,100.0,0.03,0.25,3,1.0,1.0,60.0,1660,67.0
320,326442095388484,6.399981221999042,target_lost_or_stale,105940,5629924305059,True,,15.619047619047619,15.638102216372202,0.015625,-0.0625,4.994515871849189,-0.23411793149293075,105940,0.0019315530080348253,15.619047619047619,15.638102216372202,0.015625,-0.0625,0.0,-0.0325,4.994515871849189,-0.23411793149293075,tracking,True,,False,False,-10.0,0.0,-3.25,1500,1583,1667,1500,2000,2000,1000,1000,-10.0,5.0,15.0,20.0,100.0,100.0,0.03,0.25,3,1.0,1.0,60.0,1660,67.0
321,326442115406401,6.419999138975982,target_lost_or_stale,105940,5629924305059,True,,15.619047619047619,15.638102216372202,0.015625,-0.0625,4.994515871849189,-0.23411793149293075,105940,0.021949469984974712,15.619047619047619,15.638102216372202,0.015625,-0.0625,0.0,-0.0325,4.994515871849189,-0.23411793149293075,tracking,True,,False,False,-10.0,0.0,-3.25,1500,1583,1667,1500,2000,2000,1000,1000,-10.0,5.0,15.0,20.0,100.0,100.0,0.03,0.25,3,1.0,1.0,60.0,1660,67.0
322,326442135423714,6.440016451990232,target_lost_or_stale,105941,5629957308024,True,,15.619047619047619,15.631931070438151,0.015625,-0.05,4.996488078545903,-0.18736830294547133,105941,0.008492790977470577,15.619047619047619,15.631931070438151,0.015625,-0.05,0.0,-0.020000000000000004,4.996488078545903,-0.18736830294547133,tracking,True,,False,False,-10.0,0.0,-2.0000000000000004,1500,1583,1668,1500,2000,2000,1000,1000,-10.0,5.0,15.0,20.0,100.0,100.0,0.03,0.25,3,1.0,1.0,60.0,1660,67.0
323,326442155397442,6.459990179981105,target_lost_or_stale,105941,5629957308024,True,,15.619047619047619,15.631931070438151,0.015625,-0.05,4.996488078545903,-0.18736830294547133,105941,0.028466518968343735,15.619047619047619,15.631931070438151,0.015625,-0.05,0.0,-0.020000000000000004,4.996488078545903,-0.18736830294547133,tracking,True,,False,False,-10.0,0.0,-2.0000000000000004,1500,1583,1668,1500,2000,2000,1000,1000,-10.0,5.0,15.0,20.0,100.0,100.0,0.03,0.25,3,1.0,1.0,60.0,1660,67.0
324,326442175384204,6.479976942006033,target_lost_or_stale,105942,5629990448758,True,,15.619047619047619,15.626462618618726,0.015625,-0.035416666666666666,4.998237016855802,-0.13276567076023224,105942,0.01503300404874608,15.619047619047619,15.626462618618726,0.015625,-0.035416666666666666,0.0,-0.005416666666666667,4.998237016855802,-0.13276567076023224,tracking,True,,False,False,-10.0,0.0,-0.5416666666666667,1500,1583,1670,1500,2000,2000,1000,1000,-10.0,5.0,15.0,20.0,100.0,100.0,0.03,0.25,3,1.0,1.0,60.0,1660,67.0
325,326442195426399,6.500019136990886,target_lost_or_stale,105943,5630023498574,True,,15.619047619047619,15.623260685506047,0.015625,-0.022916666666666665,4.999261638195031,-0.08592480940647709,105943,0.0015462699811905622,15.619047619047619,15.623260685506047,0.015625,-0.022916666666666665,0.0,0.0,4.999261638195031,-0.08592480940647709,tracking,True,,False,False,-10.0,0.0,0.0,1500,1583,1670,1500,2000,2000,1000,1000,-10.0,5.0,15.0,20.0,100.0,100.0,0.03,0.25,3,1.0,1.0,60.0,1660,67.0
326,326442215417827,6.5200105650001206,target_lost_or_stale,105943,5630023498574,True,,15.619047619047619,15.623260685506047,0.015625,-0.022916666666666665,4.999261638195031,-0.08592480940647709,105943,0.02153769799042493,15.619047619047619,15.623260685506047,0.015625,-0.022916666666666665,0.0,0.0,4.999261638195031,-0.08592480940647709,tracking,True,,False,False,-10.0,0.0,0.0,1500,1583,1670,1500,2000,2000,1000,1000,-10.0,5.0,15.0,20.0,100.0,100.0,0.03,0.25,3,1.0,1.0,60.0,1660,67.0
327,326442235396590,6.53998932801187,target_lost_or_stale,105944,5630056593562,True,,15.272727272727273,15.275262573658592,0.015625,-0.0125,4.999780287920369,-0.04687294019925345,105944,0.00814967299811542,15.272727272727273,15.275262573658592,0.015625,-0.0125,0.0,0.0,4.999780287920369,-0.04687294019925345,tracking,True,,False,False,-10.0,0.0,0.0,1500,1583,1670,1500,2000,2000,1000,1000,-10.0,5.0,15.0,20.0,100.0,100.0,0.03,0.25,3,1.0,1.0,60.0,1660,67.0
328,326442255391278,6.559984015999362,target_lost_or_stale,105944,5630056593562,True,,15.272727272727273,15.275262573658592,0.015625,-0.0125,4.999780287920369,-0.04687294019925345,105944,0.02814436098560691,15.272727272727273,15.275262573658592,0.015625,-0.0125,0.0,0.0,4.999780287920369,-0.04687294019925345,tracking,True,,False,False,-10.0,0.0,0.0,1500,1583,1670,1500,2000,2000,1000,1000,-10.0,5.0,15.0,20.0,100.0,100.0,0.03,0.25,3,1.0,1.0,60.0,1660,67.0
329,326442275435521,6.580028258962557,target_lost_or_stale,105945,5630090062435,True,,15.619047619047619,15.62112569881161,0.015625,-0.00625,4.999945069264603,-0.02343724251217783,105945,0.014731417002622038,15.619047619047619,15.62112569881161,0.015625,-0.00625,0.0,0.0,4.999945069264603,-0.02343724251217783,tracking,True,,False,False,-10.0,0.0,0.0,1500,1583,1670,1500,2000,2000,1000,1000,-10.0,5.0,15.0,20.0,100.0,100.0,0.03,0.25,3,1.0,1.0,60.0,1660,67.0
330,326442295415129,6.60000786697492,target_lost_or_stale,105946,5630122670011,True,,15.619047619047619,15.62112569881161,0.015625,-0.00625,4.999945069264603,-0.02343724251217783,105946,0.001229050976689905,15.619047619047619,15.62112569881161,0.015625,-0.00625,0.0,0.0,4.999945069264603,-0.02343724251217783,tracking,True,,False,False,-10.0,0.0,0.0,1500,1583,1670,1500,2000,2000,1000,1000,-10.0,5.0,15.0,20.0,100.0,100.0,0.03,0.25,3,1.0,1.0,60.0,1660,67.0
331,326442315419605,6.620012342988048,target_lost_or_stale,105946,5630122670011,True,,15.619047619047619,15.62112569881161,0.015625,-0.00625,4.999945069264603,-0.02343724251217783,105946,0.02123352698981762,15.619047619047619,15.62112569881161,0.015625,-0.00625,0.0,0.0,4.999945069264603,-0.02343724251217783,tracking,True,,False,False,-10.0,0.0,0.0,1500,1583,1670,1500,2000,2000,1000,1000,-10.0,5.0,15.0,20.0,100.0,100.0,0.03,0.25,3,1.0,1.0,60.0,1660,67.0
332,326442335391602,6.639984339999501,target_lost_or_stale,105947,5630155317046,True,,15.619047619047619,15.622040728837149,0.0171875,-0.0125,4.999780287920367,-0.046872940199253435,105947,0.007759667991194874,15.619047619047619,15.622040728837149,0.0171875,-0.0125,0.0,0.0,4.999780287920367,-0.046872940199253435,tracking,True,,False,False,-10.0,0.0,0.0,1500,1583,1670,1500,2000,2000,1000,1000,-10.0,5.0,15.0,20.0,100.0,100.0,0.03,0.25,3,1.0,1.0,60.0,1660,67.0
333,326442355413298,6.66000603599241,target_lost_or_stale,105947,5630155317046,True,,15.619047619047619,15.622040728837149,0.0171875,-0.0125,4.999780287920367,-0.046872940199253435,105947,0.027781363984104246,15.619047619047619,15.622040728837149,0.0171875,-0.0125,0.0,0.0,4.999780287920367,-0.046872940199253435,tracking,True,,False,False,-10.0,0.0,0.0,1500,1583,1670,1500,2000,2000,1000,1000,-10.0,5.0,15.0,20.0,100.0,100.0,0.03,0.25,3,1.0,1.0,60.0,1660,67.0
334,326442375411564,6.680004302004818,target_lost_or_stale,105948,5630188406415,True,,15.272727272727273,15.277275601146576,0.015625,-0.025,4.999121325424986,-0.09373352485171849,105948,0.014264326018746942,15.272727272727273,15.277275601146576,0.015625,-0.025,0.0,0.0,4.999121325424986,-0.09373352485171849,tracking,True,,False,False,-10.0,0.0,0.0,1500,1583,1670,1500,2000,2000,1000,1000,-10.0,5.0,15.0,20.0,100.0,100.0,0.03,0.25,3,1.0,1.0,60.0,1660,67.0
335,326442395385175,6.699977912998293,target_lost_or_stale,105949,5630221569276,True,,15.272727272727273,15.282046162649667,0.015625,-0.041666666666666664,4.997560380435394,-0.15617376188860607,105949,0.0008373759919777513,15.272727272727273,15.282046162649667,0.015625,-0.041666666666666664,0.0,-0.011666666666666665,4.997560380435394,-0.15617376188860607,tracking,True,,False,False,-10.0,0.0,-1.1666666666666665,1500,1583,1669,1500,2000,2000,1000,1000,-10.0,5.0,15.0,20.0,100.0,100.0,0.03,0.25,3,1.0,1.0,60.0,1660,67.0
336,326442415368626,6.719961363996845,target_lost_or_stale,105949,5630221569276,True,,15.272727272727273,15.282046162649667,0.015625,-0.041666666666666664,4.997560380435394,-0.15617376188860607,105949,0.020820826990529895,15.272727272727273,15.282046162649667,0.015625,-0.041666666666666664,0.0,-0.011666666666666665,4.997560380435394,-0.15617376188860607,tracking,True,,False,False,-10.0,0.0,-1.1666666666666665,1500,1583,1669,1500,2000,2000,1000,1000,-10.0,5.0,15.0,20.0,100.0,100.0,0.03,0.25,3,1.0,1.0,60.0,1660,67.0
337,326442435393506,6.739986244007014,target_lost_or_stale,105950,5630254613418,True,,15.272727272727273,15.290651768589345,0.0171875,-0.06041666666666667,4.994874834340055,-0.22633026593103375,105950,0.007328856037929654,15.272727272727273,15.290651768589345,0.0171875,-0.06041666666666667,0.0,-0.030416666666666668,4.994874834340055,-0.22633026593103375,tracking,True,,False,False,-10.0,0.0,-3.041666666666667,1500,1583,1667,1500,2000,2000,1000,1000,-10.0,5.0,15.0,20.0,100.0,100.0,0.03,0.25,3,1.0,1.0,60.0,1660,67.0
338,326442455395828,6.759988565987442,target_lost_or_stale,105950,5630254613418,True,,15.272727272727273,15.290651768589345,0.0171875,-0.06041666666666667,4.994874834340055,-0.22633026593103375,105950,0.027331178018357605,15.272727272727273,15.290651768589345,0.0171875,-0.06041666666666667,0.0,-0.030416666666666668,4.994874834340055,-0.22633026593103375,tracking,True,,False,False,-10.0,0.0,-3.041666666666667,1500,1583,1667,1500,2000,2000,1000,1000,-10.0,5.0,15.0,20.0,100.0,100.0,0.03,0.25,3,1.0,1.0,60.0,1660,67.0
339,326442475404324,6.779997061996255,target_lost_or_stale,105951,5630287459161,True,,15.238095238095237,15.268607843792713,0.0171875,-0.08125,4.990742327704439,-0.3041233605944892,105951,0.01391532103298232,15.238095238095237,15.268607843792713,0.0171875,-0.08125,0.0,-0.051250000000000004,4.990742327704439,-0.3041233605944892,tracking,True,,False,False,-10.0,0.0,-5.125,1500,1583,1665,1500,2000,2000,1000,1000,-10.0,5.0,15.0,20.0,100.0,100.0,0.03,0.25,3,1.0,1.0,60.0,1660,67.0
340,326442495391536,6.799984273966402,target_lost_or_stale,105952,5630320365245,True,,15.238095238095237,15.283136557609787,0.0171875,-0.1,4.985996549442282,-0.37394974120817115,105952,0.0003588369581848383,15.238095238095237,15.283136557609787,0.0171875,-0.1,0.0,-0.07,4.985996549442282,-0.37394974120817115,tracking,True,,False,False,-10.0,0.0,-7.000000000000001,1500,1583,1663,1500,2000,2000,1000,1000,-10.0,5.0,15.0,20.0,100.0,100.0,0.03,0.25,3,1.0,1.0,60.0,1660,67.0
341,326442515404667,6.819997404993046,target_lost_or_stale,105952,5630320365245,True,,15.238095238095237,15.283136557609787,0.0171875,-0.1,4.985996549442282,-0.37394974120817115,105952,0.020371967984829098,15.238095238095237,15.283136557609787,0.0171875,-0.1,0.0,-0.07,4.985996549442282,-0.37394974120817115,tracking,True,,False,False,-10.0,0.0,-7.000000000000001,1500,1583,1663,1500,2000,2000,1000,1000,-10.0,5.0,15.0,20.0,100.0,100.0,0.03,0.25,3,1.0,1.0,60.0,1660,67.0
342,326442535390862,6.839983599958941,target_lost_or_stale,105953,5630357087320,True,,15.238095238095237,15.302783082433967,0.0171875,-0.12083333333333333,4.9795933857286085,-0.4512756505816552,105953,0.006964529980905354,15.238095238095237,15.302783082433967,0.0171875,-0.12083333333333333,0.0,-0.09083333333333334,4.9795933857286085,-0.4512756505816552,tracking,True,,False,False,-10.0,0.0,-9.083333333333334,1500,1583,1661,1500,2000,2000,1000,1000,-10.0,5.0,15.0,20.0,100.0,100.0,0.03,0.25,3,1.0,1.0,60.0,1660,67.0
343,326442555421066,6.8600138039910235,target_lost_or_stale,105953,5630357087320,True,,15.238095238095237,15.302783082433967,0.0171875,-0.12083333333333333,4.9795933857286085,-0.4512756505816552,105953,0.026994734012987465,15.238095238095237,15.302783082433967,0.0171875,-0.12083333333333333,0.0,-0.09083333333333334,4.9795933857286085,-0.4512756505816552,tracking,True,,False,False,-10.0,0.0,-9.083333333333334,1500,1583,1661,1500,2000,2000,1000,1000,-10.0,5.0,15.0,20.0,100.0,100.0,0.03,0.25,3,1.0,1.0,60.0,1660,67.0
344,326442575407958,6.880000695993658,target_lost_or_stale,105954,5630389363949,True,,14.89177489177489,14.968237058614658,0.0171875,-0.13333333333333333,4.975185951049945,-0.4975185951049946,105954,0.013483683986123651,14.89177489177489,14.968237058614658,0.0171875,-0.13333333333333333,0.0,-0.10333333333333333,4.975185951049945,-0.4975185951049946,tracking,True,,False,False,-10.0,0.0,-10.333333333333334,1500,1583,1660,1500,2000,2000,1000,1000,-10.0,5.0,15.0,20.0,100.0,100.0,0.03,0.25,3,1.0,1.0,60.0,1660,67.0
345,326442595388227,6.899980965012219,target_lost_or_stale,105955,5630422494951,True,,14.89177489177489,14.977783198320669,0.0171875,-0.14166666666666666,4.972014073243601,-0.5282764952821327,105955,6.176304304972291e-05,14.89177489177489,14.977783198320669,0.0171875,-0.14166666666666666,0.0,-0.11166666666666666,4.972014073243601,-0.5282764952821327,tracking,True,,False,False,-10.0,0.0,-11.166666666666666,1500,1583,1659,1500,2000,2000,1000,1000,-10.0,5.0,15.0,20.0,100.0,100.0,0.03,0.25,3,1.0,1.0,60.0,1660,67.0
346,326442615393320,6.9199860579683445,target_lost_or_stale,105955,5630422494951,True,,14.89177489177489,14.977783198320669,0.0171875,-0.14166666666666666,4.972014073243601,-0.5282764952821327,105955,0.02006685599917546,14.89177489177489,14.977783198320669,0.0171875,-0.14166666666666666,0.0,-0.11166666666666666,4.972014073243601,-0.5282764952821327,tracking,True,,False,False,-10.0,0.0,-11.166666666666666,1500,1583,1659,1500,2000,2000,1000,1000,-10.0,5.0,15.0,20.0,100.0,100.0,0.03,0.25,3,1.0,1.0,60.0,1660,67.0
347,326442635392378,6.939985116012394,target_lost_or_stale,105956,5630455910070,True,,14.89177489177489,14.982770805251562,0.0171875,-0.14583333333333334,4.970358458771878,-0.5436329564281742,105956,0.006612610013689846,14.89177489177489,14.982770805251562,0.0171875,-0.14583333333333334,0.0,-0.11583333333333334,4.970358458771878,-0.5436329564281742,tracking,True,,False,False,-10.0,0.0,-11.583333333333334,1500,1583,1659,1500,2000,2000,1000,1000,-10.0,5.0,15.0,20.0,100.0,100.0,0.03,0.25,3,1.0,1.0,60.0,1660,67.0
348,326442655397020,6.959989757975563,target_lost_or_stale,105956,5630455910070,True,,14.89177489177489,14.982770805251562,0.0171875,-0.14583333333333334,4.970358458771878,-0.5436329564281742,105956,0.026617251976858824,14.89177489177489,14.982770805251562,0.0171875,-0.14583333333333334,0.0,-0.11583333333333334,4.970358458771878,-0.5436329564281742,tracking,True,,False,False,-10.0,0.0,-11.583333333333334,1500,1583,1659,1500,2000,2000,1000,1000,-10.0,5.0,15.0,20.0,100.0,100.0,0.03,0.25,3,1.0,1.0,60.0,1660,67.0
349,326442675389758,6.979982496006414,target_lost_or_stale,105957,5630489018801,True,,14.89177489177489,14.982770805251562,0.0171875,-0.14583333333333334,4.970358458771878,-0.5436329564281742,105957,0.013156608038116246,14.89177489177489,14.982770805251562,0.0171875,-0.14583333333333334,0.0,-0.11583333333333334,4.970358458771878,-0.5436329564281742,tracking,True,,False,False,-10.0,0.0,-11.583333333333334,1500,1583,1659,1500,2000,2000,1000,1000,-10.0,5.0,15.0,20.0,100.0,100.0,0.03,0.25,3,1.0,1.0,60.0,1660,67.0
350,326442695394853,6.999987590999808,target_lost_or_stale,105957,5630489018801,True,,14.89177489177489,14.982770805251562,0.0171875,-0.14583333333333334,4.970358458771878,-0.5436329564281742,105957,0.033161703031510115,14.89177489177489,14.982770805251562,0.0171875,-0.14583333333333334,0.0,-0.11583333333333334,4.970358458771878,-0.5436329564281742,tracking,True,,False,False,-10.0,0.0,-11.583333333333334,1500,1583,1659,1500,2000,2000,1000,1000,-10.0,5.0,15.0,20.0,100.0,100.0,0.03,0.25,3,1.0,1.0,60.0,1660,67.0
351,326442715455764,7.020048501959536,target_lost_or_stale,105958,5630522446582,True,,14.89177489177489,14.97293856983188,0.0171875,-0.1375,4.973623283126288,-0.5129049010723984,105958,0.019670424982905388,14.89177489177489,14.97293856983188,0.0171875,-0.1375,0.0,-0.10750000000000001,4.973623283126288,-0.5129049010723984,tracking,True,,False,False,-10.0,0.0,-10.750000000000002,1500,1583,1659,1500,2000,2000,1000,1000,-10.0,5.0,15.0,20.0,100.0,100.0,0.03,0.25,3,1.0,1.0,60.0,1660,67.0
352,326442735410669,7.040003406989854,target_lost_or_stale,105959,5630555905907,True,,14.89177489177489,14.963678799569143,0.0171875,-0.12916666666666668,4.976701943389569,-0.4821180007658646,105959,0.006236882007215172,14.89177489177489,14.963678799569143,0.0171875,-0.12916666666666668,0.0,-0.09916666666666668,4.976701943389569,-0.4821180007658646,tracking,True,,False,False,-10.0,0.0,-9.916666666666668,1500,1583,1660,1500,2000,2000,1000,1000,-10.0,5.0,15.0,20.0,100.0,100.0,0.03,0.25,3,1.0,1.0,60.0,1660,67.0
353,326442755419168,7.060011905967258,target_lost_or_stale,105959,5630555905907,True,,14.89177489177489,14.963678799569143,0.0171875,-0.12916666666666668,4.976701943389569,-0.4821180007658646,105959,0.02624538098461926,14.89177489177489,14.963678799569143,0.0171875,-0.12916666666666668,0.0,-0.09916666666666668,4.976701943389569,-0.4821180007658646,tracking,True,,False,False,-10.0,0.0,-9.916666666666668,1500,1583,1660,1500,2000,2000,1000,1000,-10.0,5.0,15.0,20.0,100.0,100.0,0.03,0.25,3,1.0,1.0,60.0,1660,67.0
354,326442775418300,7.080011037993245,target_lost_or_stale,105960,5630588058680,True,,14.89177489177489,14.950864825127256,0.0171875,-0.11666666666666667,4.9809685874805645,-0.43583475140454947,105960,0.012807696999516338,14.89177489177489,14.950864825127256,0.0171875,-0.11666666666666667,0.0,-0.08666666666666667,4.9809685874805645,-0.43583475140454947,tracking,True,,False,False,-10.0,0.0,-8.666666666666668,1500,1583,1662,1500,2000,2000,1000,1000,-10.0,5.0,15.0,20.0,100.0,100.0,0.03,0.25,3,1.0,1.0,60.0,1660,67.0
355,326442795412538,7.10000527597731,target_lost_or_stale,105960,5630588058680,True,,14.89177489177489,14.950864825127256,0.0171875,-0.11666666666666667,4.9809685874805645,-0.43583475140454947,105960,0.032801934983581305,14.89177489177489,14.950864825127256,0.0171875,-0.11666666666666667,0.0,-0.08666666666666667,4.9809685874805645,-0.43583475140454947,tracking,True,,False,False,-10.0,0.0,-8.666666666666668,1500,1583,1662,1500,2000,2000,1000,1000,-10.0,5.0,15.0,20.0,100.0,100.0,0.03,0.25,3,1.0,1.0,60.0,1660,67.0
356,326442815412343,7.120005081000272,target_lost_or_stale,105961,5630622795711,True,,14.89177489177489,14.941174659233118,0.0171875,-0.10625,4.98419996498949,-0.3971784347101,105961,0.019336041994392872,14.89177489177489,14.941174659233118,0.0171875,-0.10625,0.0,-0.07625,4.98419996498949,-0.3971784347101,tracking,True,,False,False,-10.0,0.0,-7.625,1500,1583,1663,1500,2000,2000,1000,1000,-10.0,5.0,15.0,20.0,100.0,100.0,0.03,0.25,3,1.0,1.0,60.0,1660,67.0
357,326442835413300,7.140006038011052,target_lost_or_stale,105962,5630653356543,True,,14.89177489177489,14.932384682095861,0.0171875,-0.09583333333333334,4.987134785956377,-0.3584503127406147,105962,0.005890210042707622,14.89177489177489,14.932384682095861,0.0171875,-0.09583333333333334,0.0,-0.06583333333333334,4.987134785956377,-0.3584503127406147,tracking,True,,False,False,-10.0,0.0,-6.583333333333334,1500,1583,1664,1500,2000,2000,1000,1000,-10.0,5.0,15.0,20.0,100.0,100.0,0.03,0.25,3,1.0,1.0,60.0,1660,67.0
358,326442855407700,7.160000437987037,target_lost_or_stale,105962,5630653356543,True,,14.89177489177489,14.932384682095861,0.0171875,-0.09583333333333334,4.987134785956377,-0.3584503127406147,105962,0.02588461001869291,14.89177489177489,14.932384682095861,0.0171875,-0.09583333333333334,0.0,-0.06583333333333334,4.987134785956377,-0.3584503127406147,tracking,True,,False,False,-10.0,0.0,-6.583333333333334,1500,1583,1664,1500,2000,2000,1000,1000,-10.0,5.0,15.0,20.0,100.0,100.0,0.03,0.25,3,1.0,1.0,60.0,1660,67.0
359,326442875411420,7.180004157999065,target_lost_or_stale,105963,5630687235597,True,,14.89177489177489,14.929121105733428,0.0171875,-0.09166666666666666,4.988225317676988,-0.34294049059029297,105963,0.012436475022695959,14.89177489177489,14.929121105733428,0.0171875,-0.09166666666666666,0.0,-0.06166666666666666,4.988225317676988,-0.34294049059029297,tracking,True,,False,False,-10.0,0.0,-6.166666666666666,1500,1583,1664,1500,2000,2000,1000,1000,-10.0,5.0,15.0,20.0,100.0,100.0,0.03,0.25,3,1.0,1.0,60.0,1660,67.0
360,326442895395927,7.199988665001001,target_lost_or_stale,105963,5630687235597,True,,14.89177489177489,14.929121105733428,0.0171875,-0.09166666666666666,4.988225317676988,-0.34294049059029297,105963,0.032420982024632394,14.89177489177489,14.929121105733428,0.0171875,-0.09166666666666666,0.0,-0.06166666666666666,4.988225317676988,-0.34294049059029297,tracking,True,,False,False,-10.0,0.0,-6.166666666666666,1500,1583,1664,1500,2000,2000,1000,1000,-10.0,5.0,15.0,20.0,100.0,100.0,0.03,0.25,3,1.0,1.0,60.0,1660,67.0
361,326442915412644,7.220005381968804,target_lost_or_stale,105964,5630721994947,True,,14.89177489177489,14.927543454718574,0.0171875,-0.08958333333333333,4.988752664522238,-0.33518181964758786,105964,0.01895739499013871,14.89177489177489,14.927543454718574,0.0171875,-0.08958333333333333,0.0,-0.059583333333333335,4.988752664522238,-0.33518181964758786,tracking,True,,False,False,-10.0,0.0,-5.958333333333334,1500,1583,1664,1500,2000,2000,1000,1000,-10.0,5.0,15.0,20.0,100.0,100.0,0.03,0.25,3,1.0,1.0,60.0,1660,67.0
362,326442935421512,7.240014249982778,target_lost_or_stale,105965,5630750380895,True,,14.575569358178054,14.613702059480659,0.0171875,-0.09375,4.987686020922325,-0.350696673346101,105965,0.0055008570197969675,14.575569358178054,14.613702059480659,0.0171875,-0.09375,0.0,-0.06375,4.987686020922325,-0.350696673346101,tracking,True,,False,False,-10.0,0.0,-6.375,1500,1583,1664,1500,2000,2000,1000,1000,-10.0,5.0,15.0,20.0,100.0,100.0,0.03,0.25,3,1.0,1.0,60.0,1660,67.0
363,326442955419183,7.260011920996476,target_lost_or_stale,105965,5630750380895,True,,14.575569358178054,14.613702059480659,0.0171875,-0.09375,4.987686020922325,-0.350696673346101,105965,0.02549852803349495,14.575569358178054,14.613702059480659,0.0171875,-0.09375,0.0,-0.06375,4.987686020922325,-0.350696673346101,tracking,True,,False,False,-10.0,0.0,-6.375,1500,1583,1664,1500,2000,2000,1000,1000,-10.0,5.0,15.0,20.0,100.0,100.0,0.03,0.25,3,1.0,1.0,60.0,1660,67.0
364,326442975405681,7.279998418991454,target_lost_or_stale,105966,5630783801272,True,,14.575569358178054,14.623920192252438,0.0171875,-0.10625,4.98419996498949,-0.3971784347101,105966,0.012083330017048866,14.575569358178054,14.623920192252438,0.0171875,-0.10625,0.0,-0.07625,4.98419996498949,-0.3971784347101,tracking,True,,False,False,-10.0,0.0,-7.625,1500,1583,1663,1500,2000,2000,1000,1000,-10.0,5.0,15.0,20.0,100.0,100.0,0.03,0.25,3,1.0,1.0,60.0,1660,67.0
365,326442995401615,7.299994352972135,target_lost_or_stale,105966,5630783801272,True,,14.575569358178054,14.623920192252438,0.0171875,-0.10625,4.98419996498949,-0.3971784347101,105966,0.03207926399772987,14.575569358178054,14.623920192252438,0.0171875,-0.10625,0.0,-0.07625,4.98419996498949,-0.3971784347101,tracking,True,,False,False,-10.0,0.0,-7.625,1500,1583,1663,1500,2000,2000,1000,1000,-10.0,5.0,15.0,20.0,100.0,100.0,0.03,0.25,3,1.0,1.0,60.0,1660,67.0
366,326443015437151,7.32002988900058,target_lost_or_stale,105967,5630817335921,True,,14.575569358178054,14.63540706416225,0.0171875,-0.11875,4.980286875801802,-0.4435567998760981,105967,0.018667238007765263,14.575569358178054,14.63540706416225,0.0171875,-0.11875,0.0,-0.08875,4.980286875801802,-0.4435567998760981,tracking,True,,False,False,-10.0,0.0,-8.875,1500,1583,1661,1500,2000,2000,1000,1000,-10.0,5.0,15.0,20.0,100.0,100.0,0.03,0.25,3,1.0,1.0,60.0,1660,67.0
367,326443035415777,7.340008514991496,target_lost_or_stale,105968,5630850530936,True,,14.575569358178054,14.657363020127637,0.0171875,-0.13958333333333334,4.9728244874316,-0.5205925635279955,105968,0.005098256981000304,14.575569358178054,14.657363020127637,0.0171875,-0.13958333333333334,0.0,-0.10958333333333334,4.9728244874316,-0.5205925635279955,tracking,True,,False,False,-10.0,0.0,-10.958333333333334,1500,1583,1659,1500,2000,2000,1000,1000,-10.0,5.0,15.0,20.0,100.0,100.0,0.03,0.25,3,1.0,1.0,60.0,1660,67.0
368,326443055405758,7.35999849595828,target_lost_or_stale,105968,5630850530936,True,,14.575569358178054,14.657363020127637,0.0171875,-0.13958333333333334,4.9728244874316,-0.5205925635279955,105968,0.025088237947784364,14.575569358178054,14.657363020127637,0.0171875,-0.13958333333333334,0.0,-0.10958333333333334,4.9728244874316,-0.5205925635279955,tracking,True,,False,False,-10.0,0.0,-10.958333333333334,1500,1583,1659,1500,2000,2000,1000,1000,-10.0,5.0,15.0,20.0,100.0,100.0,0.03,0.25,3,1.0,1.0,60.0,1660,67.0
369,326443075385721,7.379978458979167,target_lost_or_stale,105969,5630882010491,True,,14.575569358178054,14.677448681442899,0.0171875,-0.15625,4.966017337420061,-0.5819551567289134,105969,0.011651395994704217,14.575569358178054,14.677448681442899,0.0171875,-0.15625,0.0,-0.12625,4.966017337420061,-0.5819551567289134,tracking,True,,False,False,-10.0,0.0,-12.625,1500,1583,1658,1500,2000,2000,1000,1000,-10.0,5.0,15.0,20.0,100.0,100.0,0.03,0.25,3,1.0,1.0,60.0,1660,67.0
370,326443095425504,7.400018242013175,target_lost_or_stale,105969,5630882010491,True,,14.575569358178054,14.677448681442899,0.0171875,-0.15625,4.966017337420061,-0.5819551567289134,105969,0.03169117902871221,14.575569358178054,14.677448681442899,0.0171875,-0.15625,0.0,-0.12625,4.966017337420061,-0.5819551567289134,tracking,True,,False,False,-10.0,0.0,-12.625,1500,1583,1658,1500,2000,2000,1000,1000,-10.0,5.0,15.0,20.0,100.0,100.0,0.03,0.25,3,1.0,1.0,60.0,1660,67.0
371,326443115405961,7.419998698984273,target_lost_or_stale,105970,5630914690462,True,,14.575569358178054,14.705691815000641,0.0171875,-0.17708333333333334,4.956477041954939,-0.6582821071346403,105970,0.018174087977968156,14.575569358178054,14.705691815000641,0.0171875,-0.17708333333333334,0.0,-0.14708333333333334,4.956477041954939,-0.6582821071346403,tracking,True,,False,False,-10.0,0.0,-14.708333333333334,1500,1583,1655,1500,2000,2000,1000,1000,-10.0,5.0,15.0,20.0,100.0,100.0,0.03,0.25,3,1.0,1.0,60.0,1660,67.0
372,326443135403560,7.439996297995094,target_lost_or_stale,105971,5630947430322,True,,14.575569358178054,14.737400643069224,0.0171875,-0.19791666666666666,4.945809655073895,-0.7341436206750312,105971,0.004636264988221228,14.575569358178054,14.737400643069224,0.0171875,-0.19791666666666666,0.0,-0.16791666666666666,4.945809655073895,-0.7341436206750312,tracking,True,,False,False,-10.0,0.0,-16.791666666666664,1500,1583,1653,1500,2000,2000,1000,1000,-10.0,5.0,15.0,20.0,100.0,100.0,0.03,0.25,3,1.0,1.0,60.0,1660,67.0
373,326443155387138,7.4599798760027625,target_lost_or_stale,105971,5630947430322,True,,14.575569358178054,14.737400643069224,0.0171875,-0.19791666666666666,4.945809655073895,-0.7341436206750312,105971,0.024619842995889485,14.575569358178054,14.737400643069224,0.0171875,-0.19791666666666666,0.0,-0.16791666666666666,4.945809655073895,-0.7341436206750312,tracking,True,,False,False,-10.0,0.0,-16.791666666666664,1500,1583,1653,1500,2000,2000,1000,1000,-10.0,5.0,15.0,20.0,100.0,100.0,0.03,0.25,3,1.0,1.0,60.0,1660,67.0
374,326443175386340,7.479979077994358,target_lost_or_stale,105972,5630980806005,True,,14.575569358178054,14.765248083121064,0.0171875,-0.21458333333333332,4.936479108531926,-0.7944646065293568,105972,0.011132328014355153,14.575569358178054,14.765248083121064,0.0171875,-0.21458333333333332,0.0,-0.18458333333333332,4.936479108531926,-0.7944646065293568,tracking,True,,False,False,-10.0,0.0,-18.458333333333332,1500,1583,1652,1500,2000,2000,1000,1000,-10.0,5.0,15.0,20.0,100.0,100.0,0.03,0.25,3,1.0,1.0,60.0,1660,67.0
375,326443195430882,7.500023619970307,target_lost_or_stale,105972,5630980806005,True,,14.575569358178054,14.765248083121064,0.0171875,-0.21458333333333332,4.936479108531926,-0.7944646065293568,105972,0.031176869990304112,14.575569358178054,14.765248083121064,0.0171875,-0.21458333333333332,0.0,-0.18458333333333332,4.936479108531926,-0.7944646065293568,tracking,True,,False,False,-10.0,0.0,-18.458333333333332,1500,1583,1652,1500,2000,2000,1000,1000,-10.0,5.0,15.0,20.0,100.0,100.0,0.03,0.25,3,1.0,1.0,60.0,1660,67.0
376,326443215405002,7.519997739989776,target_lost_or_stale,105973,5631014404737,True,,14.575569358178054,14.783766359782943,0.0171875,-0.225,4.930293853885608,-0.8319870878431963,105973,0.01762866001809016,14.575569358178054,14.783766359782943,0.0171875,-0.225,0.0,-0.195,4.930293853885608,-0.8319870878431963,tracking,True,,False,False,-10.0,0.0,-19.5,1500,1583,1651,1500,2000,2000,1000,1000,-10.0,5.0,15.0,20.0,100.0,100.0,0.03,0.25,3,1.0,1.0,60.0,1660,67.0
377,326443235401650,7.539994388003834,target_lost_or_stale,105975,5631079724235,True,,14.575569358178054,14.799598196196325,0.01875,-0.23333333333333334,4.925152335778521,-0.8619016587612411,105975,0.004206459037959576,14.575569358178054,14.799598196196325,0.01875,-0.23333333333333334,0.0,-0.20333333333333334,4.925152335778521,-0.8619016587612411,tracking,True,,False,False,-10.0,0.0,-20.333333333333332,1500,1583,1650,1500,2000,2000,1000,1000,-10.0,5.0,15.0,20.0,100.0,100.0,0.03,0.25,3,1.0,1.0,60.0,1660,67.0
378,326443255410112,7.560002849961165,target_lost_or_stale,105975,5631079724235,True,,14.575569358178054,14.799598196196325,0.01875,-0.23333333333333334,4.925152335778521,-0.8619016587612411,105975,0.024214920995291322,14.575569358178054,14.799598196196325,0.01875,-0.23333333333333334,0.0,-0.20333333333333334,4.925152335778521,-0.8619016587612411,tracking,True,,False,False,-10.0,0.0,-20.333333333333332,1500,1583,1650,1500,2000,2000,1000,1000,-10.0,5.0,15.0,20.0,100.0,100.0,0.03,0.25,3,1.0,1.0,60.0,1660,67.0
379,326443275418998,7.580011735961307,target_lost_or_stale,105976,5631114096062,True,,14.285714285714285,14.497660459571412,0.01875,-0.22916666666666666,4.927744453798767,-0.8469560779966632,105976,0.010584759002085775,14.285714285714285,14.497660459571412,0.01875,-0.22916666666666666,0.0,-0.19916666666666666,4.927744453798767,-0.8469560779966632,tracking,True,,False,False,-10.0,0.0,-19.916666666666664,1500,1583,1650,1500,2000,2000,1000,1000,-10.0,5.0,15.0,20.0,100.0,100.0,0.03,0.25,3,1.0,1.0,60.0,1660,67.0
380,326443295430383,7.600023120990954,target_lost_or_stale,105976,5631114096062,True,,14.285714285714285,14.497660459571412,0.01875,-0.22916666666666666,4.927744453798767,-0.8469560779966632,105976,0.030596144031733274,14.285714285714285,14.497660459571412,0.01875,-0.22916666666666666,0.0,-0.19916666666666666,4.927744453798767,-0.8469560779966632,tracking,True,,False,False,-10.0,0.0,-19.916666666666664,1500,1583,1650,1500,2000,2000,1000,1000,-10.0,5.0,15.0,20.0,100.0,100.0,0.03,0.25,3,1.0,1.0,60.0,1660,67.0
381,326443315399855,7.6199925930122845,target_lost_or_stale,105977,5631145556764,True,,14.229249011857707,14.429210794918065,0.01875,-0.22291666666666668,4.931552469741065,-0.8244939285348343,105977,0.017025078006554395,14.229249011857707,14.429210794918065,0.01875,-0.22291666666666668,0.0,-0.19291666666666668,4.931552469741065,-0.8244939285348343,tracking,True,,False,False,-10.0,0.0,-19.291666666666668,1500,1583,1651,1500,2000,2000,1000,1000,-10.0,5.0,15.0,20.0,100.0,100.0,0.03,0.25,3,1.0,1.0,60.0,1660,67.0
382,326443335389554,7.639982291962951,target_lost_or_stale,105978,5631178742743,True,,13.93939393939394,14.11773638071561,0.01875,-0.2125,4.937683686063467,-0.786943337466365,105978,0.0035813679569400847,13.93939393939394,14.11773638071561,0.01875,-0.2125,0.0,-0.1825,4.937683686063467,-0.786943337466365,tracking,True,,False,False,-10.0,0.0,-18.25,1500,1583,1652,1500,2000,2000,1000,1000,-10.0,5.0,15.0,20.0,100.0,100.0,0.03,0.25,3,1.0,1.0,60.0,1660,67.0
383,326443355407363,7.66000010096468,target_lost_or_stale,105978,5631178742743,True,,13.93939393939394,14.11773638071561,0.01875,-0.2125,4.937683686063467,-0.786943337466365,105978,0.023599176958668977,13.93939393939394,14.11773638071561,0.01875,-0.2125,0.0,-0.1825,4.937683686063467,-0.786943337466365,tracking,True,,False,False,-10.0,0.0,-18.25,1500,1583,1652,1500,2000,2000,1000,1000,-10.0,5.0,15.0,20.0,100.0,100.0,0.03,0.25,3,1.0,1.0,60.0,1660,67.0
384,326443375368265,7.6799610030138865,target_lost_or_stale,105979,5631211512385,True,,13.93939393939394,14.104289249561909,0.01875,-0.20416666666666666,4.942392925659054,-0.7568039167415426,105979,0.010118312027771026,13.93939393939394,14.104289249561909,0.01875,-0.20416666666666666,0.0,-0.17416666666666666,4.942392925659054,-0.7568039167415426,tracking,True,,False,False,-10.0,0.0,-17.416666666666668,1500,1583,1653,1500,2000,2000,1000,1000,-10.0,5.0,15.0,20.0,100.0,100.0,0.03,0.25,3,1.0,1.0,60.0,1660,67.0
385,326443395426622,7.700019359996077,target_lost_or_stale,105979,5631211512385,True,,13.93939393939394,14.104289249561909,0.01875,-0.20416666666666666,4.942392925659054,-0.7568039167415426,105979,0.030176669009961188,13.93939393939394,14.104289249561909,0.01875,-0.20416666666666666,0.0,-0.17416666666666666,4.942392925659054,-0.7568039167415426,tracking,True,,False,False,-10.0,0.0,-17.416666666666668,1500,1583,1653,1500,2000,2000,1000,1000,-10.0,5.0,15.0,20.0,100.0,100.0,0.03,0.25,3,1.0,1.0,60.0,1660,67.0
386,326443415417505,7.720010243006982,target_lost_or_stale,105980,5631244572287,True,,13.93939393939394,14.08510490593531,0.01875,-0.19166666666666668,4.949126933088699,-0.7114369966315005,105980,0.016707671049516648,13.93939393939394,14.08510490593531,0.01875,-0.19166666666666668,0.0,-0.16166666666666668,4.949126933088699,-0.7114369966315005,tracking,True,,False,False,-10.0,0.0,-16.166666666666668,1500,1583,1654,1500,2000,2000,1000,1000,-10.0,5.0,15.0,20.0,100.0,100.0,0.03,0.25,3,1.0,1.0,60.0,1660,67.0
387,326443435389412,7.739982149971183,target_lost_or_stale,105981,5631277384322,True,,13.93939393939394,14.078973872721319,0.01875,-0.1875,4.951282894190173,-0.6962741569954931,105981,0.0032175559899769723,13.93939393939394,14.078973872721319,0.01875,-0.1875,0.0,-0.1575,4.951282894190173,-0.6962741569954931,tracking,True,,False,False,-10.0,0.0,-15.75,1500,1583,1654,1500,2000,2000,1000,1000,-10.0,5.0,15.0,20.0,100.0,100.0,0.03,0.25,3,1.0,1.0,60.0,1660,67.0
388,326443455391972,7.759984709962737,target_lost_or_stale,105981,5631277384322,True,,13.93939393939394,14.078973872721319,0.01875,-0.1875,4.951282894190173,-0.6962741569954931,105981,0.023220115981530398,13.93939393939394,14.078973872721319,0.01875,-0.1875,0.0,-0.1575,4.951282894190173,-0.6962741569954931,tracking,True,,False,False,-10.0,0.0,-15.75,1500,1583,1654,1500,2000,2000,1000,1000,-10.0,5.0,15.0,20.0,100.0,100.0,0.03,0.25,3,1.0,1.0,60.0,1660,67.0
389,326443475389645,7.779982383013703,target_lost_or_stale,105982,5631310414971,True,,13.93939393939394,14.072975003855326,0.01875,-0.18333333333333332,4.953394199226479,-0.6810917023936409,105982,0.009767371055204421,13.93939393939394,14.072975003855326,0.01875,-0.18333333333333332,0.0,-0.15333333333333332,4.953394199226479,-0.6810917023936409,tracking,True,,False,False,-10.0,0.0,-15.333333333333332,1500,1583,1655,1500,2000,2000,1000,1000,-10.0,5.0,15.0,20.0,100.0,100.0,0.03,0.25,3,1.0,1.0,60.0,1660,67.0
390,326443495422452,7.800015189975966,target_lost_or_stale,105982,5631310414971,True,,13.93939393939394,14.072975003855326,0.01875,-0.18333333333333332,4.953394199226479,-0.6810917023936409,105982,0.02980017801746726,13.93939393939394,14.072975003855326,0.01875,-0.18333333333333332,0.0,-0.15333333333333332,4.953394199226479,-0.6810917023936409,tracking,True,,False,False,-10.0,0.0,-15.333333333333332,1500,1583,1655,1500,2000,2000,1000,1000,-10.0,5.0,15.0,20.0,100.0,100.0,0.03,0.25,3,1.0,1.0,60.0,1660,67.0
391,326443515384565,7.81997730297735,target_lost_or_stale,105983,5631343396171,True,,13.93939393939394,14.072975003855326,0.01875,-0.18333333333333332,4.953394199226479,-0.6810917023936409,105983,0.016264548001345247,13.93939393939394,14.072975003855326,0.01875,-0.18333333333333332,0.0,-0.15333333333333332,4.953394199226479,-0.6810917023936409,tracking,True,,False,False,-10.0,0.0,-15.333333333333332,1500,1583,1655,1500,2000,2000,1000,1000,-10.0,5.0,15.0,20.0,100.0,100.0,0.03,0.25,3,1.0,1.0,60.0,1660,67.0
392,326443535414517,7.84000725497026,target_lost_or_stale,105984,5631376813758,True,,13.93939393939394,14.08510490593531,0.01875,-0.19166666666666668,4.949126933088699,-0.7114369966315005,105984,0.002880980959162116,13.93939393939394,14.08510490593531,0.01875,-0.19166666666666668,0.0,-0.16166666666666668,4.949126933088699,-0.7114369966315005,tracking,True,,False,False,-10.0,0.0,-16.166666666666668,1500,1583,1654,1500,2000,2000,1000,1000,-10.0,5.0,15.0,20.0,100.0,100.0,0.03,0.25,3,1.0,1.0,60.0,1660,67.0
393,326443555390200,7.85998293798184,target_lost_or_stale,105984,5631376813758,True,,13.93939393939394,14.08510490593531,0.01875,-0.19166666666666668,4.949126933088699,-0.7114369966315005,105984,0.022856663970742375,13.93939393939394,14.08510490593531,0.01875,-0.19166666666666668,0.0,-0.16166666666666668,4.949126933088699,-0.7114369966315005,tracking,True,,False,False,-10.0,0.0,-16.166666666666668,1500,1583,1654,1500,2000,2000,1000,1000,-10.0,5.0,15.0,20.0,100.0,100.0,0.03,0.25,3,1.0,1.0,60.0,1660,67.0
394,326443575430789,7.880023526959121,target_lost_or_stale,105985,5631409567336,True,,13.93939393939394,14.104289249561909,0.01875,-0.20416666666666666,4.942392925659054,-0.7568039167415426,105985,0.009403427946381271,13.93939393939394,14.104289249561909,0.01875,-0.20416666666666666,0.0,-0.17416666666666666,4.942392925659054,-0.7568039167415426,tracking,True,,False,False,-10.0,0.0,-17.416666666666668,1500,1583,1653,1500,2000,2000,1000,1000,-10.0,5.0,15.0,20.0,100.0,100.0,0.03,0.25,3,1.0,1.0,60.0,1660,67.0
395,326443595406867,7.8999996049678884,target_lost_or_stale,105985,5631409567336,True,,13.93939393939394,14.104289249561909,0.01875,-0.20416666666666666,4.942392925659054,-0.7568039167415426,105985,0.02937950595514849,13.93939393939394,14.104289249561909,0.01875,-0.20416666666666666,0.0,-0.17416666666666666,4.942392925659054,-0.7568039167415426,tracking,True,,False,False,-10.0,0.0,-17.416666666666668,1500,1583,1653,1500,2000,2000,1000,1000,-10.0,5.0,15.0,20.0,100.0,100.0,0.03,0.25,3,1.0,1.0,60.0,1660,67.0
396,326443615405270,7.91999800800113,target_lost_or_stale,105986,5631442359613,True,,13.93939393939394,14.128165892607509,0.01875,-0.21875,4.934037404746879,-0.8094905117162847,105986,0.01596579101169482,13.93939393939394,14.128165892607509,0.01875,-0.21875,0.0,-0.18875,4.934037404746879,-0.8094905117162847,tracking,True,,False,False,-10.0,0.0,-18.875,1500,1583,1651,1500,2000,2000,1000,1000,-10.0,5.0,15.0,20.0,100.0,100.0,0.03,0.25,3,1.0,1.0,60.0,1660,67.0
397,326443635391878,7.939984616008587,target_lost_or_stale,105987,5631475476358,True,,13.93939393939394,14.16121737785347,0.01875,-0.2375,4.922517710225457,-0.8768234671339094,105987,0.0024381140246987343,13.93939393939394,14.16121737785347,0.01875,-0.2375,0.0,-0.2075,4.922517710225457,-0.8768234671339094,tracking,True,,False,False,-10.0,0.0,-20.75,1500,1583,1649,1500,2000,2000,1000,1000,-10.0,5.0,15.0,20.0,100.0,100.0,0.03,0.25,3,1.0,1.0,60.0,1660,67.0
398,326443655420159,7.960012896975968,target_lost_or_stale,105987,5631475476358,True,,13.93939393939394,14.16121737785347,0.01875,-0.2375,4.922517710225457,-0.8768234671339094,105987,0.022466394992079586,13.93939393939394,14.16121737785347,0.01875,-0.2375,0.0,-0.2075,4.922517710225457,-0.8768234671339094,tracking,True,,False,False,-10.0,0.0,-20.75,1500,1583,1649,1500,2000,2000,1000,1000,-10.0,5.0,15.0,20.0,100.0,100.0,0.03,0.25,3,1.0,1.0,60.0,1660,67.0
399,326443675407056,7.979999793984462,target_lost_or_stale,105988,5631508670979,True,,13.93939393939394,14.196898730913558,0.01875,-0.25625,4.910141646946684,-0.9436678477725658,105988,0.009009554982185364,13.93939393939394,14.196898730913558,0.01875,-0.25625,0.0,-0.22624999999999998,4.910141646946684,-0.9436678477725658,tracking,True,,False,False,-10.0,0.0,-22.624999999999996,1500,1583,1648,1500,2000,2000,1000,1000,-10.0,5.0,15.0,20.0,100.0,100.0,0.03,0.25,3,1.0,1.0,60.0,1660,67.0
400,326443695432225,8.000024962995667,target_lost_or_stale,105988,5631508670979,True,,13.93939393939394,14.196898730913558,0.01875,-0.25625,4.910141646946684,-0.9436678477725658,105988,0.0290347239933908,13.93939393939394,14.196898730913558,0.01875,-0.25625,0.0,-0.22624999999999998,4.910141646946684,-0.9436678477725658,tracking,True,,False,False,-10.0,0.0,-22.624999999999996,1500,1583,1648,1500,2000,2000,1000,1000,-10.0,5.0,15.0,20.0,100.0,100.0,0.03,0.25,3,1.0,1.0,60.0,1660,67.0
401,326443715398354,8.019991091976408,target_lost_or_stale,105989,5631541676205,True,,13.672727272727272,13.967195162325158,0.01875,-0.27708333333333335,4.895410578851409,-1.0173275109175581,105989,0.015491131984163076,13.672727272727272,13.967195162325158,0.01875,-0.27708333333333335,0.0,-0.24708333333333335,4.895410578851409,-1.0173275109175581,tracking,True,,False,False,-10.0,0.0,-24.708333333333336,1500,1583,1645,1500,2000,2000,1000,1000,-10.0,5.0,15.0,20.0,100.0,100.0,0.03,0.25,3,1.0,1.0,60.0,1660,67.0
402,326443735399721,8.039992459001951,target_lost_or_stale,105990,5631574443311,True,,13.672727272727272,14.00296327110447,0.01875,-0.29375,4.882901914880142,-1.0757643281220313,105990,0.0021026990143582225,13.672727272727272,14.00296327110447,0.01875,-0.29375,0.0,-0.26375000000000004,4.882901914880142,-1.0757643281220313,tracking,True,,False,False,-10.0,0.0,-26.375000000000004,1500,1583,1644,1500,2000,2000,1000,1000,-10.0,5.0,15.0,20.0,100.0,100.0,0.03,0.25,3,1.0,1.0,60.0,1660,67.0
403,326443755417087,8.060009824985173,target_lost_or_stale,105990,5631574443311,True,,13.672727272727272,14.00296327110447,0.01875,-0.29375,4.882901914880142,-1.0757643281220313,105990,0.022120064997579902,13.672727272727272,14.00296327110447,0.01875,-0.29375,0.0,-0.26375000000000004,4.882901914880142,-1.0757643281220313,tracking,True,,False,False,-10.0,0.0,-26.375000000000004,1500,1583,1644,1500,2000,2000,1000,1000,-10.0,5.0,15.0,20.0,100.0,100.0,0.03,0.25,3,1.0,1.0,60.0,1660,67.0
404,326443775386910,8.079979647998698,target_lost_or_stale,105991,5631607317852,True,,13.672727272727272,14.031095756942713,0.01875,-0.30625,4.8731083755279005,-1.1192920800040647,105991,0.008639721025247127,13.672727272727272,14.031095756942713,0.01875,-0.30625,0.0,-0.27625,4.8731083755279005,-1.1192920800040647,tracking,True,,False,False,-10.0,0.0,-27.625,1500,1583,1643,1500,2000,2000,1000,1000,-10.0,5.0,15.0,20.0,100.0,100.0,0.03,0.25,3,1.0,1.0,60.0,1660,67.0
405,326443795404076,8.099996813980397,target_lost_or_stale,105991,5631607317852,True,,13.672727272727272,14.031095756942713,0.01875,-0.30625,4.8731083755279005,-1.1192920800040647,105991,0.028656887006945908,13.672727272727272,14.031095756942713,0.01875,-0.30625,0.0,-0.27625,4.8731083755279005,-1.1192920800040647,tracking,True,,False,False,-10.0,0.0,-27.625,1500,1583,1643,1500,2000,2000,1000,1000,-10.0,5.0,15.0,20.0,100.0,100.0,0.03,0.25,3,1.0,1.0,60.0,1660,67.0
406,326443815412256,8.12000499397982,target_lost_or_stale,105992,5631640295368,True,,13.672727272727272,14.055389484241232,0.01875,-0.31666666666666665,4.864682753597803,-1.155362153979478,105992,0.015196828986518085,13.672727272727272,14.055389484241232,0.01875,-0.31666666666666665,0.0,-0.2866666666666666,4.864682753597803,-1.155362153979478,tracking,True,,False,False,-10.0,0.0,-28.666666666666664,1500,1583,1642,1500,2000,2000,1000,1000,-10.0,5.0,15.0,20.0,100.0,100.0,0.03,0.25,3,1.0,1.0,60.0,1660,67.0
407,326443835395104,8.139987842005212,target_lost_or_stale,105993,5631673345969,True,,13.672727272727272,14.065322370583253,0.01875,-0.32083333333333336,4.861246187897627,-1.1697373639628663,105993,0.0017227480420842767,13.672727272727272,14.065322370583253,0.01875,-0.32083333333333336,0.0,-0.2908333333333334,4.861246187897627,-1.1697373639628663,tracking,True,,False,False,-10.0,0.0,-29.08333333333334,1500,1583,1641,1500,2000,2000,1000,1000,-10.0,5.0,15.0,20.0,100.0,100.0,0.03,0.25,3,1.0,1.0,60.0,1660,67.0
408,326443855436341,8.160029079008382,target_lost_or_stale,105993,5631673345969,True,,13.672727272727272,14.065322370583253,0.01875,-0.32083333333333336,4.861246187897627,-1.1697373639628663,105993,0.02176398504525423,13.672727272727272,14.065322370583253,0.01875,-0.32083333333333336,0.0,-0.2908333333333334,4.861246187897627,-1.1697373639628663,tracking,True,,False,False,-10.0,0.0,-29.08333333333334,1500,1583,1641,1500,2000,2000,1000,1000,-10.0,5.0,15.0,20.0,100.0,100.0,0.03,0.25,3,1.0,1.0,60.0,1660,67.0
409,326443875392610,8.17998534796061,target_lost_or_stale,105994,5631706603236,True,,13.426573426573427,13.812100527577664,0.01875,-0.32083333333333336,4.861246187897627,-1.1697373639628663,105994,0.008254371990915388,13.426573426573427,13.812100527577664,0.01875,-0.32083333333333336,0.0,-0.2908333333333334,4.861246187897627,-1.1697373639628663,tracking,True,,False,False,-10.0,0.0,-29.08333333333334,1500,1583,1641,1500,2000,2000,1000,1000,-10.0,5.0,15.0,20.0,100.0,100.0,0.03,0.25,3,1.0,1.0,60.0,1660,67.0
410,326443895407468,8.200000206008554,target_lost_or_stale,105994,5631706603236,True,,13.426573426573427,13.812100527577664,0.01875,-0.32083333333333336,4.861246187897627,-1.1697373639628663,105994,0.02826923003885895,13.426573426573427,13.812100527577664,0.01875,-0.32083333333333336,0.0,-0.2908333333333334,4.861246187897627,-1.1697373639628663,tracking,True,,False,False,-10.0,0.0,-29.08333333333334,1500,1583,1641,1500,2000,2000,1000,1000,-10.0,5.0,15.0,20.0,100.0,100.0,0.03,0.25,3,1.0,1.0,60.0,1660,67.0
411,326443915410655,8.22000339301303,target_lost_or_stale,105995,5631739376500,True,,13.426573426573427,13.797514696675567,0.01875,-0.3145833333333333,4.866386890201161,-1.1481631569068365,105995,0.014818999043200165,13.426573426573427,13.797514696675567,0.01875,-0.3145833333333333,0.0,-0.2845833333333333,4.866386890201161,-1.1481631569068365,tracking,True,,False,False,-10.0,0.0,-28.45833333333333,1500,1583,1642,1500,2000,2000,1000,1000,-10.0,5.0,15.0,20.0,100.0,100.0,0.03,0.25,3,1.0,1.0,60.0,1660,67.0
412,326443935410017,8.240002754959278,target_lost_or_stale,105996,5631772497227,True,,13.426573426573427,13.778490105017397,0.01875,-0.30625,4.8731083755279005,-1.1192920800040647,105996,0.001330158964265138,13.426573426573427,13.778490105017397,0.01875,-0.30625,0.0,-0.27625,4.8731083755279005,-1.1192920800040647,tracking,True,,False,False,-10.0,0.0,-27.625,1500,1583,1643,1500,2000,2000,1000,1000,-10.0,5.0,15.0,20.0,100.0,100.0,0.03,0.25,3,1.0,1.0,60.0,1660,67.0
413,326443955407354,8.260000091977417,target_lost_or_stale,105996,5631772497227,True,,13.426573426573427,13.778490105017397,0.01875,-0.30625,4.8731083755279005,-1.1192920800040647,105996,0.0213274959824048,13.426573426573427,13.778490105017397,0.01875,-0.30625,0.0,-0.27625,4.8731083755279005,-1.1192920800040647,tracking,True,,False,False,-10.0,0.0,-27.625,1500,1583,1643,1500,2000,2000,1000,1000,-10.0,5.0,15.0,20.0,100.0,100.0,0.03,0.25,3,1.0,1.0,60.0,1660,67.0
414,326443975385132,8.27997786999913,target_lost_or_stale,105997,5631805279488,True,,13.426573426573427,13.76035080019608,0.0203125,-0.29791666666666666,4.879676230499169,-1.0903026577521582,105997,0.007868224987760186,13.426573426573427,13.76035080019608,0.0203125,-0.29791666666666666,0.0,-0.2679166666666667,4.879676230499169,-1.0903026577521582,tracking,True,,False,False,-10.0,0.0,-26.791666666666668,1500,1583,1643,1500,2000,2000,1000,1000,-10.0,5.0,15.0,20.0,100.0,100.0,0.03,0.25,3,1.0,1.0,60.0,1660,67.0
415,326443995395592,8.29998832999263,target_lost_or_stale,105997,5631805279488,True,,13.426573426573427,13.76035080019608,0.0203125,-0.29791666666666666,4.879676230499169,-1.0903026577521582,105997,0.02787868498126045,13.426573426573427,13.76035080019608,0.0203125,-0.29791666666666666,0.0,-0.2679166666666667,4.879676230499169,-1.0903026577521582,tracking,True,,False,False,-10.0,0.0,-26.791666666666668,1500,1583,1643,1500,2000,2000,1000,1000,-10.0,5.0,15.0,20.0,100.0,100.0,0.03,0.25,3,1.0,1.0,60.0,1660,67.0
416,326444015420591,8.320013328979257,target_lost_or_stale,105998,5631838310171,True,,13.426573426573427,13.73786324353672,0.0203125,-0.2875,4.887666936335955,-1.0539031831474401,105998,0.014422021980863065,13.426573426573427,13.73786324353672,0.0203125,-0.2875,0.0,-0.25749999999999995,4.887666936335955,-1.0539031831474401,tracking,True,,False,False,-10.0,0.0,-25.749999999999996,1500,1583,1644,1500,2000,2000,1000,1000,-10.0,5.0,15.0,20.0,100.0,100.0,0.03,0.25,3,1.0,1.0,60.0,1660,67.0
417,326444035392964,8.3399857020122,target_lost_or_stale,105999,5631871359012,True,,13.356521739130436,13.648839249344332,0.0203125,-0.2791666666666667,4.893881798120168,-1.02465650148141,105999,0.0009374120272696018,13.356521739130436,13.648839249344332,0.0203125,-0.2791666666666667,0.0,-0.24916666666666668,4.893881798120168,-1.02465650148141,tracking,True,,False,False,-10.0,0.0,-24.916666666666668,1500,1583,1645,1500,2000,2000,1000,1000,-10.0,5.0,15.0,20.0,100.0,100.0,0.03,0.25,3,1.0,1.0,60.0,1660,67.0
418,326444055432954,8.360025691974442,target_lost_or_stale,105999,5631871359012,True,,13.356521739130436,13.648839249344332,0.0203125,-0.2791666666666667,4.893881798120168,-1.02465650148141,105999,0.020977401989512146,13.356521739130436,13.648839249344332,0.0203125,-0.2791666666666667,0.0,-0.24916666666666668,4.893881798120168,-1.02465650148141,tracking,True,,False,False,-10.0,0.0,-24.916666666666668,1500,1583,1645,1500,2000,2000,1000,1000,-10.0,5.0,15.0,20.0,100.0,100.0,0.03,0.25,3,1.0,1.0,60.0,1660,67.0
419,326444075398571,8.379991308960598,target_lost_or_stale,106000,5631904487063,True,,13.356521739130436,13.636148999857468,0.0203125,-0.27291666666666664,4.898438008479784,-1.0026490298607056,106000,0.007510331983212382,13.356521739130436,13.636148999857468,0.0203125,-0.27291666666666664,0.0,-0.24291666666666664,4.898438008479784,-1.0026490298607056,tracking,True,,False,False,-10.0,0.0,-24.291666666666664,1500,1583,1646,1500,2000,2000,1000,1000,-10.0,5.0,15.0,20.0,100.0,100.0,0.03,0.25,3,1.0,1.0,60.0,1660,67.0
420,326444095403236,8.399995973974,target_lost_or_stale,106000,5631904487063,True,,13.356521739130436,13.636148999857468,0.0203125,-0.27291666666666664,4.898438008479784,-1.0026490298607056,106000,0.027514996996615082,13.356521739130436,13.636148999857468,0.0203125,-0.27291666666666664,0.0,-0.24291666666666664,4.898438008479784,-1.0026490298607056,tracking,True,,False,False,-10.0,0.0,-24.291666666666664,1500,1583,1646,1500,2000,2000,1000,1000,-10.0,5.0,15.0,20.0,100.0,100.0,0.03,0.25,3,1.0,1.0,60.0,1660,67.0
421,326444115390852,8.419983589963522,target_lost_or_stale,106001,5631937347197,True,,13.110367892976589,13.380749786987657,0.0203125,-0.2708333333333333,4.899936597910267,-0.9952996214505231,106001,0.0140458740061149,13.110367892976589,13.380749786987657,0.0203125,-0.2708333333333333,0.0,-0.24083333333333332,4.899936597910267,-0.9952996214505231,tracking,True,,False,False,-10.0,0.0,-24.083333333333332,1500,1583,1646,1500,2000,2000,1000,1000,-10.0,5.0,15.0,20.0,100.0,100.0,0.03,0.25,3,1.0,1.0,60.0,1660,67.0
422,326444135398316,8.439991054008715,target_lost_or_stale,106002,5631970360395,True,,13.110367892976589,13.388963837536776,0.0203125,-0.275,4.896929325573684,-1.0099916733995724,106002,0.0006095030112192035,13.110367892976589,13.388963837536776,0.0203125,-0.275,0.0,-0.24500000000000002,4.896929325573684,-1.0099916733995724,tracking,True,,False,False,-10.0,0.0,-24.500000000000004,1500,1583,1646,1500,2000,2000,1000,1000,-10.0,5.0,15.0,20.0,100.0,100.0,0.03,0.25,3,1.0,1.0,60.0,1660,67.0
423,326444155419690,8.460012427996844,target_lost_or_stale,106002,5631970360395,True,,13.110367892976589,13.388963837536776,0.0203125,-0.275,4.896929325573684,-1.0099916733995724,106002,0.020630876999348402,13.110367892976589,13.388963837536776,0.0203125,-0.275,0.0,-0.24500000000000002,4.896929325573684,-1.0099916733995724,tracking,True,,False,False,-10.0,0.0,-24.500000000000004,1500,1583,1646,1500,2000,2000,1000,1000,-10.0,5.0,15.0,20.0,100.0,100.0,0.03,0.25,3,1.0,1.0,60.0,1660,67.0
424,326444175407863,8.480000600975472,target_lost_or_stale,106003,5632003521634,True,,13.110367892976589,13.405752474245292,0.0203125,-0.2833333333333333,4.890794254589286,-1.0392937791002235,106003,0.007163720962125808,13.110367892976589,13.405752474245292,0.0203125,-0.2833333333333333,0.0,-0.2533333333333333,4.890794254589286,-1.0392937791002235,tracking,True,,False,False,-10.0,0.0,-25.33333333333333,1500,1583,1645,1500,2000,2000,1000,1000,-10.0,5.0,15.0,20.0,100.0,100.0,0.03,0.25,3,1.0,1.0,60.0,1660,67.0
425,326444195440809,8.500033546995837,target_lost_or_stale,106003,5632003521634,True,,13.110367892976589,13.405752474245292,0.0203125,-0.2833333333333333,4.890794254589286,-1.0392937791002235,106003,0.02719666698249057,13.110367892976589,13.405752474245292,0.0203125,-0.2833333333333333,0.0,-0.2533333333333333,4.890794254589286,-1.0392937791002235,tracking,True,,False,False,-10.0,0.0,-25.33333333333333,1500,1583,1645,1500,2000,2000,1000,1000,-10.0,5.0,15.0,20.0,100.0,100.0,0.03,0.25,3,1.0,1.0,60.0,1660,67.0
426,326444215357367,8.519950104993768,target_lost_or_stale,106004,5632036536006,True,,13.110367892976589,13.431833364351727,0.0203125,-0.29583333333333334,4.881293952363416,-1.0830370956806328,106004,0.013662473007570952,13.110367892976589,13.431833364351727,0.0203125,-0.29583333333333334,0.0,-0.26583333333333337,4.881293952363416,-1.0830370956806328,tracking,True,,False,False,-10.0,0.0,-26.583333333333336,1500,1583,1644,1500,2000,2000,1000,1000,-10.0,5.0,15.0,20.0,100.0,100.0,0.03,0.25,3,1.0,1.0,60.0,1660,67.0
427,326444235388184,8.539980922010727,target_lost_or_stale,106005,5632069578312,True,,13.110367892976589,13.4682742254536,0.0203125,-0.3125,4.868081552839005,-1.1409566139466416,106005,0.00019690999761223793,13.110367892976589,13.4682742254536,0.0203125,-0.3125,0.0,-0.2825,4.868081552839005,-1.1409566139466416,tracking,True,,False,False,-10.0,0.0,-28.249999999999996,1500,1583,1642,1500,2000,2000,1000,1000,-10.0,5.0,15.0,20.0,100.0,100.0,0.03,0.25,3,1.0,1.0,60.0,1660,67.0
428,326444255396889,8.559989626985043,target_lost_or_stale,106005,5632069578312,True,,13.110367892976589,13.4682742254536,0.0203125,-0.3125,4.868081552839005,-1.1409566139466416,106005,0.0202056149719283,13.110367892976589,13.4682742254536,0.0203125,-0.3125,0.0,-0.2825,4.868081552839005,-1.1409566139466416,tracking,True,,False,False,-10.0,0.0,-28.249999999999996,1500,1583,1642,1500,2000,2000,1000,1000,-10.0,5.0,15.0,20.0,100.0,100.0,0.03,0.25,3,1.0,1.0,60.0,1660,67.0
429,326444275386390,8.579979127971455,target_lost_or_stale,106006,5632102648392,True,,13.110367892976589,13.516481548018957,0.0203125,-0.3333333333333333,4.850712500726659,-1.2126781251816647,106006,0.006779873976483941,13.110367892976589,13.516481548018957,0.0203125,-0.3333333333333333,0.0,-0.30333333333333334,4.850712500726659,-1.2126781251816647,tracking,True,,False,False,-10.0,0.0,-30.333333333333336,1500,1583,1640,1500,2000,2000,1000,1000,-10.0,5.0,15.0,20.0,100.0,100.0,0.03,0.25,3,1.0,1.0,60.0,1660,67.0
430,326444295407663,8.600000400969293,target_lost_or_stale,106006,5632102648392,True,,13.110367892976589,13.516481548018957,0.0203125,-0.3333333333333333,4.850712500726659,-1.2126781251816647,106006,0.026801146974321455,13.110367892976589,13.516481548018957,0.0203125,-0.3333333333333333,0.0,-0.30333333333333334,4.850712500726659,-1.2126781251816647,tracking,True,,False,False,-10.0,0.0,-30.333333333333336,1500,1583,1640,1500,2000,2000,1000,1000,-10.0,5.0,15.0,20.0,100.0,100.0,0.03,0.25,3,1.0,1.0,60.0,1660,67.0
431,326444315412986,8.620005723962095,target_lost_or_stale,106007,5632135742037,True,,13.110367892976589,13.562367317444052,0.0203125,-0.35208333333333336,4.834294668560811,-1.2765559359168392,106007,0.01330290496116504,13.110367892976589,13.562367317444052,0.0203125,-0.35208333333333336,0.0,-0.3220833333333334,4.834294668560811,-1.2765559359168392,tracking,True,,False,False,-10.0,0.0,-32.208333333333336,1500,1583,1638,1500,2000,2000,1000,1000,-10.0,5.0,15.0,20.0,100.0,100.0,0.03,0.25,3,1.0,1.0,60.0,1660,67.0
432,326444335392426,8.639985163987149,target_lost_or_stale,106007,5632135742037,True,,13.110367892976589,13.562367317444052,0.0203125,-0.35208333333333336,4.834294668560811,-1.2765559359168392,106007,0.03328234498621896,13.110367892976589,13.562367317444052,0.0203125,-0.35208333333333336,0.0,-0.3220833333333334,4.834294668560811,-1.2765559359168392,tracking,True,,False,False,-10.0,0.0,-32.208333333333336,1500,1583,1638,1500,2000,2000,1000,1000,-10.0,5.0,15.0,20.0,100.0,100.0,0.03,0.25,3,1.0,1.0,60.0,1660,67.0
433,326444355391272,8.65998400998069,target_lost_or_stale,106008,5632168643228,True,,13.110367892976589,13.61059593265834,0.0203125,-0.37083333333333335,4.817157962121082,-1.339772058214926,106008,0.019815595005638897,13.110367892976589,13.61059593265834,0.0203125,-0.37083333333333335,0.0,-0.3408333333333333,4.817157962121082,-1.339772058214926,tracking,True,,False,False,-10.0,0.0,-34.08333333333333,1500,1583,1636,1500,2000,2000,1000,1000,-10.0,5.0,15.0,20.0,100.0,100.0,0.03,0.25,3,1.0,1.0,60.0,1660,67.0
434,326444375383371,8.67997610900784,target_lost_or_stale,106009,5632202107607,True,,13.110367892976589,13.655412605707689,0.0203125,-0.3875,4.801342162727943,-1.3953900660428085,106009,0.006376978009939194,13.110367892976589,13.655412605707689,0.0203125,-0.3875,0.0,-0.35750000000000004,4.801342162727943,-1.3953900660428085,tracking,True,,False,False,-10.0,0.0,-35.75000000000001,1500,1583,1634,1500,2000,2000,1000,1000,-10.0,5.0,15.0,20.0,100.0,100.0,0.03,0.25,3,1.0,1.0,60.0,1660,67.0
435,326444395421082,8.700013819965534,target_lost_or_stale,106009,5632202107607,True,,13.110367892976589,13.655412605707689,0.0203125,-0.3875,4.801342162727943,-1.3953900660428085,106009,0.026414688967633992,13.110367892976589,13.655412605707689,0.0203125,-0.3875,0.0,-0.35750000000000004,4.801342162727943,-1.3953900660428085,tracking,True,,False,False,-10.0,0.0,-35.75000000000001,1500,1583,1634,1500,2000,2000,1000,1000,-10.0,5.0,15.0,20.0,100.0,100.0,0.03,0.25,3,1.0,1.0,60.0,1660,67.0
436,326444415399223,8.71999196097022,target_lost_or_stale,106010,5632234732884,True,,13.110367892976589,13.69021626786406,0.0203125,-0.4,4.789131426105757,-1.436739427831727,106010,0.012934778002090752,13.110367892976589,13.69021626786406,0.0203125,-0.4,0.0,-0.37,4.789131426105757,-1.436739427831727,tracking,True,,False,False,-10.0,0.0,-37.0,1500,1583,1633,1500,2000,2000,1000,1000,-10.0,5.0,15.0,20.0,100.0,100.0,0.03,0.25,3,1.0,1.0,60.0,1660,67.0
437,326444435380055,8.739972792973276,target_lost_or_stale,106010,5632234732884,True,,13.110367892976589,13.69021626786406,0.0203125,-0.4,4.789131426105757,-1.436739427831727,106010,0.032915610005147755,13.110367892976589,13.69021626786406,0.0203125,-0.4,0.0,-0.37,4.789131426105757,-1.436739427831727,tracking,True,,False,False,-10.0,0.0,-37.0,1500,1583,1633,1500,2000,2000,1000,1000,-10.0,5.0,15.0,20.0,100.0,100.0,0.03,0.25,3,1.0,1.0,60.0,1660,67.0
438,326444455392860,8.759985597978812,target_lost_or_stale,106011,5632268333795,True,,13.110367892976589,13.707998233544346,0.0203125,-0.40625,4.782916635137639,-1.4572949122684993,106011,0.01948014396475628,13.110367892976589,13.707998233544346,0.0203125,-0.40625,0.0,-0.37625,4.782916635137639,-1.4572949122684993,tracking,True,,False,False,-10.0,0.0,-37.625,1500,1583,1633,1500,2000,2000,1000,1000,-10.0,5.0,15.0,20.0,100.0,100.0,0.03,0.25,3,1.0,1.0,60.0,1660,67.0
439,326444475408585,8.780001322971657,target_lost_or_stale,106012,5632301402277,True,,13.110367892976589,13.719993002033986,0.0203125,-0.41041666666666665,4.778733571104114,-1.470953927355485,106012,0.006039128988049924,13.110367892976589,13.719993002033986,0.0203125,-0.41041666666666665,0.0,-0.3804166666666666,4.778733571104114,-1.470953927355485,tracking,True,,False,False,-10.0,0.0,-38.041666666666664,1500,1583,1632,1500,2000,2000,1000,1000,-10.0,5.0,15.0,20.0,100.0,100.0,0.03,0.25,3,1.0,1.0,60.0,1660,67.0
440,326444495390583,8.799983320990577,target_lost_or_stale,106012,5632301402277,True,,13.110367892976589,13.719993002033986,0.0203125,-0.41041666666666665,4.778733571104114,-1.470953927355485,106012,0.026021127006970346,13.110367892976589,13.719993002033986,0.0203125,-0.41041666666666665,0.0,-0.3804166666666666,4.778733571104114,-1.470953927355485,tracking,True,,False,False,-10.0,0.0,-38.041666666666664,1500,1583,1632,1500,2000,2000,1000,1000,-10.0,5.0,15.0,20.0,100.0,100.0,0.03,0.25,3,1.0,1.0,60.0,1660,67.0
441,326444515405456,8.81999819399789,target_lost_or_stale,106013,5632334237268,True,,12.882447665056361,13.470530578988628,0.0234375,-0.40625,4.782916635137638,-1.4572949122684993,106013,0.0125783680123277,12.882447665056361,13.470530578988628,0.0234375,-0.40625,0.0,-0.37625,4.782916635137638,-1.4572949122684993,tracking,True,,False,False,-10.0,0.0,-37.625,1500,1583,1633,1500,2000,2000,1000,1000,-10.0,5.0,15.0,20.0,100.0,100.0,0.03,0.25,3,1.0,1.0,60.0,1660,67.0
442,326444535405336,8.83999807399232,target_lost_or_stale,106013,5632334237268,True,,12.882447665056361,13.470530578988628,0.0234375,-0.40625,4.782916635137638,-1.4572949122684993,106013,0.03257824800675735,12.882447665056361,13.470530578988628,0.0234375,-0.40625,0.0,-0.37625,4.782916635137638,-1.4572949122684993,tracking,True,,False,False,-10.0,0.0,-37.625,1500,1583,1633,1500,2000,2000,1000,1000,-10.0,5.0,15.0,20.0,100.0,100.0,0.03,0.25,3,1.0,1.0,60.0,1660,67.0
443,326444555400882,8.859993619960733,target_lost_or_stale,106014,5632367035094,True,,12.882447665056361,13.458855170088343,0.0234375,-0.40208333333333335,4.787067851024628,-1.4436001488246142,106014,0.019123690959531814,12.882447665056361,13.458855170088343,0.0234375,-0.40208333333333335,0.0,-0.3720833333333333,4.787067851024628,-1.4436001488246142,tracking,True,,False,False,-10.0,0.0,-37.20833333333333,1500,1583,1633,1500,2000,2000,1000,1000,-10.0,5.0,15.0,20.0,100.0,100.0,0.03,0.25,3,1.0,1.0,60.0,1660,67.0
444,326444575406692,8.879999429977033,target_lost_or_stale,106015,5632400338355,True,,12.882447665056361,13.43015020204157,0.0234375,-0.39166666666666666,4.797304671948841,-1.409208247384972,106015,0.005663004005327821,12.882447665056361,13.43015020204157,0.0234375,-0.39166666666666666,0.0,-0.3616666666666667,4.797304671948841,-1.409208247384972,tracking,True,,False,False,-10.0,0.0,-36.16666666666667,1500,1583,1634,1500,2000,2000,1000,1000,-10.0,5.0,15.0,20.0,100.0,100.0,0.03,0.25,3,1.0,1.0,60.0,1660,67.0
445,326444595390465,8.899983202980366,target_lost_or_stale,106015,5632400338355,True,,12.882447665056361,13.43015020204157,0.0234375,-0.39166666666666666,4.797304671948841,-1.409208247384972,106015,0.025646777008660138,12.882447665056361,13.43015020204157,0.0234375,-0.39166666666666666,0.0,-0.3616666666666667,4.797304671948841,-1.409208247384972,tracking,True,,False,False,-10.0,0.0,-36.16666666666667,1500,1583,1634,1500,2000,2000,1000,1000,-10.0,5.0,15.0,20.0,100.0,100.0,0.03,0.25,3,1.0,1.0,60.0,1660,67.0
446,326444615449178,8.92004191596061,target_lost_or_stale,106016,5632433589244,True,,12.882447665056361,13.402139563820448,0.0234375,-0.38125,4.80733618441744,-1.3745976902318617,106016,0.01226325100287795,12.882447665056361,13.402139563820448,0.0234375,-0.38125,0.0,-0.35124999999999995,4.80733618441744,-1.3745976902318617,tracking,True,,False,False,-10.0,0.0,-35.12499999999999,1500,1583,1635,1500,2000,2000,1000,1000,-10.0,5.0,15.0,20.0,100.0,100.0,0.03,0.25,3,1.0,1.0,60.0,1660,67.0
447,326444635396875,8.939989612961654,target_lost_or_stale,106016,5632433589244,True,,12.882447665056361,13.402139563820448,0.0234375,-0.38125,4.80733618441744,-1.3745976902318617,106016,0.03221094800392166,12.882447665056361,13.402139563820448,0.0234375,-0.38125,0.0,-0.35124999999999995,4.80733618441744,-1.3745976902318617,tracking,True,,False,False,-10.0,0.0,-35.12499999999999,1500,1583,1635,1500,2000,2000,1000,1000,-10.0,5.0,15.0,20.0,100.0,100.0,0.03,0.25,3,1.0,1.0,60.0,1660,67.0
448,326444655424707,8.960017444973346,target_lost_or_stale,106017,5632466872354,True,,12.882447665056361,13.369449450389789,0.0234375,-0.36875,4.819096762935554,-1.332781448499364,106017,0.01877328200498596,12.882447665056361,13.369449450389789,0.0234375,-0.36875,0.0,-0.33875,4.819096762935554,-1.332781448499364,tracking,True,,False,False,-10.0,0.0,-33.875,1500,1583,1636,1500,2000,2000,1000,1000,-10.0,5.0,15.0,20.0,100.0,100.0,0.03,0.25,3,1.0,1.0,60.0,1660,67.0
449,326444675394475,8.979987212980632,target_lost_or_stale,106018,5632500436303,True,,12.882447665056361,13.348218652756303,0.0234375,-0.36041666666666666,4.826765621571737,-1.30473508208111,106018,0.005311098007950932,12.882447665056361,13.348218652756303,0.0234375,-0.36041666666666666,0.0,-0.3304166666666667,4.826765621571737,-1.30473508208111,tracking,True,,False,False,-10.0,0.0,-33.04166666666667,1500,1583,1637,1500,2000,2000,1000,1000,-10.0,5.0,15.0,20.0,100.0,100.0,0.03,0.25,3,1.0,1.0,60.0,1660,67.0
450,326444695420294,9.000013031996787,target_lost_or_stale,106018,5632500436303,True,,12.882447665056361,13.348218652756303,0.0234375,-0.36041666666666666,4.826765621571737,-1.30473508208111,106018,0.025336917024105787,12.882447665056361,13.348218652756303,0.0234375,-0.36041666666666666,0.0,-0.3304166666666667,4.826765621571737,-1.30473508208111,tracking,True,,False,False,-10.0,0.0,-33.04166666666667,1500,1583,1637,1500,2000,2000,1000,1000,-10.0,5.0,15.0,20.0,100.0,100.0,0.03,0.25,3,1.0,1.0,60.0,1660,67.0
451,326444715419654,9.020012391963974,target_lost_or_stale,106019,5632533592670,True,,12.882447665056361,13.332592460182301,0.0234375,-0.3541666666666667,4.832425634632481,-1.2836130591992527,106019,0.01189153897576034,12.882447665056361,13.332592460182301,0.0234375,-0.3541666666666667,0.0,-0.3241666666666667,4.832425634632481,-1.2836130591992527,tracking,True,,False,False,-10.0,0.0,-32.41666666666667,1500,1583,1638,1500,2000,2000,1000,1000,-10.0,5.0,15.0,20.0,100.0,100.0,0.03,0.25,3,1.0,1.0,60.0,1660,67.0
452,326444735419880,9.040012618002947,target_lost_or_stale,106019,5632533592670,True,,12.882447665056361,13.332592460182301,0.0234375,-0.3541666666666667,4.832425634632481,-1.2836130591992527,106019,0.03189176501473412,12.882447665056361,13.332592460182301,0.0234375,-0.3541666666666667,0.0,-0.3241666666666667,4.832425634632481,-1.2836130591992527,tracking,True,,False,False,-10.0,0.0,-32.41666666666667,1500,1583,1638,1500,2000,2000,1000,1000,-10.0,5.0,15.0,20.0,100.0,100.0,0.03,0.25,3,1.0,1.0,60.0,1660,67.0
453,326444755401479,9.059994217008352,target_lost_or_stale,106020,5632572099325,True,,12.882447665056361,13.327440460322784,0.0234375,-0.35208333333333336,4.834294668560811,-1.276555935916839,106020,0.018392931029666215,12.882447665056361,13.327440460322784,0.0234375,-0.35208333333333336,0.0,-0.3220833333333334,4.834294668560811,-1.276555935916839,tracking,True,,False,False,-10.0,0.0,-32.208333333333336,1500,1583,1638,1500,2000,2000,1000,1000,-10.0,5.0,15.0,20.0,100.0,100.0,0.03,0.25,3,1.0,1.0,60.0,1660,67.0
454,326444775403450,9.079996187996585,target_lost_or_stale,106021,5632597776575,True,,12.882447665056361,13.337772847605436,0.0234375,-0.35625,4.830547759295653,-1.2906619794368075,106021,0.004943648003973067,12.882447665056361,13.337772847605436,0.0234375,-0.35625,0.0,-0.32625000000000004,4.830547759295653,-1.2906619794368075,tracking,True,,False,False,-10.0,0.0,-32.62500000000001,1500,1583,1638,1500,2000,2000,1000,1000,-10.0,5.0,15.0,20.0,100.0,100.0,0.03,0.25,3,1.0,1.0,60.0,1660,67.0
455,326444795397830,9.099990568007343,target_lost_or_stale,106021,5632597776575,True,,12.882447665056361,13.337772847605436,0.0234375,-0.35625,4.830547759295653,-1.2906619794368075,106021,0.024938028014730662,12.882447665056361,13.337772847605436,0.0234375,-0.35625,0.0,-0.32625000000000004,4.830547759295653,-1.2906619794368075,tracking,True,,False,False,-10.0,0.0,-32.62500000000001,1500,1583,1638,1500,2000,2000,1000,1000,-10.0,5.0,15.0,20.0,100.0,100.0,0.03,0.25,3,1.0,1.0,60.0,1660,67.0
456,326444815415788,9.120008525962476,target_lost_or_stale,106022,5632630726291,True,,12.882447665056361,13.353484003968815,0.0234375,-0.3625,4.8248614279882585,-1.3117592007343077,106022,0.011502827983349562,12.882447665056361,13.353484003968815,0.0234375,-0.3625,0.0,-0.3325,4.8248614279882585,-1.3117592007343077,tracking,True,,False,False,-10.0,0.0,-33.25,1500,1583,1637,1500,2000,2000,1000,1000,-10.0,5.0,15.0,20.0,100.0,100.0,0.03,0.25,3,1.0,1.0,60.0,1660,67.0
457,326444835401102,9.13999384001363,target_lost_or_stale,106022,5632630726291,True,,12.882447665056361,13.353484003968815,0.0234375,-0.3625,4.8248614279882585,-1.3117592007343077,106022,0.03148814203450456,12.882447665056361,13.353484003968815,0.0234375,-0.3625,0.0,-0.3325,4.8248614279882585,-1.3117592007343077,tracking,True,,False,False,-10.0,0.0,-33.25,1500,1583,1637,1500,2000,2000,1000,1000,-10.0,5.0,15.0,20.0,100.0,100.0,0.03,0.25,3,1.0,1.0,60.0,1660,67.0
458,326444855390423,9.159983160963748,target_lost_or_stale,106023,5632664630931,True,,12.670807453416149,13.165760869565217,0.0234375,-0.375,4.813254700769495,-1.3537278845914205,106023,0.018079880974255502,12.670807453416149,13.165760869565217,0.0234375,-0.375,0.0,-0.345,4.813254700769495,-1.3537278845914205,tracking,True,,False,False,-10.0,0.0,-34.5,1500,1583,1636,1500,2000,2000,1000,1000,-10.0,5.0,15.0,20.0,100.0,100.0,0.03,0.25,3,1.0,1.0,60.0,1660,67.0
459,326444875382542,9.179975280014332,target_lost_or_stale,106024,5632696650390,True,,12.670807453416149,13.209512020150887,0.0234375,-0.39166666666666666,4.79730467194884,-1.409208247384972,106024,0.004632349009625614,12.670807453416149,13.209512020150887,0.0234375,-0.39166666666666666,0.0,-0.3616666666666667,4.79730467194884,-1.409208247384972,tracking,True,,False,False,-10.0,0.0,-36.16666666666667,1500,1583,1634,1500,2000,2000,1000,1000,-10.0,5.0,15.0,20.0,100.0,100.0,0.03,0.25,3,1.0,1.0,60.0,1660,67.0
460,326444895413332,9.20000606996473,target_lost_or_stale,106024,5632696650390,True,,12.670807453416149,13.209512020150887,0.0234375,-0.39166666666666666,4.79730467194884,-1.409208247384972,106024,0.02466313896002248,12.670807453416149,13.209512020150887,0.0234375,-0.39166666666666666,0.0,-0.3616666666666667,4.79730467194884,-1.409208247384972,tracking,True,,False,False,-10.0,0.0,-36.16666666666667,1500,1583,1634,1500,2000,2000,1000,1000,-10.0,5.0,15.0,20.0,100.0,100.0,0.03,0.25,3,1.0,1.0,60.0,1660,67.0
461,326444915414500,9.22000723797828,target_lost_or_stale,106025,5632729740876,True,,12.670807453416149,13.255011430471207,0.0234375,-0.4083333333333333,4.7808290661522,-1.4641289015091112,106025,0.011206623981706798,12.670807453416149,13.255011430471207,0.0234375,-0.4083333333333333,0.0,-0.3783333333333333,4.7808290661522,-1.4641289015091112,tracking,True,,False,False,-10.0,0.0,-37.83333333333333,1500,1583,1632,1500,2000,2000,1000,1000,-10.0,5.0,15.0,20.0,100.0,100.0,0.03,0.25,3,1.0,1.0,60.0,1660,67.0
462,326444935392444,9.23998518200824,target_lost_or_stale,106025,5632729740876,True,,12.670807453416149,13.255011430471207,0.0234375,-0.4083333333333333,4.7808290661522,-1.4641289015091112,106025,0.03118456801166758,12.670807453416149,13.255011430471207,0.0234375,-0.4083333333333333,0.0,-0.3783333333333333,4.7808290661522,-1.4641289015091112,tracking,True,,False,False,-10.0,0.0,-37.83333333333333,1500,1583,1632,1500,2000,2000,1000,1000,-10.0,5.0,15.0,20.0,100.0,100.0,0.03,0.25,3,1.0,1.0,60.0,1660,67.0
463,326444955422019,9.260014756990131,target_lost_or_stale,106026,5632764580443,True,,12.670807453416149,13.31431681329629,0.0234375,-0.42916666666666664,4.759523403701058,-1.5319715955662783,106026,0.01777499500894919,12.670807453416149,13.31431681329629,0.0234375,-0.42916666666666664,0.0,-0.39916666666666667,4.759523403701058,-1.5319715955662783,tracking,True,,False,False,-10.0,0.0,-39.916666666666664,1500,1583,1630,1500,2000,2000,1000,1000,-10.0,5.0,15.0,20.0,100.0,100.0,0.03,0.25,3,1.0,1.0,60.0,1660,67.0
464,326444975436891,9.280029629007913,target_lost_or_stale,106027,5632796690822,True,,12.670807453416149,13.363683574750478,0.0234375,-0.44583333333333336,4.741932553124098,-1.5855836974508704,106027,0.004300812026485801,12.670807453416149,13.363683574750478,0.0234375,-0.44583333333333336,0.0,-0.4158333333333334,4.741932553124098,-1.5855836974508704,tracking,True,,False,False,-10.0,0.0,-41.583333333333336,1500,1583,1629,1500,2000,2000,1000,1000,-10.0,5.0,15.0,20.0,100.0,100.0,0.03,0.25,3,1.0,1.0,60.0,1660,67.0
465,326444995443253,9.300035991007462,target_lost_or_stale,106027,5632796690822,True,,12.670807453416149,13.363683574750478,0.0234375,-0.44583333333333336,4.741932553124098,-1.5855836974508704,106027,0.024307174026034772,12.670807453416149,13.363683574750478,0.0234375,-0.44583333333333336,0.0,-0.4158333333333334,4.741932553124098,-1.5855836974508704,tracking,True,,False,False,-10.0,0.0,-41.583333333333336,1500,1583,1629,1500,2000,2000,1000,1000,-10.0,5.0,15.0,20.0,100.0,100.0,0.03,0.25,3,1.0,1.0,60.0,1660,67.0
466,326445015485752,9.320078490010928,target_lost_or_stale,106028,5632836733509,True,,12.670807453416149,13.408718311692803,0.025,-0.46041666666666664,4.726158177442095,-1.6320014956479734,106028,0.010775069997180253,12.670807453416149,13.408718311692803,0.025,-0.46041666666666664,0.0,-0.43041666666666667,4.726158177442095,-1.6320014956479734,tracking,True,,False,False,-10.0,0.0,-43.041666666666664,1500,1583,1627,1500,2000,2000,1000,1000,-10.0,5.0,15.0,20.0,100.0,100.0,0.03,0.25,3,1.0,1.0,60.0,1660,67.0
467,326445035391203,9.339983940997627,target_lost_or_stale,106028,5632836733509,True,,12.670807453416149,13.408718311692803,0.025,-0.46041666666666664,4.726158177442095,-1.6320014956479734,106028,0.030680520983878523,12.670807453416149,13.408718311692803,0.025,-0.46041666666666664,0.0,-0.43041666666666667,4.726158177442095,-1.6320014956479734,tracking,True,,False,False,-10.0,0.0,-43.041666666666664,1500,1583,1627,1500,2000,2000,1000,1000,-10.0,5.0,15.0,20.0,100.0,100.0,0.03,0.25,3,1.0,1.0,60.0,1660,67.0
468,326445055397461,9.359990198980086,target_lost_or_stale,106029,5632874529037,True,,12.670807453416149,13.44794898664146,0.025,-0.47291666666666665,4.712363251663178,-1.6714163408242837,106029,0.017274983983952552,12.670807453416149,13.44794898664146,0.025,-0.47291666666666665,0.0,-0.4429166666666666,4.712363251663178,-1.6714163408242837,tracking,True,,False,False,-10.0,0.0,-44.291666666666664,1500,1583,1626,1500,2000,2000,1000,1000,-10.0,5.0,15.0,20.0,100.0,100.0,0.03,0.25,3,1.0,1.0,60.0,1660,67.0
469,326445075385795,9.379978532961104,target_lost_or_stale,106030,5632903113270,True,,12.183908045977013,12.943960418770839,0.025,-0.47708333333333336,4.707710203423333,-1.684477557162411,106030,0.003856524999719113,12.183908045977013,12.943960418770839,0.025,-0.47708333333333336,0.0,-0.4470833333333334,4.707710203423333,-1.684477557162411,tracking,True,,False,False,-10.0,0.0,-44.708333333333336,1500,1583,1625,1500,2000,2000,1000,1000,-10.0,5.0,15.0,20.0,100.0,100.0,0.03,0.25,3,1.0,1.0,60.0,1660,67.0
470,326445095386638,9.399979376001284,target_lost_or_stale,106030,5632903113270,True,,12.183908045977013,12.943960418770839,0.025,-0.47708333333333336,4.707710203423333,-1.684477557162411,106030,0.023857368039898574,12.183908045977013,12.943960418770839,0.025,-0.47708333333333336,0.0,-0.4470833333333334,4.707710203423333,-1.684477557162411,tracking,True,,False,False,-10.0,0.0,-44.708333333333336,1500,1583,1625,1500,2000,2000,1000,1000,-10.0,5.0,15.0,20.0,100.0,100.0,0.03,0.25,3,1.0,1.0,60.0,1660,67.0
471,326445115390788,9.419983525993302,target_lost_or_stale,106031,5632937745595,True,,12.183908045977013,12.943960418770839,0.025,-0.47708333333333336,4.707710203423333,-1.684477557162411,106031,0.01040298503357917,12.183908045977013,12.943960418770839,0.025,-0.47708333333333336,0.0,-0.4470833333333334,4.707710203423333,-1.684477557162411,tracking,True,,False,False,-10.0,0.0,-44.708333333333336,1500,1583,1625,1500,2000,2000,1000,1000,-10.0,5.0,15.0,20.0,100.0,100.0,0.03,0.25,3,1.0,1.0,60.0,1660,67.0
472,326445135386698,9.439979435992427,target_lost_or_stale,106031,5632937745595,True,,12.183908045977013,12.943960418770839,0.025,-0.47708333333333336,4.707710203423333,-1.684477557162411,106031,0.030398895032703876,12.183908045977013,12.943960418770839,0.025,-0.47708333333333336,0.0,-0.4470833333333334,4.707710203423333,-1.684477557162411,tracking,True,,False,False,-10.0,0.0,-44.708333333333336,1500,1583,1625,1500,2000,2000,1000,1000,-10.0,5.0,15.0,20.0,100.0,100.0,0.03,0.25,3,1.0,1.0,60.0,1660,67.0
473,326445155401371,9.459994108998217,target_lost_or_stale,106032,5632970909292,True,,12.183908045977013,12.931186466420057,0.025,-0.47291666666666665,4.712363251663178,-1.6714163408242835,106032,0.01698400202440098,12.183908045977013,12.931186466420057,0.025,-0.47291666666666665,0.0,-0.4429166666666666,4.712363251663178,-1.6714163408242835,tracking,True,,False,False,-10.0,0.0,-44.291666666666664,1500,1583,1626,1500,2000,2000,1000,1000,-10.0,5.0,15.0,20.0,100.0,100.0,0.03,0.25,3,1.0,1.0,60.0,1660,67.0
474,326445175473414,9.480066151998471,target_lost_or_stale,106033,5633004079378,True,,12.183908045977013,12.905937615881337,0.025,-0.46458333333333335,4.721587533296679,-1.6451781561330618,106033,0.0035413959994912148,12.183908045977013,12.905937615881337,0.025,-0.46458333333333335,0.0,-0.4345833333333333,4.721587533296679,-1.6451781561330618,tracking,True,,False,False,-10.0,0.0,-43.45833333333333,1500,1583,1627,1500,2000,2000,1000,1000,-10.0,5.0,15.0,20.0,100.0,100.0,0.03,0.25,3,1.0,1.0,60.0,1660,67.0
475,326445195366176,9.499958914006129,target_lost_or_stale,106033,5633004079378,True,,12.183908045977013,12.905937615881337,0.025,-0.46458333333333335,4.721587533296679,-1.6451781561330618,106033,0.023434158007148653,12.183908045977013,12.905937615881337,0.025,-0.46458333333333335,0.0,-0.4345833333333333,4.721587533296679,-1.6451781561330618,tracking,True,,False,False,-10.0,0.0,-43.45833333333333,1500,1583,1627,1500,2000,2000,1000,1000,-10.0,5.0,15.0,20.0,100.0,100.0,0.03,0.25,3,1.0,1.0,60.0,1660,67.0
476,326445215394901,9.519987638981547,target_lost_or_stale,106034,5633037613845,True,,12.183908045977013,12.881089454338078,0.025,-0.45625,4.730700764570263,-1.6187866678763871,106034,0.010030567995272577,12.183908045977013,12.881089454338078,0.025,-0.45625,0.0,-0.42625,4.730700764570263,-1.6187866678763871,tracking,True,,False,False,-10.0,0.0,-42.625,1500,1583,1628,1500,2000,2000,1000,1000,-10.0,5.0,15.0,20.0,100.0,100.0,0.03,0.25,3,1.0,1.0,60.0,1660,67.0
477,326445235387574,9.53998031199444,target_lost_or_stale,106034,5633037613845,True,,12.183908045977013,12.881089454338078,0.025,-0.45625,4.730700764570263,-1.6187866678763871,106034,0.030023241008166224,12.183908045977013,12.881089454338078,0.025,-0.45625,0.0,-0.42625,4.730700764570263,-1.6187866678763871,tracking,True,,False,False,-10.0,0.0,-42.625,1500,1583,1628,1500,2000,2000,1000,1000,-10.0,5.0,15.0,20.0,100.0,100.0,0.03,0.25,3,1.0,1.0,60.0,1660,67.0
478,326445255390879,9.559983616985846,target_lost_or_stale,106035,5633072369367,True,,12.183908045977013,12.844573580514899,0.025,-0.44375,4.744157243531767,-1.5789148326129157,106035,0.0165387750021182,12.183908045977013,12.844573580514899,0.025,-0.44375,0.0,-0.41374999999999995,4.744157243531767,-1.5789148326129157,tracking,True,,False,False,-10.0,0.0,-41.37499999999999,1500,1583,1629,1500,2000,2000,1000,1000,-10.0,5.0,15.0,20.0,100.0,100.0,0.03,0.25,3,1.0,1.0,60.0,1660,67.0
479,326445275408113,9.5800008510123,target_lost_or_stale,106036,5633101110298,True,,12.183908045977013,12.808972234618793,0.025,-0.43125,4.757350637329136,-1.5387055967611425,106036,0.0030575700220651925,12.183908045977013,12.808972234618793,0.025,-0.43125,0.0,-0.40125,4.757350637329136,-1.5387055967611425,tracking,True,,False,False,-10.0,0.0,-40.125,1500,1583,1630,1500,2000,2000,1000,1000,-10.0,5.0,15.0,20.0,100.0,100.0,0.03,0.25,3,1.0,1.0,60.0,1660,67.0
480,326445295388822,9.599981559964363,target_lost_or_stale,106036,5633101110298,True,,12.183908045977013,12.808972234618793,0.025,-0.43125,4.757350637329136,-1.5387055967611425,106036,0.023038278974127024,12.183908045977013,12.808972234618793,0.025,-0.43125,0.0,-0.40125,4.757350637329136,-1.5387055967611425,tracking,True,,False,False,-10.0,0.0,-40.125,1500,1583,1630,1500,2000,2000,1000,1000,-10.0,5.0,15.0,20.0,100.0,100.0,0.03,0.25,3,1.0,1.0,60.0,1660,67.0
481,326445315425845,9.620018582965713,target_lost_or_stale,106037,5633135368621,True,,12.183908045977013,12.785749855704463,0.025,-0.42291666666666666,4.765996174730159,-1.511714411672222,106037,0.009662596974521875,12.183908045977013,12.785749855704463,0.025,-0.42291666666666666,0.0,-0.3929166666666667,4.765996174730159,-1.511714411672222,tracking,True,,False,False,-10.0,0.0,-39.29166666666667,1500,1583,1631,1500,2000,2000,1000,1000,-10.0,5.0,15.0,20.0,100.0,100.0,0.03,0.25,3,1.0,1.0,60.0,1660,67.0
482,326445335391808,9.639984545996413,target_lost_or_stale,106037,5633135368621,True,,12.183908045977013,12.785749855704463,0.025,-0.42291666666666666,4.765996174730159,-1.511714411672222,106037,0.029628560005221516,12.183908045977013,12.785749855704463,0.025,-0.42291666666666666,0.0,-0.3929166666666667,4.765996174730159,-1.511714411672222,tracking,True,,False,False,-10.0,0.0,-39.29166666666667,1500,1583,1631,1500,2000,2000,1000,1000,-10.0,5.0,15.0,20.0,100.0,100.0,0.03,0.25,3,1.0,1.0,60.0,1660,67.0
483,326445355389930,9.659982668003067,target_lost_or_stale,106038,5633164430897,True,,12.183908045977013,12.774293062889278,0.025,-0.41875,4.770273051699105,-1.4981638802992503,106038,0.016184758045710623,12.183908045977013,12.774293062889278,0.025,-0.41875,0.0,-0.38875000000000004,4.770273051699105,-1.4981638802992503,tracking,True,,False,False,-10.0,0.0,-38.87500000000001,1500,1583,1631,1500,2000,2000,1000,1000,-10.0,5.0,15.0,20.0,100.0,100.0,0.03,0.25,3,1.0,1.0,60.0,1660,67.0
484,326445375385620,9.679978357977234,target_lost_or_stale,106039,5633197395021,True,,12.183908045977013,12.768603387268145,0.025,-0.4166666666666667,4.772399890175149,-1.491374965679734,106039,0.0026845239917747676,12.183908045977013,12.768603387268145,0.025,-0.4166666666666667,0.0,-0.3866666666666667,4.772399890175149,-1.491374965679734,tracking,True,,False,False,-10.0,0.0,-38.66666666666667,1500,1583,1632,1500,2000,2000,1000,1000,-10.0,5.0,15.0,20.0,100.0,100.0,0.03,0.25,3,1.0,1.0,60.0,1660,67.0
485,326445395405137,9.699997874966357,target_lost_or_stale,106039,5633197395021,True,,12.183908045977013,12.768603387268145,0.025,-0.4166666666666667,4.772399890175149,-1.491374965679734,106039,0.022704040980897844,12.183908045977013,12.768603387268145,0.025,-0.4166666666666667,0.0,-0.3866666666666667,4.772399890175149,-1.491374965679734,tracking,True,,False,False,-10.0,0.0,-38.66666666666667,1500,1583,1632,1500,2000,2000,1000,1000,-10.0,5.0,15.0,20.0,100.0,100.0,0.03,0.25,3,1.0,1.0,60.0,1660,67.0
486,326445415417930,9.720010667981114,target_lost_or_stale,106040,5633230309873,True,,12.183908045977013,12.780008563912553,0.025,-0.42083333333333334,4.768138467798045,-1.504943703898758,106040,0.009310220018960536,12.183908045977013,12.780008563912553,0.025,-0.42083333333333334,0.0,-0.39083333333333337,4.768138467798045,-1.504943703898758,tracking,True,,False,False,-10.0,0.0,-39.083333333333336,1500,1583,1631,1500,2000,2000,1000,1000,-10.0,5.0,15.0,20.0,100.0,100.0,0.03,0.25,3,1.0,1.0,60.0,1660,67.0
487,326445435377691,9.739970428985544,target_lost_or_stale,106040,5633230309873,True,,12.183908045977013,12.780008563912553,0.025,-0.42083333333333334,4.768138467798045,-1.504943703898758,106040,0.029269981023389846,12.183908045977013,12.780008563912553,0.025,-0.42083333333333334,0.0,-0.39083333333333337,4.768138467798045,-1.504943703898758,tracking,True,,False,False,-10.0,0.0,-39.083333333333336,1500,1583,1631,1500,2000,2000,1000,1000,-10.0,5.0,15.0,20.0,100.0,100.0,0.03,0.25,3,1.0,1.0,60.0,1660,67.0
488,326445455389652,9.759982389979996,target_lost_or_stale,106041,5633263632084,True,,12.0,12.610333374360092,0.0265625,-0.42916666666666664,4.759523403701059,-1.5319715955662783,106041,0.01584201998775825,12.0,12.610333374360092,0.0265625,-0.42916666666666664,0.0,-0.39916666666666667,4.759523403701059,-1.5319715955662783,tracking,True,,False,False,-10.0,0.0,-39.916666666666664,1500,1583,1630,1500,2000,2000,1000,1000,-10.0,5.0,15.0,20.0,100.0,100.0,0.03,0.25,3,1.0,1.0,60.0,1660,67.0
489,326445475394726,9.779987463960424,target_lost_or_stale,106042,5633296223450,True,,12.0,12.645245215593883,0.0265625,-0.44166666666666665,4.746374625946701,-1.572236594844845,106042,0.0023274639970622957,12.0,12.645245215593883,0.0265625,-0.44166666666666665,0.0,-0.4116666666666666,4.746374625946701,-1.572236594844845,tracking,True,,False,False,-10.0,0.0,-41.166666666666664,1500,1583,1629,1500,2000,2000,1000,1000,-10.0,5.0,15.0,20.0,100.0,100.0,0.03,0.25,3,1.0,1.0,60.0,1660,67.0
490,326445495401268,9.799994005996268,target_lost_or_stale,106042,5633296223450,True,,12.0,12.645245215593883,0.0265625,-0.44166666666666665,4.746374625946701,-1.572236594844845,106042,0.022334006032906473,12.0,12.645245215593883,0.0265625,-0.44166666666666665,0.0,-0.4116666666666666,4.746374625946701,-1.572236594844845,tracking,True,,False,False,-10.0,0.0,-41.166666666666664,1500,1583,1629,1500,2000,2000,1000,1000,-10.0,5.0,15.0,20.0,100.0,100.0,0.03,0.25,3,1.0,1.0,60.0,1660,67.0
491,326445515409557,9.820002294960432,target_lost_or_stale,106043,5633329230406,True,,11.917241379310346,12.599617796139654,0.0265625,-0.45625,4.730700764570263,-1.6187866678763865,106043,0.008965743996668607,11.917241379310346,12.599617796139654,0.0265625,-0.45625,0.0,-0.42625,4.730700764570263,-1.6187866678763865,tracking,True,,False,False,-10.0,0.0,-42.625,1500,1583,1628,1500,2000,2000,1000,1000,-10.0,5.0,15.0,20.0,100.0,100.0,0.03,0.25,3,1.0,1.0,60.0,1660,67.0
492,326445535393607,9.839986344974022,target_lost_or_stale,106043,5633329230406,True,,11.917241379310346,12.599617796139654,0.0265625,-0.45625,4.730700764570263,-1.6187866678763865,106043,0.02894979401025921,11.917241379310346,12.599617796139654,0.0265625,-0.45625,0.0,-0.42625,4.730700764570263,-1.6187866678763865,tracking,True,,False,False,-10.0,0.0,-42.625,1500,1583,1628,1500,2000,2000,1000,1000,-10.0,5.0,15.0,20.0,100.0,100.0,0.03,0.25,3,1.0,1.0,60.0,1660,67.0
493,326445555395775,9.859988512995187,target_lost_or_stale,106044,5633362362230,True,,11.733333333333334,12.459560474680567,0.0265625,-0.475,4.7100401057942785,-1.6779517876892118,106044,0.015432894986588508,11.733333333333334,12.459560474680567,0.0265625,-0.475,0.0,-0.44499999999999995,4.7100401057942785,-1.6779517876892118,tracking,True,,False,False,-10.0,0.0,-44.49999999999999,1500,1583,1626,1500,2000,2000,1000,1000,-10.0,5.0,15.0,20.0,100.0,100.0,0.03,0.25,3,1.0,1.0,60.0,1660,67.0
494,326445575428016,9.880020754004363,target_lost_or_stale,106045,5633395233822,True,,11.733333333333334,12.50952803532838,0.0265625,-0.49166666666666664,4.691214800393215,-1.7298854576449982,106045,0.0020524500287137926,11.733333333333334,12.50952803532838,0.0265625,-0.49166666666666664,0.0,-0.46166666666666667,4.691214800393215,-1.7298854576449982,tracking,True,,False,False,-10.0,0.0,-46.166666666666664,1500,1583,1624,1500,2000,2000,1000,1000,-10.0,5.0,15.0,20.0,100.0,100.0,0.03,0.25,3,1.0,1.0,60.0,1660,67.0
495,326445595390944,9.899983681971207,target_lost_or_stale,106045,5633395233822,True,,11.733333333333334,12.50952803532838,0.0265625,-0.49166666666666664,4.691214800393215,-1.7298854576449982,106045,0.022015377995558083,11.733333333333334,12.50952803532838,0.0265625,-0.49166666666666664,0.0,-0.46166666666666667,4.691214800393215,-1.7298854576449982,tracking,True,,False,False,-10.0,0.0,-46.166666666666664,1500,1583,1624,1500,2000,2000,1000,1000,-10.0,5.0,15.0,20.0,100.0,100.0,0.03,0.25,3,1.0,1.0,60.0,1660,67.0
496,326445615395183,9.91998792096274,target_lost_or_stale,106046,5633429021454,True,,11.733333333333334,12.54799818032077,0.0265625,-0.5041666666666667,4.676823397997872,-1.768423847367945,106046,0.00856416195165366,11.733333333333334,12.54799818032077,0.0265625,-0.5041666666666667,0.0,-0.4741666666666666,4.676823397997872,-1.768423847367945,tracking,True,,False,False,-10.0,0.0,-47.416666666666664,1500,1583,1623,1500,2000,2000,1000,1000,-10.0,5.0,15.0,20.0,100.0,100.0,0.03,0.25,3,1.0,1.0,60.0,1660,67.0
497,326445635383325,9.939976062974893,target_lost_or_stale,106046,5633429021454,True,,11.733333333333334,12.54799818032077,0.0265625,-0.5041666666666667,4.676823397997872,-1.768423847367945,106046,0.02855230396380648,11.733333333333334,12.54799818032077,0.0265625,-0.5041666666666667,0.0,-0.4741666666666666,4.676823397997872,-1.768423847367945,tracking,True,,False,False,-10.0,0.0,-47.416666666666664,1500,1583,1623,1500,2000,2000,1000,1000,-10.0,5.0,15.0,20.0,100.0,100.0,0.03,0.25,3,1.0,1.0,60.0,1660,67.0
498,326445655391434,9.959984171960969,target_lost_or_stale,106047,5633461274834,True,,11.733333333333334,12.587312064138239,0.0265625,-0.5166666666666667,4.6622073259180326,-1.8066053387932375,106047,0.015116089954972267,11.733333333333334,12.587312064138239,0.0265625,-0.5166666666666667,0.0,-0.4866666666666667,4.6622073259180326,-1.8066053387932375,tracking,True,,False,False,-10.0,0.0,-48.66666666666667,1500,1583,1622,1500,2000,2000,1000,1000,-10.0,5.0,15.0,20.0,100.0,100.0,0.03,0.25,3,1.0,1.0,60.0,1660,67.0
499,326445675428325,9.980021063005552,target_lost_or_stale,106048,5633494139053,True,,11.733333333333334,12.613986174965559,0.0265625,-0.525,4.652342380742262,-1.8318598124172656,106048,0.0016805750201456249,11.733333333333334,12.613986174965559,0.0265625,-0.525,0.0,-0.495,4.652342380742262,-1.8318598124172656,tracking,True,,False,False,-10.0,0.0,-49.5,1500,1583,1621,1500,2000,2000,1000,1000,-10.0,5.0,15.0,20.0,100.0,100.0,0.03,0.25,3,1.0,1.0,60.0,1660,67.0
500,326445695424444,10.000017181970179,target_lost_or_stale,106048,5633494139053,True,,11.733333333333334,12.613986174965559,0.0265625,-0.525,4.652342380742262,-1.8318598124172656,106048,0.02167669398477301,11.733333333333334,12.613986174965559,0.0265625,-0.525,0.0,-0.495,4.652342380742262,-1.8318598124172656,tracking,True,,False,False,-10.0,0.0,-49.5,1500,1583,1621,1500,2000,2000,1000,1000,-10.0,5.0,15.0,20.0,100.0,100.0,0.03,0.25,3,1.0,1.0,60.0,1660,67.0
501,326445715409739,10.020002476987429,target_lost_or_stale,106049,5633527288632,True,,11.733333333333334,12.62071247328507,0.0265625,-0.5270833333333333,4.6498613684251735,-1.8381483222055763,106049,0.008195277012418956,11.733333333333334,12.62071247328507,0.0265625,-0.5270833333333333,0.0,-0.4970833333333333,4.6498613684251735,-1.8381483222055763,tracking,True,,False,False,-10.0,0.0,-49.70833333333333,1500,1583,1620,1500,2000,2000,1000,1000,-10.0,5.0,15.0,20.0,100.0,100.0,0.03,0.25,3,1.0,1.0,60.0,1660,67.0
502,326445735394452,10.039987189986277,target_lost_or_stale,106049,5633527288632,True,,11.733333333333334,12.62071247328507,0.0265625,-0.5270833333333333,4.6498613684251735,-1.8381483222055763,106049,0.028179990011267364,11.733333333333334,12.62071247328507,0.0265625,-0.5270833333333333,0.0,-0.4970833333333333,4.6498613684251735,-1.8381483222055763,tracking,True,,False,False,-10.0,0.0,-49.70833333333333,1500,1583,1620,1500,2000,2000,1000,1000,-10.0,5.0,15.0,20.0,100.0,100.0,0.03,0.25,3,1.0,1.0,60.0,1660,67.0
503,326445755379841,10.0599725790089,target_lost_or_stale,106050,5633560576507,True,,11.733333333333334,12.614452469731342,0.028125,-0.525,4.652342380742262,-1.8318598124172656,106050,0.014741159044206142,11.733333333333334,12.614452469731342,0.028125,-0.525,0.0,-0.495,4.652342380742262,-1.8318598124172656,tracking,True,,False,False,-10.0,0.0,-49.5,1500,1583,1621,1500,2000,2000,1000,1000,-10.0,5.0,15.0,20.0,100.0,100.0,0.03,0.25,3,1.0,1.0,60.0,1660,67.0
504,326445775399267,10.079992004961241,target_lost_or_stale,106051,5633593278091,True,,11.561290322580646,12.40974408192934,0.028125,-0.51875,4.659750028498863,-1.8129339954628385,106051,0.001307896978687495,11.561290322580646,12.40974408192934,0.028125,-0.51875,0.0,-0.48875,4.659750028498863,-1.8129339954628385,tracking,True,,False,False,-10.0,0.0,-48.875,1500,1583,1621,1500,2000,2000,1000,1000,-10.0,5.0,15.0,20.0,100.0,100.0,0.03,0.25,3,1.0,1.0,60.0,1660,67.0
505,326445795351892,10.09994462999748,target_lost_or_stale,106051,5633593278091,True,,11.561290322580646,12.40974408192934,0.028125,-0.51875,4.659750028498863,-1.8129339954628385,106051,0.02126052201492712,11.561290322580646,12.40974408192934,0.028125,-0.51875,0.0,-0.48875,4.659750028498863,-1.8129339954628385,tracking,True,,False,False,-10.0,0.0,-48.875,1500,1583,1621,1500,2000,2000,1000,1000,-10.0,5.0,15.0,20.0,100.0,100.0,0.03,0.25,3,1.0,1.0,60.0,1660,67.0
506,326445815411569,10.120004307013005,target_lost_or_stale,106052,5633626230894,True,,11.487179487179487,12.291569835475912,0.028125,-0.50625,4.674402773499133,-1.774812303062952,106052,0.007875353039707989,11.487179487179487,12.291569835475912,0.028125,-0.50625,0.0,-0.47624999999999995,4.674402773499133,-1.774812303062952,tracking,True,,False,False,-10.0,0.0,-47.62499999999999,1500,1583,1623,1500,2000,2000,1000,1000,-10.0,5.0,15.0,20.0,100.0,100.0,0.03,0.25,3,1.0,1.0,60.0,1660,67.0
507,326445835393542,10.139986280002631,target_lost_or_stale,106052,5633626230894,True,,11.487179487179487,12.291569835475912,0.028125,-0.50625,4.674402773499133,-1.774812303062952,106052,0.027857326029334217,11.487179487179487,12.291569835475912,0.028125,-0.50625,0.0,-0.47624999999999995,4.674402773499133,-1.774812303062952,tracking,True,,False,False,-10.0,0.0,-47.62499999999999,1500,1583,1623,1500,2000,2000,1000,1000,-10.0,5.0,15.0,20.0,100.0,100.0,0.03,0.25,3,1.0,1.0,60.0,1660,67.0
508,326445855392549,10.159985286998563,target_lost_or_stale,106053,5633659320297,True,,11.3151364764268,12.070245761032142,0.028125,-0.49375,4.688832172700982,-1.7363331639533326,106053,0.01431557402247563,11.3151364764268,12.070245761032142,0.028125,-0.49375,0.0,-0.46375,4.688832172700982,-1.7363331639533326,tracking,True,,False,False,-10.0,0.0,-46.375,1500,1583,1624,1500,2000,2000,1000,1000,-10.0,5.0,15.0,20.0,100.0,100.0,0.03,0.25,3,1.0,1.0,60.0,1660,67.0
509,326445875404440,10.179997177969199,target_lost_or_stale,106054,5633692375294,True,,11.3151364764268,12.033831941973467,0.028125,-0.48125,4.703030276578457,-1.6974999904525367,106054,0.0009564699721522629,11.3151364764268,12.033831941973467,0.028125,-0.48125,0.0,-0.45125000000000004,4.703030276578457,-1.6974999904525367,tracking,True,,False,False,-10.0,0.0,-45.12500000000001,1500,1583,1625,1500,2000,2000,1000,1000,-10.0,5.0,15.0,20.0,100.0,100.0,0.03,0.25,3,1.0,1.0,60.0,1660,67.0
510,326445895390622,10.199983360012993,target_lost_or_stale,106054,5633692375294,True,,11.3151364764268,12.033831941973467,0.028125,-0.48125,4.703030276578457,-1.6974999904525367,106054,0.020942652015946805,11.3151364764268,12.033831941973467,0.028125,-0.48125,0.0,-0.45125000000000004,4.703030276578457,-1.6974999904525367,tracking,True,,False,False,-10.0,0.0,-45.12500000000001,1500,1583,1625,1500,2000,2000,1000,1000,-10.0,5.0,15.0,20.0,100.0,100.0,0.03,0.25,3,1.0,1.0,60.0,1660,67.0
511,326445915401811,10.219994548999239,target_lost_or_stale,106055,5633725404683,True,,11.3151364764268,11.998245511895119,0.028125,-0.46875,4.71698912651768,-1.6583164897913718,106055,0.007475336024072021,11.3151364764268,11.998245511895119,0.028125,-0.46875,0.0,-0.43875,4.71698912651768,-1.6583164897913718,tracking,True,,False,False,-10.0,0.0,-43.875,1500,1583,1626,1500,2000,2000,1000,1000,-10.0,5.0,15.0,20.0,100.0,100.0,0.03,0.25,3,1.0,1.0,60.0,1660,67.0
512,326445935383532,10.239976270007901,target_lost_or_stale,106055,5633725404683,True,,11.3151364764268,11.998245511895119,0.028125,-0.46875,4.71698912651768,-1.6583164897913718,106055,0.027457057032734156,11.3151364764268,11.998245511895119,0.028125,-0.46875,0.0,-0.43875,4.71698912651768,-1.6583164897913718,tracking,True,,False,False,-10.0,0.0,-43.875,1500,1583,1626,1500,2000,2000,1000,1000,-10.0,5.0,15.0,20.0,100.0,100.0,0.03,0.25,3,1.0,1.0,60.0,1660,67.0
513,326445955349717,10.259942454984412,target_lost_or_stale,106056,5633758402695,True,,11.3151364764268,11.974984535412073,0.028125,-0.46041666666666664,4.726158177442095,-1.6320014956479731,106056,0.013957437011413276,11.3151364764268,11.974984535412073,0.028125,-0.46041666666666664,0.0,-0.43041666666666667,4.726158177442095,-1.6320014956479731,tracking,True,,False,False,-10.0,0.0,-43.041666666666664,1500,1583,1627,1500,2000,2000,1000,1000,-10.0,5.0,15.0,20.0,100.0,100.0,0.03,0.25,3,1.0,1.0,60.0,1660,67.0
514,326445975421074,10.280013812007383,target_lost_or_stale,106058,5633824115198,True,,11.3151364764268,11.95209673686989,0.028125,-0.45208333333333334,4.7352150005147005,-1.6055338361120155,106058,0.0005880389944650233,11.3151364764268,11.95209673686989,0.028125,-0.45208333333333334,0.0,-0.42208333333333337,4.7352150005147005,-1.6055338361120155,tracking,True,,False,False,-10.0,0.0,-42.208333333333336,1500,1583,1628,1500,2000,2000,1000,1000,-10.0,5.0,15.0,20.0,100.0,100.0,0.03,0.25,3,1.0,1.0,60.0,1660,67.0
515,326445995409033,10.30000177101465,target_lost_or_stale,106058,5633824115198,True,,11.3151364764268,11.95209673686989,0.028125,-0.45208333333333334,4.7352150005147005,-1.6055338361120155,106058,0.020575998001731932,11.3151364764268,11.95209673686989,0.028125,-0.45208333333333334,0.0,-0.42208333333333337,4.7352150005147005,-1.6055338361120155,tracking,True,,False,False,-10.0,0.0,-42.208333333333336,1500,1583,1628,1500,2000,2000,1000,1000,-10.0,5.0,15.0,20.0,100.0,100.0,0.03,0.25,3,1.0,1.0,60.0,1660,67.0
516,326446015408585,10.32000132300891,target_lost_or_stale,106059,5633857271867,True,,11.3151364764268,11.95826716726687,0.0296875,-0.45416666666666666,4.732961444816191,-1.6121649921405155,106059,0.007085430028382689,11.3151364764268,11.95826716726687,0.0296875,-0.45416666666666666,0.0,-0.4241666666666667,4.732961444816191,-1.6121649921405155,tracking,True,,False,False,-10.0,0.0,-42.41666666666667,1500,1583,1628,1500,2000,2000,1000,1000,-10.0,5.0,15.0,20.0,100.0,100.0,0.03,0.25,3,1.0,1.0,60.0,1660,67.0
517,326446035381323,10.339974061003886,target_lost_or_stale,106059,5633857271867,True,,11.3151364764268,11.95826716726687,0.0296875,-0.45416666666666666,4.732961444816191,-1.6121649921405155,106059,0.02705816802335903,11.3151364764268,11.95826716726687,0.0296875,-0.45416666666666666,0.0,-0.4241666666666667,4.732961444816191,-1.6121649921405155,tracking,True,,False,False,-10.0,0.0,-42.41666666666667,1500,1583,1628,1500,2000,2000,1000,1000,-10.0,5.0,15.0,20.0,100.0,100.0,0.03,0.25,3,1.0,1.0,60.0,1660,67.0
518,326446055382705,10.359975442988798,target_lost_or_stale,106060,5633890120475,True,,11.3151364764268,11.975467424793932,0.0296875,-0.46041666666666664,4.726158177442095,-1.6320014956479731,106060,0.013655723014380783,11.3151364764268,11.975467424793932,0.0296875,-0.46041666666666664,0.0,-0.43041666666666667,4.726158177442095,-1.6320014956479731,tracking,True,,False,False,-10.0,0.0,-43.041666666666664,1500,1583,1627,1500,2000,2000,1000,1000,-10.0,5.0,15.0,20.0,100.0,100.0,0.03,0.25,3,1.0,1.0,60.0,1660,67.0
519,326446075378688,10.37997142598033,target_lost_or_stale,106061,5633923327150,True,,11.4,12.094635033023165,0.0296875,-0.4708333333333333,4.714679604184334,-1.6648712352275927,106061,0.00019283097935840487,11.4,12.094635033023165,0.0296875,-0.4708333333333333,0.0,-0.4408333333333333,4.714679604184334,-1.6648712352275927,tracking,True,,False,False,-10.0,0.0,-44.08333333333333,1500,1583,1626,1500,2000,2000,1000,1000,-10.0,5.0,15.0,20.0,100.0,100.0,0.03,0.25,3,1.0,1.0,60.0,1660,67.0
520,326446095408011,10.400000748981256,target_lost_or_stale,106061,5633923327150,True,,11.4,12.094635033023165,0.0296875,-0.4708333333333333,4.714679604184334,-1.6648712352275927,106061,0.02022215398028493,11.4,12.094635033023165,0.0296875,-0.4708333333333333,0.0,-0.4408333333333333,4.714679604184334,-1.6648712352275927,tracking,True,,False,False,-10.0,0.0,-44.08333333333333,1500,1583,1626,1500,2000,2000,1000,1000,-10.0,5.0,15.0,20.0,100.0,100.0,0.03,0.25,3,1.0,1.0,60.0,1660,67.0
521,326446115398931,10.419991669012234,target_lost_or_stale,106062,5633956183487,True,,11.4,12.131136398231618,0.03125,-0.48333333333333334,4.700680325812414,-1.7039966181070003,106062,0.006793442007619888,11.4,12.131136398231618,0.03125,-0.48333333333333334,0.0012500000000000011,-0.45333333333333337,4.700680325812414,-1.7039966181070003,tracking,True,,False,False,-10.0,0.018750000000000017,-45.333333333333336,1500,1583,1625,1500,2000,2000,1000,1000,-10.0,5.0,15.0,20.0,100.0,100.0,0.03,0.25,3,1.0,1.0,60.0,1660,67.0
522,326446135396852,10.439989589969628,target_lost_or_stale,106062,5633956183487,True,,11.4,12.131136398231618,0.03125,-0.48333333333333334,4.700680325812414,-1.7039966181070003,106062,0.026791362965013832,11.4,12.131136398231618,0.03125,-0.48333333333333334,0.0012500000000000011,-0.45333333333333337,4.700680325812414,-1.7039966181070003,tracking,True,,False,False,-10.0,0.018750000000000017,-45.333333333333336,1500,1583,1625,1500,2000,2000,1000,1000,-10.0,5.0,15.0,20.0,100.0,100.0,0.03,0.25,3,1.0,1.0,60.0,1660,67.0
523,326446155394270,10.459987008012831,target_lost_or_stale,106063,5633989227455,True,,11.4,12.180416210561114,0.03125,-0.5,4.681645887845223,-1.7556172079419583,106063,0.013308874040376395,11.4,12.180416210561114,0.03125,-0.5,0.0012500000000000011,-0.47,4.681645887845223,-1.7556172079419583,tracking,True,,False,False,-10.0,0.018750000000000017,-47.0,1500,1583,1623,1500,2000,2000,1000,1000,-10.0,5.0,15.0,20.0,100.0,100.0,0.03,0.25,3,1.0,1.0,60.0,1660,67.0
524,326446175402504,10.479995241970755,target_lost_or_stale,106063,5633989227455,True,,11.4,12.180416210561114,0.03125,-0.5,4.681645887845223,-1.7556172079419583,106063,0.033317107998300344,11.4,12.180416210561114,0.03125,-0.5,0.0012500000000000011,-0.47,4.681645887845223,-1.7556172079419583,tracking,True,,False,False,-10.0,0.018750000000000017,-47.0,1500,1583,1623,1500,2000,2000,1000,1000,-10.0,5.0,15.0,20.0,100.0,100.0,0.03,0.25,3,1.0,1.0,60.0,1660,67.0
525,326446195399333,10.499992071010638,target_lost_or_stale,106064,5634022284185,True,,11.153846153846153,11.954512599777681,0.03125,-0.5125,4.66710382299322,-1.7939180319630188,106064,0.01982035703258589,11.153846153846153,11.954512599777681,0.03125,-0.5125,0.0012500000000000011,-0.48249999999999993,4.66710382299322,-1.7939180319630188,tracking,True,,False,False,-10.0,0.018750000000000017,-48.24999999999999,1500,1583,1622,1500,2000,2000,1000,1000,-10.0,5.0,15.0,20.0,100.0,100.0,0.03,0.25,3,1.0,1.0,60.0,1660,67.0
526,326446215396854,10.519989591964986,target_lost_or_stale,106065,5634055249036,True,,11.153846153846153,11.992410942375132,0.03125,-0.525,4.652342380742262,-1.8318598124172656,106065,0.006408435991033912,11.153846153846153,11.992410942375132,0.03125,-0.525,0.0012500000000000011,-0.495,4.652342380742262,-1.8318598124172656,tracking,True,,False,False,-10.0,0.018750000000000017,-49.5,1500,1583,1621,1500,2000,2000,1000,1000,-10.0,5.0,15.0,20.0,100.0,100.0,0.03,0.25,3,1.0,1.0,60.0,1660,67.0
527,326446235391293,10.539984030998312,target_lost_or_stale,106065,5634055249036,True,,11.153846153846153,11.992410942375132,0.03125,-0.525,4.652342380742262,-1.8318598124172656,106065,0.026402875024359673,11.153846153846153,11.992410942375132,0.03125,-0.525,0.0012500000000000011,-0.495,4.652342380742262,-1.8318598124172656,tracking,True,,False,False,-10.0,0.018750000000000017,-49.5,1500,1583,1621,1500,2000,2000,1000,1000,-10.0,5.0,15.0,20.0,100.0,100.0,0.03,0.25,3,1.0,1.0,60.0,1660,67.0
528,326446255392832,10.559985569969285,target_lost_or_stale,106066,5634088158445,True,,11.153846153846153,12.024596293369447,0.03125,-0.5354166666666667,4.639879312508828,-1.8632015364293264,106066,0.012960029009263963,11.153846153846153,12.024596293369447,0.03125,-0.5354166666666667,0.0012500000000000011,-0.5054166666666666,4.639879312508828,-1.8632015364293264,tracking,True,,False,False,-10.0,0.018750000000000017,-50.541666666666664,1500,1583,1620,1500,2000,2000,1000,1000,-10.0,5.0,15.0,20.0,100.0,100.0,0.03,0.25,3,1.0,1.0,60.0,1660,67.0
529,326446275393487,10.57998622499872,target_lost_or_stale,106066,5634088158445,True,,11.153846153846153,12.024596293369447,0.03125,-0.5354166666666667,4.639879312508828,-1.8632015364293264,106066,0.03296068403869867,11.153846153846153,12.024596293369447,0.03125,-0.5354166666666667,0.0012500000000000011,-0.5054166666666666,4.639879312508828,-1.8632015364293264,tracking,True,,False,False,-10.0,0.018750000000000017,-50.541666666666664,1500,1583,1620,1500,2000,2000,1000,1000,-10.0,5.0,15.0,20.0,100.0,100.0,0.03,0.25,3,1.0,1.0,60.0,1660,67.0
530,326446295389627,10.599982364976313,target_lost_or_stale,106067,5634121306383,True,,11.153846153846153,12.037622962108038,0.03125,-0.5395833333333333,4.634853991674709,-1.8756674747558586,106067,0.019531655008904636,11.153846153846153,12.037622962108038,0.03125,-0.5395833333333333,0.0012500000000000011,-0.5095833333333333,4.634853991674709,-1.8756674747558586,tracking,True,,False,False,-10.0,0.018750000000000017,-50.95833333333333,1500,1583,1619,1500,2000,2000,1000,1000,-10.0,5.0,15.0,20.0,100.0,100.0,0.03,0.25,3,1.0,1.0,60.0,1660,67.0
531,326446315390128,10.619982865988277,target_lost_or_stale,106068,5634154245819,True,,11.002331002331003,11.874102482998946,0.03125,-0.5395833333333333,4.634853991674709,-1.8756674747558588,106068,0.006058879022020847,11.002331002331003,11.874102482998946,0.03125,-0.5395833333333333,0.0012500000000000011,-0.5095833333333333,4.634853991674709,-1.8756674747558588,tracking,True,,False,False,-10.0,0.018750000000000017,-50.95833333333333,1500,1583,1619,1500,2000,2000,1000,1000,-10.0,5.0,15.0,20.0,100.0,100.0,0.03,0.25,3,1.0,1.0,60.0,1660,67.0
532,326446335421368,10.640014106000308,target_lost_or_stale,106068,5634154245819,True,,11.002331002331003,11.874102482998946,0.03125,-0.5395833333333333,4.634853991674709,-1.8756674747558588,106068,0.026090119034051895,11.002331002331003,11.874102482998946,0.03125,-0.5395833333333333,0.0012500000000000011,-0.5095833333333333,4.634853991674709,-1.8756674747558588,tracking,True,,False,False,-10.0,0.018750000000000017,-50.95833333333333,1500,1583,1619,1500,2000,2000,1000,1000,-10.0,5.0,15.0,20.0,100.0,100.0,0.03,0.25,3,1.0,1.0,60.0,1660,67.0
533,326446355410555,10.660003293014597,target_lost_or_stale,106069,5634187287670,True,,11.002331002331003,11.861252770053039,0.03125,-0.5354166666666667,4.639879312508828,-1.8632015364293264,106069,0.012608905031811446,11.002331002331003,11.861252770053039,0.03125,-0.5354166666666667,0.0012500000000000011,-0.5054166666666666,4.639879312508828,-1.8632015364293264,tracking,True,,False,False,-10.0,0.018750000000000017,-50.541666666666664,1500,1583,1620,1500,2000,2000,1000,1000,-10.0,5.0,15.0,20.0,100.0,100.0,0.03,0.25,3,1.0,1.0,60.0,1660,67.0
534,326446375392706,10.67998544400325,target_lost_or_stale,106069,5634187287670,True,,11.002331002331003,11.861252770053039,0.03125,-0.5354166666666667,4.639879312508828,-1.8632015364293264,106069,0.03259105602046475,11.002331002331003,11.861252770053039,0.03125,-0.5354166666666667,0.0012500000000000011,-0.5054166666666666,4.639879312508828,-1.8632015364293264,tracking,True,,False,False,-10.0,0.018750000000000017,-50.541666666666664,1500,1583,1620,1500,2000,2000,1000,1000,-10.0,5.0,15.0,20.0,100.0,100.0,0.03,0.25,3,1.0,1.0,60.0,1660,67.0
535,326446395358158,10.699950895970687,target_lost_or_stale,106070,5634220266048,True,,11.002331002331003,11.835811130658739,0.03125,-0.5270833333333333,4.6498613684251735,-1.8381483222055763,106070,0.019153366971295327,11.002331002331003,11.835811130658739,0.03125,-0.5270833333333333,0.0012500000000000011,-0.4970833333333333,4.6498613684251735,-1.8381483222055763,tracking,True,,False,False,-10.0,0.018750000000000017,-49.70833333333333,1500,1583,1620,1500,2000,2000,1000,1000,-10.0,5.0,15.0,20.0,100.0,100.0,0.03,0.25,3,1.0,1.0,60.0,1660,67.0
536,326446415392313,10.71998505096417,target_lost_or_stale,106071,5634253093897,True,,11.002331002331003,11.798810785891957,0.0328125,-0.5145833333333333,4.664658602981057,-1.8002666795880018,106071,0.005706143972929567,11.002331002331003,11.798810785891957,0.0328125,-0.5145833333333333,0.0028125000000000025,-0.48458333333333325,4.664658602981057,-1.8002666795880018,tracking,True,,False,False,-10.0,0.04218750000000004,-48.45833333333333,1500,1583,1622,1500,2000,2000,1000,1000,-10.0,5.0,15.0,20.0,100.0,100.0,0.03,0.25,3,1.0,1.0,60.0,1660,67.0
537,326446435406515,10.739999253011774,target_lost_or_stale,106071,5634253093897,True,,11.002331002331003,11.798810785891957,0.0328125,-0.5145833333333333,4.664658602981057,-1.8002666795880018,106071,0.025720346020534635,11.002331002331003,11.798810785891957,0.0328125,-0.5145833333333333,0.0028125000000000025,-0.48458333333333325,4.664658602981057,-1.8002666795880018,tracking,True,,False,False,-10.0,0.04218750000000004,-48.45833333333333,1500,1583,1622,1500,2000,2000,1000,1000,-10.0,5.0,15.0,20.0,100.0,100.0,0.03,0.25,3,1.0,1.0,60.0,1660,67.0
538,326446455387230,10.759979967959225,target_lost_or_stale,106072,5634286271887,True,,11.002331002331003,11.762083505841998,0.0328125,-0.5020833333333333,4.679237781710308,-1.7620254771752877,106072,0.012223714962601662,11.002331002331003,11.762083505841998,0.0328125,-0.5020833333333333,0.0028125000000000025,-0.4720833333333333,4.679237781710308,-1.7620254771752877,tracking,True,,False,False,-10.0,0.04218750000000004,-47.20833333333333,1500,1583,1623,1500,2000,2000,1000,1000,-10.0,5.0,15.0,20.0,100.0,100.0,0.03,0.25,3,1.0,1.0,60.0,1660,67.0
539,326446475388782,10.779981519968715,target_lost_or_stale,106072,5634286271887,True,,11.002331002331003,11.762083505841998,0.0328125,-0.5020833333333333,4.679237781710308,-1.7620254771752877,106072,0.03222526697209105,11.002331002331003,11.762083505841998,0.0328125,-0.5020833333333333,0.0028125000000000025,-0.4720833333333333,4.679237781710308,-1.7620254771752877,tracking,True,,False,False,-10.0,0.04218750000000004,-47.20833333333333,1500,1583,1623,1500,2000,2000,1000,1000,-10.0,5.0,15.0,20.0,100.0,100.0,0.03,0.25,3,1.0,1.0,60.0,1660,67.0
540,326446495390539,10.799983276985586,target_lost_or_stale,106073,5634319521233,True,,10.774410774410775,11.471677439802994,0.0328125,-0.48541666666666666,4.698323765957534,-1.7104834960439148,106073,0.018811588000971824,10.774410774410775,11.471677439802994,0.0328125,-0.48541666666666666,0.0028125000000000025,-0.4554166666666667,4.698323765957534,-1.7104834960439148,tracking,True,,False,False,-10.0,0.04218750000000004,-45.54166666666667,1500,1583,1625,1500,2000,2000,1000,1000,-10.0,5.0,15.0,20.0,100.0,100.0,0.03,0.25,3,1.0,1.0,60.0,1660,67.0
541,326446515388252,10.819980989967007,target_lost_or_stale,106074,5634352203249,True,,10.774410774410775,11.437532521371013,0.0328125,-0.47291666666666665,4.712363251663178,-1.6714163408242835,106074,0.005314273003023118,10.774410774410775,11.437532521371013,0.0328125,-0.47291666666666665,0.0028125000000000025,-0.4429166666666666,4.712363251663178,-1.6714163408242835,tracking,True,,False,False,-10.0,0.04218750000000004,-44.291666666666664,1500,1583,1626,1500,2000,2000,1000,1000,-10.0,5.0,15.0,20.0,100.0,100.0,0.03,0.25,3,1.0,1.0,60.0,1660,67.0
542,326446535444654,10.840037391986698,target_lost_or_stale,106074,5634352203249,True,,10.774410774410775,11.437532521371013,0.0328125,-0.47291666666666665,4.712363251663178,-1.6714163408242835,106074,0.02537067502271384,10.774410774410775,11.437532521371013,0.0328125,-0.47291666666666665,0.0028125000000000025,-0.4429166666666666,4.712363251663178,-1.6714163408242835,tracking,True,,False,False,-10.0,0.04218750000000004,-44.291666666666664,1500,1583,1626,1500,2000,2000,1000,1000,-10.0,5.0,15.0,20.0,100.0,100.0,0.03,0.25,3,1.0,1.0,60.0,1660,67.0
543,326446555422748,10.860015485959593,target_lost_or_stale,106075,5634385570901,True,,10.774410774410775,11.40418007368203,0.0328125,-0.46041666666666664,4.726158177442094,-1.6320014956479734,106075,0.0119710189756006,10.774410774410775,11.40418007368203,0.0328125,-0.46041666666666664,0.0028125000000000025,-0.43041666666666667,4.726158177442094,-1.6320014956479734,tracking,True,,False,False,-10.0,0.04218750000000004,-43.041666666666664,1500,1583,1627,1500,2000,2000,1000,1000,-10.0,5.0,15.0,20.0,100.0,100.0,0.03,0.25,3,1.0,1.0,60.0,1660,67.0
544,326446575401117,10.879993854963686,target_lost_or_stale,106075,5634385570901,True,,10.774410774410775,11.40418007368203,0.0328125,-0.46041666666666664,4.726158177442094,-1.6320014956479734,106075,0.03194938797969371,10.774410774410775,11.40418007368203,0.0328125,-0.46041666666666664,0.0028125000000000025,-0.43041666666666667,4.726158177442094,-1.6320014956479734,tracking,True,,False,False,-10.0,0.04218750000000004,-43.041666666666664,1500,1583,1627,1500,2000,2000,1000,1000,-10.0,5.0,15.0,20.0,100.0,100.0,0.03,0.25,3,1.0,1.0,60.0,1660,67.0
545,326446595384351,10.899977088964079,target_lost_or_stale,106076,5634418422997,True,,10.774410774410775,11.39323990338794,0.0328125,-0.45625,4.730700764570263,-1.6187866678763867,106076,0.01844251895090565,10.774410774410775,11.39323990338794,0.0328125,-0.45625,0.0028125000000000025,-0.42625,4.730700764570263,-1.6187866678763867,tracking,True,,False,False,-10.0,0.04218750000000004,-42.625,1500,1583,1628,1500,2000,2000,1000,1000,-10.0,5.0,15.0,20.0,100.0,100.0,0.03,0.25,3,1.0,1.0,60.0,1660,67.0
546,326446615397360,10.919990097987466,target_lost_or_stale,106077,5634451473850,True,,10.774410774410775,11.38238881701336,0.0328125,-0.45208333333333334,4.7352150005147005,-1.6055338361120155,106077,0.005053127009887248,10.774410774410775,11.38238881701336,0.0328125,-0.45208333333333334,0.0028125000000000025,-0.42208333333333337,4.7352150005147005,-1.6055338361120155,tracking,True,,False,False,-10.0,0.04218750000000004,-42.208333333333336,1500,1583,1628,1500,2000,2000,1000,1000,-10.0,5.0,15.0,20.0,100.0,100.0,0.03,0.25,3,1.0,1.0,60.0,1660,67.0
547,326446635406013,10.93999875098234,target_lost_or_stale,106077,5634451473850,True,,10.774410774410775,11.38238881701336,0.0328125,-0.45208333333333334,4.7352150005147005,-1.6055338361120155,106077,0.025061780004762113,10.774410774410775,11.38238881701336,0.0328125,-0.45208333333333334,0.0028125000000000025,-0.42208333333333337,4.7352150005147005,-1.6055338361120155,tracking,True,,False,False,-10.0,0.04218750000000004,-42.208333333333336,1500,1583,1628,1500,2000,2000,1000,1000,-10.0,5.0,15.0,20.0,100.0,100.0,0.03,0.25,3,1.0,1.0,60.0,1660,67.0
548,326446655388850,10.959981588006485,target_lost_or_stale,106078,5634484696356,True,,10.774410774410775,11.38238881701336,0.0328125,-0.45208333333333334,4.7352150005147005,-1.6055338361120155,106078,0.011514921032357961,10.774410774410775,11.38238881701336,0.0328125,-0.45208333333333334,0.0028125000000000025,-0.42208333333333337,4.7352150005147005,-1.6055338361120155,tracking,True,,False,False,-10.0,0.04218750000000004,-42.208333333333336,1500,1583,1628,1500,2000,2000,1000,1000,-10.0,5.0,15.0,20.0,100.0,100.0,0.03,0.25,3,1.0,1.0,60.0,1660,67.0
549,326446675393642,10.979986379970796,target_lost_or_stale,106078,5634484696356,True,,10.774410774410775,11.38238881701336,0.0328125,-0.45208333333333334,4.7352150005147005,-1.6055338361120155,106078,0.031519712996669114,10.774410774410775,11.38238881701336,0.0328125,-0.45208333333333334,0.0028125000000000025,-0.42208333333333337,4.7352150005147005,-1.6055338361120155,tracking,True,,False,False,-10.0,0.04218750000000004,-42.208333333333336,1500,1583,1628,1500,2000,2000,1000,1000,-10.0,5.0,15.0,20.0,100.0,100.0,0.03,0.25,3,1.0,1.0,60.0,1660,67.0
550,326446695426580,11.000019317958504,target_lost_or_stale,106079,5634517901680,True,,10.774410774410775,11.40418007368203,0.0328125,-0.46041666666666664,4.726158177442094,-1.6320014956479734,106079,0.018165870977099985,10.774410774410775,11.40418007368203,0.0328125,-0.46041666666666664,0.0028125000000000025,-0.43041666666666667,4.726158177442094,-1.6320014956479734,tracking,True,,False,False,-10.0,0.04218750000000004,-43.041666666666664,1500,1583,1627,1500,2000,2000,1000,1000,-10.0,5.0,15.0,20.0,100.0,100.0,0.03,0.25,3,1.0,1.0,60.0,1660,67.0
551,326446715413621,11.02000635897275,target_lost_or_stale,106080,5634551298124,True,,10.774410774410775,11.426326640421253,0.0328125,-0.46875,4.71698912651768,-1.6583164897913718,106080,0.004717358970083296,10.774410774410775,11.426326640421253,0.0328125,-0.46875,0.0028125000000000025,-0.43875,4.71698912651768,-1.6583164897913718,tracking,True,,False,False,-10.0,0.04218750000000004,-43.875,1500,1583,1626,1500,2000,2000,1000,1000,-10.0,5.0,15.0,20.0,100.0,100.0,0.03,0.25,3,1.0,1.0,60.0,1660,67.0
552,326446735402038,11.039994775957894,target_lost_or_stale,106080,5634551298124,True,,10.774410774410775,11.426326640421253,0.0328125,-0.46875,4.71698912651768,-1.6583164897913718,106080,0.024705775955226272,10.774410774410775,11.426326640421253,0.0328125,-0.46875,0.0028125000000000025,-0.43875,4.71698912651768,-1.6583164897913718,tracking,True,,False,False,-10.0,0.04218750000000004,-43.875,1500,1583,1626,1500,2000,2000,1000,1000,-10.0,5.0,15.0,20.0,100.0,100.0,0.03,0.25,3,1.0,1.0,60.0,1660,67.0
553,326446755381733,11.05997447099071,target_lost_or_stale,106081,5634583799405,True,,10.774410774410775,11.455038320978007,0.034375,-0.4791666666666667,4.705373581400369,-1.6909936308157576,106081,0.011235357029363513,10.774410774410775,11.455038320978007,0.034375,-0.4791666666666667,0.004375000000000004,-0.4491666666666667,4.705373581400369,-1.6909936308157576,tracking,True,,False,False,-10.0,0.06562500000000006,-44.91666666666667,1500,1583,1625,1500,2000,2000,1000,1000,-10.0,5.0,15.0,20.0,100.0,100.0,0.03,0.25,3,1.0,1.0,60.0,1660,67.0
554,326446775387972,11.079980709997471,target_lost_or_stale,106081,5634583799405,True,,10.774410774410775,11.455038320978007,0.034375,-0.4791666666666667,4.705373581400369,-1.6909936308157576,106081,0.031241596036124974,10.774410774410775,11.455038320978007,0.034375,-0.4791666666666667,0.004375000000000004,-0.4491666666666667,4.705373581400369,-1.6909936308157576,tracking,True,,False,False,-10.0,0.06562500000000006,-44.91666666666667,1500,1583,1625,1500,2000,2000,1000,1000,-10.0,5.0,15.0,20.0,100.0,100.0,0.03,0.25,3,1.0,1.0,60.0,1660,67.0
555,326446795388239,11.099980977014638,target_lost_or_stale,106082,5634617231440,True,,10.774410774410775,11.483764596206758,0.034375,-0.4895833333333333,4.693590966397168,-1.7234279329739601,106082,0.01777226000558585,10.774410774410775,11.483764596206758,0.034375,-0.4895833333333333,0.004375000000000004,-0.45958333333333334,4.693590966397168,-1.7234279329739601,tracking,True,,False,False,-10.0,0.06562500000000006,-45.958333333333336,1500,1583,1624,1500,2000,2000,1000,1000,-10.0,5.0,15.0,20.0,100.0,100.0,0.03,0.25,3,1.0,1.0,60.0,1660,67.0
556,326446815392664,11.119985401979648,target_lost_or_stale,106083,5634650131757,True,,10.562770562770563,11.286885742512343,0.034375,-0.5,4.681645887845223,-1.7556172079419585,106083,0.004291303979698569,10.562770562770563,11.286885742512343,0.034375,-0.5,0.004375000000000004,-0.47,4.681645887845223,-1.7556172079419585,tracking,True,,False,False,-10.0,0.06562500000000006,-47.0,1500,1583,1623,1500,2000,2000,1000,1000,-10.0,5.0,15.0,20.0,100.0,100.0,0.03,0.25,3,1.0,1.0,60.0,1660,67.0
557,326446835403060,11.139995798002928,target_lost_or_stale,106083,5634650131757,True,,10.562770562770563,11.286885742512343,0.034375,-0.5,4.681645887845223,-1.7556172079419585,106083,0.024301700002979487,10.562770562770563,11.286885742512343,0.034375,-0.5,0.004375000000000004,-0.47,4.681645887845223,-1.7556172079419585,tracking,True,,False,False,-10.0,0.06562500000000006,-47.0,1500,1583,1623,1500,2000,2000,1000,1000,-10.0,5.0,15.0,20.0,100.0,100.0,0.03,0.25,3,1.0,1.0,60.0,1660,67.0
558,326446855383484,11.159976221970282,target_lost_or_stale,106084,5634683602928,True,,10.420168067226891,11.157529451666157,0.034375,-0.5083333333333333,4.671975944992181,-1.7811908290282694,106084,0.01090154197299853,10.420168067226891,11.157529451666157,0.034375,-0.5083333333333333,0.004375000000000004,-0.4783333333333333,4.671975944992181,-1.7811908290282694,tracking,True,,False,False,-10.0,0.06562500000000006,-47.83333333333333,1500,1583,1622,1500,2000,2000,1000,1000,-10.0,5.0,15.0,20.0,100.0,100.0,0.03,0.25,3,1.0,1.0,60.0,1660,67.0
559,326446875386903,11.179979640990496,target_lost_or_stale,106084,5634683602928,True,,10.420168067226891,11.157529451666157,0.034375,-0.5083333333333333,4.671975944992181,-1.7811908290282694,106084,0.030904960993211716,10.420168067226891,11.157529451666157,0.034375,-0.5083333333333333,0.004375000000000004,-0.4783333333333333,4.671975944992181,-1.7811908290282694,tracking,True,,False,False,-10.0,0.06562500000000006,-47.83333333333333,1500,1583,1622,1500,2000,2000,1000,1000,-10.0,5.0,15.0,20.0,100.0,100.0,0.03,0.25,3,1.0,1.0,60.0,1660,67.0
560,326446895388768,11.199981505982578,target_lost_or_stale,106085,5634717256135,True,,10.420168067226891,11.169165114924734,0.034375,-0.5125,4.66710382299322,-1.793918031963019,106085,0.01742562698200345,10.420168067226891,11.169165114924734,0.034375,-0.5125,0.004375000000000004,-0.48249999999999993,4.66710382299322,-1.793918031963019,tracking,True,,False,False,-10.0,0.06562500000000006,-48.24999999999999,1500,1583,1622,1500,2000,2000,1000,1000,-10.0,5.0,15.0,20.0,100.0,100.0,0.03,0.25,3,1.0,1.0,60.0,1660,67.0
561,326446915388986,11.219981723988894,target_lost_or_stale,106086,5634750205728,True,,10.420168067226891,11.169165114924734,0.034375,-0.5125,4.66710382299322,-1.793918031963019,106086,0.0039989210199564695,10.420168067226891,11.169165114924734,0.034375,-0.5125,0.004375000000000004,-0.48249999999999993,4.66710382299322,-1.793918031963019,tracking,True,,False,False,-10.0,0.06562500000000006,-48.24999999999999,1500,1583,1622,1500,2000,2000,1000,1000,-10.0,5.0,15.0,20.0,100.0,100.0,0.03,0.25,3,1.0,1.0,60.0,1660,67.0
562,326446935410420,11.240003157989122,target_lost_or_stale,106086,5634750205728,True,,10.420168067226891,11.169165114924734,0.034375,-0.5125,4.66710382299322,-1.793918031963019,106086,0.02402035502018407,10.420168067226891,11.169165114924734,0.034375,-0.5125,0.004375000000000004,-0.48249999999999993,4.66710382299322,-1.793918031963019,tracking,True,,False,False,-10.0,0.06562500000000006,-48.24999999999999,1500,1583,1622,1500,2000,2000,1000,1000,-10.0,5.0,15.0,20.0,100.0,100.0,0.03,0.25,3,1.0,1.0,60.0,1660,67.0
563,326446955401822,11.259994559979532,target_lost_or_stale,106087,5634781321781,True,,10.420168067226891,11.163336926160204,0.034375,-0.5104166666666666,4.669542949240789,-1.7875594102562395,106087,0.010508822975680232,10.420168067226891,11.163336926160204,0.034375,-0.5104166666666666,0.004375000000000004,-0.4804166666666666,4.669542949240789,-1.7875594102562395,tracking,True,,False,False,-10.0,0.06562500000000006,-48.04166666666666,1500,1583,1622,1500,2000,2000,1000,1000,-10.0,5.0,15.0,20.0,100.0,100.0,0.03,0.25,3,1.0,1.0,60.0,1660,67.0
564,326446975409909,11.280002646963112,target_lost_or_stale,106087,5634781321781,True,,10.420168067226891,11.163336926160204,0.034375,-0.5104166666666666,4.669542949240789,-1.7875594102562395,106087,0.030516909959260374,10.420168067226891,11.163336926160204,0.034375,-0.5104166666666666,0.004375000000000004,-0.4804166666666666,4.669542949240789,-1.7875594102562395,tracking,True,,False,False,-10.0,0.06562500000000006,-48.04166666666666,1500,1583,1622,1500,2000,2000,1000,1000,-10.0,5.0,15.0,20.0,100.0,100.0,0.03,0.25,3,1.0,1.0,60.0,1660,67.0
565,326446995396985,11.299989722960163,target_lost_or_stale,106088,5634814363877,True,,10.420168067226891,11.140231637183643,0.034375,-0.5020833333333333,4.679237781710308,-1.7620254771752877,106088,0.017109906999394298,10.420168067226891,11.140231637183643,0.034375,-0.5020833333333333,0.004375000000000004,-0.4720833333333333,4.679237781710308,-1.7620254771752877,tracking,True,,False,False,-10.0,0.06562500000000006,-47.20833333333333,1500,1583,1623,1500,2000,2000,1000,1000,-10.0,5.0,15.0,20.0,100.0,100.0,0.03,0.25,3,1.0,1.0,60.0,1660,67.0
566,326447015397772,11.319990510004573,target_lost_or_stale,106089,5634847206412,True,,10.285714285714285,10.963423942401219,0.0359375,-0.4895833333333333,4.693590966397168,-1.7234279329739604,106089,0.0036130599910393357,10.285714285714285,10.963423942401219,0.0359375,-0.4895833333333333,0.005937499999999998,-0.45958333333333334,4.693590966397168,-1.7234279329739604,tracking,True,,False,False,-10.0,0.08906249999999998,-45.958333333333336,1500,1583,1624,1501,2000,2000,1000,1000,-10.0,5.0,15.0,20.0,100.0,100.0,0.03,0.25,3,1.0,1.0,60.0,1660,67.0
567,326447035397635,11.339990373002365,target_lost_or_stale,106089,5634847206412,True,,10.285714285714285,10.963423942401219,0.0359375,-0.4895833333333333,4.693590966397168,-1.7234279329739604,106089,0.023612922988831997,10.285714285714285,10.963423942401219,0.0359375,-0.4895833333333333,0.005937499999999998,-0.45958333333333334,4.693590966397168,-1.7234279329739604,tracking,True,,False,False,-10.0,0.08906249999999998,-45.958333333333336,1500,1583,1624,1501,2000,2000,1000,1000,-10.0,5.0,15.0,20.0,100.0,100.0,0.03,0.25,3,1.0,1.0,60.0,1660,67.0
568,326447055383844,11.359976581996307,target_lost_or_stale,106090,5634880253850,True,,10.285714285714285,10.925179358028958,0.0359375,-0.475,4.710040105794279,-1.6779517876892118,106090,0.010182058031205088,10.285714285714285,10.925179358028958,0.0359375,-0.475,0.005937499999999998,-0.44499999999999995,4.710040105794279,-1.6779517876892118,tracking,True,,False,False,-10.0,0.08906249999999998,-44.49999999999999,1500,1583,1626,1501,2000,2000,1000,1000,-10.0,5.0,15.0,20.0,100.0,100.0,0.03,0.25,3,1.0,1.0,60.0,1660,67.0
569,326447075383875,11.379976612981409,target_lost_or_stale,106090,5634880253850,True,,10.285714285714285,10.925179358028958,0.0359375,-0.475,4.710040105794279,-1.6779517876892118,106090,0.030182089016307145,10.285714285714285,10.925179358028958,0.0359375,-0.475,0.005937499999999998,-0.44499999999999995,4.710040105794279,-1.6779517876892118,tracking,True,,False,False,-10.0,0.08906249999999998,-44.49999999999999,1500,1583,1626,1501,2000,2000,1000,1000,-10.0,5.0,15.0,20.0,100.0,100.0,0.03,0.25,3,1.0,1.0,60.0,1660,67.0
570,326447095423589,11.400016326981131,target_lost_or_stale,106091,5634913311068,True,,10.223123732251523,10.816507288475396,0.0359375,-0.4583333333333333,4.728432996524334,-1.6253988425552395,106091,0.016775292984675616,10.223123732251523,10.816507288475396,0.0359375,-0.4583333333333333,0.005937499999999998,-0.42833333333333334,4.728432996524334,-1.6253988425552395,tracking,True,,False,False,-10.0,0.08906249999999998,-42.833333333333336,1500,1583,1627,1501,2000,2000,1000,1000,-10.0,5.0,15.0,20.0,100.0,100.0,0.03,0.25,3,1.0,1.0,60.0,1660,67.0
571,326447115395838,11.419988575973548,target_lost_or_stale,106092,5634946343565,True,,10.223123732251523,10.775667391750606,0.0359375,-0.44166666666666665,4.746374625946701,-1.5722365948448447,106092,0.003248868975788355,10.223123732251523,10.775667391750606,0.0359375,-0.44166666666666665,0.005937499999999998,-0.4116666666666666,4.746374625946701,-1.5722365948448447,tracking,True,,False,False,-10.0,0.08906249999999998,-41.166666666666664,1500,1583,1629,1501,2000,2000,1000,1000,-10.0,5.0,15.0,20.0,100.0,100.0,0.03,0.25,3,1.0,1.0,60.0,1660,67.0
572,326447135396437,11.439989175007213,target_lost_or_stale,106092,5634946343565,True,,10.223123732251523,10.775667391750606,0.0359375,-0.44166666666666665,4.746374625946701,-1.5722365948448447,106092,0.023249468009453267,10.223123732251523,10.775667391750606,0.0359375,-0.44166666666666665,0.005937499999999998,-0.4116666666666666,4.746374625946701,-1.5722365948448447,tracking,True,,False,False,-10.0,0.08906249999999998,-41.166666666666664,1500,1583,1629,1501,2000,2000,1000,1000,-10.0,5.0,15.0,20.0,100.0,100.0,0.03,0.25,3,1.0,1.0,60.0,1660,67.0
573,326447155381768,11.459974505996797,target_lost_or_stale,106093,5634979638721,True,,10.223123732251523,10.745932917979607,0.0359375,-0.42916666666666664,4.759523403701059,-1.5319715955662783,106093,0.009846348024439067,10.223123732251523,10.745932917979607,0.0359375,-0.42916666666666664,0.005937499999999998,-0.39916666666666667,4.759523403701059,-1.5319715955662783,tracking,True,,False,False,-10.0,0.08906249999999998,-39.916666666666664,1500,1583,1630,1501,2000,2000,1000,1000,-10.0,5.0,15.0,20.0,100.0,100.0,0.03,0.25,3,1.0,1.0,60.0,1660,67.0
574,326447175399464,11.479992201959249,target_lost_or_stale,106093,5634979638721,True,,10.223123732251523,10.745932917979607,0.0359375,-0.42916666666666664,4.759523403701059,-1.5319715955662783,106093,0.029864043986890465,10.223123732251523,10.745932917979607,0.0359375,-0.42916666666666664,0.005937499999999998,-0.39916666666666667,4.759523403701059,-1.5319715955662783,tracking,True,,False,False,-10.0,0.08906249999999998,-39.916666666666664,1500,1583,1630,1501,2000,2000,1000,1000,-10.0,5.0,15.0,20.0,100.0,100.0,0.03,0.25,3,1.0,1.0,60.0,1660,67.0
575,326447195454159,11.500046896981075,target_lost_or_stale,106094,5635012558451,True,,10.223123732251523,10.71697308540514,0.0359375,-0.4166666666666667,4.772399890175149,-1.491374965679734,106094,0.016414876969065517,10.223123732251523,10.71697308540514,0.0359375,-0.4166666666666667,0.005937499999999998,-0.3866666666666667,4.772399890175149,-1.491374965679734,tracking,True,,False,False,-10.0,0.08906249999999998,-38.66666666666667,1500,1583,1632,1501,2000,2000,1000,1000,-10.0,5.0,15.0,20.0,100.0,100.0,0.03,0.25,3,1.0,1.0,60.0,1660,67.0
576,326447215378079,11.519970816967543,target_lost_or_stale,106095,5635046054693,True,,10.223123732251523,10.698100000107324,0.0359375,-0.4083333333333333,4.780829066152201,-1.4641289015091112,106095,0.0029520989628508687,10.223123732251523,10.698100000107324,0.0359375,-0.4083333333333333,0.005937499999999998,-0.3783333333333333,4.780829066152201,-1.4641289015091112,tracking,True,,False,False,-10.0,0.08906249999999998,-37.83333333333333,1500,1583,1632,1501,2000,2000,1000,1000,-10.0,5.0,15.0,20.0,100.0,100.0,0.03,0.25,3,1.0,1.0,60.0,1660,67.0
577,326447235398241,11.539990979013965,target_lost_or_stale,106095,5635046054693,True,,10.223123732251523,10.698100000107324,0.0359375,-0.4083333333333333,4.780829066152201,-1.4641289015091112,106095,0.022972261009272188,10.223123732251523,10.698100000107324,0.0359375,-0.4083333333333333,0.005937499999999998,-0.3783333333333333,4.780829066152201,-1.4641289015091112,tracking,True,,False,False,-10.0,0.08906249999999998,-37.83333333333333,1500,1583,1632,1501,2000,2000,1000,1000,-10.0,5.0,15.0,20.0,100.0,100.0,0.03,0.25,3,1.0,1.0,60.0,1660,67.0
578,326447255387739,11.559980476973578,target_lost_or_stale,106096,5635078867393,True,,10.223123732251523,10.688794190383625,0.0359375,-0.4041666666666667,4.784996242073836,-1.4504519858786316,106096,0.00946955499239266,10.223123732251523,10.688794190383625,0.0359375,-0.4041666666666667,0.005937499999999998,-0.37416666666666665,4.784996242073836,-1.4504519858786316,tracking,True,,False,False,-10.0,0.08906249999999998,-37.416666666666664,1500,1583,1633,1501,2000,2000,1000,1000,-10.0,5.0,15.0,20.0,100.0,100.0,0.03,0.25,3,1.0,1.0,60.0,1660,67.0
579,326447275406599,11.579999336972833,target_lost_or_stale,106096,5635078867393,True,,10.223123732251523,10.688794190383625,0.0359375,-0.4041666666666667,4.784996242073836,-1.4504519858786316,106096,0.029488414991647005,10.223123732251523,10.688794190383625,0.0359375,-0.4041666666666667,0.005937499999999998,-0.37416666666666665,4.784996242073836,-1.4504519858786316,tracking,True,,False,False,-10.0,0.08906249999999998,-37.416666666666664,1500,1583,1633,1501,2000,2000,1000,1000,-10.0,5.0,15.0,20.0,100.0,100.0,0.03,0.25,3,1.0,1.0,60.0,1660,67.0
580,326447295404193,11.599996930977795,target_lost_or_stale,106097,5635111579779,True,,10.223123732251523,10.69343617699454,0.0359375,-0.40625,4.782916635137638,-1.457294912268499,106097,0.01606753800297156,10.223123732251523,10.69343617699454,0.0359375,-0.40625,0.005937499999999998,-0.37625,4.782916635137638,-1.457294912268499,tracking,True,,False,False,-10.0,0.08906249999999998,-37.625,1500,1583,1633,1501,2000,2000,1000,1000,-10.0,5.0,15.0,20.0,100.0,100.0,0.03,0.25,3,1.0,1.0,60.0,1660,67.0
581,326447315387024,11.619979762006551,target_lost_or_stale,106098,5635144610611,True,,10.223123732251523,10.703345861942068,0.0375,-0.41041666666666665,4.778733571104113,-1.4709539273554848,106098,0.0025770950014702976,10.223123732251523,10.703345861942068,0.0375,-0.41041666666666665,0.0075,-0.3804166666666666,4.778733571104113,-1.4709539273554848,tracking,True,,False,False,-10.0,0.11249999999999999,-38.041666666666664,1500,1583,1632,1501,2000,2000,1000,1000,-10.0,5.0,15.0,20.0,100.0,100.0,0.03,0.25,3,1.0,1.0,60.0,1660,67.0
582,326447335393270,11.639986007998232,target_lost_or_stale,106098,5635144610611,True,,10.223123732251523,10.703345861942068,0.0375,-0.41041666666666665,4.778733571104113,-1.4709539273554848,106098,0.02258334099315107,10.223123732251523,10.703345861942068,0.0375,-0.41041666666666665,0.0075,-0.3804166666666666,4.778733571104113,-1.4709539273554848,tracking,True,,False,False,-10.0,0.11249999999999999,-38.041666666666664,1500,1583,1632,1501,2000,2000,1000,1000,-10.0,5.0,15.0,20.0,100.0,100.0,0.03,0.25,3,1.0,1.0,60.0,1660,67.0
583,326447355387603,11.6599803409772,target_lost_or_stale,106099,5635177458962,True,,10.088669950738916,10.571888209125358,0.0375,-0.41458333333333336,4.77451894700959,-1.4845769850857946,106099,0.009116421977523714,10.088669950738916,10.571888209125358,0.0375,-0.41458333333333336,0.0075,-0.3845833333333334,4.77451894700959,-1.4845769850857946,tracking,True,,False,False,-10.0,0.11249999999999999,-38.458333333333336,1500,1583,1632,1501,2000,2000,1000,1000,-10.0,5.0,15.0,20.0,100.0,100.0,0.03,0.25,3,1.0,1.0,60.0,1660,67.0
584,326447375387001,11.679979739012197,target_lost_or_stale,106099,5635177458962,True,,10.088669950738916,10.571888209125358,0.0375,-0.41458333333333336,4.77451894700959,-1.4845769850857946,106099,0.029115820012521,10.088669950738916,10.571888209125358,0.0375,-0.41458333333333336,0.0075,-0.3845833333333334,4.77451894700959,-1.4845769850857946,tracking,True,,False,False,-10.0,0.11249999999999999,-38.458333333333336,1500,1583,1632,1501,2000,2000,1000,1000,-10.0,5.0,15.0,20.0,100.0,100.0,0.03,0.25,3,1.0,1.0,60.0,1660,67.0
585,326447395396554,11.699989292013925,target_lost_or_stale,106100,5635210801528,True,,9.904761904761905,10.397708257983611,0.0375,-0.42291666666666666,4.76599617473016,-1.5117144116722223,106100,0.015672085050027817,9.904761904761905,10.397708257983611,0.0375,-0.42291666666666666,0.0075,-0.3929166666666667,4.76599617473016,-1.5117144116722223,tracking,True,,False,False,-10.0,0.11249999999999999,-39.29166666666667,1500,1583,1631,1501,2000,2000,1000,1000,-10.0,5.0,15.0,20.0,100.0,100.0,0.03,0.25,3,1.0,1.0,60.0,1660,67.0
586,326447415395393,11.719988130964339,target_lost_or_stale,106101,5635243564408,True,,9.904761904761905,10.416579931611686,0.0375,-0.43125,4.757350637329136,-1.5387055967611423,106101,0.002197282970882952,9.904761904761905,10.416579931611686,0.0375,-0.43125,0.0075,-0.40125,4.757350637329136,-1.5387055967611423,tracking,True,,False,False,-10.0,0.11249999999999999,-40.125,1500,1583,1630,1501,2000,2000,1000,1000,-10.0,5.0,15.0,20.0,100.0,100.0,0.03,0.25,3,1.0,1.0,60.0,1660,67.0
587,326447435389661,11.739982398983557,target_lost_or_stale,106101,5635243564408,True,,9.904761904761905,10.416579931611686,0.0375,-0.43125,4.757350637329136,-1.5387055967611423,106101,0.02219155099010095,9.904761904761905,10.416579931611686,0.0375,-0.43125,0.0075,-0.40125,4.757350637329136,-1.5387055967611423,tracking,True,,False,False,-10.0,0.11249999999999999,-40.125,1500,1583,1630,1501,2000,2000,1000,1000,-10.0,5.0,15.0,20.0,100.0,100.0,0.03,0.25,3,1.0,1.0,60.0,1660,67.0
588,326447455398470,11.759991207974963,target_lost_or_stale,106102,5635276593800,True,,9.904761904761905,10.435784700934715,0.0375,-0.4395833333333333,4.748584663747835,-1.5655490063293642,106102,0.008718913013581187,9.904761904761905,10.435784700934715,0.0375,-0.4395833333333333,0.0075,-0.4095833333333333,4.748584663747835,-1.5655490063293642,tracking,True,,False,False,-10.0,0.11249999999999999,-40.95833333333333,1500,1583,1629,1501,2000,2000,1000,1000,-10.0,5.0,15.0,20.0,100.0,100.0,0.03,0.25,3,1.0,1.0,60.0,1660,67.0
589,326447475386254,11.779978992010001,target_lost_or_stale,106102,5635276593800,True,,9.904761904761905,10.435784700934715,0.0375,-0.4395833333333333,4.748584663747835,-1.5655490063293642,106102,0.02870669704861939,9.904761904761905,10.435784700934715,0.0375,-0.4395833333333333,0.0075,-0.4095833333333333,4.748584663747835,-1.5655490063293642,tracking,True,,False,False,-10.0,0.11249999999999999,-40.95833333333333,1500,1583,1629,1501,2000,2000,1000,1000,-10.0,5.0,15.0,20.0,100.0,100.0,0.03,0.25,3,1.0,1.0,60.0,1660,67.0
590,326447495410994,11.800003731972538,target_lost_or_stale,106103,5635309488998,True,,9.904761904761905,10.44551142358414,0.0375,-0.44375,4.744157243531767,-1.578914832612916,106103,0.015334645984694362,9.904761904761905,10.44551142358414,0.0375,-0.44375,0.0075,-0.41374999999999995,4.744157243531767,-1.578914832612916,tracking,True,,False,False,-10.0,0.11249999999999999,-41.37499999999999,1500,1583,1629,1501,2000,2000,1000,1000,-10.0,5.0,15.0,20.0,100.0,100.0,0.03,0.25,3,1.0,1.0,60.0,1660,67.0
591,326447515396421,11.819989159004763,target_lost_or_stale,106104,5635342558388,True,,9.904761904761905,10.44551142358414,0.0375,-0.44375,4.744157243531767,-1.578914832612916,106104,0.0018441180000081658,9.904761904761905,10.44551142358414,0.0375,-0.44375,0.0075,-0.41374999999999995,4.744157243531767,-1.578914832612916,tracking,True,,False,False,-10.0,0.11249999999999999,-41.37499999999999,1500,1583,1629,1501,2000,2000,1000,1000,-10.0,5.0,15.0,20.0,100.0,100.0,0.03,0.25,3,1.0,1.0,60.0,1660,67.0
592,326447535383508,11.839976246003062,target_lost_or_stale,106104,5635342558388,True,,9.904761904761905,10.44551142358414,0.0375,-0.44375,4.744157243531767,-1.578914832612916,106104,0.02183120499830693,9.904761904761905,10.44551142358414,0.0375,-0.44375,0.0075,-0.41374999999999995,4.744157243531767,-1.578914832612916,tracking,True,,False,False,-10.0,0.11249999999999999,-41.37499999999999,1500,1583,1629,1501,2000,2000,1000,1000,-10.0,5.0,15.0,20.0,100.0,100.0,0.03,0.25,3,1.0,1.0,60.0,1660,67.0
593,326447555410776,11.86000351398252,target_lost_or_stale,106105,5635375592879,True,,9.904761904761905,10.440637724764386,0.0375,-0.44166666666666665,4.746374625946701,-1.5722365948448447,106105,0.008441206999123096,9.904761904761905,10.440637724764386,0.0375,-0.44166666666666665,0.0075,-0.4116666666666666,4.746374625946701,-1.5722365948448447,tracking,True,,False,False,-10.0,0.11249999999999999,-41.166666666666664,1500,1583,1629,1501,2000,2000,1000,1000,-10.0,5.0,15.0,20.0,100.0,100.0,0.03,0.25,3,1.0,1.0,60.0,1660,67.0
594,326447575406122,11.879998860007618,target_lost_or_stale,106105,5635375592879,True,,9.904761904761905,10.440637724764386,0.0375,-0.44166666666666665,4.746374625946701,-1.5722365948448447,106105,0.02843655302422121,9.904761904761905,10.440637724764386,0.0375,-0.44166666666666665,0.0075,-0.4116666666666666,4.746374625946701,-1.5722365948448447,tracking,True,,False,False,-10.0,0.11249999999999999,-41.166666666666664,1500,1583,1629,1501,2000,2000,1000,1000,-10.0,5.0,15.0,20.0,100.0,100.0,0.03,0.25,3,1.0,1.0,60.0,1660,67.0
595,326447595397431,11.899990168982185,target_lost_or_stale,106106,5635408881205,True,,9.904761904761905,10.421349967609393,0.0375,-0.43333333333333335,4.755170343654741,-1.5454303616877907,106106,0.015003769018221647,9.904761904761905,10.421349967609393,0.0375,-0.43333333333333335,0.0075,-0.4033333333333333,4.755170343654741,-1.5454303616877907,tracking,True,,False,False,-10.0,0.11249999999999999,-40.33333333333333,1500,1583,1630,1501,2000,2000,1000,1000,-10.0,5.0,15.0,20.0,100.0,100.0,0.03,0.25,3,1.0,1.0,60.0,1660,67.0
596,326447615390225,11.919982963008806,target_lost_or_stale,106107,5635441798682,True,,9.777777777777779,10.259798463233713,0.0375,-0.42083333333333334,4.768138467798044,-1.5049437038987579,106107,0.0014812630251981318,9.777777777777779,10.259798463233713,0.0375,-0.42083333333333334,0.0075,-0.39083333333333337,4.768138467798044,-1.5049437038987579,tracking,True,,False,False,-10.0,0.11249999999999999,-39.083333333333336,1500,1583,1631,1501,2000,2000,1000,1000,-10.0,5.0,15.0,20.0,100.0,100.0,0.03,0.25,3,1.0,1.0,60.0,1660,67.0
597,326447635409779,11.940002516959794,target_lost_or_stale,106107,5635441798682,True,,9.777777777777779,10.259798463233713,0.0375,-0.42083333333333334,4.768138467798044,-1.5049437038987579,106107,0.021500816976185888,9.777777777777779,10.259798463233713,0.0375,-0.42083333333333334,0.0075,-0.39083333333333337,4.768138467798044,-1.5049437038987579,tracking,True,,False,False,-10.0,0.11249999999999999,-39.083333333333336,1500,1583,1631,1501,2000,2000,1000,1000,-10.0,5.0,15.0,20.0,100.0,100.0,0.03,0.25,3,1.0,1.0,60.0,1660,67.0
598,326447655387444,11.959980182000436,target_lost_or_stale,106108,5635474388010,True,,9.777777777777779,10.224258270208452,0.0390625,-0.4041666666666667,4.784996242073836,-1.4504519858786318,106108,0.008073471020907164,9.777777777777779,10.224258270208452,0.0390625,-0.4041666666666667,0.009062500000000001,-0.37416666666666665,4.784996242073836,-1.4504519858786318,tracking,True,,False,False,-10.0,0.13593750000000002,-37.416666666666664,1500,1583,1633,1501,2000,2000,1000,1000,-10.0,5.0,15.0,20.0,100.0,100.0,0.03,0.25,3,1.0,1.0,60.0,1660,67.0
599,326447675348069,11.979940806981176,target_lost_or_stale,106108,5635474388010,True,,9.777777777777779,10.224258270208452,0.0390625,-0.4041666666666667,4.784996242073836,-1.4504519858786318,106108,0.028034096001647413,9.777777777777779,10.224258270208452,0.0390625,-0.4041666666666667,0.009062500000000001,-0.37416666666666665,4.784996242073836,-1.4504519858786318,tracking,True,,False,False,-10.0,0.13593750000000002,-37.416666666666664,1500,1583,1633,1501,2000,2000,1000,1000,-10.0,5.0,15.0,20.0,100.0,100.0,0.03,0.25,3,1.0,1.0,60.0,1660,67.0
600,326447695408116,12.000000853964593,target_lost_or_stale,106109,5635507489246,True,,9.777777777777779,10.189498970739011,0.0390625,-0.3875,4.801342162727943,-1.3953900660428085,106109,0.014630903955549002,9.777777777777779,10.189498970739011,0.0390625,-0.3875,0.009062500000000001,-0.35750000000000004,4.801342162727943,-1.3953900660428085,tracking,True,,False,False,-10.0,0.13593750000000002,-35.75000000000001,1500,1583,1634,1501,2000,2000,1000,1000,-10.0,5.0,15.0,20.0,100.0,100.0,0.03,0.25,3,1.0,1.0,60.0,1660,67.0
601,326447715382223,12.019974961003754,target_lost_or_stale,106110,5635540584742,True,,9.732718894009217,10.105228021924999,0.0390625,-0.36875,4.819096762935554,-1.332781448499364,106110,0.0011711280094459653,9.732718894009217,10.105228021924999,0.0390625,-0.36875,0.009062500000000001,-0.33875,4.819096762935554,-1.332781448499364,tracking,True,,False,False,-10.0,0.13593750000000002,-33.875,1500,1583,1636,1501,2000,2000,1000,1000,-10.0,5.0,15.0,20.0,100.0,100.0,0.03,0.25,3,1.0,1.0,60.0,1660,67.0
602,326447735387029,12.039979766996112,target_lost_or_stale,106110,5635540584742,True,,9.732718894009217,10.105228021924999,0.0390625,-0.36875,4.819096762935554,-1.332781448499364,106110,0.021175934001803398,9.732718894009217,10.105228021924999,0.0390625,-0.36875,0.009062500000000001,-0.33875,4.819096762935554,-1.332781448499364,tracking,True,,False,False,-10.0,0.13593750000000002,-33.875,1500,1583,1636,1501,2000,2000,1000,1000,-10.0,5.0,15.0,20.0,100.0,100.0,0.03,0.25,3,1.0,1.0,60.0,1660,67.0
603,326447755408159,12.060000896977726,target_lost_or_stale,106111,5635573864300,True,,9.60573476702509,9.938255522892426,0.0390625,-0.35,4.83615482689717,-1.2694906420605072,106111,0.007779147010296583,9.60573476702509,9.938255522892426,0.0390625,-0.35,0.009062500000000001,-0.31999999999999995,4.83615482689717,-1.2694906420605072,tracking,True,,False,False,-10.0,0.13593750000000002,-31.999999999999996,1500,1583,1638,1501,2000,2000,1000,1000,-10.0,5.0,15.0,20.0,100.0,100.0,0.03,0.25,3,1.0,1.0,60.0,1660,67.0
604,326447775388916,12.079981654009316,target_lost_or_stale,106111,5635573864300,True,,9.60573476702509,9.938255522892426,0.0390625,-0.35,4.83615482689717,-1.2694906420605072,106111,0.02775990404188633,9.60573476702509,9.938255522892426,0.0390625,-0.35,0.009062500000000001,-0.31999999999999995,4.83615482689717,-1.2694906420605072,tracking,True,,False,False,-10.0,0.13593750000000002,-31.999999999999996,1500,1583,1638,1501,2000,2000,1000,1000,-10.0,5.0,15.0,20.0,100.0,100.0,0.03,0.25,3,1.0,1.0,60.0,1660,67.0
605,326447795389895,12.099982632964384,target_lost_or_stale,106112,5635606634534,True,,9.60573476702509,9.908471993767346,0.0390625,-0.3333333333333333,4.850712500726659,-1.2126781251816647,106112,0.014347596967127174,9.60573476702509,9.908471993767346,0.0390625,-0.3333333333333333,0.009062500000000001,-0.30333333333333334,4.850712500726659,-1.2126781251816647,tracking,True,,False,False,-10.0,0.13593750000000002,-30.333333333333336,1500,1583,1640,1501,2000,2000,1000,1000,-10.0,5.0,15.0,20.0,100.0,100.0,0.03,0.25,3,1.0,1.0,60.0,1660,67.0
606,326447815403992,12.119996730005369,target_lost_or_stale,106113,5635639703476,True,,9.60573476702509,9.887032449040968,0.0390625,-0.32083333333333336,4.861246187897627,-1.1697373639628663,106113,0.0009254229953512549,9.60573476702509,9.887032449040968,0.0390625,-0.32083333333333336,0.009062500000000001,-0.2908333333333334,4.861246187897627,-1.1697373639628663,tracking,True,,False,False,-10.0,0.13593750000000002,-29.08333333333334,1500,1583,1641,1501,2000,2000,1000,1000,-10.0,5.0,15.0,20.0,100.0,100.0,0.03,0.25,3,1.0,1.0,60.0,1660,67.0
607,326447835386221,12.139978958992288,target_lost_or_stale,106113,5635639703476,True,,9.60573476702509,9.887032449040968,0.0390625,-0.32083333333333336,4.861246187897627,-1.1697373639628663,106113,0.02090765198227018,9.60573476702509,9.887032449040968,0.0390625,-0.32083333333333336,0.009062500000000001,-0.2908333333333334,4.861246187897627,-1.1697373639628663,tracking,True,,False,False,-10.0,0.13593750000000002,-29.08333333333334,1500,1583,1641,1501,2000,2000,1000,1000,-10.0,5.0,15.0,20.0,100.0,100.0,0.03,0.25,3,1.0,1.0,60.0,1660,67.0
608,326447855475198,12.160067935998086,target_lost_or_stale,106114,5635672521595,True,,9.60573476702509,9.873169889606563,0.0390625,-0.3125,4.868081552839005,-1.1409566139466416,106114,0.007530527014750987,9.60573476702509,9.873169889606563,0.0390625,-0.3125,0.009062500000000001,-0.2825,4.868081552839005,-1.1409566139466416,tracking,True,,False,False,-10.0,0.13593750000000002,-28.249999999999996,1500,1583,1642,1501,2000,2000,1000,1000,-10.0,5.0,15.0,20.0,100.0,100.0,0.03,0.25,3,1.0,1.0,60.0,1660,67.0
609,326447875424097,12.180016834987327,target_lost_or_stale,106114,5635672521595,True,,9.60573476702509,9.873169889606563,0.0390625,-0.3125,4.868081552839005,-1.1409566139466416,106114,0.027479426003992558,9.60573476702509,9.873169889606563,0.0390625,-0.3125,0.009062500000000001,-0.2825,4.868081552839005,-1.1409566139466416,tracking,True,,False,False,-10.0,0.13593750000000002,-28.249999999999996,1500,1583,1642,1501,2000,2000,1000,1000,-10.0,5.0,15.0,20.0,100.0,100.0,0.03,0.25,3,1.0,1.0,60.0,1660,67.0
610,326447895412985,12.200005722988863,target_lost_or_stale,106115,5635705568971,True,,9.60573476702509,9.866368298727043,0.0390625,-0.30833333333333335,4.871442327525013,-1.1265210382401594,106115,0.014021644019521773,9.60573476702509,9.866368298727043,0.0390625,-0.30833333333333335,0.009062500000000001,-0.2783333333333333,4.871442327525013,-1.1265210382401594,tracking,True,,False,False,-10.0,0.13593750000000002,-27.833333333333332,1500,1583,1642,1501,2000,2000,1000,1000,-10.0,5.0,15.0,20.0,100.0,100.0,0.03,0.25,3,1.0,1.0,60.0,1660,67.0
611,326447915394829,12.219987566990312,target_lost_or_stale,106116,5635738534502,True,,9.60573476702509,9.859093625603771,0.0375,-0.30416666666666664,4.874764821477847,-1.1120557248996341,106116,0.0005355710163712502,9.60573476702509,9.859093625603771,0.0375,-0.30416666666666664,0.0075,-0.27416666666666667,4.874764821477847,-1.1120557248996341,tracking,True,,False,False,-10.0,0.11249999999999999,-27.416666666666668,1500,1583,1643,1501,2000,2000,1000,1000,-10.0,5.0,15.0,20.0,100.0,100.0,0.03,0.25,3,1.0,1.0,60.0,1660,67.0
612,326447935394652,12.239987389999442,target_lost_or_stale,106116,5635738534502,True,,9.60573476702509,9.859093625603771,0.0375,-0.30416666666666664,4.874764821477847,-1.1120557248996341,106116,0.020535394025500864,9.60573476702509,9.859093625603771,0.0375,-0.30416666666666664,0.0075,-0.27416666666666667,4.874764821477847,-1.1120557248996341,tracking,True,,False,False,-10.0,0.11249999999999999,-27.416666666666668,1500,1583,1643,1501,2000,2000,1000,1000,-10.0,5.0,15.0,20.0,100.0,100.0,0.03,0.25,3,1.0,1.0,60.0,1660,67.0
613,326447955416116,12.260008853976615,target_lost_or_stale,106117,5635771125966,True,,9.60573476702509,9.865808898927074,0.0375,-0.30833333333333335,4.871442327525013,-1.1265210382401594,106117,0.007112265971954912,9.60573476702509,9.865808898927074,0.0375,-0.30833333333333335,0.0075,-0.2783333333333333,4.871442327525013,-1.1265210382401594,tracking,True,,False,False,-10.0,0.11249999999999999,-27.833333333333332,1500,1583,1642,1501,2000,2000,1000,1000,-10.0,5.0,15.0,20.0,100.0,100.0,0.03,0.25,3,1.0,1.0,60.0,1660,67.0
614,326447975413333,12.280006070970558,target_lost_or_stale,106117,5635771125966,True,,9.60573476702509,9.865808898927074,0.0375,-0.30833333333333335,4.871442327525013,-1.1265210382401594,106117,0.02710948296589777,9.60573476702509,9.865808898927074,0.0375,-0.30833333333333335,0.0075,-0.2783333333333333,4.871442327525013,-1.1265210382401594,tracking,True,,False,False,-10.0,0.11249999999999999,-27.833333333333332,1500,1583,1642,1501,2000,2000,1000,1000,-10.0,5.0,15.0,20.0,100.0,100.0,0.03,0.25,3,1.0,1.0,60.0,1660,67.0
615,326447995394067,12.299986805010121,target_lost_or_stale,106118,5635804582149,True,,9.444444444444445,9.706839423934278,0.0375,-0.3125,4.868081552839004,-1.1409566139466418,106118,0.013587188033852726,9.444444444444445,9.706839423934278,0.0375,-0.3125,0.0075,-0.2825,4.868081552839004,-1.1409566139466418,tracking,True,,False,False,-10.0,0.11249999999999999,-28.249999999999996,1500,1583,1642,1501,2000,2000,1000,1000,-10.0,5.0,15.0,20.0,100.0,100.0,0.03,0.25,3,1.0,1.0,60.0,1660,67.0
616,326448015387123,12.319979860971216,target_lost_or_stale,106119,5635837238553,True,,9.444444444444445,9.7136122589531,0.0375,-0.31666666666666665,4.864682753597802,-1.1553621539794783,106119,0.00010402395855635405,9.444444444444445,9.7136122589531,0.0375,-0.31666666666666665,0.0075,-0.2866666666666666,4.864682753597802,-1.1553621539794783,tracking,True,,False,False,-10.0,0.11249999999999999,-28.666666666666664,1500,1583,1642,1501,2000,2000,1000,1000,-10.0,5.0,15.0,20.0,100.0,100.0,0.03,0.25,3,1.0,1.0,60.0,1660,67.0
617,326448035390942,12.339983679994475,target_lost_or_stale,106119,5635837238553,True,,9.444444444444445,9.7136122589531,0.0375,-0.31666666666666665,4.864682753597802,-1.1553621539794783,106119,0.020107842981815338,9.444444444444445,9.7136122589531,0.0375,-0.31666666666666665,0.0075,-0.2866666666666666,4.864682753597802,-1.1553621539794783,tracking,True,,False,False,-10.0,0.11249999999999999,-28.666666666666664,1500,1583,1642,1501,2000,2000,1000,1000,-10.0,5.0,15.0,20.0,100.0,100.0,0.03,0.25,3,1.0,1.0,60.0,1660,67.0
618,326448055397370,12.359990108001512,target_lost_or_stale,106120,5635870312973,True,,9.444444444444445,9.720469987186723,0.0375,-0.32083333333333336,4.861246187897626,-1.1697373639628665,106120,0.006658844999037683,9.444444444444445,9.720469987186723,0.0375,-0.32083333333333336,0.0075,-0.2908333333333334,4.861246187897626,-1.1697373639628665,tracking,True,,False,False,-10.0,0.11249999999999999,-29.08333333333334,1500,1583,1641,1501,2000,2000,1000,1000,-10.0,5.0,15.0,20.0,100.0,100.0,0.03,0.25,3,1.0,1.0,60.0,1660,67.0
619,326448075393179,12.379985917010345,target_lost_or_stale,106120,5635870312973,True,,9.444444444444445,9.720469987186723,0.0375,-0.32083333333333336,4.861246187897626,-1.1697373639628665,106120,0.026654654007870704,9.444444444444445,9.720469987186723,0.0375,-0.32083333333333336,0.0075,-0.2908333333333334,4.861246187897626,-1.1697373639628665,tracking,True,,False,False,-10.0,0.11249999999999999,-29.08333333333334,1500,1583,1641,1501,2000,2000,1000,1000,-10.0,5.0,15.0,20.0,100.0,100.0,0.03,0.25,3,1.0,1.0,60.0,1660,67.0
620,326448095416438,12.400009175995365,target_lost_or_stale,106121,5635903287225,True,,9.444444444444445,9.723930630217534,0.0375,-0.3229166666666667,4.859513823792681,-1.17691350419979,106121,0.013251575001049787,9.444444444444445,9.723930630217534,0.0375,-0.3229166666666667,0.0075,-0.2929166666666667,4.859513823792681,-1.17691350419979,tracking,True,,False,False,-10.0,0.11249999999999999,-29.29166666666667,1500,1583,1641,1501,2000,2000,1000,1000,-10.0,5.0,15.0,20.0,100.0,100.0,0.03,0.25,3,1.0,1.0,60.0,1660,67.0
621,326448115409974,12.42000271199504,target_lost_or_stale,106121,5635903287225,True,,9.444444444444445,9.723930630217534,0.0375,-0.3229166666666667,4.859513823792681,-1.17691350419979,106121,0.03324511100072414,9.444444444444445,9.723930630217534,0.0375,-0.3229166666666667,0.0075,-0.2929166666666667,4.859513823792681,-1.17691350419979,tracking,True,,False,False,-10.0,0.11249999999999999,-29.29166666666667,1500,1583,1641,1501,2000,2000,1000,1000,-10.0,5.0,15.0,20.0,100.0,100.0,0.03,0.25,3,1.0,1.0,60.0,1660,67.0
622,326448135409275,12.440002012997866,target_lost_or_stale,106122,5635936190018,True,,9.444444444444445,9.723930630217534,0.0375,-0.3229166666666667,4.859513823792681,-1.17691350419979,106122,0.019722964032553136,9.444444444444445,9.723930630217534,0.0375,-0.3229166666666667,0.0075,-0.2929166666666667,4.859513823792681,-1.17691350419979,tracking,True,,False,False,-10.0,0.11249999999999999,-29.29166666666667,1500,1583,1641,1501,2000,2000,1000,1000,-10.0,5.0,15.0,20.0,100.0,100.0,0.03,0.25,3,1.0,1.0,60.0,1660,67.0
623,326448155409477,12.460002214997075,target_lost_or_stale,106123,5635969386533,True,,9.324324324324325,9.593443488925802,0.0375,-0.31875,4.862969175350511,-1.1625535684822315,106123,0.006288190023042262,9.324324324324325,9.593443488925802,0.0375,-0.31875,0.0075,-0.28874999999999995,4.862969175350511,-1.1625535684822315,tracking,True,,False,False,-10.0,0.11249999999999999,-28.874999999999996,1500,1583,1641,1501,2000,2000,1000,1000,-10.0,5.0,15.0,20.0,100.0,100.0,0.03,0.25,3,1.0,1.0,60.0,1660,67.0
624,326448175355535,12.479948272986803,target_lost_or_stale,106123,5635969386533,True,,9.324324324324325,9.593443488925802,0.0375,-0.31875,4.862969175350511,-1.1625535684822315,106123,0.026234248012769967,9.324324324324325,9.593443488925802,0.0375,-0.31875,0.0075,-0.28874999999999995,4.862969175350511,-1.1625535684822315,tracking,True,,False,False,-10.0,0.11249999999999999,-28.874999999999996,1500,1583,1641,1501,2000,2000,1000,1000,-10.0,5.0,15.0,20.0,100.0,100.0,0.03,0.25,3,1.0,1.0,60.0,1660,67.0
625,326448195402866,12.499995603982825,target_lost_or_stale,106124,5636002402571,True,,9.324324324324325,9.583382006777722,0.0375,-0.3125,4.868081552839004,-1.1409566139466416,106124,0.012875562999397516,9.324324324324325,9.583382006777722,0.0375,-0.3125,0.0075,-0.2825,4.868081552839004,-1.1409566139466416,tracking,True,,False,False,-10.0,0.11249999999999999,-28.249999999999996,1500,1583,1642,1501,2000,2000,1000,1000,-10.0,5.0,15.0,20.0,100.0,100.0,0.03,0.25,3,1.0,1.0,60.0,1660,67.0
626,326448215434217,12.520026954996865,target_lost_or_stale,106124,5636002402571,True,,9.324324324324325,9.583382006777722,0.0375,-0.3125,4.868081552839004,-1.1409566139466416,106124,0.03290691401343793,9.324324324324325,9.583382006777722,0.0375,-0.3125,0.0075,-0.2825,4.868081552839004,-1.1409566139466416,tracking,True,,False,False,-10.0,0.11249999999999999,-28.249999999999996,1500,1583,1642,1501,2000,2000,1000,1000,-10.0,5.0,15.0,20.0,100.0,100.0,0.03,0.25,3,1.0,1.0,60.0,1660,67.0
627,326448235388885,12.539981623005588,target_lost_or_stale,106125,5636035287478,True,,9.324324324324325,9.567033103592024,0.0375,-0.3020833333333333,4.876411633660539,-1.104812010751216,106125,0.019097237032838166,9.324324324324325,9.567033103592024,0.0375,-0.3020833333333333,0.0075,-0.27208333333333334,4.876411633660539,-1.104812010751216,tracking,True,,False,False,-10.0,0.11249999999999999,-27.208333333333336,1500,1583,1643,1501,2000,2000,1000,1000,-10.0,5.0,15.0,20.0,100.0,100.0,0.03,0.25,3,1.0,1.0,60.0,1660,67.0
628,326448255386916,12.55997965397546,target_lost_or_stale,106126,5636068614274,True,,9.324324324324325,9.542518400776132,0.0390625,-0.28541666666666665,4.8892355521291435,-1.0466019853776447,106126,0.005945976008661091,9.324324324324325,9.542518400776132,0.0390625,-0.28541666666666665,0.009062500000000001,-0.2554166666666666,4.8892355521291435,-1.0466019853776447,tracking,True,,False,False,-10.0,0.13593750000000002,-25.541666666666664,1500,1583,1645,1501,2000,2000,1000,1000,-10.0,5.0,15.0,20.0,100.0,100.0,0.03,0.25,3,1.0,1.0,60.0,1660,67.0
629,326448275382692,12.57997542998055,target_lost_or_stale,106126,5636068614274,True,,9.324324324324325,9.542518400776132,0.0390625,-0.28541666666666665,4.8892355521291435,-1.0466019853776447,106126,0.025941752013750374,9.324324324324325,9.542518400776132,0.0390625,-0.28541666666666665,0.009062500000000001,-0.2554166666666666,4.8892355521291435,-1.0466019853776447,tracking,True,,False,False,-10.0,0.13593750000000002,-25.541666666666664,1500,1583,1645,1501,2000,2000,1000,1000,-10.0,5.0,15.0,20.0,100.0,100.0,0.03,0.25,3,1.0,1.0,60.0,1660,67.0
630,326448295392793,12.599985531007405,target_lost_or_stale,106127,5636101621426,True,,9.324324324324325,9.51882142122803,0.0390625,-0.26875,4.901425064354986,-0.9879434895340519,106127,0.012436827993951738,9.324324324324325,9.51882142122803,0.0390625,-0.26875,0.009062500000000001,-0.23875,4.901425064354986,-0.9879434895340519,tracking,True,,False,False,-10.0,0.13593750000000002,-23.875,1500,1583,1646,1501,2000,2000,1000,1000,-10.0,5.0,15.0,20.0,100.0,100.0,0.03,0.25,3,1.0,1.0,60.0,1660,67.0
631,326448315583929,12.620176666998304,target_lost_or_stale,106127,5636101621426,True,,9.324324324324325,9.51882142122803,0.0390625,-0.26875,4.901425064354986,-0.9879434895340519,106127,0.032627963984850794,9.324324324324325,9.51882142122803,0.0390625,-0.26875,0.009062500000000001,-0.23875,4.901425064354986,-0.9879434895340519,tracking,True,,False,False,-10.0,0.13593750000000002,-23.875,1500,1583,1646,1501,2000,2000,1000,1000,-10.0,5.0,15.0,20.0,100.0,100.0,0.03,0.25,3,1.0,1.0,60.0,1660,67.0
632,326448335387810,12.639980548003223,target_lost_or_stale,106128,5636134615375,True,,9.172809172809174,9.336904333888745,0.0390625,-0.24791666666666667,4.915746582126019,-0.9140216301140568,106128,0.018931597005575895,9.172809172809174,9.336904333888745,0.0390625,-0.24791666666666667,0.009062500000000001,-0.21791666666666668,4.915746582126019,-0.9140216301140568,tracking,True,,False,False,-10.0,0.13593750000000002,-21.791666666666668,1500,1583,1648,1501,2000,2000,1000,1000,-10.0,5.0,15.0,20.0,100.0,100.0,0.03,0.25,3,1.0,1.0,60.0,1660,67.0
633,326448355399308,12.65999204601394,target_lost_or_stale,106129,5636168068439,True,,9.172809172809174,9.311789448608753,0.0390625,-0.22708333333333333,4.92902450662179,-0.8394744862840235,106129,0.005477756028994918,9.172809172809174,9.311789448608753,0.0390625,-0.22708333333333333,0.009062500000000001,-0.19708333333333333,4.92902450662179,-0.8394744862840235,tracking,True,,False,False,-10.0,0.13593750000000002,-19.708333333333332,1500,1583,1650,1501,2000,2000,1000,1000,-10.0,5.0,15.0,20.0,100.0,100.0,0.03,0.25,3,1.0,1.0,60.0,1660,67.0
634,326448375390140,12.679982877976727,target_lost_or_stale,106129,5636168068439,True,,9.172809172809174,9.311789448608753,0.0390625,-0.22708333333333333,4.92902450662179,-0.8394744862840235,106129,0.025468587991781533,9.172809172809174,9.311789448608753,0.0390625,-0.22708333333333333,0.009062500000000001,-0.19708333333333333,4.92902450662179,-0.8394744862840235,tracking,True,,False,False,-10.0,0.13593750000000002,-19.708333333333332,1500,1583,1650,1501,2000,2000,1000,1000,-10.0,5.0,15.0,20.0,100.0,100.0,0.03,0.25,3,1.0,1.0,60.0,1660,67.0
635,326448395385978,12.699978715972975,target_lost_or_stale,106130,5636201049028,True,,9.172809172809174,9.293240312749218,0.0390625,-0.21041666666666667,4.93887738098425,-0.779416586686577,106130,0.012021447997540236,9.172809172809174,9.293240312749218,0.0390625,-0.21041666666666667,0.009062500000000001,-0.18041666666666667,4.93887738098425,-0.779416586686577,tracking,True,,False,False,-10.0,0.13593750000000002,-18.041666666666668,1500,1583,1652,1501,2000,2000,1000,1000,-10.0,5.0,15.0,20.0,100.0,100.0,0.03,0.25,3,1.0,1.0,60.0,1660,67.0
636,326448415401017,12.719993754988536,target_lost_or_stale,106130,5636201049028,True,,9.172809172809174,9.293240312749218,0.0390625,-0.21041666666666667,4.93887738098425,-0.779416586686577,106130,0.03203648701310158,9.172809172809174,9.293240312749218,0.0390625,-0.21041666666666667,0.009062500000000001,-0.18041666666666667,4.93887738098425,-0.779416586686577,tracking,True,,False,False,-10.0,0.13593750000000002,-18.041666666666668,1500,1583,1652,1501,2000,2000,1000,1000,-10.0,5.0,15.0,20.0,100.0,100.0,0.03,0.25,3,1.0,1.0,60.0,1660,67.0
637,326448435384691,12.739977428980637,target_lost_or_stale,106131,5636234221990,True,,9.172809172809174,9.27607148363901,0.0390625,-0.19375,4.948032262508674,-0.7190109381457918,106131,0.018574050976894796,9.172809172809174,9.27607148363901,0.0390625,-0.19375,0.009062500000000001,-0.16375,4.948032262508674,-0.7190109381457918,tracking,True,,False,False,-10.0,0.13593750000000002,-16.375,1500,1583,1654,1501,2000,2000,1000,1000,-10.0,5.0,15.0,20.0,100.0,100.0,0.03,0.25,3,1.0,1.0,60.0,1660,67.0
638,326448455387032,12.75997976999497,target_lost_or_stale,106132,5636267319600,True,,9.172809172809174,9.260290638659361,0.0390625,-0.17708333333333334,4.956477041954939,-0.6582821071346404,106132,0.005132681981194764,9.172809172809174,9.260290638659361,0.0390625,-0.17708333333333334,0.009062500000000001,-0.14708333333333334,4.956477041954939,-0.6582821071346404,tracking,True,,False,False,-10.0,0.13593750000000002,-14.708333333333334,1500,1583,1655,1501,2000,2000,1000,1000,-10.0,5.0,15.0,20.0,100.0,100.0,0.03,0.25,3,1.0,1.0,60.0,1660,67.0
639,326448475385123,12.779977860976942,target_lost_or_stale,106132,5636267319600,True,,9.172809172809174,9.260290638659361,0.0390625,-0.17708333333333334,4.956477041954939,-0.6582821071346404,106132,0.025130772963166237,9.172809172809174,9.260290638659361,0.0390625,-0.17708333333333334,0.009062500000000001,-0.14708333333333334,4.956477041954939,-0.6582821071346404,tracking,True,,False,False,-10.0,0.13593750000000002,-14.708333333333334,1500,1583,1655,1501,2000,2000,1000,1000,-10.0,5.0,15.0,20.0,100.0,100.0,0.03,0.25,3,1.0,1.0,60.0,1660,67.0
640,326448495391003,12.79998374095885,target_lost_or_stale,106133,5636300121401,True,,9.172809172809174,9.252922953872107,0.0390625,-0.16875,4.960429585603169,-0.6278043694279012,106133,0.011634872993454337,9.172809172809174,9.252922953872107,0.0390625,-0.16875,0.009062500000000001,-0.13875,4.960429585603169,-0.6278043694279012,tracking,True,,False,False,-10.0,0.13593750000000002,-13.875000000000002,1500,1583,1656,1501,2000,2000,1000,1000,-10.0,5.0,15.0,20.0,100.0,100.0,0.03,0.25,3,1.0,1.0,60.0,1660,67.0
641,326448515405879,12.819998616992962,target_lost_or_stale,106133,5636300121401,True,,9.172809172809174,9.252922953872107,0.0390625,-0.16875,4.960429585603169,-0.6278043694279012,106133,0.03164974902756512,9.172809172809174,9.252922953872107,0.0390625,-0.16875,0.009062500000000001,-0.13875,4.960429585603169,-0.6278043694279012,tracking,True,,False,False,-10.0,0.13593750000000002,-13.875000000000002,1500,1583,1656,1501,2000,2000,1000,1000,-10.0,5.0,15.0,20.0,100.0,100.0,0.03,0.25,3,1.0,1.0,60.0,1660,67.0
642,326448535384879,12.839977616968099,target_lost_or_stale,106134,5636333391321,True,,9.172809172809174,9.247626581398631,0.0390625,-0.1625,4.963274831650301,-0.6048991201073803,106134,0.01820998196490109,9.172809172809174,9.247626581398631,0.0390625,-0.1625,0.009062500000000001,-0.1325,4.963274831650301,-0.6048991201073803,tracking,True,,False,False,-10.0,0.13593750000000002,-13.25,1500,1583,1657,1501,2000,2000,1000,1000,-10.0,5.0,15.0,20.0,100.0,100.0,0.03,0.25,3,1.0,1.0,60.0,1660,67.0
643,326448555389527,12.859982264984865,target_lost_or_stale,106136,5636399926730,True,,9.172809172809174,9.245904884817458,0.0390625,-0.16041666666666668,4.964200441981701,-0.5972553656759234,106136,0.004765937977936119,9.172809172809174,9.245904884817458,0.0390625,-0.16041666666666668,0.009062500000000001,-0.13041666666666668,4.964200441981701,-0.5972553656759234,tracking,True,,False,False,-10.0,0.13593750000000002,-13.041666666666668,1500,1583,1657,1501,2000,2000,1000,1000,-10.0,5.0,15.0,20.0,100.0,100.0,0.03,0.25,3,1.0,1.0,60.0,1660,67.0
644,326448575363740,12.879956477961969,target_lost_or_stale,106136,5636399926730,True,,9.172809172809174,9.245904884817458,0.0390625,-0.16041666666666668,4.964200441981701,-0.5972553656759234,106136,0.024740150955040008,9.172809172809174,9.245904884817458,0.0390625,-0.16041666666666668,0.009062500000000001,-0.13041666666666668,4.964200441981701,-0.5972553656759234,tracking,True,,False,False,-10.0,0.13593750000000002,-13.041666666666668,1500,1583,1657,1501,2000,2000,1000,1000,-10.0,5.0,15.0,20.0,100.0,100.0,0.03,0.25,3,1.0,1.0,60.0,1660,67.0
645,326448595382675,12.899975412990898,target_lost_or_stale,106137,5636431332783,True,,9.172809172809174,9.245904884817458,0.0390625,-0.16041666666666668,4.964200441981701,-0.5972553656759234,106137,0.011315665033180267,9.172809172809174,9.245904884817458,0.0390625,-0.16041666666666668,0.009062500000000001,-0.13041666666666668,4.964200441981701,-0.5972553656759234,tracking,True,,False,False,-10.0,0.13593750000000002,-13.041666666666668,1500,1583,1657,1501,2000,2000,1000,1000,-10.0,5.0,15.0,20.0,100.0,100.0,0.03,0.25,3,1.0,1.0,60.0,1660,67.0
646,326448615431446,12.920024183986243,target_lost_or_stale,106137,5636431332783,True,,9.172809172809174,9.245904884817458,0.0390625,-0.16041666666666668,4.964200441981701,-0.5972553656759234,106137,0.03136443602852523,9.172809172809174,9.245904884817458,0.0390625,-0.16041666666666668,0.009062500000000001,-0.13041666666666668,4.964200441981701,-0.5972553656759234,tracking,True,,False,False,-10.0,0.13593750000000002,-13.041666666666668,1500,1583,1657,1501,2000,2000,1000,1000,-10.0,5.0,15.0,20.0,100.0,100.0,0.03,0.25,3,1.0,1.0,60.0,1660,67.0
647,326448635392607,12.939985345001332,target_lost_or_stale,106138,5636464272633,True,,8.895752895752896,8.966640818908685,0.0390625,-0.16041666666666668,4.9642004419817,-0.5972553656759235,106138,0.01787735999096185,8.895752895752896,8.966640818908685,0.0390625,-0.16041666666666668,0.009062500000000001,-0.13041666666666668,4.9642004419817,-0.5972553656759235,tracking,True,,False,False,-10.0,0.13593750000000002,-13.041666666666668,1500,1583,1657,1501,2000,2000,1000,1000,-10.0,5.0,15.0,20.0,100.0,100.0,0.03,0.25,3,1.0,1.0,60.0,1660,67.0
648,326448655384236,12.95997697400162,target_lost_or_stale,106139,5636497116538,True,,8.895752895752896,8.968310513225774,0.0390625,-0.1625,4.9632748316503,-0.6048991201073803,106139,0.004392822040244937,8.895752895752896,8.968310513225774,0.0390625,-0.1625,0.009062500000000001,-0.1325,4.9632748316503,-0.6048991201073803,tracking,True,,False,False,-10.0,0.13593750000000002,-13.25,1500,1583,1657,1501,2000,2000,1000,1000,-10.0,5.0,15.0,20.0,100.0,100.0,0.03,0.25,3,1.0,1.0,60.0,1660,67.0
649,326448675389232,12.979981969983783,target_lost_or_stale,106139,5636497116538,True,,8.895752895752896,8.968310513225774,0.0390625,-0.1625,4.9632748316503,-0.6048991201073803,106139,0.02439781802240759,8.895752895752896,8.968310513225774,0.0390625,-0.1625,0.009062500000000001,-0.1325,4.9632748316503,-0.6048991201073803,tracking,True,,False,False,-10.0,0.13593750000000002,-13.25,1500,1583,1657,1501,2000,2000,1000,1000,-10.0,5.0,15.0,20.0,100.0,100.0,0.03,0.25,3,1.0,1.0,60.0,1660,67.0
650,326448695418707,13.000011444964912,target_lost_or_stale,106140,5636530304634,True,,8.895752895752896,8.966640818908685,0.0390625,-0.16041666666666668,4.9642004419817,-0.5972553656759235,106140,0.01101380295585841,8.895752895752896,8.966640818908685,0.0390625,-0.16041666666666668,0.009062500000000001,-0.13041666666666668,4.9642004419817,-0.5972553656759235,tracking,True,,False,False,-10.0,0.13593750000000002,-13.041666666666668,1500,1583,1657,1501,2000,2000,1000,1000,-10.0,5.0,15.0,20.0,100.0,100.0,0.03,0.25,3,1.0,1.0,60.0,1660,67.0
651,326448715392858,13.019985596009064,target_lost_or_stale,106140,5636530304634,True,,8.895752895752896,8.966640818908685,0.0390625,-0.16041666666666668,4.9642004419817,-0.5972553656759235,106140,0.030987954000011086,8.895752895752896,8.966640818908685,0.0390625,-0.16041666666666668,0.009062500000000001,-0.13041666666666668,4.9642004419817,-0.5972553656759235,tracking,True,,False,False,-10.0,0.13593750000000002,-13.041666666666668,1500,1583,1657,1501,2000,2000,1000,1000,-10.0,5.0,15.0,20.0,100.0,100.0,0.03,0.25,3,1.0,1.0,60.0,1660,67.0
652,326448735378528,13.039971266000066,target_lost_or_stale,106141,5636564374622,True,,8.895752895752896,8.963914778760456,0.040625,-0.15625,4.96601733742006,-0.5819551567289133,106141,0.017474363034125417,8.895752895752896,8.963914778760456,0.040625,-0.15625,0.010625000000000002,-0.12625,4.96601733742006,-0.5819551567289133,tracking,True,,False,False,-10.0,0.15937500000000004,-12.625,1500,1583,1658,1501,2000,2000,1000,1000,-10.0,5.0,15.0,20.0,100.0,100.0,0.03,0.25,3,1.0,1.0,60.0,1660,67.0
653,326448755385514,13.05997825198574,target_lost_or_stale,106142,5636596278570,True,,8.895752895752896,8.957069086850654,0.0390625,-0.14791666666666667,4.969513293759389,-0.5513053810264323,106142,0.004071880015544593,8.895752895752896,8.957069086850654,0.0390625,-0.14791666666666667,0.009062500000000001,-0.11791666666666667,4.969513293759389,-0.5513053810264323,tracking,True,,False,False,-10.0,0.13593750000000002,-11.791666666666668,1500,1583,1658,1501,2000,2000,1000,1000,-10.0,5.0,15.0,20.0,100.0,100.0,0.03,0.25,3,1.0,1.0,60.0,1660,67.0
654,326448775415717,13.080008454970084,target_lost_or_stale,106142,5636596278570,True,,8.895752895752896,8.957069086850654,0.0390625,-0.14791666666666667,4.969513293759389,-0.5513053810264323,106142,0.024102082999888808,8.895752895752896,8.957069086850654,0.0390625,-0.14791666666666667,0.009062500000000001,-0.11791666666666667,4.969513293759389,-0.5513053810264323,tracking,True,,False,False,-10.0,0.13593750000000002,-11.791666666666668,1500,1583,1658,1501,2000,2000,1000,1000,-10.0,5.0,15.0,20.0,100.0,100.0,0.03,0.25,3,1.0,1.0,60.0,1660,67.0
655,326448795390064,13.099982801999431,target_lost_or_stale,106143,5636629191670,True,,8.781954887218046,8.834338160404325,0.040625,-0.13541666666666666,4.974410443272702,-0.5052135606448838,106143,0.01062130299396813,8.781954887218046,8.834338160404325,0.040625,-0.13541666666666666,0.010625000000000002,-0.10541666666666666,4.974410443272702,-0.5052135606448838,tracking,True,,False,False,-10.0,0.15937500000000004,-10.541666666666666,1500,1583,1660,1501,2000,2000,1000,1000,-10.0,5.0,15.0,20.0,100.0,100.0,0.03,0.25,3,1.0,1.0,60.0,1660,67.0
656,326448815438596,13.12003133399412,target_lost_or_stale,106143,5636629191670,True,,8.781954887218046,8.834338160404325,0.040625,-0.13541666666666666,4.974410443272702,-0.5052135606448838,106143,0.030669834988657385,8.781954887218046,8.834338160404325,0.040625,-0.13541666666666666,0.010625000000000002,-0.10541666666666666,4.974410443272702,-0.5052135606448838,tracking,True,,False,False,-10.0,0.15937500000000004,-10.541666666666666,1500,1583,1660,1501,2000,2000,1000,1000,-10.0,5.0,15.0,20.0,100.0,100.0,0.03,0.25,3,1.0,1.0,60.0,1660,67.0
657,326448835386550,13.139979287981987,target_lost_or_stale,106144,5636662180491,True,,8.76876876876877,8.811907074755837,0.040625,-0.12083333333333333,4.979593385728608,-0.45127565058165514,106144,0.017217647982761264,8.76876876876877,8.811907074755837,0.040625,-0.12083333333333333,0.010625000000000002,-0.09083333333333334,4.979593385728608,-0.45127565058165514,tracking,True,,False,False,-10.0,0.15937500000000004,-9.083333333333334,1500,1583,1661,1501,2000,2000,1000,1000,-10.0,5.0,15.0,20.0,100.0,100.0,0.03,0.25,3,1.0,1.0,60.0,1660,67.0
658,326448855405571,13.159998308983631,target_lost_or_stale,106145,5636695234422,True,,8.76876876876877,8.801643546952315,0.040625,-0.10208333333333333,4.985409572547382,-0.38169542039815896,106145,0.0037402139860205352,8.76876876876877,8.801643546952315,0.040625,-0.10208333333333333,0.010625000000000002,-0.07208333333333333,4.985409572547382,-0.38169542039815896,tracking,True,,False,False,-10.0,0.15937500000000004,-7.208333333333333,1500,1583,1663,1501,2000,2000,1000,1000,-10.0,5.0,15.0,20.0,100.0,100.0,0.03,0.25,3,1.0,1.0,60.0,1660,67.0
659,326448875410786,13.180003524001222,target_lost_or_stale,106145,5636695234422,True,,8.76876876876877,8.801643546952315,0.040625,-0.10208333333333333,4.985409572547382,-0.38169542039815896,106145,0.023745429003611207,8.76876876876877,8.801643546952315,0.040625,-0.10208333333333333,0.010625000000000002,-0.07208333333333333,4.985409572547382,-0.38169542039815896,tracking,True,,False,False,-10.0,0.15937500000000004,-7.208333333333333,1500,1583,1663,1501,2000,2000,1000,1000,-10.0,5.0,15.0,20.0,100.0,100.0,0.03,0.25,3,1.0,1.0,60.0,1660,67.0
660,326448895388600,13.199981337995268,target_lost_or_stale,106146,5636728216163,True,,8.76876876876877,8.792254145722486,0.040625,-0.08125,4.990742327704437,-0.3041233605944892,106146,0.010281422990374267,8.76876876876877,8.792254145722486,0.040625,-0.08125,0.010625000000000002,-0.051250000000000004,4.990742327704437,-0.3041233605944892,tracking,True,,False,False,-10.0,0.15937500000000004,-5.125,1500,1583,1665,1501,2000,2000,1000,1000,-10.0,5.0,15.0,20.0,100.0,100.0,0.03,0.25,3,1.0,1.0,60.0,1660,67.0
661,326448915407018,13.219999755965546,target_lost_or_stale,106146,5636728216163,True,,8.76876876876877,8.792254145722486,0.040625,-0.08125,4.990742327704437,-0.3041233605944892,106146,0.030299840960651636,8.76876876876877,8.792254145722486,0.040625,-0.08125,0.010625000000000002,-0.051250000000000004,4.990742327704437,-0.3041233605944892,tracking,True,,False,False,-10.0,0.15937500000000004,-5.125,1500,1583,1665,1501,2000,2000,1000,1000,-10.0,5.0,15.0,20.0,100.0,100.0,0.03,0.25,3,1.0,1.0,60.0,1660,67.0
662,326448935385218,13.2399779559928,target_lost_or_stale,106147,5636761261579,True,,8.76876876876877,8.784991825904694,0.040625,-0.06041666666666667,4.994874834340054,-0.2263302659310337,106147,0.016868904000148177,8.76876876876877,8.784991825904694,0.040625,-0.06041666666666667,0.010625000000000002,-0.030416666666666668,4.994874834340054,-0.2263302659310337,tracking,True,,False,False,-10.0,0.15937500000000004,-3.041666666666667,1500,1583,1667,1501,2000,2000,1000,1000,-10.0,5.0,15.0,20.0,100.0,100.0,0.03,0.25,3,1.0,1.0,60.0,1660,67.0
663,326448955385953,13.25997869099956,target_lost_or_stale,106148,5636794318072,True,,8.76876876876877,8.779861865788181,0.040625,-0.03958333333333333,4.99779808624117,-0.14837213068528474,106148,0.0033772450406104326,8.76876876876877,8.779861865788181,0.040625,-0.03958333333333333,0.010625000000000002,-0.009583333333333333,4.99779808624117,-0.14837213068528474,tracking,True,,False,False,-10.0,0.15937500000000004,-0.9583333333333333,1500,1583,1669,1501,2000,2000,1000,1000,-10.0,5.0,15.0,20.0,100.0,100.0,0.03,0.25,3,1.0,1.0,60.0,1660,67.0
664,326448975403997,13.279996734985616,target_lost_or_stale,106148,5636794318072,True,,8.76876876876877,8.779861865788181,0.040625,-0.03958333333333333,4.99779808624117,-0.14837213068528474,106148,0.023395289026666433,8.76876876876877,8.779861865788181,0.040625,-0.03958333333333333,0.010625000000000002,-0.009583333333333333,4.99779808624117,-0.14837213068528474,tracking,True,,False,False,-10.0,0.15937500000000004,-0.9583333333333333,1500,1583,1669,1501,2000,2000,1000,1000,-10.0,5.0,15.0,20.0,100.0,100.0,0.03,0.25,3,1.0,1.0,60.0,1660,67.0
665,326448995392232,13.299984970013611,target_lost_or_stale,106149,5636827331765,True,,8.76876876876877,8.77763795198546,0.0421875,-0.020833333333333332,4.999389760173476,-0.07811546500271056,106149,0.009967486024834216,8.76876876876877,8.77763795198546,0.0421875,-0.020833333333333332,0.012187500000000004,0.0,4.999389760173476,-0.07811546500271056,tracking,True,,False,False,-10.0,0.18281250000000004,0.0,1500,1583,1670,1501,2000,2000,1000,1000,-10.0,5.0,15.0,20.0,100.0,100.0,0.03,0.25,3,1.0,1.0,60.0,1660,67.0
666,326449015408703,13.320001440995838,target_lost_or_stale,106149,5636827331765,True,,8.76876876876877,8.77763795198546,0.0421875,-0.020833333333333332,4.999389760173476,-0.07811546500271056,106149,0.02998395700706169,8.76876876876877,8.77763795198546,0.0421875,-0.020833333333333332,0.012187500000000004,0.0,4.999389760173476,-0.07811546500271056,tracking,True,,False,False,-10.0,0.18281250000000004,0.0,1500,1583,1670,1501,2000,2000,1000,1000,-10.0,5.0,15.0,20.0,100.0,100.0,0.03,0.25,3,1.0,1.0,60.0,1660,67.0
667,326449035386141,13.339978878968395,target_lost_or_stale,106150,5636860109108,True,,8.76876876876877,8.776611340167534,0.0421875,-0.004166666666666667,4.999975586116313,-0.015624923706613478,106150,0.016469513007905334,8.76876876876877,8.776611340167534,0.0421875,-0.004166666666666667,0.012187500000000004,0.0,4.999975586116313,-0.015624923706613478,tracking,True,,False,False,-10.0,0.18281250000000004,0.0,1500,1583,1670,1501,2000,2000,1000,1000,-10.0,5.0,15.0,20.0,100.0,100.0,0.03,0.25,3,1.0,1.0,60.0,1660,67.0
668,326449055382815,13.359975553001277,target_lost_or_stale,106151,5636893227667,True,,8.534850640113799,8.542608910480103,0.0421875,0.008333333333333333,4.99990234661093,0.03124938966631831,106151,0.0030599720194004476,8.534850640113799,8.542608910480103,0.0421875,0.008333333333333333,0.012187500000000004,0.0,4.99990234661093,0.03124938966631831,tracking,True,,False,False,-10.0,0.18281250000000004,0.0,1500,1583,1670,1501,2000,2000,1000,1000,-10.0,5.0,15.0,20.0,100.0,100.0,0.03,0.25,3,1.0,1.0,60.0,1660,67.0
669,326449075411389,13.380004126986023,target_lost_or_stale,106151,5636893227667,True,,8.534850640113799,8.542608910480103,0.0421875,0.008333333333333333,4.99990234661093,0.03124938966631831,106151,0.023088546004146338,8.534850640113799,8.542608910480103,0.0421875,0.008333333333333333,0.012187500000000004,0.0,4.99990234661093,0.03124938966631831,tracking,True,,False,False,-10.0,0.18281250000000004,0.0,1500,1583,1670,1501,2000,2000,1000,1000,-10.0,5.0,15.0,20.0,100.0,100.0,0.03,0.25,3,1.0,1.0,60.0,1660,67.0
670,326449095383975,13.399976713000797,target_lost_or_stale,106152,5636926232897,True,,8.534850640113799,8.543108530601186,0.0421875,0.016666666666666666,4.999609420770408,0.0624951177596301,106152,0.009606775012798607,8.534850640113799,8.543108530601186,0.0421875,0.016666666666666666,0.012187500000000004,0.0,4.999609420770408,0.0624951177596301,tracking,True,,False,False,-10.0,0.18281250000000004,0.0,1500,1583,1670,1501,2000,2000,1000,1000,-10.0,5.0,15.0,20.0,100.0,100.0,0.03,0.25,3,1.0,1.0,60.0,1660,67.0
671,326449115398675,13.419991413014941,target_lost_or_stale,106152,5636926232897,True,,8.534850640113799,8.543108530601186,0.0421875,0.016666666666666666,4.999609420770408,0.0624951177596301,106152,0.02962147502694279,8.534850640113799,8.543108530601186,0.0421875,0.016666666666666666,0.012187500000000004,0.0,4.999609420770408,0.0624951177596301,tracking,True,,False,False,-10.0,0.18281250000000004,0.0,1500,1583,1670,1501,2000,2000,1000,1000,-10.0,5.0,15.0,20.0,100.0,100.0,0.03,0.25,3,1.0,1.0,60.0,1660,67.0
672,326449135402907,13.439995644963346,target_lost_or_stale,106153,5636959191179,True,,8.534850640113799,8.543701791547273,0.0421875,0.022916666666666665,4.999261638195031,0.08592480940647709,106153,0.016165742999874055,8.534850640113799,8.543701791547273,0.0421875,0.022916666666666665,0.012187500000000004,0.0,4.999261638195031,0.08592480940647709,tracking,True,,False,False,-10.0,0.18281250000000004,0.0,1500,1583,1670,1501,2000,2000,1000,1000,-10.0,5.0,15.0,20.0,100.0,100.0,0.03,0.25,3,1.0,1.0,60.0,1660,67.0
673,326449155383107,13.459975845005829,target_lost_or_stale,106154,5636992144181,True,,8.534850640113799,8.54394116587842,0.0421875,0.025,4.999121325424987,0.09373352485171851,106154,0.0026671630330383778,8.534850640113799,8.54394116587842,0.0421875,0.025,0.012187500000000004,0.0,4.999121325424987,0.09373352485171851,tracking,True,,False,False,-10.0,0.18281250000000004,0.0,1500,1583,1670,1501,2000,2000,1000,1000,-10.0,5.0,15.0,20.0,100.0,100.0,0.03,0.25,3,1.0,1.0,60.0,1660,67.0
674,326449175403262,13.479996000009123,target_lost_or_stale,106154,5636992144181,True,,8.534850640113799,8.54394116587842,0.0421875,0.025,4.999121325424987,0.09373352485171851,106154,0.022687318036332726,8.534850640113799,8.54394116587842,0.0421875,0.025,0.012187500000000004,0.0,4.999121325424987,0.09373352485171851,tracking,True,,False,False,-10.0,0.18281250000000004,0.0,1500,1583,1670,1501,2000,2000,1000,1000,-10.0,5.0,15.0,20.0,100.0,100.0,0.03,0.25,3,1.0,1.0,60.0,1660,67.0
675,326449195446690,13.500039428006858,target_lost_or_stale,106155,5637025278205,True,,8.534850640113799,8.544773720020503,0.04375,0.027083333333333334,4.998968824943715,0.10154155425666922,106155,0.009289165027439594,8.534850640113799,8.544773720020503,0.04375,0.027083333333333334,0.013749999999999998,0.0,4.998968824943715,0.10154155425666922,tracking,True,,False,False,-10.0,0.20625,0.0,1500,1583,1670,1502,2000,2000,1000,1000,-10.0,5.0,15.0,20.0,100.0,100.0,0.03,0.25,3,1.0,1.0,60.0,1660,67.0
676,326449215407280,13.520000018004794,target_lost_or_stale,106155,5637025278205,True,,8.534850640113799,8.544773720020503,0.04375,0.027083333333333334,4.998968824943715,0.10154155425666922,106155,0.029249755025375634,8.534850640113799,8.544773720020503,0.04375,0.027083333333333334,0.013749999999999998,0.0,4.998968824943715,0.10154155425666922,tracking,True,,False,False,-10.0,0.20625,0.0,1500,1583,1670,1502,2000,2000,1000,1000,-10.0,5.0,15.0,20.0,100.0,100.0,0.03,0.25,3,1.0,1.0,60.0,1660,67.0
677,326449235384037,13.539976775005925,target_lost_or_stale,106156,5637058541024,True,,8.534850640113799,8.544773720020503,0.04375,0.027083333333333334,4.998968824943715,0.10154155425666922,106156,0.01573604001896456,8.534850640113799,8.544773720020503,0.04375,0.027083333333333334,0.013749999999999998,0.0,4.998968824943715,0.10154155425666922,tracking,True,,False,False,-10.0,0.20625,0.0,1500,1583,1670,1502,2000,2000,1000,1000,-10.0,5.0,15.0,20.0,100.0,100.0,0.03,0.25,3,1.0,1.0,60.0,1660,67.0
678,326449255390342,13.559983079961967,target_lost_or_stale,106157,5637091393067,True,,8.534850640113799,8.54505468873517,0.04375,0.029166666666666667,4.998804140098627,0.10934884056465743,106157,0.002273093967232853,8.534850640113799,8.54505468873517,0.04375,0.029166666666666667,0.013749999999999998,0.0,4.998804140098627,0.10934884056465743,tracking,True,,False,False,-10.0,0.20625,0.0,1500,1583,1670,1502,2000,2000,1000,1000,-10.0,5.0,15.0,20.0,100.0,100.0,0.03,0.25,3,1.0,1.0,60.0,1660,67.0
679,326449275401096,13.579993833962362,target_lost_or_stale,106157,5637091393067,True,,8.534850640113799,8.54505468873517,0.04375,0.029166666666666667,4.998804140098627,0.10934884056465743,106157,0.02228384796762839,8.534850640113799,8.54505468873517,0.04375,0.029166666666666667,0.013749999999999998,0.0,4.998804140098627,0.10934884056465743,tracking,True,,False,False,-10.0,0.20625,0.0,1500,1583,1670,1502,2000,2000,1000,1000,-10.0,5.0,15.0,20.0,100.0,100.0,0.03,0.25,3,1.0,1.0,60.0,1660,67.0
680,326449295351702,13.599944440007675,target_lost_or_stale,106158,5637124210709,True,,8.534850640113799,8.545679030582987,0.04375,0.03333333333333333,4.998438232040614,0.12496095580101535,106158,0.008820949995424598,8.534850640113799,8.545679030582987,0.04375,0.03333333333333333,0.013749999999999998,0.003333333333333334,4.998438232040614,0.12496095580101535,tracking,True,,False,False,-10.0,0.20625,0.33333333333333337,1500,1583,1671,1502,2000,2000,1000,1000,-10.0,5.0,15.0,20.0,100.0,100.0,0.03,0.25,3,1.0,1.0,60.0,1660,67.0
681,326449315397809,13.619990547013003,target_lost_or_stale,106158,5637124210709,True,,8.534850640113799,8.545679030582987,0.04375,0.03333333333333333,4.998438232040614,0.12496095580101535,106158,0.02886705700075254,8.534850640113799,8.545679030582987,0.04375,0.03333333333333333,0.013749999999999998,0.003333333333333334,4.998438232040614,0.12496095580101535,tracking,True,,False,False,-10.0,0.20625,0.33333333333333337,1500,1583,1671,1502,2000,2000,1000,1000,-10.0,5.0,15.0,20.0,100.0,100.0,0.03,0.25,3,1.0,1.0,60.0,1660,67.0
682,326449335379526,13.639972264005337,target_lost_or_stale,106159,5637157171561,True,,8.421052631578947,8.432814565484342,0.04375,0.03958333333333333,4.99779808624117,0.14837213068528476,106159,0.015385658014565706,8.421052631578947,8.432814565484342,0.04375,0.03958333333333333,0.013749999999999998,0.009583333333333333,4.99779808624117,0.14837213068528476,tracking,True,,False,False,-10.0,0.20625,0.9583333333333333,1500,1583,1671,1502,2000,2000,1000,1000,-10.0,5.0,15.0,20.0,100.0,100.0,0.03,0.25,3,1.0,1.0,60.0,1660,67.0
683,326449355384228,13.659976965980604,target_lost_or_stale,106160,5637190105287,True,,8.421052631578947,8.435021309251958,0.04375,0.05,4.9964880785459025,0.18736830294547138,106160,0.00194647500757128,8.421052631578947,8.435021309251958,0.04375,0.05,0.013749999999999998,0.020000000000000004,4.9964880785459025,0.18736830294547138,tracking,True,,False,False,-10.0,0.20625,2.0000000000000004,1500,1583,1672,1502,2000,2000,1000,1000,-10.0,5.0,15.0,20.0,100.0,100.0,0.03,0.25,3,1.0,1.0,60.0,1660,67.0
684,326449375397873,13.679990610980894,target_lost_or_stale,106160,5637190105287,True,,8.421052631578947,8.435021309251958,0.04375,0.05,4.9964880785459025,0.18736830294547138,106160,0.021960120007861406,8.421052631578947,8.435021309251958,0.04375,0.05,0.013749999999999998,0.020000000000000004,4.9964880785459025,0.18736830294547138,tracking,True,,False,False,-10.0,0.20625,2.0000000000000004,1500,1583,1672,1502,2000,2000,1000,1000,-10.0,5.0,15.0,20.0,100.0,100.0,0.03,0.25,3,1.0,1.0,60.0,1660,67.0
685,326449395398441,13.699991178989876,target_lost_or_stale,106161,5637223164781,True,,8.421052631578947,8.438345730672577,0.04375,0.0625,4.99451587184919,0.2341179314929308,106161,0.00848890602355823,8.421052631578947,8.438345730672577,0.04375,0.0625,0.013749999999999998,0.0325,4.99451587184919,0.2341179314929308,tracking,True,,False,False,-10.0,0.20625,3.25,1500,1583,1673,1502,2000,2000,1000,1000,-10.0,5.0,15.0,20.0,100.0,100.0,0.03,0.25,3,1.0,1.0,60.0,1660,67.0
686,326449415394815,13.719987552962266,target_lost_or_stale,106161,5637223164781,True,,8.421052631578947,8.438345730672577,0.04375,0.0625,4.99451587184919,0.2341179314929308,106161,0.028485279995948076,8.421052631578947,8.438345730672577,0.04375,0.0625,0.013749999999999998,0.0325,4.99451587184919,0.2341179314929308,tracking,True,,False,False,-10.0,0.20625,3.25,1500,1583,1673,1502,2000,2000,1000,1000,-10.0,5.0,15.0,20.0,100.0,100.0,0.03,0.25,3,1.0,1.0,60.0,1660,67.0
687,326449435391798,13.739984535961412,target_lost_or_stale,106162,5637256167989,True,,8.421052631578947,8.443739997912925,0.0453125,0.07708333333333334,4.991665174322981,0.28858064289054736,106162,0.015058062970638275,8.421052631578947,8.443739997912925,0.0453125,0.07708333333333334,0.0153125,0.04708333333333334,4.991665174322981,0.28858064289054736,tracking,True,,False,False,-10.0,0.2296875,4.708333333333334,1500,1583,1675,1502,2000,2000,1000,1000,-10.0,5.0,15.0,20.0,100.0,100.0,0.03,0.25,3,1.0,1.0,60.0,1660,67.0
688,326449455401697,13.759994435007684,target_lost_or_stale,106163,5637289355978,True,,8.313090418353575,8.343983851786522,0.0453125,0.09791666666666667,4.986571624729243,0.3662013536910538,106163,0.0015684179961681366,8.313090418353575,8.343983851786522,0.0453125,0.09791666666666667,0.0153125,0.06791666666666667,4.986571624729243,0.3662013536910538,tracking,True,,False,False,-10.0,0.2296875,6.791666666666667,1500,1583,1677,1502,2000,2000,1000,1000,-10.0,5.0,15.0,20.0,100.0,100.0,0.03,0.25,3,1.0,1.0,60.0,1660,67.0
689,326449475463251,13.780055988987442,target_lost_or_stale,106163,5637289355978,True,,8.313090418353575,8.343983851786522,0.0453125,0.09791666666666667,4.986571624729243,0.3662013536910538,106163,0.02162997197592631,8.313090418353575,8.343983851786522,0.0453125,0.09791666666666667,0.0153125,0.06791666666666667,4.986571624729243,0.3662013536910538,tracking,True,,False,False,-10.0,0.2296875,6.791666666666667,1500,1583,1677,1502,2000,2000,1000,1000,-10.0,5.0,15.0,20.0,100.0,100.0,0.03,0.25,3,1.0,1.0,60.0,1660,67.0
690,326449495390753,13.799983491015155,target_lost_or_stale,106164,5637322174725,True,,8.205128205128204,8.245991993564049,0.0453125,0.11875,4.980286875801802,0.443556799876098,106164,0.008115552016533911,8.205128205128204,8.245991993564049,0.0453125,0.11875,0.0153125,0.08875,4.980286875801802,0.443556799876098,tracking,True,,False,False,-10.0,0.2296875,8.875,1500,1583,1679,1502,2000,2000,1000,1000,-10.0,5.0,15.0,20.0,100.0,100.0,0.03,0.25,3,1.0,1.0,60.0,1660,67.0
691,326449515408070,13.820000807987526,target_lost_or_stale,106164,5637322174725,True,,8.205128205128204,8.245991993564049,0.0453125,0.11875,4.980286875801802,0.443556799876098,106164,0.028132868988905102,8.205128205128204,8.245991993564049,0.0453125,0.11875,0.0153125,0.08875,4.980286875801802,0.443556799876098,tracking,True,,False,False,-10.0,0.2296875,8.875,1500,1583,1679,1502,2000,2000,1000,1000,-10.0,5.0,15.0,20.0,100.0,100.0,0.03,0.25,3,1.0,1.0,60.0,1660,67.0
692,326449535388871,13.8399816089659,target_lost_or_stale,106165,5637355167464,True,,8.205128205128204,8.258341070618163,0.0453125,0.13958333333333334,4.9728244874316,0.5205925635279957,106165,0.014685740985441953,8.205128205128204,8.258341070618163,0.0453125,0.13958333333333334,0.0153125,0.10958333333333334,4.9728244874316,0.5205925635279957,tracking,True,,False,False,-10.0,0.2296875,10.958333333333334,1500,1583,1681,1502,2000,2000,1000,1000,-10.0,5.0,15.0,20.0,100.0,100.0,0.03,0.25,3,1.0,1.0,60.0,1660,67.0
693,326449555388379,13.859981117013376,target_lost_or_stale,106166,5637388205421,True,,8.205128205128204,8.272658800481942,0.0453125,0.16041666666666668,4.964200441981701,0.5972553656759234,106166,0.001134644029662013,8.205128205128204,8.272658800481942,0.0453125,0.16041666666666668,0.0153125,0.13041666666666668,4.964200441981701,0.5972553656759234,tracking,True,,False,False,-10.0,0.2296875,13.041666666666668,1500,1583,1683,1502,2000,2000,1000,1000,-10.0,5.0,15.0,20.0,100.0,100.0,0.03,0.25,3,1.0,1.0,60.0,1660,67.0
694,326449575381913,13.879974650975782,target_lost_or_stale,106166,5637388205421,True,,8.205128205128204,8.272658800481942,0.0453125,0.16041666666666668,4.964200441981701,0.5972553656759234,106166,0.02112817799206823,8.205128205128204,8.272658800481942,0.0453125,0.16041666666666668,0.0153125,0.13041666666666668,4.964200441981701,0.5972553656759234,tracking,True,,False,False,-10.0,0.2296875,13.041666666666668,1500,1583,1683,1502,2000,2000,1000,1000,-10.0,5.0,15.0,20.0,100.0,100.0,0.03,0.25,3,1.0,1.0,60.0,1660,67.0
695,326449595402414,13.899995151965413,target_lost_or_stale,106167,5637421196397,True,,8.205128205128204,8.286654273785919,0.04375,0.17916666666666667,4.95546067191455,0.6658900277885177,106167,0.007788710005115718,8.205128205128204,8.286654273785919,0.04375,0.17916666666666667,0.013749999999999998,0.14916666666666667,4.95546067191455,0.6658900277885177,tracking,True,,False,False,-10.0,0.20625,14.916666666666668,1500,1583,1685,1502,2000,2000,1000,1000,-10.0,5.0,15.0,20.0,100.0,100.0,0.03,0.25,3,1.0,1.0,60.0,1660,67.0
696,326449615388873,13.919981610961258,target_lost_or_stale,106167,5637421196397,True,,8.205128205128204,8.286654273785919,0.04375,0.17916666666666667,4.95546067191455,0.6658900277885177,106167,0.027775169000960886,8.205128205128204,8.286654273785919,0.04375,0.17916666666666667,0.013749999999999998,0.14916666666666667,4.95546067191455,0.6658900277885177,tracking,True,,False,False,-10.0,0.20625,14.916666666666668,1500,1583,1685,1502,2000,2000,1000,1000,-10.0,5.0,15.0,20.0,100.0,100.0,0.03,0.25,3,1.0,1.0,60.0,1660,67.0
697,326449635385872,13.939978609967511,target_lost_or_stale,106168,5637454198027,True,,8.205128205128204,8.22453634119355,0.04375,0.07083333333333333,4.9929592356178425,0.2652509593921979,106168,0.014271299005486071,8.205128205128204,8.22453634119355,0.04375,0.07083333333333333,0.013749999999999998,0.04083333333333333,4.9929592356178425,0.2652509593921979,tracking,True,,False,False,-10.0,0.20625,4.083333333333333,1500,1583,1674,1502,2000,2000,1000,1000,-10.0,5.0,15.0,20.0,100.0,100.0,0.03,0.25,3,1.0,1.0,60.0,1660,67.0
698,326449655405015,13.959997752972413,target_lost_or_stale,106169,5637487319300,True,,8.0,8.021728305047485,0.04375,0.07916666666666666,4.991209758397982,0.2963530794048802,106169,0.000888471957296133,8.0,8.021728305047485,0.04375,0.07916666666666666,0.013749999999999998,0.049166666666666664,4.991209758397982,0.2963530794048802,tracking,True,,False,False,-10.0,0.20625,4.916666666666666,1500,1583,1675,1502,2000,2000,1000,1000,-10.0,5.0,15.0,20.0,100.0,100.0,0.03,0.25,3,1.0,1.0,60.0,1660,67.0
699,326449675418295,13.980011033010669,target_lost_or_stale,106169,5637487319300,True,,8.0,8.021728305047485,0.04375,0.07916666666666666,4.991209758397982,0.2963530794048802,106169,0.02090175199555233,8.0,8.021728305047485,0.04375,0.07916666666666666,0.013749999999999998,0.049166666666666664,4.991209758397982,0.2963530794048802,tracking,True,,False,False,-10.0,0.20625,4.916666666666666,1500,1583,1675,1502,2000,2000,1000,1000,-10.0,5.0,15.0,20.0,100.0,100.0,0.03,0.25,3,1.0,1.0,60.0,1660,67.0
700,326449695403693,13.999996430997271,target_lost_or_stale,106170,5637520555676,True,,8.0,8.030099625782983,0.04375,0.1,4.985996549442282,0.37394974120817115,106170,0.007385606993921101,8.0,8.030099625782983,0.04375,0.1,0.013749999999999998,0.07,4.985996549442282,0.37394974120817115,tracking,True,,False,False,-10.0,0.20625,7.000000000000001,1500,1583,1677,1502,2000,2000,1000,1000,-10.0,5.0,15.0,20.0,100.0,100.0,0.03,0.25,3,1.0,1.0,60.0,1660,67.0
701,326449715410902,14.020003639976494,target_lost_or_stale,106170,5637520555676,True,,8.0,8.030099625782983,0.04375,0.1,4.985996549442282,0.37394974120817115,106170,0.027392815973144025,8.0,8.030099625782983,0.04375,0.1,0.013749999999999998,0.07,4.985996549442282,0.37394974120817115,tracking,True,,False,False,-10.0,0.20625,7.000000000000001,1500,1583,1677,1502,2000,2000,1000,1000,-10.0,5.0,15.0,20.0,100.0,100.0,0.03,0.25,3,1.0,1.0,60.0,1660,67.0
702,326449735391680,14.039984417962842,target_lost_or_stale,106171,5637553378188,True,,8.0,8.042698552103019,0.04375,0.125,4.978171130296441,0.4667035434652913,106171,0.013991766958497465,8.0,8.042698552103019,0.04375,0.125,0.013749999999999998,0.095,4.978171130296441,0.4667035434652913,tracking,True,,False,False,-10.0,0.20625,9.5,1500,1583,1680,1502,2000,2000,1000,1000,-10.0,5.0,15.0,20.0,100.0,100.0,0.03,0.25,3,1.0,1.0,60.0,1660,67.0
703,326449755402485,14.059995223011356,target_lost_or_stale,106172,5637588004311,True,,8.0,8.060901004230235,0.04375,0.15416666666666667,4.966908584072912,0.5742988050334303,106172,0.000522405025549233,8.0,8.060901004230235,0.04375,0.15416666666666667,0.013749999999999998,0.12416666666666668,4.966908584072912,0.5742988050334303,tracking,True,,False,False,-10.0,0.20625,12.416666666666668,1500,1583,1683,1502,2000,2000,1000,1000,-10.0,5.0,15.0,20.0,100.0,100.0,0.03,0.25,3,1.0,1.0,60.0,1660,67.0
704,326449775402260,14.079994997999165,target_lost_or_stale,106172,5637588004311,True,,8.0,8.060901004230235,0.04375,0.15416666666666667,4.966908584072912,0.5742988050334303,106172,0.020522180013358593,8.0,8.060901004230235,0.04375,0.15416666666666667,0.013749999999999998,0.12416666666666668,4.966908584072912,0.5742988050334303,tracking,True,,False,False,-10.0,0.20625,12.416666666666668,1500,1583,1683,1502,2000,2000,1000,1000,-10.0,5.0,15.0,20.0,100.0,100.0,0.03,0.25,3,1.0,1.0,60.0,1660,67.0
705,326449795391539,14.099984276981559,target_lost_or_stale,106173,5637621120046,True,,8.0,8.082852219359204,0.04375,0.18333333333333332,4.953394199226479,0.6810917023936408,106173,0.007043219986371696,8.0,8.082852219359204,0.04375,0.18333333333333332,0.013749999999999998,0.15333333333333332,4.953394199226479,0.6810917023936408,tracking,True,,False,False,-10.0,0.20625,15.333333333333332,1500,1583,1686,1502,2000,2000,1000,1000,-10.0,5.0,15.0,20.0,100.0,100.0,0.03,0.25,3,1.0,1.0,60.0,1660,67.0
706,326449815378380,14.119971117994282,target_lost_or_stale,106173,5637621120046,True,,8.0,8.082852219359204,0.04375,0.18333333333333332,4.953394199226479,0.6810917023936408,106173,0.02703006099909544,8.0,8.082852219359204,0.04375,0.18333333333333332,0.013749999999999998,0.15333333333333332,4.953394199226479,0.6810917023936408,tracking,True,,False,False,-10.0,0.20625,15.333333333333332,1500,1583,1686,1502,2000,2000,1000,1000,-10.0,5.0,15.0,20.0,100.0,100.0,0.03,0.25,3,1.0,1.0,60.0,1660,67.0
707,326449835419396,14.140012133982964,target_lost_or_stale,106174,5637654749685,True,,8.0,8.10462830733156,0.04375,0.20833333333333334,4.940060168755507,0.771884401368048,106174,0.013605938002001494,8.0,8.10462830733156,0.04375,0.20833333333333334,0.013749999999999998,0.17833333333333334,4.940060168755507,0.771884401368048,tracking,True,,False,False,-10.0,0.20625,17.833333333333336,1500,1583,1688,1502,2000,2000,1000,1000,-10.0,5.0,15.0,20.0,100.0,100.0,0.03,0.25,3,1.0,1.0,60.0,1660,67.0
708,326449855386562,14.159979299991392,target_lost_or_stale,106175,5637686699438,True,,8.0,8.124846152389594,0.04375,0.22916666666666666,4.927744453798767,0.8469560779966631,106175,0.00016375700943171978,8.0,8.124846152389594,0.04375,0.22916666666666666,0.013749999999999998,0.19916666666666666,4.927744453798767,0.8469560779966631,tracking,True,,False,False,-10.0,0.20625,19.916666666666664,1500,1583,1690,1502,2000,2000,1000,1000,-10.0,5.0,15.0,20.0,100.0,100.0,0.03,0.25,3,1.0,1.0,60.0,1660,67.0
709,326449875394018,14.179986756003927,target_lost_or_stale,106175,5637686699438,True,,8.0,8.124846152389594,0.04375,0.22916666666666666,4.927744453798767,0.8469560779966631,106175,0.02017121302196756,8.0,8.124846152389594,0.04375,0.22916666666666666,0.013749999999999998,0.19916666666666666,4.927744453798767,0.8469560779966631,tracking,True,,False,False,-10.0,0.20625,19.916666666666664,1500,1583,1690,1502,2000,2000,1000,1000,-10.0,5.0,15.0,20.0,100.0,100.0,0.03,0.25,3,1.0,1.0,60.0,1660,67.0
710,326449895384388,14.19997712597251,target_lost_or_stale,106176,5637720287938,True,,8.0,8.135656473204852,0.04375,0.23958333333333334,4.921184523651603,0.8842753440936475,106176,0.006660420971456915,8.0,8.135656473204852,0.04375,0.23958333333333334,0.013749999999999998,0.20958333333333334,4.921184523651603,0.8842753440936475,tracking,True,,False,False,-10.0,0.20625,20.958333333333336,1500,1583,1691,1502,2000,2000,1000,1000,-10.0,5.0,15.0,20.0,100.0,100.0,0.03,0.25,3,1.0,1.0,60.0,1660,67.0
711,326449915421692,14.220014430000447,target_lost_or_stale,106176,5637720287938,True,,8.0,8.135656473204852,0.04375,0.23958333333333334,4.921184523651603,0.8842753440936475,106176,0.026697724999394268,8.0,8.135656473204852,0.04375,0.23958333333333334,0.013749999999999998,0.20958333333333334,4.921184523651603,0.8842753440936475,tracking,True,,False,False,-10.0,0.20625,20.958333333333336,1500,1583,1691,1502,2000,2000,1000,1000,-10.0,5.0,15.0,20.0,100.0,100.0,0.03,0.25,3,1.0,1.0,60.0,1660,67.0
712,326449935389434,14.23998217197368,target_lost_or_stale,106177,5637754915598,True,,8.0,8.140110948261087,0.04375,0.24375,4.918486537496294,0.8991608201360413,106177,0.013226873008534312,8.0,8.140110948261087,0.04375,0.24375,0.013749999999999998,0.21375,4.918486537496294,0.8991608201360413,tracking,True,,False,False,-10.0,0.20625,21.375,1500,1583,1692,1502,2000,2000,1000,1000,-10.0,5.0,15.0,20.0,100.0,100.0,0.03,0.25,3,1.0,1.0,60.0,1660,67.0
713,326449955376787,14.259969524980988,target_lost_or_stale,106177,5637754915598,True,,8.0,8.140110948261087,0.04375,0.24375,4.918486537496294,0.8991608201360413,106177,0.03321422601584345,8.0,8.140110948261087,0.04375,0.24375,0.013749999999999998,0.21375,4.918486537496294,0.8991608201360413,tracking,True,,False,False,-10.0,0.20625,21.375,1500,1583,1692,1502,2000,2000,1000,1000,-10.0,5.0,15.0,20.0,100.0,100.0,0.03,0.25,3,1.0,1.0,60.0,1660,67.0
714,326449975400378,14.279993115982506,target_lost_or_stale,106178,5637787836156,True,,7.902439024390244,8.032114514355525,0.04375,0.23541666666666666,4.923840323182155,0.8693655570618491,106178,0.019758800975978374,7.902439024390244,8.032114514355525,0.04375,0.23541666666666666,0.013749999999999998,0.20541666666666666,4.923840323182155,0.8693655570618491,tracking,True,,False,False,-10.0,0.20625,20.541666666666668,1500,1583,1691,1502,2000,2000,1000,1000,-10.0,5.0,15.0,20.0,100.0,100.0,0.03,0.25,3,1.0,1.0,60.0,1660,67.0
715,326449995392835,14.29998557298677,target_lost_or_stale,106179,5637820032547,True,,7.902439024390244,8.017028969611562,0.0421875,0.22083333333333333,4.932800328522047,0.8169950544114639,106179,0.006312447017990053,7.902439024390244,8.017028969611562,0.0421875,0.22083333333333333,0.012187500000000004,0.19083333333333333,4.932800328522047,0.8169950544114639,tracking,True,,False,False,-10.0,0.18281250000000004,19.083333333333332,1500,1583,1689,1501,2000,2000,1000,1000,-10.0,5.0,15.0,20.0,100.0,100.0,0.03,0.25,3,1.0,1.0,60.0,1660,67.0
716,326450015424178,14.320016915968154,target_lost_or_stale,106179,5637820032547,True,,7.902439024390244,8.017028969611562,0.0421875,0.22083333333333333,4.932800328522047,0.8169950544114639,106179,0.026343789999373257,7.902439024390244,8.017028969611562,0.0421875,0.22083333333333333,0.012187500000000004,0.19083333333333333,4.932800328522047,0.8169950544114639,tracking,True,,False,False,-10.0,0.18281250000000004,19.083333333333332,1500,1583,1689,1501,2000,2000,1000,1000,-10.0,5.0,15.0,20.0,100.0,100.0,0.03,0.25,3,1.0,1.0,60.0,1660,67.0
717,326450035404123,14.339996861002874,target_lost_or_stale,106180,5637853759510,True,,7.902439024390244,7.995977703708685,0.0421875,0.19791666666666666,4.945809655073894,0.7341436206750312,106180,0.012869358994066715,7.902439024390244,7.995977703708685,0.0421875,0.19791666666666666,0.012187500000000004,0.16791666666666666,4.945809655073894,0.7341436206750312,tracking,True,,False,False,-10.0,0.18281250000000004,16.791666666666664,1500,1583,1687,1501,2000,2000,1000,1000,-10.0,5.0,15.0,20.0,100.0,100.0,0.03,0.25,3,1.0,1.0,60.0,1660,67.0
718,326450055399320,14.359992057958152,target_lost_or_stale,106180,5637853759510,True,,7.902439024390244,7.995977703708685,0.0421875,0.19791666666666666,4.945809655073894,0.7341436206750312,106180,0.03286455594934523,7.902439024390244,7.995977703708685,0.0421875,0.19791666666666666,0.012187500000000004,0.16791666666666666,4.945809655073894,0.7341436206750312,tracking,True,,False,False,-10.0,0.18281250000000004,16.791666666666664,1500,1583,1687,1501,2000,2000,1000,1000,-10.0,5.0,15.0,20.0,100.0,100.0,0.03,0.25,3,1.0,1.0,60.0,1660,67.0
719,326450075398545,14.379991282999981,target_lost_or_stale,106181,5637887071483,True,,7.902439024390244,7.975587755549763,0.0421875,0.17291666666666666,4.958475942932437,0.6430523488490505,106181,0.019439136027358472,7.902439024390244,7.975587755549763,0.0421875,0.17291666666666666,0.012187500000000004,0.14291666666666666,4.958475942932437,0.6430523488490505,tracking,True,,False,False,-10.0,0.18281250000000004,14.291666666666666,1500,1583,1684,1501,2000,2000,1000,1000,-10.0,5.0,15.0,20.0,100.0,100.0,0.03,0.25,3,1.0,1.0,60.0,1660,67.0
720,326450095384629,14.399977366963867,target_lost_or_stale,106182,5637920270355,True,,7.804878048780488,7.857009586545608,0.0421875,0.14375,4.971192057850328,0.5359566437369885,106182,0.005991449987050146,7.804878048780488,7.857009586545608,0.0421875,0.14375,0.012187500000000004,0.11374999999999999,4.971192057850328,0.5359566437369885,tracking,True,,False,False,-10.0,0.18281250000000004,11.374999999999998,1500,1583,1682,1501,2000,2000,1000,1000,-10.0,5.0,15.0,20.0,100.0,100.0,0.03,0.25,3,1.0,1.0,60.0,1660,67.0
721,326450115400759,14.419993496965617,target_lost_or_stale,106182,5637920270355,True,,7.804878048780488,7.857009586545608,0.0421875,0.14375,4.971192057850328,0.5359566437369885,106182,0.02600757998879999,7.804878048780488,7.857009586545608,0.0421875,0.14375,0.012187500000000004,0.11374999999999999,4.971192057850328,0.5359566437369885,tracking,True,,False,False,-10.0,0.18281250000000004,11.374999999999998,1500,1583,1682,1501,2000,2000,1000,1000,-10.0,5.0,15.0,20.0,100.0,100.0,0.03,0.25,3,1.0,1.0,60.0,1660,67.0
722,326450135408065,14.44000080297701,target_lost_or_stale,106183,5637954603301,True,,7.804878048780488,7.841615140966578,0.0421875,0.11666666666666667,4.980968587480565,0.43583475140454936,106183,0.012518108007498085,7.804878048780488,7.841615140966578,0.0421875,0.11666666666666667,0.012187500000000004,0.08666666666666667,4.980968587480565,0.43583475140454936,tracking,True,,False,False,-10.0,0.18281250000000004,8.666666666666668,1500,1583,1679,1501,2000,2000,1000,1000,-10.0,5.0,15.0,20.0,100.0,100.0,0.03,0.25,3,1.0,1.0,60.0,1660,67.0
723,326450155390768,14.45998350600712,target_lost_or_stale,106183,5637954603301,True,,7.804878048780488,7.841615140966578,0.0421875,0.11666666666666667,4.980968587480565,0.43583475140454936,106183,0.03250081103760749,7.804878048780488,7.841615140966578,0.0421875,0.11666666666666667,0.012187500000000004,0.08666666666666667,4.980968587480565,0.43583475140454936,tracking,True,,False,False,-10.0,0.18281250000000004,8.666666666666668,1500,1583,1679,1501,2000,2000,1000,1000,-10.0,5.0,15.0,20.0,100.0,100.0,0.03,0.25,3,1.0,1.0,60.0,1660,67.0
724,326450175393718,14.479986455990002,target_lost_or_stale,106184,5637985414743,True,,7.804878048780488,7.830569377492848,0.040625,0.09375,4.987686020922325,0.35069667334610094,106184,0.019082022015936673,7.804878048780488,7.830569377492848,0.040625,0.09375,0.010625000000000002,0.06375,4.987686020922325,0.35069667334610094,tracking,True,,False,False,-10.0,0.15937500000000004,6.375,1500,1583,1677,1501,2000,2000,1000,1000,-10.0,5.0,15.0,20.0,100.0,100.0,0.03,0.25,3,1.0,1.0,60.0,1660,67.0
725,326450195406272,14.499999010004103,target_lost_or_stale,106185,5638019078371,True,,7.902439024390244,7.9221416208049895,0.040625,0.07708333333333334,4.991665174322981,0.28858064289054736,106185,0.005593111040070653,7.902439024390244,7.9221416208049895,0.040625,0.07708333333333334,0.010625000000000002,0.04708333333333334,4.991665174322981,0.28858064289054736,tracking,True,,False,False,-10.0,0.15937500000000004,4.708333333333334,1500,1583,1675,1501,2000,2000,1000,1000,-10.0,5.0,15.0,20.0,100.0,100.0,0.03,0.25,3,1.0,1.0,60.0,1660,67.0
726,326450215390491,14.519983228994533,target_lost_or_stale,106185,5638019078371,True,,7.902439024390244,7.9221416208049895,0.040625,0.07708333333333334,4.991665174322981,0.28858064289054736,106185,0.02557733003050089,7.902439024390244,7.9221416208049895,0.040625,0.07708333333333334,0.010625000000000002,0.04708333333333334,4.991665174322981,0.28858064289054736,tracking,True,,False,False,-10.0,0.15937500000000004,4.708333333333334,1500,1583,1675,1501,2000,2000,1000,1000,-10.0,5.0,15.0,20.0,100.0,100.0,0.03,0.25,3,1.0,1.0,60.0,1660,67.0
727,326450235397649,14.539990386983845,target_lost_or_stale,106186,5638051647883,True,,7.902439024390244,7.919446851057069,0.040625,0.06875,4.993366495887931,0.2574704599442214,106186,0.012221410986967385,7.902439024390244,7.919446851057069,0.040625,0.06875,0.010625000000000002,0.03875000000000001,4.993366495887931,0.2574704599442214,tracking,True,,False,False,-10.0,0.15937500000000004,3.875000000000001,1500,1583,1674,1501,2000,2000,1000,1000,-10.0,5.0,15.0,20.0,100.0,100.0,0.03,0.25,3,1.0,1.0,60.0,1660,67.0
728,326450255386361,14.559979098965414,target_lost_or_stale,106186,5638051647883,True,,7.902439024390244,7.919446851057069,0.040625,0.06875,4.993366495887931,0.2574704599442214,106186,0.03221012296853587,7.902439024390244,7.919446851057069,0.040625,0.06875,0.010625000000000002,0.03875000000000001,4.993366495887931,0.2574704599442214,tracking,True,,False,False,-10.0,0.15937500000000004,3.875000000000001,1500,1583,1674,1501,2000,2000,1000,1000,-10.0,5.0,15.0,20.0,100.0,100.0,0.03,0.25,3,1.0,1.0,60.0,1660,67.0
729,326450275385564,14.579978302004747,target_lost_or_stale,106187,5638084142881,True,,7.902439024390244,7.918955919270757,0.0390625,0.06875,4.993366495887931,0.2574704599442214,106187,0.018740105035249144,7.902439024390244,7.918955919270757,0.0390625,0.06875,0.009062500000000001,0.03875000000000001,4.993366495887931,0.2574704599442214,tracking,True,,False,False,-10.0,0.13593750000000002,3.875000000000001,1500,1583,1674,1501,2000,2000,1000,1000,-10.0,5.0,15.0,20.0,100.0,100.0,0.03,0.25,3,1.0,1.0,60.0,1660,67.0
730,326450295385090,14.599977827980183,target_lost_or_stale,106188,5638115372427,True,,7.902439024390244,7.921650856022774,0.0390625,0.07708333333333334,4.991665174322981,0.28858064289054736,106188,0.005255030991975218,7.902439024390244,7.921650856022774,0.0390625,0.07708333333333334,0.009062500000000001,0.04708333333333334,4.991665174322981,0.28858064289054736,tracking,True,,False,False,-10.0,0.13593750000000002,4.708333333333334,1500,1583,1675,1501,2000,2000,1000,1000,-10.0,5.0,15.0,20.0,100.0,100.0,0.03,0.25,3,1.0,1.0,60.0,1660,67.0
731,326450315416335,14.620009072998073,target_lost_or_stale,106188,5638115372427,True,,7.902439024390244,7.921650856022774,0.0390625,0.07708333333333334,4.991665174322981,0.28858064289054736,106188,0.025286276009865105,7.902439024390244,7.921650856022774,0.0390625,0.07708333333333334,0.009062500000000001,0.04708333333333334,4.991665174322981,0.28858064289054736,tracking,True,,False,False,-10.0,0.13593750000000002,4.708333333333334,1500,1583,1675,1501,2000,2000,1000,1000,-10.0,5.0,15.0,20.0,100.0,100.0,0.03,0.25,3,1.0,1.0,60.0,1660,67.0
732,326450335428136,14.640020873979665,target_lost_or_stale,106189,5638147494061,True,,7.804878048780488,7.828413447746852,0.0390625,0.08958333333333333,4.988752664522238,0.3351818196475879,106189,0.011829520983155817,7.804878048780488,7.828413447746852,0.0390625,0.08958333333333333,0.009062500000000001,0.059583333333333335,4.988752664522238,0.3351818196475879,tracking,True,,False,False,-10.0,0.13593750000000002,5.958333333333334,1500,1583,1676,1501,2000,2000,1000,1000,-10.0,5.0,15.0,20.0,100.0,100.0,0.03,0.25,3,1.0,1.0,60.0,1660,67.0
733,326450355381547,14.65997428499395,target_lost_or_stale,106189,5638147494061,True,,7.804878048780488,7.828413447746852,0.0390625,0.08958333333333333,4.988752664522238,0.3351818196475879,106189,0.031782931997440755,7.804878048780488,7.828413447746852,0.0390625,0.08958333333333333,0.009062500000000001,0.059583333333333335,4.988752664522238,0.3351818196475879,tracking,True,,False,False,-10.0,0.13593750000000002,5.958333333333334,1500,1583,1676,1501,2000,2000,1000,1000,-10.0,5.0,15.0,20.0,100.0,100.0,0.03,0.25,3,1.0,1.0,60.0,1660,67.0
734,326450375386282,14.679979019972961,target_lost_or_stale,106190,5638180578219,True,,7.804878048780488,7.837526986766468,0.0390625,0.11041666666666666,4.982942906652654,0.41264995945717287,106190,0.018355781969148666,7.804878048780488,7.837526986766468,0.0390625,0.11041666666666666,0.009062500000000001,0.08041666666666666,4.982942906652654,0.41264995945717287,tracking,True,,False,False,-10.0,0.13593750000000002,8.041666666666666,1500,1583,1678,1501,2000,2000,1000,1000,-10.0,5.0,15.0,20.0,100.0,100.0,0.03,0.25,3,1.0,1.0,60.0,1660,67.0
735,326450395402968,14.699995705974288,target_lost_or_stale,106191,5638213665161,True,,7.804878048780488,7.848525060646912,0.0390625,0.13125,4.975949789872176,0.4898200574405423,106191,0.00494997896021232,7.804878048780488,7.848525060646912,0.0390625,0.13125,0.009062500000000001,0.10125,4.975949789872176,0.4898200574405423,tracking,True,,False,False,-10.0,0.13593750000000002,10.125,1500,1583,1680,1501,2000,2000,1000,1000,-10.0,5.0,15.0,20.0,100.0,100.0,0.03,0.25,3,1.0,1.0,60.0,1660,67.0
736,326450415393108,14.719985845964402,target_lost_or_stale,106191,5638213665161,True,,7.804878048780488,7.848525060646912,0.0390625,0.13125,4.975949789872176,0.4898200574405423,106191,0.024940118950325996,7.804878048780488,7.848525060646912,0.0390625,0.13125,0.009062500000000001,0.10125,4.975949789872176,0.4898200574405423,tracking,True,,False,False,-10.0,0.13593750000000002,10.125,1500,1583,1680,1501,2000,2000,1000,1000,-10.0,5.0,15.0,20.0,100.0,100.0,0.03,0.25,3,1.0,1.0,60.0,1660,67.0
737,326450435403646,14.739996384014376,target_lost_or_stale,106192,5638246259030,True,,7.804878048780488,7.860028094216956,0.0390625,0.15,4.9686565807940095,0.5589738653393261,106192,0.011469176039099693,7.804878048780488,7.860028094216956,0.0390625,0.15,0.009062500000000001,0.12,4.9686565807940095,0.5589738653393261,tracking,True,,False,False,-10.0,0.13593750000000002,12.0,1500,1583,1682,1501,2000,2000,1000,1000,-10.0,5.0,15.0,20.0,100.0,100.0,0.03,0.25,3,1.0,1.0,60.0,1660,67.0
738,326450455399899,14.759992636973038,target_lost_or_stale,106192,5638246259030,True,,7.804878048780488,7.860028094216956,0.0390625,0.15,4.9686565807940095,0.5589738653393261,106192,0.0314654289977625,7.804878048780488,7.860028094216956,0.0390625,0.15,0.009062500000000001,0.12,4.9686565807940095,0.5589738653393261,tracking,True,,False,False,-10.0,0.13593750000000002,12.0,1500,1583,1682,1501,2000,2000,1000,1000,-10.0,5.0,15.0,20.0,100.0,100.0,0.03,0.25,3,1.0,1.0,60.0,1660,67.0
739,326450475381974,14.779974712000694,target_lost_or_stale,106193,5638279171032,True,,7.804878048780488,7.871523764631372,0.0390625,0.16666666666666666,4.961389383568338,0.6201736729460422,106193,0.01802078098990023,7.804878048780488,7.871523764631372,0.0390625,0.16666666666666666,0.009062500000000001,0.13666666666666666,4.961389383568338,0.6201736729460422,tracking,True,,False,False,-10.0,0.13593750000000002,13.666666666666666,1500,1583,1684,1501,2000,2000,1000,1000,-10.0,5.0,15.0,20.0,100.0,100.0,0.03,0.25,3,1.0,1.0,60.0,1660,67.0
740,326450495405259,14.799997997004539,target_lost_or_stale,106194,5638313535086,True,,7.711962833914053,7.7850552044556585,0.0375,0.17708333333333334,4.956477041954939,0.6582821071346403,106194,0.004537286993581802,7.711962833914053,7.7850552044556585,0.0375,0.17708333333333334,0.0075,0.14708333333333334,4.956477041954939,0.6582821071346403,tracking,True,,False,False,-10.0,0.11249999999999999,14.708333333333334,1500,1583,1685,1501,2000,2000,1000,1000,-10.0,5.0,15.0,20.0,100.0,100.0,0.03,0.25,3,1.0,1.0,60.0,1660,67.0
741,326450515389915,14.81998265295988,target_lost_or_stale,106194,5638313535086,True,,7.711962833914053,7.7850552044556585,0.0375,0.17708333333333334,4.956477041954939,0.6582821071346403,106194,0.024521942948922515,7.711962833914053,7.7850552044556585,0.0375,0.17708333333333334,0.0075,0.14708333333333334,4.956477041954939,0.6582821071346403,tracking,True,,False,False,-10.0,0.11249999999999999,14.708333333333334,1500,1583,1685,1501,2000,2000,1000,1000,-10.0,5.0,15.0,20.0,100.0,100.0,0.03,0.25,3,1.0,1.0,60.0,1660,67.0
742,326450535387868,14.839980605989695,target_lost_or_stale,106195,5638346180944,True,,7.711962833914053,7.787824424270306,0.0359375,0.18125,4.954433050501273,0.6734932428025169,106195,0.011116051988210529,7.711962833914053,7.787824424270306,0.0359375,0.18125,0.005937499999999998,0.15125,4.954433050501273,0.6734932428025169,tracking,True,,False,False,-10.0,0.08906249999999998,15.125,1500,1583,1685,1501,2000,2000,1000,1000,-10.0,5.0,15.0,20.0,100.0,100.0,0.03,0.25,3,1.0,1.0,60.0,1660,67.0
743,326450555396582,14.859989319986198,target_lost_or_stale,106195,5638346180944,True,,7.711962833914053,7.787824424270306,0.0359375,0.18125,4.954433050501273,0.6734932428025169,106195,0.03112476598471403,7.711962833914053,7.787824424270306,0.0359375,0.18125,0.005937499999999998,0.15125,4.954433050501273,0.6734932428025169,tracking,True,,False,False,-10.0,0.08906249999999998,15.125,1500,1583,1685,1501,2000,2000,1000,1000,-10.0,5.0,15.0,20.0,100.0,100.0,0.03,0.25,3,1.0,1.0,60.0,1660,67.0
744,326450575388587,14.879981325007975,target_lost_or_stale,106196,5638378225062,True,,7.711962833914053,7.784616887471095,0.0359375,0.17708333333333334,4.956477041954939,0.6582821071346403,106196,0.017685649043414742,7.711962833914053,7.784616887471095,0.0359375,0.17708333333333334,0.005937499999999998,0.14708333333333334,4.956477041954939,0.6582821071346403,tracking,True,,False,False,-10.0,0.08906249999999998,14.708333333333334,1500,1583,1685,1501,2000,2000,1000,1000,-10.0,5.0,15.0,20.0,100.0,100.0,0.03,0.25,3,1.0,1.0,60.0,1660,67.0
745,326450595391321,14.899984058982227,target_lost_or_stale,106197,5638411394995,True,,7.711962833914053,7.776919002845156,0.0359375,0.16666666666666666,4.9613893835683385,0.6201736729460423,106197,0.004207363992463797,7.711962833914053,7.776919002845156,0.0359375,0.16666666666666666,0.005937499999999998,0.13666666666666666,4.9613893835683385,0.6201736729460423,tracking,True,,False,False,-10.0,0.08906249999999998,13.666666666666666,1500,1583,1684,1501,2000,2000,1000,1000,-10.0,5.0,15.0,20.0,100.0,100.0,0.03,0.25,3,1.0,1.0,60.0,1660,67.0
746,326450615391447,14.919984184962232,target_lost_or_stale,106197,5638411394995,True,,7.711962833914053,7.776919002845156,0.0359375,0.16666666666666666,4.9613893835683385,0.6201736729460423,106197,0.024207489972468466,7.711962833914053,7.776919002845156,0.0359375,0.16666666666666666,0.005937499999999998,0.13666666666666666,4.9613893835683385,0.6201736729460423,tracking,True,,False,False,-10.0,0.08906249999999998,13.666666666666666,1500,1583,1684,1501,2000,2000,1000,1000,-10.0,5.0,15.0,20.0,100.0,100.0,0.03,0.25,3,1.0,1.0,60.0,1660,67.0
747,326450635389445,14.939982182986569,target_lost_or_stale,106198,5638445996377,True,,7.711962833914053,7.762903292332847,0.0359375,0.14583333333333334,4.970358458771878,0.5436329564281743,106198,0.01069742499385029,7.711962833914053,7.762903292332847,0.0359375,0.14583333333333334,0.005937499999999998,0.11583333333333334,4.970358458771878,0.5436329564281743,tracking,True,,False,False,-10.0,0.08906249999999998,11.583333333333334,1500,1583,1682,1501,2000,2000,1000,1000,-10.0,5.0,15.0,20.0,100.0,100.0,0.03,0.25,3,1.0,1.0,60.0,1660,67.0
748,326450655383734,14.959976471960545,target_lost_or_stale,106198,5638445996377,True,,7.711962833914053,7.762903292332847,0.0359375,0.14583333333333334,4.970358458771878,0.5436329564281743,106198,0.030691713967826217,7.711962833914053,7.762903292332847,0.0359375,0.14583333333333334,0.005937499999999998,0.11583333333333334,4.970358458771878,0.5436329564281743,tracking,True,,False,False,-10.0,0.08906249999999998,11.583333333333334,1500,1583,1682,1501,2000,2000,1000,1000,-10.0,5.0,15.0,20.0,100.0,100.0,0.03,0.25,3,1.0,1.0,60.0,1660,67.0
749,326450675404217,14.979996954964008,target_lost_or_stale,106199,5638477833053,True,,7.804878048780488,7.842990027020946,0.0359375,0.12291666666666666,4.978888132174965,0.45899124968487964,106199,0.017305255983956158,7.804878048780488,7.842990027020946,0.0359375,0.12291666666666666,0.005937499999999998,0.09291666666666666,4.978888132174965,0.45899124968487964,tracking,True,,False,False,-10.0,0.08906249999999998,9.291666666666666,1500,1583,1679,1501,2000,2000,1000,1000,-10.0,5.0,15.0,20.0,100.0,100.0,0.03,0.25,3,1.0,1.0,60.0,1660,67.0
750,326450695420173,15.00001291098306,target_lost_or_stale,106200,5638510345185,True,,7.711962833914053,7.736822840314324,0.0359375,0.09583333333333334,4.987134785956377,0.3584503127406145,106200,0.003900976967997849,7.711962833914053,7.736822840314324,0.0359375,0.09583333333333334,0.005937499999999998,0.06583333333333334,4.987134785956377,0.3584503127406145,tracking,True,,False,False,-10.0,0.08906249999999998,6.583333333333334,1500,1583,1677,1501,2000,2000,1000,1000,-10.0,5.0,15.0,20.0,100.0,100.0,0.03,0.25,3,1.0,1.0,60.0,1660,67.0
751,326450715406892,15.019999629992526,target_lost_or_stale,106200,5638510345185,True,,7.711962833914053,7.736822840314324,0.0359375,0.09583333333333334,4.987134785956377,0.3584503127406145,106200,0.02388769597746432,7.711962833914053,7.736822840314324,0.0359375,0.09583333333333334,0.005937499999999998,0.06583333333333334,4.987134785956377,0.3584503127406145,tracking,True,,False,False,-10.0,0.08906249999999998,6.583333333333334,1500,1583,1677,1501,2000,2000,1000,1000,-10.0,5.0,15.0,20.0,100.0,100.0,0.03,0.25,3,1.0,1.0,60.0,1660,67.0
752,326450735404286,15.039997023995966,target_lost_or_stale,106201,5638543325160,True,,7.711962833914053,7.727179701044153,0.0359375,0.06875,4.993366495887931,0.2574704599442214,106201,0.010352493030950427,7.711962833914053,7.727179701044153,0.0359375,0.06875,0.005937499999999998,0.03875000000000001,4.993366495887931,0.2574704599442214,tracking,True,,False,False,-10.0,0.08906249999999998,3.875000000000001,1500,1583,1674,1501,2000,2000,1000,1000,-10.0,5.0,15.0,20.0,100.0,100.0,0.03,0.25,3,1.0,1.0,60.0,1660,67.0
753,326450755402066,15.059994803974405,target_lost_or_stale,106201,5638543325160,True,,7.711962833914053,7.727179701044153,0.0359375,0.06875,4.993366495887931,0.2574704599442214,106201,0.03035027300938964,7.711962833914053,7.727179701044153,0.0359375,0.06875,0.005937499999999998,0.03875000000000001,4.993366495887931,0.2574704599442214,tracking,True,,False,False,-10.0,0.08906249999999998,3.875000000000001,1500,1583,1674,1501,2000,2000,1000,1000,-10.0,5.0,15.0,20.0,100.0,100.0,0.03,0.25,3,1.0,1.0,60.0,1660,67.0
754,326450775390540,15.079983278003056,target_lost_or_stale,106202,5638576255446,True,,7.711962833914053,7.72149334432438,0.0359375,0.04583333333333333,4.997048513877014,0.17177354266452238,106202,0.016902773000765592,7.711962833914053,7.72149334432438,0.0359375,0.04583333333333333,0.005937499999999998,0.01583333333333333,4.997048513877014,0.17177354266452238,tracking,True,,False,False,-10.0,0.08906249999999998,1.583333333333333,1500,1583,1672,1501,2000,2000,1000,1000,-10.0,5.0,15.0,20.0,100.0,100.0,0.03,0.25,3,1.0,1.0,60.0,1660,67.0
755,326450795398388,15.09999112598598,target_lost_or_stale,106203,5638609197615,True,,7.711962833914053,7.718295867112546,0.0359375,0.025,4.999121325424986,0.09373352485171849,106203,0.003409771015867591,7.711962833914053,7.718295867112546,0.0359375,0.025,0.005937499999999998,0.0,4.999121325424986,0.09373352485171849,tracking,True,,False,False,-10.0,0.08906249999999998,0.0,1500,1583,1670,1501,2000,2000,1000,1000,-10.0,5.0,15.0,20.0,100.0,100.0,0.03,0.25,3,1.0,1.0,60.0,1660,67.0
756,326450815407114,15.119999851973262,target_lost_or_stale,106203,5638609197615,True,,7.711962833914053,7.718295867112546,0.0359375,0.025,4.999121325424986,0.09373352485171849,106203,0.02341849700314924,7.711962833914053,7.718295867112546,0.0359375,0.025,0.005937499999999998,0.0,4.999121325424986,0.09373352485171849,tracking,True,,False,False,-10.0,0.08906249999999998,0.0,1500,1583,1670,1501,2000,2000,1000,1000,-10.0,5.0,15.0,20.0,100.0,100.0,0.03,0.25,3,1.0,1.0,60.0,1660,67.0
757,326450835370312,15.139963049965445,target_lost_or_stale,106204,5638642269072,True,,7.711962833914053,7.7172799206349945,0.0359375,0.0125,4.999780287920368,0.04687294019925345,106204,0.009928646963089705,7.711962833914053,7.7172799206349945,0.0359375,0.0125,0.005937499999999998,0.0,4.999780287920368,0.04687294019925345,tracking,True,,False,False,-10.0,0.08906249999999998,0.0,1500,1583,1670,1501,2000,2000,1000,1000,-10.0,5.0,15.0,20.0,100.0,100.0,0.03,0.25,3,1.0,1.0,60.0,1660,67.0
758,326450855399536,15.159992274013348,target_lost_or_stale,106204,5638642269072,True,,7.711962833914053,7.7172799206349945,0.0359375,0.0125,4.999780287920368,0.04687294019925345,106204,0.029957871010992676,7.711962833914053,7.7172799206349945,0.0359375,0.0125,0.005937499999999998,0.0,4.999780287920368,0.04687294019925345,tracking,True,,False,False,-10.0,0.08906249999999998,0.0,1500,1583,1670,1501,2000,2000,1000,1000,-10.0,5.0,15.0,20.0,100.0,100.0,0.03,0.25,3,1.0,1.0,60.0,1660,67.0
759,326450875393198,15.1799859359744,target_lost_or_stale,106206,5638708306524,True,,7.711962833914053,7.716555506746519,0.034375,0.004166666666666667,4.999975586116312,0.015624923706613475,106206,0.016516415984369814,7.711962833914053,7.716555506746519,0.034375,0.004166666666666667,0.004375000000000004,0.0,4.999975586116312,0.015624923706613475,tracking,True,,False,False,-10.0,0.06562500000000006,0.0,1500,1583,1670,1500,2000,2000,1000,1000,-10.0,5.0,15.0,20.0,100.0,100.0,0.03,0.25,3,1.0,1.0,60.0,1660,67.0
760,326450895393140,15.199985877959989,target_lost_or_stale,106207,5638741176664,True,,7.711962833914053,7.7172799206349945,0.0359375,0.0125,4.999780287920368,0.04687294019925345,106207,0.003049428982194513,7.711962833914053,7.7172799206349945,0.0359375,0.0125,0.005937499999999998,0.0,4.999780287920368,0.04687294019925345,tracking,True,,False,False,-10.0,0.08906249999999998,0.0,1500,1583,1670,1501,2000,2000,1000,1000,-10.0,5.0,15.0,20.0,100.0,100.0,0.03,0.25,3,1.0,1.0,60.0,1660,67.0
761,326450915399372,15.219992109981831,target_lost_or_stale,106207,5638741176664,True,,7.711962833914053,7.7172799206349945,0.0359375,0.0125,4.999780287920368,0.04687294019925345,106207,0.023055661004036665,7.711962833914053,7.7172799206349945,0.0359375,0.0125,0.005937499999999998,0.0,4.999780287920368,0.04687294019925345,tracking,True,,False,False,-10.0,0.08906249999999998,0.0,1500,1583,1670,1501,2000,2000,1000,1000,-10.0,5.0,15.0,20.0,100.0,100.0,0.03,0.25,3,1.0,1.0,60.0,1660,67.0
762,326450935390357,15.239983094972558,target_lost_or_stale,106208,5638774186358,True,,7.619047619047619,7.6253043506413105,0.0359375,0.025,4.999121325424986,0.09373352485171849,106208,0.00965402799192816,7.619047619047619,7.6253043506413105,0.0359375,0.025,0.005937499999999998,0.0,4.999121325424986,0.09373352485171849,tracking,True,,False,False,-10.0,0.08906249999999998,0.0,1500,1583,1670,1501,2000,2000,1000,1000,-10.0,5.0,15.0,20.0,100.0,100.0,0.03,0.25,3,1.0,1.0,60.0,1660,67.0
763,326450955399916,15.259992653969675,target_lost_or_stale,106208,5638774186358,True,,7.619047619047619,7.6253043506413105,0.0359375,0.025,4.999121325424986,0.09373352485171849,106208,0.029663586989045143,7.619047619047619,7.6253043506413105,0.0359375,0.025,0.005937499999999998,0.0,4.999121325424986,0.09373352485171849,tracking,True,,False,False,-10.0,0.08906249999999998,0.0,1500,1583,1670,1501,2000,2000,1000,1000,-10.0,5.0,15.0,20.0,100.0,100.0,0.03,0.25,3,1.0,1.0,60.0,1660,67.0
764,326450975388434,15.279981172003318,target_lost_or_stale,106209,5638807141830,True,,7.530454042081949,7.538291122796518,0.0359375,0.0375,4.99802363336291,0.1405694146883318,106209,0.01617670600535348,7.530454042081949,7.538291122796518,0.0359375,0.0375,0.005937499999999998,0.0075,4.99802363336291,0.1405694146883318,tracking,True,,False,False,-10.0,0.08906249999999998,0.75,1500,1583,1671,1501,2000,2000,1000,1000,-10.0,5.0,15.0,20.0,100.0,100.0,0.03,0.25,3,1.0,1.0,60.0,1660,67.0
765,326450995397722,15.299990459985565,target_lost_or_stale,106210,5638840129828,True,,7.530454042081949,7.5419542066943945,0.0375,0.05416666666666667,4.995879123528475,0.20295758939334427,106210,0.0027881949790753424,7.530454042081949,7.5419542066943945,0.0375,0.05416666666666667,0.0075,0.02416666666666667,4.995879123528475,0.20295758939334427,tracking,True,,False,False,-10.0,0.11249999999999999,2.416666666666667,1500,1583,1673,1501,2000,2000,1000,1000,-10.0,5.0,15.0,20.0,100.0,100.0,0.03,0.25,3,1.0,1.0,60.0,1660,67.0
766,326451015402657,15.3199953949661,target_lost_or_stale,106210,5638840129828,True,,7.530454042081949,7.5419542066943945,0.0375,0.05416666666666667,4.995879123528475,0.20295758939334427,106210,0.02279312995960936,7.530454042081949,7.5419542066943945,0.0375,0.05416666666666667,0.0075,0.02416666666666667,4.995879123528475,0.20295758939334427,tracking,True,,False,False,-10.0,0.11249999999999999,2.416666666666667,1500,1583,1673,1501,2000,2000,1000,1000,-10.0,5.0,15.0,20.0,100.0,100.0,0.03,0.25,3,1.0,1.0,60.0,1660,67.0
767,326451035384018,15.339976755960379,target_lost_or_stale,106211,5638874306283,True,,7.530454042081949,7.545147624916494,0.0375,0.06666666666666667,4.993761694389224,0.24968808471946116,106211,0.009301754995249212,7.530454042081949,7.545147624916494,0.0375,0.06666666666666667,0.0075,0.03666666666666667,4.993761694389224,0.24968808471946116,tracking,True,,False,False,-10.0,0.11249999999999999,3.6666666666666665,1500,1583,1674,1501,2000,2000,1000,1000,-10.0,5.0,15.0,20.0,100.0,100.0,0.03,0.25,3,1.0,1.0,60.0,1660,67.0
768,326451055404472,15.359997209976427,target_lost_or_stale,106211,5638874306283,True,,7.530454042081949,7.545147624916494,0.0375,0.06666666666666667,4.993761694389224,0.24968808471946116,106211,0.029322209011297673,7.530454042081949,7.545147624916494,0.0375,0.06666666666666667,0.0075,0.03666666666666667,4.993761694389224,0.24968808471946116,tracking,True,,False,False,-10.0,0.11249999999999999,3.6666666666666665,1500,1583,1674,1501,2000,2000,1000,1000,-10.0,5.0,15.0,20.0,100.0,100.0,0.03,0.25,3,1.0,1.0,60.0,1660,67.0
769,326451075390065,15.379982802958693,target_lost_or_stale,106212,5638906220975,True,,7.530454042081949,7.548312180071266,0.0375,0.07708333333333334,4.991665174322981,0.2885806428905474,106212,0.015878473001066595,7.530454042081949,7.548312180071266,0.0375,0.07708333333333334,0.0075,0.04708333333333334,4.991665174322981,0.2885806428905474,tracking,True,,False,False,-10.0,0.11249999999999999,4.708333333333334,1500,1583,1675,1501,2000,2000,1000,1000,-10.0,5.0,15.0,20.0,100.0,100.0,0.03,0.25,3,1.0,1.0,60.0,1660,67.0
770,326451095387411,15.39998014899902,target_lost_or_stale,106213,5638939146921,True,,7.530454042081949,7.549705997917424,0.0375,0.08125,4.990742327704439,0.30412336059448924,106213,0.0023959680111147463,7.530454042081949,7.549705997917424,0.0375,0.08125,0.0075,0.051250000000000004,4.990742327704439,0.30412336059448924,tracking,True,,False,False,-10.0,0.11249999999999999,5.125,1500,1583,1675,1501,2000,2000,1000,1000,-10.0,5.0,15.0,20.0,100.0,100.0,0.03,0.25,3,1.0,1.0,60.0,1660,67.0
771,326451115394304,15.419987041968852,target_lost_or_stale,106213,5638939146921,True,,7.530454042081949,7.549705997917424,0.0375,0.08125,4.990742327704439,0.30412336059448924,106213,0.02240286098094657,7.530454042081949,7.549705997917424,0.0375,0.08125,0.0075,0.051250000000000004,4.990742327704439,0.30412336059448924,tracking,True,,False,False,-10.0,0.11249999999999999,5.125,1500,1583,1675,1501,2000,2000,1000,1000,-10.0,5.0,15.0,20.0,100.0,100.0,0.03,0.25,3,1.0,1.0,60.0,1660,67.0
772,326451135403829,15.439996566972695,target_lost_or_stale,106214,5638972348818,True,,7.619047619047619,7.637811715436138,0.0375,0.07916666666666666,4.991209758397982,0.2963530794048802,106214,0.009000601014122367,7.619047619047619,7.637811715436138,0.0375,0.07916666666666666,0.0075,0.049166666666666664,4.991209758397982,0.2963530794048802,tracking,True,,False,False,-10.0,0.11249999999999999,4.916666666666666,1500,1583,1675,1501,2000,2000,1000,1000,-10.0,5.0,15.0,20.0,100.0,100.0,0.03,0.25,3,1.0,1.0,60.0,1660,67.0
773,326451155401860,15.459994598000776,target_lost_or_stale,106214,5638972348818,True,,7.619047619047619,7.637811715436138,0.0375,0.07916666666666666,4.991209758397982,0.2963530794048802,106214,0.0289986320422031,7.619047619047619,7.637811715436138,0.0375,0.07916666666666666,0.0075,0.049166666666666664,4.991209758397982,0.2963530794048802,tracking,True,,False,False,-10.0,0.11249999999999999,4.916666666666666,1500,1583,1675,1501,2000,2000,1000,1000,-10.0,5.0,15.0,20.0,100.0,100.0,0.03,0.25,3,1.0,1.0,60.0,1660,67.0
774,326451175383612,15.479976349975914,target_lost_or_stale,106215,5639005421489,True,,7.530454042081949,7.545743946920288,0.0375,0.06875,4.993366495887931,0.2574704599442214,106215,0.015502480964642018,7.530454042081949,7.545743946920288,0.0375,0.06875,0.0075,0.03875000000000001,4.993366495887931,0.2574704599442214,tracking,True,,False,False,-10.0,0.11249999999999999,3.875000000000001,1500,1583,1674,1501,2000,2000,1000,1000,-10.0,5.0,15.0,20.0,100.0,100.0,0.03,0.25,3,1.0,1.0,60.0,1660,67.0
775,326451195387024,15.499979762011208,target_lost_or_stale,106216,5639038192047,True,,7.530454042081949,7.542403936448756,0.0390625,0.05416666666666667,4.995879123528475,0.20295758939334427,106216,0.0020892610191367567,7.530454042081949,7.542403936448756,0.0390625,0.05416666666666667,0.009062500000000001,0.02416666666666667,4.995879123528475,0.20295758939334427,tracking,True,,False,False,-10.0,0.13593750000000002,2.416666666666667,1500,1583,1673,1501,2000,2000,1000,1000,-10.0,5.0,15.0,20.0,100.0,100.0,0.03,0.25,3,1.0,1.0,60.0,1660,67.0
776,326451215435946,15.520028683997225,target_lost_or_stale,106216,5639038192047,True,,7.530454042081949,7.542403936448756,0.0390625,0.05416666666666667,4.995879123528475,0.20295758939334427,106216,0.022138183005154133,7.530454042081949,7.542403936448756,0.0390625,0.05416666666666667,0.009062500000000001,0.02416666666666667,4.995879123528475,0.20295758939334427,tracking,True,,False,False,-10.0,0.13593750000000002,2.416666666666667,1500,1583,1673,1501,2000,2000,1000,1000,-10.0,5.0,15.0,20.0,100.0,100.0,0.03,0.25,3,1.0,1.0,60.0,1660,67.0
777,326451235389842,15.53998257999774,target_lost_or_stale,106217,5639071838012,True,,7.530454042081949,7.538263574070243,0.0390625,0.03125,4.998627274503971,0.11715532674618682,106217,0.008588245022110641,7.530454042081949,7.538263574070243,0.0390625,0.03125,0.009062500000000001,0.0012500000000000011,4.998627274503971,0.11715532674618682,tracking,True,,False,False,-10.0,0.13593750000000002,0.1250000000000001,1500,1583,1670,1501,2000,2000,1000,1000,-10.0,5.0,15.0,20.0,100.0,100.0,0.03,0.25,3,1.0,1.0,60.0,1660,67.0
778,326451255410785,15.56000352295814,target_lost_or_stale,106217,5639071838012,True,,7.530454042081949,7.538263574070243,0.0390625,0.03125,4.998627274503971,0.11715532674618682,106217,0.028609187982510775,7.530454042081949,7.538263574070243,0.0390625,0.03125,0.009062500000000001,0.0012500000000000011,4.998627274503971,0.11715532674618682,tracking,True,,False,False,-10.0,0.13593750000000002,0.1250000000000001,1500,1583,1670,1501,2000,2000,1000,1000,-10.0,5.0,15.0,20.0,100.0,100.0,0.03,0.25,3,1.0,1.0,60.0,1660,67.0
779,326451275385086,15.579977824003436,target_lost_or_stale,106218,5639104417648,True,,7.441860465116279,7.447681226509605,0.0390625,0.008333333333333333,4.999902346610931,0.031249389666318312,106218,0.015167908044531941,7.441860465116279,7.447681226509605,0.0390625,0.008333333333333333,0.009062500000000001,0.0,4.999902346610931,0.031249389666318312,tracking,True,,False,False,-10.0,0.13593750000000002,0.0,1500,1583,1670,1501,2000,2000,1000,1000,-10.0,5.0,15.0,20.0,100.0,100.0,0.03,0.25,3,1.0,1.0,60.0,1660,67.0
780,326451295383940,15.599976677971426,target_lost_or_stale,106219,5639137379738,True,,7.441860465116279,7.448271221300048,0.0390625,-0.01875,4.999505688547183,-0.07030554874519476,106219,0.0017094869981519878,7.441860465116279,7.448271221300048,0.0390625,-0.01875,0.009062500000000001,0.0,4.999505688547183,-0.07030554874519476,tracking,True,,False,False,-10.0,0.13593750000000002,0.0,1500,1583,1670,1501,2000,2000,1000,1000,-10.0,5.0,15.0,20.0,100.0,100.0,0.03,0.25,3,1.0,1.0,60.0,1660,67.0
781,326451315388325,15.61998106300598,target_lost_or_stale,106219,5639137379738,True,,7.441860465116279,7.448271221300048,0.0390625,-0.01875,4.999505688547183,-0.07030554874519476,106219,0.021713872032705694,7.441860465116279,7.448271221300048,0.0390625,-0.01875,0.009062500000000001,0.0,4.999505688547183,-0.07030554874519476,tracking,True,,False,False,-10.0,0.13593750000000002,0.0,1500,1583,1670,1501,2000,2000,1000,1000,-10.0,5.0,15.0,20.0,100.0,100.0,0.03,0.25,3,1.0,1.0,60.0,1660,67.0
782,326451335382178,15.639974916004576,target_lost_or_stale,106220,5639170282272,True,,7.357293868921776,7.367247144727334,0.0390625,-0.04583333333333333,4.997048513877014,-0.17177354266452238,106220,0.008261281007435173,7.357293868921776,7.367247144727334,0.0390625,-0.04583333333333333,0.009062500000000001,-0.01583333333333333,4.997048513877014,-0.17177354266452238,tracking,True,,False,False,-10.0,0.13593750000000002,-1.583333333333333,1500,1583,1669,1501,2000,2000,1000,1000,-10.0,5.0,15.0,20.0,100.0,100.0,0.03,0.25,3,1.0,1.0,60.0,1660,67.0
783,326451355393746,15.659986483980902,target_lost_or_stale,106220,5639170282272,True,,7.357293868921776,7.367247144727334,0.0390625,-0.04583333333333333,4.997048513877014,-0.17177354266452238,106220,0.028272848983760923,7.357293868921776,7.367247144727334,0.0390625,-0.04583333333333333,0.009062500000000001,-0.01583333333333333,4.997048513877014,-0.17177354266452238,tracking,True,,False,False,-10.0,0.13593750000000002,-1.583333333333333,1500,1583,1669,1501,2000,2000,1000,1000,-10.0,5.0,15.0,20.0,100.0,100.0,0.03,0.25,3,1.0,1.0,60.0,1660,67.0
784,326451375380814,15.679973552003503,target_lost_or_stale,106221,5639203080156,True,,7.357293868921776,7.3720887803451856,0.0390625,-0.06666666666666667,4.993761694389223,-0.2496880847194612,106221,0.014849150029476732,7.357293868921776,7.3720887803451856,0.0390625,-0.06666666666666667,0.009062500000000001,-0.03666666666666667,4.993761694389223,-0.2496880847194612,tracking,True,,False,False,-10.0,0.13593750000000002,-3.6666666666666665,1500,1583,1667,1501,2000,2000,1000,1000,-10.0,5.0,15.0,20.0,100.0,100.0,0.03,0.25,3,1.0,1.0,60.0,1660,67.0
785,326451395381636,15.699974373972509,target_lost_or_stale,106222,5639236467269,True,,7.357293868921776,7.377975152624598,0.0390625,-0.08541666666666667,4.989771462956044,-0.31965723434562165,106222,0.0013223839923739433,7.357293868921776,7.377975152624598,0.0390625,-0.08541666666666667,0.009062500000000001,-0.05541666666666667,4.989771462956044,-0.31965723434562165,tracking,True,,False,False,-10.0,0.13593750000000002,-5.541666666666667,1500,1583,1665,1501,2000,2000,1000,1000,-10.0,5.0,15.0,20.0,100.0,100.0,0.03,0.25,3,1.0,1.0,60.0,1660,67.0
786,326451415389419,15.719982156995684,target_lost_or_stale,106222,5639236467269,True,,7.357293868921776,7.377975152624598,0.0390625,-0.08541666666666667,4.989771462956044,-0.31965723434562165,106222,0.021330167015548795,7.357293868921776,7.377975152624598,0.0390625,-0.08541666666666667,0.009062500000000001,-0.05541666666666667,4.989771462956044,-0.31965723434562165,tracking,True,,False,False,-10.0,0.13593750000000002,-5.541666666666667,1500,1583,1665,1501,2000,2000,1000,1000,-10.0,5.0,15.0,20.0,100.0,100.0,0.03,0.25,3,1.0,1.0,60.0,1660,67.0
787,326451435378675,15.739971412986051,target_lost_or_stale,106223,5639269275298,True,,7.357293868921776,7.382263780697651,0.0375,-0.09791666666666667,4.986571624729242,-0.3662013536910538,106223,0.007929090992547572,7.357293868921776,7.382263780697651,0.0375,-0.09791666666666667,0.0075,-0.06791666666666667,4.986571624729242,-0.3662013536910538,tracking,True,,False,False,-10.0,0.11249999999999999,-6.791666666666667,1500,1583,1663,1501,2000,2000,1000,1000,-10.0,5.0,15.0,20.0,100.0,100.0,0.03,0.25,3,1.0,1.0,60.0,1660,67.0
788,326451455394116,15.759986853983719,target_lost_or_stale,106223,5639269275298,True,,7.357293868921776,7.382263780697651,0.0375,-0.09791666666666667,4.986571624729242,-0.3662013536910538,106223,0.027944531990215182,7.357293868921776,7.382263780697651,0.0375,-0.09791666666666667,0.0075,-0.06791666666666667,4.986571624729242,-0.3662013536910538,tracking,True,,False,False,-10.0,0.11249999999999999,-6.791666666666667,1500,1583,1663,1501,2000,2000,1000,1000,-10.0,5.0,15.0,20.0,100.0,100.0,0.03,0.25,3,1.0,1.0,60.0,1660,67.0
789,326451475388527,15.779981264960952,target_lost_or_stale,106224,5639302555352,True,,7.276485788113694,7.303757035132592,0.0375,-0.10416666666666667,4.9848107067462175,-0.3894383364645483,106224,0.014498136995825917,7.276485788113694,7.303757035132592,0.0375,-0.10416666666666667,0.0075,-0.07416666666666667,4.9848107067462175,-0.3894383364645483,tracking,True,,False,False,-10.0,0.11249999999999999,-7.416666666666667,1500,1583,1663,1501,2000,2000,1000,1000,-10.0,5.0,15.0,20.0,100.0,100.0,0.03,0.25,3,1.0,1.0,60.0,1660,67.0
790,326451495383168,15.799975905974861,target_lost_or_stale,106225,5639335699403,True,,7.191919191919192,7.218873495209822,0.0375,-0.10416666666666667,4.9848107067462175,-0.38943833646454823,106225,0.0010228079627268016,7.191919191919192,7.218873495209822,0.0375,-0.10416666666666667,0.0075,-0.07416666666666667,4.9848107067462175,-0.38943833646454823,tracking,True,,False,False,-10.0,0.11249999999999999,-7.416666666666667,1500,1583,1663,1501,2000,2000,1000,1000,-10.0,5.0,15.0,20.0,100.0,100.0,0.03,0.25,3,1.0,1.0,60.0,1660,67.0
791,326451515402317,15.819995054975152,target_lost_or_stale,106225,5639335699403,True,,7.191919191919192,7.218873495209822,0.0375,-0.10416666666666667,4.9848107067462175,-0.38943833646454823,106225,0.021041956963017583,7.191919191919192,7.218873495209822,0.0375,-0.10416666666666667,0.0075,-0.07416666666666667,4.9848107067462175,-0.38943833646454823,tracking,True,,False,False,-10.0,0.11249999999999999,-7.416666666666667,1500,1583,1663,1501,2000,2000,1000,1000,-10.0,5.0,15.0,20.0,100.0,100.0,0.03,0.25,3,1.0,1.0,60.0,1660,67.0
792,326451535389112,15.839981850003824,target_lost_or_stale,106226,5639369571023,True,,7.191919191919192,7.216327838756043,0.0375,-0.09791666666666667,4.986571624729242,-0.3662013536910538,106226,0.007586496998555958,7.191919191919192,7.216327838756043,0.0375,-0.09791666666666667,0.0075,-0.06791666666666667,4.986571624729242,-0.3662013536910538,tracking,True,,False,False,-10.0,0.11249999999999999,-6.791666666666667,1500,1583,1663,1501,2000,2000,1000,1000,-10.0,5.0,15.0,20.0,100.0,100.0,0.03,0.25,3,1.0,1.0,60.0,1660,67.0
793,326451555386576,15.859979313972872,target_lost_or_stale,106226,5639369571023,True,,7.191919191919192,7.216327838756043,0.0375,-0.09791666666666667,4.986571624729242,-0.3662013536910538,106226,0.02758396096760407,7.191919191919192,7.216327838756043,0.0375,-0.09791666666666667,0.0075,-0.06791666666666667,4.986571624729242,-0.3662013536910538,tracking,True,,False,False,-10.0,0.11249999999999999,-6.791666666666667,1500,1583,1663,1501,2000,2000,1000,1000,-10.0,5.0,15.0,20.0,100.0,100.0,0.03,0.25,3,1.0,1.0,60.0,1660,67.0
794,326451575382229,15.879974966985174,target_lost_or_stale,106227,5639401511434,True,,7.1146245059288535,7.134918099256698,0.0375,-0.0875,4.989268050012622,-0.3274207157820784,106227,0.01416132302256301,7.1146245059288535,7.134918099256698,0.0375,-0.0875,0.0075,-0.057499999999999996,4.989268050012622,-0.3274207157820784,tracking,True,,False,False,-10.0,0.11249999999999999,-5.75,1500,1583,1664,1501,2000,2000,1000,1000,-10.0,5.0,15.0,20.0,100.0,100.0,0.03,0.25,3,1.0,1.0,60.0,1660,67.0
795,326451595384074,15.899976812012028,target_lost_or_stale,106228,5639435141362,True,,7.1146245059288535,7.132146315303507,0.0375,-0.07916666666666666,4.991209758397982,-0.2963530794048802,106228,0.0006887570489197969,7.1146245059288535,7.132146315303507,0.0375,-0.07916666666666666,0.0075,-0.049166666666666664,4.991209758397982,-0.2963530794048802,tracking,True,,False,False,-10.0,0.11249999999999999,-4.916666666666666,1500,1583,1665,1501,2000,2000,1000,1000,-10.0,5.0,15.0,20.0,100.0,100.0,0.03,0.25,3,1.0,1.0,60.0,1660,67.0
796,326451615391377,15.919984114996623,target_lost_or_stale,106228,5639435141362,True,,7.1146245059288535,7.132146315303507,0.0375,-0.07916666666666666,4.991209758397982,-0.2963530794048802,106228,0.020696060033515096,7.1146245059288535,7.132146315303507,0.0375,-0.07916666666666666,0.0075,-0.049166666666666664,4.991209758397982,-0.2963530794048802,tracking,True,,False,False,-10.0,0.11249999999999999,-4.916666666666666,1500,1583,1665,1501,2000,2000,1000,1000,-10.0,5.0,15.0,20.0,100.0,100.0,0.03,0.25,3,1.0,1.0,60.0,1660,67.0
797,326451635384153,15.939976890978869,target_lost_or_stale,106229,5639467697962,True,,7.1146245059288535,7.128506713287183,0.0375,-0.06666666666666667,4.993761694389223,-0.24968808471946116,106229,0.007237312966026366,7.1146245059288535,7.128506713287183,0.0375,-0.06666666666666667,0.0075,-0.03666666666666667,4.993761694389223,-0.24968808471946116,tracking,True,,False,False,-10.0,0.11249999999999999,-3.6666666666666665,1500,1583,1667,1501,2000,2000,1000,1000,-10.0,5.0,15.0,20.0,100.0,100.0,0.03,0.25,3,1.0,1.0,60.0,1660,67.0
798,326451655400835,15.959993572963867,target_lost_or_stale,106229,5639467697962,True,,7.1146245059288535,7.128506713287183,0.0375,-0.06666666666666667,4.993761694389223,-0.24968808471946116,106229,0.02725399495102465,7.1146245059288535,7.128506713287183,0.0375,-0.06666666666666667,0.0075,-0.03666666666666667,4.993761694389223,-0.24968808471946116,tracking,True,,False,False,-10.0,0.11249999999999999,-3.6666666666666665,1500,1583,1667,1501,2000,2000,1000,1000,-10.0,5.0,15.0,20.0,100.0,100.0,0.03,0.25,3,1.0,1.0,60.0,1660,67.0
799,326451675397531,15.979990268999245,target_lost_or_stale,106230,5639500629045,True,,7.1146245059288535,7.126426106136783,0.0375,-0.058333333333333334,4.995221702127503,-0.21854094946807823,106230,0.013792918995022774,7.1146245059288535,7.126426106136783,0.0375,-0.058333333333333334,0.0075,-0.028333333333333335,4.995221702127503,-0.21854094946807823,tracking,True,,False,False,-10.0,0.11249999999999999,-2.8333333333333335,1500,1583,1667,1501,2000,2000,1000,1000,-10.0,5.0,15.0,20.0,100.0,100.0,0.03,0.25,3,1.0,1.0,60.0,1660,67.0
800,326451695391622,15.999984360008966,target_lost_or_stale,106231,5639533775481,True,,7.1146245059288535,7.125489634713478,0.0375,-0.05416666666666667,4.995879123528475,-0.2029575893933443,106231,0.00029682402964681387,7.1146245059288535,7.125489634713478,0.0375,-0.05416666666666667,0.0075,-0.02416666666666667,4.995879123528475,-0.2029575893933443,tracking,True,,False,False,-10.0,0.11249999999999999,-2.416666666666667,1500,1583,1668,1501,2000,2000,1000,1000,-10.0,5.0,15.0,20.0,100.0,100.0,0.03,0.25,3,1.0,1.0,60.0,1660,67.0
801,326451715414863,16.02000760100782,target_lost_or_stale,106231,5639533775481,True,,7.1146245059288535,7.125489634713478,0.0375,-0.05416666666666667,4.995879123528475,-0.2029575893933443,106231,0.020320065028499812,7.1146245059288535,7.125489634713478,0.0375,-0.05416666666666667,0.0075,-0.02416666666666667,4.995879123528475,-0.2029575893933443,tracking,True,,False,False,-10.0,0.11249999999999999,-2.416666666666667,1500,1583,1668,1501,2000,2000,1000,1000,-10.0,5.0,15.0,20.0,100.0,100.0,0.03,0.25,3,1.0,1.0,60.0,1660,67.0
802,326451735387295,16.039980033005122,target_lost_or_stale,106232,5639567554257,True,,7.1146245059288535,7.1259492147717,0.0375,-0.05625,4.995556467630154,-0.2107500384781471,106232,0.006899219995830208,7.1146245059288535,7.1259492147717,0.0375,-0.05625,0.0075,-0.026250000000000002,4.995556467630154,-0.2107500384781471,tracking,True,,False,False,-10.0,0.11249999999999999,-2.6250000000000004,1500,1583,1668,1501,2000,2000,1000,1000,-10.0,5.0,15.0,20.0,100.0,100.0,0.03,0.25,3,1.0,1.0,60.0,1660,67.0
803,326451755395443,16.05998818099033,target_lost_or_stale,106232,5639567554257,True,,7.1146245059288535,7.1259492147717,0.0375,-0.05625,4.995556467630154,-0.2107500384781471,106232,0.026907367981038988,7.1146245059288535,7.1259492147717,0.0375,-0.05625,0.0075,-0.026250000000000002,4.995556467630154,-0.2107500384781471,tracking,True,,False,False,-10.0,0.11249999999999999,-2.6250000000000004,1500,1583,1668,1501,2000,2000,1000,1000,-10.0,5.0,15.0,20.0,100.0,100.0,0.03,0.25,3,1.0,1.0,60.0,1660,67.0
804,326451775388391,16.079981128976215,target_lost_or_stale,106233,5639600406753,True,,7.1146245059288535,7.127960612696516,0.0375,-0.06458333333333334,4.994144822497682,-0.24190388983973146,106233,0.013388790015596896,7.1146245059288535,7.127960612696516,0.0375,-0.06458333333333334,0.0075,-0.03458333333333334,4.994144822497682,-0.24190388983973146,tracking,True,,False,False,-10.0,0.11249999999999999,-3.458333333333334,1500,1583,1667,1501,2000,2000,1000,1000,-10.0,5.0,15.0,20.0,100.0,100.0,0.03,0.25,3,1.0,1.0,60.0,1660,67.0
805,326451795493877,16.100086615013424,target_lost_or_stale,106234,5639634006028,True,,7.040618955512572,7.056912473701009,0.0359375,-0.07708333333333334,4.991665174322981,-0.28858064289054736,106234,6.58560311421752e-05,7.040618955512572,7.056912473701009,0.0359375,-0.07708333333333334,0.005937499999999998,-0.04708333333333334,4.991665174322981,-0.28858064289054736,tracking,True,,False,False,-10.0,0.08906249999999998,-4.708333333333334,1500,1583,1665,1501,2000,2000,1000,1000,-10.0,5.0,15.0,20.0,100.0,100.0,0.03,0.25,3,1.0,1.0,60.0,1660,67.0
806,326451815408022,16.120000760012772,target_lost_or_stale,106234,5639634006028,True,,7.040618955512572,7.056912473701009,0.0359375,-0.07708333333333334,4.991665174322981,-0.28858064289054736,106234,0.019980001030489802,7.040618955512572,7.056912473701009,0.0359375,-0.07708333333333334,0.005937499999999998,-0.04708333333333334,4.991665174322981,-0.28858064289054736,tracking,True,,False,False,-10.0,0.08906249999999998,-4.708333333333334,1500,1583,1665,1501,2000,2000,1000,1000,-10.0,5.0,15.0,20.0,100.0,100.0,0.03,0.25,3,1.0,1.0,60.0,1660,67.0
807,326451835385747,16.139978485007305,target_lost_or_stale,106235,5639667076929,True,,7.040618955512572,7.0633148418991345,0.0359375,-0.09583333333333334,4.987134785956377,-0.35845031274061456,106235,0.006502422038465738,7.040618955512572,7.0633148418991345,0.0359375,-0.09583333333333334,0.005937499999999998,-0.06583333333333334,4.987134785956377,-0.35845031274061456,tracking,True,,False,False,-10.0,0.08906249999999998,-6.583333333333334,1500,1583,1664,1501,2000,2000,1000,1000,-10.0,5.0,15.0,20.0,100.0,100.0,0.03,0.25,3,1.0,1.0,60.0,1660,67.0
808,326451855400858,16.159993595967535,target_lost_or_stale,106235,5639667076929,True,,7.040618955512572,7.0633148418991345,0.0359375,-0.09583333333333334,4.987134785956377,-0.35845031274061456,106235,0.02651753299869597,7.040618955512572,7.0633148418991345,0.0359375,-0.09583333333333334,0.005937499999999998,-0.06583333333333334,4.987134785956377,-0.35845031274061456,tracking,True,,False,False,-10.0,0.08906249999999998,-6.583333333333334,1500,1583,1664,1501,2000,2000,1000,1000,-10.0,5.0,15.0,20.0,100.0,100.0,0.03,0.25,3,1.0,1.0,60.0,1660,67.0
809,326451875402223,16.179994961014017,target_lost_or_stale,106236,5639700493942,True,,6.959810874704491,6.9908788697507305,0.0359375,-0.11666666666666667,4.9809685874805645,-0.43583475140454947,106236,0.013065639999695122,6.959810874704491,6.9908788697507305,0.0359375,-0.11666666666666667,0.005937499999999998,-0.08666666666666667,4.9809685874805645,-0.43583475140454947,tracking,True,,False,False,-10.0,0.08906249999999998,-8.666666666666668,1500,1583,1662,1501,2000,2000,1000,1000,-10.0,5.0,15.0,20.0,100.0,100.0,0.03,0.25,3,1.0,1.0,60.0,1660,67.0
810,326451895390550,16.199983288010117,target_lost_or_stale,106236,5639700493942,True,,6.959810874704491,6.9908788697507305,0.0359375,-0.11666666666666667,4.9809685874805645,-0.43583475140454947,106236,0.033053966995794326,6.959810874704491,6.9908788697507305,0.0359375,-0.11666666666666667,0.005937499999999998,-0.08666666666666667,4.9809685874805645,-0.43583475140454947,tracking,True,,False,False,-10.0,0.08906249999999998,-8.666666666666668,1500,1583,1662,1501,2000,2000,1000,1000,-10.0,5.0,15.0,20.0,100.0,100.0,0.03,0.25,3,1.0,1.0,60.0,1660,67.0
811,326451915404463,16.219997200998478,target_lost_or_stale,106237,5639731409271,True,,6.888888888888889,6.9332313117104425,0.0359375,-0.14375,4.9711920578503275,-0.5359566437369885,106237,0.01959253998938948,6.888888888888889,6.9332313117104425,0.0359375,-0.14375,0.005937499999999998,-0.11374999999999999,4.9711920578503275,-0.5359566437369885,tracking,True,,False,False,-10.0,0.08906249999999998,-11.374999999999998,1500,1583,1659,1501,2000,2000,1000,1000,-10.0,5.0,15.0,20.0,100.0,100.0,0.03,0.25,3,1.0,1.0,60.0,1660,67.0
812,326451935391394,16.239984132000245,target_lost_or_stale,106238,5639764562732,True,,6.888888888888889,6.948254944149958,0.0359375,-0.16875,4.960429585603169,-0.6278043694279012,106238,0.006183231016620994,6.888888888888889,6.948254944149958,0.0359375,-0.16875,0.005937499999999998,-0.13875,4.960429585603169,-0.6278043694279012,tracking,True,,False,False,-10.0,0.08906249999999998,-13.875000000000002,1500,1583,1656,1501,2000,2000,1000,1000,-10.0,5.0,15.0,20.0,100.0,100.0,0.03,0.25,3,1.0,1.0,60.0,1660,67.0
813,326451955391160,16.259983897965867,target_lost_or_stale,106238,5639764562732,True,,6.888888888888889,6.948254944149958,0.0359375,-0.16875,4.960429585603169,-0.6278043694279012,106238,0.026182996982242912,6.888888888888889,6.948254944149958,0.0359375,-0.16875,0.005937499999999998,-0.13875,4.960429585603169,-0.6278043694279012,tracking,True,,False,False,-10.0,0.08906249999999998,-13.875000000000002,1500,1583,1656,1501,2000,2000,1000,1000,-10.0,5.0,15.0,20.0,100.0,100.0,0.03,0.25,3,1.0,1.0,60.0,1660,67.0
814,326451975381319,16.279974056989886,target_lost_or_stale,106239,5639797305824,True,,6.820861678004535,6.896856623887454,0.0359375,-0.19375,4.948032262508674,-0.7190109381457918,106239,0.012743873987346888,6.820861678004535,6.896856623887454,0.0359375,-0.19375,0.005937499999999998,-0.16375,4.948032262508674,-0.7190109381457918,tracking,True,,False,False,-10.0,0.08906249999999998,-16.375,1500,1583,1654,1501,2000,2000,1000,1000,-10.0,5.0,15.0,20.0,100.0,100.0,0.03,0.25,3,1.0,1.0,60.0,1660,67.0
815,326451995384425,16.2999771629693,target_lost_or_stale,106239,5639797305824,True,,6.820861678004535,6.896856623887454,0.0359375,-0.19375,4.948032262508674,-0.7190109381457918,106239,0.03274697996675968,6.820861678004535,6.896856623887454,0.0359375,-0.19375,0.005937499999999998,-0.16375,4.948032262508674,-0.7190109381457918,tracking,True,,False,False,-10.0,0.08906249999999998,-16.375,1500,1583,1654,1501,2000,2000,1000,1000,-10.0,5.0,15.0,20.0,100.0,100.0,0.03,0.25,3,1.0,1.0,60.0,1660,67.0
816,326452015426315,16.320019053004216,target_lost_or_stale,106240,5639830177548,True,,6.820861678004535,6.910923277449159,0.034375,-0.2125,4.937683686063465,-0.7869433374663649,106240,0.019328852999024093,6.820861678004535,6.910923277449159,0.034375,-0.2125,0.004375000000000004,-0.1825,4.937683686063465,-0.7869433374663649,tracking,True,,False,False,-10.0,0.06562500000000006,-18.25,1500,1583,1652,1500,2000,2000,1000,1000,-10.0,5.0,15.0,20.0,100.0,100.0,0.03,0.25,3,1.0,1.0,60.0,1660,67.0
817,326452035414553,16.340007291000802,target_lost_or_stale,106241,5639863251009,True,,6.820861678004535,6.9248465414094955,0.034375,-0.22916666666666666,4.927744453798767,-0.8469560779966631,106241,0.005883585021365434,6.820861678004535,6.9248465414094955,0.034375,-0.22916666666666666,0.004375000000000004,-0.19916666666666666,4.927744453798767,-0.8469560779966631,tracking,True,,False,False,-10.0,0.06562500000000006,-19.916666666666664,1500,1583,1650,1500,2000,2000,1000,1000,-10.0,5.0,15.0,20.0,100.0,100.0,0.03,0.25,3,1.0,1.0,60.0,1660,67.0
818,326452055385450,16.35997818800388,target_lost_or_stale,106241,5639863251009,True,,6.820861678004535,6.9248465414094955,0.034375,-0.22916666666666666,4.927744453798767,-0.8469560779966631,106241,0.025854482024442405,6.820861678004535,6.9248465414094955,0.034375,-0.22916666666666666,0.004375000000000004,-0.19916666666666666,4.927744453798767,-0.8469560779966631,tracking,True,,False,False,-10.0,0.06562500000000006,-19.916666666666664,1500,1583,1650,1500,2000,2000,1000,1000,-10.0,5.0,15.0,20.0,100.0,100.0,0.03,0.25,3,1.0,1.0,60.0,1660,67.0
819,326452075391857,16.37998459499795,target_lost_or_stale,106242,5639896245161,True,,6.678260869565218,6.787262617390691,0.034375,-0.2375,4.922517710225457,-0.8768234671339096,106242,0.012333569000475109,6.678260869565218,6.787262617390691,0.034375,-0.2375,0.004375000000000004,-0.2075,4.922517710225457,-0.8768234671339096,tracking,True,,False,False,-10.0,0.06562500000000006,-20.75,1500,1583,1649,1500,2000,2000,1000,1000,-10.0,5.0,15.0,20.0,100.0,100.0,0.03,0.25,3,1.0,1.0,60.0,1660,67.0
820,326452095384724,16.39997746195877,target_lost_or_stale,106242,5639896245161,True,,6.678260869565218,6.787262617390691,0.034375,-0.2375,4.922517710225457,-0.8768234671339096,106242,0.03232643596129492,6.678260869565218,6.787262617390691,0.034375,-0.2375,0.004375000000000004,-0.2075,4.922517710225457,-0.8768234671339096,tracking,True,,False,False,-10.0,0.06562500000000006,-20.75,1500,1583,1649,1500,2000,2000,1000,1000,-10.0,5.0,15.0,20.0,100.0,100.0,0.03,0.25,3,1.0,1.0,60.0,1660,67.0
821,326452115430083,16.420022820995655,target_lost_or_stale,106243,5639929216652,True,,6.678260869565218,6.7909513909282895,0.034375,-0.24166666666666667,4.919840790378292,-0.8917211432560654,106243,0.018985469010658562,6.678260869565218,6.7909513909282895,0.034375,-0.24166666666666667,0.004375000000000004,-0.21166666666666667,4.919840790378292,-0.8917211432560654,tracking,True,,False,False,-10.0,0.06562500000000006,-21.166666666666668,1500,1583,1649,1500,2000,2000,1000,1000,-10.0,5.0,15.0,20.0,100.0,100.0,0.03,0.25,3,1.0,1.0,60.0,1660,67.0
822,326452135387106,16.439979843969923,target_lost_or_stale,106244,5639962378035,True,,6.678260869565218,6.7909513909282895,0.034375,-0.24166666666666667,4.919840790378292,-0.8917211432560654,106244,0.005471266980748624,6.678260869565218,6.7909513909282895,0.034375,-0.24166666666666667,0.004375000000000004,-0.21166666666666667,4.919840790378292,-0.8917211432560654,tracking,True,,False,False,-10.0,0.06562500000000006,-21.166666666666668,1500,1583,1649,1500,2000,2000,1000,1000,-10.0,5.0,15.0,20.0,100.0,100.0,0.03,0.25,3,1.0,1.0,60.0,1660,67.0
823,326452155406341,16.459999079001136,target_lost_or_stale,106244,5639962378035,True,,6.678260869565218,6.7909513909282895,0.034375,-0.24166666666666667,4.919840790378292,-0.8917211432560654,106244,0.025490502011962235,6.678260869565218,6.7909513909282895,0.034375,-0.24166666666666667,0.004375000000000004,-0.21166666666666667,4.919840790378292,-0.8917211432560654,tracking,True,,False,False,-10.0,0.06562500000000006,-21.166666666666668,1500,1583,1649,1500,2000,2000,1000,1000,-10.0,5.0,15.0,20.0,100.0,100.0,0.03,0.25,3,1.0,1.0,60.0,1660,67.0
824,326452175408957,16.48000169498846,target_lost_or_stale,106245,5639995689606,True,,6.678260869565218,6.785441548877459,0.034375,-0.23541666666666666,4.923840323182155,-0.8693655570618491,106245,0.012050157994963229,6.678260869565218,6.785441548877459,0.034375,-0.23541666666666666,0.004375000000000004,-0.20541666666666666,4.923840323182155,-0.8693655570618491,tracking,True,,False,False,-10.0,0.06562500000000006,-20.541666666666668,1500,1583,1650,1500,2000,2000,1000,1000,-10.0,5.0,15.0,20.0,100.0,100.0,0.03,0.25,3,1.0,1.0,60.0,1660,67.0
825,326452195399282,16.49999201996252,target_lost_or_stale,106245,5639995689606,True,,6.678260869565218,6.785441548877459,0.034375,-0.23541666666666666,4.923840323182155,-0.8693655570618491,106245,0.03204048296902329,6.678260869565218,6.785441548877459,0.034375,-0.23541666666666666,0.004375000000000004,-0.20541666666666666,4.923840323182155,-0.8693655570618491,tracking,True,,False,False,-10.0,0.06562500000000006,-20.541666666666668,1500,1583,1650,1500,2000,2000,1000,1000,-10.0,5.0,15.0,20.0,100.0,100.0,0.03,0.25,3,1.0,1.0,60.0,1660,67.0
826,326452215415594,16.520008331979625,target_lost_or_stale,106246,5640028646217,True,,6.678260869565218,6.781846110976558,0.034375,-0.23125,4.926453721447337,-0.8544318173135224,106246,0.01855542598059401,6.678260869565218,6.781846110976558,0.034375,-0.23125,0.004375000000000004,-0.20125,4.926453721447337,-0.8544318173135224,tracking,True,,False,False,-10.0,0.06562500000000006,-20.125,1500,1583,1650,1500,2000,2000,1000,1000,-10.0,5.0,15.0,20.0,100.0,100.0,0.03,0.25,3,1.0,1.0,60.0,1660,67.0
827,326452235387505,16.539980242960155,target_lost_or_stale,106247,5640061987960,True,,6.615515771526002,6.709494062675063,0.034375,-0.22083333333333333,4.932800328522046,-0.816995054411464,106247,0.0050818279851228,6.615515771526002,6.709494062675063,0.034375,-0.22083333333333333,0.004375000000000004,-0.19083333333333333,4.932800328522046,-0.816995054411464,tracking,True,,False,False,-10.0,0.06562500000000006,-19.083333333333332,1500,1583,1651,1500,2000,2000,1000,1000,-10.0,5.0,15.0,20.0,100.0,100.0,0.03,0.25,3,1.0,1.0,60.0,1660,67.0
828,326452255383448,16.559976185963023,target_lost_or_stale,106247,5640061987960,True,,6.615515771526002,6.709494062675063,0.034375,-0.22083333333333333,4.932800328522046,-0.816995054411464,106247,0.025077770987991244,6.615515771526002,6.709494062675063,0.034375,-0.22083333333333333,0.004375000000000004,-0.19083333333333333,4.932800328522046,-0.816995054411464,tracking,True,,False,False,-10.0,0.06562500000000006,-19.083333333333332,1500,1583,1651,1500,2000,2000,1000,1000,-10.0,5.0,15.0,20.0,100.0,100.0,0.03,0.25,3,1.0,1.0,60.0,1660,67.0
829,326452275388467,16.57998120499542,target_lost_or_stale,106248,5640094664722,True,,6.615515771526002,6.702866015477741,0.034375,-0.2125,4.937683686063466,-0.786943337466365,106248,0.011622764985077083,6.615515771526002,6.702866015477741,0.034375,-0.2125,0.004375000000000004,-0.1825,4.937683686063466,-0.786943337466365,tracking,True,,False,False,-10.0,0.06562500000000006,-18.25,1500,1583,1652,1500,2000,2000,1000,1000,-10.0,5.0,15.0,20.0,100.0,100.0,0.03,0.25,3,1.0,1.0,60.0,1660,67.0
830,326452295382001,16.599974738957826,target_lost_or_stale,106248,5640094664722,True,,6.615515771526002,6.702866015477741,0.034375,-0.2125,4.937683686063466,-0.786943337466365,106248,0.0316162989474833,6.615515771526002,6.702866015477741,0.034375,-0.2125,0.004375000000000004,-0.1825,4.937683686063466,-0.786943337466365,tracking,True,,False,False,-10.0,0.06562500000000006,-18.25,1500,1583,1652,1500,2000,2000,1000,1000,-10.0,5.0,15.0,20.0,100.0,100.0,0.03,0.25,3,1.0,1.0,60.0,1660,67.0
831,326452315404179,16.619996916968375,target_lost_or_stale,106249,5640127611736,True,,6.555183946488294,6.638206388278409,0.0328125,-0.20833333333333334,4.940060168755507,-0.7718844013680481,106249,0.018201133992988616,6.555183946488294,6.638206388278409,0.0328125,-0.20833333333333334,0.0028125000000000025,-0.17833333333333334,4.940060168755507,-0.7718844013680481,tracking,True,,False,False,-10.0,0.04218750000000004,-17.833333333333336,1500,1583,1652,1500,2000,2000,1000,1000,-10.0,5.0,15.0,20.0,100.0,100.0,0.03,0.25,3,1.0,1.0,60.0,1660,67.0
832,326452335393400,16.63998613797594,target_lost_or_stale,106250,5640160701327,True,,6.555183946488294,6.638206388278409,0.0328125,-0.20833333333333334,4.940060168755507,-0.7718844013680481,106250,0.004712391993962228,6.555183946488294,6.638206388278409,0.0328125,-0.20833333333333334,0.0028125000000000025,-0.17833333333333334,4.940060168755507,-0.7718844013680481,tracking,True,,False,False,-10.0,0.04218750000000004,-17.833333333333336,1500,1583,1652,1500,2000,2000,1000,1000,-10.0,5.0,15.0,20.0,100.0,100.0,0.03,0.25,3,1.0,1.0,60.0,1660,67.0
833,326452355391164,16.65998390200548,target_lost_or_stale,106250,5640160701327,True,,6.555183946488294,6.638206388278409,0.0328125,-0.20833333333333334,4.940060168755507,-0.7718844013680481,106250,0.02471015602350235,6.555183946488294,6.638206388278409,0.0328125,-0.20833333333333334,0.0028125000000000025,-0.17833333333333334,4.940060168755507,-0.7718844013680481,tracking,True,,False,False,-10.0,0.04218750000000004,-17.833333333333336,1500,1583,1652,1500,2000,2000,1000,1000,-10.0,5.0,15.0,20.0,100.0,100.0,0.03,0.25,3,1.0,1.0,60.0,1660,67.0
834,326452375419590,16.680012327968143,target_lost_or_stale,106251,5640193715438,True,,6.481178396072013,6.566754870158635,0.034375,-0.2125,4.937683686063466,-0.7869433374663649,106251,0.011194046994205564,6.481178396072013,6.566754870158635,0.034375,-0.2125,0.004375000000000004,-0.1825,4.937683686063466,-0.7869433374663649,tracking,True,,False,False,-10.0,0.06562500000000006,-18.25,1500,1583,1652,1500,2000,2000,1000,1000,-10.0,5.0,15.0,20.0,100.0,100.0,0.03,0.25,3,1.0,1.0,60.0,1660,67.0
835,326452395392839,16.699985576968174,target_lost_or_stale,106251,5640193715438,True,,6.481178396072013,6.566754870158635,0.034375,-0.2125,4.937683686063466,-0.7869433374663649,106251,0.031167295994237065,6.481178396072013,6.566754870158635,0.034375,-0.2125,0.004375000000000004,-0.1825,4.937683686063466,-0.7869433374663649,tracking,True,,False,False,-10.0,0.06562500000000006,-18.25,1500,1583,1652,1500,2000,2000,1000,1000,-10.0,5.0,15.0,20.0,100.0,100.0,0.03,0.25,3,1.0,1.0,60.0,1660,67.0
836,326452415395781,16.719988518976606,target_lost_or_stale,106252,5640226757553,True,,6.481178396072013,6.574909681466474,0.034375,-0.22291666666666668,4.9315524697410655,-0.8244939285348344,106252,0.017689472006168216,6.481178396072013,6.574909681466474,0.034375,-0.22291666666666668,0.004375000000000004,-0.19291666666666668,4.9315524697410655,-0.8244939285348344,tracking,True,,False,False,-10.0,0.06562500000000006,-19.291666666666668,1500,1583,1651,1500,2000,2000,1000,1000,-10.0,5.0,15.0,20.0,100.0,100.0,0.03,0.25,3,1.0,1.0,60.0,1660,67.0
837,326452435385119,16.739977856981568,target_lost_or_stale,106253,5640259603810,True,,6.410256410256411,6.51664673557277,0.034375,-0.23958333333333334,4.921184523651603,-0.8842753440936475,106253,0.004253228020388633,6.410256410256411,6.51664673557277,0.034375,-0.23958333333333334,0.004375000000000004,-0.20958333333333334,4.921184523651603,-0.8842753440936475,tracking,True,,False,False,-10.0,0.06562500000000006,-20.958333333333336,1500,1583,1649,1500,2000,2000,1000,1000,-10.0,5.0,15.0,20.0,100.0,100.0,0.03,0.25,3,1.0,1.0,60.0,1660,67.0
838,326452455389480,16.759982217976358,target_lost_or_stale,106253,5640259603810,True,,6.410256410256411,6.51664673557277,0.034375,-0.23958333333333334,4.921184523651603,-0.8842753440936475,106253,0.024257589015178382,6.410256410256411,6.51664673557277,0.034375,-0.23958333333333334,0.004375000000000004,-0.20958333333333334,4.921184523651603,-0.8842753440936475,tracking,True,,False,False,-10.0,0.06562500000000006,-20.958333333333336,1500,1583,1649,1500,2000,2000,1000,1000,-10.0,5.0,15.0,20.0,100.0,100.0,0.03,0.25,3,1.0,1.0,60.0,1660,67.0
839,326452475408954,16.780001692008227,target_lost_or_stale,106254,5640292532688,True,,6.352201257861635,6.475908313874113,0.034375,-0.2604166666666667,4.907277115383399,-0.9584525615983202,106254,0.010801666008774191,6.352201257861635,6.475908313874113,0.034375,-0.2604166666666667,0.004375000000000004,-0.2304166666666667,4.907277115383399,-0.9584525615983202,tracking,True,,False,False,-10.0,0.06562500000000006,-23.041666666666668,1500,1583,1647,1500,2000,2000,1000,1000,-10.0,5.0,15.0,20.0,100.0,100.0,0.03,0.25,3,1.0,1.0,60.0,1660,67.0
840,326452495395263,16.79998800100293,target_lost_or_stale,106254,5640292532688,True,,6.352201257861635,6.475908313874113,0.034375,-0.2604166666666667,4.907277115383399,-0.9584525615983202,106254,0.030787975003477186,6.352201257861635,6.475908313874113,0.034375,-0.2604166666666667,0.004375000000000004,-0.2304166666666667,4.907277115383399,-0.9584525615983202,tracking,True,,False,False,-10.0,0.06562500000000006,-23.041666666666668,1500,1583,1647,1500,2000,2000,1000,1000,-10.0,5.0,15.0,20.0,100.0,100.0,0.03,0.25,3,1.0,1.0,60.0,1660,67.0
841,326452515420665,16.820013402961195,target_lost_or_stale,106255,5640325742635,True,,6.352201257861635,6.497708523821457,0.034375,-0.2833333333333333,4.890794254589287,-1.0392937791002235,106255,0.017303347995039076,6.352201257861635,6.497708523821457,0.034375,-0.2833333333333333,0.004375000000000004,-0.2533333333333333,4.890794254589287,-1.0392937791002235,tracking,True,,False,False,-10.0,0.06562500000000006,-25.33333333333333,1500,1583,1645,1500,2000,2000,1000,1000,-10.0,5.0,15.0,20.0,100.0,100.0,0.03,0.25,3,1.0,1.0,60.0,1660,67.0
842,326452535383376,16.839976113988087,target_lost_or_stale,106256,5640359126666,True,,6.352201257861635,6.523831507489463,0.0359375,-0.30833333333333335,4.871442327525013,-1.1265210382401591,106256,0.003870257001835853,6.352201257861635,6.523831507489463,0.0359375,-0.30833333333333335,0.005937499999999998,-0.2783333333333333,4.871442327525013,-1.1265210382401591,tracking,True,,False,False,-10.0,0.08906249999999998,-27.833333333333332,1500,1583,1642,1501,2000,2000,1000,1000,-10.0,5.0,15.0,20.0,100.0,100.0,0.03,0.25,3,1.0,1.0,60.0,1660,67.0
843,326452555387608,16.8599803459947,target_lost_or_stale,106256,5640359126666,True,,6.352201257861635,6.523831507489463,0.0359375,-0.30833333333333335,4.871442327525013,-1.1265210382401591,106256,0.023874489008449018,6.352201257861635,6.523831507489463,0.0359375,-0.30833333333333335,0.005937499999999998,-0.2783333333333333,4.871442327525013,-1.1265210382401591,tracking,True,,False,False,-10.0,0.08906249999999998,-27.833333333333332,1500,1583,1642,1501,2000,2000,1000,1000,-10.0,5.0,15.0,20.0,100.0,100.0,0.03,0.25,3,1.0,1.0,60.0,1660,67.0
844,326452575395503,16.879988241009414,target_lost_or_stale,106257,5640391816172,True,,6.296296296296296,6.491639330679989,0.0359375,-0.33125,4.852491255866911,-1.2055407963794358,106257,0.010412543022539467,6.296296296296296,6.491639330679989,0.0359375,-0.33125,0.005937499999999998,-0.30125,4.852491255866911,-1.2055407963794358,tracking,True,,False,False,-10.0,0.08906249999999998,-30.125,1500,1583,1640,1501,2000,2000,1000,1000,-10.0,5.0,15.0,20.0,100.0,100.0,0.03,0.25,3,1.0,1.0,60.0,1660,67.0
845,326452595413953,16.900006690993905,target_lost_or_stale,106257,5640391816172,True,,6.296296296296296,6.491639330679989,0.0359375,-0.33125,4.852491255866911,-1.2055407963794358,106257,0.030430993007030338,6.296296296296296,6.491639330679989,0.0359375,-0.33125,0.005937499999999998,-0.30125,4.852491255866911,-1.2055407963794358,tracking,True,,False,False,-10.0,0.08906249999999998,-30.125,1500,1583,1640,1501,2000,2000,1000,1000,-10.0,5.0,15.0,20.0,100.0,100.0,0.03,0.25,3,1.0,1.0,60.0,1660,67.0
846,326452615389996,16.91998273396166,target_lost_or_stale,106258,5640424512269,True,,6.2282690854119425,6.44813316405905,0.0359375,-0.3541666666666667,4.8324256346324805,-1.2836130591992527,106258,0.01691778196254745,6.2282690854119425,6.44813316405905,0.0359375,-0.3541666666666667,0.005937499999999998,-0.3241666666666667,4.8324256346324805,-1.2836130591992527,tracking,True,,False,False,-10.0,0.08906249999999998,-32.41666666666667,1500,1583,1638,1501,2000,2000,1000,1000,-10.0,5.0,15.0,20.0,100.0,100.0,0.03,0.25,3,1.0,1.0,60.0,1660,67.0
847,326452635382294,16.939975032000802,target_lost_or_stale,106259,5640458736858,True,,6.174397031539889,6.412595171752723,0.0359375,-0.37083333333333335,4.817157962121082,-1.3397720582149262,106259,0.0034089420223608613,6.174397031539889,6.412595171752723,0.0359375,-0.37083333333333335,0.005937499999999998,-0.3408333333333333,4.817157962121082,-1.3397720582149262,tracking,True,,False,False,-10.0,0.08906249999999998,-34.08333333333333,1500,1583,1636,1501,2000,2000,1000,1000,-10.0,5.0,15.0,20.0,100.0,100.0,0.03,0.25,3,1.0,1.0,60.0,1660,67.0
848,326452655408167,16.96000090497546,target_lost_or_stale,106259,5640458736858,True,,6.174397031539889,6.412595171752723,0.0359375,-0.37083333333333335,4.817157962121082,-1.3397720582149262,106259,0.023434814997017384,6.174397031539889,6.412595171752723,0.0359375,-0.37083333333333335,0.005937499999999998,-0.3408333333333333,4.817157962121082,-1.3397720582149262,tracking,True,,False,False,-10.0,0.08906249999999998,-34.08333333333333,1500,1583,1636,1501,2000,2000,1000,1000,-10.0,5.0,15.0,20.0,100.0,100.0,0.03,0.25,3,1.0,1.0,60.0,1660,67.0
849,326452675404734,16.979997471964452,target_lost_or_stale,106260,5640490564219,True,,6.122448979591837,6.3745911498853465,0.0375,-0.38333333333333336,4.805346519649417,-1.3815371243992074,106260,0.010024778952356428,6.122448979591837,6.3745911498853465,0.0375,-0.38333333333333336,0.0075,-0.3533333333333334,4.805346519649417,-1.3815371243992074,tracking,True,,False,False,-10.0,0.11249999999999999,-35.333333333333336,1500,1583,1635,1501,2000,2000,1000,1000,-10.0,5.0,15.0,20.0,100.0,100.0,0.03,0.25,3,1.0,1.0,60.0,1660,67.0
850,326452695396230,16.999988967960235,target_lost_or_stale,106260,5640490564219,True,,6.122448979591837,6.3745911498853465,0.0375,-0.38333333333333336,4.805346519649417,-1.3815371243992074,106260,0.030016274948138744,6.122448979591837,6.3745911498853465,0.0375,-0.38333333333333336,0.0075,-0.3533333333333334,4.805346519649417,-1.3815371243992074,tracking,True,,False,False,-10.0,0.11249999999999999,-35.333333333333336,1500,1583,1635,1501,2000,2000,1000,1000,-10.0,5.0,15.0,20.0,100.0,100.0,0.03,0.25,3,1.0,1.0,60.0,1660,67.0
851,326452715399481,17.01999221899314,target_lost_or_stale,106261,5640523496851,True,,6.122448979591837,6.385263194097213,0.0375,-0.39166666666666666,4.79730467194884,-1.409208247384972,106261,0.016541082004550844,6.122448979591837,6.385263194097213,0.0375,-0.39166666666666666,0.0075,-0.3616666666666667,4.79730467194884,-1.409208247384972,tracking,True,,False,False,-10.0,0.11249999999999999,-36.16666666666667,1500,1583,1634,1501,2000,2000,1000,1000,-10.0,5.0,15.0,20.0,100.0,100.0,0.03,0.25,3,1.0,1.0,60.0,1660,67.0
852,326452735399803,17.039992540958337,target_lost_or_stale,106262,5640557676258,True,,6.057142857142857,6.31982594949321,0.0375,-0.39375,4.795273590098537,-1.4161042320759742,106262,0.0030562629690393806,6.057142857142857,6.31982594949321,0.0375,-0.39375,0.0075,-0.36375,4.795273590098537,-1.4161042320759742,tracking,True,,False,False,-10.0,0.11249999999999999,-36.375,1500,1583,1634,1501,2000,2000,1000,1000,-10.0,5.0,15.0,20.0,100.0,100.0,0.03,0.25,3,1.0,1.0,60.0,1660,67.0
853,326452755395182,17.05998791998718,target_lost_or_stale,106262,5640557676258,True,,6.057142857142857,6.31982594949321,0.0375,-0.39375,4.795273590098537,-1.4161042320759742,106262,0.023051641997881234,6.057142857142857,6.31982594949321,0.0375,-0.39375,0.0075,-0.36375,4.795273590098537,-1.4161042320759742,tracking,True,,False,False,-10.0,0.11249999999999999,-36.375,1500,1583,1634,1501,2000,2000,1000,1000,-10.0,5.0,15.0,20.0,100.0,100.0,0.03,0.25,3,1.0,1.0,60.0,1660,67.0
854,326452775416533,17.080009270983282,target_lost_or_stale,106263,5640589511250,True,,6.057142857142857,6.31982594949321,0.0375,-0.39375,4.795273590098537,-1.4161042320759742,106263,0.009637782000936568,6.057142857142857,6.31982594949321,0.0375,-0.39375,0.0075,-0.36375,4.795273590098537,-1.4161042320759742,tracking,True,,False,False,-10.0,0.11249999999999999,-36.375,1500,1583,1634,1501,2000,2000,1000,1000,-10.0,5.0,15.0,20.0,100.0,100.0,0.03,0.25,3,1.0,1.0,60.0,1660,67.0
855,326452795404535,17.09999727300601,target_lost_or_stale,106263,5640589511250,True,,6.057142857142857,6.31982594949321,0.0375,-0.39375,4.795273590098537,-1.4161042320759742,106263,0.02962578402366489,6.057142857142857,6.31982594949321,0.0375,-0.39375,0.0075,-0.36375,4.795273590098537,-1.4161042320759742,tracking,True,,False,False,-10.0,0.11249999999999999,-36.375,1500,1583,1634,1501,2000,2000,1000,1000,-10.0,5.0,15.0,20.0,100.0,100.0,0.03,0.25,3,1.0,1.0,60.0,1660,67.0
856,326452815401637,17.119994374981616,target_lost_or_stale,106264,5640622257313,True,,6.007017543859649,6.257004108023088,0.0375,-0.3854166666666667,4.8033485006363925,-1.388467925965207,106264,0.01619873201707378,6.007017543859649,6.257004108023088,0.0375,-0.3854166666666667,0.0075,-0.3554166666666667,4.8033485006363925,-1.388467925965207,tracking,True,,False,False,-10.0,0.11249999999999999,-35.54166666666667,1500,1583,1635,1501,2000,2000,1000,1000,-10.0,5.0,15.0,20.0,100.0,100.0,0.03,0.25,3,1.0,1.0,60.0,1660,67.0
857,326452835402725,17.139995462959632,target_lost_or_stale,106265,5640655374508,True,,6.007017543859649,6.2495938316775295,0.0390625,-0.37916666666666665,4.809317459657856,-1.3676496525902029,106265,0.0027253779699094594,6.007017543859649,6.2495938316775295,0.0390625,-0.37916666666666665,0.009062500000000001,-0.3491666666666666,4.809317459657856,-1.3676496525902029,tracking,True,,False,False,-10.0,0.13593750000000002,-34.916666666666664,1500,1583,1635,1501,2000,2000,1000,1000,-10.0,5.0,15.0,20.0,100.0,100.0,0.03,0.25,3,1.0,1.0,60.0,1660,67.0
858,326452855386578,17.1599793159985,target_lost_or_stale,106265,5640655374508,True,,6.007017543859649,6.2495938316775295,0.0390625,-0.37916666666666665,4.809317459657856,-1.3676496525902029,106265,0.022709231008775532,6.007017543859649,6.2495938316775295,0.0390625,-0.37916666666666665,0.009062500000000001,-0.3491666666666666,4.809317459657856,-1.3676496525902029,tracking,True,,False,False,-10.0,0.13593750000000002,-34.916666666666664,1500,1583,1635,1501,2000,2000,1000,1000,-10.0,5.0,15.0,20.0,100.0,100.0,0.03,0.25,3,1.0,1.0,60.0,1660,67.0
859,326452875389926,17.179982664005365,target_lost_or_stale,106266,5640688431492,True,,6.007017543859649,6.239796250550503,0.040625,-0.37083333333333335,4.817157962121082,-1.339772058214926,106266,0.009221842046827078,6.007017543859649,6.239796250550503,0.040625,-0.37083333333333335,0.010625000000000002,-0.3408333333333333,4.817157962121082,-1.339772058214926,tracking,True,,False,False,-10.0,0.15937500000000004,-34.08333333333333,1500,1583,1636,1501,2000,2000,1000,1000,-10.0,5.0,15.0,20.0,100.0,100.0,0.03,0.25,3,1.0,1.0,60.0,1660,67.0
860,326452895381849,17.199974587012548,target_lost_or_stale,106266,5640688431492,True,,6.007017543859649,6.239796250550503,0.040625,-0.37083333333333335,4.817157962121082,-1.339772058214926,106266,0.029213765054009855,6.007017543859649,6.239796250550503,0.040625,-0.37083333333333335,0.010625000000000002,-0.3408333333333333,4.817157962121082,-1.339772058214926,tracking,True,,False,False,-10.0,0.15937500000000004,-34.08333333333333,1500,1583,1636,1501,2000,2000,1000,1000,-10.0,5.0,15.0,20.0,100.0,100.0,0.03,0.25,3,1.0,1.0,60.0,1660,67.0
861,326452915415799,17.220008536998648,target_lost_or_stale,106267,5640721427903,True,,6.007017543859649,6.234796311151732,0.040625,-0.36666666666666664,4.8210269640189525,-1.3257824151052118,106267,0.01579873001901433,6.007017543859649,6.234796311151732,0.040625,-0.36666666666666664,0.010625000000000002,-0.33666666666666667,4.8210269640189525,-1.3257824151052118,tracking,True,,False,False,-10.0,0.15937500000000004,-33.666666666666664,1500,1583,1637,1501,2000,2000,1000,1000,-10.0,5.0,15.0,20.0,100.0,100.0,0.03,0.25,3,1.0,1.0,60.0,1660,67.0
862,326452935406562,17.239999299985357,target_lost_or_stale,106268,5640754309780,True,,5.958620689655173,6.179656779081932,0.040625,-0.3625,4.8248614279882585,-1.3117592007343075,106268,0.002323861001059413,5.958620689655173,6.179656779081932,0.040625,-0.3625,0.010625000000000002,-0.3325,4.8248614279882585,-1.3117592007343075,tracking,True,,False,False,-10.0,0.15937500000000004,-33.25,1500,1583,1637,1501,2000,2000,1000,1000,-10.0,5.0,15.0,20.0,100.0,100.0,0.03,0.25,3,1.0,1.0,60.0,1660,67.0
863,326452955387286,17.259980024013203,target_lost_or_stale,106268,5640754309780,True,,5.958620689655173,6.179656779081932,0.040625,-0.3625,4.8248614279882585,-1.3117592007343075,106268,0.02230458502890542,5.958620689655173,6.179656779081932,0.040625,-0.3625,0.010625000000000002,-0.3325,4.8248614279882585,-1.3117592007343075,tracking,True,,False,False,-10.0,0.15937500000000004,-33.25,1500,1583,1637,1501,2000,2000,1000,1000,-10.0,5.0,15.0,20.0,100.0,100.0,0.03,0.25,3,1.0,1.0,60.0,1660,67.0
864,326452975399778,17.279992515977938,target_lost_or_stale,106269,5640787773863,True,,5.958620689655173,6.182104019426999,0.040625,-0.3645833333333333,4.822948530600393,-1.3187749888360452,106269,0.008815394015982747,5.958620689655173,6.182104019426999,0.040625,-0.3645833333333333,0.010625000000000002,-0.33458333333333334,4.822948530600393,-1.3187749888360452,tracking,True,,False,False,-10.0,0.15937500000000004,-33.458333333333336,1500,1583,1637,1501,2000,2000,1000,1000,-10.0,5.0,15.0,20.0,100.0,100.0,0.03,0.25,3,1.0,1.0,60.0,1660,67.0
865,326452995386620,17.29997935798019,target_lost_or_stale,106269,5640787773863,True,,5.958620689655173,6.182104019426999,0.040625,-0.3645833333333333,4.822948530600393,-1.3187749888360452,106269,0.028802236018236727,5.958620689655173,6.182104019426999,0.040625,-0.3645833333333333,0.010625000000000002,-0.33458333333333334,4.822948530600393,-1.3187749888360452,tracking,True,,False,False,-10.0,0.15937500000000004,-33.458333333333336,1500,1583,1637,1501,2000,2000,1000,1000,-10.0,5.0,15.0,20.0,100.0,100.0,0.03,0.25,3,1.0,1.0,60.0,1660,67.0
866,326453015400017,17.31999275495764,target_lost_or_stale,106270,5640820357311,True,,5.958620689655173,6.18668035323496,0.0390625,-0.36875,4.819096762935554,-1.3327814484993643,106270,0.015394147951155901,5.958620689655173,6.18668035323496,0.0390625,-0.36875,0.009062500000000001,-0.33875,4.819096762935554,-1.3327814484993643,tracking,True,,False,False,-10.0,0.13593750000000002,-33.875,1500,1583,1636,1501,2000,2000,1000,1000,-10.0,5.0,15.0,20.0,100.0,100.0,0.03,0.25,3,1.0,1.0,60.0,1660,67.0
867,326453035406076,17.339998813986313,target_lost_or_stale,106271,5640853269554,True,,5.911864406779661,6.153483121919142,0.040625,-0.38125,4.80733618441744,-1.3745976902318617,106271,0.0019609900191426277,5.911864406779661,6.153483121919142,0.040625,-0.38125,0.010625000000000002,-0.35124999999999995,4.80733618441744,-1.3745976902318617,tracking,True,,False,False,-10.0,0.15937500000000004,-35.12499999999999,1500,1583,1635,1501,2000,2000,1000,1000,-10.0,5.0,15.0,20.0,100.0,100.0,0.03,0.25,3,1.0,1.0,60.0,1660,67.0
868,326453055384855,17.35997759300517,target_lost_or_stale,106271,5640853269554,True,,5.911864406779661,6.153483121919142,0.040625,-0.38125,4.80733618441744,-1.3745976902318617,106271,0.021939769037999213,5.911864406779661,6.153483121919142,0.040625,-0.38125,0.010625000000000002,-0.35124999999999995,4.80733618441744,-1.3745976902318617,tracking,True,,False,False,-10.0,0.15937500000000004,-35.12499999999999,1500,1583,1635,1501,2000,2000,1000,1000,-10.0,5.0,15.0,20.0,100.0,100.0,0.03,0.25,3,1.0,1.0,60.0,1660,67.0
869,326453075387275,17.379980013007298,target_lost_or_stale,106272,5640886191020,True,,5.849119308740445,6.111281197790187,0.040625,-0.4,4.789131426105757,-1.4367394278317271,106272,0.008489355037454516,5.849119308740445,6.111281197790187,0.040625,-0.4,0.010625000000000002,-0.37,4.789131426105757,-1.4367394278317271,tracking,True,,False,False,-10.0,0.15937500000000004,-37.0,1500,1583,1633,1501,2000,2000,1000,1000,-10.0,5.0,15.0,20.0,100.0,100.0,0.03,0.25,3,1.0,1.0,60.0,1660,67.0
870,326453095381107,17.399973844992928,target_lost_or_stale,106272,5640886191020,True,,5.849119308740445,6.111281197790187,0.040625,-0.4,4.789131426105757,-1.4367394278317271,106272,0.02848318702308461,5.849119308740445,6.111281197790187,0.040625,-0.4,0.010625000000000002,-0.37,4.789131426105757,-1.4367394278317271,tracking,True,,False,False,-10.0,0.15937500000000004,-37.0,1500,1583,1633,1501,2000,2000,1000,1000,-10.0,5.0,15.0,20.0,100.0,100.0,0.03,0.25,3,1.0,1.0,60.0,1660,67.0
871,326453115392291,17.419985028973315,target_lost_or_stale,106273,5640919350387,True,,5.7887874837027375,6.072119774028958,0.040625,-0.41875,4.770273051699105,-1.4981638802992503,106273,0.01506415696348995,5.7887874837027375,6.072119774028958,0.040625,-0.41875,0.010625000000000002,-0.38875000000000004,4.770273051699105,-1.4981638802992503,tracking,True,,False,False,-10.0,0.15937500000000004,-38.87500000000001,1500,1583,1631,1501,2000,2000,1000,1000,-10.0,5.0,15.0,20.0,100.0,100.0,0.03,0.25,3,1.0,1.0,60.0,1660,67.0
872,326453135413710,17.440006448014174,target_lost_or_stale,106274,5640952618924,True,,5.743589743589744,6.052185531206228,0.040625,-0.4395833333333333,4.7485846637478355,-1.5655490063293642,106274,0.001674453029409051,5.743589743589744,6.052185531206228,0.040625,-0.4395833333333333,0.010625000000000002,-0.4095833333333333,4.7485846637478355,-1.5655490063293642,tracking,True,,False,False,-10.0,0.15937500000000004,-40.95833333333333,1500,1583,1629,1501,2000,2000,1000,1000,-10.0,5.0,15.0,20.0,100.0,100.0,0.03,0.25,3,1.0,1.0,60.0,1660,67.0
873,326453155386860,17.459979598002974,target_lost_or_stale,106274,5640952618924,True,,5.743589743589744,6.052185531206228,0.040625,-0.4395833333333333,4.7485846637478355,-1.5655490063293642,106274,0.021647603018209338,5.743589743589744,6.052185531206228,0.040625,-0.4395833333333333,0.010625000000000002,-0.4095833333333333,4.7485846637478355,-1.5655490063293642,tracking,True,,False,False,-10.0,0.15937500000000004,-40.95833333333333,1500,1583,1629,1501,2000,2000,1000,1000,-10.0,5.0,15.0,20.0,100.0,100.0,0.03,0.25,3,1.0,1.0,60.0,1660,67.0
874,326453175389257,17.479981995013077,target_lost_or_stale,106275,5640985710906,True,,5.699873896595208,6.0404118325748595,0.040625,-0.46458333333333335,4.721587533296679,-1.6451781561330618,106275,0.00811670400435105,5.699873896595208,6.0404118325748595,0.040625,-0.46458333333333335,0.010625000000000002,-0.4345833333333333,4.721587533296679,-1.6451781561330618,tracking,True,,False,False,-10.0,0.15937500000000004,-43.45833333333333,1500,1583,1627,1501,2000,2000,1000,1000,-10.0,5.0,15.0,20.0,100.0,100.0,0.03,0.25,3,1.0,1.0,60.0,1660,67.0
875,326453195388509,17.499981247005053,target_lost_or_stale,106275,5640985710906,True,,5.699873896595208,6.0404118325748595,0.040625,-0.46458333333333335,4.721587533296679,-1.6451781561330618,106275,0.028115955996327102,5.699873896595208,6.0404118325748595,0.040625,-0.46458333333333335,0.010625000000000002,-0.4345833333333333,4.721587533296679,-1.6451781561330618,tracking,True,,False,False,-10.0,0.15937500000000004,-43.45833333333333,1500,1583,1627,1501,2000,2000,1000,1000,-10.0,5.0,15.0,20.0,100.0,100.0,0.03,0.25,3,1.0,1.0,60.0,1660,67.0
876,326453215391318,17.51998405600898,target_lost_or_stale,106276,5641018306401,True,,5.699873896595208,6.073327389832606,0.040625,-0.4875,4.695960633868309,-1.7169606067581005,106276,0.014664860034827143,5.699873896595208,6.073327389832606,0.040625,-0.4875,0.010625000000000002,-0.4575,4.695960633868309,-1.7169606067581005,tracking,True,,False,False,-10.0,0.15937500000000004,-45.75,1500,1583,1624,1501,2000,2000,1000,1000,-10.0,5.0,15.0,20.0,100.0,100.0,0.03,0.25,3,1.0,1.0,60.0,1660,67.0
877,326453235398850,17.539991587982513,target_lost_or_stale,106277,5641052409439,True,,5.699873896595208,6.101640816477865,0.0421875,-0.50625,4.674402773499132,-1.774812303062952,106277,0.001131339988205582,5.699873896595208,6.101640816477865,0.0421875,-0.50625,0.012187500000000004,-0.47624999999999995,4.674402773499132,-1.774812303062952,tracking,True,,False,False,-10.0,0.18281250000000004,-47.62499999999999,1500,1583,1623,1501,2000,2000,1000,1000,-10.0,5.0,15.0,20.0,100.0,100.0,0.03,0.25,3,1.0,1.0,60.0,1660,67.0
878,326453255390484,17.55998322198866,target_lost_or_stale,106277,5641052409439,True,,5.699873896595208,6.101640816477865,0.0421875,-0.50625,4.674402773499132,-1.774812303062952,106277,0.021122973994351923,5.699873896595208,6.101640816477865,0.0421875,-0.50625,0.012187500000000004,-0.47624999999999995,4.674402773499132,-1.774812303062952,tracking,True,,False,False,-10.0,0.18281250000000004,-47.62499999999999,1500,1583,1623,1501,2000,2000,1000,1000,-10.0,5.0,15.0,20.0,100.0,100.0,0.03,0.25,3,1.0,1.0,60.0,1660,67.0
879,326453275393435,17.57998617296107,target_lost_or_stale,106278,5641085076046,True,,5.6575682382134,6.081795914058819,0.0421875,-0.5229166666666667,4.654817519268969,-1.8255612458382988,106278,0.007703829964157194,5.6575682382134,6.081795914058819,0.0421875,-0.5229166666666667,0.012187500000000004,-0.49291666666666667,4.654817519268969,-1.8255612458382988,tracking,True,,False,False,-10.0,0.18281250000000004,-49.291666666666664,1500,1583,1621,1501,2000,2000,1000,1000,-10.0,5.0,15.0,20.0,100.0,100.0,0.03,0.25,3,1.0,1.0,60.0,1660,67.0
880,326453295387413,17.599980150989722,target_lost_or_stale,106278,5641085076046,True,,5.6575682382134,6.081795914058819,0.0421875,-0.5229166666666667,4.654817519268969,-1.8255612458382988,106278,0.02769780799280852,5.6575682382134,6.081795914058819,0.0421875,-0.5229166666666667,0.012187500000000004,-0.49291666666666667,4.654817519268969,-1.8255612458382988,tracking,True,,False,False,-10.0,0.18281250000000004,-49.291666666666664,1500,1583,1621,1501,2000,2000,1000,1000,-10.0,5.0,15.0,20.0,100.0,100.0,0.03,0.25,3,1.0,1.0,60.0,1660,67.0
881,326453315398595,17.61999133299105,target_lost_or_stale,106279,5641117866920,True,,5.558550464210842,5.987781482421561,0.040625,-0.53125,4.644881868723988,-1.8506951195697134,106279,0.014274533023126423,5.558550464210842,5.987781482421561,0.040625,-0.53125,0.010625000000000002,-0.50125,4.644881868723988,-1.8506951195697134,tracking,True,,False,False,-10.0,0.15937500000000004,-50.125,1500,1583,1620,1501,2000,2000,1000,1000,-10.0,5.0,15.0,20.0,100.0,100.0,0.03,0.25,3,1.0,1.0,60.0,1660,67.0
882,326453335395517,17.639988254988566,target_lost_or_stale,106281,5641183563657,True,,5.558550464210842,5.994228122901938,0.040625,-0.5354166666666667,4.639879312508829,-1.8632015364293264,106281,0.0007951330044306815,5.558550464210842,5.994228122901938,0.040625,-0.5354166666666667,0.010625000000000002,-0.5054166666666666,4.639879312508829,-1.8632015364293264,tracking,True,,False,False,-10.0,0.15937500000000004,-50.541666666666664,1500,1583,1620,1501,2000,2000,1000,1000,-10.0,5.0,15.0,20.0,100.0,100.0,0.03,0.25,3,1.0,1.0,60.0,1660,67.0
883,326453355386323,17.659979060990736,target_lost_or_stale,106281,5641183563657,True,,5.558550464210842,5.994228122901938,0.040625,-0.5354166666666667,4.639879312508829,-1.8632015364293264,106281,0.02078593900660053,5.558550464210842,5.994228122901938,0.040625,-0.5354166666666667,0.010625000000000002,-0.5054166666666666,4.639879312508829,-1.8632015364293264,tracking,True,,False,False,-10.0,0.15937500000000004,-50.541666666666664,1500,1583,1620,1501,2000,2000,1000,1000,-10.0,5.0,15.0,20.0,100.0,100.0,0.03,0.25,3,1.0,1.0,60.0,1660,67.0
884,326453375393805,17.67998654296389,target_lost_or_stale,106282,5641217109431,True,,5.502645502645502,5.927559542224793,0.040625,-0.53125,4.644881868723988,-1.8506951195697137,106282,0.0073440849664621055,5.502645502645502,5.927559542224793,0.040625,-0.53125,0.010625000000000002,-0.50125,4.644881868723988,-1.8506951195697137,tracking,True,,False,False,-10.0,0.15937500000000004,-50.125,1500,1583,1620,1501,2000,2000,1000,1000,-10.0,5.0,15.0,20.0,100.0,100.0,0.03,0.25,3,1.0,1.0,60.0,1660,67.0
885,326453395394148,17.69998688600026,target_lost_or_stale,106282,5641217109431,True,,5.502645502645502,5.927559542224793,0.040625,-0.53125,4.644881868723988,-1.8506951195697137,106282,0.02734442800283432,5.502645502645502,5.927559542224793,0.040625,-0.53125,0.010625000000000002,-0.50125,4.644881868723988,-1.8506951195697137,tracking,True,,False,False,-10.0,0.15937500000000004,-50.125,1500,1583,1620,1501,2000,2000,1000,1000,-10.0,5.0,15.0,20.0,100.0,100.0,0.03,0.25,3,1.0,1.0,60.0,1660,67.0
886,326453415397375,17.7199901129934,target_lost_or_stale,106283,5641250194960,True,,5.4245014245014245,5.830926315067583,0.040625,-0.5229166666666667,4.65481751926897,-1.8255612458382988,106283,0.013911554997321218,5.4245014245014245,5.830926315067583,0.040625,-0.5229166666666667,0.010625000000000002,-0.49291666666666667,4.65481751926897,-1.8255612458382988,tracking,True,,False,False,-10.0,0.15937500000000004,-49.291666666666664,1500,1583,1621,1501,2000,2000,1000,1000,-10.0,5.0,15.0,20.0,100.0,100.0,0.03,0.25,3,1.0,1.0,60.0,1660,67.0
887,326453435388650,17.739981387974694,target_lost_or_stale,106284,5641283649917,True,,5.4245014245014245,5.815598164549339,0.040625,-0.5125,4.66710382299322,-1.7939180319630186,106284,0.00045056798262521625,5.4245014245014245,5.815598164549339,0.040625,-0.5125,0.010625000000000002,-0.48249999999999993,4.66710382299322,-1.7939180319630186,tracking,True,,False,False,-10.0,0.15937500000000004,-48.24999999999999,1500,1583,1622,1501,2000,2000,1000,1000,-10.0,5.0,15.0,20.0,100.0,100.0,0.03,0.25,3,1.0,1.0,60.0,1660,67.0
888,326453455391594,17.759984331962187,target_lost_or_stale,106284,5641283649917,True,,5.4245014245014245,5.815598164549339,0.040625,-0.5125,4.66710382299322,-1.7939180319630186,106284,0.020453511970117688,5.4245014245014245,5.815598164549339,0.040625,-0.5125,0.010625000000000002,-0.48249999999999993,4.66710382299322,-1.7939180319630186,tracking,True,,False,False,-10.0,0.15937500000000004,-48.24999999999999,1500,1583,1622,1501,2000,2000,1000,1000,-10.0,5.0,15.0,20.0,100.0,100.0,0.03,0.25,3,1.0,1.0,60.0,1660,67.0
889,326453475391578,17.779984315973707,target_lost_or_stale,106285,5641316924615,True,,5.4245014245014245,5.8002233140083606,0.0390625,-0.5020833333333333,4.679237781710308,-1.7620254771752877,106285,0.007050601008813828,5.4245014245014245,5.8002233140083606,0.0390625,-0.5020833333333333,0.009062500000000001,-0.4720833333333333,4.679237781710308,-1.7620254771752877,tracking,True,,False,False,-10.0,0.13593750000000002,-47.20833333333333,1500,1583,1623,1501,2000,2000,1000,1000,-10.0,5.0,15.0,20.0,100.0,100.0,0.03,0.25,3,1.0,1.0,60.0,1660,67.0
890,326453495434157,17.800026895012707,target_lost_or_stale,106285,5641316924615,True,,5.4245014245014245,5.8002233140083606,0.0390625,-0.5020833333333333,4.679237781710308,-1.7620254771752877,106285,0.027093180047813803,5.4245014245014245,5.8002233140083606,0.0390625,-0.5020833333333333,0.009062500000000001,-0.4720833333333333,4.679237781710308,-1.7620254771752877,tracking,True,,False,False,-10.0,0.13593750000000002,-47.20833333333333,1500,1583,1623,1501,2000,2000,1000,1000,-10.0,5.0,15.0,20.0,100.0,100.0,0.03,0.25,3,1.0,1.0,60.0,1660,67.0
891,326453515413621,17.82000635896111,target_lost_or_stale,106286,5641350654506,True,,5.3872053872053876,5.7485728142999335,0.0390625,-0.49375,4.688832172700982,-1.7363331639533324,106286,0.013494521961547434,5.3872053872053876,5.7485728142999335,0.0390625,-0.49375,0.009062500000000001,-0.46375,4.688832172700982,-1.7363331639533324,tracking,True,,False,False,-10.0,0.13593750000000002,-46.375,1500,1583,1624,1501,2000,2000,1000,1000,-10.0,5.0,15.0,20.0,100.0,100.0,0.03,0.25,3,1.0,1.0,60.0,1660,67.0
892,326453535389257,17.839981994999107,target_lost_or_stale,106287,5641381560481,True,,5.370629370629371,5.722197090050787,0.0390625,-0.4875,4.695960633868309,-1.7169606067581005,106287,0.00013849203241989017,5.370629370629371,5.722197090050787,0.0390625,-0.4875,0.009062500000000001,-0.4575,4.695960633868309,-1.7169606067581005,tracking,True,,False,False,-10.0,0.13593750000000002,-45.75,1500,1583,1624,1501,2000,2000,1000,1000,-10.0,5.0,15.0,20.0,100.0,100.0,0.03,0.25,3,1.0,1.0,60.0,1660,67.0
893,326453555386507,17.859979244996794,target_lost_or_stale,106287,5641381560481,True,,5.370629370629371,5.722197090050787,0.0390625,-0.4875,4.695960633868309,-1.7169606067581005,106287,0.020135742030106485,5.370629370629371,5.722197090050787,0.0390625,-0.4875,0.009062500000000001,-0.4575,4.695960633868309,-1.7169606067581005,tracking,True,,False,False,-10.0,0.13593750000000002,-45.75,1500,1583,1624,1501,2000,2000,1000,1000,-10.0,5.0,15.0,20.0,100.0,100.0,0.03,0.25,3,1.0,1.0,60.0,1660,67.0
894,326453575355807,17.879948545014486,target_lost_or_stale,106288,5641414269069,True,,5.370629370629371,5.722197090050787,0.0390625,-0.4875,4.695960633868309,-1.7169606067581005,106288,0.006642918044235557,5.370629370629371,5.722197090050787,0.0390625,-0.4875,0.009062500000000001,-0.4575,4.695960633868309,-1.7169606067581005,tracking,True,,False,False,-10.0,0.13593750000000002,-45.75,1500,1583,1624,1501,2000,2000,1000,1000,-10.0,5.0,15.0,20.0,100.0,100.0,0.03,0.25,3,1.0,1.0,60.0,1660,67.0
895,326453595390909,17.899983646988403,target_lost_or_stale,106288,5641414269069,True,,5.370629370629371,5.722197090050787,0.0390625,-0.4875,4.695960633868309,-1.7169606067581005,106288,0.026678020018152893,5.370629370629371,5.722197090050787,0.0390625,-0.4875,0.009062500000000001,-0.4575,4.695960633868309,-1.7169606067581005,tracking,True,,False,False,-10.0,0.13593750000000002,-45.75,1500,1583,1624,1501,2000,2000,1000,1000,-10.0,5.0,15.0,20.0,100.0,100.0,0.03,0.25,3,1.0,1.0,60.0,1660,67.0
896,326453615388768,17.919981506012846,target_lost_or_stale,106289,5641447322527,True,,5.333333333333334,5.685324675571895,0.0390625,-0.4895833333333333,4.693590966397169,-1.7234279329739604,106289,0.01321494102012366,5.333333333333334,5.685324675571895,0.0390625,-0.4895833333333333,0.009062500000000001,-0.45958333333333334,4.693590966397169,-1.7234279329739604,tracking,True,,False,False,-10.0,0.13593750000000002,-45.958333333333336,1500,1583,1624,1501,2000,2000,1000,1000,-10.0,5.0,15.0,20.0,100.0,100.0,0.03,0.25,3,1.0,1.0,60.0,1660,67.0
897,326453635388284,17.939981021976564,target_lost_or_stale,106289,5641447322527,True,,5.333333333333334,5.685324675571895,0.0390625,-0.4895833333333333,4.693590966397169,-1.7234279329739604,106289,0.033214456983841956,5.333333333333334,5.685324675571895,0.0390625,-0.4895833333333333,0.009062500000000001,-0.45958333333333334,4.693590966397169,-1.7234279329739604,tracking,True,,False,False,-10.0,0.13593750000000002,-45.958333333333336,1500,1583,1624,1501,2000,2000,1000,1000,-10.0,5.0,15.0,20.0,100.0,100.0,0.03,0.25,3,1.0,1.0,60.0,1660,67.0
898,326453655383801,17.959976538957562,target_lost_or_stale,106290,5641480236111,True,,5.333333333333334,5.696593767819113,0.0375,-0.4979166666666667,4.6840476795994705,-1.7491990553504269,106290,0.01977072498993948,5.333333333333334,5.696593767819113,0.0375,-0.4979166666666667,0.0075,-0.46791666666666665,4.6840476795994705,-1.7491990553504269,tracking,True,,False,False,-10.0,0.11249999999999999,-46.791666666666664,1500,1583,1623,1501,2000,2000,1000,1000,-10.0,5.0,15.0,20.0,100.0,100.0,0.03,0.25,3,1.0,1.0,60.0,1660,67.0
899,326453675384208,17.979976945964154,target_lost_or_stale,106291,5641513397106,True,,5.297150610583446,5.6784624157287436,0.0375,-0.5125,4.66710382299322,-1.793918031963019,106291,0.006353621953167021,5.297150610583446,5.6784624157287436,0.0375,-0.5125,0.0075,-0.48249999999999993,4.66710382299322,-1.793918031963019,tracking,True,,False,False,-10.0,0.11249999999999999,-48.24999999999999,1500,1583,1622,1501,2000,2000,1000,1000,-10.0,5.0,15.0,20.0,100.0,100.0,0.03,0.25,3,1.0,1.0,60.0,1660,67.0
900,326453695404328,17.999997065984644,target_lost_or_stale,106291,5641513397106,True,,5.297150610583446,5.6784624157287436,0.0375,-0.5125,4.66710382299322,-1.793918031963019,106291,0.02637374197365716,5.297150610583446,5.6784624157287436,0.0375,-0.5125,0.0075,-0.48249999999999993,4.66710382299322,-1.793918031963019,tracking,True,,False,False,-10.0,0.11249999999999999,-48.24999999999999,1500,1583,1622,1501,2000,2000,1000,1000,-10.0,5.0,15.0,20.0,100.0,100.0,0.03,0.25,3,1.0,1.0,60.0,1660,67.0
901,326453715393280,18.019986018014606,target_lost_or_stale,106292,5641546835778,True,,5.245202558635395,5.646615899943962,0.0375,-0.5291666666666667,4.647374518900192,-1.844426762188514,106292,0.012912942038383335,5.245202558635395,5.646615899943962,0.0375,-0.5291666666666667,0.0075,-0.49916666666666665,4.647374518900192,-1.844426762188514,tracking,True,,False,False,-10.0,0.11249999999999999,-49.916666666666664,1500,1583,1620,1501,2000,2000,1000,1000,-10.0,5.0,15.0,20.0,100.0,100.0,0.03,0.25,3,1.0,1.0,60.0,1660,67.0
902,326453735405215,18.039997952990234,target_lost_or_stale,106292,5641546835778,True,,5.245202558635395,5.646615899943962,0.0375,-0.5291666666666667,4.647374518900192,-1.844426762188514,106292,0.032924877014011145,5.245202558635395,5.646615899943962,0.0375,-0.5291666666666667,0.0075,-0.49916666666666665,4.647374518900192,-1.844426762188514,tracking,True,,False,False,-10.0,0.11249999999999999,-49.916666666666664,1500,1583,1620,1501,2000,2000,1000,1000,-10.0,5.0,15.0,20.0,100.0,100.0,0.03,0.25,3,1.0,1.0,60.0,1660,67.0
903,326453755389520,18.059982258011587,target_lost_or_stale,106293,5641579260912,True,,5.2100840336134455,5.63651998538032,0.0390625,-0.5479166666666667,4.624736221279343,-1.9004775409319803,106293,0.019392572052311152,5.2100840336134455,5.63651998538032,0.0390625,-0.5479166666666667,0.009062500000000001,-0.5179166666666667,4.624736221279343,-1.9004775409319803,tracking,True,,False,False,-10.0,0.13593750000000002,-51.79166666666667,1500,1583,1618,1501,2000,2000,1000,1000,-10.0,5.0,15.0,20.0,100.0,100.0,0.03,0.25,3,1.0,1.0,60.0,1660,67.0
904,326453775356595,18.079949332983233,target_lost_or_stale,106294,5641612452286,True,,5.2100840336134455,5.664755670595087,0.0390625,-0.5666666666666667,4.601654592292372,-1.9557032017242586,106294,0.005948124977294356,5.2100840336134455,5.664755670595087,0.0390625,-0.5666666666666667,0.009062500000000001,-0.5366666666666666,4.601654592292372,-1.9557032017242586,tracking,True,,False,False,-10.0,0.13593750000000002,-53.666666666666664,1500,1583,1617,1501,2000,2000,1000,1000,-10.0,5.0,15.0,20.0,100.0,100.0,0.03,0.25,3,1.0,1.0,60.0,1660,67.0
905,326453795409041,18.100001778977457,target_lost_or_stale,106294,5641612452286,True,,5.2100840336134455,5.664755670595087,0.0390625,-0.5666666666666667,4.601654592292372,-1.9557032017242586,106294,0.026000570971518755,5.2100840336134455,5.664755670595087,0.0390625,-0.5666666666666667,0.009062500000000001,-0.5366666666666666,4.601654592292372,-1.9557032017242586,tracking,True,,False,False,-10.0,0.13593750000000002,-53.666666666666664,1500,1583,1617,1501,2000,2000,1000,1000,-10.0,5.0,15.0,20.0,100.0,100.0,0.03,0.25,3,1.0,1.0,60.0,1660,67.0
906,326453815400290,18.119993027998134,target_lost_or_stale,106295,5641645187766,True,,5.1258581235697935,5.604690812743539,0.0375,-0.5875,4.575520355954244,-2.016088656842339,106295,0.012511093984358013,5.1258581235697935,5.604690812743539,0.0375,-0.5875,0.0075,-0.5575,4.575520355954244,-2.016088656842339,tracking,True,,False,False,-10.0,0.11249999999999999,-55.75,1500,1583,1614,1501,2000,2000,1000,1000,-10.0,5.0,15.0,20.0,100.0,100.0,0.03,0.25,3,1.0,1.0,60.0,1660,67.0
907,326453835422033,18.140014770964626,target_lost_or_stale,106295,5641645187766,True,,5.1258581235697935,5.604690812743539,0.0375,-0.5875,4.575520355954244,-2.016088656842339,106295,0.03253283695084974,5.1258581235697935,5.604690812743539,0.0375,-0.5875,0.0075,-0.5575,4.575520355954244,-2.016088656842339,tracking,True,,False,False,-10.0,0.11249999999999999,-55.75,1500,1583,1614,1501,2000,2000,1000,1000,-10.0,5.0,15.0,20.0,100.0,100.0,0.03,0.25,3,1.0,1.0,60.0,1660,67.0
908,326453855406843,18.159999580995645,target_lost_or_stale,106296,5641678147935,True,,5.0927318295739346,5.591149154450487,0.0375,-0.6020833333333333,4.556939150776955,-2.0577428352727187,106296,0.01909013302065432,5.0927318295739346,5.591149154450487,0.0375,-0.6020833333333333,0.0075,-0.5720833333333333,4.556939150776955,-2.0577428352727187,tracking,True,,False,False,-10.0,0.11249999999999999,-57.20833333333333,1500,1583,1613,1501,2000,2000,1000,1000,-10.0,5.0,15.0,20.0,100.0,100.0,0.03,0.25,3,1.0,1.0,60.0,1660,67.0
909,326453875382458,18.17997519596247,target_lost_or_stale,106297,5641711361980,True,,5.044334975369458,5.560936054629981,0.0375,-0.6166666666666667,4.538135203896576,-2.098887531802166,106297,0.005578265991061926,5.044334975369458,5.560936054629981,0.0375,-0.6166666666666667,0.0075,-0.5866666666666667,4.538135203896576,-2.098887531802166,tracking,True,,False,False,-10.0,0.11249999999999999,-58.666666666666664,1500,1583,1612,1501,2000,2000,1000,1000,-10.0,5.0,15.0,20.0,100.0,100.0,0.03,0.25,3,1.0,1.0,60.0,1660,67.0
910,326453895425960,18.20001869800035,target_lost_or_stale,106297,5641711361980,True,,5.044334975369458,5.560936054629981,0.0375,-0.6166666666666667,4.538135203896576,-2.098887531802166,106297,0.025621768028941005,5.044334975369458,5.560936054629981,0.0375,-0.6166666666666667,0.0075,-0.5866666666666667,4.538135203896576,-2.098887531802166,tracking,True,,False,False,-10.0,0.11249999999999999,-58.666666666666664,1500,1583,1612,1501,2000,2000,1000,1000,-10.0,5.0,15.0,20.0,100.0,100.0,0.03,0.25,3,1.0,1.0,60.0,1660,67.0
911,326453915395534,18.2199882720015,target_lost_or_stale,106298,5641744360191,True,,5.0121418164157365,5.538661213751086,0.0375,-0.625,4.527294679794342,-2.122169381153598,106298,0.01221659401198849,5.0121418164157365,5.538661213751086,0.0375,-0.625,0.0075,-0.595,4.527294679794342,-2.122169381153598,tracking,True,,False,False,-10.0,0.11249999999999999,-59.5,1500,1583,1611,1501,2000,2000,1000,1000,-10.0,5.0,15.0,20.0,100.0,100.0,0.03,0.25,3,1.0,1.0,60.0,1660,67.0
912,326453935347969,18.239940706989728,target_lost_or_stale,106298,5641744360191,True,,5.0121418164157365,5.538661213751086,0.0375,-0.625,4.527294679794342,-2.122169381153598,106298,0.03216902900021523,5.0121418164157365,5.538661213751086,0.0375,-0.625,0.0075,-0.595,4.527294679794342,-2.122169381153598,tracking,True,,False,False,-10.0,0.11249999999999999,-59.5,1500,1583,1611,1501,2000,2000,1000,1000,-10.0,5.0,15.0,20.0,100.0,100.0,0.03,0.25,3,1.0,1.0,60.0,1660,67.0
913,326453955391009,18.259983746975195,target_lost_or_stale,106299,5641777135458,True,,4.980842911877395,5.507649625692139,0.0390625,-0.6270833333333333,4.524574051589826,-2.12796373363834,106299,0.01875972398556769,4.980842911877395,5.507649625692139,0.0390625,-0.6270833333333333,0.009062500000000001,-0.5970833333333333,4.524574051589826,-2.12796373363834,tracking,True,,False,False,-10.0,0.13593750000000002,-59.70833333333333,1500,1583,1610,1501,2000,2000,1000,1000,-10.0,5.0,15.0,20.0,100.0,100.0,0.03,0.25,3,1.0,1.0,60.0,1660,67.0
914,326453975363711,18.279956448997837,target_lost_or_stale,106300,5641810240457,True,,4.980842911877395,5.504343995528078,0.0390625,-0.625,4.527294679794343,-2.122169381153598,106300,0.005229627015069127,4.980842911877395,5.504343995528078,0.0390625,-0.625,0.009062500000000001,-0.595,4.527294679794343,-2.122169381153598,tracking,True,,False,False,-10.0,0.13593750000000002,-59.5,1500,1583,1611,1501,2000,2000,1000,1000,-10.0,5.0,15.0,20.0,100.0,100.0,0.03,0.25,3,1.0,1.0,60.0,1660,67.0
915,326453995398417,18.299991154985037,target_lost_or_stale,106300,5641810240457,True,,4.980842911877395,5.504343995528078,0.0390625,-0.625,4.527294679794343,-2.122169381153598,106300,0.025264333002269268,4.980842911877395,5.504343995528078,0.0390625,-0.625,0.009062500000000001,-0.595,4.527294679794343,-2.122169381153598,tracking,True,,False,False,-10.0,0.13593750000000002,-59.5,1500,1583,1611,1501,2000,2000,1000,1000,-10.0,5.0,15.0,20.0,100.0,100.0,0.03,0.25,3,1.0,1.0,60.0,1660,67.0
916,326454015410655,18.320003392989747,target_lost_or_stale,106301,5641843149792,True,,4.934086629001883,5.442903392620406,0.0390625,-0.61875,4.535431439922027,-2.1047236525888158,106301,0.011839733982924372,4.934086629001883,5.442903392620406,0.0390625,-0.61875,0.009062500000000001,-0.58875,4.535431439922027,-2.1047236525888158,tracking,True,,False,False,-10.0,0.13593750000000002,-58.875,1500,1583,1611,1501,2000,2000,1000,1000,-10.0,5.0,15.0,20.0,100.0,100.0,0.03,0.25,3,1.0,1.0,60.0,1660,67.0
917,326454035391813,18.339984551013913,target_lost_or_stale,106301,5641843149792,True,,4.934086629001883,5.442903392620406,0.0390625,-0.61875,4.535431439922027,-2.1047236525888158,106301,0.03182089200709015,4.934086629001883,5.442903392620406,0.0390625,-0.61875,0.009062500000000001,-0.58875,4.535431439922027,-2.1047236525888158,tracking,True,,False,False,-10.0,0.13593750000000002,-58.875,1500,1583,1611,1501,2000,2000,1000,1000,-10.0,5.0,15.0,20.0,100.0,100.0,0.03,0.25,3,1.0,1.0,60.0,1660,67.0
918,326454055399127,18.359991864999756,target_lost_or_stale,106302,5641876250988,True,,4.903645228697469,5.390144743684945,0.0390625,-0.60625,4.551588799011716,-2.0695505320506395,106302,0.018356802000198513,4.903645228697469,5.390144743684945,0.0390625,-0.60625,0.009062500000000001,-0.5762499999999999,4.551588799011716,-2.0695505320506395,tracking,True,,False,False,-10.0,0.13593750000000002,-57.62499999999999,1500,1583,1613,1501,2000,2000,1000,1000,-10.0,5.0,15.0,20.0,100.0,100.0,0.03,0.25,3,1.0,1.0,60.0,1660,67.0
919,326454075395351,18.379988088971004,target_lost_or_stale,106303,5641910154969,True,,4.903645228697469,5.371023914557696,0.0375,-0.59375,4.56758502770117,-2.034002707648177,106303,0.004916439007502049,4.903645228697469,5.371023914557696,0.0375,-0.59375,0.0075,-0.56375,4.56758502770117,-2.034002707648177,tracking,True,,False,False,-10.0,0.11249999999999999,-56.375,1500,1583,1614,1501,2000,2000,1000,1000,-10.0,5.0,15.0,20.0,100.0,100.0,0.03,0.25,3,1.0,1.0,60.0,1660,67.0
920,326454095387203,18.39997994096484,target_lost_or_stale,106303,5641910154969,True,,4.903645228697469,5.371023914557696,0.0375,-0.59375,4.56758502770117,-2.034002707648177,106303,0.02490829100133851,4.903645228697469,5.371023914557696,0.0375,-0.59375,0.0075,-0.56375,4.56758502770117,-2.034002707648177,tracking,True,,False,False,-10.0,0.11249999999999999,-56.375,1500,1583,1614,1501,2000,2000,1000,1000,-10.0,5.0,15.0,20.0,100.0,100.0,0.03,0.25,3,1.0,1.0,60.0,1660,67.0
921,326454115460367,18.420053104986437,target_lost_or_stale,106304,5641942628292,True,,4.903645228697469,5.349711808069357,0.0390625,-0.5791666666666667,4.586033542196432,-1.9920583198915751,106304,0.011503925023134798,4.903645228697469,5.349711808069357,0.0390625,-0.5791666666666667,0.009062500000000001,-0.5491666666666667,4.586033542196432,-1.9920583198915751,tracking,True,,False,False,-10.0,0.13593750000000002,-54.91666666666667,1500,1583,1615,1501,2000,2000,1000,1000,-10.0,5.0,15.0,20.0,100.0,100.0,0.03,0.25,3,1.0,1.0,60.0,1660,67.0
922,326454135390727,18.4399834650103,target_lost_or_stale,106304,5641942628292,True,,4.903645228697469,5.349711808069357,0.0390625,-0.5791666666666667,4.586033542196432,-1.9920583198915751,106304,0.03143428504699841,4.903645228697469,5.349711808069357,0.0390625,-0.5791666666666667,0.009062500000000001,-0.5491666666666667,4.586033542196432,-1.9920583198915751,tracking,True,,False,False,-10.0,0.13593750000000002,-54.91666666666667,1500,1583,1615,1501,2000,2000,1000,1000,-10.0,5.0,15.0,20.0,100.0,100.0,0.03,0.25,3,1.0,1.0,60.0,1660,67.0
923,326454155413835,18.460006573004648,target_lost_or_stale,106305,5641975544286,True,,4.858447488584474,5.282432640949089,0.0390625,-0.5666666666666667,4.601654592292373,-1.9557032017242586,106305,0.018032099003903568,4.858447488584474,5.282432640949089,0.0390625,-0.5666666666666667,0.009062500000000001,-0.5366666666666666,4.601654592292373,-1.9557032017242586,tracking,True,,False,False,-10.0,0.13593750000000002,-53.666666666666664,1500,1583,1617,1501,2000,2000,1000,1000,-10.0,5.0,15.0,20.0,100.0,100.0,0.03,0.25,3,1.0,1.0,60.0,1660,67.0
924,326454175390679,18.479983416968025,target_lost_or_stale,106306,5642008602604,True,,4.785112981834294,5.185327401054945,0.0390625,-0.5541666666666667,4.617090299878167,-1.918978155886863,106306,0.00450154795544222,4.785112981834294,5.185327401054945,0.0390625,-0.5541666666666667,0.009062500000000001,-0.5241666666666667,4.617090299878167,-1.918978155886863,tracking,True,,False,False,-10.0,0.13593750000000002,-52.416666666666664,1500,1583,1618,1501,2000,2000,1000,1000,-10.0,5.0,15.0,20.0,100.0,100.0,0.03,0.25,3,1.0,1.0,60.0,1660,67.0
925,326454195411748,18.50000448600622,target_lost_or_stale,106306,5642008602604,True,,4.785112981834294,5.185327401054945,0.0390625,-0.5541666666666667,4.617090299878167,-1.918978155886863,106306,0.024522616993635893,4.785112981834294,5.185327401054945,0.0390625,-0.5541666666666667,0.009062500000000001,-0.5241666666666667,4.617090299878167,-1.918978155886863,tracking,True,,False,False,-10.0,0.13593750000000002,-52.416666666666664,1500,1583,1618,1501,2000,2000,1000,1000,-10.0,5.0,15.0,20.0,100.0,100.0,0.03,0.25,3,1.0,1.0,60.0,1660,67.0
926,326454215404580,18.519997317984235,target_lost_or_stale,106307,5642041377379,True,,4.785112981834294,5.17676582189517,0.0390625,-0.5479166666666667,4.624736221279343,-1.9004775409319798,106307,0.011114555003587157,4.785112981834294,5.17676582189517,0.0390625,-0.5479166666666667,0.009062500000000001,-0.5179166666666667,4.624736221279343,-1.9004775409319798,tracking,True,,False,False,-10.0,0.13593750000000002,-51.79166666666667,1500,1583,1618,1501,2000,2000,1000,1000,-10.0,5.0,15.0,20.0,100.0,100.0,0.03,0.25,3,1.0,1.0,60.0,1660,67.0
927,326454235396554,18.53998929198133,target_lost_or_stale,106307,5642041377379,True,,4.785112981834294,5.17676582189517,0.0390625,-0.5479166666666667,4.624736221279343,-1.9004775409319798,106307,0.031106529000680894,4.785112981834294,5.17676582189517,0.0390625,-0.5479166666666667,0.009062500000000001,-0.5179166666666667,4.624736221279343,-1.9004775409319798,tracking,True,,False,False,-10.0,0.13593750000000002,-51.79166666666667,1500,1583,1618,1501,2000,2000,1000,1000,-10.0,5.0,15.0,20.0,100.0,100.0,0.03,0.25,3,1.0,1.0,60.0,1660,67.0
928,326454255407057,18.55999979499029,target_lost_or_stale,106308,5642074167800,True,,4.785112981834294,5.171379937022367,0.040625,-0.54375,4.62980619763344,-1.888092839972387,106308,0.01762693701311946,4.785112981834294,5.171379937022367,0.040625,-0.54375,0.010625000000000002,-0.5137499999999999,4.62980619763344,-1.888092839972387,tracking,True,,False,False,-10.0,0.15937500000000004,-51.37499999999999,1500,1583,1619,1501,2000,2000,1000,1000,-10.0,5.0,15.0,20.0,100.0,100.0,0.03,0.25,3,1.0,1.0,60.0,1660,67.0
929,326454275393391,18.579986129014287,target_lost_or_stale,106309,5642107203773,True,,4.756284153005464,5.145851102657821,0.040625,-0.5479166666666667,4.624736221279343,-1.9004775409319798,106309,0.004169138032011688,4.756284153005464,5.145851102657821,0.040625,-0.5479166666666667,0.010625000000000002,-0.5179166666666667,4.624736221279343,-1.9004775409319798,tracking,True,,False,False,-10.0,0.15937500000000004,-51.79166666666667,1500,1583,1618,1501,2000,2000,1000,1000,-10.0,5.0,15.0,20.0,100.0,100.0,0.03,0.25,3,1.0,1.0,60.0,1660,67.0
930,326454295398746,18.599991483963095,target_lost_or_stale,106309,5642107203773,True,,4.756284153005464,5.145851102657821,0.040625,-0.5479166666666667,4.624736221279343,-1.9004775409319798,106309,0.024174492980819196,4.756284153005464,5.145851102657821,0.040625,-0.5479166666666667,0.010625000000000002,-0.5179166666666667,4.624736221279343,-1.9004775409319798,tracking,True,,False,False,-10.0,0.15937500000000004,-51.79166666666667,1500,1583,1618,1501,2000,2000,1000,1000,-10.0,5.0,15.0,20.0,100.0,100.0,0.03,0.25,3,1.0,1.0,60.0,1660,67.0
931,326454315395159,18.619987896992825,target_lost_or_stale,106310,5642140218726,True,,4.713978494623656,5.108514224884577,0.040625,-0.5541666666666667,4.617090299878166,-1.9189781558868628,106310,0.010706700035370886,4.713978494623656,5.108514224884577,0.040625,-0.5541666666666667,0.010625000000000002,-0.5241666666666667,4.617090299878166,-1.9189781558868628,tracking,True,,False,False,-10.0,0.15937500000000004,-52.416666666666664,1500,1583,1618,1501,2000,2000,1000,1000,-10.0,5.0,15.0,20.0,100.0,100.0,0.03,0.25,3,1.0,1.0,60.0,1660,67.0
932,326454335393435,18.639986172958743,target_lost_or_stale,106310,5642140218726,True,,4.713978494623656,5.108514224884577,0.040625,-0.5541666666666667,4.617090299878166,-1.9189781558868628,106310,0.030704976001288742,4.713978494623656,5.108514224884577,0.040625,-0.5541666666666667,0.010625000000000002,-0.5241666666666667,4.617090299878166,-1.9189781558868628,tracking,True,,False,False,-10.0,0.15937500000000004,-52.416666666666664,1500,1583,1618,1501,2000,2000,1000,1000,-10.0,5.0,15.0,20.0,100.0,100.0,0.03,0.25,3,1.0,1.0,60.0,1660,67.0
933,326454355406707,18.659999444964342,target_lost_or_stale,106311,5642173312122,True,,4.713978494623656,5.123032245493737,0.0421875,-0.5645833333333333,4.6042402906323625,-1.949607998064641,106311,0.017269670963287354,4.713978494623656,5.123032245493737,0.0421875,-0.5645833333333333,0.012187500000000004,-0.5345833333333333,4.6042402906323625,-1.949607998064641,tracking,True,,False,False,-10.0,0.18281250000000004,-53.45833333333333,1500,1583,1617,1501,2000,2000,1000,1000,-10.0,5.0,15.0,20.0,100.0,100.0,0.03,0.25,3,1.0,1.0,60.0,1660,67.0
934,326454375386533,18.679979270964395,target_lost_or_stale,106312,5642206212316,True,,4.685908319185059,5.109802963382082,0.0421875,-0.5770833333333333,4.588649593129836,-1.9860249020265068,106312,0.0038002319633960724,4.685908319185059,5.109802963382082,0.0421875,-0.5770833333333333,0.012187500000000004,-0.5470833333333333,4.588649593129836,-1.9860249020265068,tracking,True,,False,False,-10.0,0.18281250000000004,-54.70833333333333,1500,1583,1615,1501,2000,2000,1000,1000,-10.0,5.0,15.0,20.0,100.0,100.0,0.03,0.25,3,1.0,1.0,60.0,1660,67.0
935,326454395389771,18.699982508958783,target_lost_or_stale,106312,5642206212316,True,,4.685908319185059,5.109802963382082,0.0421875,-0.5770833333333333,4.588649593129836,-1.9860249020265068,106312,0.023803469957783818,4.685908319185059,5.109802963382082,0.0421875,-0.5770833333333333,0.012187500000000004,-0.5470833333333333,4.588649593129836,-1.9860249020265068,tracking,True,,False,False,-10.0,0.18281250000000004,-54.70833333333333,1500,1583,1615,1501,2000,2000,1000,1000,-10.0,5.0,15.0,20.0,100.0,100.0,0.03,0.25,3,1.0,1.0,60.0,1660,67.0
936,326454415400651,18.719993388978764,target_lost_or_stale,106313,5642239193794,True,,4.617604617604617,5.055861929231665,0.04375,-0.5916666666666667,4.570234870048054,-2.028041723583824,106313,0.010375750018283725,4.617604617604617,5.055861929231665,0.04375,-0.5916666666666667,0.013749999999999998,-0.5616666666666666,4.570234870048054,-2.028041723583824,tracking,True,,False,False,-10.0,0.20625,-56.166666666666664,1500,1583,1614,1502,2000,2000,1000,1000,-10.0,5.0,15.0,20.0,100.0,100.0,0.03,0.25,3,1.0,1.0,60.0,1660,67.0
937,326454435395557,18.739988295012154,target_lost_or_stale,106313,5642239193794,True,,4.617604617604617,5.055861929231665,0.04375,-0.5916666666666667,4.570234870048054,-2.028041723583824,106313,0.030370656051672995,4.617604617604617,5.055861929231665,0.04375,-0.5916666666666667,0.013749999999999998,-0.5616666666666666,4.570234870048054,-2.028041723583824,tracking,True,,False,False,-10.0,0.20625,-56.166666666666664,1500,1583,1614,1502,2000,2000,1000,1000,-10.0,5.0,15.0,20.0,100.0,100.0,0.03,0.25,3,1.0,1.0,60.0,1660,67.0
938,326454455413461,18.760006199008785,target_lost_or_stale,106314,5642272578898,True,,4.617604617604617,5.076540807689068,0.04375,-0.60625,4.551588799011715,-2.0695505320506395,106314,0.0169464890495874,4.617604617604617,5.076540807689068,0.04375,-0.60625,0.013749999999999998,-0.5762499999999999,4.551588799011715,-2.0695505320506395,tracking,True,,False,False,-10.0,0.20625,-57.62499999999999,1500,1583,1613,1502,2000,2000,1000,1000,-10.0,5.0,15.0,20.0,100.0,100.0,0.03,0.25,3,1.0,1.0,60.0,1660,67.0
939,326454475386621,18.779979359009303,target_lost_or_stale,106315,5642305236175,True,,4.551282051282051,5.01843666775157,0.04375,-0.6166666666666667,4.538135203896575,-2.098887531802166,106315,0.0033670010161586106,4.551282051282051,5.01843666775157,0.04375,-0.6166666666666667,0.013749999999999998,-0.5866666666666667,4.538135203896575,-2.098887531802166,tracking,True,,False,False,-10.0,0.20625,-58.666666666666664,1500,1583,1612,1502,2000,2000,1000,1000,-10.0,5.0,15.0,20.0,100.0,100.0,0.03,0.25,3,1.0,1.0,60.0,1660,67.0
940,326454495392803,18.799985540972557,target_lost_or_stale,106315,5642305236175,True,,4.551282051282051,5.01843666775157,0.04375,-0.6166666666666667,4.538135203896575,-2.098887531802166,106315,0.023373182979412377,4.551282051282051,5.01843666775157,0.04375,-0.6166666666666667,0.013749999999999998,-0.5866666666666667,4.538135203896575,-2.098887531802166,tracking,True,,False,False,-10.0,0.20625,-58.666666666666664,1500,1583,1612,1502,2000,2000,1000,1000,-10.0,5.0,15.0,20.0,100.0,100.0,0.03,0.25,3,1.0,1.0,60.0,1660,67.0
941,326454515391532,18.8199842699687,target_lost_or_stale,106316,5642338255148,True,,4.525316455696203,5.001735111995939,0.04375,-0.625,4.527294679794342,-2.122169381153598,106316,0.010014992963988334,4.525316455696203,5.001735111995939,0.04375,-0.625,0.013749999999999998,-0.595,4.527294679794342,-2.122169381153598,tracking,True,,False,False,-10.0,0.20625,-59.5,1500,1583,1611,1502,2000,2000,1000,1000,-10.0,5.0,15.0,20.0,100.0,100.0,0.03,0.25,3,1.0,1.0,60.0,1660,67.0
942,326454535388655,18.83998139295727,target_lost_or_stale,106316,5642338255148,True,,4.525316455696203,5.001735111995939,0.04375,-0.625,4.527294679794342,-2.122169381153598,106316,0.030012115952558815,4.525316455696203,5.001735111995939,0.04375,-0.625,0.013749999999999998,-0.595,4.527294679794342,-2.122169381153598,tracking,True,,False,False,-10.0,0.20625,-59.5,1500,1583,1611,1502,2000,2000,1000,1000,-10.0,5.0,15.0,20.0,100.0,100.0,0.03,0.25,3,1.0,1.0,60.0,1660,67.0
943,326454555357756,18.85995049396297,target_lost_or_stale,106317,5642371355684,True,,4.5,4.9737533771036535,0.04375,-0.625,4.527294679794342,-2.1221693811535975,106317,0.016477936995215714,4.5,4.9737533771036535,0.04375,-0.625,0.013749999999999998,-0.595,4.527294679794342,-2.1221693811535975,tracking,True,,False,False,-10.0,0.20625,-59.5,1500,1583,1611,1502,2000,2000,1000,1000,-10.0,5.0,15.0,20.0,100.0,100.0,0.03,0.25,3,1.0,1.0,60.0,1660,67.0
944,326454575410696,18.880003433965612,target_lost_or_stale,106318,5642404591870,True,,4.424242424242424,4.887092404582506,0.04375,-0.6229166666666667,4.530011143465092,-2.116364581087598,106318,0.003086682001594454,4.424242424242424,4.887092404582506,0.04375,-0.6229166666666667,0.013749999999999998,-0.5929166666666666,4.530011143465092,-2.116364581087598,tracking,True,,False,False,-10.0,0.20625,-59.291666666666664,1500,1583,1611,1502,2000,2000,1000,1000,-10.0,5.0,15.0,20.0,100.0,100.0,0.03,0.25,3,1.0,1.0,60.0,1660,67.0
945,326454595390166,18.89998290396761,target_lost_or_stale,106318,5642404591870,True,,4.424242424242424,4.887092404582506,0.04375,-0.6229166666666667,4.530011143465092,-2.116364581087598,106318,0.023066152003593743,4.424242424242424,4.887092404582506,0.04375,-0.6229166666666667,0.013749999999999998,-0.5929166666666666,4.530011143465092,-2.116364581087598,tracking,True,,False,False,-10.0,0.20625,-59.291666666666664,1500,1583,1611,1502,2000,2000,1000,1000,-10.0,5.0,15.0,20.0,100.0,100.0,0.03,0.25,3,1.0,1.0,60.0,1660,67.0
946,326454615393402,18.91998613998294,target_lost_or_stale,106319,5642438479307,True,,4.424242424242424,4.875741179220434,0.0453125,-0.6145833333333334,4.5408346657155665,-2.0930409787282693,106319,0.00963991996832192,4.424242424242424,4.875741179220434,0.0453125,-0.6145833333333334,0.0153125,-0.5845833333333333,4.5408346657155665,-2.0930409787282693,tracking,True,,False,False,-10.0,0.2296875,-58.458333333333336,1500,1583,1612,1502,2000,2000,1000,1000,-10.0,5.0,15.0,20.0,100.0,100.0,0.03,0.25,3,1.0,1.0,60.0,1660,67.0
947,326454635394102,18.939986840006895,target_lost_or_stale,106319,5642438479307,True,,4.424242424242424,4.875741179220434,0.0453125,-0.6145833333333334,4.5408346657155665,-2.0930409787282693,106319,0.029640619992278516,4.424242424242424,4.875741179220434,0.0453125,-0.6145833333333334,0.0153125,-0.5845833333333333,4.5408346657155665,-2.0930409787282693,tracking,True,,False,False,-10.0,0.2296875,-58.458333333333336,1500,1583,1612,1502,2000,2000,1000,1000,-10.0,5.0,15.0,20.0,100.0,100.0,0.03,0.25,3,1.0,1.0,60.0,1660,67.0
948,326454655409607,18.960002344974782,target_lost_or_stale,106320,5642472294803,True,,4.399551066217732,4.8314240763278,0.0453125,-0.6020833333333333,4.556939150776954,-2.0577428352727187,106320,0.016186084016226232,4.399551066217732,4.8314240763278,0.0453125,-0.6020833333333333,0.0153125,-0.5720833333333333,4.556939150776954,-2.0577428352727187,tracking,True,,False,False,-10.0,0.2296875,-57.20833333333333,1500,1583,1613,1502,2000,2000,1000,1000,-10.0,5.0,15.0,20.0,100.0,100.0,0.03,0.25,3,1.0,1.0,60.0,1660,67.0
949,326454675387293,18.979980030970182,target_lost_or_stale,106321,5642505685040,True,,4.363368343467846,4.766786650360688,0.0453125,-0.5833333333333334,4.580786674510946,-2.0040941700985386,106321,0.002665635955054313,4.363368343467846,4.766786650360688,0.0453125,-0.5833333333333334,0.0153125,-0.5533333333333333,4.580786674510946,-2.0040941700985386,tracking,True,,False,False,-10.0,0.2296875,-55.333333333333336,1500,1583,1615,1502,2000,2000,1000,1000,-10.0,5.0,15.0,20.0,100.0,100.0,0.03,0.25,3,1.0,1.0,60.0,1660,67.0
950,326454695396170,18.999988908006344,target_lost_or_stale,106321,5642505685040,True,,4.363368343467846,4.766786650360688,0.0453125,-0.5833333333333334,4.580786674510946,-2.0040941700985386,106321,0.022674512991216034,4.363368343467846,4.766786650360688,0.0453125,-0.5833333333333334,0.0153125,-0.5533333333333333,4.580786674510946,-2.0040941700985386,tracking,True,,False,False,-10.0,0.2296875,-55.333333333333336,1500,1583,1615,1502,2000,2000,1000,1000,-10.0,5.0,15.0,20.0,100.0,100.0,0.03,0.25,3,1.0,1.0,60.0,1660,67.0
951,326454715415618,19.02000835596118,target_lost_or_stale,106322,5642538328005,True,,4.363368343467846,4.742546917379083,0.0453125,-0.5645833333333333,4.604240290632363,-1.949607998064641,106322,0.009278727986384183,4.363368343467846,4.742546917379083,0.0453125,-0.5645833333333333,0.0153125,-0.5345833333333333,4.604240290632363,-1.949607998064641,tracking,True,,False,False,-10.0,0.2296875,-53.45833333333333,1500,1583,1617,1502,2000,2000,1000,1000,-10.0,5.0,15.0,20.0,100.0,100.0,0.03,0.25,3,1.0,1.0,60.0,1660,67.0
952,326454735389666,19.039982403977774,target_lost_or_stale,106322,5642538328005,True,,4.363368343467846,4.742546917379083,0.0453125,-0.5645833333333333,4.604240290632363,-1.949607998064641,106322,0.029252776002977043,4.363368343467846,4.742546917379083,0.0453125,-0.5645833333333333,0.0153125,-0.5345833333333333,4.604240290632363,-1.949607998064641,tracking,True,,False,False,-10.0,0.2296875,-53.45833333333333,1500,1583,1617,1502,2000,2000,1000,1000,-10.0,5.0,15.0,20.0,100.0,100.0,0.03,0.25,3,1.0,1.0,60.0,1660,67.0
953,326454755476403,19.060069140978158,target_lost_or_stale,106323,5642572916925,True,,4.363368343467846,4.7166948200401855,0.046875,-0.54375,4.62980619763344,-1.888092839972387,106323,0.01590011699590832,4.363368343467846,4.7166948200401855,0.046875,-0.54375,0.016875,-0.5137499999999999,4.62980619763344,-1.888092839972387,tracking,True,,False,False,-10.0,0.25312500000000004,-51.37499999999999,1500,1583,1619,1502,2000,2000,1000,1000,-10.0,5.0,15.0,20.0,100.0,100.0,0.03,0.25,3,1.0,1.0,60.0,1660,67.0
954,326454775386788,19.07997952599544,target_lost_or_stale,106324,5642605562545,True,,4.339279213687659,4.6676855920375875,0.0453125,-0.525,4.652342380742262,-1.8318598124172658,106324,0.002304247987922281,4.339279213687659,4.6676855920375875,0.0453125,-0.525,0.0153125,-0.495,4.652342380742262,-1.8318598124172658,tracking,True,,False,False,-10.0,0.2296875,-49.5,1500,1583,1621,1502,2000,2000,1000,1000,-10.0,5.0,15.0,20.0,100.0,100.0,0.03,0.25,3,1.0,1.0,60.0,1660,67.0
955,326454795389076,19.099981813982595,target_lost_or_stale,106324,5642605562545,True,,4.339279213687659,4.6676855920375875,0.0453125,-0.525,4.652342380742262,-1.8318598124172658,106324,0.022306535975076258,4.339279213687659,4.6676855920375875,0.0453125,-0.525,0.0153125,-0.495,4.652342380742262,-1.8318598124172658,tracking,True,,False,False,-10.0,0.2296875,-49.5,1500,1583,1621,1502,2000,2000,1000,1000,-10.0,5.0,15.0,20.0,100.0,100.0,0.03,0.25,3,1.0,1.0,60.0,1660,67.0
956,326454815413982,19.120006720011588,target_lost_or_stale,106325,5642638986056,True,,4.328249818445897,4.6314937448915,0.0453125,-0.5041666666666667,4.676823397997871,-1.768423847367945,106325,0.008912306046113372,4.328249818445897,4.6314937448915,0.0453125,-0.5041666666666667,0.0153125,-0.4741666666666666,4.676823397997871,-1.768423847367945,tracking,True,,False,False,-10.0,0.2296875,-47.416666666666664,1500,1583,1623,1502,2000,2000,1000,1000,-10.0,5.0,15.0,20.0,100.0,100.0,0.03,0.25,3,1.0,1.0,60.0,1660,67.0
957,326454835389440,19.13998217799235,target_lost_or_stale,106325,5642638986056,True,,4.328249818445897,4.6314937448915,0.0453125,-0.5041666666666667,4.676823397997871,-1.768423847367945,106325,0.02888776402687654,4.328249818445897,4.6314937448915,0.0453125,-0.5041666666666667,0.0153125,-0.4741666666666666,4.676823397997871,-1.768423847367945,tracking,True,,False,False,-10.0,0.2296875,-47.416666666666664,1500,1583,1623,1502,2000,2000,1000,1000,-10.0,5.0,15.0,20.0,100.0,100.0,0.03,0.25,3,1.0,1.0,60.0,1660,67.0
958,326454855410222,19.16000296000857,target_lost_or_stale,106326,5642670996910,True,,4.2700600919052665,4.555523426404417,0.046875,-0.49166666666666664,4.691214800393215,-1.7298854576449985,106326,0.015441949013620615,4.2700600919052665,4.555523426404417,0.046875,-0.49166666666666664,0.016875,-0.46166666666666667,4.691214800393215,-1.7298854576449985,tracking,True,,False,False,-10.0,0.25312500000000004,-46.166666666666664,1500,1583,1624,1502,2000,2000,1000,1000,-10.0,5.0,15.0,20.0,100.0,100.0,0.03,0.25,3,1.0,1.0,60.0,1660,67.0
959,326454875403412,19.1799961499637,target_lost_or_stale,106327,5642704478655,True,,4.2700600919052665,4.544100655696107,0.046875,-0.48125,4.703030276578457,-1.6974999904525367,106327,0.0020255609997548163,4.2700600919052665,4.544100655696107,0.046875,-0.48125,0.016875,-0.45125000000000004,4.703030276578457,-1.6974999904525367,tracking,True,,False,False,-10.0,0.25312500000000004,-45.12500000000001,1500,1583,1625,1502,2000,2000,1000,1000,-10.0,5.0,15.0,20.0,100.0,100.0,0.03,0.25,3,1.0,1.0,60.0,1660,67.0
960,326454895384991,19.199977729003876,target_lost_or_stale,106327,5642704478655,True,,4.2700600919052665,4.544100655696107,0.046875,-0.48125,4.703030276578457,-1.6974999904525367,106327,0.022007140039931983,4.2700600919052665,4.544100655696107,0.046875,-0.48125,0.016875,-0.45125000000000004,4.703030276578457,-1.6974999904525367,tracking,True,,False,False,-10.0,0.25312500000000004,-45.12500000000001,1500,1583,1625,1502,2000,2000,1000,1000,-10.0,5.0,15.0,20.0,100.0,100.0,0.03,0.25,3,1.0,1.0,60.0,1660,67.0
961,326454915393875,19.21998661296675,target_lost_or_stale,106328,5642736620103,True,,4.2369337979094075,4.504087829139364,0.0453125,-0.47708333333333336,4.707710203423333,-1.684477557162411,106328,0.008505764999426901,4.2369337979094075,4.504087829139364,0.0453125,-0.47708333333333336,0.0153125,-0.4470833333333334,4.707710203423333,-1.684477557162411,tracking,True,,False,False,-10.0,0.2296875,-44.708333333333336,1500,1583,1625,1502,2000,2000,1000,1000,-10.0,5.0,15.0,20.0,100.0,100.0,0.03,0.25,3,1.0,1.0,60.0,1660,67.0
962,326454935388348,19.23998108599335,target_lost_or_stale,106328,5642736620103,True,,4.2369337979094075,4.504087829139364,0.0453125,-0.47708333333333336,4.707710203423333,-1.684477557162411,106328,0.028500238026026636,4.2369337979094075,4.504087829139364,0.0453125,-0.47708333333333336,0.0153125,-0.4470833333333334,4.707710203423333,-1.684477557162411,tracking,True,,False,False,-10.0,0.2296875,-44.708333333333336,1500,1583,1625,1502,2000,2000,1000,1000,-10.0,5.0,15.0,20.0,100.0,100.0,0.03,0.25,3,1.0,1.0,60.0,1660,67.0
963,326454955409988,19.26000272599049,target_lost_or_stale,106329,5642771166300,True,,4.2134251290877796,4.476885217813513,0.0453125,-0.475,4.710040105794279,-1.6779517876892118,106329,0.015124443976674229,4.2134251290877796,4.476885217813513,0.0453125,-0.475,0.0153125,-0.44499999999999995,4.710040105794279,-1.6779517876892118,tracking,True,,False,False,-10.0,0.2296875,-44.49999999999999,1500,1583,1626,1502,2000,2000,1000,1000,-10.0,5.0,15.0,20.0,100.0,100.0,0.03,0.25,3,1.0,1.0,60.0,1660,67.0
964,326454975383051,19.279975788958836,target_lost_or_stale,106330,5642803345369,True,,4.181231970134057,4.4429624695726355,0.046875,-0.475,4.7100401057942785,-1.6779517876892118,106330,0.00159138796152547,4.181231970134057,4.4429624695726355,0.046875,-0.475,0.016875,-0.44499999999999995,4.7100401057942785,-1.6779517876892118,tracking,True,,False,False,-10.0,0.25312500000000004,-44.49999999999999,1500,1583,1626,1502,2000,2000,1000,1000,-10.0,5.0,15.0,20.0,100.0,100.0,0.03,0.25,3,1.0,1.0,60.0,1660,67.0
965,326454995385477,19.299978215014562,target_lost_or_stale,106330,5642803345369,True,,4.181231970134057,4.4429624695726355,0.046875,-0.475,4.7100401057942785,-1.6779517876892118,106330,0.021593814017251134,4.181231970134057,4.4429624695726355,0.046875,-0.475,0.016875,-0.44499999999999995,4.7100401057942785,-1.6779517876892118,tracking,True,,False,False,-10.0,0.25312500000000004,-44.49999999999999,1500,1583,1626,1502,2000,2000,1000,1000,-10.0,5.0,15.0,20.0,100.0,100.0,0.03,0.25,3,1.0,1.0,60.0,1660,67.0
966,326455015381104,19.31997384200804,target_lost_or_stale,106331,5642837774398,True,,4.158283031522468,4.425150054897741,0.046875,-0.48125,4.703030276578457,-1.6974999904525367,106331,0.008189682033844292,4.158283031522468,4.425150054897741,0.046875,-0.48125,0.016875,-0.45125000000000004,4.703030276578457,-1.6974999904525367,tracking,True,,False,False,-10.0,0.25312500000000004,-45.12500000000001,1500,1583,1625,1502,2000,2000,1000,1000,-10.0,5.0,15.0,20.0,100.0,100.0,0.03,0.25,3,1.0,1.0,60.0,1660,67.0
967,326455035398971,19.3399917089846,target_lost_or_stale,106331,5642837774398,True,,4.158283031522468,4.425150054897741,0.046875,-0.48125,4.703030276578457,-1.6974999904525367,106331,0.028207549010403454,4.158283031522468,4.425150054897741,0.046875,-0.48125,0.016875,-0.45125000000000004,4.703030276578457,-1.6974999904525367,tracking,True,,False,False,-10.0,0.25312500000000004,-45.12500000000001,1500,1583,1625,1502,2000,2000,1000,1000,-10.0,5.0,15.0,20.0,100.0,100.0,0.03,0.25,3,1.0,1.0,60.0,1660,67.0
968,326455055406176,19.3599989140057,target_lost_or_stale,106332,5642869890275,True,,4.1269841269841265,4.395954401025955,0.0453125,-0.48541666666666666,4.698323765957534,-1.7104834960439148,106332,0.014745245047379285,4.1269841269841265,4.395954401025955,0.0453125,-0.48541666666666666,0.0153125,-0.4554166666666667,4.698323765957534,-1.7104834960439148,tracking,True,,False,False,-10.0,0.2296875,-45.54166666666667,1500,1583,1625,1502,2000,2000,1000,1000,-10.0,5.0,15.0,20.0,100.0,100.0,0.03,0.25,3,1.0,1.0,60.0,1660,67.0
969,326455075389971,19.37998270901153,target_lost_or_stale,106333,5642903325569,True,,4.104575163398692,4.378975449958449,0.046875,-0.49166666666666664,4.691214800393216,-1.7298854576449982,106333,0.001202319050207734,4.104575163398692,4.378975449958449,0.046875,-0.49166666666666664,0.016875,-0.46166666666666667,4.691214800393216,-1.7298854576449982,tracking,True,,False,False,-10.0,0.25312500000000004,-46.166666666666664,1500,1583,1624,1502,2000,2000,1000,1000,-10.0,5.0,15.0,20.0,100.0,100.0,0.03,0.25,3,1.0,1.0,60.0,1660,67.0
970,326455095405242,19.39999797998462,target_lost_or_stale,106333,5642903325569,True,,4.104575163398692,4.378975449958449,0.046875,-0.49166666666666664,4.691214800393216,-1.7298854576449982,106333,0.021217590023297817,4.104575163398692,4.378975449958449,0.046875,-0.49166666666666664,0.016875,-0.46166666666666667,4.691214800393216,-1.7298854576449982,tracking,True,,False,False,-10.0,0.25312500000000004,-46.166666666666664,1500,1583,1624,1502,2000,2000,1000,1000,-10.0,5.0,15.0,20.0,100.0,100.0,0.03,0.25,3,1.0,1.0,60.0,1660,67.0
971,326455115410862,19.420003600011114,target_lost_or_stale,106334,5642937976979,True,,4.074133763094279,4.346498972055433,0.046875,-0.49166666666666664,4.691214800393216,-1.7298854576449985,106334,0.007799341052304953,4.074133763094279,4.346498972055433,0.046875,-0.49166666666666664,0.016875,-0.46166666666666667,4.691214800393216,-1.7298854576449985,tracking,True,,False,False,-10.0,0.25312500000000004,-46.166666666666664,1500,1583,1624,1502,2000,2000,1000,1000,-10.0,5.0,15.0,20.0,100.0,100.0,0.03,0.25,3,1.0,1.0,60.0,1660,67.0
972,326455135363686,19.43995642400114,target_lost_or_stale,106334,5642937976979,True,,4.074133763094279,4.346498972055433,0.046875,-0.49166666666666664,4.691214800393216,-1.7298854576449985,106334,0.02775216504232958,4.074133763094279,4.346498972055433,0.046875,-0.49166666666666664,0.016875,-0.46166666666666667,4.691214800393216,-1.7298854576449985,tracking,True,,False,False,-10.0,0.25312500000000004,-46.166666666666664,1500,1583,1624,1502,2000,2000,1000,1000,-10.0,5.0,15.0,20.0,100.0,100.0,0.03,0.25,3,1.0,1.0,60.0,1660,67.0
973,326455155417159,19.460009897011332,target_lost_or_stale,106335,5642969000655,True,,4.022627278441232,4.289109019560175,0.0453125,-0.4895833333333333,4.693590966397168,-1.7234279329739604,106335,0.014321541006211191,4.022627278441232,4.289109019560175,0.0453125,-0.4895833333333333,0.0153125,-0.45958333333333334,4.693590966397168,-1.7234279329739604,tracking,True,,False,False,-10.0,0.2296875,-45.958333333333336,1500,1583,1624,1502,2000,2000,1000,1000,-10.0,5.0,15.0,20.0,100.0,100.0,0.03,0.25,3,1.0,1.0,60.0,1660,67.0
974,326455175380260,19.479972997971345,target_lost_or_stale,106336,5643001139674,True,,4.022627278441232,4.282924181795887,0.046875,-0.48333333333333334,4.700680325812414,-1.703996618107,106336,0.0008996349642984569,4.022627278441232,4.282924181795887,0.046875,-0.48333333333333334,0.016875,-0.45333333333333337,4.700680325812414,-1.703996618107,tracking,True,,False,False,-10.0,0.25312500000000004,-45.333333333333336,1500,1583,1625,1502,2000,2000,1000,1000,-10.0,5.0,15.0,20.0,100.0,100.0,0.03,0.25,3,1.0,1.0,60.0,1660,67.0
975,326455195415241,19.500007978989743,target_lost_or_stale,106336,5643001139674,True,,4.022627278441232,4.282924181795887,0.046875,-0.48333333333333334,4.700680325812414,-1.703996618107,106336,0.020934615982696414,4.022627278441232,4.282924181795887,0.046875,-0.48333333333333334,0.016875,-0.45333333333333337,4.700680325812414,-1.703996618107,tracking,True,,False,False,-10.0,0.25312500000000004,-45.333333333333336,1500,1583,1625,1502,2000,2000,1000,1000,-10.0,5.0,15.0,20.0,100.0,100.0,0.03,0.25,3,1.0,1.0,60.0,1660,67.0
976,326455215400647,19.519993385009002,target_lost_or_stale,106337,5643032223952,True,,3.972413793103448,4.216927329215088,0.046875,-0.4708333333333333,4.714679604184334,-1.6648712352275927,106337,0.007329590036533773,3.972413793103448,4.216927329215088,0.046875,-0.4708333333333333,0.016875,-0.4408333333333333,4.714679604184334,-1.6648712352275927,tracking,True,,False,False,-10.0,0.25312500000000004,-44.08333333333333,1500,1583,1626,1502,2000,2000,1000,1000,-10.0,5.0,15.0,20.0,100.0,100.0,0.03,0.25,3,1.0,1.0,60.0,1660,67.0
977,326455235397982,19.539990719989873,target_lost_or_stale,106337,5643032223952,True,,3.972413793103448,4.216927329215088,0.046875,-0.4708333333333333,4.714679604184334,-1.6648712352275927,106337,0.0273269250174053,3.972413793103448,4.216927329215088,0.046875,-0.4708333333333333,0.016875,-0.4408333333333333,4.714679604184334,-1.6648712352275927,tracking,True,,False,False,-10.0,0.25312500000000004,-44.08333333333333,1500,1583,1626,1502,2000,2000,1000,1000,-10.0,5.0,15.0,20.0,100.0,100.0,0.03,0.25,3,1.0,1.0,60.0,1660,67.0
978,326455255416051,19.560008789005224,target_lost_or_stale,106338,5643069672698,True,,3.9234449760765546,4.148620761683262,0.0453125,-0.45416666666666666,4.732961444816191,-1.6121649921405152,106338,0.014028272998984903,3.9234449760765546,4.148620761683262,0.0453125,-0.45416666666666666,0.0153125,-0.4241666666666667,4.732961444816191,-1.6121649921405152,tracking,True,,False,False,-10.0,0.2296875,-42.41666666666667,1500,1583,1628,1502,2000,2000,1000,1000,-10.0,5.0,15.0,20.0,100.0,100.0,0.03,0.25,3,1.0,1.0,60.0,1660,67.0
979,326455275406625,19.579999362991657,target_lost_or_stale,106339,5643098033819,True,,3.9234449760765546,4.125510765861687,0.0453125,-0.42916666666666664,4.759523403701058,-1.5319715955662783,106339,0.0005048959865234792,3.9234449760765546,4.125510765861687,0.0453125,-0.42916666666666664,0.0153125,-0.39916666666666667,4.759523403701058,-1.5319715955662783,tracking,True,,False,False,-10.0,0.2296875,-39.916666666666664,1500,1583,1630,1502,2000,2000,1000,1000,-10.0,5.0,15.0,20.0,100.0,100.0,0.03,0.25,3,1.0,1.0,60.0,1660,67.0
980,326455295389631,19.59998236899264,target_lost_or_stale,106339,5643098033819,True,,3.9234449760765546,4.125510765861687,0.0453125,-0.42916666666666664,4.759523403701058,-1.5319715955662783,106339,0.02048790198750794,3.9234449760765546,4.125510765861687,0.0453125,-0.42916666666666664,0.0153125,-0.39916666666666667,4.759523403701058,-1.5319715955662783,tracking,True,,False,False,-10.0,0.2296875,-39.916666666666664,1500,1583,1630,1502,2000,2000,1000,1000,-10.0,5.0,15.0,20.0,100.0,100.0,0.03,0.25,3,1.0,1.0,60.0,1660,67.0
981,326455315421671,19.620014409010764,target_lost_or_stale,106340,5643130653037,True,,3.896103896103896,4.075261412032867,0.046875,-0.4041666666666667,4.784996242073836,-1.4504519858786316,106340,0.007108254008926451,3.896103896103896,4.075261412032867,0.046875,-0.4041666666666667,0.016875,-0.37416666666666665,4.784996242073836,-1.4504519858786316,tracking,True,,False,False,-10.0,0.25312500000000004,-37.416666666666664,1500,1583,1633,1502,2000,2000,1000,1000,-10.0,5.0,15.0,20.0,100.0,100.0,0.03,0.25,3,1.0,1.0,60.0,1660,67.0
982,326455335408027,19.64000076497905,target_lost_or_stale,106340,5643130653037,True,,3.896103896103896,4.075261412032867,0.046875,-0.4041666666666667,4.784996242073836,-1.4504519858786316,106340,0.027094609977211803,3.896103896103896,4.075261412032867,0.046875,-0.4041666666666667,0.016875,-0.37416666666666665,4.784996242073836,-1.4504519858786316,tracking,True,,False,False,-10.0,0.25312500000000004,-37.416666666666664,1500,1583,1633,1502,2000,2000,1000,1000,-10.0,5.0,15.0,20.0,100.0,100.0,0.03,0.25,3,1.0,1.0,60.0,1660,67.0
983,326455355410823,19.660003561002668,target_lost_or_stale,106341,5643164484262,True,,3.896103896103896,4.051114022223964,0.0453125,-0.375,4.813254700769495,-1.3537278845914205,106341,0.013569600007031113,3.896103896103896,4.051114022223964,0.0453125,-0.375,0.0153125,-0.345,4.813254700769495,-1.3537278845914205,tracking,True,,False,False,-10.0,0.2296875,-34.5,1500,1583,1636,1502,2000,2000,1000,1000,-10.0,5.0,15.0,20.0,100.0,100.0,0.03,0.25,3,1.0,1.0,60.0,1660,67.0
984,326455375387828,19.679980565968435,target_lost_or_stale,106342,5643196473406,True,,3.8694638694638694,4.002869389146675,0.0453125,-0.34791666666666665,4.838006075548222,-1.2624172103383642,106342,0.00015762599650770426,3.8694638694638694,4.002869389146675,0.0453125,-0.34791666666666665,0.0153125,-0.3179166666666666,4.838006075548222,-1.2624172103383642,tracking,True,,False,False,-10.0,0.2296875,-31.791666666666664,1500,1583,1638,1502,2000,2000,1000,1000,-10.0,5.0,15.0,20.0,100.0,100.0,0.03,0.25,3,1.0,1.0,60.0,1660,67.0
985,326455395401977,19.69999471498886,target_lost_or_stale,106342,5643196473406,True,,3.8694638694638694,4.002869389146675,0.0453125,-0.34791666666666665,4.838006075548222,-1.2624172103383642,106342,0.02017177501693368,3.8694638694638694,4.002869389146675,0.0453125,-0.34791666666666665,0.0153125,-0.3179166666666666,4.838006075548222,-1.2624172103383642,tracking,True,,False,False,-10.0,0.2296875,-31.791666666666664,1500,1583,1638,1502,2000,2000,1000,1000,-10.0,5.0,15.0,20.0,100.0,100.0,0.03,0.25,3,1.0,1.0,60.0,1660,67.0
986,326455415423836,19.72001657396322,target_lost_or_stale,106343,5643229285872,True,,3.843498273878021,3.9573059453474206,0.046875,-0.32083333333333336,4.861246187897626,-1.1697373639628663,106343,0.00676419900264591,3.843498273878021,3.9573059453474206,0.046875,-0.32083333333333336,0.016875,-0.2908333333333334,4.861246187897626,-1.1697373639628663,tracking,True,,False,False,-10.0,0.25312500000000004,-29.08333333333334,1500,1583,1641,1502,2000,2000,1000,1000,-10.0,5.0,15.0,20.0,100.0,100.0,0.03,0.25,3,1.0,1.0,60.0,1660,67.0
987,326455435391993,19.739984731015284,target_lost_or_stale,106343,5643229285872,True,,3.843498273878021,3.9573059453474206,0.046875,-0.32083333333333336,4.861246187897626,-1.1697373639628663,106343,0.02673235605470836,3.843498273878021,3.9573059453474206,0.046875,-0.32083333333333336,0.016875,-0.2908333333333334,4.861246187897626,-1.1697373639628663,tracking,True,,False,False,-10.0,0.25312500000000004,-29.08333333333334,1500,1583,1641,1502,2000,2000,1000,1000,-10.0,5.0,15.0,20.0,100.0,100.0,0.03,0.25,3,1.0,1.0,60.0,1660,67.0
988,326455455418340,19.760011077974923,target_lost_or_stale,106344,5643262460725,True,,3.8230692646849667,3.9185822536798725,0.0453125,-0.29375,4.882901914880142,-1.0757643281220313,106344,0.013092359993606806,3.8230692646849667,3.9185822536798725,0.0453125,-0.29375,0.0153125,-0.26375000000000004,4.882901914880142,-1.0757643281220313,tracking,True,,False,False,-10.0,0.2296875,-26.375000000000004,1500,1583,1644,1502,2000,2000,1000,1000,-10.0,5.0,15.0,20.0,100.0,100.0,0.03,0.25,3,1.0,1.0,60.0,1660,67.0
989,326455475397695,19.779990432958584,target_lost_or_stale,106344,5643262460725,True,,3.8230692646849667,3.9185822536798725,0.0453125,-0.29375,4.882901914880142,-1.0757643281220313,106344,0.03307171497726813,3.8230692646849667,3.9185822536798725,0.0453125,-0.29375,0.0153125,-0.26375000000000004,4.882901914880142,-1.0757643281220313,tracking,True,,False,False,-10.0,0.2296875,-26.375000000000004,1500,1583,1644,1502,2000,2000,1000,1000,-10.0,5.0,15.0,20.0,100.0,100.0,0.03,0.25,3,1.0,1.0,60.0,1660,67.0
990,326455495412654,19.80000539199682,target_lost_or_stale,106345,5643295297086,True,,3.8181818181818183,3.901184546249335,0.0453125,-0.27291666666666664,4.898438008479784,-1.0026490298607056,106345,0.019661127007566392,3.8181818181818183,3.901184546249335,0.0453125,-0.27291666666666664,0.0153125,-0.24291666666666664,4.898438008479784,-1.0026490298607056,tracking,True,,False,False,-10.0,0.2296875,-24.291666666666664,1500,1583,1646,1502,2000,2000,1000,1000,-10.0,5.0,15.0,20.0,100.0,100.0,0.03,0.25,3,1.0,1.0,60.0,1660,67.0
991,326455515397731,19.81999046896817,target_lost_or_stale,106346,5643328389979,True,,3.7730614509640725,3.8461791556685037,0.046875,-0.25625,4.910141646946683,-0.9436678477725657,106346,0.0061238890048116446,3.7730614509640725,3.8461791556685037,0.046875,-0.25625,0.016875,-0.22624999999999998,4.910141646946683,-0.9436678477725657,tracking,True,,False,False,-10.0,0.25312500000000004,-22.624999999999996,1500,1583,1648,1502,2000,2000,1000,1000,-10.0,5.0,15.0,20.0,100.0,100.0,0.03,0.25,3,1.0,1.0,60.0,1660,67.0
992,326455535386360,19.839979098003823,target_lost_or_stale,106346,5643328389979,True,,3.7730614509640725,3.8461791556685037,0.046875,-0.25625,4.910141646946683,-0.9436678477725657,106346,0.02611251804046333,3.7730614509640725,3.8461791556685037,0.046875,-0.25625,0.016875,-0.22624999999999998,4.910141646946683,-0.9436678477725657,tracking,True,,False,False,-10.0,0.25312500000000004,-22.624999999999996,1500,1583,1648,1502,2000,2000,1000,1000,-10.0,5.0,15.0,20.0,100.0,100.0,0.03,0.25,3,1.0,1.0,60.0,1660,67.0
993,326455555386319,19.85997905698605,target_lost_or_stale,106347,5643361312820,True,,3.7730614509640725,3.8372996208883348,0.0453125,-0.23958333333333334,4.921184523651603,-0.8842753440936475,106347,0.012673217977862805,3.7730614509640725,3.8372996208883348,0.0453125,-0.23958333333333334,0.0153125,-0.20958333333333334,4.921184523651603,-0.8842753440936475,tracking,True,,False,False,-10.0,0.2296875,-20.958333333333336,1500,1583,1649,1502,2000,2000,1000,1000,-10.0,5.0,15.0,20.0,100.0,100.0,0.03,0.25,3,1.0,1.0,60.0,1660,67.0
994,326455575395213,19.87998795096064,target_lost_or_stale,106347,5643361312820,True,,3.7730614509640725,3.8372996208883348,0.0453125,-0.23958333333333334,4.921184523651603,-0.8842753440936475,106347,0.03268211195245385,3.7730614509640725,3.8372996208883348,0.0453125,-0.23958333333333334,0.0153125,-0.20958333333333334,4.921184523651603,-0.8842753440936475,tracking,True,,False,False,-10.0,0.2296875,-20.958333333333336,1500,1583,1649,1502,2000,2000,1000,1000,-10.0,5.0,15.0,20.0,100.0,100.0,0.03,0.25,3,1.0,1.0,60.0,1660,67.0
995,326455595385427,19.899978164990898,target_lost_or_stale,106348,5643394240494,True,,3.748972321183886,3.8089961574803626,0.046875,-0.23125,4.926453721447336,-0.8544318173135225,106348,0.019217704015318304,3.748972321183886,3.8089961574803626,0.046875,-0.23125,0.016875,-0.20125,4.926453721447336,-0.8544318173135225,tracking,True,,False,False,-10.0,0.25312500000000004,-20.125,1500,1583,1650,1502,2000,2000,1000,1000,-10.0,5.0,15.0,20.0,100.0,100.0,0.03,0.25,3,1.0,1.0,60.0,1660,67.0
996,326455615392199,19.91998493700521,target_lost_or_stale,106349,5643427271508,True,,3.725463652362258,3.7821692085217746,0.046875,-0.225,4.930293853885607,-0.8319870878431962,106349,0.005805046996101737,3.725463652362258,3.7821692085217746,0.046875,-0.225,0.016875,-0.195,4.930293853885607,-0.8319870878431962,tracking,True,,False,False,-10.0,0.25312500000000004,-19.5,1500,1583,1651,1502,2000,2000,1000,1000,-10.0,5.0,15.0,20.0,100.0,100.0,0.03,0.25,3,1.0,1.0,60.0,1660,67.0
997,326455635397943,19.939990681014024,target_lost_or_stale,106349,5643427271508,True,,3.725463652362258,3.7821692085217746,0.046875,-0.225,4.930293853885607,-0.8319870878431962,106349,0.02581079100491479,3.725463652362258,3.7821692085217746,0.046875,-0.225,0.016875,-0.195,4.930293853885607,-0.8319870878431962,tracking,True,,False,False,-10.0,0.25312500000000004,-19.5,1500,1583,1651,1502,2000,2000,1000,1000,-10.0,5.0,15.0,20.0,100.0,100.0,0.03,0.25,3,1.0,1.0,60.0,1660,67.0
998,326455655383051,19.95997578901006,target_lost_or_stale,106350,5643460326865,True,,3.7025147137506687,3.757236756781746,0.0484375,-0.22083333333333333,4.932800328522046,-0.8169950544114639,106350,0.01229223603149876,3.7025147137506687,3.757236756781746,0.0484375,-0.22083333333333333,0.018437500000000002,-0.19083333333333333,4.932800328522046,-0.8169950544114639,tracking,True,,False,False,-10.0,0.27656250000000004,-19.083333333333332,1500,1583,1651,1502,2000,2000,1000,1000,-10.0,5.0,15.0,20.0,100.0,100.0,0.03,0.25,3,1.0,1.0,60.0,1660,67.0
999,326455675419754,19.98001249198569,target_lost_or_stale,106350,5643460326865,True,,3.7025147137506687,3.757236756781746,0.0484375,-0.22083333333333333,4.932800328522046,-0.8169950544114639,106350,0.03232893900712952,3.7025147137506687,3.757236756781746,0.0484375,-0.22083333333333333,0.018437500000000002,-0.19083333333333333,4.932800328522046,-0.8169950544114639,tracking,True,,False,False,-10.0,0.27656250000000004,-19.083333333333332,1500,1583,1651,1502,2000,2000,1000,1000,-10.0,5.0,15.0,20.0,100.0,100.0,0.03,0.25,3,1.0,1.0,60.0,1660,67.0
1000,326455695401289,19.999994026962668,target_lost_or_stale,106351,5643493647065,True,,3.6825396825396823,3.73391754321299,0.046875,-0.21458333333333332,4.936479108531925,-0.7944646065293568,106351,0.018905426957644522,3.6825396825396823,3.73391754321299,0.046875,-0.21458333333333332,0.016875,-0.18458333333333332,4.936479108531925,-0.7944646065293568,tracking,True,,False,False,-10.0,0.25312500000000004,-18.458333333333332,1500,1583,1652,1502,2000,2000,1000,1000,-10.0,5.0,15.0,20.0,100.0,100.0,0.03,0.25,3,1.0,1.0,60.0,1660,67.0
1001,326455715388759,20.019981496967375,target_lost_or_stale,106353,5643559197072,True,,3.6601307189542482,3.7047569248506207,0.05,-0.19791666666666666,4.945809655073894,-0.7341436206750314,106353,0.005399476969614625,3.6601307189542482,3.7047569248506207,0.05,-0.19791666666666666,0.020000000000000004,-0.16791666666666666,4.945809655073894,-0.7341436206750314,tracking,True,,False,False,-10.0,0.30000000000000004,-16.791666666666664,1500,1583,1653,1502,2000,2000,1000,1000,-10.0,5.0,15.0,20.0,100.0,100.0,0.03,0.25,3,1.0,1.0,60.0,1660,67.0
1002,326455735385630,20.03997836797498,target_lost_or_stale,106353,5643559197072,True,,3.6601307189542482,3.7047569248506207,0.05,-0.19791666666666666,4.945809655073894,-0.7341436206750314,106353,0.025396347977221012,3.6601307189542482,3.7047569248506207,0.05,-0.19791666666666666,0.020000000000000004,-0.16791666666666666,4.945809655073894,-0.7341436206750314,tracking,True,,False,False,-10.0,0.30000000000000004,-16.791666666666664,1500,1583,1653,1502,2000,2000,1000,1000,-10.0,5.0,15.0,20.0,100.0,100.0,0.03,0.25,3,1.0,1.0,60.0,1660,67.0
1003,326455755381267,20.059974004980177,target_lost_or_stale,106354,5643592458800,True,,3.6187068745208277,3.657731502894419,0.0484375,-0.18541666666666667,4.952344139812255,-0.6886853569426418,106354,0.011986968980636448,3.6187068745208277,3.657731502894419,0.0484375,-0.18541666666666667,0.018437500000000002,-0.15541666666666668,4.952344139812255,-0.6886853569426418,tracking,True,,False,False,-10.0,0.27656250000000004,-15.541666666666668,1500,1583,1655,1502,2000,2000,1000,1000,-10.0,5.0,15.0,20.0,100.0,100.0,0.03,0.25,3,1.0,1.0,60.0,1660,67.0
1004,326455775433557,20.08002629497787,target_lost_or_stale,106354,5643592458800,True,,3.6187068745208277,3.657731502894419,0.0484375,-0.18541666666666667,4.952344139812255,-0.6886853569426418,106354,0.0320392589783296,3.6187068745208277,3.657731502894419,0.0484375,-0.18541666666666667,0.018437500000000002,-0.15541666666666668,4.952344139812255,-0.6886853569426418,tracking,True,,False,False,-10.0,0.27656250000000004,-15.541666666666668,1500,1583,1655,1502,2000,2000,1000,1000,-10.0,5.0,15.0,20.0,100.0,100.0,0.03,0.25,3,1.0,1.0,60.0,1660,67.0
1005,326455795378254,20.099970992014278,target_lost_or_stale,106355,5643625634346,True,,3.5764235764235766,3.6093859014313745,0.05,-0.16875,4.96042958560317,-0.6278043694279012,106355,0.018484286032617092,3.5764235764235766,3.6093859014313745,0.05,-0.16875,0.020000000000000004,-0.13875,4.96042958560317,-0.6278043694279012,tracking,True,,False,False,-10.0,0.30000000000000004,-13.875000000000002,1500,1583,1656,1502,2000,2000,1000,1000,-10.0,5.0,15.0,20.0,100.0,100.0,0.03,0.25,3,1.0,1.0,60.0,1660,67.0
1006,326455815377671,20.119970408966765,target_lost_or_stale,106356,5643658254912,True,,3.555994567230522,3.581018128873665,0.05,-0.14375,4.971192057850328,-0.5359566437369885,106356,0.005079554975964129,3.555994567230522,3.581018128873665,0.05,-0.14375,0.020000000000000004,-0.11374999999999999,4.971192057850328,-0.5359566437369885,tracking,True,,False,False,-10.0,0.30000000000000004,-11.374999999999998,1500,1583,1659,1502,2000,2000,1000,1000,-10.0,5.0,15.0,20.0,100.0,100.0,0.03,0.25,3,1.0,1.0,60.0,1660,67.0
1007,326455835389090,20.139981827989686,target_lost_or_stale,106356,5643658254912,True,,3.555994567230522,3.581018128873665,0.05,-0.14375,4.971192057850328,-0.5359566437369885,106356,0.025090973998885602,3.555994567230522,3.581018128873665,0.05,-0.14375,0.020000000000000004,-0.11374999999999999,4.971192057850328,-0.5359566437369885,tracking,True,,False,False,-10.0,0.30000000000000004,-11.374999999999998,1500,1583,1659,1502,2000,2000,1000,1000,-10.0,5.0,15.0,20.0,100.0,100.0,0.03,0.25,3,1.0,1.0,60.0,1660,67.0
1008,326455855384581,20.159977319010068,target_lost_or_stale,106357,5643691335085,True,,3.536019536019536,3.5542096659932647,0.0515625,-0.11666666666666667,4.980968587480565,-0.4358347514045494,106357,0.011574764037504792,3.536019536019536,3.5542096659932647,0.0515625,-0.11666666666666667,0.0215625,-0.08666666666666667,4.980968587480565,-0.4358347514045494,tracking,True,,False,False,-10.0,0.3234375,-8.666666666666668,1500,1583,1662,1502,2000,2000,1000,1000,-10.0,5.0,15.0,20.0,100.0,100.0,0.03,0.25,3,1.0,1.0,60.0,1660,67.0
1009,326455875498906,20.180091643997002,target_lost_or_stale,106357,5643691335085,True,,3.536019536019536,3.5542096659932647,0.0515625,-0.11666666666666667,4.980968587480565,-0.4358347514045494,106357,0.031689089024439454,3.536019536019536,3.5542096659932647,0.0515625,-0.11666666666666667,0.0215625,-0.08666666666666667,4.980968587480565,-0.4358347514045494,tracking,True,,False,False,-10.0,0.3234375,-8.666666666666668,1500,1583,1662,1502,2000,2000,1000,1000,-10.0,5.0,15.0,20.0,100.0,100.0,0.03,0.25,3,1.0,1.0,60.0,1660,67.0
1010,326455895380073,20.199972810980398,target_lost_or_stale,106358,5643724167239,True,,3.536019536019536,3.547607429203982,0.0515625,-0.08333333333333333,4.990262892414443,-0.3118914307759027,106358,0.018178975966293365,3.536019536019536,3.547607429203982,0.0515625,-0.08333333333333333,0.0215625,-0.05333333333333333,4.990262892414443,-0.3118914307759027,tracking,True,,False,False,-10.0,0.3234375,-5.333333333333333,1500,1583,1665,1502,2000,2000,1000,1000,-10.0,5.0,15.0,20.0,100.0,100.0,0.03,0.25,3,1.0,1.0,60.0,1660,67.0
1011,326455915400093,20.219992831000127,target_lost_or_stale,106359,5643757230160,True,,3.4973721930243666,3.504081293132722,0.0515625,-0.04583333333333333,4.997048513877015,-0.17177354266452236,106359,0.004760250041726977,3.4973721930243666,3.504081293132722,0.0515625,-0.04583333333333333,0.0215625,-0.01583333333333333,4.997048513877015,-0.17177354266452236,tracking,True,,False,False,-10.0,0.3234375,-1.583333333333333,1500,1583,1669,1502,2000,2000,1000,1000,-10.0,5.0,15.0,20.0,100.0,100.0,0.03,0.25,3,1.0,1.0,60.0,1660,67.0
1012,326455935402895,20.239995632960927,target_lost_or_stale,106359,5643757230160,True,,3.4973721930243666,3.504081293132722,0.0515625,-0.04583333333333333,4.997048513877015,-0.17177354266452236,106359,0.02476305200252682,3.4973721930243666,3.504081293132722,0.0515625,-0.04583333333333333,0.0215625,-0.01583333333333333,4.997048513877015,-0.17177354266452236,tracking,True,,False,False,-10.0,0.3234375,-1.583333333333333,1500,1583,1669,1502,2000,2000,1000,1000,-10.0,5.0,15.0,20.0,100.0,100.0,0.03,0.25,3,1.0,1.0,60.0,1660,67.0
1013,326455955393560,20.259986297984142,target_lost_or_stale,106360,5643790206611,True,,3.4595605423094904,3.4644769561939537,0.053125,-0.00625,4.999945069264604,-0.023437242512177832,106360,0.011311160982586443,3.4595605423094904,3.4644769561939537,0.053125,-0.00625,0.023125,0.0,4.999945069264604,-0.023437242512177832,tracking,True,,False,False,-10.0,0.346875,0.0,1500,1583,1670,1503,2000,2000,1000,1000,-10.0,5.0,15.0,20.0,100.0,100.0,0.03,0.25,3,1.0,1.0,60.0,1660,67.0
1014,326455975402715,20.279995452961884,target_lost_or_stale,106360,5643790206611,True,,3.4595605423094904,3.4644769561939537,0.053125,-0.00625,4.999945069264604,-0.023437242512177832,106360,0.031320315960329026,3.4595605423094904,3.4644769561939537,0.053125,-0.00625,0.023125,0.0,4.999945069264604,-0.023437242512177832,tracking,True,,False,False,-10.0,0.346875,0.0,1500,1583,1670,1503,2000,2000,1000,1000,-10.0,5.0,15.0,20.0,100.0,100.0,0.03,0.25,3,1.0,1.0,60.0,1660,67.0
1015,326455995387469,20.299980206997134,target_lost_or_stale,106361,5643823199448,True,,3.42255776710135,3.4286104092808265,0.0546875,0.03125,4.998627274503971,0.11715532674618681,106361,0.01780627603875473,3.42255776710135,3.4286104092808265,0.0546875,0.03125,0.0246875,0.0012500000000000011,4.998627274503971,0.11715532674618681,tracking,True,,False,False,-10.0,0.37031250000000004,0.1250000000000001,1500,1583,1670,1503,2000,2000,1000,1000,-10.0,5.0,15.0,20.0,100.0,100.0,0.03,0.25,3,1.0,1.0,60.0,1660,67.0
1016,326456015393028,20.319985765963793,target_lost_or_stale,106362,5643856255210,True,,3.3863381858902573,3.395890127455912,0.0546875,0.06875,4.993366495887931,0.2574704599442214,106362,0.004331382981035858,3.3863381858902573,3.395890127455912,0.0546875,0.06875,0.0246875,0.03875000000000001,4.993366495887931,0.2574704599442214,tracking,True,,False,False,-10.0,0.37031250000000004,3.875000000000001,1500,1583,1674,1503,2000,2000,1000,1000,-10.0,5.0,15.0,20.0,100.0,100.0,0.03,0.25,3,1.0,1.0,60.0,1660,67.0
1017,326456035398293,20.339991030981764,target_lost_or_stale,106362,5643856255210,True,,3.3863381858902573,3.395890127455912,0.0546875,0.06875,4.993366495887931,0.2574704599442214,106362,0.024336647999007255,3.3863381858902573,3.395890127455912,0.0546875,0.06875,0.0246875,0.03875000000000001,4.993366495887931,0.2574704599442214,tracking,True,,False,False,-10.0,0.37031250000000004,3.875000000000001,1500,1583,1674,1503,2000,2000,1000,1000,-10.0,5.0,15.0,20.0,100.0,100.0,0.03,0.25,3,1.0,1.0,60.0,1660,67.0
1018,326456055421761,20.360014498990495,target_lost_or_stale,106363,5643889445916,True,,3.3684210526315788,3.3839936085019824,0.05625,0.10416666666666667,4.9848107067462175,0.38943833646454823,106363,0.010967893991619349,3.3684210526315788,3.3839936085019824,0.05625,0.10416666666666667,0.026250000000000002,0.07416666666666667,4.9848107067462175,0.38943833646454823,tracking,True,,False,False,-10.0,0.39375000000000004,7.416666666666667,1500,1583,1678,1503,2000,2000,1000,1000,-10.0,5.0,15.0,20.0,100.0,100.0,0.03,0.25,3,1.0,1.0,60.0,1660,67.0
1019,326456075429148,20.380021885968745,target_lost_or_stale,106363,5643889445916,True,,3.3684210526315788,3.3839936085019824,0.05625,0.10416666666666667,4.9848107067462175,0.38943833646454823,106363,0.030975280969869345,3.3684210526315788,3.3839936085019824,0.05625,0.10416666666666667,0.026250000000000002,0.07416666666666667,4.9848107067462175,0.38943833646454823,tracking,True,,False,False,-10.0,0.39375000000000004,7.416666666666667,1500,1583,1678,1503,2000,2000,1000,1000,-10.0,5.0,15.0,20.0,100.0,100.0,0.03,0.25,3,1.0,1.0,60.0,1660,67.0
1020,326456095385818,20.399978555971757,target_lost_or_stale,106364,5643922193085,True,,3.2989690721649483,3.321420061573433,0.0578125,0.13541666666666666,4.974410443272702,0.5052135606448838,106364,0.01747035898733884,3.2989690721649483,3.321420061573433,0.0578125,0.13541666666666666,0.027812500000000004,0.10541666666666666,4.974410443272702,0.5052135606448838,tracking,True,,False,False,-10.0,0.41718750000000004,10.541666666666666,1500,1583,1681,1503,2000,2000,1000,1000,-10.0,5.0,15.0,20.0,100.0,100.0,0.03,0.25,3,1.0,1.0,60.0,1660,67.0
1021,326456115397344,20.41999008198036,target_lost_or_stale,106365,5643955360386,True,,3.2653061224489797,3.2945912536352338,0.05625,0.1625,4.9632748316503,0.6048991201073803,106365,0.004067018977366388,3.2653061224489797,3.2945912536352338,0.05625,0.1625,0.026250000000000002,0.1325,4.9632748316503,0.6048991201073803,tracking,True,,False,False,-10.0,0.39375000000000004,13.25,1500,1583,1683,1503,2000,2000,1000,1000,-10.0,5.0,15.0,20.0,100.0,100.0,0.03,0.25,3,1.0,1.0,60.0,1660,67.0
1022,326456135391517,20.439984255004674,target_lost_or_stale,106365,5643955360386,True,,3.2653061224489797,3.2945912536352338,0.05625,0.1625,4.9632748316503,0.6048991201073803,106365,0.024061192001681775,3.2653061224489797,3.2945912536352338,0.05625,0.1625,0.026250000000000002,0.1325,4.9632748316503,0.6048991201073803,tracking,True,,False,False,-10.0,0.39375000000000004,13.25,1500,1583,1683,1503,2000,2000,1000,1000,-10.0,5.0,15.0,20.0,100.0,100.0,0.03,0.25,3,1.0,1.0,60.0,1660,67.0
1023,326456155387935,20.459980672982056,target_lost_or_stale,106366,5643988127055,True,,3.2323232323232323,3.2694716629138214,0.0578125,0.1875,4.951282894190173,0.696274156995493,106366,0.010549190978053957,3.2323232323232323,3.2694716629138214,0.0578125,0.1875,0.027812500000000004,0.1575,4.951282894190173,0.696274156995493,tracking,True,,False,False,-10.0,0.41718750000000004,15.75,1500,1583,1686,1503,2000,2000,1000,1000,-10.0,5.0,15.0,20.0,100.0,100.0,0.03,0.25,3,1.0,1.0,60.0,1660,67.0
1024,326456175403698,20.479996435984503,target_lost_or_stale,106366,5643988127055,True,,3.2323232323232323,3.2694716629138214,0.0578125,0.1875,4.951282894190173,0.696274156995493,106366,0.03056495398050174,3.2323232323232323,3.2694716629138214,0.0578125,0.1875,0.027812500000000004,0.1575,4.951282894190173,0.696274156995493,tracking,True,,False,False,-10.0,0.41718750000000004,15.75,1500,1583,1686,1503,2000,2000,1000,1000,-10.0,5.0,15.0,20.0,100.0,100.0,0.03,0.25,3,1.0,1.0,60.0,1660,67.0
1025,326456195398837,20.49999157496495,target_lost_or_stale,106367,5644021212153,True,,3.2,3.2436283695886003,0.059375,0.20625,4.941232025031137,0.764346828872004,106367,0.017178534995764494,3.2,3.2436283695886003,0.059375,0.20625,0.029375,0.17625,4.941232025031137,0.764346828872004,tracking,True,,False,False,-10.0,0.440625,17.625,1500,1583,1688,1503,2000,2000,1000,1000,-10.0,5.0,15.0,20.0,100.0,100.0,0.03,0.25,3,1.0,1.0,60.0,1660,67.0
1026,326456215396004,20.519988741958514,target_lost_or_stale,106368,5644054402934,True,,3.1527858668219766,3.2028362454728514,0.059375,0.225,4.930293853885607,0.8319870878431963,106368,0.0036856249789707363,3.1527858668219766,3.2028362454728514,0.059375,0.225,0.029375,0.195,4.930293853885607,0.8319870878431963,tracking,True,,False,False,-10.0,0.440625,19.5,1500,1583,1690,1503,2000,2000,1000,1000,-10.0,5.0,15.0,20.0,100.0,100.0,0.03,0.25,3,1.0,1.0,60.0,1660,67.0
1027,326456235406303,20.53999904100783,target_lost_or_stale,106368,5644054402934,True,,3.1527858668219766,3.2028362454728514,0.059375,0.225,4.930293853885607,0.8319870878431963,106368,0.023695924028288573,3.1527858668219766,3.2028362454728514,0.059375,0.225,0.029375,0.195,4.930293853885607,0.8319870878431963,tracking,True,,False,False,-10.0,0.440625,19.5,1500,1583,1690,1503,2000,2000,1000,1000,-10.0,5.0,15.0,20.0,100.0,100.0,0.03,0.25,3,1.0,1.0,60.0,1660,67.0
1028,326456255415661,20.560008399013896,target_lost_or_stale,106369,5644087208564,True,,3.1220255092328193,3.178591409213964,0.0609375,0.24166666666666667,4.919840790378292,0.8917211432560654,106369,0.010259946051519364,3.1220255092328193,3.178591409213964,0.0609375,0.24166666666666667,0.0309375,0.21166666666666667,4.919840790378292,0.8917211432560654,tracking,True,,False,False,-10.0,0.4640625,21.166666666666668,1500,1583,1691,1503,2000,2000,1000,1000,-10.0,5.0,15.0,20.0,100.0,100.0,0.03,0.25,3,1.0,1.0,60.0,1660,67.0
1029,326456275404237,20.57999697496416,target_lost_or_stale,106369,5644087208564,True,,3.1220255092328193,3.178591409213964,0.0609375,0.24166666666666667,4.919840790378292,0.8917211432560654,106369,0.030248522001784295,3.1220255092328193,3.178591409213964,0.0609375,0.24166666666666667,0.0309375,0.21166666666666667,4.919840790378292,0.8917211432560654,tracking,True,,False,False,-10.0,0.4640625,21.166666666666668,1500,1583,1691,1503,2000,2000,1000,1000,-10.0,5.0,15.0,20.0,100.0,100.0,0.03,0.25,3,1.0,1.0,60.0,1660,67.0
1030,326456295389692,20.59998242999427,target_lost_or_stale,106370,5644120404985,True,,3.076923076923077,3.1406634079461355,0.0609375,0.2604166666666667,4.907277115383399,0.9584525615983203,106370,0.01678143400931731,3.076923076923077,3.1406634079461355,0.0609375,0.2604166666666667,0.0309375,0.2304166666666667,4.907277115383399,0.9584525615983203,tracking,True,,False,False,-10.0,0.4640625,23.041666666666668,1500,1583,1693,1503,2000,2000,1000,1000,-10.0,5.0,15.0,20.0,100.0,100.0,0.03,0.25,3,1.0,1.0,60.0,1660,67.0
1031,326456315362345,20.61995508300606,target_lost_or_stale,106371,5644153150616,True,,3.0332434860736748,3.0581602211651684,0.0765625,0.1375,4.973623283126288,0.5129049010723985,106371,0.0032848400296643376,3.0332434860736748,3.0581602211651684,0.0765625,0.1375,0.04656250000000001,0.10750000000000001,4.973623283126288,0.5129049010723985,tracking,True,,False,False,-10.0,0.6984375,10.750000000000002,1500,1583,1681,1505,2000,2000,1000,1000,-10.0,5.0,15.0,20.0,100.0,100.0,0.03,0.25,3,1.0,1.0,60.0,1660,67.0
1032,326456335410762,20.640003499982413,target_lost_or_stale,106371,5644153150616,True,,3.0332434860736748,3.0581602211651684,0.0765625,0.1375,4.973623283126288,0.5129049010723985,106371,0.02333325700601563,3.0332434860736748,3.0581602211651684,0.0765625,0.1375,0.04656250000000001,0.10750000000000001,4.973623283126288,0.5129049010723985,tracking,True,,False,False,-10.0,0.6984375,10.750000000000002,1500,1583,1681,1505,2000,2000,1000,1000,-10.0,5.0,15.0,20.0,100.0,100.0,0.03,0.25,3,1.0,1.0,60.0,1660,67.0
1033,326456355388646,20.659981384000275,target_lost_or_stale,106372,5644186208686,True,,3.004761065067889,3.0279300284864434,0.1015625,0.09583333333333334,4.987134785956377,0.35845031274061456,106372,0.009905517043080181,3.004761065067889,3.0279300284864434,0.1015625,0.09583333333333334,0.0715625,0.06583333333333334,4.987134785956377,0.35845031274061456,tracking,True,,False,False,-10.0,1.0734375,6.583333333333334,1500,1583,1677,1508,2000,2000,1000,1000,-10.0,5.0,15.0,20.0,100.0,100.0,0.03,0.25,3,1.0,1.0,60.0,1660,67.0
1034,326456375391531,20.6799842689652,target_lost_or_stale,106372,5644186208686,True,,3.004761065067889,3.0279300284864434,0.1015625,0.09583333333333334,4.987134785956377,0.35845031274061456,106372,0.029908402008004487,3.004761065067889,3.0279300284864434,0.1015625,0.09583333333333334,0.0715625,0.06583333333333334,4.987134785956377,0.35845031274061456,tracking,True,,False,False,-10.0,1.0734375,6.583333333333334,1500,1583,1677,1508,2000,2000,1000,1000,-10.0,5.0,15.0,20.0,100.0,100.0,0.03,0.25,3,1.0,1.0,60.0,1660,67.0
1035,326456395384357,20.699977095006034,target_lost_or_stale,106373,5644219224677,True,,3.004761065067889,3.0331850591558442,0.1265625,0.07291666666666667,4.992539922462401,0.27302952700966254,106373,0.016358415014110506,3.004761065067889,3.0331850591558442,0.1265625,0.07291666666666667,0.0965625,0.04291666666666667,4.992539922462401,0.27302952700966254,tracking,True,,False,False,-10.0,1.4484374999999998,4.291666666666667,1500,1583,1674,1511,2000,2000,1000,1000,-10.0,5.0,15.0,20.0,100.0,100.0,0.03,0.25,3,1.0,1.0,60.0,1660,67.0
1036,326456415412677,20.720005414972547,target_lost_or_stale,106374,5644252336319,True,,3.004761065067889,3.0423821626080754,0.1484375,0.075,4.992108565563908,0.2808061068129698,106374,0.0029880969668738544,3.004761065067889,3.0423821626080754,0.1484375,0.075,0.1184375,0.045,4.992108565563908,0.2808061068129698,tracking,True,,False,False,-10.0,1.7765625,4.5,1500,1583,1675,1513,2000,2000,1000,1000,-10.0,5.0,15.0,20.0,100.0,100.0,0.03,0.25,3,1.0,1.0,60.0,1660,67.0
1037,326456435404793,20.739997530996334,target_lost_or_stale,106374,5644252336319,True,,3.004761065067889,3.0423821626080754,0.1484375,0.075,4.992108565563908,0.2808061068129698,106374,0.02298021299066022,3.004761065067889,3.0423821626080754,0.1484375,0.075,0.1184375,0.045,4.992108565563908,0.2808061068129698,tracking,True,,False,False,-10.0,1.7765625,4.5,1500,1583,1675,1513,2000,2000,1000,1000,-10.0,5.0,15.0,20.0,100.0,100.0,0.03,0.25,3,1.0,1.0,60.0,1660,67.0
1038,326456455384944,20.759977681969758,target_lost_or_stale,106375,5644285308936,True,,3.004761065067889,3.055222417287228,0.16875,0.09791666666666667,4.986571624729243,0.3662013536910538,106375,0.009476944978814572,3.004761065067889,3.055222417287228,0.16875,0.09791666666666667,0.13875,0.06791666666666667,4.986571624729243,0.3662013536910538,tracking,True,,False,False,-10.0,2.0812500000000003,6.791666666666667,1500,1583,1677,1516,2000,2000,1000,1000,-10.0,5.0,15.0,20.0,100.0,100.0,0.03,0.25,3,1.0,1.0,60.0,1660,67.0
1039,326456475417889,20.780010627000593,target_lost_or_stale,106375,5644285308936,True,,3.004761065067889,3.055222417287228,0.16875,0.09791666666666667,4.986571624729243,0.3662013536910538,106375,0.029509890009649098,3.004761065067889,3.055222417287228,0.16875,0.09791666666666667,0.13875,0.06791666666666667,4.986571624729243,0.3662013536910538,tracking,True,,False,False,-10.0,2.0812500000000003,6.791666666666667,1500,1583,1677,1516,2000,2000,1000,1000,-10.0,5.0,15.0,20.0,100.0,100.0,0.03,0.25,3,1.0,1.0,60.0,1660,67.0
1040,326456495391101,20.799983838980552,target_lost_or_stale,106376,5644318503435,True,,2.9906542056074765,3.057981913709607,0.1859375,0.13958333333333334,4.9728244874316,0.5205925635279955,106376,0.016071569989435375,2.9906542056074765,3.057981913709607,0.1859375,0.13958333333333334,0.1559375,0.10958333333333334,4.9728244874316,0.5205925635279955,tracking,True,,False,False,-10.0,2.3390625000000003,10.958333333333334,1500,1583,1681,1517,2000,2000,1000,1000,-10.0,5.0,15.0,20.0,100.0,100.0,0.03,0.25,3,1.0,1.0,60.0,1660,67.0
1041,326456515395850,20.81998858798761,target_lost_or_stale,106377,5644352070497,True,,2.9906542056074765,3.0800312848282894,0.2,0.19166666666666668,4.949126933088699,0.7114369966315005,106377,0.0025629110168665648,2.9906542056074765,3.0800312848282894,0.2,0.19166666666666668,0.17,0.16166666666666668,4.949126933088699,0.7114369966315005,tracking,True,,False,False,-10.0,2.5500000000000003,16.166666666666668,1500,1583,1686,1519,2000,2000,1000,1000,-10.0,5.0,15.0,20.0,100.0,100.0,0.03,0.25,3,1.0,1.0,60.0,1660,67.0
1042,326456535406974,20.839999712014105,target_lost_or_stale,106377,5644352070497,True,,2.9906542056074765,3.0800312848282894,0.2,0.19166666666666668,4.949126933088699,0.7114369966315005,106377,0.022574035043362528,2.9906542056074765,3.0800312848282894,0.2,0.19166666666666668,0.17,0.16166666666666668,4.949126933088699,0.7114369966315005,tracking,True,,False,False,-10.0,2.5500000000000003,16.166666666666668,1500,1583,1686,1519,2000,2000,1000,1000,-10.0,5.0,15.0,20.0,100.0,100.0,0.03,0.25,3,1.0,1.0,60.0,1660,67.0
1043,326456555383029,20.85997576697264,target_lost_or_stale,106378,5644384939807,True,,2.9768085842852194,3.0941566288713696,0.2140625,0.24791666666666667,4.91574658212602,0.9140216301140568,106378,0.009161454974673688,2.9768085842852194,3.0941566288713696,0.2140625,0.24791666666666667,0.1840625,0.21791666666666668,4.91574658212602,0.9140216301140568,tracking,True,,False,False,-10.0,2.7609375,21.791666666666668,1500,1583,1692,1521,2000,2000,1000,1000,-10.0,5.0,15.0,20.0,100.0,100.0,0.03,0.25,3,1.0,1.0,60.0,1660,67.0
1044,326456575413687,20.88000642496627,target_lost_or_stale,106378,5644384939807,True,,2.9768085842852194,3.0941566288713696,0.2140625,0.24791666666666667,4.91574658212602,0.9140216301140568,106378,0.029192112968303263,2.9768085842852194,3.0941566288713696,0.2140625,0.24791666666666667,0.1840625,0.21791666666666668,4.91574658212602,0.9140216301140568,tracking,True,,False,False,-10.0,2.7609375,21.791666666666668,1500,1583,1692,1521,2000,2000,1000,1000,-10.0,5.0,15.0,20.0,100.0,100.0,0.03,0.25,3,1.0,1.0,60.0,1660,67.0
1045,326456595380117,20.89997285499703,target_lost_or_stale,106379,5644418113441,True,,2.962962962962963,3.1113453395072566,0.225,0.30416666666666664,4.874764821477847,1.112055724899634,106379,0.01569089200347662,2.962962962962963,3.1113453395072566,0.225,0.30416666666666664,0.195,0.27416666666666667,4.874764821477847,1.112055724899634,tracking,True,,False,False,-10.0,2.9250000000000003,27.416666666666668,1500,1583,1698,1522,2000,2000,1000,1000,-10.0,5.0,15.0,20.0,100.0,100.0,0.03,0.25,3,1.0,1.0,60.0,1660,67.0
1046,326456615385843,20.91997858096147,target_lost_or_stale,106380,5644451014082,True,,2.9357798165137616,3.11353020933593,0.2328125,0.3541666666666667,4.8324256346324805,1.2836130591992527,106380,0.0022686209995299578,2.9357798165137616,3.11353020933593,0.2328125,0.3541666666666667,0.2028125,0.3241666666666667,4.8324256346324805,1.2836130591992527,tracking,True,,False,False,-10.0,3.0421875000000003,32.41666666666667,1500,1583,1703,1523,2000,2000,1000,1000,-10.0,5.0,15.0,20.0,100.0,100.0,0.03,0.25,3,1.0,1.0,60.0,1660,67.0
1047,326456635416792,20.940009529993404,target_lost_or_stale,106380,5644451014082,True,,2.9357798165137616,3.11353020933593,0.2328125,0.3541666666666667,4.8324256346324805,1.2836130591992527,106380,0.0222995700314641,2.9357798165137616,3.11353020933593,0.2328125,0.3541666666666667,0.2028125,0.3241666666666667,4.8324256346324805,1.2836130591992527,tracking,True,,False,False,-10.0,3.0421875000000003,32.41666666666667,1500,1583,1703,1523,2000,2000,1000,1000,-10.0,5.0,15.0,20.0,100.0,100.0,0.03,0.25,3,1.0,1.0,60.0,1660,67.0
1048,326456655392043,20.959984780987725,target_lost_or_stale,106381,5644484479724,True,,2.883116883116883,3.080728484720154,0.2375,0.38958333333333334,4.799327541339104,1.4023035159850195,106381,0.008808757993392646,2.883116883116883,3.080728484720154,0.2375,0.38958333333333334,0.2075,0.35958333333333337,4.799327541339104,1.4023035159850195,tracking,True,,False,False,-10.0,3.1125,35.958333333333336,1500,1583,1706,1523,2000,2000,1000,1000,-10.0,5.0,15.0,20.0,100.0,100.0,0.03,0.25,3,1.0,1.0,60.0,1660,67.0
1049,326456675409116,20.98000185401179,target_lost_or_stale,106381,5644484479724,True,,2.883116883116883,3.080728484720154,0.2375,0.38958333333333334,4.799327541339104,1.4023035159850195,106381,0.02882583101745695,2.883116883116883,3.080728484720154,0.2375,0.38958333333333334,0.2075,0.35958333333333337,4.799327541339104,1.4023035159850195,tracking,True,,False,False,-10.0,3.1125,35.958333333333336,1500,1583,1706,1523,2000,2000,1000,1000,-10.0,5.0,15.0,20.0,100.0,100.0,0.03,0.25,3,1.0,1.0,60.0,1660,67.0
1050,326456695410160,21.000002897984814,target_lost_or_stale,106382,5644517128948,True,,2.8445006321112514,3.052215974950352,0.2359375,0.4125,4.776630186028911,1.4777699638026944,106382,0.015421872027218342,2.8445006321112514,3.052215974950352,0.2359375,0.4125,0.2059375,0.38249999999999995,4.776630186028911,1.4777699638026944,tracking,True,,False,False,-10.0,3.0890625,38.24999999999999,1500,1583,1708,1523,2000,2000,1000,1000,-10.0,5.0,15.0,20.0,100.0,100.0,0.03,0.25,3,1.0,1.0,60.0,1660,67.0
1051,326456715403033,21.01999577099923,target_lost_or_stale,106383,5644550795009,True,,2.8194379754696475,3.024999183441446,0.23125,0.4166666666666667,4.772399890175148,1.4913749656797337,106383,0.0019338109996169806,2.8194379754696475,3.024999183441446,0.23125,0.4166666666666667,0.20125,0.3866666666666667,4.772399890175148,1.4913749656797337,tracking,True,,False,False,-10.0,3.0187500000000003,38.66666666666667,1500,1583,1709,1523,2000,2000,1000,1000,-10.0,5.0,15.0,20.0,100.0,100.0,0.03,0.25,3,1.0,1.0,60.0,1660,67.0
1052,326456735407915,21.040000653010793,target_lost_or_stale,106383,5644550795009,True,,2.8194379754696475,3.024999183441446,0.23125,0.4166666666666667,4.772399890175148,1.4913749656797337,106383,0.021938693011179566,2.8194379754696475,3.024999183441446,0.23125,0.4166666666666667,0.20125,0.3866666666666667,4.772399890175148,1.4913749656797337,tracking,True,,False,False,-10.0,3.0187500000000003,38.66666666666667,1500,1583,1709,1523,2000,2000,1000,1000,-10.0,5.0,15.0,20.0,100.0,100.0,0.03,0.25,3,1.0,1.0,60.0,1660,67.0
1053,326456755377245,21.05996998300543,target_lost_or_stale,106384,5644584260536,True,,2.7948131197559114,2.9818094930986505,0.221875,0.39791666666666664,4.791186931486364,1.4298698498654618,106384,0.008462361991405487,2.7948131197559114,2.9818094930986505,0.221875,0.39791666666666664,0.191875,0.36791666666666667,4.791186931486364,1.4298698498654618,tracking,True,,False,False,-10.0,2.878125,36.791666666666664,1500,1583,1707,1521,2000,2000,1000,1000,-10.0,5.0,15.0,20.0,100.0,100.0,0.03,0.25,3,1.0,1.0,60.0,1660,67.0
1054,326456775402226,21.07999496400589,target_lost_or_stale,106384,5644584260536,True,,2.7948131197559114,2.9818094930986505,0.221875,0.39791666666666664,4.791186931486364,1.4298698498654618,106384,0.02848734299186617,2.7948131197559114,2.9818094930986505,0.221875,0.39791666666666664,0.191875,0.36791666666666667,4.791186931486364,1.4298698498654618,tracking,True,,False,False,-10.0,2.878125,36.791666666666664,1500,1583,1707,1521,2000,2000,1000,1000,-10.0,5.0,15.0,20.0,100.0,100.0,0.03,0.25,3,1.0,1.0,60.0,1660,67.0
1055,326456795408178,21.100000915990677,target_lost_or_stale,106385,5644617159675,True,,2.7948131197559114,2.9519470679046713,0.20625,0.36041666666666666,4.826765621571737,1.3047350820811103,106385,0.014986291993409395,2.7948131197559114,2.9519470679046713,0.20625,0.36041666666666666,0.17625,0.3304166666666667,4.826765621571737,1.3047350820811103,tracking,True,,False,False,-10.0,2.64375,33.04166666666667,1500,1583,1703,1520,2000,2000,1000,1000,-10.0,5.0,15.0,20.0,100.0,100.0,0.03,0.25,3,1.0,1.0,60.0,1660,67.0
1056,326456815399356,21.119992093998007,target_lost_or_stale,106386,5644650402819,True,,2.7948131197559114,2.9149051993064696,0.1890625,0.30416666666666664,4.874764821477847,1.112055724899634,106386,0.0015229100245051086,2.7948131197559114,2.9149051993064696,0.1890625,0.30416666666666664,0.1590625,0.27416666666666667,4.874764821477847,1.112055724899634,tracking,True,,False,False,-10.0,2.3859375,27.416666666666668,1500,1583,1698,1518,2000,2000,1000,1000,-10.0,5.0,15.0,20.0,100.0,100.0,0.03,0.25,3,1.0,1.0,60.0,1660,67.0
1057,326456835403795,21.139996532991063,target_lost_or_stale,106386,5644650402819,True,,2.7948131197559114,2.9149051993064696,0.1890625,0.30416666666666664,4.874764821477847,1.112055724899634,106386,0.021527349017560482,2.7948131197559114,2.9149051993064696,0.1890625,0.30416666666666664,0.1590625,0.27416666666666667,4.874764821477847,1.112055724899634,tracking,True,,False,False,-10.0,2.3859375,27.416666666666668,1500,1583,1698,1518,2000,2000,1000,1000,-10.0,5.0,15.0,20.0,100.0,100.0,0.03,0.25,3,1.0,1.0,60.0,1660,67.0
1058,326456855390991,21.15998372901231,target_lost_or_stale,106387,5644681319092,True,,2.8194379754696475,2.8993538985823633,0.1671875,0.22916666666666666,4.927744453798766,0.8469560779966631,106387,0.008060315041802824,2.8194379754696475,2.8993538985823633,0.1671875,0.22916666666666666,0.1371875,0.19916666666666666,4.927744453798766,0.8469560779966631,tracking,True,,False,False,-10.0,2.0578125,19.916666666666664,1500,1583,1690,1515,2000,2000,1000,1000,-10.0,5.0,15.0,20.0,100.0,100.0,0.03,0.25,3,1.0,1.0,60.0,1660,67.0
1059,326456875396804,21.1799895419972,target_lost_or_stale,106387,5644681319092,True,,2.8194379754696475,2.8993538985823633,0.1671875,0.22916666666666666,4.927744453798766,0.8469560779966631,106387,0.02806612802669406,2.8194379754696475,2.8993538985823633,0.1671875,0.22916666666666666,0.1371875,0.19916666666666666,4.927744453798766,0.8469560779966631,tracking,True,,False,False,-10.0,2.0578125,19.916666666666664,1500,1583,1690,1515,2000,2000,1000,1000,-10.0,5.0,15.0,20.0,100.0,100.0,0.03,0.25,3,1.0,1.0,60.0,1660,67.0
1060,326456895404339,21.199997076997533,target_lost_or_stale,106388,5644717197129,True,,2.8445006321112514,2.891163950299832,0.1453125,0.14583333333333334,4.970358458771878,0.5436329564281743,106388,0.014602545998059213,2.8445006321112514,2.891163950299832,0.1453125,0.14583333333333334,0.11531250000000001,0.11583333333333334,4.970358458771878,0.5436329564281743,tracking,True,,False,False,-10.0,1.7296875000000003,11.583333333333334,1500,1583,1682,1513,2000,2000,1000,1000,-10.0,5.0,15.0,20.0,100.0,100.0,0.03,0.25,3,1.0,1.0,60.0,1660,67.0
1061,326456915394412,21.21998714999063,target_lost_or_stale,106389,5644747339254,True,,2.895986895986896,2.919972478023385,0.121875,0.05625,4.995556467630154,0.2107500384781471,106389,0.0010831169784069061,2.895986895986896,2.919972478023385,0.121875,0.05625,0.091875,0.026250000000000002,4.995556467630154,0.2107500384781471,tracking,True,,False,False,-10.0,1.378125,2.6250000000000004,1500,1583,1673,1510,2000,2000,1000,1000,-10.0,5.0,15.0,20.0,100.0,100.0,0.03,0.25,3,1.0,1.0,60.0,1660,67.0
1062,326456935398128,21.23999086598633,target_lost_or_stale,106389,5644747339254,True,,2.895986895986896,2.919972478023385,0.121875,0.05625,4.995556467630154,0.2107500384781471,106389,0.021086832974106073,2.895986895986896,2.919972478023385,0.121875,0.05625,0.091875,0.026250000000000002,4.995556467630154,0.2107500384781471,tracking,True,,False,False,-10.0,1.378125,2.6250000000000004,1500,1583,1673,1510,2000,2000,1000,1000,-10.0,5.0,15.0,20.0,100.0,100.0,0.03,0.25,3,1.0,1.0,60.0,1660,67.0
1063,326456955389093,21.259981831011828,target_lost_or_stale,106390,5644780376305,True,,2.909090909090909,2.924292667177105,0.1,-0.029166666666666667,4.998804140098626,-0.10934884056465742,106390,0.00762340403161943,2.909090909090909,2.924292667177105,0.1,-0.029166666666666667,0.07,0.0,4.998804140098626,-0.10934884056465742,tracking,True,,False,False,-10.0,1.05,0.0,1500,1583,1670,1508,2000,2000,1000,1000,-10.0,5.0,15.0,20.0,100.0,100.0,0.03,0.25,3,1.0,1.0,60.0,1660,67.0
1064,326456975399765,21.27999250299763,target_lost_or_stale,106390,5644780376305,True,,2.909090909090909,2.924292667177105,0.1,-0.029166666666666667,4.998804140098626,-0.10934884056465742,106390,0.02763407601742074,2.909090909090909,2.924292667177105,0.1,-0.029166666666666667,0.07,0.0,4.998804140098626,-0.10934884056465742,tracking,True,,False,False,-10.0,1.05,0.0,1500,1583,1670,1508,2000,2000,1000,1000,-10.0,5.0,15.0,20.0,100.0,100.0,0.03,0.25,3,1.0,1.0,60.0,1660,67.0
1065,326456995413722,21.300006459990982,target_lost_or_stale,106391,5644813339634,True,,2.909090909090909,2.927163323760214,0.0765625,-0.10833333333333334,4.9835773604761595,-0.40491566053868794,106391,0.014188606000971049,2.909090909090909,2.927163323760214,0.0765625,-0.10833333333333334,0.04656250000000001,-0.07833333333333334,4.9835773604761595,-0.40491566053868794,tracking,True,,False,False,-10.0,0.6984375,-7.833333333333334,1500,1583,1662,1505,2000,2000,1000,1000,-10.0,5.0,15.0,20.0,100.0,100.0,0.03,0.25,3,1.0,1.0,60.0,1660,67.0
1066,326457015390576,21.319983313966077,target_lost_or_stale,106392,5644846713164,True,,2.909090909090909,2.9377635278310854,0.0546875,-0.17291666666666666,4.958475942932437,-0.6430523488490505,106392,0.0007558710058219731,2.909090909090909,2.9377635278310854,0.0546875,-0.17291666666666666,0.0246875,-0.14291666666666666,4.958475942932437,-0.6430523488490505,tracking,True,,False,False,-10.0,0.37031250000000004,-14.291666666666666,1500,1583,1656,1503,2000,2000,1000,1000,-10.0,5.0,15.0,20.0,100.0,100.0,0.03,0.25,3,1.0,1.0,60.0,1660,67.0
1067,326457035392376,21.33998511399841,target_lost_or_stale,106392,5644846713164,True,,2.909090909090909,2.9377635278310854,0.0546875,-0.17291666666666666,4.958475942932437,-0.6430523488490505,106392,0.020757671038154513,2.909090909090909,2.9377635278310854,0.0546875,-0.17291666666666666,0.0246875,-0.14291666666666666,4.958475942932437,-0.6430523488490505,tracking,True,,False,False,-10.0,0.37031250000000004,-14.291666666666666,1500,1583,1656,1503,2000,2000,1000,1000,-10.0,5.0,15.0,20.0,100.0,100.0,0.03,0.25,3,1.0,1.0,60.0,1660,67.0
1068,326457055406807,21.359999544976745,target_lost_or_stale,106393,5644879436345,True,,2.8700128700128698,2.9112291026783583,0.03125,-0.22291666666666668,4.931552469741065,-0.8244939285348343,106393,0.00721424596849829,2.8700128700128698,2.9112291026783583,0.03125,-0.22291666666666668,0.0012500000000000011,-0.19291666666666668,4.931552469741065,-0.8244939285348343,tracking,True,,False,False,-10.0,0.018750000000000017,-19.291666666666668,1500,1583,1651,1500,2000,2000,1000,1000,-10.0,5.0,15.0,20.0,100.0,100.0,0.03,0.25,3,1.0,1.0,60.0,1660,67.0
1069,326457075395367,21.37998810497811,target_lost_or_stale,106393,5644879436345,True,,2.8700128700128698,2.9112291026783583,0.03125,-0.22291666666666668,4.931552469741065,-0.8244939285348343,106393,0.02720280596986413,2.8700128700128698,2.9112291026783583,0.03125,-0.22291666666666668,0.0012500000000000011,-0.19291666666666668,4.931552469741065,-0.8244939285348343,tracking,True,,False,False,-10.0,0.018750000000000017,-19.291666666666668,1500,1583,1651,1500,2000,2000,1000,1000,-10.0,5.0,15.0,20.0,100.0,100.0,0.03,0.25,3,1.0,1.0,60.0,1660,67.0
1070,326457095410435,21.400003172981087,target_lost_or_stale,106394,5644913782785,True,,2.8573706449812644,2.9080757806698743,0.0078125,-0.2520833333333333,4.912964877673321,-0.9288574221851124,106394,0.013873949006665498,2.8573706449812644,2.9080757806698743,0.0078125,-0.2520833333333333,0.0,-0.22208333333333333,4.912964877673321,-0.9288574221851124,tracking,True,,False,False,-10.0,0.0,-22.208333333333332,1500,1583,1648,1500,2000,2000,1000,1000,-10.0,5.0,15.0,20.0,100.0,100.0,0.03,0.25,3,1.0,1.0,60.0,1660,67.0
1071,326457115388817,21.41998155496549,target_lost_or_stale,106395,5644945356292,True,,2.8573706449812644,2.9134275457014116,-0.015625,-0.26458333333333334,4.904371511002099,-0.973211221714479,106395,0.00027457199757918715,2.8573706449812644,2.9134275457014116,-0.015625,-0.26458333333333334,0.0,-0.23458333333333334,4.904371511002099,-0.973211221714479,tracking,True,,False,False,-10.0,0.0,-23.458333333333332,1500,1583,1647,1500,2000,2000,1000,1000,-10.0,5.0,15.0,20.0,100.0,100.0,0.03,0.25,3,1.0,1.0,60.0,1660,67.0
1072,326457135369454,21.43996219197288,target_lost_or_stale,106395,5644945356292,True,,2.8573706449812644,2.9134275457014116,-0.015625,-0.26458333333333334,4.904371511002099,-0.973211221714479,106395,0.02025520900497213,2.8573706449812644,2.9134275457014116,-0.015625,-0.26458333333333334,0.0,-0.23458333333333334,4.904371511002099,-0.973211221714479,tracking,True,,False,False,-10.0,0.0,-23.458333333333332,1500,1583,1647,1500,2000,2000,1000,1000,-10.0,5.0,15.0,20.0,100.0,100.0,0.03,0.25,3,1.0,1.0,60.0,1660,67.0
1073,326457155382179,21.45997491700109,target_lost_or_stale,106396,5644978582611,True,,2.8573706449812644,2.9118021700005463,-0.0390625,-0.25625,4.910141646946684,-0.9436678477725658,106396,0.006896523991599679,2.8573706449812644,2.9118021700005463,-0.0390625,-0.25625,-0.009062500000000001,-0.22624999999999998,4.910141646946684,-0.9436678477725658,tracking,True,,False,False,-10.0,-0.13593750000000002,-22.624999999999996,1500,1583,1648,1499,2000,2000,1000,1000,-10.0,5.0,15.0,20.0,100.0,100.0,0.03,0.25,3,1.0,1.0,60.0,1660,67.0
1074,326457175385069,21.479977806971874,target_lost_or_stale,106396,5644978582611,True,,2.8573706449812644,2.9118021700005463,-0.0390625,-0.25625,4.910141646946684,-0.9436678477725658,106396,0.026899413962382823,2.8573706449812644,2.9118021700005463,-0.0390625,-0.25625,-0.009062500000000001,-0.22624999999999998,4.910141646946684,-0.9436678477725658,tracking,True,,False,False,-10.0,-0.13593750000000002,-22.624999999999996,1500,1583,1648,1499,2000,2000,1000,1000,-10.0,5.0,15.0,20.0,100.0,100.0,0.03,0.25,3,1.0,1.0,60.0,1660,67.0
1075,326457195402599,21.499995336984284,target_lost_or_stale,106397,5645011330966,True,,2.8573706449812644,2.9065228514214096,-0.059375,-0.23541666666666666,4.923840323182154,-0.8693655570618491,106397,0.013473143975716084,2.8573706449812644,2.9065228514214096,-0.059375,-0.23541666666666666,-0.029375,-0.20541666666666666,4.923840323182154,-0.8693655570618491,tracking,True,,False,False,-10.0,-0.440625,-20.541666666666668,1500,1583,1650,1497,2000,2000,1000,1000,-10.0,5.0,15.0,20.0,100.0,100.0,0.03,0.25,3,1.0,1.0,60.0,1660,67.0
1076,326457215445754,21.52003849198809,target_lost_or_stale,106398,5645044712422,True,,2.8573706449812644,2.8989416977295988,-0.0765625,-0.20416666666666666,4.942392925659053,-0.7568039167415426,106398,7.296801777556539e-05,2.8573706449812644,2.8989416977295988,-0.0765625,-0.20416666666666666,-0.04656250000000001,-0.17416666666666666,4.942392925659053,-0.7568039167415426,tracking,True,,False,False,-10.0,-0.6984375,-17.416666666666668,1500,1583,1653,1495,2000,2000,1000,1000,-10.0,5.0,15.0,20.0,100.0,100.0,0.03,0.25,3,1.0,1.0,60.0,1660,67.0
1077,326457235396901,21.539989638957195,target_lost_or_stale,106398,5645044712422,True,,2.8573706449812644,2.8989416977295988,-0.0765625,-0.20416666666666666,4.942392925659053,-0.7568039167415426,106398,0.020024114986881614,2.8573706449812644,2.8989416977295988,-0.0765625,-0.20416666666666666,-0.04656250000000001,-0.17416666666666666,4.942392925659053,-0.7568039167415426,tracking,True,,False,False,-10.0,-0.6984375,-17.416666666666668,1500,1583,1653,1495,2000,2000,1000,1000,-10.0,5.0,15.0,20.0,100.0,100.0,0.03,0.25,3,1.0,1.0,60.0,1660,67.0
1078,326457255385737,21.55997847497929,target_lost_or_stale,106399,5645077966116,True,,2.8573706449812644,2.8916302014483573,-0.0921875,-0.16666666666666666,4.9613893835683385,-0.6201736729460423,106399,0.006531274004373699,2.8573706449812644,2.8916302014483573,-0.0921875,-0.16666666666666666,-0.06218750000000001,-0.13666666666666666,4.9613893835683385,-0.6201736729460423,tracking,True,,False,False,-10.0,-0.9328125,-13.666666666666666,1500,1583,1657,1493,2000,2000,1000,1000,-10.0,5.0,15.0,20.0,100.0,100.0,0.03,0.25,3,1.0,1.0,60.0,1660,67.0
1079,326457275419891,21.58001262898324,target_lost_or_stale,106399,5645077966116,True,,2.8573706449812644,2.8916302014483573,-0.0921875,-0.16666666666666666,4.9613893835683385,-0.6201736729460423,106399,0.026565428008325398,2.8573706449812644,2.8916302014483573,-0.0921875,-0.16666666666666666,-0.06218750000000001,-0.13666666666666666,4.9613893835683385,-0.6201736729460423,tracking,True,,False,False,-10.0,-0.9328125,-13.666666666666666,1500,1583,1657,1493,2000,2000,1000,1000,-10.0,5.0,15.0,20.0,100.0,100.0,0.03,0.25,3,1.0,1.0,60.0,1660,67.0
1080,326457295420195,21.600012932962272,target_lost_or_stale,106400,5645110786494,True,,2.8573706449812644,2.8876258379521245,-0.10625,-0.13333333333333333,4.975185951049946,-0.4975185951049946,106400,0.013095220958348364,2.8573706449812644,2.8876258379521245,-0.10625,-0.13333333333333333,-0.07625,-0.10333333333333333,4.975185951049946,-0.4975185951049946,tracking,True,,False,False,-10.0,-1.14375,-10.333333333333334,1500,1583,1660,1491,2000,2000,1000,1000,-10.0,5.0,15.0,20.0,100.0,100.0,0.03,0.25,3,1.0,1.0,60.0,1660,67.0
1081,326457315420491,21.620013228966855,target_lost_or_stale,106400,5645110786494,True,,2.8573706449812644,2.8876258379521245,-0.10625,-0.13333333333333333,4.975185951049946,-0.4975185951049946,106400,0.03309551696293056,2.8573706449812644,2.8876258379521245,-0.10625,-0.13333333333333333,-0.07625,-0.10333333333333333,4.975185951049946,-0.4975185951049946,tracking,True,,False,False,-10.0,-1.14375,-10.333333333333334,1500,1583,1660,1491,2000,2000,1000,1000,-10.0,5.0,15.0,20.0,100.0,100.0,0.03,0.25,3,1.0,1.0,60.0,1660,67.0
1082,326457335388889,21.639981626998633,target_lost_or_stale,106401,5645144007288,True,,2.844950213371266,2.8720103813142854,-0.1140625,-0.10416666666666667,4.9848107067462175,-0.38943833646454823,106401,0.01958656799979508,2.844950213371266,2.8720103813142854,-0.1140625,-0.10416666666666667,-0.0840625,-0.07416666666666667,4.9848107067462175,-0.38943833646454823,tracking,True,,False,False,-10.0,-1.2609375,-7.416666666666667,1500,1583,1663,1491,2000,2000,1000,1000,-10.0,5.0,15.0,20.0,100.0,100.0,0.03,0.25,3,1.0,1.0,60.0,1660,67.0
1083,326457355404890,21.659997628012206,target_lost_or_stale,106402,5645176913426,True,,2.807881773399015,2.8343720521284346,-0.121875,-0.08541666666666667,4.989771462956044,-0.3196572343456216,106402,0.006183584046084434,2.807881773399015,2.8343720521284346,-0.121875,-0.08541666666666667,-0.091875,-0.05541666666666667,4.989771462956044,-0.3196572343456216,tracking,True,,False,False,-10.0,-1.378125,-5.541666666666667,1500,1583,1665,1490,2000,2000,1000,1000,-10.0,5.0,15.0,20.0,100.0,100.0,0.03,0.25,3,1.0,1.0,60.0,1660,67.0
1084,326457375409771,21.68000250897603,target_lost_or_stale,106402,5645176913426,True,,2.807881773399015,2.8343720521284346,-0.121875,-0.08541666666666667,4.989771462956044,-0.3196572343456216,106402,0.026188465009909123,2.807881773399015,2.8343720521284346,-0.121875,-0.08541666666666667,-0.091875,-0.05541666666666667,4.989771462956044,-0.3196572343456216,tracking,True,,False,False,-10.0,-1.378125,-5.541666666666667,1500,1583,1665,1490,2000,2000,1000,1000,-10.0,5.0,15.0,20.0,100.0,100.0,0.03,0.25,3,1.0,1.0,60.0,1660,67.0
1085,326457395365382,21.699958120007068,target_lost_or_stale,106403,5645210143706,True,,2.7718614069296534,2.798816223749596,-0.1265625,-0.07916666666666666,4.991209758397982,-0.2963530794048802,106403,0.01269863999914378,2.7718614069296534,2.798816223749596,-0.1265625,-0.07916666666666666,-0.0965625,-0.049166666666666664,4.991209758397982,-0.2963530794048802,tracking,True,,False,False,-10.0,-1.4484374999999998,-4.916666666666666,1500,1583,1665,1489,2000,2000,1000,1000,-10.0,5.0,15.0,20.0,100.0,100.0,0.03,0.25,3,1.0,1.0,60.0,1660,67.0
1086,326457415417028,21.7200097659952,target_lost_or_stale,106403,5645210143706,True,,2.7718614069296534,2.798816223749596,-0.1265625,-0.07916666666666666,4.991209758397982,-0.2963530794048802,106403,0.032750285987276584,2.7718614069296534,2.798816223749596,-0.1265625,-0.07916666666666666,-0.0965625,-0.049166666666666664,4.991209758397982,-0.2963530794048802,tracking,True,,False,False,-10.0,-1.4484374999999998,-4.916666666666666,1500,1583,1665,1489,2000,2000,1000,1000,-10.0,5.0,15.0,20.0,100.0,100.0,0.03,0.25,3,1.0,1.0,60.0,1660,67.0
1087,326457435386908,21.739979645994026,target_lost_or_stale,106404,5645242472388,True,,2.748046587055875,2.7758327318314473,-0.1265625,-0.0875,4.989268050012622,-0.3274207157820783,106404,0.019291925011202693,2.748046587055875,2.7758327318314473,-0.1265625,-0.0875,-0.0965625,-0.057499999999999996,4.989268050012622,-0.3274207157820783,tracking,True,,False,False,-10.0,-1.4484374999999998,-5.75,1500,1583,1664,1489,2000,2000,1000,1000,-10.0,5.0,15.0,20.0,100.0,100.0,0.03,0.25,3,1.0,1.0,60.0,1660,67.0
1088,326457455383339,21.759976077009924,target_lost_or_stale,106405,5645275497952,True,,2.72463768115942,2.7550963251169005,-0.125,-0.11041666666666666,4.982942906652653,-0.4126499594571728,106405,0.005820010032039136,2.72463768115942,2.7550963251169005,-0.125,-0.11041666666666666,-0.095,-0.08041666666666666,4.982942906652653,-0.4126499594571728,tracking,True,,False,False,-10.0,-1.425,-8.041666666666666,1500,1583,1662,1489,2000,2000,1000,1000,-10.0,5.0,15.0,20.0,100.0,100.0,0.03,0.25,3,1.0,1.0,60.0,1660,67.0
1089,326457475411814,21.78000455198344,target_lost_or_stale,106405,5645275497952,True,,2.72463768115942,2.7550963251169005,-0.125,-0.11041666666666666,4.982942906652653,-0.4126499594571728,106405,0.025848485005553812,2.72463768115942,2.7550963251169005,-0.125,-0.11041666666666666,-0.095,-0.08041666666666666,4.982942906652653,-0.4126499594571728,tracking,True,,False,False,-10.0,-1.425,-8.041666666666666,1500,1583,1662,1489,2000,2000,1000,1000,-10.0,5.0,15.0,20.0,100.0,100.0,0.03,0.25,3,1.0,1.0,60.0,1660,67.0
1090,326457495401638,21.79999437596416,target_lost_or_stale,106406,5645308423457,True,,2.702779757662152,2.7391733673926124,-0.11875,-0.15208333333333332,4.967788338085845,-0.5666383573129167,106406,0.012412735959514976,2.702779757662152,2.7391733673926124,-0.11875,-0.15208333333333332,-0.08875,-0.12208333333333332,4.967788338085845,-0.5666383573129167,tracking,True,,False,False,-10.0,-1.3312499999999998,-12.208333333333332,1500,1583,1658,1490,2000,2000,1000,1000,-10.0,5.0,15.0,20.0,100.0,100.0,0.03,0.25,3,1.0,1.0,60.0,1660,67.0
1091,326457515393779,21.819986516959034,target_lost_or_stale,106406,5645308423457,True,,2.702779757662152,2.7391733673926124,-0.11875,-0.15208333333333332,4.967788338085845,-0.5666383573129167,106406,0.03240487695438787,2.702779757662152,2.7391733673926124,-0.11875,-0.15208333333333332,-0.08875,-0.12208333333333332,4.967788338085845,-0.5666383573129167,tracking,True,,False,False,-10.0,-1.3312499999999998,-12.208333333333332,1500,1583,1658,1490,2000,2000,1000,1000,-10.0,5.0,15.0,20.0,100.0,100.0,0.03,0.25,3,1.0,1.0,60.0,1660,67.0
1092,326457535378706,21.83997144398745,target_lost_or_stale,106407,5645342127942,True,,2.6801233529576676,2.7287084293957733,-0.1125,-0.20625,4.9412320250311375,-0.7643468288720039,106407,0.018971604004036635,2.6801233529576676,2.7287084293957733,-0.1125,-0.20625,-0.0825,-0.17625,4.9412320250311375,-0.7643468288720039,tracking,True,,False,False,-10.0,-1.2375,-17.625,1500,1583,1653,1491,2000,2000,1000,1000,-10.0,5.0,15.0,20.0,100.0,100.0,0.03,0.25,3,1.0,1.0,60.0,1660,67.0
1093,326457555386121,21.859978858963586,target_lost_or_stale,106408,5645374225760,True,,2.6593103448275865,2.728683090021072,-0.1015625,-0.275,4.896929325573684,-1.0099916733995722,106408,0.005464395973831415,2.6593103448275865,2.728683090021072,-0.1015625,-0.275,-0.0715625,-0.24500000000000002,4.896929325573684,-1.0099916733995722,tracking,True,,False,False,-10.0,-1.0734375,-24.500000000000004,1500,1583,1646,1492,2000,2000,1000,1000,-10.0,5.0,15.0,20.0,100.0,100.0,0.03,0.25,3,1.0,1.0,60.0,1660,67.0
1094,326457575390233,21.87998297100421,target_lost_or_stale,106408,5645374225760,True,,2.6593103448275865,2.728683090021072,-0.1015625,-0.275,4.896929325573684,-1.0099916733995722,106408,0.025468508014455438,2.6593103448275865,2.728683090021072,-0.1015625,-0.275,-0.0715625,-0.24500000000000002,4.896929325573684,-1.0099916733995722,tracking,True,,False,False,-10.0,-1.0734375,-24.500000000000004,1500,1583,1646,1492,2000,2000,1000,1000,-10.0,5.0,15.0,20.0,100.0,100.0,0.03,0.25,3,1.0,1.0,60.0,1660,67.0
1095,326457595382454,21.89997519197641,target_lost_or_stale,106409,5645407177540,True,,2.641304347826087,2.7447812769133395,-0.0921875,-0.35625,4.830547759295654,-1.2906619794368075,106409,0.012046554998960346,2.641304347826087,2.7447812769133395,-0.0921875,-0.35625,-0.06218750000000001,-0.32625000000000004,4.830547759295654,-1.2906619794368075,tracking,True,,False,False,-10.0,-0.9328125,-32.62500000000001,1500,1583,1638,1493,2000,2000,1000,1000,-10.0,5.0,15.0,20.0,100.0,100.0,0.03,0.25,3,1.0,1.0,60.0,1660,67.0
1096,326457615538488,21.920131226012018,target_lost_or_stale,106409,5645407177540,True,,2.641304347826087,2.7447812769133395,-0.0921875,-0.35625,4.830547759295654,-1.2906619794368075,106409,0.03220258903456852,2.641304347826087,2.7447812769133395,-0.0921875,-0.35625,-0.06218750000000001,-0.32625000000000004,4.830547759295654,-1.2906619794368075,tracking,True,,False,False,-10.0,-0.9328125,-32.62500000000001,1500,1583,1638,1493,2000,2000,1000,1000,-10.0,5.0,15.0,20.0,100.0,100.0,0.03,0.25,3,1.0,1.0,60.0,1660,67.0
1097,326457635472875,21.94006561295828,target_lost_or_stale,106410,5645440381804,True,,2.6391528645126257,2.788120625036989,-0.0796875,-0.44166666666666665,4.746374625946702,-1.5722365948448447,106410,0.018668488948605955,2.6391528645126257,2.788120625036989,-0.0796875,-0.44166666666666665,-0.049687499999999996,-0.4116666666666666,4.746374625946702,-1.5722365948448447,tracking,True,,False,False,-10.0,-0.7453124999999999,-41.166666666666664,1500,1583,1629,1494,2000,2000,1000,1000,-10.0,5.0,15.0,20.0,100.0,100.0,0.03,0.25,3,1.0,1.0,60.0,1660,67.0
1098,326457655381832,21.959974569967017,target_lost_or_stale,106411,5645473241936,True,,2.6316144253454667,2.8365537066835262,-0.065625,-0.5291666666666667,4.647374518900192,-1.8444267621885144,106411,0.00514748296700418,2.6316144253454667,2.8365537066835262,-0.065625,-0.5291666666666667,-0.035625000000000004,-0.49916666666666665,4.647374518900192,-1.8444267621885144,tracking,True,,False,False,-10.0,-0.534375,-49.916666666666664,1500,1583,1620,1496,2000,2000,1000,1000,-10.0,5.0,15.0,20.0,100.0,100.0,0.03,0.25,3,1.0,1.0,60.0,1660,67.0
1099,326457675391613,21.979984350968152,target_lost_or_stale,106411,5645473241936,True,,2.6316144253454667,2.8365537066835262,-0.065625,-0.5291666666666667,4.647374518900192,-1.8444267621885144,106411,0.025157263968139887,2.6316144253454667,2.8365537066835262,-0.065625,-0.5291666666666667,-0.035625000000000004,-0.49916666666666665,4.647374518900192,-1.8444267621885144,tracking,True,,False,False,-10.0,-0.534375,-49.916666666666664,1500,1583,1620,1496,2000,2000,1000,1000,-10.0,5.0,15.0,20.0,100.0,100.0,0.03,0.25,3,1.0,1.0,60.0,1660,67.0
1100,326457695391011,21.99998374900315,target_lost_or_stale,106412,5645506199202,True,,2.603425559947299,2.8713391058921958,-0.05,-0.6166666666666667,4.538135203896576,-2.0988875318021663,106412,0.011655717040412128,2.603425559947299,2.8713391058921958,-0.05,-0.6166666666666667,-0.020000000000000004,-0.5866666666666667,4.538135203896576,-2.0988875318021663,tracking,True,,False,False,-10.0,-0.30000000000000004,-58.666666666666664,1500,1583,1612,1498,2000,2000,1000,1000,-10.0,5.0,15.0,20.0,100.0,100.0,0.03,0.25,3,1.0,1.0,60.0,1660,67.0
1101,326457715407484,22.020000221964438,target_lost_or_stale,106412,5645506199202,True,,2.603425559947299,2.8713391058921958,-0.05,-0.6166666666666667,4.538135203896576,-2.0988875318021663,106412,0.031672190001700073,2.603425559947299,2.8713391058921958,-0.05,-0.6166666666666667,-0.020000000000000004,-0.5866666666666667,4.538135203896576,-2.0988875318021663,tracking,True,,False,False,-10.0,-0.30000000000000004,-58.666666666666664,1500,1583,1612,1498,2000,2000,1000,1000,-10.0,5.0,15.0,20.0,100.0,100.0,0.03,0.25,3,1.0,1.0,60.0,1660,67.0
1102,326457735393707,22.039986444986425,target_lost_or_stale,106413,5645540014303,True,,2.573340195573855,2.9003304452460017,-0.034375,-0.6916666666666667,4.438352739215876,-2.3023954834682354,106413,0.018210296984761953,2.573340195573855,2.9003304452460017,-0.034375,-0.6916666666666667,-0.004375000000000004,-0.6616666666666666,4.438352739215876,-2.3023954834682354,tracking,True,,False,False,-10.0,-0.06562500000000006,-66.16666666666666,1500,1583,1604,1500,2000,2000,1000,1000,-10.0,5.0,15.0,20.0,100.0,100.0,0.03,0.25,3,1.0,1.0,60.0,1660,67.0
1103,326457755412800,22.060005537990946,target_lost_or_stale,106414,5645572277926,False,bounding box clipped by image edge,,,,,0.0,0.0,106413,0.038229389989282936,2.573340195573855,2.9003304452460017,-0.034375,-0.6916666666666667,-0.004375000000000004,-0.6616666666666666,4.438352739215876,-2.3023954834682354,tracking,True,,False,False,-10.0,-0.06562500000000006,-66.16666666666666,1500,1583,1604,1500,2000,2000,1000,1000,-10.0,5.0,15.0,20.0,100.0,100.0,0.03,0.25,3,1.0,1.0,60.0,1660,67.0
1104,326457775403475,22.07999621296767,target_lost_or_stale,106414,5645572277926,False,bounding box clipped by image edge,,,,,0.0,0.0,106413,0.05822006496600807,2.573340195573855,2.9003304452460017,-0.034375,-0.6916666666666667,-0.004375000000000004,-0.6616666666666666,4.438352739215876,-2.3023954834682354,tracking,True,,False,False,-10.0,-0.06562500000000006,-66.16666666666666,1500,1583,1604,1500,2000,2000,1000,1000,-10.0,5.0,15.0,20.0,100.0,100.0,0.03,0.25,3,1.0,1.0,60.0,1660,67.0
1105,326457795400975,22.09999371296726,target_lost_or_stale,106415,5645605096539,False,bounding box clipped by image edge,,,,,0.0,0.0,106413,0.07821756496559829,2.573340195573855,2.9003304452460017,-0.034375,-0.6916666666666667,-0.004375000000000004,-0.6616666666666666,4.438352739215876,-2.3023954834682354,tracking,True,,False,False,-10.0,-0.06562500000000006,-66.16666666666666,1500,1583,1604,1500,2000,2000,1000,1000,-10.0,5.0,15.0,20.0,100.0,100.0,0.03,0.25,3,1.0,1.0,60.0,1660,67.0
1106,326457815421014,22.120013751962688,target_lost_or_stale,106415,5645605096539,False,bounding box clipped by image edge,,,,,0.0,0.0,106413,0.09823760396102443,2.573340195573855,2.9003304452460017,-0.034375,-0.6916666666666667,-0.004375000000000004,-0.6616666666666666,4.438352739215876,-2.3023954834682354,tracking,True,,False,False,-10.0,-0.06562500000000006,-66.16666666666666,1500,1583,1604,1500,2000,2000,1000,1000,-10.0,5.0,15.0,20.0,100.0,100.0,0.03,0.25,3,1.0,1.0,60.0,1660,67.0
1107,326457835400433,22.139993170974776,target_lost_or_stale,106416,5645638203664,False,bounding box clipped by image edge,,,,,0.0,0.0,106413,0.11821702297311276,2.573340195573855,2.9003304452460017,-0.034375,-0.6916666666666667,-0.004375000000000004,-0.6616666666666666,4.438352739215876,-2.3023954834682354,tracking,True,,False,False,-10.0,-0.06562500000000006,-66.16666666666666,1500,1583,1604,1500,2000,2000,1000,1000,-10.0,5.0,15.0,20.0,100.0,100.0,0.03,0.25,3,1.0,1.0,60.0,1660,67.0
1108,326457855411506,22.16000424401136,target_lost_or_stale,106417,5645671267264,False,bounding box clipped by image edge,,,,,0.0,0.0,106413,0.13822809600969777,2.573340195573855,2.9003304452460017,-0.034375,-0.6916666666666667,-0.004375000000000004,-0.6616666666666666,4.438352739215876,-2.3023954834682354,tracking,True,,False,False,-10.0,-0.06562500000000006,-66.16666666666666,1500,1583,1604,1500,2000,2000,1000,1000,-10.0,5.0,15.0,20.0,100.0,100.0,0.03,0.25,3,1.0,1.0,60.0,1660,67.0
1109,326457875393625,22.1799863629858,target_lost_or_stale,106417,5645671267264,False,bounding box clipped by image edge,,,,,0.0,0.0,106413,0.15821021498413756,2.573340195573855,2.9003304452460017,-0.034375,-0.6916666666666667,-0.004375000000000004,-0.6616666666666666,4.438352739215876,-2.3023954834682354,tracking,True,,False,False,-10.0,-0.06562500000000006,-66.16666666666666,1500,1583,1604,1500,2000,2000,1000,1000,-10.0,5.0,15.0,20.0,100.0,100.0,0.03,0.25,3,1.0,1.0,60.0,1660,67.0
1110,326457895401809,22.199994547001552,target_lost_or_stale,106418,5645704279852,False,bounding box clipped by image edge,,,,,0.0,0.0,106413,0.17821839899988845,2.573340195573855,2.9003304452460017,-0.034375,-0.6916666666666667,-0.004375000000000004,-0.6616666666666666,4.438352739215876,-2.3023954834682354,tracking,True,,False,False,-10.0,-0.06562500000000006,-66.16666666666666,1500,1583,1604,1500,2000,2000,1000,1000,-10.0,5.0,15.0,20.0,100.0,100.0,0.03,0.25,3,1.0,1.0,60.0,1660,67.0
1111,326457915413331,22.220006068993825,target_lost_or_stale,106418,5645704279852,False,bounding box clipped by image edge,,,,,0.0,0.0,106413,0.19822992099216208,2.573340195573855,2.9003304452460017,-0.034375,-0.6916666666666667,-0.004375000000000004,-0.6616666666666666,4.438352739215876,-2.3023954834682354,tracking,True,,False,False,-10.0,-0.06562500000000006,-66.16666666666666,1500,1583,1604,1500,2000,2000,1000,1000,-10.0,5.0,15.0,20.0,100.0,100.0,0.03,0.25,3,1.0,1.0,60.0,1660,67.0
1112,326457935397495,22.239990232978016,target_lost_or_stale,106419,5645737420316,False,bounding box clipped by image edge,,,,,0.0,0.0,106413,0.21821408497635275,2.573340195573855,2.9003304452460017,-0.034375,-0.6916666666666667,-0.004375000000000004,-0.6616666666666666,4.438352739215876,-2.3023954834682354,tracking,True,,False,False,-10.0,-0.06562500000000006,-66.16666666666666,1500,1583,1604,1500,2000,2000,1000,1000,-10.0,5.0,15.0,20.0,100.0,100.0,0.03,0.25,3,1.0,1.0,60.0,1660,67.0
1113,326457955402795,22.25999553297879,target_lost_or_stale,106420,5645770348169,False,bounding box clipped by image edge,,,,,0.0,0.0,106413,0.23821938497712836,2.573340195573855,2.9003304452460017,-0.034375,-0.6916666666666667,-0.004375000000000004,-0.6616666666666666,4.438352739215876,-2.3023954834682354,tracking,True,,False,False,-10.0,-0.06562500000000006,-66.16666666666666,1500,1583,1604,1500,2000,2000,1000,1000,-10.0,5.0,15.0,20.0,100.0,100.0,0.03,0.25,3,1.0,1.0,60.0,1660,67.0
1114,326457975390510,22.279983247979544,target_lost_or_stale,106420,5645770348169,False,bounding box clipped by image edge,,,,,0.0,0.0,106413,0.2582070999778807,2.573340195573855,2.9003304452460017,-0.034375,-0.6916666666666667,-0.004375000000000004,-0.6616666666666666,4.438352739215876,-2.3023954834682354,tracking,False,target estimate is invalid or stale,True,False,0.0,0.0,0.0,1500,1500,1660,1500,2000,2000,1000,1000,-10.0,5.0,15.0,20.0,100.0,100.0,0.03,0.25,3,1.0,1.0,60.0,1660,67.0
